Transaction_ID,Line_ID,Entry_ID,Ledger_Side,Transaction_Date,Description,Ledger_Account_Number,Ledger_Account_Name,Subaccount_Code,Subaccount_Name,Department_Code,Department_Name,Debit_Amount,Credit_Amount,Counterpart_Account_Number,Counterpart_Account_Name,Counterpart_Subaccount_Code,Counterpart_Subaccount_Name,Counterpart_Department_Code,Counterpart_Department_Name,Balance,Month
,,,Opening,2021-06-01,* 月初残高,10A100020,普通預金,,,,,0,0,,,,,,,92267923,2021-06
,,,Opening,2021-06-01,* 月初残高,10A100040,貸倒引当金,,,,,0,0,,,,,,,1758018,2021-06
,,,Opening,2021-06-01,* 月初残高,10A100060,受取手形,,,,,0,0,,,,,,,71009377,2021-06
,,,Opening,2021-06-01,* 月初残高,10A100090,売掛金,,,,,0,0,,,,,,,60685384,2021-06
,,,Opening,2021-06-01,* 月初残高,10A100200,電子記録債権,,,,,0,0,,,,,,,0,2021-06
,,,Opening,2021-06-01,* 月初残高,10A100230,有価証券,,,,,0,0,,,,,,,1271350,2021-06
,,,Opening,2021-06-01,* 月初残高,10A100280,商品,,,,,0,0,,,,,,,63013226,2021-06
,,,Opening,2021-06-01,* 月初残高,10A100610,短期貸付金,,,,,0,0,,,,,,,400000,2021-06
,,,Opening,2021-06-01,* 月初残高,10A100800,差入保証金,,,,,0,0,,,,,,,1200000,2021-06
,,,Opening,2021-06-01,* 月初残高,10A100850,仮払消費税等,,,,,0,0,,,,,,,2762581,2021-06
,,,Opening,2021-06-01,* 月初残高,10A210130,構築物,,,,,0,0,,,,,,,3280000,2021-06
,,,Opening,2021-06-01,* 月初残高,10A210410,工具、器具及び備品,,,,,0,0,,,,,,,4779810,2021-06
,,,Opening,2021-06-01,* 月初残高,10A220190,電話加入権,,,,,0,0,,,,,,,512000,2021-06
,,,Opening,2021-06-01,* 月初残高,10A230570,保険積立金,,,,,0,0,,,,,,,1778000,2021-06
,,,Opening,2021-06-01,* 月初残高,10A230650,敷金,,,,,0,0,,,,,,,3140000,2021-06
,,,Opening,2021-06-01,* 月初残高,10B100030,支払手形,,,,,0,0,,,,,,,48133393,2021-06
,,,Opening,2021-06-01,* 月初残高,10B100040,買掛金,,,,,0,0,,,,,,,48084185,2021-06
,,,Opening,2021-06-01,* 月初残高,10B100320,賞与引当金,,,,,0,0,,,,,,,3368333,2021-06
,,,Opening,2021-06-01,* 月初残高,10B100630,未払金,,,,,0,0,,,,,,,7116470,2021-06
,,,Opening,2021-06-01,* 月初残高,10B100640,未払法人税等,,,,,0,0,,,,,,,0,2021-06
,,,Opening,2021-06-01,* 月初残高,10B100660,未払消費税等,,,,,0,0,,,,,,,0,2021-06
,,,Opening,2021-06-01,* 月初残高,10B100670,未払事業税等,,,,,0,0,,,,,,,0,2021-06
,,,Opening,2021-06-01,* 月初残高,10B100690,預り金,,,,,0,0,,,,,,,3359533,2021-06
,,,Opening,2021-06-01,* 月初残高,10B100790,短期借入金,,,,,0,0,,,,,,,6535000,2021-06
,,,Opening,2021-06-01,* 月初残高,10B100890,仮受消費税等,,,,,0,0,,,,,,,6540636,2021-06
,,,Opening,2021-06-01,* 月初残高,10B200080,長期借入金,,,,,0,0,,,,,,,37343150,2021-06
,,,Opening,2021-06-01,* 月初残高,10B200120,退職給付引当金,,,,,0,0,,,,,,,18560000,2021-06
,,,Opening,2021-06-01,* 月初残高,10B200130,役員退職慰労引当金,,,,,0,0,,,,,,,22000000,2021-06
,,,Opening,2021-06-01,* 月初残高,10C110010,資本金,,,,,0,0,,,,,,,10000000,2021-06
,,,Opening,2021-06-01,* 月初残高,10C120020,資本準備金,,,,,0,0,,,,,,,0,2021-06
,,,Opening,2021-06-01,* 月初残高,10C130020,利益準備金,,,,,0,0,,,,,,,7200000,2021-06
,,,Opening,2021-06-01,* 月初残高,10C130360,別途積立金,,,,,0,0,,,,,,,4830000,2021-06
,,,Opening,2021-06-01,* 月初残高,10C130370,繰越利益剰余金,,,,,0,0,,,,,,,82709171,2021-06
,,,Opening,2021-06-01,* 月初残高,10D100100,総売上高,,,,,0,0,,,,,,,121527464,2021-06
,,,Opening,2021-06-01,* 月初残高,10D100110,売上値引及び戻り高,,,,,0,0,,,,,,,672400,2021-06
,,,Opening,2021-06-01,* 月初残高,10E100100,商品期首たな卸高,,,,,0,0,,,,,,,0,2021-06
,,,Opening,2021-06-01,* 月初残高,10E100120,仕入値引及び戻し高,,,,,0,0,,,,,,,434369,2021-06
,,,Opening,2021-06-01,* 月初残高,10E100130,当期商品仕入高,,,,,0,0,,,,,,,72937263,2021-06
,,,Opening,2021-06-01,* 月初残高,10E100140,商品期末たな卸高,,,,,0,0,,,,,,,0,2021-06
,,,Opening,2021-06-01,* 月初残高,10E200020,販売手数料,,,,,0,0,,,,,,,4308500,2021-06
,,,Opening,2021-06-01,* 月初残高,10E200050,広告宣伝費,,,,,0,0,,,,,,,368700,2021-06
,,,Opening,2021-06-01,* 月初残高,10E200090,役員報酬,,,,,0,0,,,,,,,3440000,2021-06
,,,Opening,2021-06-01,* 月初残高,10E200130,賞与,,,,,0,0,,,,,,,1347333,2021-06
,,,Opening,2021-06-01,* 月初残高,10E200140,福利厚生費,,,,,0,0,,,,,,,705616,2021-06
,,,Opening,2021-06-01,* 月初残高,10E200150,交際費,,,,,0,0,,,,,,,820943,2021-06
,,,Opening,2021-06-01,* 月初残高,10E200180,通信費,,,,,0,0,,,,,,,2485305,2021-06
,,,Opening,2021-06-01,* 月初残高,10E200200,消耗品費,,,,,0,0,,,,,,,622269,2021-06
,,,Opening,2021-06-01,* 月初残高,10E200210,租税公課,,,,,0,0,,,,,,,122000,2021-06
,,,Opening,2021-06-01,* 月初残高,10E200220,減価償却費,,,,,0,0,,,,,,,0,2021-06
,,,Opening,2021-06-01,* 月初残高,10E200240,保険料,,,,,0,0,,,,,,,637640,2021-06
,,,Opening,2021-06-01,* 月初残高,10E200370,給料及び手当,,,,,0,0,,,,,,,11217982,2021-06
,,,Opening,2021-06-01,* 月初残高,10E200520,雑給,,,,,0,0,,,,,,,628137,2021-06
,,,Opening,2021-06-01,* 月初残高,10E200540,法定福利費,,,,,0,0,,,,,,,1508411,2021-06
,,,Opening,2021-06-01,* 月初残高,10E200600,支払報酬,,,,,0,0,,,,,,,279420,2021-06
,,,Opening,2021-06-01,* 月初残高,10E200690,支払手数料,,,,,0,0,,,,,,,22994,2021-06
,,,Opening,2021-06-01,* 月初残高,10E200720,地代家賃,,,,,0,0,,,,,,,6898000,2021-06
,,,Opening,2021-06-01,* 月初残高,10E200730,借地借家料,,,,,0,0,,,,,,,587700,2021-06
,,,Opening,2021-06-01,* 月初残高,10E200870,運賃,,,,,0,0,,,,,,,7150301,2021-06
,,,Opening,2021-06-01,* 月初残高,10E201000,修繕維持費,,,,,0,0,,,,,,,158550,2021-06
,,,Opening,2021-06-01,* 月初残高,10E201040,水道光熱費,,,,,0,0,,,,,,,1260816,2021-06
,,,Opening,2021-06-01,* 月初残高,10E201110,事務用消耗品費,,,,,0,0,,,,,,,290863,2021-06
,,,Opening,2021-06-01,* 月初残高,10E201120,車両費,,,,,0,0,,,,,,,1220200,2021-06
,,,Opening,2021-06-01,* 月初残高,10E201130,会議費,,,,,0,0,,,,,,,80469,2021-06
,,,Opening,2021-06-01,* 月初残高,10E201140,諸会費,,,,,0,0,,,,,,,232000,2021-06
,,,Opening,2021-06-01,* 月初残高,10E201160,図書費,,,,,0,0,,,,,,,49964,2021-06
,,,Opening,2021-06-01,* 月初残高,10E201230,旅費及び交通費,,,,,0,0,,,,,,,2172943,2021-06
,,,Opening,2021-06-01,* 月初残高,10E201270,雑費,,,,,0,0,,,,,,,963951,2021-06
,,,Opening,2021-06-01,* 月初残高,10E300020,支払利息,,,,,0,0,,,,,,,209401,2021-06
,,,Opening,2021-06-01,* 月初残高,10F100070,法人税、住民税及び事業税,,,,,0,0,,,,,,,0,2021-06
490,1,106,Debit,2021-06-01,食事代 架空店舗006 4名,10E200150,交際費,,,040,大阪支店,7267,0,10A100020,現金,,,,,828210,2021-06
490,1,106,Credit,2021-06-01,食事代 架空店舗006 4名,10A100020,現金,,,000,共通部門,0,7267,10E200150,交際費,,,,,92260656,2021-06
490,2,106,Debit,2021-06-01,飲食代 架空店舗022,10E200150,交際費,,,040,大阪支店,20629,0,10A100020,現金,,,,,848839,2021-06
490,2,106,Credit,2021-06-01,飲食代 架空店舗022,10A100020,現金,,,000,共通部門,0,20629,10E200150,交際費,,,,,92240027,2021-06
491,1,147,Debit,2021-06-01,ガソリン代,10E201120,車両費,,,050,九州営業所,5416,0,10B100630,未払金,,,,,1225616,2021-06
491,1,147,Credit,2021-06-01,ガソリン代,10B100630,未払金,,,000,共通部門,0,5416,10E201120,車両費,,,,,7121886,2021-06
491,2,147,Debit,2021-06-01,高速代,10E201120,車両費,,,050,九州営業所,572,0,10B100630,未払金,,,,,1226188,2021-06
491,2,147,Credit,2021-06-01,高速代,10B100630,未払金,,,000,共通部門,0,572,10E201120,車両費,,,,,7122458,2021-06
489,1,94,Debit,2021-06-01,お茶代,10E201270,雑費,,,030,名古屋支店,3150,0,10A100020,現金,,,,,967101,2021-06
489,1,94,Credit,2021-06-01,お茶代,10A100020,現金,,,000,共通部門,0,3150,10E201270,雑費,,,,,92236877,2021-06
492,1,10,Debit,2021-06-02,ガソリン代,10E201120,車両費,,,010,札幌営業所,4224,0,10A100020,現金,,,,,1230412,2021-06
492,1,10,Credit,2021-06-02,ガソリン代,10A100020,現金,,,000,共通部門,0,4224,10E201120,車両費,,,,,92232653,2021-06
493,1,18,Debit,2021-06-02,旅費,10E201230,旅費及び交通費,,,010,札幌営業所,21700,0,10A100020,現金,,,,,2194643,2021-06
493,1,18,Credit,2021-06-02,旅費,10A100020,現金,,,000,共通部門,0,21700,10E201230,旅費及び交通費,,,,,92210953,2021-06
494,1,42,Debit,2021-06-02,昼食代 架空店舗066 3名,10E200150,交際費,,,020,東京支店,3420,0,10A100020,現金,,,,,852259,2021-06
494,1,42,Credit,2021-06-02,昼食代 架空店舗066 3名,10A100020,現金,,,000,共通部門,0,3420,10E200150,交際費,,,,,92207533,2021-06
495,1,56,Debit,2021-06-02,旅費,10E201230,旅費及び交通費,,,020,東京支店,32600,0,10A100020,現金,,,,,2227243,2021-06
495,1,56,Credit,2021-06-02,旅費,10A100020,現金,,,000,共通部門,0,32600,10E201230,旅費及び交通費,,,,,92174933,2021-06
496,1,77,Debit,2021-06-02,ゴルフプレー代,10E200150,交際費,,,010,札幌営業所,6800,0,10A100020,現金,,,,,859059,2021-06
496,1,77,Credit,2021-06-02,ゴルフプレー代,10A100020,現金,,,000,共通部門,0,6800,10E200150,交際費,,,,,92168133,2021-06
498,1,161,Debit,2021-06-04,旅費,10E201230,旅費及び交通費,,,050,九州営業所,7500,0,10A100020,現金,,,,,2234743,2021-06
498,1,161,Credit,2021-06-04,旅費,10A100020,現金,,,000,共通部門,0,7500,10E201230,旅費及び交通費,,,,,92160633,2021-06
497,1,19,Debit,2021-06-04,旅費,10E201230,旅費及び交通費,,,010,札幌営業所,15000,0,10A100020,現金,,,,,2249743,2021-06
497,1,19,Credit,2021-06-04,旅費,10A100020,現金,,,000,共通部門,0,15000,10E201230,旅費及び交通費,,,,,92145633,2021-06
502,1,133,Debit,2021-06-05,税理士報酬,10E200600,支払報酬,,,020,東京支店,139710,0,10A100020,普通預金,,,,,419130,2021-06
502,1,133,Credit,2021-06-05,税理士報酬,10A100020,普通預金,20,ABC銀行 本店,000,共通部門,0,139710,10E200600,支払報酬,,,,,92005923,2021-06
499,1,94,Debit,2021-06-05,6月5日伝票No230株式会社豊原産業,10A100020,普通預金,50,MNO銀行 北九州,000,共通部門,1295176,0,10A100090,売掛金,,,,,93301099,2021-06
499,1,94,Credit,2021-06-05,6月5日伝票No230株式会社豊原産業,10A100090,売掛金,22,株式会社豊原産業,000,共通部門,0,1295176,10A100020,普通預金,,,,,59390208,2021-06
499,2,94,Debit,2021-06-05,6月5日伝票No230株式会社豊原産業,10E200690,支払手数料,,,050,九州営業所,472,0,10A100090,売掛金,,,,,23466,2021-06
499,2,94,Credit,2021-06-05,6月5日伝票No230株式会社豊原産業,10A100090,売掛金,22,株式会社豊原産業,000,共通部門,0,472,10E200690,支払手数料,,,,,59389736,2021-06
500,1,95,Debit,2021-06-05,6月5日伝票No231若松販売株式会社,10A100020,普通預金,20,ABC銀行 本店,000,共通部門,1130472,0,10A100090,売掛金,,,,,94431571,2021-06
500,1,95,Credit,2021-06-05,6月5日伝票No231若松販売株式会社,10A100090,売掛金,26,若松販売株式会社,000,共通部門,0,1130472,10A100020,普通預金,,,,,58259264,2021-06
500,2,95,Debit,2021-06-05,6月5日伝票No231若松販売株式会社,10E200690,支払手数料,,,020,東京支店,472,0,10A100090,売掛金,,,,,23938,2021-06
500,2,95,Credit,2021-06-05,6月5日伝票No231若松販売株式会社,10A100090,売掛金,26,若松販売株式会社,000,共通部門,0,472,10E200690,支払手数料,,,,,58258792,2021-06
501,1,96,Debit,2021-06-05,6月5日伝票No232晴海物産株式会社,10A100020,普通預金,30,GHI銀行 名古屋,000,共通部門,764268,0,10A100090,売掛金,,,,,95195839,2021-06
501,1,96,Credit,2021-06-05,6月5日伝票No232晴海物産株式会社,10A100090,売掛金,27,晴海物産株式会社,000,共通部門,0,764268,10A100020,普通預金,,,,,57494524,2021-06
505,1,110,Debit,2021-06-06,タクシー代,10E201230,旅費及び交通費,,,040,大阪支店,2290,0,10A100020,現金,,,,,2252033,2021-06
505,1,110,Credit,2021-06-06,タクシー代,10A100020,現金,,,000,共通部門,0,2290,10E201230,旅費及び交通費,,,,,95193549,2021-06
506,1,122,Debit,2021-06-06,証明書発行手数料,10E200180,通信費,,,040,大阪支店,1050,0,10A100020,現金,,,,,2486355,2021-06
506,1,122,Credit,2021-06-06,証明書発行手数料,10A100020,現金,,,000,共通部門,0,1050,10E200180,通信費,,,,,95192499,2021-06
507,1,142,Debit,2021-06-06,ガソリン代,10E201120,車両費,,,040,大阪支店,6267,0,10A100020,現金,,,,,1236679,2021-06
507,1,142,Credit,2021-06-06,ガソリン代,10A100020,現金,,,000,共通部門,0,6267,10E201120,車両費,,,,,95186232,2021-06
507,2,142,Debit,2021-06-06,高速代,10E201120,車両費,,,040,大阪支店,1572,0,10A100020,現金,,,,,1238251,2021-06
507,2,142,Credit,2021-06-06,高速代,10A100020,現金,,,000,共通部門,0,1572,10E201120,車両費,,,,,95184660,2021-06
507,3,142,Debit,2021-06-06,駐車代,10E201120,車両費,,,040,大阪支店,620,0,10A100020,現金,,,,,1238871,2021-06
507,3,142,Credit,2021-06-06,駐車代,10A100020,現金,,,000,共通部門,0,620,10E201120,車両費,,,,,95184040,2021-06
507,4,142,Debit,2021-06-06,洗車代,10E201120,車両費,,,040,大阪支店,1000,0,10A100020,現金,,,,,1239871,2021-06
507,4,142,Credit,2021-06-06,洗車代,10A100020,現金,,,000,共通部門,0,1000,10E201120,車両費,,,,,95183040,2021-06
503,1,20,Debit,2021-06-06,航空券代,10E201230,旅費及び交通費,,,010,札幌営業所,41000,0,10A100020,現金,,,,,2293033,2021-06
503,1,20,Credit,2021-06-06,航空券代,10A100020,現金,,,000,共通部門,0,41000,10E201230,旅費及び交通費,,,,,95142040,2021-06
504,1,84,Debit,2021-06-06,切手代,10E200180,通信費,,,030,名古屋支店,4000,0,10A100020,現金,,,,,2490355,2021-06
504,1,84,Credit,2021-06-06,切手代,10A100020,現金,,,000,共通部門,0,4000,10E200180,通信費,,,,,95138040,2021-06
512,1,141,Debit,2021-06-07,架空鉄道会社A代,10E201230,旅費及び交通費,,,040,大阪支店,16000,0,10A100020,現金,,,,,2309033,2021-06
512,1,141,Credit,2021-06-07,架空鉄道会社A代,10A100020,現金,,,000,共通部門,0,16000,10E201230,旅費及び交通費,,,,,95122040,2021-06
508,1,22,Debit,2021-06-07,旅費,10E201230,旅費及び交通費,,,010,札幌営業所,50000,0,10A100020,現金,,,,,2359033,2021-06
508,1,22,Credit,2021-06-07,旅費,10A100020,現金,,,000,共通部門,0,50000,10E201230,旅費及び交通費,,,,,95072040,2021-06
509,1,58,Debit,2021-06-07,旅費,10E201230,旅費及び交通費,,,020,東京支店,70000,0,10A100020,現金,,,,,2429033,2021-06
509,1,58,Credit,2021-06-07,旅費,10A100020,現金,,,000,共通部門,0,70000,10E201230,旅費及び交通費,,,,,95002040,2021-06
510,1,69,Debit,2021-06-07,電池代,10E201270,雑費,,,020,東京支店,1332,0,10A100020,現金,,,,,968433,2021-06
510,1,69,Credit,2021-06-07,電池代,10A100020,現金,,,000,共通部門,0,1332,10E201270,雑費,,,,,95000708,2021-06
510,2,69,Debit,2021-06-07,洗剤等,10E201270,雑費,,,020,東京支店,1758,0,10A100020,現金,,,,,970191,2021-06
510,2,69,Credit,2021-06-07,洗剤等,10A100020,現金,,,000,共通部門,0,1758,10E201270,雑費,,,,,94998950,2021-06
511,1,78,Debit,2021-06-07,ゴルフプレー代,10E200150,交際費,,,010,札幌営業所,12600,0,10A100020,現金,,,,,871659,2021-06
511,1,78,Credit,2021-06-07,ゴルフプレー代,10A100020,現金,,,000,共通部門,0,12600,10E200150,交際費,,,,,94986350,2021-06
515,1,149,Debit,2021-06-08,コーヒー代,10E200150,交際費,,,030,名古屋支店,1260,0,10A100020,現金,,,,,872919,2021-06
515,1,149,Credit,2021-06-08,コーヒー代,10A100020,現金,,,000,共通部門,0,1260,10E200150,交際費,,,,,94985090,2021-06
513,1,50,Debit,2021-06-08,高速代,10E201120,車両費,,,020,東京支店,1200,0,10A100020,現金,,,,,1241071,2021-06
513,1,50,Credit,2021-06-08,高速代,10A100020,現金,,,000,共通部門,0,1200,10E201120,車両費,,,,,94983890,2021-06
514,1,85,Debit,2021-06-08,旅費,10E201230,旅費及び交通費,,,030,名古屋支店,8200,0,10A100020,現金,,,,,2437233,2021-06
514,1,85,Credit,2021-06-08,旅費,10A100020,現金,,,000,共通部門,0,8200,10E201230,旅費及び交通費,,,,,94975690,2021-06
519,1,112,Debit,2021-06-09,電話代,10E200180,通信費,,,040,大阪支店,215577,0,10A100020,普通預金,,,,,2705932,2021-06
519,1,112,Credit,2021-06-09,電話代,10A100020,普通預金,40,JKL銀行 梅田,000,共通部門,0,215577,10E200180,通信費,,,,,94760113,2021-06
520,1,129,Debit,2021-06-09,家賃支払い,10E200720,地代家賃,,,030,名古屋支店,399000,0,10A100020,普通預金,,,,,7297000,2021-06
520,1,129,Credit,2021-06-09,家賃支払い,10A100020,普通預金,30,GHI銀行 名古屋,000,共通部門,0,399000,10E200720,地代家賃,,,,,94361113,2021-06
521,1,167,Debit,2021-06-09,家賃支払い,10E200720,地代家賃,,,050,九州営業所,630000,0,10A100020,普通預金,,,,,7927000,2021-06
521,1,167,Credit,2021-06-09,家賃支払い,10A100020,普通預金,50,MNO銀行 北九州,000,共通部門,0,630000,10E200720,地代家賃,,,,,93731113,2021-06
521,2,167,Debit,2021-06-09,電話代,10E200180,通信費,,,050,九州営業所,149355,0,10A100020,普通預金,,,,,2855287,2021-06
521,2,167,Credit,2021-06-09,電話代,10A100020,普通預金,50,MNO銀行 北九州,000,共通部門,0,149355,10E200180,通信費,,,,,93581758,2021-06
516,1,33,Debit,2021-06-09,家賃支払い,10E200720,地代家賃,,,010,札幌営業所,320000,0,10A100020,普通預金,,,,,8247000,2021-06
516,1,33,Credit,2021-06-09,家賃支払い,10A100020,普通預金,10,DEF銀行 駅前,000,共通部門,0,320000,10E200720,地代家賃,,,,,93261758,2021-06
516,2,33,Debit,2021-06-09,電話代,10E200180,通信費,,,010,札幌営業所,123450,0,10A100020,普通預金,,,,,2978737,2021-06
516,2,33,Credit,2021-06-09,電話代,10A100020,普通預金,10,DEF銀行 駅前,000,共通部門,0,123450,10E200180,通信費,,,,,93138308,2021-06
517,1,70,Debit,2021-06-09,家賃支払,10E200720,地代家賃,,,020,東京支店,1260000,0,10A100020,普通預金,,,,,9507000,2021-06
517,1,70,Credit,2021-06-09,家賃支払,10A100020,普通預金,20,ABC銀行 本店,000,共通部門,0,1260000,10E200720,地代家賃,,,,,91878308,2021-06
518,1,71,Debit,2021-06-09,家賃支払,10E200720,地代家賃,,,040,大阪支店,840000,0,10A100020,普通預金,,,,,10347000,2021-06
518,1,71,Credit,2021-06-09,家賃支払,10A100020,普通預金,40,JKL銀行 梅田,000,共通部門,0,840000,10E200720,地代家賃,,,,,91038308,2021-06
534,1,100,Debit,2021-06-10,6月10日伝票No496株式会社花咲商事東京本社,10A100020,普通預金,20,ABC銀行 本店,000,共通部門,7243522,0,10A100090,売掛金,,,,,98281830,2021-06
534,1,100,Credit,2021-06-10,6月10日伝票No496株式会社花咲商事東京本社,10A100090,売掛金,14,株式会社花咲商事,000,共通部門,0,7243522,10A100020,普通預金,,,,,50251002,2021-06
534,2,100,Debit,2021-06-10,6月10日伝票No496株式会社花咲商事東京本社,10E200690,支払手数料,,,020,東京支店,840,0,10A100090,売掛金,,,,,24778,2021-06
534,2,100,Credit,2021-06-10,6月10日伝票No496株式会社花咲商事東京本社,10A100090,売掛金,14,株式会社花咲商事,000,共通部門,0,840,10E200690,支払手数料,,,,,50250162,2021-06
535,1,101,Debit,2021-06-10,6月10日伝票No155青凪商事株式会社,10B100040,買掛金,3,青凪商事株式会社,000,共通部門,2293326,0,10B100030,支払手形,,,,,45790859,2021-06
535,1,101,Credit,2021-06-10,6月10日伝票No155青凪商事株式会社,10B100030,支払手形,,,000,共通部門,0,2293326,10B100040,買掛金,,,,,50426719,2021-06
536,1,102,Debit,2021-06-10,6月10日伝票No156株式会社白樺商事,10B100040,買掛金,8,株式会社白樺商事,000,共通部門,350582,0,10A100020,普通預金,,,,,45440277,2021-06
536,1,102,Credit,2021-06-10,6月10日伝票No156株式会社白樺商事,10A100020,普通預金,20,ABC銀行 本店,000,共通部門,0,350582,10B100040,買掛金,,,,,97931248,2021-06
537,1,145,Debit,2021-06-10,手形期日落日 青凪商事株式会社,10B100030,支払手形,,,000,共通部門,5714131,0,10A100020,当座預金,,,,,44712588,2021-06
537,1,145,Credit,2021-06-10,手形期日落日 青凪商事株式会社,10A100020,当座預金,1,ABC銀行,000,共通部門,0,5714131,10B100030,支払手形,,,,,92217117,2021-06
538,1,162,Debit,2021-06-10,会議　食事代,10E201130,会議費,,,020,東京支店,24995,0,10A100020,現金,,,,,105464,2021-06
538,1,162,Credit,2021-06-10,会議　食事代,10A100020,現金,,,000,共通部門,0,24995,10E201130,会議費,,,,,92192122,2021-06
539,1,168,Debit,2021-06-10,有線,10E201270,雑費,,,050,九州営業所,6000,0,10B100630,未払金,,,,,976191,2021-06
539,1,168,Credit,2021-06-10,有線,10B100630,未払金,,,000,共通部門,0,6000,10E201270,雑費,,,,,7128458,2021-06
539,2,168,Debit,2021-06-10,警備料,10E201270,雑費,,,050,九州営業所,42858,0,10B100630,未払金,,,,,1019049,2021-06
539,2,168,Credit,2021-06-10,警備料,10B100630,未払金,,,000,共通部門,0,42858,10E201270,雑費,,,,,7171316,2021-06
522,1,21,Debit,2021-06-10,架空鉄道会社A代,10E201230,旅費及び交通費,,,010,札幌営業所,64580,0,10A100020,現金,,,,,2501813,2021-06
522,1,21,Credit,2021-06-10,架空鉄道会社A代,10A100020,現金,,,000,共通部門,0,64580,10E201230,旅費及び交通費,,,,,92127542,2021-06
523,1,44,Debit,2021-06-10,コーヒー代2名,10E200150,交際費,,,020,東京支店,1260,0,10A100020,現金,,,,,874179,2021-06
523,1,44,Credit,2021-06-10,コーヒー代2名,10A100020,現金,,,000,共通部門,0,1260,10E200150,交際費,,,,,92126282,2021-06
524,1,57,Debit,2021-06-10,架空鉄道会社A代,10E201230,旅費及び交通費,,,020,東京支店,65870,0,10A100020,現金,,,,,2567683,2021-06
524,1,57,Credit,2021-06-10,架空鉄道会社A代,10A100020,現金,,,000,共通部門,0,65870,10E201230,旅費及び交通費,,,,,92060412,2021-06
525,1,64,Debit,2021-06-10,引き出し,10A100020,現金,,,000,共通部門,1000000,0,10A100020,当座預金,,,,,93060412,2021-06
525,1,64,Credit,2021-06-10,引き出し,10A100020,当座預金,1,ABC銀行,000,共通部門,0,1000000,10A100020,現金,,,,,92060412,2021-06
526,1,68,Debit,2021-06-10,源泉税支払,10B100690,預り金,3,源泉税,000,共通部門,258593,0,10A100020,普通預金,,,,,3100940,2021-06
526,1,68,Credit,2021-06-10,源泉税支払,10A100020,普通預金,20,ABC銀行 本店,000,共通部門,0,258593,10B100690,預り金,,,,,91801819,2021-06
526,2,68,Debit,2021-06-10,住民税支払,10B100690,預り金,2,住民税,000,共通部門,462300,0,10A100020,普通預金,,,,,2638640,2021-06
526,2,68,Credit,2021-06-10,住民税支払,10A100020,普通預金,20,ABC銀行 本店,000,共通部門,0,462300,10B100690,預り金,,,,,91339519,2021-06
527,1,72,Debit,2021-06-10,有線,10E201270,雑費,,,010,札幌営業所,5000,0,10B100630,未払金,,,,,1024049,2021-06
527,1,72,Credit,2021-06-10,有線,10B100630,未払金,,,000,共通部門,0,5000,10E201270,雑費,,,,,7176316,2021-06
527,2,72,Debit,2021-06-10,警備料,10E201270,雑費,,,010,札幌営業所,34286,0,10B100630,未払金,,,,,1058335,2021-06
527,2,72,Credit,2021-06-10,警備料,10B100630,未払金,,,000,共通部門,0,34286,10E201270,雑費,,,,,7210602,2021-06
528,1,76,Debit,2021-06-10,社員夜食代,10E200140,福利厚生費,,,020,東京支店,12500,0,10B100630,未払金,,,,,718116,2021-06
528,1,76,Credit,2021-06-10,社員夜食代,10B100630,未払金,,,000,共通部門,0,12500,10E200140,福利厚生費,,,,,7223102,2021-06
529,1,85,Debit,2021-06-10,電話代,10E200180,通信費,,,030,名古屋支店,76546,0,10A100020,普通預金,,,,,3055283,2021-06
529,1,85,Credit,2021-06-10,電話代,10A100020,普通預金,30,GHI銀行 名古屋,000,共通部門,0,76546,10E200180,通信費,,,,,91262973,2021-06
530,1,86,Debit,2021-06-10,タクシー代,10E201230,旅費及び交通費,,,030,名古屋支店,5050,0,10A100020,現金,,,,,2572733,2021-06
530,1,86,Credit,2021-06-10,タクシー代,10A100020,現金,,,000,共通部門,0,5050,10E201230,旅費及び交通費,,,,,91257923,2021-06
531,1,97,Debit,2021-06-10,6月10日伝票No233株式会社南風商会,10A100020,普通預金,30,GHI銀行 名古屋,000,共通部門,1011837,0,10A100090,売掛金,,,,,92269760,2021-06
531,1,97,Credit,2021-06-10,6月10日伝票No233株式会社南風商会,10A100090,売掛金,19,株式会社南風商会,000,共通部門,0,1011837,10A100020,普通預金,,,,,49238325,2021-06
531,2,97,Debit,2021-06-10,6月10日伝票No233株式会社南風商会,10E200690,支払手数料,,,030,名古屋支店,735,0,10A100090,売掛金,,,,,25513,2021-06
531,2,97,Credit,2021-06-10,6月10日伝票No233株式会社南風商会,10A100090,売掛金,19,株式会社南風商会,000,共通部門,0,735,10E200690,支払手数料,,,,,49237590,2021-06
532,1,98,Debit,2021-06-10,6月10日伝票No234株式会社青葉百貨店 | 売上伝票=20210531-117;手形番号=R20210610-98-28,10A100060,受取手形,,,000,共通部門,6707128,0,10A100090,売掛金,,,,,77716505,2021-06
532,1,98,Credit,2021-06-10,6月10日伝票No234株式会社青葉百貨店 | 売上伝票=20210531-117;手形番号=R20210610-98-28,10A100090,売掛金,28,株式会社青葉百貨店,000,共通部門,0,6707128,10A100060,受取手形,,,,,42530462,2021-06
533,1,99,Debit,2021-06-10,6月10日伝票No474青凪商事株式会社,10B100040,買掛金,3,青凪商事株式会社,000,共通部門,733365,0,10A100090,売掛金,,,,,44706912,2021-06
533,1,99,Credit,2021-06-10,6月10日伝票No474青凪商事株式会社,10A100090,売掛金,3,青凪商事株式会社,000,共通部門,0,733365,10B100040,買掛金,,,,,41797097,2021-06
544,1,158,Debit,2021-06-11,出張旅費,10E201230,旅費及び交通費,,,040,大阪支店,22000,0,10A100020,現金,,,,,2594733,2021-06
544,1,158,Credit,2021-06-11,出張旅費,10A100020,現金,,,000,共通部門,0,22000,10E201230,旅費及び交通費,,,,,92247760,2021-06
541,1,23,Debit,2021-06-11,旅費,10E201230,旅費及び交通費,,,010,札幌営業所,30000,0,10A100020,現金,,,,,2624733,2021-06
541,1,23,Credit,2021-06-11,旅費,10A100020,現金,,,000,共通部門,0,30000,10E201230,旅費及び交通費,,,,,92217760,2021-06
541,2,23,Debit,2021-06-11,旅費,10E201230,旅費及び交通費,,,010,札幌営業所,28381,0,10A100020,現金,,,,,2653114,2021-06
541,2,23,Credit,2021-06-11,旅費,10A100020,現金,,,000,共通部門,0,28381,10E201230,旅費及び交通費,,,,,92189379,2021-06
541,3,23,Debit,2021-06-11,旅費,10E201230,旅費及び交通費,,,010,札幌営業所,39620,0,10A100020,現金,,,,,2692734,2021-06
541,3,23,Credit,2021-06-11,旅費,10A100020,現金,,,000,共通部門,0,39620,10E201230,旅費及び交通費,,,,,92149759,2021-06
540,1,8,Debit,2021-06-11,食事代　昼食3名,10E200150,交際費,,,010,札幌営業所,6570,0,10A100020,現金,,,,,880749,2021-06
540,1,8,Credit,2021-06-11,食事代　昼食3名,10A100020,現金,,,000,共通部門,0,6570,10E200150,交際費,,,,,92143189,2021-06
542,1,87,Debit,2021-06-11,旅費,10E201230,旅費及び交通費,,,030,名古屋支店,10500,0,10A100020,現金,,,,,2703234,2021-06
542,1,87,Credit,2021-06-11,旅費,10A100020,現金,,,000,共通部門,0,10500,10E201230,旅費及び交通費,,,,,92132689,2021-06
543,1,88,Debit,2021-06-11,架空鉄道会社A代,10E201230,旅費及び交通費,,,030,名古屋支店,11000,0,10A100020,現金,,,,,2714234,2021-06
543,1,88,Credit,2021-06-11,架空鉄道会社A代,10A100020,現金,,,000,共通部門,0,11000,10E201230,旅費及び交通費,,,,,92121689,2021-06
546,1,159,Debit,2021-06-12,タクシー代,10E201230,旅費及び交通費,,,050,九州営業所,7420,0,10A100020,現金,,,,,2721654,2021-06
546,1,159,Credit,2021-06-12,タクシー代,10A100020,現金,,,000,共通部門,0,7420,10E201230,旅費及び交通費,,,,,92114269,2021-06
545,1,7,Debit,2021-06-12,食事代 架空店舗069,10E200150,交際費,,,010,札幌営業所,7562,0,10A100020,現金,,,,,888311,2021-06
545,1,7,Credit,2021-06-12,食事代 架空店舗069,10A100020,現金,,,000,共通部門,0,7562,10E200150,交際費,,,,,92106707,2021-06
545,2,7,Debit,2021-06-12,飲食代 架空店舗017,10E200150,交際費,,,010,札幌営業所,25704,0,10A100020,現金,,,,,914015,2021-06
545,2,7,Credit,2021-06-12,飲食代 架空店舗017,10A100020,現金,,,000,共通部門,0,25704,10E200150,交際費,,,,,92081003,2021-06
548,1,143,Debit,2021-06-13,ガソリン代,10E201120,車両費,,,040,大阪支店,7248,0,10A100020,現金,,,,,1248319,2021-06
548,1,143,Credit,2021-06-13,ガソリン代,10A100020,現金,,,000,共通部門,0,7248,10E201120,車両費,,,,,92073755,2021-06
549,1,150,Debit,2021-06-13,手土産代,10E200150,交際費,,,050,九州営業所,14625,0,10A100020,現金,,,,,928640,2021-06
549,1,150,Credit,2021-06-13,手土産代,10A100020,現金,,,000,共通部門,0,14625,10E200150,交際費,,,,,92059130,2021-06
550,1,151,Debit,2021-06-13,食事代 架空店舗003 4名,10E200150,交際費,,,040,大阪支店,6496,0,10A100020,現金,,,,,935136,2021-06
550,1,151,Credit,2021-06-13,食事代 架空店舗003 4名,10A100020,現金,,,000,共通部門,0,6496,10E200150,交際費,,,,,92052634,2021-06
550,2,151,Debit,2021-06-13,飲食代 架空店舗031 4名,10E200150,交際費,,,040,大阪支店,23477,0,10A100020,現金,,,,,958613,2021-06
550,2,151,Credit,2021-06-13,飲食代 架空店舗031 4名,10A100020,現金,,,000,共通部門,0,23477,10E200150,交際費,,,,,92029157,2021-06
551,1,152,Debit,2021-06-13,食事代,10E200150,交際費,,,050,九州営業所,7308,0,10A100020,現金,,,,,965921,2021-06
551,1,152,Credit,2021-06-13,食事代,10A100020,現金,,,000,共通部門,0,7308,10E200150,交際費,,,,,92021849,2021-06
547,1,73,Debit,2021-06-13,飲食代 架空店舗086 3名,10E200150,交際費,,,020,東京支店,11430,0,10A100020,現金,,,,,977351,2021-06
547,1,73,Credit,2021-06-13,飲食代 架空店舗086 3名,10A100020,現金,,,000,共通部門,0,11430,10E200150,交際費,,,,,92010419,2021-06
547,2,73,Debit,2021-06-13,電池代,10E201270,雑費,,,010,札幌営業所,463,0,10A100020,現金,,,,,1058798,2021-06
547,2,73,Credit,2021-06-13,電池代,10A100020,現金,,,000,共通部門,0,463,10E201270,雑費,,,,,92009956,2021-06
552,1,51,Debit,2021-06-14,ガソリン代,10E201120,車両費,,,020,東京支店,10929,0,10A100020,現金,,,,,1259248,2021-06
552,1,51,Credit,2021-06-14,ガソリン代,10A100020,現金,,,000,共通部門,0,10929,10E201120,車両費,,,,,91999027,2021-06
552,2,51,Debit,2021-06-14,駐車代,10E201120,車両費,,,020,東京支店,762,0,10A100020,現金,,,,,1260010,2021-06
552,2,51,Credit,2021-06-14,駐車代,10A100020,現金,,,000,共通部門,0,762,10E201120,車両費,,,,,91998265,2021-06
552,3,51,Debit,2021-06-14,高速代,10E201120,車両費,,,020,東京支店,3143,0,10A100020,現金,,,,,1263153,2021-06
552,3,51,Credit,2021-06-14,高速代,10A100020,現金,,,000,共通部門,0,3143,10E201120,車両費,,,,,91995122,2021-06
557,1,103,Debit,2021-06-15,6月15日伝票No235株式会社若葉百貨店,10A100020,普通預金,50,MNO銀行 北九州,000,共通部門,1616282,0,10A100090,売掛金,,,,,93611404,2021-06
557,1,103,Credit,2021-06-15,6月15日伝票No235株式会社若葉百貨店,10A100090,売掛金,1,株式会社若葉百貨店,000,共通部門,0,1616282,10A100020,普通預金,,,,,40180815,2021-06
557,2,103,Debit,2021-06-15,6月15日伝票No235株式会社若葉百貨店,10E200690,支払手数料,,,050,九州営業所,840,0,10A100090,売掛金,,,,,26353,2021-06
557,2,103,Credit,2021-06-15,6月15日伝票No235株式会社若葉百貨店,10A100090,売掛金,1,株式会社若葉百貨店,000,共通部門,0,840,10E200690,支払手数料,,,,,40179975,2021-06
558,1,104,Debit,2021-06-15,6月15日伝票No236株式会社瑞穂流通,10A100020,普通預金,30,GHI銀行 名古屋,000,共通部門,713028,0,10A100090,売掛金,,,,,94324432,2021-06
558,1,104,Credit,2021-06-15,6月15日伝票No236株式会社瑞穂流通,10A100090,売掛金,6,株式会社瑞穂流通,000,共通部門,0,713028,10A100020,普通預金,,,,,39466947,2021-06
558,2,104,Debit,2021-06-15,6月15日伝票No236株式会社瑞穂流通,10E200690,支払手数料,,,030,名古屋支店,840,0,10A100090,売掛金,,,,,27193,2021-06
558,2,104,Credit,2021-06-15,6月15日伝票No236株式会社瑞穂流通,10A100090,売掛金,6,株式会社瑞穂流通,000,共通部門,0,840,10E200690,支払手数料,,,,,39466107,2021-06
559,1,105,Debit,2021-06-15,6月15日伝票No237株式会社高原マーケット,10A100020,普通預金,40,JKL銀行 梅田,000,共通部門,427500,0,10A100090,売掛金,,,,,94751932,2021-06
559,1,105,Credit,2021-06-15,6月15日伝票No237株式会社高原マーケット,10A100090,売掛金,8,株式会社高原マーケット,000,共通部門,0,427500,10A100020,普通預金,,,,,39038607,2021-06
559,2,105,Debit,2021-06-15,6月15日伝票No237株式会社高原マーケット,10E200690,支払手数料,,,040,大阪支店,630,0,10A100090,売掛金,,,,,27823,2021-06
559,2,105,Credit,2021-06-15,6月15日伝票No237株式会社高原マーケット,10A100090,売掛金,8,株式会社高原マーケット,000,共通部門,0,630,10E200690,支払手数料,,,,,39037977,2021-06
560,1,106,Debit,2021-06-15,6月15日伝票No238朝凪物産株式会社,10A100020,普通預金,40,JKL銀行 梅田,000,共通部門,805785,0,10A100090,売掛金,,,,,95557717,2021-06
560,1,106,Credit,2021-06-15,6月15日伝票No238朝凪物産株式会社,10A100090,売掛金,9,朝凪物産株式会社,000,共通部門,0,805785,10A100020,普通預金,,,,,38232192,2021-06
560,2,106,Debit,2021-06-15,6月15日伝票No238朝凪物産株式会社,10E200690,支払手数料,,,040,大阪支店,735,0,10A100090,売掛金,,,,,28558,2021-06
560,2,106,Credit,2021-06-15,6月15日伝票No238朝凪物産株式会社,10A100090,売掛金,9,朝凪物産株式会社,000,共通部門,0,735,10E200690,支払手数料,,,,,38231457,2021-06
561,1,107,Debit,2021-06-15,6月15日伝票No239星川商事株式会社,10A100020,普通預金,20,ABC銀行 本店,000,共通部門,883097,0,10A100090,売掛金,,,,,96440814,2021-06
561,1,107,Credit,2021-06-15,6月15日伝票No239星川商事株式会社,10A100090,売掛金,13,星川商事株式会社,000,共通部門,0,883097,10A100020,普通預金,,,,,37348360,2021-06
562,1,108,Debit,2021-06-15,6月15日伝票No240清和商事株式会社,10A100020,普通預金,40,JKL銀行 梅田,000,共通部門,849773,0,10A100090,売掛金,,,,,97290587,2021-06
562,1,108,Credit,2021-06-15,6月15日伝票No240清和商事株式会社,10A100090,売掛金,20,清和商事株式会社,000,共通部門,0,849773,10A100020,普通預金,,,,,36498587,2021-06
562,2,108,Debit,2021-06-15,6月15日伝票No240清和商事株式会社,10E200690,支払手数料,,,040,大阪支店,315,0,10A100090,売掛金,,,,,28873,2021-06
562,2,108,Credit,2021-06-15,6月15日伝票No240清和商事株式会社,10A100090,売掛金,20,清和商事株式会社,000,共通部門,0,315,10E200690,支払手数料,,,,,36498272,2021-06
563,1,109,Debit,2021-06-15,6月15日伝票No157株式会社北辰商事,10B100040,買掛金,1,株式会社北辰商事,000,共通部門,5958662,0,10A100020,普通預金,,,,,38748250,2021-06
563,1,109,Credit,2021-06-15,6月15日伝票No157株式会社北辰商事,10A100020,普通預金,20,ABC銀行 本店,000,共通部門,0,5958662,10B100040,買掛金,,,,,91331925,2021-06
553,1,11,Debit,2021-06-15,高速代,10E201120,車両費,,,010,札幌営業所,3210,0,10A100020,現金,,,,,1266363,2021-06
553,1,11,Credit,2021-06-15,高速代,10A100020,現金,,,000,共通部門,0,3210,10E201120,車両費,,,,,91328715,2021-06
564,1,117,Debit,2021-06-15,会費,10E201140,諸会費,,,040,大阪支店,20000,0,10A100020,現金,,,,,252000,2021-06
564,1,117,Credit,2021-06-15,会費,10A100020,現金,,,000,共通部門,0,20000,10E201140,諸会費,,,,,91308715,2021-06
565,1,130,Debit,2021-06-15,会費,10E201140,諸会費,,,040,大阪支店,24000,0,10A100020,普通預金,,,,,276000,2021-06
565,1,130,Credit,2021-06-15,会費,10A100020,普通預金,40,JKL銀行 梅田,000,共通部門,0,24000,10E201140,諸会費,,,,,91284715,2021-06
566,1,164,Debit,2021-06-15,事務用品,10E201110,事務用消耗品費,,,050,九州営業所,3007,0,10A100020,現金,,,,,293870,2021-06
566,1,164,Credit,2021-06-15,事務用品,10A100020,現金,,,000,共通部門,0,3007,10E201110,事務用消耗品費,,,,,91281708,2021-06
554,1,52,Debit,2021-06-15,高速代,10E201120,車両費,,,020,東京支店,750,0,10A100020,現金,,,,,1267113,2021-06
554,1,52,Credit,2021-06-15,高速代,10A100020,現金,,,000,共通部門,0,750,10E201120,車両費,,,,,91280958,2021-06
555,1,61,Debit,2021-06-15,電話代,10E200180,通信費,,,020,東京支店,169547,0,10A100020,普通預金,,,,,3224830,2021-06
555,1,61,Credit,2021-06-15,電話代,10A100020,普通預金,20,ABC銀行 本店,000,共通部門,0,169547,10E200180,通信費,,,,,91111411,2021-06
556,1,90,Debit,2021-06-15,6月給与その他 0060 パート･アルバイト,10E200520,雑給,,,020,東京支店,272337,0,10A100020,現金,,,,,900474,2021-06
556,1,90,Credit,2021-06-15,6月給与その他 0060 パート･アルバイト,10A100020,現金,,,000,共通部門,0,272337,10E200520,雑給,,,,,90839074,2021-06
556,2,90,Debit,2021-06-15,6月給与その他 0060 パート･アルバイト,10E200520,雑給,,,020,東京支店,7528,0,10B100690,預り金,,,,,908002,2021-06
556,2,90,Credit,2021-06-15,6月給与その他 0060 パート･アルバイト,10B100690,預り金,9,その他,000,共通部門,0,7528,10E200520,雑給,,,,,2646168,2021-06
568,1,136,Debit,2021-06-16,架空清掃会社A代,10E201270,雑費,,,040,大阪支店,16500,0,10A100020,現金,,,,,1075298,2021-06
568,1,136,Credit,2021-06-16,架空清掃会社A代,10A100020,現金,,,000,共通部門,0,16500,10E201270,雑費,,,,,90822574,2021-06
567,1,83,Debit,2021-06-16,ガソリン代,10E201120,車両費,,,050,九州営業所,4957,0,10B100630,未払金,,,,,1272070,2021-06
567,1,83,Credit,2021-06-16,ガソリン代,10B100630,未払金,,,000,共通部門,0,4957,10E201120,車両費,,,,,7228059,2021-06
571,1,144,Debit,2021-06-17,ガソリン代,10E201120,車両費,,,040,大阪支店,5528,0,10A100020,現金,,,,,1277598,2021-06
571,1,144,Credit,2021-06-17,ガソリン代,10A100020,現金,,,000,共通部門,0,5528,10E201120,車両費,,,,,90817046,2021-06
571,2,144,Debit,2021-06-17,高速代,10E201120,車両費,,,040,大阪支店,762,0,10A100020,現金,,,,,1278360,2021-06
571,2,144,Credit,2021-06-17,高速代,10A100020,現金,,,000,共通部門,0,762,10E201120,車両費,,,,,90816284,2021-06
571,3,144,Debit,2021-06-17,駐車代,10E201120,車両費,,,040,大阪支店,1429,0,10A100020,現金,,,,,1279789,2021-06
571,3,144,Credit,2021-06-17,駐車代,10A100020,現金,,,000,共通部門,0,1429,10E201120,車両費,,,,,90814855,2021-06
569,1,4,Debit,2021-06-17,広告費,10E200050,広告宣伝費,,,010,札幌営業所,31500,0,10B100630,未払金,,,,,400200,2021-06
569,1,4,Credit,2021-06-17,広告費,10B100630,未払金,,,000,共通部門,0,31500,10E200050,広告宣伝費,,,,,7259559,2021-06
570,1,86,Debit,2021-06-17,切手代,10E200180,通信費,,,030,名古屋支店,8000,0,10A100020,現金,,,,,3232830,2021-06
570,1,86,Credit,2021-06-17,切手代,10A100020,現金,,,000,共通部門,0,8000,10E200180,通信費,,,,,90806855,2021-06
573,1,103,Debit,2021-06-18,ゴルフプレー代,10E200150,交際費,,,040,大阪支店,12570,0,10A100020,現金,,,,,989921,2021-06
573,1,103,Credit,2021-06-18,ゴルフプレー代,10A100020,現金,,,000,共通部門,0,12570,10E200150,交際費,,,,,90794285,2021-06
572,1,82,Debit,2021-06-18,ガソリン代,10E201120,車両費,,,030,名古屋支店,31087,0,10B100630,未払金,,,,,1310876,2021-06
572,1,82,Credit,2021-06-18,ガソリン代,10B100630,未払金,,,000,共通部門,0,31087,10E201120,車両費,,,,,7290646,2021-06
574,1,46,Debit,2021-06-19,ガソリン代,10E201120,車両費,,,020,東京支店,12587,0,10A100020,現金,,,,,1323463,2021-06
574,1,46,Credit,2021-06-19,ガソリン代,10A100020,現金,,,000,共通部門,0,12587,10E201120,車両費,,,,,90781698,2021-06
575,1,74,Debit,2021-06-19,飲食代 架空店舗019 4名,10E200150,交際費,,,020,東京支店,32400,0,10A100020,現金,,,,,1022321,2021-06
575,1,74,Credit,2021-06-19,飲食代 架空店舗019 4名,10A100020,現金,,,000,共通部門,0,32400,10E200150,交際費,,,,,90749298,2021-06
576,1,1,Debit,2021-06-20,残業夜食　軽減税率,10E200140,福利厚生費,,,000,共通部門,32400,0,10A100020,現金,,,,,750516,2021-06
576,1,1,Credit,2021-06-20,残業夜食　軽減税率,10A100020,現金,,,000,共通部門,0,32400,10E200140,福利厚生費,,,,,90716898,2021-06
594,1,101,Debit,2021-06-20,広告料,10E200050,広告宣伝費,,,040,大阪支店,52500,0,10B100630,未払金,,,,,452700,2021-06
594,1,101,Credit,2021-06-20,広告料,10B100630,未払金,,,000,共通部門,0,52500,10E200050,広告宣伝費,,,,,7343146,2021-06
595,1,110,Debit,2021-06-20,6月20日伝票No241株式会社楓屋,10A100020,現金,,,000,共通部門,820932,0,10A100090,売掛金,,,,,91537830,2021-06
595,1,110,Credit,2021-06-20,6月20日伝票No241株式会社楓屋,10A100090,売掛金,11,株式会社楓屋,000,共通部門,0,820932,10A100020,現金,,,,,35677340,2021-06
596,1,111,Debit,2021-06-20,6月20日伝票No242合同会社つばさ商店,10A100020,普通預金,30,GHI銀行 名古屋,000,共通部門,750150,0,10A100090,売掛金,,,,,92287980,2021-06
596,1,111,Credit,2021-06-20,6月20日伝票No242合同会社つばさ商店,10A100090,売掛金,21,合同会社つばさ商店,000,共通部門,0,750150,10A100020,普通預金,,,,,34927190,2021-06
596,2,111,Debit,2021-06-20,6月20日伝票No242合同会社つばさ商店,10E200690,支払手数料,,,030,名古屋支店,630,0,10A100090,売掛金,,,,,29503,2021-06
596,2,111,Credit,2021-06-20,6月20日伝票No242合同会社つばさ商店,10A100090,売掛金,21,合同会社つばさ商店,000,共通部門,0,630,10E200690,支払手数料,,,,,34926560,2021-06
597,1,112,Debit,2021-06-20,6月20日伝票No243株式会社彩雲トレーディング,10A100020,普通預金,20,ABC銀行 本店,000,共通部門,1378335,0,10A100090,売掛金,,,,,93666315,2021-06
597,1,112,Credit,2021-06-20,6月20日伝票No243株式会社彩雲トレーディング,10A100090,売掛金,30,株式会社彩雲トレーディング,000,共通部門,0,1378335,10A100020,普通預金,,,,,33548225,2021-06
597,2,112,Debit,2021-06-20,6月20日伝票No243株式会社彩雲トレーディング,10E200690,支払手数料,,,020,東京支店,735,0,10A100090,売掛金,,,,,30238,2021-06
597,2,112,Credit,2021-06-20,6月20日伝票No243株式会社彩雲トレーディング,10A100090,売掛金,30,株式会社彩雲トレーディング,000,共通部門,0,735,10E200690,支払手数料,,,,,33547490,2021-06
598,1,113,Debit,2021-06-20,6月20日伝票No158株式会社和泉流通,10B100040,買掛金,4,株式会社和泉流通,000,共通部門,926133,0,10A100020,普通預金,,,,,37822117,2021-06
598,1,113,Credit,2021-06-20,6月20日伝票No158株式会社和泉流通,10A100020,普通預金,20,ABC銀行 本店,000,共通部門,0,926133,10B100040,買掛金,,,,,92740182,2021-06
599,1,114,Debit,2021-06-20,6月20日伝票No159株式会社日向産業,10B100040,買掛金,6,株式会社日向産業,000,共通部門,3297698,0,10A100020,普通預金,,,,,34524419,2021-06
599,1,114,Credit,2021-06-20,6月20日伝票No159株式会社日向産業,10A100020,普通預金,20,ABC銀行 本店,000,共通部門,0,3297698,10B100040,買掛金,,,,,89442484,2021-06
600,1,115,Debit,2021-06-20,6月20日伝票No160株式会社花園商会,10B100040,買掛金,11,株式会社花園商会,000,共通部門,4228407,0,10A100020,普通預金,,,,,30296012,2021-06
600,1,115,Credit,2021-06-20,6月20日伝票No160株式会社花園商会,10A100020,普通預金,20,ABC銀行 本店,000,共通部門,0,4228407,10B100040,買掛金,,,,,85214077,2021-06
601,1,118,Debit,2021-06-20,コピー代,10E201110,事務用消耗品費,,,040,大阪支店,7123,0,10B100630,未払金,,,,,300993,2021-06
601,1,118,Credit,2021-06-20,コピー代,10B100630,未払金,,,000,共通部門,0,7123,10E201110,事務用消耗品費,,,,,7350269,2021-06
602,1,132,Debit,2021-06-20,電気代,10E201040,水道光熱費,,,040,大阪支店,95300,0,10A100020,普通預金,,,,,1356116,2021-06
602,1,132,Credit,2021-06-20,電気代,10A100020,普通預金,40,JKL銀行 梅田,000,共通部門,0,95300,10E201040,水道光熱費,,,,,85118777,2021-06
602,2,132,Debit,2021-06-20,水道代,10E201040,水道光熱費,,,040,大阪支店,5559,0,10A100020,普通預金,,,,,1361675,2021-06
602,2,132,Credit,2021-06-20,水道代,10A100020,普通預金,40,JKL銀行 梅田,000,共通部門,0,5559,10E201040,水道光熱費,,,,,85113218,2021-06
603,1,134,Debit,2021-06-20,用紙,10E201110,事務用消耗品費,,,020,東京支店,23000,0,10B100630,未払金,,,,,323993,2021-06
603,1,134,Credit,2021-06-20,用紙,10B100630,未払金,,,000,共通部門,0,23000,10E201110,事務用消耗品費,,,,,7373269,2021-06
604,1,135,Debit,2021-06-20,事務用品,10E201110,事務用消耗品費,,,040,大阪支店,7302,0,10B100630,未払金,,,,,331295,2021-06
604,1,135,Credit,2021-06-20,事務用品,10B100630,未払金,,,000,共通部門,0,7302,10E201110,事務用消耗品費,,,,,7380571,2021-06
605,1,141,Debit,2021-06-20,手形割引 株式会社緑野百貨店 | 手形番号=R20210531-121-12;受取額に決済額を訂正,10A100020,当座預金,1,ABC銀行,000,共通部門,10722057,0,10A100060,受取手形,,,,,95835275,2021-06
605,1,141,Credit,2021-06-20,手形割引 株式会社緑野百貨店 | 手形番号=R20210531-121-12;受取額に決済額を訂正,10A100060,受取手形,,,000,共通部門,0,10722057,10A100020,当座預金,,,,,66994448,2021-06
605,2,141,Debit,2021-06-20,手形割引料 | 手形番号=R20210531-121-12,10E300020,支払利息,,,020,東京支店,85721,0,10A100060,受取手形,,,,,295122,2021-06
605,2,141,Credit,2021-06-20,手形割引料 | 手形番号=R20210531-121-12,10A100060,受取手形,,,000,共通部門,0,85721,10E300020,支払利息,,,,,66908727,2021-06
606,1,143,Debit,2021-06-20,手形割引 株式会社青葉百貨店 | 手形番号=R20210510-93-28;受取額に決済額を訂正,10A100020,当座預金,1,ABC銀行,000,共通部門,4629728,0,10A100060,受取手形,,,,,100465003,2021-06
606,1,143,Credit,2021-06-20,手形割引 株式会社青葉百貨店 | 手形番号=R20210510-93-28;受取額に決済額を訂正,10A100060,受取手形,,,000,共通部門,0,4629728,10A100020,当座預金,,,,,62278999,2021-06
606,2,143,Debit,2021-06-20,手形割引料 | 手形番号=R20210510-93-28,10E300020,支払利息,,,020,東京支店,62579,0,10A100060,受取手形,,,,,357701,2021-06
606,2,143,Credit,2021-06-20,手形割引料 | 手形番号=R20210510-93-28,10A100060,受取手形,,,000,共通部門,0,62579,10E300020,支払利息,,,,,62216420,2021-06
607,1,150,Debit,2021-06-20,資金移動,10A100020,普通預金,20,ABC銀行 本店,000,共通部門,7000000,0,10A100020,当座預金,,,,,107465003,2021-06
607,1,150,Credit,2021-06-20,資金移動,10A100020,当座預金,1,ABC銀行,000,共通部門,0,7000000,10A100020,普通預金,,,,,100465003,2021-06
608,1,169,Debit,2021-06-20,電気料,10E201040,水道光熱費,,,050,九州営業所,95768,0,10A100020,普通預金,,,,,1457443,2021-06
608,1,169,Credit,2021-06-20,電気料,10A100020,普通預金,50,MNO銀行 北九州,000,共通部門,0,95768,10E201040,水道光熱費,,,,,100369235,2021-06
608,2,169,Debit,2021-06-20,水道料,10E201040,水道光熱費,,,050,九州営業所,6821,0,10A100020,普通預金,,,,,1464264,2021-06
608,2,169,Credit,2021-06-20,水道料,10A100020,普通預金,50,MNO銀行 北九州,000,共通部門,0,6821,10E201040,水道光熱費,,,,,100362414,2021-06
577,1,3,Debit,2021-06-20,宿泊代,10E200140,福利厚生費,,,010,札幌営業所,31210,0,10B100630,未払金,,,,,781726,2021-06
577,1,3,Credit,2021-06-20,宿泊代,10B100630,未払金,,,000,共通部門,0,31210,10E200140,福利厚生費,,,,,7411781,2021-06
579,1,31,Debit,2021-06-20,コピー代,10E201110,事務用消耗品費,,,010,札幌営業所,2753,0,10B100630,未払金,,,,,334048,2021-06
579,1,31,Credit,2021-06-20,コピー代,10B100630,未払金,,,000,共通部門,0,2753,10E201110,事務用消耗品費,,,,,7414534,2021-06
580,1,34,Debit,2021-06-20,電気代,10E201040,水道光熱費,,,010,札幌営業所,74915,0,10A100020,普通預金,,,,,1539179,2021-06
580,1,34,Credit,2021-06-20,電気代,10A100020,普通預金,10,DEF銀行 駅前,000,共通部門,0,74915,10E201040,水道光熱費,,,,,100287499,2021-06
580,2,34,Debit,2021-06-20,水道代,10E201040,水道光熱費,,,010,札幌営業所,4058,0,10A100020,普通預金,,,,,1543237,2021-06
580,2,34,Credit,2021-06-20,水道代,10A100020,普通預金,10,DEF銀行 駅前,000,共通部門,0,4058,10E201040,水道光熱費,,,,,100283441,2021-06
581,1,53,Debit,2021-06-20,高速代,10E201120,車両費,,,020,東京支店,2500,0,10A100020,現金,,,,,1325963,2021-06
581,1,53,Credit,2021-06-20,高速代,10A100020,現金,,,000,共通部門,0,2500,10E201120,車両費,,,,,100280941,2021-06
578,1,6,Debit,2021-06-20,広告料,10E200050,広告宣伝費,,,010,札幌営業所,5000,0,10A100020,現金,,,,,457700,2021-06
578,1,6,Credit,2021-06-20,広告料,10A100020,現金,,,000,共通部門,0,5000,10E200050,広告宣伝費,,,,,100275941,2021-06
582,1,64,Debit,2021-06-20,電気料,10E201040,水道光熱費,,,020,東京支店,172641,0,10A100020,普通預金,,,,,1715878,2021-06
582,1,64,Credit,2021-06-20,電気料,10A100020,普通預金,20,ABC銀行 本店,000,共通部門,0,172641,10E201040,水道光熱費,,,,,100103300,2021-06
582,2,64,Debit,2021-06-20,水道料,10E201040,水道光熱費,,,020,東京支店,6952,0,10A100020,普通預金,,,,,1722830,2021-06
582,2,64,Credit,2021-06-20,水道料,10A100020,普通預金,20,ABC銀行 本店,000,共通部門,0,6952,10E201040,水道光熱費,,,,,100096348,2021-06
583,1,65,Debit,2021-06-20,資金移動,10A100020,普通預金,20,ABC銀行 本店,000,共通部門,6000000,0,10A100020,当座預金,,,,,106096348,2021-06
583,1,65,Credit,2021-06-20,資金移動,10A100020,当座預金,1,ABC銀行,000,共通部門,0,6000000,10A100020,普通預金,,,,,100096348,2021-06
584,1,66,Debit,2021-06-20,お茶代,10E200140,福利厚生費,,,050,九州営業所,10500,0,10B100630,未払金,,,,,792226,2021-06
584,1,66,Credit,2021-06-20,お茶代,10B100630,未払金,,,000,共通部門,0,10500,10E200140,福利厚生費,,,,,7425034,2021-06
585,1,71,Debit,2021-06-20,事務用品,10E201110,事務用消耗品費,,,020,東京支店,1505,0,10B100630,未払金,,,,,335553,2021-06
585,1,71,Credit,2021-06-20,事務用品,10B100630,未払金,,,000,共通部門,0,1505,10E201110,事務用消耗品費,,,,,7426539,2021-06
585,2,71,Debit,2021-06-20,カウンター料金,10E201110,事務用消耗品費,,,020,東京支店,31854,0,10B100630,未払金,,,,,367407,2021-06
585,2,71,Credit,2021-06-20,カウンター料金,10B100630,未払金,,,000,共通部門,0,31854,10E201110,事務用消耗品費,,,,,7458393,2021-06
586,1,74,Debit,2021-06-20,有線,10E201270,雑費,,,030,名古屋支店,5000,0,10B100630,未払金,,,,,1080298,2021-06
586,1,74,Credit,2021-06-20,有線,10B100630,未払金,,,000,共通部門,0,5000,10E201270,雑費,,,,,7463393,2021-06
587,1,75,Debit,2021-06-20,トイレットペーパー他,10E201270,雑費,,,040,大阪支店,1079,0,10A100020,現金,,,,,1081377,2021-06
587,1,75,Credit,2021-06-20,トイレットペーパー他,10A100020,現金,,,000,共通部門,0,1079,10E201270,雑費,,,,,100095269,2021-06
588,1,76,Debit,2021-06-20,カウンター料金,10E201110,事務用消耗品費,,,050,九州営業所,6300,0,10B100630,未払金,,,,,373707,2021-06
588,1,76,Credit,2021-06-20,カウンター料金,10B100630,未払金,,,000,共通部門,0,6300,10E201110,事務用消耗品費,,,,,7469693,2021-06
589,1,80,Debit,2021-06-20,会費支払い,10E200140,福利厚生費,,,030,名古屋支店,417375,0,10B100630,未払金,,,,,1209601,2021-06
589,1,80,Credit,2021-06-20,会費支払い,10B100630,未払金,,,000,共通部門,0,417375,10E200140,福利厚生費,,,,,7887068,2021-06
590,1,81,Debit,2021-06-20,ファイル等,10E200200,消耗品費,,,000,共通部門,16667,0,10B100630,未払金,,,,,638936,2021-06
590,1,81,Credit,2021-06-20,ファイル等,10B100630,未払金,,,000,共通部門,0,16667,10E200200,消耗品費,,,,,7903735,2021-06
590,2,81,Debit,2021-06-20,飲料水,10E200200,消耗品費,,,000,共通部門,210000,0,10B100630,未払金,,,,,848936,2021-06
590,2,81,Credit,2021-06-20,飲料水,10B100630,未払金,,,000,共通部門,0,210000,10E200200,消耗品費,,,,,8113735,2021-06
590,3,81,Debit,2021-06-20,名刺代,10E200200,消耗品費,,,000,共通部門,31905,0,10B100630,未払金,,,,,880841,2021-06
590,3,81,Credit,2021-06-20,名刺代,10B100630,未払金,,,000,共通部門,0,31905,10E200200,消耗品費,,,,,8145640,2021-06
591,1,89,Debit,2021-06-20,電気料,10E201040,水道光熱費,,,030,名古屋支店,78737,0,10A100020,普通預金,,,,,1801567,2021-06
591,1,89,Credit,2021-06-20,電気料,10A100020,普通預金,30,GHI銀行 名古屋,000,共通部門,0,78737,10E201040,水道光熱費,,,,,100016532,2021-06
591,2,89,Debit,2021-06-20,水道料,10E201040,水道光熱費,,,030,名古屋支店,3327,0,10A100020,普通預金,,,,,1804894,2021-06
591,2,89,Credit,2021-06-20,水道料,10A100020,普通預金,30,GHI銀行 名古屋,000,共通部門,0,3327,10E201040,水道光熱費,,,,,100013205,2021-06
591,3,89,Debit,2021-06-20,ガス代,10E201040,水道光熱費,,,030,名古屋支店,2825,0,10A100020,普通預金,,,,,1807719,2021-06
591,3,89,Credit,2021-06-20,ガス代,10A100020,普通預金,30,GHI銀行 名古屋,000,共通部門,0,2825,10E201040,水道光熱費,,,,,100010380,2021-06
592,1,97,Debit,2021-06-20,コピー代,10E201110,事務用消耗品費,,,030,名古屋支店,38845,0,10B100630,未払金,,,,,412552,2021-06
592,1,97,Credit,2021-06-20,コピー代,10B100630,未払金,,,000,共通部門,0,38845,10E201110,事務用消耗品費,,,,,8184485,2021-06
593,1,98,Debit,2021-06-20,事務用品,10E201110,事務用消耗品費,,,030,名古屋支店,2390,0,10B100630,未払金,,,,,414942,2021-06
593,1,98,Credit,2021-06-20,事務用品,10B100630,未払金,,,000,共通部門,0,2390,10E201110,事務用消耗品費,,,,,8186875,2021-06
609,1,12,Debit,2021-06-21,ガソリン代,10E201120,車両費,,,010,札幌営業所,4456,0,10A100020,現金,,,,,1330419,2021-06
609,1,12,Credit,2021-06-21,ガソリン代,10A100020,現金,,,000,共通部門,0,4456,10E201120,車両費,,,,,100005924,2021-06
609,2,12,Debit,2021-06-21,ガソリン添加剤代,10E201120,車両費,,,010,札幌営業所,2313,0,10A100020,現金,,,,,1332732,2021-06
609,2,12,Credit,2021-06-21,ガソリン添加剤代,10A100020,現金,,,000,共通部門,0,2313,10E201120,車両費,,,,,100003611,2021-06
609,3,12,Debit,2021-06-21,高速代,10E201120,車両費,,,010,札幌営業所,1048,0,10A100020,現金,,,,,1333780,2021-06
609,3,12,Credit,2021-06-21,高速代,10A100020,現金,,,000,共通部門,0,1048,10E201120,車両費,,,,,100002563,2021-06
612,1,160,Debit,2021-06-21,出張旅費,10E201230,旅費及び交通費,,,020,東京支店,70000,0,10A100020,現金,,,,,2791654,2021-06
612,1,160,Credit,2021-06-21,出張旅費,10A100020,現金,,,000,共通部門,0,70000,10E201230,旅費及び交通費,,,,,99932563,2021-06
610,1,24,Debit,2021-06-21,架空鉄道会社A回数券,10E201230,旅費及び交通費,,,010,札幌営業所,82620,0,10A100020,現金,,,,,2874274,2021-06
610,1,24,Credit,2021-06-21,架空鉄道会社A回数券,10A100020,現金,,,000,共通部門,0,82620,10E201230,旅費及び交通費,,,,,99849943,2021-06
611,1,89,Debit,2021-06-21,旅費,10E201230,旅費及び交通費,,,030,名古屋支店,9800,0,10A100020,現金,,,,,2884074,2021-06
611,1,89,Credit,2021-06-21,旅費,10A100020,現金,,,000,共通部門,0,9800,10E201230,旅費及び交通費,,,,,99840143,2021-06
616,1,109,Debit,2021-06-22,ガソリン代,10E201120,車両費,,,040,大阪支店,6962,0,10B100630,未払金,,,,,1340742,2021-06
616,1,109,Credit,2021-06-22,ガソリン代,10B100630,未払金,,,000,共通部門,0,6962,10E201120,車両費,,,,,8193837,2021-06
617,1,153,Debit,2021-06-22,飲食代 架空店舗082,10E200150,交際費,,,030,名古屋支店,16540,0,10A100020,現金,,,,,1038861,2021-06
617,1,153,Credit,2021-06-22,飲食代 架空店舗082,10A100020,現金,,,000,共通部門,0,16540,10E200150,交際費,,,,,99823603,2021-06
618,1,155,Debit,2021-06-22,ガソリン代,10E201120,車両費,,,050,九州営業所,5713,0,10A100020,現金,,,,,1346455,2021-06
618,1,155,Credit,2021-06-22,ガソリン代,10A100020,現金,,,000,共通部門,0,5713,10E201120,車両費,,,,,99817890,2021-06
618,2,155,Debit,2021-06-22,高速代,10E201120,車両費,,,050,九州営業所,762,0,10A100020,現金,,,,,1347217,2021-06
618,2,155,Credit,2021-06-22,高速代,10A100020,現金,,,000,共通部門,0,762,10E201120,車両費,,,,,99817128,2021-06
618,3,155,Debit,2021-06-22,駐車代,10E201120,車両費,,,050,九州営業所,381,0,10A100020,現金,,,,,1347598,2021-06
618,3,155,Credit,2021-06-22,駐車代,10A100020,現金,,,000,共通部門,0,381,10E201120,車両費,,,,,99816747,2021-06
619,1,163,Debit,2021-06-22,会費,10E201140,諸会費,,,050,九州営業所,18000,0,10A100020,現金,,,,,294000,2021-06
619,1,163,Credit,2021-06-22,会費,10A100020,現金,,,000,共通部門,0,18000,10E201140,諸会費,,,,,99798747,2021-06
620,1,166,Debit,2021-06-22,架空清掃会社A代,10E201270,雑費,,,050,九州営業所,1890,0,10A100020,現金,,,,,1083267,2021-06
620,1,166,Credit,2021-06-22,架空清掃会社A代,10A100020,現金,,,000,共通部門,0,1890,10E201270,雑費,,,,,99796857,2021-06
613,1,9,Debit,2021-06-22,お菓子詰め合わせ 株式会社高原マーケット,10E200150,交際費,,,010,札幌営業所,3239,0,10A100020,現金,,,,,1042100,2021-06
613,1,9,Credit,2021-06-22,お菓子詰め合わせ 株式会社高原マーケット,10A100020,現金,,,000,共通部門,0,3239,10E200150,交際費,,,,,99793618,2021-06
613,2,9,Debit,2021-06-22,商品券 株式会社高原マーケット,10E200150,交際費,,,010,札幌営業所,4762,0,10A100020,現金,,,,,1046862,2021-06
613,2,9,Credit,2021-06-22,商品券 株式会社高原マーケット,10A100020,現金,,,000,共通部門,0,4762,10E200150,交際費,,,,,99788856,2021-06
614,1,90,Debit,2021-06-22,架空清掃会社A代,10E201270,雑費,,,030,名古屋支店,10500,0,10A100020,現金,,,,,1093767,2021-06
614,1,90,Credit,2021-06-22,架空清掃会社A代,10A100020,現金,,,000,共通部門,0,10500,10E201270,雑費,,,,,99778356,2021-06
615,1,95,Debit,2021-06-22,清掃料,10E201270,雑費,,,030,名古屋支店,71675,0,10B100630,未払金,,,,,1165442,2021-06
615,1,95,Credit,2021-06-22,清掃料,10B100630,未払金,,,000,共通部門,0,71675,10E201270,雑費,,,,,8265512,2021-06
625,1,140,Debit,2021-06-23,旅費,10E201230,旅費及び交通費,,,040,大阪支店,7450,0,10A100020,現金,,,,,2891524,2021-06
625,1,140,Credit,2021-06-23,旅費,10A100020,現金,,,000,共通部門,0,7450,10E201230,旅費及び交通費,,,,,99770906,2021-06
621,1,25,Debit,2021-06-23,旅費,10E201230,旅費及び交通費,,,010,札幌営業所,61000,0,10A100020,現金,,,,,2952524,2021-06
621,1,25,Credit,2021-06-23,旅費,10A100020,現金,,,000,共通部門,0,61000,10E201230,旅費及び交通費,,,,,99709906,2021-06
622,1,28,Debit,2021-06-23,タクシー代,10E201230,旅費及び交通費,,,010,札幌営業所,2420,0,10B100630,未払金,,,,,2954944,2021-06
622,1,28,Credit,2021-06-23,タクシー代,10B100630,未払金,,,000,共通部門,0,2420,10E201230,旅費及び交通費,,,,,8267932,2021-06
623,1,38,Debit,2021-06-23,宿泊費,10E200140,福利厚生費,,,020,東京支店,48164,0,10B100630,未払金,,,,,1257765,2021-06
623,1,38,Credit,2021-06-23,宿泊費,10B100630,未払金,,,000,共通部門,0,48164,10E200140,福利厚生費,,,,,8316096,2021-06
624,1,59,Debit,2021-06-23,旅費,10E201230,旅費及び交通費,,,020,東京支店,65000,0,10A100020,現金,,,,,3019944,2021-06
624,1,59,Credit,2021-06-23,旅費,10A100020,現金,,,000,共通部門,0,65000,10E201230,旅費及び交通費,,,,,99644906,2021-06
629,1,131,Debit,2021-06-24,会費,10E201140,諸会費,,,040,大阪支店,24000,0,10A100020,普通預金,,,,,318000,2021-06
629,1,131,Credit,2021-06-24,会費,10A100020,普通預金,40,JKL銀行 梅田,000,共通部門,0,24000,10E201140,諸会費,,,,,99620906,2021-06
630,1,154,Debit,2021-06-24,ゴルフプレー代,10E200150,交際費,,,050,九州営業所,18240,0,10B100630,未払金,,,,,1065102,2021-06
630,1,154,Credit,2021-06-24,ゴルフプレー代,10B100630,未払金,,,000,共通部門,0,18240,10E200150,交際費,,,,,8334336,2021-06
626,1,26,Debit,2021-06-24,旅費,10E201230,旅費及び交通費,,,010,札幌営業所,12000,0,10A100020,現金,,,,,3031944,2021-06
626,1,26,Credit,2021-06-24,旅費,10A100020,現金,,,000,共通部門,0,12000,10E201230,旅費及び交通費,,,,,99608906,2021-06
627,1,29,Debit,2021-06-24,携帯電話代,10E200180,通信費,,,010,札幌営業所,49551,0,10A100020,普通預金,,,,,3282381,2021-06
627,1,29,Credit,2021-06-24,携帯電話代,10A100020,普通預金,10,DEF銀行 駅前,000,共通部門,0,49551,10E200180,通信費,,,,,99559355,2021-06
628,1,81,Debit,2021-06-24,お茶代,10E200140,福利厚生費,,,030,名古屋支店,18000,0,10B100630,未払金,,,,,1275765,2021-06
628,1,81,Credit,2021-06-24,お茶代,10B100630,未払金,,,000,共通部門,0,18000,10E200140,福利厚生費,,,,,8352336,2021-06
636,1,111,Debit,2021-06-25,タクシー代,10E201230,旅費及び交通費,,,040,大阪支店,9800,0,10B100630,未払金,,,,,3041744,2021-06
636,1,111,Credit,2021-06-25,タクシー代,10B100630,未払金,,,000,共通部門,0,9800,10E201230,旅費及び交通費,,,,,8362136,2021-06
637,1,116,Debit,2021-06-25,6月25日伝票No244株式会社桜丘百貨店 | 売上伝票=20210531-115;手形番号=R20210625-116-2,10A100060,受取手形,,,000,共通部門,15017976,0,10A100090,売掛金,,,,,77234396,2021-06
637,1,116,Credit,2021-06-25,6月25日伝票No244株式会社桜丘百貨店 | 売上伝票=20210531-115;手形番号=R20210625-116-2,10A100090,売掛金,2,株式会社桜丘百貨店,000,共通部門,0,15017976,10A100060,受取手形,,,,,18529514,2021-06
638,1,117,Debit,2021-06-25,6月25日伝票No245株式会社光彩堂商事,10A100020,普通預金,30,GHI銀行 名古屋,000,共通部門,1141489,0,10A100090,売掛金,,,,,100700844,2021-06
638,1,117,Credit,2021-06-25,6月25日伝票No245株式会社光彩堂商事,10A100090,売掛金,7,株式会社光彩堂商事,000,共通部門,0,1141489,10A100020,普通預金,,,,,17388025,2021-06
638,2,117,Debit,2021-06-25,6月25日伝票No245株式会社光彩堂商事,10E200690,支払手数料,,,030,名古屋支店,735,0,10A100090,売掛金,,,,,30973,2021-06
638,2,117,Credit,2021-06-25,6月25日伝票No245株式会社光彩堂商事,10A100090,売掛金,7,株式会社光彩堂商事,000,共通部門,0,735,10E200690,支払手数料,,,,,17387290,2021-06
639,1,118,Debit,2021-06-25,6月25日伝票No246株式会社杉の木商店,10A100020,普通預金,40,JKL銀行 梅田,000,共通部門,909506,0,10A100090,売掛金,,,,,101610350,2021-06
639,1,118,Credit,2021-06-25,6月25日伝票No246株式会社杉の木商店,10A100090,売掛金,23,株式会社杉の木商店,000,共通部門,0,909506,10A100020,普通預金,,,,,16477784,2021-06
639,2,118,Debit,2021-06-25,6月25日伝票No246株式会社杉の木商店,10E200690,支払手数料,,,040,大阪支店,630,0,10A100090,売掛金,,,,,31603,2021-06
639,2,118,Credit,2021-06-25,6月25日伝票No246株式会社杉の木商店,10A100090,売掛金,23,株式会社杉の木商店,000,共通部門,0,630,10E200690,支払手数料,,,,,16477154,2021-06
640,1,119,Debit,2021-06-25,6月25日伝票No247株式会社ほのかマート,10A100020,普通預金,10,DEF銀行 駅前,000,共通部門,3861924,0,10A100090,売掛金,,,,,105472274,2021-06
640,1,119,Credit,2021-06-25,6月25日伝票No247株式会社ほのかマート,10A100090,売掛金,25,株式会社ほのかマート,000,共通部門,0,3861924,10A100020,普通預金,,,,,12615230,2021-06
640,2,119,Debit,2021-06-25,6月25日伝票No247株式会社ほのかマート,10E200690,支払手数料,,,010,札幌営業所,840,0,10A100090,売掛金,,,,,32443,2021-06
640,2,119,Credit,2021-06-25,6月25日伝票No247株式会社ほのかマート,10A100090,売掛金,25,株式会社ほのかマート,000,共通部門,0,840,10E200690,支払手数料,,,,,12614390,2021-06
641,1,121,Debit,2021-06-25,お茶代,10E200140,福利厚生費,,,040,大阪支店,11500,0,10A100020,現金,,,,,1287265,2021-06
641,1,121,Credit,2021-06-25,お茶代,10A100020,現金,,,000,共通部門,0,11500,10E200140,福利厚生費,,,,,105460774,2021-06
642,1,170,Debit,2021-06-25,新聞代,10E201160,図書費,,,050,九州営業所,3007,0,10A100020,現金,,,,,52971,2021-06
642,1,170,Credit,2021-06-25,新聞代,10A100020,現金,,,000,共通部門,0,3007,10E201160,図書費,,,,,105457767,2021-06
643,1,171,Debit,2021-06-25,携帯代,10E200180,通信費,,,050,九州営業所,42103,0,10A100020,普通預金,,,,,3324484,2021-06
643,1,171,Credit,2021-06-25,携帯代,10A100020,普通預金,50,MNO銀行 北九州,000,共通部門,0,42103,10E200180,通信費,,,,,105415664,2021-06
631,1,27,Debit,2021-06-25,旅費,10E201230,旅費及び交通費,,,010,札幌営業所,23810,0,10A100020,現金,,,,,3065554,2021-06
631,1,27,Credit,2021-06-25,旅費,10A100020,現金,,,000,共通部門,0,23810,10E201230,旅費及び交通費,,,,,105391854,2021-06
631,2,27,Debit,2021-06-25,旅費,10E201230,旅費及び交通費,,,010,札幌営業所,32381,0,10A100020,現金,,,,,3097935,2021-06
631,2,27,Credit,2021-06-25,旅費,10A100020,現金,,,000,共通部門,0,32381,10E201230,旅費及び交通費,,,,,105359473,2021-06
631,3,27,Debit,2021-06-25,旅費,10E201230,旅費及び交通費,,,010,札幌営業所,23905,0,10A100020,現金,,,,,3121840,2021-06
631,3,27,Credit,2021-06-25,旅費,10A100020,現金,,,000,共通部門,0,23905,10E201230,旅費及び交通費,,,,,105335568,2021-06
632,1,54,Debit,2021-06-25,駐車代,10E201120,車両費,,,020,東京支店,2000,0,10A100020,現金,,,,,1349598,2021-06
632,1,54,Credit,2021-06-25,駐車代,10A100020,現金,,,000,共通部門,0,2000,10E201120,車両費,,,,,105333568,2021-06
633,1,62,Debit,2021-06-25,携帯代,10E200180,通信費,,,020,東京支店,126581,0,10A100020,普通預金,,,,,3451065,2021-06
633,1,62,Credit,2021-06-25,携帯代,10A100020,普通預金,20,ABC銀行 本店,000,共通部門,0,126581,10E200180,通信費,,,,,105206987,2021-06
634,1,72,Debit,2021-06-25,新聞代,10E201160,図書費,,,020,東京支店,2864,0,10A100020,現金,,,,,55835,2021-06
634,1,72,Credit,2021-06-25,新聞代,10A100020,現金,,,000,共通部門,0,2864,10E201160,図書費,,,,,105204123,2021-06
634,2,72,Debit,2021-06-25,新聞代,10E201160,図書費,,,020,東京支店,2815,0,10A100020,現金,,,,,58650,2021-06
634,2,72,Credit,2021-06-25,新聞代,10A100020,現金,,,000,共通部門,0,2815,10E201160,図書費,,,,,105201308,2021-06
634,3,72,Debit,2021-06-25,新聞代,10E201160,図書費,,,020,東京支店,3399,0,10A100020,現金,,,,,62049,2021-06
634,3,72,Credit,2021-06-25,新聞代,10A100020,現金,,,000,共通部門,0,3399,10E201160,図書費,,,,,105197909,2021-06
635,1,91,Debit,2021-06-25,6月給与その他 0001 役員,10E200090,役員報酬,,,020,東京支店,1172293,0,10A100020,普通預金,,,,,4612293,2021-06
635,1,91,Credit,2021-06-25,6月給与その他 0001 役員,10A100020,普通預金,20,ABC銀行 本店,000,共通部門,0,1172293,10E200090,役員報酬,,,,,104025616,2021-06
635,2,91,Debit,2021-06-25,6月給与その他 0001 役員,10E200090,役員報酬,,,020,東京支店,111192,0,10B100690,預り金,,,,,4723485,2021-06
635,2,91,Credit,2021-06-25,6月給与その他 0001 役員,10B100690,預り金,1,保険料,000,共通部門,0,111192,10E200090,役員報酬,,,,,2757360,2021-06
635,3,91,Debit,2021-06-25,6月給与その他 0001 役員,10E200090,役員報酬,,,020,東京支店,130000,0,10B100690,預り金,,,,,4853485,2021-06
635,3,91,Credit,2021-06-25,6月給与その他 0001 役員,10B100690,預り金,2,住民税,000,共通部門,0,130000,10E200090,役員報酬,,,,,2887360,2021-06
635,4,91,Debit,2021-06-25,6月給与その他 0001 役員,10E200090,役員報酬,,,020,東京支店,166823,0,10B100690,預り金,,,,,5020308,2021-06
635,4,91,Credit,2021-06-25,6月給与その他 0001 役員,10B100690,預り金,3,源泉税,000,共通部門,0,166823,10E200090,役員報酬,,,,,3054183,2021-06
635,5,91,Debit,2021-06-25,6月給与その他 0001 役員,10E200090,役員報酬,,,020,東京支店,133972,0,10B100690,預り金,,,,,5154280,2021-06
635,5,91,Credit,2021-06-25,6月給与その他 0001 役員,10B100690,預り金,4,貯蓄・保険,000,共通部門,0,133972,10E200090,役員報酬,,,,,3188155,2021-06
635,6,91,Debit,2021-06-25,6月給与その他 0001 役員,10E200090,役員報酬,,,020,東京支店,5720,0,10B100690,預り金,,,,,5160000,2021-06
635,6,91,Credit,2021-06-25,6月給与その他 0001 役員,10B100690,預り金,9,その他,000,共通部門,0,5720,10E200090,役員報酬,,,,,3193875,2021-06
635,7,91,Debit,2021-06-25,6月給与その他 0020 営業部,10E200370,給料及び手当,,,020,東京支店,1530004,0,10A100020,普通預金,,,,,12747986,2021-06
635,7,91,Credit,2021-06-25,6月給与その他 0020 営業部,10A100020,普通預金,20,ABC銀行 本店,000,共通部門,0,1530004,10E200370,給料及び手当,,,,,102495612,2021-06
635,8,91,Debit,2021-06-25,6月給与その他 0020 営業部,10E200370,給料及び手当,,,020,東京支店,216077,0,10B100690,預り金,,,,,12964063,2021-06
635,8,91,Credit,2021-06-25,6月給与その他 0020 営業部,10B100690,預り金,1,保険料,000,共通部門,0,216077,10E200370,給料及び手当,,,,,3409952,2021-06
635,9,91,Debit,2021-06-25,6月給与その他 0020 営業部,10E200370,給料及び手当,,,020,東京支店,62200,0,10B100690,預り金,,,,,13026263,2021-06
635,9,91,Credit,2021-06-25,6月給与その他 0020 営業部,10B100690,預り金,2,住民税,000,共通部門,0,62200,10E200370,給料及び手当,,,,,3472152,2021-06
635,10,91,Debit,2021-06-25,6月給与その他 0020 営業部,10E200370,給料及び手当,,,020,東京支店,37200,0,10B100690,預り金,,,,,13063463,2021-06
635,10,91,Credit,2021-06-25,6月給与その他 0020 営業部,10B100690,預り金,3,源泉税,000,共通部門,0,37200,10E200370,給料及び手当,,,,,3509352,2021-06
635,11,91,Debit,2021-06-25,6月給与その他 0020 営業部,10E200370,給料及び手当,,,020,東京支店,43305,0,10B100690,預り金,,,,,13106768,2021-06
635,11,91,Credit,2021-06-25,6月給与その他 0020 営業部,10B100690,預り金,4,貯蓄・保険,000,共通部門,0,43305,10E200370,給料及び手当,,,,,3552657,2021-06
635,12,91,Debit,2021-06-25,6月給与その他 0020 営業部,10E200370,給料及び手当,,,020,東京支店,85242,0,10B100690,預り金,,,,,13192010,2021-06
635,12,91,Credit,2021-06-25,6月給与その他 0020 営業部,10B100690,預り金,9,その他,000,共通部門,0,85242,10E200370,給料及び手当,,,,,3637899,2021-06
635,13,91,Debit,2021-06-25,6月給与その他 1000 札幌営業所,10E200370,給料及び手当,,,010,札幌営業所,603524,0,10A100020,普通預金,,,,,13795534,2021-06
635,13,91,Credit,2021-06-25,6月給与その他 1000 札幌営業所,10A100020,普通預金,20,ABC銀行 本店,000,共通部門,0,603524,10E200370,給料及び手当,,,,,101892088,2021-06
635,14,91,Debit,2021-06-25,6月給与その他 1000 札幌営業所,10E200370,給料及び手当,,,010,札幌営業所,100704,0,10B100690,預り金,,,,,13896238,2021-06
635,14,91,Credit,2021-06-25,6月給与その他 1000 札幌営業所,10B100690,預り金,1,保険料,000,共通部門,0,100704,10E200370,給料及び手当,,,,,3738603,2021-06
635,15,91,Debit,2021-06-25,6月給与その他 1000 札幌営業所,10E200370,給料及び手当,,,010,札幌営業所,34600,0,10B100690,預り金,,,,,13930838,2021-06
635,15,91,Credit,2021-06-25,6月給与その他 1000 札幌営業所,10B100690,預り金,2,住民税,000,共通部門,0,34600,10E200370,給料及び手当,,,,,3773203,2021-06
635,16,91,Debit,2021-06-25,6月給与その他 1000 札幌営業所,10E200370,給料及び手当,,,010,札幌営業所,13430,0,10B100690,預り金,,,,,13944268,2021-06
635,16,91,Credit,2021-06-25,6月給与その他 1000 札幌営業所,10B100690,預り金,3,源泉税,000,共通部門,0,13430,10E200370,給料及び手当,,,,,3786633,2021-06
635,17,91,Debit,2021-06-25,6月給与その他 1000 札幌営業所,10E200370,給料及び手当,,,010,札幌営業所,50648,0,10B100690,預り金,,,,,13994916,2021-06
635,17,91,Credit,2021-06-25,6月給与その他 1000 札幌営業所,10B100690,預り金,4,貯蓄・保険,000,共通部門,0,50648,10E200370,給料及び手当,,,,,3837281,2021-06
635,18,91,Debit,2021-06-25,6月給与その他 1000 札幌営業所,10E200370,給料及び手当,,,010,札幌営業所,46094,0,10B100690,預り金,,,,,14041010,2021-06
635,18,91,Credit,2021-06-25,6月給与その他 1000 札幌営業所,10B100690,預り金,9,その他,000,共通部門,0,46094,10E200370,給料及び手当,,,,,3883375,2021-06
635,19,91,Debit,2021-06-25,6月給与その他 3000 名古屋営業所,10E200370,給料及び手当,,,030,名古屋支店,599450,0,10A100020,普通預金,,,,,14640460,2021-06
635,19,91,Credit,2021-06-25,6月給与その他 3000 名古屋営業所,10A100020,普通預金,20,ABC銀行 本店,000,共通部門,0,599450,10E200370,給料及び手当,,,,,101292638,2021-06
635,20,91,Debit,2021-06-25,6月給与その他 3000 名古屋営業所,10E200370,給料及び手当,,,030,名古屋支店,92651,0,10B100690,預り金,,,,,14733111,2021-06
635,20,91,Credit,2021-06-25,6月給与その他 3000 名古屋営業所,10B100690,預り金,1,保険料,000,共通部門,0,92651,10E200370,給料及び手当,,,,,3976026,2021-06
635,21,91,Debit,2021-06-25,6月給与その他 3000 名古屋営業所,10E200370,給料及び手当,,,030,名古屋支店,21500,0,10B100690,預り金,,,,,14754611,2021-06
635,21,91,Credit,2021-06-25,6月給与その他 3000 名古屋営業所,10B100690,預り金,2,住民税,000,共通部門,0,21500,10E200370,給料及び手当,,,,,3997526,2021-06
635,22,91,Debit,2021-06-25,6月給与その他 3000 名古屋営業所,10E200370,給料及び手当,,,030,名古屋支店,8970,0,10B100690,預り金,,,,,14763581,2021-06
635,22,91,Credit,2021-06-25,6月給与その他 3000 名古屋営業所,10B100690,預り金,3,源泉税,000,共通部門,0,8970,10E200370,給料及び手当,,,,,4006496,2021-06
635,23,91,Debit,2021-06-25,6月給与その他 3000 名古屋営業所,10E200370,給料及び手当,,,030,名古屋支店,40759,0,10B100690,預り金,,,,,14804340,2021-06
635,23,91,Credit,2021-06-25,6月給与その他 3000 名古屋営業所,10B100690,預り金,4,貯蓄・保険,000,共通部門,0,40759,10E200370,給料及び手当,,,,,4047255,2021-06
635,24,91,Debit,2021-06-25,6月給与その他 3000 名古屋営業所,10E200370,給料及び手当,,,030,名古屋支店,41327,0,10B100690,預り金,,,,,14845667,2021-06
635,24,91,Credit,2021-06-25,6月給与その他 3000 名古屋営業所,10B100690,預り金,9,その他,000,共通部門,0,41327,10E200370,給料及び手当,,,,,4088582,2021-06
635,25,91,Debit,2021-06-25,6月給与その他 4000 大阪支店,10E200370,給料及び手当,,,040,大阪支店,879567,0,10A100020,普通預金,,,,,15725234,2021-06
635,25,91,Credit,2021-06-25,6月給与その他 4000 大阪支店,10A100020,普通預金,20,ABC銀行 本店,000,共通部門,0,879567,10E200370,給料及び手当,,,,,100413071,2021-06
635,26,91,Debit,2021-06-25,6月給与その他 4000 大阪支店,10E200370,給料及び手当,,,040,大阪支店,119974,0,10B100690,預り金,,,,,15845208,2021-06
635,26,91,Credit,2021-06-25,6月給与その他 4000 大阪支店,10B100690,預り金,1,保険料,000,共通部門,0,119974,10E200370,給料及び手当,,,,,4208556,2021-06
635,27,91,Debit,2021-06-25,6月給与その他 4000 大阪支店,10E200370,給料及び手当,,,040,大阪支店,29900,0,10B100690,預り金,,,,,15875108,2021-06
635,27,91,Credit,2021-06-25,6月給与その他 4000 大阪支店,10B100690,預り金,2,住民税,000,共通部門,0,29900,10E200370,給料及び手当,,,,,4238456,2021-06
635,28,91,Debit,2021-06-25,6月給与その他 4000 大阪支店,10E200370,給料及び手当,,,040,大阪支店,20020,0,10B100690,預り金,,,,,15895128,2021-06
635,28,91,Credit,2021-06-25,6月給与その他 4000 大阪支店,10B100690,預り金,3,源泉税,000,共通部門,0,20020,10E200370,給料及び手当,,,,,4258476,2021-06
635,29,91,Debit,2021-06-25,6月給与その他 4000 大阪支店,10E200370,給料及び手当,,,040,大阪支店,13570,0,10B100690,預り金,,,,,15908698,2021-06
635,29,91,Credit,2021-06-25,6月給与その他 4000 大阪支店,10B100690,預り金,4,貯蓄・保険,000,共通部門,0,13570,10E200370,給料及び手当,,,,,4272046,2021-06
635,30,91,Debit,2021-06-25,6月給与その他 4000 大阪支店,10E200370,給料及び手当,,,040,大阪支店,15269,0,10B100690,預り金,,,,,15923967,2021-06
635,30,91,Credit,2021-06-25,6月給与その他 4000 大阪支店,10B100690,預り金,9,その他,000,共通部門,0,15269,10E200370,給料及び手当,,,,,4287315,2021-06
635,31,91,Debit,2021-06-25,6月給与その他 5000 九州営業所,10E200370,給料及び手当,,,050,九州営業所,448753,0,10A100020,普通預金,,,,,16372720,2021-06
635,31,91,Credit,2021-06-25,6月給与その他 5000 九州営業所,10A100020,普通預金,20,ABC銀行 本店,000,共通部門,0,448753,10E200370,給料及び手当,,,,,99964318,2021-06
635,32,91,Debit,2021-06-25,6月給与その他 5000 九州営業所,10E200370,給料及び手当,,,050,九州営業所,66241,0,10B100690,預り金,,,,,16438961,2021-06
635,32,91,Credit,2021-06-25,6月給与その他 5000 九州営業所,10B100690,預り金,1,保険料,000,共通部門,0,66241,10E200370,給料及び手当,,,,,4353556,2021-06
635,33,91,Debit,2021-06-25,6月給与その他 5000 九州営業所,10E200370,給料及び手当,,,050,九州営業所,17600,0,10B100690,預り金,,,,,16456561,2021-06
635,33,91,Credit,2021-06-25,6月給与その他 5000 九州営業所,10B100690,預り金,2,住民税,000,共通部門,0,17600,10E200370,給料及び手当,,,,,4371156,2021-06
635,34,91,Debit,2021-06-25,6月給与その他 5000 九州営業所,10E200370,給料及び手当,,,050,九州営業所,7960,0,10B100690,預り金,,,,,16464521,2021-06
635,34,91,Credit,2021-06-25,6月給与その他 5000 九州営業所,10B100690,預り金,3,源泉税,000,共通部門,0,7960,10E200370,給料及び手当,,,,,4379116,2021-06
635,35,91,Debit,2021-06-25,6月給与その他 5000 九州営業所,10E200370,給料及び手当,,,050,九州営業所,18540,0,10B100690,預り金,,,,,16483061,2021-06
635,35,91,Credit,2021-06-25,6月給与その他 5000 九州営業所,10B100690,預り金,4,貯蓄・保険,000,共通部門,0,18540,10E200370,給料及び手当,,,,,4397656,2021-06
635,36,91,Debit,2021-06-25,6月給与その他 5000 九州営業所,10E200370,給料及び手当,,,050,九州営業所,25306,0,10B100690,預り金,,,,,16508367,2021-06
635,36,91,Credit,2021-06-25,6月給与その他 5000 九州営業所,10B100690,預り金,9,その他,000,共通部門,0,25306,10E200370,給料及び手当,,,,,4422962,2021-06
650,1,113,Debit,2021-06-26,携帯代,10E200180,通信費,,,040,大阪支店,61364,0,10A100020,普通預金,,,,,3512429,2021-06
650,1,113,Credit,2021-06-26,携帯代,10A100020,普通預金,40,JKL銀行 梅田,000,共通部門,0,61364,10E200180,通信費,,,,,99902954,2021-06
651,1,114,Debit,2021-06-26,新聞代,10E201160,図書費,,,040,大阪支店,2540,0,10A100020,現金,,,,,64589,2021-06
651,1,114,Credit,2021-06-26,新聞代,10A100020,現金,,,000,共通部門,0,2540,10E201160,図書費,,,,,99900414,2021-06
651,2,114,Debit,2021-06-26,新聞代,10E201160,図書費,,,040,大阪支店,2864,0,10A100020,現金,,,,,67453,2021-06
651,2,114,Credit,2021-06-26,新聞代,10A100020,現金,,,000,共通部門,0,2864,10E201160,図書費,,,,,99897550,2021-06
652,1,120,Debit,2021-06-26,業務委託費,10E200020,販売手数料,,,040,大阪支店,472500,0,10B100630,未払金,,,,,4781000,2021-06
652,1,120,Credit,2021-06-26,業務委託費,10B100630,未払金,,,000,共通部門,0,472500,10E200020,販売手数料,,,,,8834636,2021-06
644,1,13,Debit,2021-06-26,ガソリン代,10E201120,車両費,,,010,札幌営業所,3462,0,10A100020,現金,,,,,1353060,2021-06
644,1,13,Credit,2021-06-26,ガソリン代,10A100020,現金,,,000,共通部門,0,3462,10E201120,車両費,,,,,99894088,2021-06
653,1,138,Debit,2021-06-26,高速代,10E201120,車両費,,,040,大阪支店,7093,0,10A100020,現金,,,,,1360153,2021-06
653,1,138,Credit,2021-06-26,高速代,10A100020,現金,,,000,共通部門,0,7093,10E201120,車両費,,,,,99886995,2021-06
645,1,14,Debit,2021-06-26,洗車代,10E201120,車両費,,,010,札幌営業所,3000,0,10A100020,現金,,,,,1363153,2021-06
645,1,14,Credit,2021-06-26,洗車代,10A100020,現金,,,000,共通部門,0,3000,10E201120,車両費,,,,,99883995,2021-06
654,1,146,Debit,2021-06-26,業務委託費,10E200020,販売手数料,,,050,九州営業所,147000,0,10B100630,未払金,,,,,4928000,2021-06
654,1,146,Credit,2021-06-26,業務委託費,10B100630,未払金,,,000,共通部門,0,147000,10E200020,販売手数料,,,,,8981636,2021-06
655,1,172,Debit,2021-06-26,業務委託費支払い,10E200020,販売手数料,,,010,札幌営業所,145000,0,10B100630,未払金,,,,,5073000,2021-06
655,1,172,Credit,2021-06-26,業務委託費支払い,10B100630,未払金,,,000,共通部門,0,145000,10E200020,販売手数料,,,,,9126636,2021-06
646,1,37,Debit,2021-06-26,業務委託費,10E200020,販売手数料,,,020,東京支店,1320000,0,10B100630,未払金,,,,,6393000,2021-06
646,1,37,Credit,2021-06-26,業務委託費,10B100630,未払金,,,000,共通部門,0,1320000,10E200020,販売手数料,,,,,10446636,2021-06
647,1,75,Debit,2021-06-26,香典代,10E200150,交際費,,,020,東京支店,10000,0,10A100020,現金,,,,,1075102,2021-06
647,1,75,Credit,2021-06-26,香典代,10A100020,現金,,,000,共通部門,0,10000,10E200150,交際費,,,,,99873995,2021-06
648,1,87,Debit,2021-06-26,携帯代,10E200180,通信費,,,030,名古屋支店,42562,0,10A100020,普通預金,,,,,3554991,2021-06
648,1,87,Credit,2021-06-26,携帯代,10A100020,普通預金,30,GHI銀行 名古屋,000,共通部門,0,42562,10E200180,通信費,,,,,99831433,2021-06
649,1,88,Debit,2021-06-26,新聞代,10E201160,図書費,,,030,名古屋支店,3568,0,10A100020,現金,,,,,71021,2021-06
649,1,88,Credit,2021-06-26,新聞代,10A100020,現金,,,000,共通部門,0,3568,10E201160,図書費,,,,,99827865,2021-06
660,1,127,Debit,2021-06-27,収入印紙,10E200210,租税公課,,,030,名古屋支店,9000,0,10A100020,現金,,,,,131000,2021-06
660,1,127,Credit,2021-06-27,収入印紙,10A100020,現金,,,000,共通部門,0,9000,10E200210,租税公課,,,,,99818865,2021-06
656,1,30,Debit,2021-06-27,保険料支払,10E200240,保険料,,,010,札幌営業所,54320,0,10A100020,普通預金,,,,,691960,2021-06
656,1,30,Credit,2021-06-27,保険料支払,10A100020,普通預金,10,DEF銀行 駅前,000,共通部門,0,54320,10E200240,保険料,,,,,99764545,2021-06
657,1,35,Debit,2021-06-27,新聞代,10E201160,図書費,,,010,札幌営業所,3925,0,10A100020,現金,,,,,74946,2021-06
657,1,35,Credit,2021-06-27,新聞代,10A100020,現金,,,000,共通部門,0,3925,10E201160,図書費,,,,,99760620,2021-06
658,1,39,Debit,2021-06-27,会費,10E200140,福利厚生費,,,020,東京支店,9000,0,10A100020,現金,,,,,1296265,2021-06
658,1,39,Credit,2021-06-27,会費,10A100020,現金,,,000,共通部門,0,9000,10E200140,福利厚生費,,,,,99751620,2021-06
659,1,78,Debit,2021-06-27,業務委託費支払い,10E200020,販売手数料,,,030,名古屋支店,189000,0,10B100630,未払金,,,,,6582000,2021-06
659,1,78,Credit,2021-06-27,業務委託費支払い,10B100630,未払金,,,000,共通部門,0,189000,10E200020,販売手数料,,,,,10635636,2021-06
663,1,108,Debit,2021-06-28,コーヒー代2名,10E200150,交際費,,,040,大阪支店,1120,0,10A100020,現金,,,,,1076222,2021-06
663,1,108,Credit,2021-06-28,コーヒー代2名,10A100020,現金,,,000,共通部門,0,1120,10E200150,交際費,,,,,99750500,2021-06
664,1,149,Debit,2021-06-28,資金移動,10A100020,普通預金,20,ABC銀行 本店,000,共通部門,5500000,0,10A100020,普通預金,,,,,105250500,2021-06
664,1,149,Credit,2021-06-28,資金移動,10A100020,普通預金,10,DEF銀行 駅前,000,共通部門,0,5500000,10A100020,普通預金,,,,,99750500,2021-06
664,2,149,Debit,2021-06-28,資金移動,10A100020,普通預金,20,ABC銀行 本店,000,共通部門,4000000,0,10A100020,普通預金,,,,,103750500,2021-06
664,2,149,Credit,2021-06-28,資金移動,10A100020,普通預金,30,GHI銀行 名古屋,000,共通部門,0,4000000,10A100020,普通預金,,,,,99750500,2021-06
664,3,149,Debit,2021-06-28,資金移動,10A100020,普通預金,20,ABC銀行 本店,000,共通部門,3000000,0,10A100020,普通預金,,,,,102750500,2021-06
664,3,149,Credit,2021-06-28,資金移動,10A100020,普通預金,40,JKL銀行 梅田,000,共通部門,0,3000000,10A100020,普通預金,,,,,99750500,2021-06
664,4,149,Debit,2021-06-28,資金移動,10A100020,普通預金,20,ABC銀行 本店,000,共通部門,6000000,0,10A100020,普通預金,,,,,105750500,2021-06
664,4,149,Credit,2021-06-28,資金移動,10A100020,普通預金,50,MNO銀行 北九州,000,共通部門,0,6000000,10A100020,普通預金,,,,,99750500,2021-06
661,1,60,Debit,2021-06-28,旅費,10E201230,旅費及び交通費,,,020,東京支店,14500,0,10A100020,現金,,,,,3136340,2021-06
661,1,60,Credit,2021-06-28,旅費,10A100020,現金,,,000,共通部門,0,14500,10E201230,旅費及び交通費,,,,,99736000,2021-06
662,1,93,Debit,2021-06-28,修繕費,10E201000,修繕維持費,,,030,名古屋支店,17850,0,10B100630,未払金,,,,,176400,2021-06
662,1,93,Credit,2021-06-28,修繕費,10B100630,未払金,,,000,共通部門,0,17850,10E201000,修繕維持費,,,,,10653486,2021-06
665,1,83,Debit,2021-06-29,車両管理費,10E201120,車両費,,,030,名古屋支店,51500,0,10A100020,現金,,,,,1414653,2021-06
665,1,83,Credit,2021-06-29,車両管理費,10A100020,現金,,,000,共通部門,0,51500,10E201120,車両費,,,,,99684500,2021-06
666,1,1,Debit,2021-06-30,運賃 架空運送会社B,10E200870,運賃,,,010,札幌営業所,61350,0,10B100630,未払金,,,,,7211651,2021-06
666,1,1,Credit,2021-06-30,運賃 架空運送会社B,10B100630,未払金,,,000,共通部門,0,61350,10E200870,運賃,,,,,10714836,2021-06
682,1,100,Debit,2021-06-30,会費,10E200140,福利厚生費,,,040,大阪支店,6000,0,10A100020,現金,,,,,1302265,2021-06
682,1,100,Credit,2021-06-30,会費,10A100020,現金,,,000,共通部門,0,6000,10E200140,福利厚生費,,,,,99678500,2021-06
682,2,100,Debit,2021-06-30,保険料預かり分,10B100690,預り金,1,保険料,000,共通部門,734249,0,10A100020,普通預金,,,,,3688713,2021-06
682,2,100,Credit,2021-06-30,保険料預かり分,10A100020,普通預金,20,ABC銀行 本店,000,共通部門,0,734249,10B100690,預り金,,,,,98944251,2021-06
682,3,100,Debit,2021-06-30,保険料　事業主負担分,10E200540,法定福利費,,,020,東京支店,111192,0,10A100020,普通預金,,,,,1619603,2021-06
682,3,100,Credit,2021-06-30,保険料　事業主負担分,10A100020,普通預金,20,ABC銀行 本店,000,共通部門,0,111192,10E200540,法定福利費,,,,,98833059,2021-06
682,4,100,Debit,2021-06-30,保険料　事業主負担分,10E200540,法定福利費,,,020,東京支店,216077,0,10A100020,普通預金,,,,,1835680,2021-06
682,4,100,Credit,2021-06-30,保険料　事業主負担分,10A100020,普通預金,20,ABC銀行 本店,000,共通部門,0,216077,10E200540,法定福利費,,,,,98616982,2021-06
682,5,100,Debit,2021-06-30,保険料　事業主負担分,10E200540,法定福利費,,,010,札幌営業所,100704,0,10A100020,普通預金,,,,,1936384,2021-06
682,5,100,Credit,2021-06-30,保険料　事業主負担分,10A100020,普通預金,20,ABC銀行 本店,000,共通部門,0,100704,10E200540,法定福利費,,,,,98516278,2021-06
682,6,100,Debit,2021-06-30,保険料　事業主負担分,10E200540,法定福利費,,,030,名古屋支店,92652,0,10A100020,普通預金,,,,,2029036,2021-06
682,6,100,Credit,2021-06-30,保険料　事業主負担分,10A100020,普通預金,20,ABC銀行 本店,000,共通部門,0,92652,10E200540,法定福利費,,,,,98423626,2021-06
682,7,100,Debit,2021-06-30,保険料　事業主負担分,10E200540,法定福利費,,,040,大阪支店,147385,0,10A100020,普通預金,,,,,2176421,2021-06
682,7,100,Credit,2021-06-30,保険料　事業主負担分,10A100020,普通預金,20,ABC銀行 本店,000,共通部門,0,147385,10E200540,法定福利費,,,,,98276241,2021-06
682,8,100,Debit,2021-06-30,保険料　事業主負担分,10E200540,法定福利費,,,050,九州営業所,66245,0,10A100020,普通預金,,,,,2242666,2021-06
682,8,100,Credit,2021-06-30,保険料　事業主負担分,10A100020,普通預金,20,ABC銀行 本店,000,共通部門,0,66245,10E200540,法定福利費,,,,,98209996,2021-06
682,9,100,Debit,2021-06-30,児童拠出金　事業主負担分,10E200540,法定福利費,,,020,東京支店,9672,0,10A100020,普通預金,,,,,2252338,2021-06
682,9,100,Credit,2021-06-30,児童拠出金　事業主負担分,10A100020,普通預金,20,ABC銀行 本店,000,共通部門,0,9672,10E200540,法定福利費,,,,,98200324,2021-06
683,1,115,Debit,2021-06-30,保険料,10E200240,保険料,,,040,大阪支店,64500,0,10A100020,普通預金,,,,,756460,2021-06
683,1,115,Credit,2021-06-30,保険料,10A100020,普通預金,40,JKL銀行 梅田,000,共通部門,0,64500,10E200240,保険料,,,,,98135824,2021-06
684,1,120,Debit,2021-06-30,6月1日～6月30日分売上,10A100090,売掛金,5,東雲商会株式会社,000,共通部門,904048,0,10D100100,総売上高,,,,,13518438,2021-06
684,1,120,Credit,2021-06-30,6月1日～6月30日分売上,10D100100,総売上高,,,010,札幌営業所,0,904048,10A100090,売掛金,,,,,122431512,2021-06
684,2,120,Debit,2021-06-30,6月1日～6月30日分売上,10A100090,売掛金,25,株式会社ほのかマート,000,共通部門,2998818,0,10D100100,総売上高,,,,,16517256,2021-06
684,2,120,Credit,2021-06-30,6月1日～6月30日分売上,10D100100,総売上高,,,010,札幌営業所,0,2998818,10A100090,売掛金,,,,,125430330,2021-06
684,3,120,Debit,2021-06-30,6月1日～6月30日分売上,10A100090,売掛金,14,株式会社花咲商事,000,共通部門,1536704,0,10D100100,総売上高,,,,,18053960,2021-06
684,3,120,Credit,2021-06-30,6月1日～6月30日分売上,10D100100,総売上高,,,010,札幌営業所,0,1536704,10A100090,売掛金,,,,,126967034,2021-06
684,4,120,Debit,2021-06-30,6月1日～6月30日分売上,10D100110,売上値引及び戻り高,,,010,札幌営業所,66560,0,10A100090,売掛金,,,,,738960,2021-06
684,4,120,Credit,2021-06-30,6月1日～6月30日分売上,10A100090,売掛金,14,株式会社花咲商事,000,共通部門,0,66560,10D100110,売上値引及び戻り高,,,,,17987400,2021-06
685,1,121,Debit,2021-06-30,6月1日～6月30日分売上,10A100090,売掛金,12,株式会社緑野百貨店,000,共通部門,10195015,0,10D100100,総売上高,,,,,28182415,2021-06
685,1,121,Credit,2021-06-30,6月1日～6月30日分売上,10D100100,総売上高,,,020,東京支店,0,10195015,10A100090,売掛金,,,,,137162049,2021-06
685,2,121,Debit,2021-06-30,6月1日～6月30日分売上,10A100090,売掛金,2,株式会社桜丘百貨店,000,共通部門,14067110,0,10D100100,総売上高,,,,,42249525,2021-06
685,2,121,Credit,2021-06-30,6月1日～6月30日分売上,10D100100,総売上高,,,020,東京支店,0,14067110,10A100090,売掛金,,,,,151229159,2021-06
685,3,121,Debit,2021-06-30,6月1日～6月30日分売上,10A100090,売掛金,30,株式会社彩雲トレーディング,000,共通部門,1019738,0,10D100100,総売上高,,,,,43269263,2021-06
685,3,121,Credit,2021-06-30,6月1日～6月30日分売上,10D100100,総売上高,,,020,東京支店,0,1019738,10A100090,売掛金,,,,,152248897,2021-06
685,4,121,Debit,2021-06-30,6月1日～6月30日分売上,10A100090,売掛金,24,白峰商事株式会社,000,共通部門,602808,0,10D100100,総売上高,,,,,43872071,2021-06
685,4,121,Credit,2021-06-30,6月1日～6月30日分売上,10D100100,総売上高,,,020,東京支店,0,602808,10A100090,売掛金,,,,,152851705,2021-06
685,5,121,Debit,2021-06-30,6月1日～6月30日分売上,10A100090,売掛金,11,株式会社楓屋,000,共通部門,603296,0,10D100100,総売上高,,,,,44475367,2021-06
685,5,121,Credit,2021-06-30,6月1日～6月30日分売上,10D100100,総売上高,,,020,東京支店,0,603296,10A100090,売掛金,,,,,153455001,2021-06
685,6,121,Debit,2021-06-30,6月1日～6月30日分売上,10A100090,売掛金,13,星川商事株式会社,000,共通部門,1101380,0,10D100100,総売上高,,,,,45576747,2021-06
685,6,121,Credit,2021-06-30,6月1日～6月30日分売上,10D100100,総売上高,,,020,東京支店,0,1101380,10A100090,売掛金,,,,,154556381,2021-06
685,7,121,Debit,2021-06-30,6月1日～6月30日分売上,10A100090,売掛金,14,株式会社花咲商事,000,共通部門,1903676,0,10D100100,総売上高,,,,,47480423,2021-06
685,7,121,Credit,2021-06-30,6月1日～6月30日分売上,10D100100,総売上高,,,020,東京支店,0,1903676,10A100090,売掛金,,,,,156460057,2021-06
685,8,121,Debit,2021-06-30,6月1日～6月30日分売上,10A100090,売掛金,10,合同会社こもれび商事,000,共通部門,372176,0,10D100100,総売上高,,,,,47852599,2021-06
685,8,121,Credit,2021-06-30,6月1日～6月30日分売上,10D100100,総売上高,,,020,東京支店,0,372176,10A100090,売掛金,,,,,156832233,2021-06
685,9,121,Debit,2021-06-30,6月1日～6月30日分売上,10A100090,売掛金,26,若松販売株式会社,000,共通部門,763160,0,10D100100,総売上高,,,,,48615759,2021-06
685,9,121,Credit,2021-06-30,6月1日～6月30日分売上,10D100100,総売上高,,,020,東京支店,0,763160,10A100090,売掛金,,,,,157595393,2021-06
685,10,121,Debit,2021-06-30,6月1日～6月30日分売上,10D100110,売上値引及び戻り高,,,020,東京支店,40500,0,10A100090,売掛金,,,,,779460,2021-06
685,10,121,Credit,2021-06-30,6月1日～6月30日分売上,10A100090,売掛金,2,株式会社桜丘百貨店,000,共通部門,0,40500,10D100110,売上値引及び戻り高,,,,,48575259,2021-06
685,11,121,Debit,2021-06-30,6月1日～6月30日分売上,10D100110,売上値引及び戻り高,,,020,東京支店,64752,0,10A100090,売掛金,,,,,844212,2021-06
685,11,121,Credit,2021-06-30,6月1日～6月30日分売上,10A100090,売掛金,12,株式会社緑野百貨店,000,共通部門,0,64752,10D100110,売上値引及び戻り高,,,,,48510507,2021-06
686,1,122,Debit,2021-06-30,6月1日～6月30日分売上,10A100090,売掛金,27,晴海物産株式会社,000,共通部門,799276,0,10D100100,総売上高,,,,,49309783,2021-06
686,1,122,Credit,2021-06-30,6月1日～6月30日分売上,10D100100,総売上高,,,030,名古屋支店,0,799276,10A100090,売掛金,,,,,158394669,2021-06
686,2,122,Debit,2021-06-30,6月1日～6月30日分売上,10A100090,売掛金,7,株式会社光彩堂商事,000,共通部門,1108544,0,10D100100,総売上高,,,,,50418327,2021-06
686,2,122,Credit,2021-06-30,6月1日～6月30日分売上,10D100100,総売上高,,,030,名古屋支店,0,1108544,10A100090,売掛金,,,,,159503213,2021-06
686,3,122,Debit,2021-06-30,6月1日～6月30日分売上,10A100090,売掛金,6,株式会社瑞穂流通,000,共通部門,893412,0,10D100100,総売上高,,,,,51311739,2021-06
686,3,122,Credit,2021-06-30,6月1日～6月30日分売上,10D100100,総売上高,,,030,名古屋支店,0,893412,10A100090,売掛金,,,,,160396625,2021-06
686,4,122,Debit,2021-06-30,6月1日～6月30日分売上,10A100090,売掛金,14,株式会社花咲商事,000,共通部門,1472424,0,10D100100,総売上高,,,,,52784163,2021-06
686,4,122,Credit,2021-06-30,6月1日～6月30日分売上,10D100100,総売上高,,,030,名古屋支店,0,1472424,10A100090,売掛金,,,,,161869049,2021-06
686,5,122,Debit,2021-06-30,6月1日～6月30日分売上,10A100090,売掛金,19,株式会社南風商会,000,共通部門,804060,0,10D100100,総売上高,,,,,53588223,2021-06
686,5,122,Credit,2021-06-30,6月1日～6月30日分売上,10D100100,総売上高,,,030,名古屋支店,0,804060,10A100090,売掛金,,,,,162673109,2021-06
686,6,122,Debit,2021-06-30,6月1日～6月30日分売上,10A100090,売掛金,21,合同会社つばさ商店,000,共通部門,504450,0,10D100100,総売上高,,,,,54092673,2021-06
686,6,122,Credit,2021-06-30,6月1日～6月30日分売上,10D100100,総売上高,,,030,名古屋支店,0,504450,10A100090,売掛金,,,,,163177559,2021-06
686,7,122,Debit,2021-06-30,6月1日～6月30日分売上,10D100110,売上値引及び戻り高,,,030,名古屋支店,23376,0,10A100090,売掛金,,,,,867588,2021-06
686,7,122,Credit,2021-06-30,6月1日～6月30日分売上,10A100090,売掛金,14,株式会社花咲商事,000,共通部門,0,23376,10D100110,売上値引及び戻り高,,,,,54069297,2021-06
687,1,123,Debit,2021-06-30,6月1日～6月30日分売上,10A100090,売掛金,20,清和商事株式会社,000,共通部門,1016210,0,10D100100,総売上高,,,,,55085507,2021-06
687,1,123,Credit,2021-06-30,6月1日～6月30日分売上,10D100100,総売上高,,,040,大阪支店,0,1016210,10A100090,売掛金,,,,,164193769,2021-06
687,2,123,Debit,2021-06-30,6月1日～6月30日分売上,10A100090,売掛金,28,株式会社青葉百貨店,000,共通部門,5645572,0,10D100100,総売上高,,,,,60731079,2021-06
687,2,123,Credit,2021-06-30,6月1日～6月30日分売上,10D100100,総売上高,,,040,大阪支店,0,5645572,10A100090,売掛金,,,,,169839341,2021-06
687,3,123,Debit,2021-06-30,6月1日～6月30日分売上,10A100090,売掛金,4,株式会社ひなたマート,000,共通部門,908128,0,10D100100,総売上高,,,,,61639207,2021-06
687,3,123,Credit,2021-06-30,6月1日～6月30日分売上,10D100100,総売上高,,,040,大阪支店,0,908128,10A100090,売掛金,,,,,170747469,2021-06
687,4,123,Debit,2021-06-30,6月1日～6月30日分売上,10A100090,売掛金,14,株式会社花咲商事,000,共通部門,2319041,0,10D100100,総売上高,,,,,63958248,2021-06
687,4,123,Credit,2021-06-30,6月1日～6月30日分売上,10D100100,総売上高,,,040,大阪支店,0,2319041,10A100090,売掛金,,,,,173066510,2021-06
687,5,123,Debit,2021-06-30,6月1日～6月30日分売上,10A100090,売掛金,23,株式会社杉の木商店,000,共通部門,859929,0,10D100100,総売上高,,,,,64818177,2021-06
687,5,123,Credit,2021-06-30,6月1日～6月30日分売上,10D100100,総売上高,,,040,大阪支店,0,859929,10A100090,売掛金,,,,,173926439,2021-06
687,6,123,Debit,2021-06-30,6月1日～6月30日分売上,10A100090,売掛金,8,株式会社高原マーケット,000,共通部門,746892,0,10D100100,総売上高,,,,,65565069,2021-06
687,6,123,Credit,2021-06-30,6月1日～6月30日分売上,10D100100,総売上高,,,040,大阪支店,0,746892,10A100090,売掛金,,,,,174673331,2021-06
687,7,123,Debit,2021-06-30,6月1日～6月30日分売上,10A100090,売掛金,3,青凪商事株式会社,000,共通部門,335052,0,10D100100,総売上高,,,,,65900121,2021-06
687,7,123,Credit,2021-06-30,6月1日～6月30日分売上,10D100100,総売上高,,,040,大阪支店,0,335052,10A100090,売掛金,,,,,175008383,2021-06
687,8,123,Debit,2021-06-30,6月1日～6月30日分売上,10A100090,売掛金,9,朝凪物産株式会社,000,共通部門,746304,0,10D100100,総売上高,,,,,66646425,2021-06
687,8,123,Credit,2021-06-30,6月1日～6月30日分売上,10D100100,総売上高,,,040,大阪支店,0,746304,10A100090,売掛金,,,,,175754687,2021-06
687,9,123,Debit,2021-06-30,6月1日～6月30日分売上,10D100110,売上値引及び戻り高,,,040,大阪支店,28800,0,10A100090,売掛金,,,,,896388,2021-06
687,9,123,Credit,2021-06-30,6月1日～6月30日分売上,10A100090,売掛金,4,株式会社ひなたマート,000,共通部門,0,28800,10D100110,売上値引及び戻り高,,,,,66617625,2021-06
687,10,123,Debit,2021-06-30,6月1日～6月30日分売上,10D100110,売上値引及び戻り高,,,040,大阪支店,26496,0,10A100090,売掛金,,,,,922884,2021-06
687,10,123,Credit,2021-06-30,6月1日～6月30日分売上,10A100090,売掛金,28,株式会社青葉百貨店,000,共通部門,0,26496,10D100110,売上値引及び戻り高,,,,,66591129,2021-06
688,1,124,Debit,2021-06-30,6月1日～6月30日分売上,10A100090,売掛金,14,株式会社花咲商事,000,共通部門,1335240,0,10D100100,総売上高,,,,,67926369,2021-06
688,1,124,Credit,2021-06-30,6月1日～6月30日分売上,10D100100,総売上高,,,050,九州営業所,0,1335240,10A100090,売掛金,,,,,177089927,2021-06
688,2,124,Debit,2021-06-30,6月1日～6月30日分売上,10A100090,売掛金,29,株式会社小春サービス,000,共通部門,404352,0,10D100100,総売上高,,,,,68330721,2021-06
688,2,124,Credit,2021-06-30,6月1日～6月30日分売上,10D100100,総売上高,,,050,九州営業所,0,404352,10A100090,売掛金,,,,,177494279,2021-06
688,3,124,Debit,2021-06-30,6月1日～6月30日分売上,10A100090,売掛金,1,株式会社若葉百貨店,000,共通部門,1221480,0,10D100100,総売上高,,,,,69552201,2021-06
688,3,124,Credit,2021-06-30,6月1日～6月30日分売上,10D100100,総売上高,,,050,九州営業所,0,1221480,10A100090,売掛金,,,,,178715759,2021-06
688,4,124,Debit,2021-06-30,6月1日～6月30日分売上,10A100090,売掛金,22,株式会社豊原産業,000,共通部門,915480,0,10D100100,総売上高,,,,,70467681,2021-06
688,4,124,Credit,2021-06-30,6月1日～6月30日分売上,10D100100,総売上高,,,050,九州営業所,0,915480,10A100090,売掛金,,,,,179631239,2021-06
688,5,124,Debit,2021-06-30,6月1日～6月30日分売上,10D100110,売上値引及び戻り高,,,050,九州営業所,21600,0,10A100090,売掛金,,,,,944484,2021-06
688,5,124,Credit,2021-06-30,6月1日～6月30日分売上,10A100090,売掛金,1,株式会社若葉百貨店,000,共通部門,0,21600,10D100110,売上値引及び戻り高,,,,,70446081,2021-06
689,1,125,Debit,2021-06-30,6月30日伝票No248株式会社ひなたマート,10A100020,普通預金,40,JKL銀行 梅田,000,共通部門,1273800,0,10A100090,売掛金,,,,,99409624,2021-06
689,1,125,Credit,2021-06-30,6月30日伝票No248株式会社ひなたマート,10A100090,売掛金,4,株式会社ひなたマート,000,共通部門,0,1273800,10A100020,普通預金,,,,,69172281,2021-06
689,2,125,Debit,2021-06-30,6月30日伝票No248株式会社ひなたマート,10E200690,支払手数料,,,040,大阪支店,840,0,10A100090,売掛金,,,,,33283,2021-06
689,2,125,Credit,2021-06-30,6月30日伝票No248株式会社ひなたマート,10A100090,売掛金,4,株式会社ひなたマート,000,共通部門,0,840,10E200690,支払手数料,,,,,69171441,2021-06
690,1,126,Debit,2021-06-30,6月30日伝票No249東雲商会株式会社,10A100020,普通預金,10,DEF銀行 駅前,000,共通部門,1203760,0,10A100090,売掛金,,,,,100613384,2021-06
690,1,126,Credit,2021-06-30,6月30日伝票No249東雲商会株式会社,10A100090,売掛金,5,東雲商会株式会社,000,共通部門,0,1203760,10A100020,普通預金,,,,,67967681,2021-06
690,2,126,Debit,2021-06-30,6月30日伝票No249東雲商会株式会社,10E200690,支払手数料,,,010,札幌営業所,840,0,10A100090,売掛金,,,,,34123,2021-06
690,2,126,Credit,2021-06-30,6月30日伝票No249東雲商会株式会社,10A100090,売掛金,5,東雲商会株式会社,000,共通部門,0,840,10E200690,支払手数料,,,,,67966841,2021-06
691,1,127,Debit,2021-06-30,6月30日伝票No250株式会社緑野百貨店 | 売上伝票=20210531-115;手形番号=R20210630-127-12,10A100060,受取手形,,,000,共通部門,8000694,0,10A100090,売掛金,,,,,85235090,2021-06
691,1,127,Credit,2021-06-30,6月30日伝票No250株式会社緑野百貨店 | 売上伝票=20210531-115;手形番号=R20210630-127-12,10A100090,売掛金,12,株式会社緑野百貨店,000,共通部門,0,8000694,10A100060,受取手形,,,,,59966147,2021-06
692,1,128,Debit,2021-06-30,収入印紙,10E200210,租税公課,,,010,札幌営業所,4000,0,10A100020,現金,,,,,135000,2021-06
692,1,128,Credit,2021-06-30,収入印紙,10A100020,現金,,,000,共通部門,0,4000,10E200210,租税公課,,,,,100609384,2021-06
692,2,128,Debit,2021-06-30,6月30日伝票No251白峰商事株式会社,10A100020,普通預金,20,ABC銀行 本店,000,共通部門,729494,0,10A100090,売掛金,,,,,101338878,2021-06
692,2,128,Credit,2021-06-30,6月30日伝票No251白峰商事株式会社,10A100090,売掛金,24,白峰商事株式会社,000,共通部門,0,729494,10A100020,普通預金,,,,,59236653,2021-06
692,3,128,Debit,2021-06-30,6月30日伝票No251白峰商事株式会社,10E200690,支払手数料,,,020,東京支店,630,0,10A100090,売掛金,,,,,34753,2021-06
692,3,128,Credit,2021-06-30,6月30日伝票No251白峰商事株式会社,10A100090,売掛金,24,白峰商事株式会社,000,共通部門,0,630,10E200690,支払手数料,,,,,59236023,2021-06
693,1,129,Debit,2021-06-30,6月30日伝票No252株式会社小春サービス,10A100020,普通預金,50,MNO銀行 北九州,000,共通部門,843450,0,10A100090,売掛金,,,,,102182328,2021-06
693,1,129,Credit,2021-06-30,6月30日伝票No252株式会社小春サービス,10A100090,売掛金,29,株式会社小春サービス,000,共通部門,0,843450,10A100020,普通預金,,,,,58392573,2021-06
693,2,129,Debit,2021-06-30,6月30日伝票No252株式会社小春サービス,10E200690,支払手数料,,,050,九州営業所,210,0,10A100090,売掛金,,,,,34963,2021-06
693,2,129,Credit,2021-06-30,6月30日伝票No252株式会社小春サービス,10A100090,売掛金,29,株式会社小春サービス,000,共通部門,0,210,10E200690,支払手数料,,,,,58392363,2021-06
694,1,130,Debit,2021-06-30,6月30日伝票No452合同会社こもれび商事,10A100020,現金,,,000,共通部門,560672,0,10A100090,売掛金,,,,,102743000,2021-06
694,1,130,Credit,2021-06-30,6月30日伝票No452合同会社こもれび商事,10A100090,売掛金,10,合同会社こもれび商事,000,共通部門,0,560672,10A100020,現金,,,,,57831691,2021-06
695,1,131,Debit,2021-06-30,6月1日～6月30日分仕入,10E100130,当期商品仕入高,,,010,札幌営業所,77565,0,10B100040,買掛金,,,,,73014828,2021-06
695,1,131,Credit,2021-06-30,6月1日～6月30日分仕入,10B100040,買掛金,2,株式会社双葉物産,000,共通部門,0,77565,10E100130,当期商品仕入高,,,,,30373577,2021-06
695,2,131,Debit,2021-06-30,6月1日～6月30日分仕入,10E100130,当期商品仕入高,,,010,札幌営業所,49392,0,10B100040,買掛金,,,,,73064220,2021-06
695,2,131,Credit,2021-06-30,6月1日～6月30日分仕入,10B100040,買掛金,8,株式会社白樺商事,000,共通部門,0,49392,10E100130,当期商品仕入高,,,,,30422969,2021-06
696,1,132,Debit,2021-06-30,6月1日～6月30日分仕入,10E100130,当期商品仕入高,,,020,東京支店,4187544,0,10B100040,買掛金,,,,,77251764,2021-06
696,1,132,Credit,2021-06-30,6月1日～6月30日分仕入,10B100040,買掛金,11,株式会社花園商会,000,共通部門,0,4187544,10E100130,当期商品仕入高,,,,,34610513,2021-06
696,2,132,Debit,2021-06-30,6月1日～6月30日分仕入,10E100130,当期商品仕入高,,,020,東京支店,5813524,0,10B100040,買掛金,,,,,83065288,2021-06
696,2,132,Credit,2021-06-30,6月1日～6月30日分仕入,10B100040,買掛金,1,株式会社北辰商事,000,共通部門,0,5813524,10E100130,当期商品仕入高,,,,,40424037,2021-06
696,3,132,Debit,2021-06-30,6月1日～6月30日分仕入,10E100130,当期商品仕入高,,,020,東京支店,2864586,0,10B100040,買掛金,,,,,85929874,2021-06
696,3,132,Credit,2021-06-30,6月1日～6月30日分仕入,10B100040,買掛金,14,合同会社あかね商会,000,共通部門,0,2864586,10E100130,当期商品仕入高,,,,,43288623,2021-06
696,4,132,Debit,2021-06-30,6月1日～6月30日分仕入,10E100130,当期商品仕入高,,,020,東京支店,3136658,0,10B100040,買掛金,,,,,89066532,2021-06
696,4,132,Credit,2021-06-30,6月1日～6月30日分仕入,10B100040,買掛金,3,青凪商事株式会社,000,共通部門,0,3136658,10E100130,当期商品仕入高,,,,,46425281,2021-06
696,5,132,Debit,2021-06-30,6月1日～6月30日分仕入,10E100130,当期商品仕入高,,,020,東京支店,1224976,0,10B100040,買掛金,,,,,90291508,2021-06
696,5,132,Credit,2021-06-30,6月1日～6月30日分仕入,10B100040,買掛金,13,朝日野産業株式会社,000,共通部門,0,1224976,10E100130,当期商品仕入高,,,,,47650257,2021-06
696,6,132,Debit,2021-06-30,6月1日～6月30日分仕入,10B100040,買掛金,13,朝日野産業株式会社,000,共通部門,14784,0,10E100120,仕入値引及び戻し高,,,,,47635473,2021-06
696,6,132,Credit,2021-06-30,6月1日～6月30日分仕入,10E100120,仕入値引及び戻し高,,,020,東京支店,0,14784,10B100040,買掛金,,,,,449153,2021-06
696,7,132,Debit,2021-06-30,6月1日～6月30日分仕入,10E100130,当期商品仕入高,,,020,東京支店,316537,0,10B100040,買掛金,,,,,90608045,2021-06
696,7,132,Credit,2021-06-30,6月1日～6月30日分仕入,10B100040,買掛金,12,株式会社泉川商事,000,共通部門,0,316537,10E100130,当期商品仕入高,,,,,47952010,2021-06
696,8,132,Debit,2021-06-30,6月1日～6月30日分仕入,10B100040,買掛金,11,株式会社花園商会,000,共通部門,67512,0,10E100120,仕入値引及び戻し高,,,,,47884498,2021-06
696,8,132,Credit,2021-06-30,6月1日～6月30日分仕入,10E100120,仕入値引及び戻し高,,,020,東京支店,0,67512,10B100040,買掛金,,,,,516665,2021-06
696,9,132,Debit,2021-06-30,6月1日～6月30日分仕入,10E100130,当期商品仕入高,,,020,東京支店,222264,0,10B100040,買掛金,,,,,90830309,2021-06
696,9,132,Credit,2021-06-30,6月1日～6月30日分仕入,10B100040,買掛金,8,株式会社白樺商事,000,共通部門,0,222264,10E100130,当期商品仕入高,,,,,48106762,2021-06
696,10,132,Debit,2021-06-30,6月1日～6月30日分仕入,10B100040,買掛金,3,青凪商事株式会社,000,共通部門,20580,0,10E100120,仕入値引及び戻し高,,,,,48086182,2021-06
696,10,132,Credit,2021-06-30,6月1日～6月30日分仕入,10E100120,仕入値引及び戻し高,,,020,東京支店,0,20580,10B100040,買掛金,,,,,537245,2021-06
696,11,132,Debit,2021-06-30,6月1日～6月30日分仕入,10E100130,当期商品仕入高,,,020,東京支店,616209,0,10B100040,買掛金,,,,,91446518,2021-06
696,11,132,Credit,2021-06-30,6月1日～6月30日分仕入,10B100040,買掛金,2,株式会社双葉物産,000,共通部門,0,616209,10E100130,当期商品仕入高,,,,,48702391,2021-06
697,1,133,Debit,2021-06-30,6月1日～6月30日分仕入,10E100130,当期商品仕入高,,,030,名古屋支店,3490290,0,10B100040,買掛金,,,,,94936808,2021-06
697,1,133,Credit,2021-06-30,6月1日～6月30日分仕入,10B100040,買掛金,7,株式会社夕凪商会,000,共通部門,0,3490290,10E100130,当期商品仕入高,,,,,52192681,2021-06
697,2,133,Debit,2021-06-30,6月1日～6月30日分仕入,10E100130,当期商品仕入高,,,030,名古屋支店,1712425,0,10B100040,買掛金,,,,,96649233,2021-06
697,2,133,Credit,2021-06-30,6月1日～6月30日分仕入,10B100040,買掛金,9,東原産業株式会社,000,共通部門,0,1712425,10E100130,当期商品仕入高,,,,,53905106,2021-06
697,3,133,Debit,2021-06-30,6月1日～6月30日分仕入,10E100130,当期商品仕入高,,,030,名古屋支店,1109128,0,10B100040,買掛金,,,,,97758361,2021-06
697,3,133,Credit,2021-06-30,6月1日～6月30日分仕入,10B100040,買掛金,15,株式会社麦穂商事,000,共通部門,0,1109128,10E100130,当期商品仕入高,,,,,55014234,2021-06
697,4,133,Debit,2021-06-30,6月1日～6月30日分仕入,10E100130,当期商品仕入高,,,030,名古屋支店,116346,0,10B100040,買掛金,,,,,97874707,2021-06
697,4,133,Credit,2021-06-30,6月1日～6月30日分仕入,10B100040,買掛金,2,株式会社双葉物産,000,共通部門,0,116346,10E100130,当期商品仕入高,,,,,55130580,2021-06
697,5,133,Debit,2021-06-30,6月1日～6月30日分仕入,10E100130,当期商品仕入高,,,030,名古屋支店,24696,0,10B100040,買掛金,,,,,97899403,2021-06
697,5,133,Credit,2021-06-30,6月1日～6月30日分仕入,10B100040,買掛金,8,株式会社白樺商事,000,共通部門,0,24696,10E100130,当期商品仕入高,,,,,55155276,2021-06
697,6,133,Debit,2021-06-30,6月1日～6月30日分仕入,10B100040,買掛金,7,株式会社夕凪商会,000,共通部門,42806,0,10E100120,仕入値引及び戻し高,,,,,55112470,2021-06
697,6,133,Credit,2021-06-30,6月1日～6月30日分仕入,10E100120,仕入値引及び戻し高,,,030,名古屋支店,0,42806,10B100040,買掛金,,,,,580051,2021-06
698,1,134,Debit,2021-06-30,6月1日～6月30日分仕入,10E100130,当期商品仕入高,,,040,大阪支店,3040340,0,10B100040,買掛金,,,,,100939743,2021-06
698,1,134,Credit,2021-06-30,6月1日～6月30日分仕入,10B100040,買掛金,10,光野販売株式会社,000,共通部門,0,3040340,10E100130,当期商品仕入高,,,,,58152810,2021-06
698,2,134,Debit,2021-06-30,6月1日～6月30日分仕入,10E100130,当期商品仕入高,,,040,大阪支店,3482789,0,10B100040,買掛金,,,,,104422532,2021-06
698,2,134,Credit,2021-06-30,6月1日～6月30日分仕入,10B100040,買掛金,6,株式会社日向産業,000,共通部門,0,3482789,10E100130,当期商品仕入高,,,,,61635599,2021-06
698,3,134,Debit,2021-06-30,6月1日～6月30日分仕入,10E100130,当期商品仕入高,,,040,大阪支店,3702978,0,10B100040,買掛金,,,,,108125510,2021-06
698,3,134,Credit,2021-06-30,6月1日～6月30日分仕入,10B100040,買掛金,5,千草商事株式会社,000,共通部門,0,3702978,10E100130,当期商品仕入高,,,,,65338577,2021-06
698,4,134,Debit,2021-06-30,6月1日～6月30日分仕入,10E100130,当期商品仕入高,,,040,大阪支店,888656,0,10B100040,買掛金,,,,,109014166,2021-06
698,4,134,Credit,2021-06-30,6月1日～6月30日分仕入,10B100040,買掛金,4,株式会社和泉流通,000,共通部門,0,888656,10E100130,当期商品仕入高,,,,,66227233,2021-06
698,5,134,Debit,2021-06-30,6月1日～6月30日分仕入,10E100130,当期商品仕入高,,,040,大阪支店,349042,0,10B100040,買掛金,,,,,109363208,2021-06
698,5,134,Credit,2021-06-30,6月1日～6月30日分仕入,10B100040,買掛金,2,株式会社双葉物産,000,共通部門,0,349042,10E100130,当期商品仕入高,,,,,66576275,2021-06
698,6,134,Debit,2021-06-30,6月1日～6月30日分仕入,10B100040,買掛金,10,光野販売株式会社,000,共通部門,20160,0,10E100120,仕入値引及び戻し高,,,,,66556115,2021-06
698,6,134,Credit,2021-06-30,6月1日～6月30日分仕入,10E100120,仕入値引及び戻し高,,,040,大阪支店,0,20160,10B100040,買掛金,,,,,600211,2021-06
698,7,134,Debit,2021-06-30,6月1日～6月30日分仕入,10E100130,当期商品仕入高,,,040,大阪支店,44452,0,10B100040,買掛金,,,,,109407660,2021-06
698,7,134,Credit,2021-06-30,6月1日～6月30日分仕入,10B100040,買掛金,8,株式会社白樺商事,000,共通部門,0,44452,10E100130,当期商品仕入高,,,,,66600567,2021-06
698,8,134,Debit,2021-06-30,6月1日～6月30日分仕入,10B100040,買掛金,5,千草商事株式会社,000,共通部門,22596,0,10E100120,仕入値引及び戻し高,,,,,66577971,2021-06
698,8,134,Credit,2021-06-30,6月1日～6月30日分仕入,10E100120,仕入値引及び戻し高,,,040,大阪支店,0,22596,10B100040,買掛金,,,,,622807,2021-06
698,9,134,Debit,2021-06-30,6月1日～6月30日分仕入,10B100040,買掛金,6,株式会社日向産業,000,共通部門,23436,0,10E100120,仕入値引及び戻し高,,,,,66554535,2021-06
698,9,134,Credit,2021-06-30,6月1日～6月30日分仕入,10E100120,仕入値引及び戻し高,,,040,大阪支店,0,23436,10B100040,買掛金,,,,,646243,2021-06
699,1,135,Debit,2021-06-30,6月1日～6月30日分仕入,10E100130,当期商品仕入高,,,050,九州営業所,137893,0,10B100040,買掛金,,,,,109545553,2021-06
699,1,135,Credit,2021-06-30,6月1日～6月30日分仕入,10B100040,買掛金,2,株式会社双葉物産,000,共通部門,0,137893,10E100130,当期商品仕入高,,,,,66692428,2021-06
699,2,135,Debit,2021-06-30,6月1日～6月30日分仕入,10E100130,当期商品仕入高,,,050,九州営業所,49392,0,10B100040,買掛金,,,,,109594945,2021-06
699,2,135,Credit,2021-06-30,6月1日～6月30日分仕入,10B100040,買掛金,8,株式会社白樺商事,000,共通部門,0,49392,10E100130,当期商品仕入高,,,,,66741820,2021-06
700,1,136,Debit,2021-06-30,6月30日伝票No161株式会社双葉物産,10B100040,買掛金,2,株式会社双葉物産,000,共通部門,1295468,0,10A100020,普通預金,,,,,65446352,2021-06
700,1,136,Credit,2021-06-30,6月30日伝票No161株式会社双葉物産,10A100020,普通預金,20,ABC銀行 本店,000,共通部門,0,1295468,10B100040,買掛金,,,,,101447532,2021-06
701,1,137,Debit,2021-06-30,有線,10E201270,雑費,,,040,大阪支店,6000,0,10B100630,未払金,,,,,1171442,2021-06
701,1,137,Credit,2021-06-30,有線,10B100630,未払金,,,000,共通部門,0,6000,10E201270,雑費,,,,,10720836,2021-06
701,2,137,Debit,2021-06-30,警備料,10E201270,雑費,,,040,大阪支店,42858,0,10B100630,未払金,,,,,1214300,2021-06
701,2,137,Credit,2021-06-30,警備料,10B100630,未払金,,,000,共通部門,0,42858,10E201270,雑費,,,,,10763694,2021-06
701,3,137,Debit,2021-06-30,高速料,10E201120,車両費,,,040,大阪支店,53315,0,10A100020,普通預金,,,,,1467968,2021-06
701,3,137,Credit,2021-06-30,高速料,10A100020,普通預金,40,JKL銀行 梅田,000,共通部門,0,53315,10E201120,車両費,,,,,101394217,2021-06
701,4,137,Debit,2021-06-30,清掃料,10E201270,雑費,,,040,大阪支店,73500,0,10B100630,未払金,,,,,1287800,2021-06
701,4,137,Credit,2021-06-30,清掃料,10B100630,未払金,,,000,共通部門,0,73500,10E201270,雑費,,,,,10837194,2021-06
701,5,137,Debit,2021-06-30,6月30日伝票No162千草商事株式会社,10B100040,買掛金,5,千草商事株式会社,000,共通部門,3722134,0,10B100030,支払手形,,,,,61724218,2021-06
701,5,137,Credit,2021-06-30,6月30日伝票No162千草商事株式会社,10B100030,支払手形,,,000,共通部門,0,3722134,10B100040,買掛金,,,,,48434722,2021-06
702,1,138,Debit,2021-06-30,6月30日伝票No163株式会社夕凪商会,10B100040,買掛金,7,株式会社夕凪商会,000,共通部門,3532422,0,10A100020,普通預金,,,,,58191796,2021-06
702,1,138,Credit,2021-06-30,6月30日伝票No163株式会社夕凪商会,10A100020,普通預金,20,ABC銀行 本店,000,共通部門,0,3532422,10B100040,買掛金,,,,,97861795,2021-06
703,1,139,Debit,2021-06-30,6月30日伝票No164東原産業株式会社,10B100040,買掛金,9,東原産業株式会社,000,共通部門,1759143,0,10B100030,支払手形,,,,,56432653,2021-06
703,1,139,Credit,2021-06-30,6月30日伝票No164東原産業株式会社,10B100030,支払手形,,,000,共通部門,0,1759143,10B100040,買掛金,,,,,50193865,2021-06
704,1,140,Debit,2021-06-30,6月30日伝票No165光野販売株式会社,10B100040,買掛金,10,光野販売株式会社,000,共通部門,2974673,0,10B100030,支払手形,,,,,53457980,2021-06
704,1,140,Credit,2021-06-30,6月30日伝票No165光野販売株式会社,10B100030,支払手形,,,000,共通部門,0,2974673,10B100040,買掛金,,,,,53168538,2021-06
705,1,141,Debit,2021-06-30,6月30日伝票No166株式会社泉川商事,10B100040,買掛金,12,株式会社泉川商事,000,共通部門,330220,0,10A100020,普通預金,,,,,53127760,2021-06
705,1,141,Credit,2021-06-30,6月30日伝票No166株式会社泉川商事,10A100020,普通預金,20,ABC銀行 本店,000,共通部門,0,330220,10B100040,買掛金,,,,,97531575,2021-06
706,1,142,Debit,2021-06-30,6月30日伝票No167朝日野産業株式会社,10B100040,買掛金,13,朝日野産業株式会社,000,共通部門,1263652,0,10A100020,普通預金,,,,,51864108,2021-06
706,1,142,Credit,2021-06-30,6月30日伝票No167朝日野産業株式会社,10A100020,普通預金,20,ABC銀行 本店,000,共通部門,0,1263652,10B100040,買掛金,,,,,96267923,2021-06
707,1,143,Debit,2021-06-30,6月30日伝票No168合同会社あかね商会,10B100040,買掛金,14,合同会社あかね商会,000,共通部門,2895984,0,10A100020,普通預金,,,,,48968124,2021-06
707,1,143,Credit,2021-06-30,6月30日伝票No168合同会社あかね商会,10A100020,普通預金,20,ABC銀行 本店,000,共通部門,0,2895984,10B100040,買掛金,,,,,93371939,2021-06
708,1,144,Debit,2021-06-30,6月30日伝票No169株式会社麦穂商事,10B100040,買掛金,15,株式会社麦穂商事,000,共通部門,1154355,0,10A100020,普通預金,,,,,47813769,2021-06
708,1,144,Credit,2021-06-30,6月30日伝票No169株式会社麦穂商事,10A100020,普通預金,20,ABC銀行 本店,000,共通部門,0,1154355,10B100040,買掛金,,,,,92217584,2021-06
708,2,144,Debit,2021-06-30,手形満期 株式会社青葉百貨店 | 手形番号=R20210410-258-28,10A100020,当座預金,1,ABC銀行,000,共通部門,7862107,0,10A100060,受取手形,,,,,100079691,2021-06
708,2,144,Credit,2021-06-30,手形満期 株式会社青葉百貨店 | 手形番号=R20210410-258-28,10A100060,受取手形,,,000,共通部門,0,7862107,10A100020,当座預金,,,,,77372983,2021-06
709,1,145,Debit,2021-06-30,運賃,10E200870,運賃,,,050,九州営業所,142450,0,10B100630,未払金,,,,,7354101,2021-06
709,1,145,Credit,2021-06-30,運賃,10B100630,未払金,,,000,共通部門,0,142450,10E200870,運賃,,,,,10979644,2021-06
709,2,145,Debit,2021-06-30,手形満期 株式会社桜丘百貨店 | 仮手形番号=U20210630-145-2;受取仕訳未特定,10A100020,当座預金,1,ABC銀行,000,共通部門,13932999,0,10A100060,受取手形,,,,,114012690,2021-06
709,2,145,Credit,2021-06-30,手形満期 株式会社桜丘百貨店 | 仮手形番号=U20210630-145-2;受取仕訳未特定,10A100060,受取手形,,,000,共通部門,0,13932999,10A100020,当座預金,,,,,63439984,2021-06
710,1,146,Debit,2021-06-30,手形期日落日 千草商事株式会社,10B100030,支払手形,,,000,共通部門,4161432,0,10A100020,当座預金,,,,,49007106,2021-06
710,1,146,Credit,2021-06-30,手形期日落日 千草商事株式会社,10A100020,当座預金,1,ABC銀行,000,共通部門,0,4161432,10B100030,支払手形,,,,,109851258,2021-06
710,2,146,Debit,2021-06-30,手形期日落日 東原産業株式会社,10B100030,支払手形,,,000,共通部門,1798460,0,10A100020,当座預金,,,,,47208646,2021-06
710,2,146,Credit,2021-06-30,手形期日落日 東原産業株式会社,10A100020,当座預金,1,ABC銀行,000,共通部門,0,1798460,10B100030,支払手形,,,,,108052798,2021-06
710,3,146,Debit,2021-06-30,手形期日落日 光野販売株式会社,10B100030,支払手形,,,000,共通部門,3129144,0,10A100020,当座預金,,,,,44079502,2021-06
710,3,146,Credit,2021-06-30,手形期日落日 光野販売株式会社,10A100020,当座預金,1,ABC銀行,000,共通部門,0,3129144,10B100030,支払手形,,,,,104923654,2021-06
711,1,151,Debit,2021-06-30,貸付金返済,10A100020,普通預金,20,ABC銀行 本店,000,共通部門,40000,0,10A100610,短期貸付金,,,,,104963654,2021-06
711,1,151,Credit,2021-06-30,貸付金返済,10A100610,短期貸付金,,,000,共通部門,0,40000,10A100020,普通預金,,,,,360000,2021-06
712,1,152,Debit,2021-06-30,定期積立金,10A100020,定期積金,,,000,共通部門,500000,0,10A100020,普通預金,,,,,105463654,2021-06
712,1,152,Credit,2021-06-30,定期積立金,10A100020,普通預金,20,ABC銀行 本店,000,共通部門,0,500000,10A100020,定期積金,,,,,104963654,2021-06
712,2,152,Debit,2021-06-30,保険積立金,10A230570,保険積立金,,,000,共通部門,125000,0,10A100020,普通預金,,,,,1903000,2021-06
712,2,152,Credit,2021-06-30,保険積立金,10A100020,普通預金,20,ABC銀行 本店,000,共通部門,0,125000,10A230570,保険積立金,,,,,104838654,2021-06
713,1,153,Debit,2021-06-30,借入金返済,10B100790,短期借入金,,,000,共通部門,653500,0,10A100020,当座預金,,,,,5881500,2021-06
713,1,153,Credit,2021-06-30,借入金返済,10A100020,当座預金,1,ABC銀行,000,共通部門,0,653500,10B100790,短期借入金,,,,,104185154,2021-06
713,2,153,Debit,2021-06-30,利息,10E300020,支払利息,,,020,東京支店,32675,0,10A100020,当座預金,,,,,390376,2021-06
713,2,153,Credit,2021-06-30,利息,10A100020,当座預金,1,ABC銀行,000,共通部門,0,32675,10E300020,支払利息,,,,,104152479,2021-06
667,1,36,Debit,2021-06-30,運賃 架空運送会社A,10E200870,運賃,,,020,東京支店,1637000,0,10B100630,未払金,,,,,8991101,2021-06
667,1,36,Credit,2021-06-30,運賃 架空運送会社A,10B100630,未払金,,,000,共通部門,0,1637000,10E200870,運賃,,,,,12616644,2021-06
667,2,36,Debit,2021-06-30,運賃 架空運送会社B,10E200870,運賃,,,020,東京支店,805743,0,10B100630,未払金,,,,,9796844,2021-06
667,2,36,Credit,2021-06-30,運賃 架空運送会社B,10B100630,未払金,,,000,共通部門,0,805743,10E200870,運賃,,,,,13422387,2021-06
668,1,40,Debit,2021-06-30,広告掲載,10E200050,広告宣伝費,,,020,東京支店,50000,0,10B100630,未払金,,,,,507700,2021-06
668,1,40,Credit,2021-06-30,広告掲載,10B100630,未払金,,,000,共通部門,0,50000,10E200050,広告宣伝費,,,,,13472387,2021-06
669,1,49,Debit,2021-06-30,ガソリン代,10E201120,車両費,,,020,東京支店,120000,0,10A100020,普通預金,,,,,1587968,2021-06
669,1,49,Credit,2021-06-30,ガソリン代,10A100020,普通預金,20,ABC銀行 本店,000,共通部門,0,120000,10E201120,車両費,,,,,104032479,2021-06
670,1,63,Debit,2021-06-30,保険料,10E200240,保険料,,,020,東京支店,81000,0,10A100020,普通預金,,,,,837460,2021-06
670,1,63,Credit,2021-06-30,保険料,10A100020,普通預金,20,ABC銀行 本店,000,共通部門,0,81000,10E200240,保険料,,,,,103951479,2021-06
671,1,67,Debit,2021-06-30,会費支払い,10E201140,諸会費,,,020,東京支店,30000,0,10A100020,現金,,,,,348000,2021-06
671,1,67,Credit,2021-06-30,会費支払い,10A100020,現金,,,000,共通部門,0,30000,10E201140,諸会費,,,,,103921479,2021-06
672,1,70,Debit,2021-06-30,有線,10E201270,雑費,,,020,東京支店,6000,0,10B100630,未払金,,,,,1293800,2021-06
672,1,70,Credit,2021-06-30,有線,10B100630,未払金,,,000,共通部門,0,6000,10E201270,雑費,,,,,13478387,2021-06
672,2,70,Debit,2021-06-30,警備料,10E201270,雑費,,,020,東京支店,52381,0,10B100630,未払金,,,,,1346181,2021-06
672,2,70,Credit,2021-06-30,警備料,10B100630,未払金,,,000,共通部門,0,52381,10E201270,雑費,,,,,13530768,2021-06
672,3,70,Debit,2021-06-30,高速料,10E201120,車両費,,,020,東京支店,63350,0,10A100020,普通預金,,,,,1651318,2021-06
672,3,70,Credit,2021-06-30,高速料,10A100020,普通預金,20,ABC銀行 本店,000,共通部門,0,63350,10E201120,車両費,,,,,103858129,2021-06
672,4,70,Debit,2021-06-30,清掃料,10E201270,雑費,,,020,東京支店,73500,0,10B100630,未払金,,,,,1419681,2021-06
672,4,70,Credit,2021-06-30,清掃料,10B100630,未払金,,,000,共通部門,0,73500,10E201270,雑費,,,,,13604268,2021-06
673,1,77,Debit,2021-06-30,運賃,10E200870,運賃,,,030,名古屋支店,149265,0,10B100630,未払金,,,,,9946109,2021-06
673,1,77,Credit,2021-06-30,運賃,10B100630,未払金,,,000,共通部門,0,149265,10E200870,運賃,,,,,13753533,2021-06
674,1,79,Debit,2021-06-30,保険料,10E200240,保険料,,,030,名古屋支店,62000,0,10A100020,普通預金,,,,,899460,2021-06
674,1,79,Credit,2021-06-30,保険料,10A100020,普通預金,30,GHI銀行 名古屋,000,共通部門,0,62000,10E200240,保険料,,,,,103796129,2021-06
675,1,80,Debit,2021-06-30,保険料支払い,10E200240,保険料,,,050,九州営業所,57000,0,10A100020,普通預金,,,,,956460,2021-06
675,1,80,Credit,2021-06-30,保険料支払い,10A100020,普通預金,50,MNO銀行 北九州,000,共通部門,0,57000,10E200240,保険料,,,,,103739129,2021-06
676,1,82,Debit,2021-06-30,消耗品費　部門配賦,10E200200,消耗品費,,,010,札幌営業所,28442,0,10E200200,消耗品費,,,,,909283,2021-06
676,1,82,Credit,2021-06-30,消耗品費　部門配賦,10E200200,消耗品費,,,000,共通部門,0,28442,10E200200,消耗品費,,,,,880841,2021-06
676,2,82,Debit,2021-06-30,消耗品費　部門配賦,10E200200,消耗品費,,,020,東京支店,124116,0,10E200200,消耗品費,,,,,1004957,2021-06
676,2,82,Credit,2021-06-30,消耗品費　部門配賦,10E200200,消耗品費,,,000,共通部門,0,124116,10E200200,消耗品費,,,,,880841,2021-06
676,3,82,Debit,2021-06-30,消耗品費　部門配賦,10E200200,消耗品費,,,030,名古屋支店,25857,0,10E200200,消耗品費,,,,,906698,2021-06
676,3,82,Credit,2021-06-30,消耗品費　部門配賦,10E200200,消耗品費,,,000,共通部門,0,25857,10E200200,消耗品費,,,,,880841,2021-06
676,4,82,Debit,2021-06-30,消耗品費　部門配賦,10E200200,消耗品費,,,040,大阪支店,62057,0,10E200200,消耗品費,,,,,942898,2021-06
676,4,82,Credit,2021-06-30,消耗品費　部門配賦,10E200200,消耗品費,,,000,共通部門,0,62057,10E200200,消耗品費,,,,,880841,2021-06
676,5,82,Debit,2021-06-30,消耗品費　部門配賦,10E200200,消耗品費,,,050,九州営業所,18100,0,10E200200,消耗品費,,,,,898941,2021-06
676,5,82,Credit,2021-06-30,消耗品費　部門配賦,10E200200,消耗品費,,,000,共通部門,0,18100,10E200200,消耗品費,,,,,880841,2021-06
677,1,84,Debit,2021-06-30,ガソリン代,10E201120,車両費,,,050,九州営業所,3411,0,10A100020,現金,,,,,1654729,2021-06
677,1,84,Credit,2021-06-30,ガソリン代,10A100020,現金,,,000,共通部門,0,3411,10E201120,車両費,,,,,103735718,2021-06
678,1,92,Debit,2021-06-30,6月賞与その他 0020 営業部,10B100320,賞与引当金,,,020,東京支店,1246323,0,10A100020,普通預金,,,,,2122010,2021-06
678,1,92,Credit,2021-06-30,6月賞与その他 0020 営業部,10A100020,普通預金,20,ABC銀行 本店,000,共通部門,0,1246323,10B100320,賞与引当金,,,,,102489395,2021-06
678,2,92,Debit,2021-06-30,6月賞与その他 0020 営業部,10B100320,賞与引当金,,,020,東京支店,185182,0,10B100690,預り金,,,,,1936828,2021-06
678,2,92,Credit,2021-06-30,6月賞与その他 0020 営業部,10B100690,預り金,1,保険料,000,共通部門,0,185182,10B100320,賞与引当金,,,,,3873895,2021-06
678,3,92,Debit,2021-06-30,6月賞与その他 0020 営業部,10B100320,賞与引当金,,,020,東京支店,129075,0,10B100690,預り金,,,,,1807753,2021-06
678,3,92,Credit,2021-06-30,6月賞与その他 0020 営業部,10B100690,預り金,3,源泉税,000,共通部門,0,129075,10B100320,賞与引当金,,,,,4002970,2021-06
678,4,92,Debit,2021-06-30,6月賞与その他 0020 営業部,10B100320,賞与引当金,,,020,東京支店,9420,0,10B100690,預り金,,,,,1798333,2021-06
678,4,92,Credit,2021-06-30,6月賞与その他 0020 営業部,10B100690,預り金,9,その他,000,共通部門,0,9420,10B100320,賞与引当金,,,,,4012390,2021-06
678,5,92,Debit,2021-06-30,6月賞与その他 1000 札幌営業所,10B100320,賞与引当金,,,010,札幌営業所,526495,0,10A100020,普通預金,,,,,1271838,2021-06
678,5,92,Credit,2021-06-30,6月賞与その他 1000 札幌営業所,10A100020,普通預金,20,ABC銀行 本店,000,共通部門,0,526495,10B100320,賞与引当金,,,,,101962900,2021-06
678,6,92,Debit,2021-06-30,6月賞与その他 1000 札幌営業所,10B100320,賞与引当金,,,010,札幌営業所,77070,0,10B100690,預り金,,,,,1194768,2021-06
678,6,92,Credit,2021-06-30,6月賞与その他 1000 札幌営業所,10B100690,預り金,1,保険料,000,共通部門,0,77070,10B100320,賞与引当金,,,,,4089460,2021-06
678,7,92,Debit,2021-06-30,6月賞与その他 1000 札幌営業所,10B100320,賞与引当金,,,010,札幌営業所,52475,0,10B100690,預り金,,,,,1142293,2021-06
678,7,92,Credit,2021-06-30,6月賞与その他 1000 札幌営業所,10B100690,預り金,3,源泉税,000,共通部門,0,52475,10B100320,賞与引当金,,,,,4141935,2021-06
678,8,92,Debit,2021-06-30,6月賞与その他 1000 札幌営業所,10B100320,賞与引当金,,,010,札幌営業所,3960,0,10B100690,預り金,,,,,1138333,2021-06
678,8,92,Credit,2021-06-30,6月賞与その他 1000 札幌営業所,10B100690,預り金,9,その他,000,共通部門,0,3960,10B100320,賞与引当金,,,,,4145895,2021-06
678,9,92,Debit,2021-06-30,6月賞与その他 3000 名古屋営業所,10B100320,賞与引当金,,,030,名古屋支店,492891,0,10A100020,普通預金,,,,,645442,2021-06
678,9,92,Credit,2021-06-30,6月賞与その他 3000 名古屋営業所,10A100020,普通預金,20,ABC銀行 本店,000,共通部門,0,492891,10B100320,賞与引当金,,,,,101470009,2021-06
678,10,92,Debit,2021-06-30,6月賞与その他 3000 名古屋営業所,10B100320,賞与引当金,,,030,名古屋支店,72997,0,10B100690,預り金,,,,,572445,2021-06
678,10,92,Credit,2021-06-30,6月賞与その他 3000 名古屋営業所,10B100690,預り金,1,保険料,000,共通部門,0,72997,10B100320,賞与引当金,,,,,4218892,2021-06
678,11,92,Debit,2021-06-30,6月賞与その他 3000 名古屋営業所,10B100320,賞与引当金,,,030,名古屋支店,46416,0,10B100690,預り金,,,,,526029,2021-06
678,11,92,Credit,2021-06-30,6月賞与その他 3000 名古屋営業所,10B100690,預り金,3,源泉税,000,共通部門,0,46416,10B100320,賞与引当金,,,,,4265308,2021-06
678,12,92,Debit,2021-06-30,6月賞与その他 3000 名古屋営業所,10B100320,賞与引当金,,,030,名古屋支店,3696,0,10B100690,預り金,,,,,522333,2021-06
678,12,92,Credit,2021-06-30,6月賞与その他 3000 名古屋営業所,10B100690,預り金,9,その他,000,共通部門,0,3696,10B100320,賞与引当金,,,,,4269004,2021-06
678,13,92,Debit,2021-06-30,6月賞与その他 4000 大阪支店,10B100320,賞与引当金,,,040,大阪支店,570872,0,10A100020,普通預金,,,,,-48539,2021-06
678,13,92,Credit,2021-06-30,6月賞与その他 4000 大阪支店,10A100020,普通預金,20,ABC銀行 本店,000,共通部門,0,570872,10B100320,賞与引当金,,,,,100899137,2021-06
678,14,92,Debit,2021-06-30,6月賞与その他 4000 大阪支店,10B100320,賞与引当金,,,040,大阪支店,84304,0,10B100690,預り金,,,,,-132843,2021-06
678,14,92,Credit,2021-06-30,6月賞与その他 4000 大阪支店,10B100690,預り金,1,保険料,000,共通部門,0,84304,10B100320,賞与引当金,,,,,4353308,2021-06
678,15,92,Debit,2021-06-30,6月賞与その他 4000 大阪支店,10B100320,賞与引当金,,,040,大阪支店,62492,0,10B100690,預り金,,,,,-195335,2021-06
678,15,92,Credit,2021-06-30,6月賞与その他 4000 大阪支店,10B100690,預り金,3,源泉税,000,共通部門,0,62492,10B100320,賞与引当金,,,,,4415800,2021-06
678,16,92,Debit,2021-06-30,6月賞与その他 4000 大阪支店,10B100320,賞与引当金,,,040,大阪支店,4332,0,10B100690,預り金,,,,,-199667,2021-06
678,16,92,Credit,2021-06-30,6月賞与その他 4000 大阪支店,10B100690,預り金,9,その他,000,共通部門,0,4332,10B100320,賞与引当金,,,,,4420132,2021-06
678,17,92,Debit,2021-06-30,6月賞与その他 5000 九州営業所,10B100320,賞与引当金,,,050,九州営業所,376270,0,10A100020,普通預金,,,,,-575937,2021-06
678,17,92,Credit,2021-06-30,6月賞与その他 5000 九州営業所,10A100020,普通預金,20,ABC銀行 本店,000,共通部門,0,376270,10B100320,賞与引当金,,,,,100522867,2021-06
678,18,92,Debit,2021-06-30,6月賞与その他 5000 九州営業所,10B100320,賞与引当金,,,050,九州営業所,54135,0,10B100690,預り金,,,,,-630072,2021-06
678,18,92,Credit,2021-06-30,6月賞与その他 5000 九州営業所,10B100690,預り金,1,保険料,000,共通部門,0,54135,10B100320,賞与引当金,,,,,4474267,2021-06
678,19,92,Debit,2021-06-30,6月賞与その他 5000 九州営業所,10B100320,賞与引当金,,,050,九州営業所,40751,0,10B100690,預り金,,,,,-670823,2021-06
678,19,92,Credit,2021-06-30,6月賞与その他 5000 九州営業所,10B100690,預り金,3,源泉税,000,共通部門,0,40751,10B100320,賞与引当金,,,,,4515018,2021-06
678,20,92,Debit,2021-06-30,6月賞与その他 5000 九州営業所,10B100320,賞与引当金,,,050,九州営業所,2844,0,10B100690,預り金,,,,,-673667,2021-06
678,20,92,Credit,2021-06-30,6月賞与その他 5000 九州営業所,10B100690,預り金,9,その他,000,共通部門,0,2844,10B100320,賞与引当金,,,,,4517862,2021-06
679,1,93,Debit,2021-06-30,5月分支払,10B100630,未払金,,,000,共通部門,7116470,0,10A100020,普通預金,,,,,6637063,2021-06
679,1,93,Credit,2021-06-30,5月分支払,10A100020,普通預金,20,ABC銀行 本店,000,共通部門,0,7116470,10B100630,未払金,,,,,93406397,2021-06
680,1,96,Debit,2021-06-30,警備料,10E201270,雑費,,,030,名古屋支店,22470,0,10A100020,普通預金,,,,,1442151,2021-06
680,1,96,Credit,2021-06-30,警備料,10A100020,普通預金,30,GHI銀行 名古屋,000,共通部門,0,22470,10E201270,雑費,,,,,93383927,2021-06
681,1,99,Debit,2021-06-30,運賃,10E200870,運賃,,,040,大阪支店,612430,0,10B100630,未払金,,,,,10558539,2021-06
681,1,99,Credit,2021-06-30,運賃,10B100630,未払金,,,000,共通部門,0,612430,10E200870,運賃,,,,,7249493,2021-06
714,1,990003,Debit,2021-06-30,サンプル定義：賞与半年均等引当 202106 部門010,10E200130,賞与,,,010,札幌営業所,110000,0,10B100320,賞与引当金,,,,,1457333,2021-06
714,1,990003,Credit,2021-06-30,サンプル定義：賞与半年均等引当 202106 部門010,10B100320,賞与引当金,,,010,札幌営業所,0,110000,10E200130,賞与,,,,,-563667,2021-06
714,2,990003,Debit,2021-06-30,サンプル定義：賞与半年均等引当 202106 部門020,10E200130,賞与,,,020,東京支店,261667,0,10B100320,賞与引当金,,,,,1719000,2021-06
714,2,990003,Credit,2021-06-30,サンプル定義：賞与半年均等引当 202106 部門020,10B100320,賞与引当金,,,020,東京支店,0,261667,10E200130,賞与,,,,,-302000,2021-06
714,3,990003,Debit,2021-06-30,サンプル定義：賞与半年均等引当 202106 部門030,10E200130,賞与,,,030,名古屋支店,102667,0,10B100320,賞与引当金,,,,,1821667,2021-06
714,3,990003,Credit,2021-06-30,サンプル定義：賞与半年均等引当 202106 部門030,10B100320,賞与引当金,,,030,名古屋支店,0,102667,10E200130,賞与,,,,,-199333,2021-06
714,4,990003,Debit,2021-06-30,サンプル定義：賞与半年均等引当 202106 部門040,10E200130,賞与,,,040,大阪支店,120333,0,10B100320,賞与引当金,,,,,1942000,2021-06
714,4,990003,Credit,2021-06-30,サンプル定義：賞与半年均等引当 202106 部門040,10B100320,賞与引当金,,,040,大阪支店,0,120333,10E200130,賞与,,,,,-79000,2021-06
714,5,990003,Debit,2021-06-30,サンプル定義：賞与半年均等引当 202106 部門050,10E200130,賞与,,,050,九州営業所,79000,0,10B100320,賞与引当金,,,,,2021000,2021-06
714,5,990003,Credit,2021-06-30,サンプル定義：賞与半年均等引当 202106 部門050,10B100320,賞与引当金,,,050,九州営業所,0,79000,10E200130,賞与,,,,,0,2021-06
