Transaction_ID,Line_ID,Entry_ID,Ledger_Side,Transaction_Date,Description,Ledger_Account_Number,Ledger_Account_Name,Subaccount_Code,Subaccount_Name,Department_Code,Department_Name,Debit_Amount,Credit_Amount,Counterpart_Account_Number,Counterpart_Account_Name,Counterpart_Subaccount_Code,Counterpart_Subaccount_Name,Counterpart_Department_Code,Counterpart_Department_Name,Balance,Month
,,,Opening,2021-07-01,* 月初残高,10A100020,普通預金,,,,,0,0,,,,,,,93383927,2021-07
,,,Opening,2021-07-01,* 月初残高,10A100040,貸倒引当金,,,,,0,0,,,,,,,1758018,2021-07
,,,Opening,2021-07-01,* 月初残高,10A100060,受取手形,,,,,0,0,,,,,,,63439984,2021-07
,,,Opening,2021-07-01,* 月初残高,10A100090,売掛金,,,,,0,0,,,,,,,57831691,2021-07
,,,Opening,2021-07-01,* 月初残高,10A100200,電子記録債権,,,,,0,0,,,,,,,0,2021-07
,,,Opening,2021-07-01,* 月初残高,10A100230,有価証券,,,,,0,0,,,,,,,1271350,2021-07
,,,Opening,2021-07-01,* 月初残高,10A100280,商品,,,,,0,0,,,,,,,63013226,2021-07
,,,Opening,2021-07-01,* 月初残高,10A100610,短期貸付金,,,,,0,0,,,,,,,360000,2021-07
,,,Opening,2021-07-01,* 月初残高,10A100800,差入保証金,,,,,0,0,,,,,,,1200000,2021-07
,,,Opening,2021-07-01,* 月初残高,10A100850,仮払消費税等,,,,,0,0,,,,,,,2762581,2021-07
,,,Opening,2021-07-01,* 月初残高,10A210130,構築物,,,,,0,0,,,,,,,3280000,2021-07
,,,Opening,2021-07-01,* 月初残高,10A210410,工具、器具及び備品,,,,,0,0,,,,,,,4779810,2021-07
,,,Opening,2021-07-01,* 月初残高,10A220190,電話加入権,,,,,0,0,,,,,,,512000,2021-07
,,,Opening,2021-07-01,* 月初残高,10A230570,保険積立金,,,,,0,0,,,,,,,1903000,2021-07
,,,Opening,2021-07-01,* 月初残高,10A230650,敷金,,,,,0,0,,,,,,,3140000,2021-07
,,,Opening,2021-07-01,* 月初残高,10B100030,支払手形,,,,,0,0,,,,,,,44079502,2021-07
,,,Opening,2021-07-01,* 月初残高,10B100040,買掛金,,,,,0,0,,,,,,,47813769,2021-07
,,,Opening,2021-07-01,* 月初残高,10B100320,賞与引当金,,,,,0,0,,,,,,,0,2021-07
,,,Opening,2021-07-01,* 月初残高,10B100630,未払金,,,,,0,0,,,,,,,7249493,2021-07
,,,Opening,2021-07-01,* 月初残高,10B100640,未払法人税等,,,,,0,0,,,,,,,0,2021-07
,,,Opening,2021-07-01,* 月初残高,10B100660,未払消費税等,,,,,0,0,,,,,,,0,2021-07
,,,Opening,2021-07-01,* 月初残高,10B100670,未払事業税等,,,,,0,0,,,,,,,0,2021-07
,,,Opening,2021-07-01,* 月初残高,10B100690,預り金,,,,,0,0,,,,,,,4517862,2021-07
,,,Opening,2021-07-01,* 月初残高,10B100790,短期借入金,,,,,0,0,,,,,,,5881500,2021-07
,,,Opening,2021-07-01,* 月初残高,10B100890,仮受消費税等,,,,,0,0,,,,,,,6540636,2021-07
,,,Opening,2021-07-01,* 月初残高,10B200080,長期借入金,,,,,0,0,,,,,,,37343150,2021-07
,,,Opening,2021-07-01,* 月初残高,10B200120,退職給付引当金,,,,,0,0,,,,,,,18560000,2021-07
,,,Opening,2021-07-01,* 月初残高,10B200130,役員退職慰労引当金,,,,,0,0,,,,,,,22000000,2021-07
,,,Opening,2021-07-01,* 月初残高,10C110010,資本金,,,,,0,0,,,,,,,10000000,2021-07
,,,Opening,2021-07-01,* 月初残高,10C120020,資本準備金,,,,,0,0,,,,,,,0,2021-07
,,,Opening,2021-07-01,* 月初残高,10C130020,利益準備金,,,,,0,0,,,,,,,7200000,2021-07
,,,Opening,2021-07-01,* 月初残高,10C130360,別途積立金,,,,,0,0,,,,,,,4830000,2021-07
,,,Opening,2021-07-01,* 月初残高,10C130370,繰越利益剰余金,,,,,0,0,,,,,,,82709171,2021-07
,,,Opening,2021-07-01,* 月初残高,10D100100,総売上高,,,,,0,0,,,,,,,179631239,2021-07
,,,Opening,2021-07-01,* 月初残高,10D100110,売上値引及び戻り高,,,,,0,0,,,,,,,944484,2021-07
,,,Opening,2021-07-01,* 月初残高,10E100100,商品期首たな卸高,,,,,0,0,,,,,,,0,2021-07
,,,Opening,2021-07-01,* 月初残高,10E100120,仕入値引及び戻し高,,,,,0,0,,,,,,,646243,2021-07
,,,Opening,2021-07-01,* 月初残高,10E100130,当期商品仕入高,,,,,0,0,,,,,,,109594945,2021-07
,,,Opening,2021-07-01,* 月初残高,10E100140,商品期末たな卸高,,,,,0,0,,,,,,,0,2021-07
,,,Opening,2021-07-01,* 月初残高,10E200020,販売手数料,,,,,0,0,,,,,,,6582000,2021-07
,,,Opening,2021-07-01,* 月初残高,10E200050,広告宣伝費,,,,,0,0,,,,,,,507700,2021-07
,,,Opening,2021-07-01,* 月初残高,10E200090,役員報酬,,,,,0,0,,,,,,,5160000,2021-07
,,,Opening,2021-07-01,* 月初残高,10E200130,賞与,,,,,0,0,,,,,,,2021000,2021-07
,,,Opening,2021-07-01,* 月初残高,10E200140,福利厚生費,,,,,0,0,,,,,,,1302265,2021-07
,,,Opening,2021-07-01,* 月初残高,10E200150,交際費,,,,,0,0,,,,,,,1076222,2021-07
,,,Opening,2021-07-01,* 月初残高,10E200180,通信費,,,,,0,0,,,,,,,3554991,2021-07
,,,Opening,2021-07-01,* 月初残高,10E200200,消耗品費,,,,,0,0,,,,,,,880841,2021-07
,,,Opening,2021-07-01,* 月初残高,10E200210,租税公課,,,,,0,0,,,,,,,135000,2021-07
,,,Opening,2021-07-01,* 月初残高,10E200220,減価償却費,,,,,0,0,,,,,,,0,2021-07
,,,Opening,2021-07-01,* 月初残高,10E200240,保険料,,,,,0,0,,,,,,,956460,2021-07
,,,Opening,2021-07-01,* 月初残高,10E200370,給料及び手当,,,,,0,0,,,,,,,16508367,2021-07
,,,Opening,2021-07-01,* 月初残高,10E200520,雑給,,,,,0,0,,,,,,,908002,2021-07
,,,Opening,2021-07-01,* 月初残高,10E200540,法定福利費,,,,,0,0,,,,,,,2252338,2021-07
,,,Opening,2021-07-01,* 月初残高,10E200600,支払報酬,,,,,0,0,,,,,,,419130,2021-07
,,,Opening,2021-07-01,* 月初残高,10E200690,支払手数料,,,,,0,0,,,,,,,34963,2021-07
,,,Opening,2021-07-01,* 月初残高,10E200720,地代家賃,,,,,0,0,,,,,,,10347000,2021-07
,,,Opening,2021-07-01,* 月初残高,10E200730,借地借家料,,,,,0,0,,,,,,,587700,2021-07
,,,Opening,2021-07-01,* 月初残高,10E200870,運賃,,,,,0,0,,,,,,,10558539,2021-07
,,,Opening,2021-07-01,* 月初残高,10E201000,修繕維持費,,,,,0,0,,,,,,,176400,2021-07
,,,Opening,2021-07-01,* 月初残高,10E201040,水道光熱費,,,,,0,0,,,,,,,1807719,2021-07
,,,Opening,2021-07-01,* 月初残高,10E201110,事務用消耗品費,,,,,0,0,,,,,,,414942,2021-07
,,,Opening,2021-07-01,* 月初残高,10E201120,車両費,,,,,0,0,,,,,,,1654729,2021-07
,,,Opening,2021-07-01,* 月初残高,10E201130,会議費,,,,,0,0,,,,,,,105464,2021-07
,,,Opening,2021-07-01,* 月初残高,10E201140,諸会費,,,,,0,0,,,,,,,348000,2021-07
,,,Opening,2021-07-01,* 月初残高,10E201160,図書費,,,,,0,0,,,,,,,74946,2021-07
,,,Opening,2021-07-01,* 月初残高,10E201230,旅費及び交通費,,,,,0,0,,,,,,,3136340,2021-07
,,,Opening,2021-07-01,* 月初残高,10E201270,雑費,,,,,0,0,,,,,,,1442151,2021-07
,,,Opening,2021-07-01,* 月初残高,10E300020,支払利息,,,,,0,0,,,,,,,390376,2021-07
,,,Opening,2021-07-01,* 月初残高,10F100070,法人税、住民税及び事業税,,,,,0,0,,,,,,,0,2021-07
719.0,1.0,116,Debit,2021-07-01,リース料,10E200730,借地借家料,,,040,大阪支店,84000,0,10A100020,普通預金,40,JKL銀行 梅田,000,共通部門,671700,2021-07
719.0,1.0,116,Credit,2021-07-01,リース料,10A100020,普通預金,40,JKL銀行 梅田,000,共通部門,0,84000,10E200730,借地借家料,,,040,大阪支店,93299927,2021-07
715.0,1.0,56,Debit,2021-07-01,旅費,10E201230,旅費及び交通費,,,020,東京支店,19800,0,10A100020,現金,,,000,共通部門,3156140,2021-07
715.0,1.0,56,Credit,2021-07-01,旅費,10A100020,現金,,,000,共通部門,0,19800,10E201230,旅費及び交通費,,,020,東京支店,93280127,2021-07
716.0,1.0,66,Debit,2021-07-01,リース料,10E200730,借地借家料,,,020,東京支店,209850,0,10A100020,普通預金,20,ABC銀行 本店,000,共通部門,881550,2021-07
716.0,1.0,66,Credit,2021-07-01,リース料,10A100020,普通預金,20,ABC銀行 本店,000,共通部門,0,209850,10E200730,借地借家料,,,020,東京支店,93070277,2021-07
717.0,1.0,70,Debit,2021-07-01,電池代,10E201270,雑費,,,040,大阪支店,458,0,10A100020,現金,,,000,共通部門,1442609,2021-07
717.0,1.0,70,Credit,2021-07-01,電池代,10A100020,現金,,,000,共通部門,0,458,10E201270,雑費,,,040,大阪支店,93069819,2021-07
718.0,1.0,79,Debit,2021-07-01,景品代,10E200140,福利厚生費,,,030,名古屋支店,35077,0,10A100020,現金,,,000,共通部門,1337342,2021-07
718.0,1.0,79,Credit,2021-07-01,景品代,10A100020,現金,,,000,共通部門,0,35077,10E200140,福利厚生費,,,030,名古屋支店,93034742,2021-07
721.0,1.0,142,Debit,2021-07-02,洗車代,10E201120,車両費,,,040,大阪支店,2458,0,10A100020,現金,,,000,共通部門,1657187,2021-07
721.0,1.0,142,Credit,2021-07-02,洗車代,10A100020,現金,,,000,共通部門,0,2458,10E201120,車両費,,,040,大阪支店,93032284,2021-07
721.0,2.0,142,Debit,2021-07-02,ガソリン代,10E201120,車両費,,,040,大阪支店,6229,0,10A100020,現金,,,000,共通部門,1663416,2021-07
721.0,2.0,142,Credit,2021-07-02,ガソリン代,10A100020,現金,,,000,共通部門,0,6229,10E201120,車両費,,,040,大阪支店,93026055,2021-07
721.0,3.0,142,Debit,2021-07-02,高速代,10E201120,車両費,,,040,大阪支店,3086,0,10A100020,現金,,,000,共通部門,1666502,2021-07
721.0,3.0,142,Credit,2021-07-02,高速代,10A100020,現金,,,000,共通部門,0,3086,10E201120,車両費,,,040,大阪支店,93022969,2021-07
721.0,4.0,142,Debit,2021-07-02,高速代,10E201120,車両費,,,040,大阪支店,477,0,10A100020,現金,,,000,共通部門,1666979,2021-07
721.0,4.0,142,Credit,2021-07-02,高速代,10A100020,現金,,,000,共通部門,0,477,10E201120,車両費,,,040,大阪支店,93022492,2021-07
721.0,5.0,142,Debit,2021-07-02,高速代,10E201120,車両費,,,040,大阪支店,8097,0,10A100020,現金,,,000,共通部門,1675076,2021-07
721.0,5.0,142,Credit,2021-07-02,高速代,10A100020,現金,,,000,共通部門,0,8097,10E201120,車両費,,,040,大阪支店,93014395,2021-07
721.0,6.0,142,Debit,2021-07-02,ガソリン代,10E201120,車両費,,,040,大阪支店,3858,0,10A100020,現金,,,000,共通部門,1678934,2021-07
721.0,6.0,142,Credit,2021-07-02,ガソリン代,10A100020,現金,,,000,共通部門,0,3858,10E201120,車両費,,,040,大阪支店,93010537,2021-07
722.0,1.0,151,Debit,2021-07-02,食事代 架空店舗027 2名,10E200150,交際費,,,040,大阪支店,6143,0,10A100020,現金,,,000,共通部門,1082365,2021-07
722.0,1.0,151,Credit,2021-07-02,食事代 架空店舗027 2名,10A100020,現金,,,000,共通部門,0,6143,10E200150,交際費,,,040,大阪支店,93004394,2021-07
722.0,2.0,151,Debit,2021-07-02,食事代 架空店舗007 4名,10E200150,交際費,,,040,大阪支店,8912,0,10A100020,現金,,,000,共通部門,1091277,2021-07
722.0,2.0,151,Credit,2021-07-02,食事代 架空店舗007 4名,10A100020,現金,,,000,共通部門,0,8912,10E200150,交際費,,,040,大阪支店,92995482,2021-07
720.0,1.0,32,Debit,2021-07-02,事務用品費,10E201110,事務用消耗品費,,,010,札幌営業所,2233,0,10B100630,未払金,,,000,共通部門,417175,2021-07
720.0,1.0,32,Credit,2021-07-02,事務用品費,10B100630,未払金,,,000,共通部門,0,2233,10E201110,事務用消耗品費,,,010,札幌営業所,7251726,2021-07
725.0,1.0,134,Debit,2021-07-03,用紙,10E201110,事務用消耗品費,,,030,名古屋支店,13780,0,10A100020,現金,,,000,共通部門,430955,2021-07
725.0,1.0,134,Credit,2021-07-03,用紙,10A100020,現金,,,000,共通部門,0,13780,10E201110,事務用消耗品費,,,030,名古屋支店,92981702,2021-07
723.0,1.0,19,Debit,2021-07-03,旅費,10E201230,旅費及び交通費,,,010,札幌営業所,10450,0,10A100020,現金,,,000,共通部門,3166590,2021-07
723.0,1.0,19,Credit,2021-07-03,旅費,10A100020,現金,,,000,共通部門,0,10450,10E201230,旅費及び交通費,,,010,札幌営業所,92971252,2021-07
724.0,1.0,80,Debit,2021-07-03,タクシー代,10E201230,旅費及び交通費,,,030,名古屋支店,6500,0,10A100020,現金,,,000,共通部門,3173090,2021-07
724.0,1.0,80,Credit,2021-07-03,タクシー代,10A100020,現金,,,000,共通部門,0,6500,10E201230,旅費及び交通費,,,030,名古屋支店,92964752,2021-07
726.0,1.0,10,Debit,2021-07-04,ガソリン代,10E201120,車両費,,,010,札幌営業所,7320,0,10A100020,現金,,,000,共通部門,1686254,2021-07
726.0,1.0,10,Credit,2021-07-04,ガソリン代,10A100020,現金,,,000,共通部門,0,7320,10E201120,車両費,,,010,札幌営業所,92957432,2021-07
727.0,1.0,41,Debit,2021-07-04,結婚式会費,10E200150,交際費,,,020,東京支店,12000,0,10A100020,現金,,,000,共通部門,1103277,2021-07
727.0,1.0,41,Credit,2021-07-04,結婚式会費,10A100020,現金,,,000,共通部門,0,12000,10E200150,交際費,,,020,東京支店,92945432,2021-07
728.0,1.0,73,Debit,2021-07-04,飲食代 架空店舗011,10E200150,交際費,,,020,東京支店,14630,0,10A100020,現金,,,000,共通部門,1117907,2021-07
728.0,1.0,73,Credit,2021-07-04,飲食代 架空店舗011,10A100020,現金,,,000,共通部門,0,14630,10E200150,交際費,,,020,東京支店,92930802,2021-07
729.0,1.0,82,Debit,2021-07-04,ガソリン代,10E201120,車両費,,,030,名古屋支店,18900,0,10B100630,未払金,,,000,共通部門,1705154,2021-07
729.0,1.0,82,Credit,2021-07-04,ガソリン代,10B100630,未払金,,,000,共通部門,0,18900,10E201120,車両費,,,030,名古屋支店,7270626,2021-07
735.0,1.0,133,Debit,2021-07-05,税理士報酬,10E200600,支払報酬,,,020,東京支店,139710,0,10A100020,普通預金,20,ABC銀行 本店,000,共通部門,558840,2021-07
735.0,1.0,133,Credit,2021-07-05,税理士報酬,10A100020,普通預金,20,ABC銀行 本店,000,共通部門,0,139710,10E200600,支払報酬,,,020,東京支店,92791092,2021-07
730.0,1.0,18,Debit,2021-07-05,航空券,10E201230,旅費及び交通費,,,010,札幌営業所,24500,0,10A100020,現金,,,000,共通部門,3197590,2021-07
730.0,1.0,18,Credit,2021-07-05,航空券,10A100020,現金,,,000,共通部門,0,24500,10E201230,旅費及び交通費,,,010,札幌営業所,92766592,2021-07
731.0,1.0,42,Debit,2021-07-05,コーヒー代3名,10E200150,交際費,,,020,東京支店,1575,0,10A100020,現金,,,000,共通部門,1119482,2021-07
731.0,1.0,42,Credit,2021-07-05,コーヒー代3名,10A100020,現金,,,000,共通部門,0,1575,10E200150,交際費,,,020,東京支店,92765017,2021-07
732.0,1.0,87,Debit,2021-07-05,7月5日伝票No253株式会社豊原産業,10A100020,普通預金,50,MNO銀行 北九州,000,共通部門,905008,0,10A100090,売掛金,22,株式会社豊原産業,000,共通部門,93670025,2021-07
732.0,1.0,87,Credit,2021-07-05,7月5日伝票No253株式会社豊原産業,10A100090,売掛金,22,株式会社豊原産業,000,共通部門,0,905008,10A100020,普通預金,50,MNO銀行 北九州,000,共通部門,56926683,2021-07
732.0,2.0,87,Debit,2021-07-05,7月5日伝票No253株式会社豊原産業,10D100110,売上割戻し高,,,050,九州営業所,10000,0,10A100090,売掛金,22,株式会社豊原産業,000,共通部門,954484,2021-07
732.0,2.0,87,Credit,2021-07-05,7月5日伝票No253株式会社豊原産業,10A100090,売掛金,22,株式会社豊原産業,000,共通部門,0,10000,10D100110,売上割戻し高,,,050,九州営業所,56916683,2021-07
732.0,3.0,87,Debit,2021-07-05,7月5日伝票No253株式会社豊原産業,10E200690,支払手数料,,,050,九州営業所,472,0,10A100090,売掛金,22,株式会社豊原産業,000,共通部門,35435,2021-07
732.0,3.0,87,Credit,2021-07-05,7月5日伝票No253株式会社豊原産業,10A100090,売掛金,22,株式会社豊原産業,000,共通部門,0,472,10E200690,支払手数料,,,050,九州営業所,56916211,2021-07
733.0,1.0,88,Debit,2021-07-05,7月5日伝票No254若松販売株式会社,10A100020,普通預金,20,ABC銀行 本店,000,共通部門,762688,0,10A100090,売掛金,26,若松販売株式会社,000,共通部門,94432713,2021-07
733.0,1.0,88,Credit,2021-07-05,7月5日伝票No254若松販売株式会社,10A100090,売掛金,26,若松販売株式会社,000,共通部門,0,762688,10A100020,普通預金,20,ABC銀行 本店,000,共通部門,56153523,2021-07
733.0,2.0,88,Debit,2021-07-05,7月5日伝票No254若松販売株式会社,10E200690,支払手数料,,,020,東京支店,472,0,10A100090,売掛金,26,若松販売株式会社,000,共通部門,35907,2021-07
733.0,2.0,88,Credit,2021-07-05,7月5日伝票No254若松販売株式会社,10A100090,売掛金,26,若松販売株式会社,000,共通部門,0,472,10E200690,支払手数料,,,020,東京支店,56153051,2021-07
734.0,1.0,89,Debit,2021-07-05,7月5日伝票No255晴海物産株式会社,10A100020,普通預金,30,GHI銀行 名古屋,000,共通部門,799276,0,10A100090,売掛金,27,晴海物産株式会社,000,共通部門,95231989,2021-07
734.0,1.0,89,Credit,2021-07-05,7月5日伝票No255晴海物産株式会社,10A100090,売掛金,27,晴海物産株式会社,000,共通部門,0,799276,10A100020,普通預金,30,GHI銀行 名古屋,000,共通部門,55353775,2021-07
739.0,1.0,110,Debit,2021-07-06,タクシー代,10E201230,旅費及び交通費,,,040,大阪支店,2290,0,10A100020,現金,,,000,共通部門,3199880,2021-07
739.0,1.0,110,Credit,2021-07-06,タクシー代,10A100020,現金,,,000,共通部門,0,2290,10E201230,旅費及び交通費,,,040,大阪支店,95229699,2021-07
740.0,1.0,156,Debit,2021-07-06,出張旅費,10E201230,旅費及び交通費,,,050,九州営業所,12000,0,10A100020,現金,,,000,共通部門,3211880,2021-07
740.0,1.0,156,Credit,2021-07-06,出張旅費,10A100020,現金,,,000,共通部門,0,12000,10E201230,旅費及び交通費,,,050,九州営業所,95217699,2021-07
737.0,1.0,43,Debit,2021-07-06,昼食代 架空店舗054 3名,10E200150,交際費,,,020,東京支店,7140,0,10A100020,現金,,,000,共通部門,1126622,2021-07
737.0,1.0,43,Credit,2021-07-06,昼食代 架空店舗054 3名,10A100020,現金,,,000,共通部門,0,7140,10E200150,交際費,,,020,東京支店,95210559,2021-07
736.0,1.0,7,Debit,2021-07-06,食事代 架空店舗046 2名,10E200150,交際費,,,010,札幌営業所,5543,0,10A100020,現金,,,000,共通部門,1132165,2021-07
736.0,1.0,7,Credit,2021-07-06,食事代 架空店舗046 2名,10A100020,現金,,,000,共通部門,0,5543,10E200150,交際費,,,010,札幌営業所,95205016,2021-07
736.0,2.0,7,Debit,2021-07-06,コーヒー代2名,10E200150,交際費,,,010,札幌営業所,1048,0,10A100020,現金,,,000,共通部門,1133213,2021-07
736.0,2.0,7,Credit,2021-07-06,コーヒー代2名,10A100020,現金,,,000,共通部門,0,1048,10E200150,交際費,,,010,札幌営業所,95203968,2021-07
738.0,1.0,94,Debit,2021-07-06,トイレットペーパー代,10E201270,雑費,,,030,名古屋支店,3102,0,10A100020,現金,,,000,共通部門,1445711,2021-07
738.0,1.0,94,Credit,2021-07-06,トイレットペーパー代,10A100020,現金,,,000,共通部門,0,3102,10E201270,雑費,,,030,名古屋支店,95200866,2021-07
741.0,1.0,21,Debit,2021-07-07,架空鉄道会社A代,10E201230,旅費及び交通費,,,010,札幌営業所,69500,0,10A100020,現金,,,000,共通部門,3281380,2021-07
741.0,1.0,21,Credit,2021-07-07,架空鉄道会社A代,10A100020,現金,,,000,共通部門,0,69500,10E201230,旅費及び交通費,,,010,札幌営業所,95131366,2021-07
742.0,1.0,22,Debit,2021-07-07,旅費,10E201230,旅費及び交通費,,,010,札幌営業所,50000,0,10A100020,現金,,,000,共通部門,3331380,2021-07
742.0,1.0,22,Credit,2021-07-07,旅費,10A100020,現金,,,000,共通部門,0,50000,10E201230,旅費及び交通費,,,010,札幌営業所,95081366,2021-07
743.0,1.0,50,Debit,2021-07-07,ガソリン代,10E201120,車両費,,,020,東京支店,12000,0,10A100020,現金,,,000,共通部門,1717154,2021-07
743.0,1.0,50,Credit,2021-07-07,ガソリン代,10A100020,現金,,,000,共通部門,0,12000,10E201120,車両費,,,020,東京支店,95069366,2021-07
747.0,1.0,103,Debit,2021-07-08,コーヒー代4名,10E200150,交際費,,,040,大阪支店,2210,0,10A100020,現金,,,000,共通部門,1135423,2021-07
747.0,1.0,103,Credit,2021-07-08,コーヒー代4名,10A100020,現金,,,000,共通部門,0,2210,10E200150,交際費,,,040,大阪支店,95067156,2021-07
748.0,1.0,147,Debit,2021-07-08,ガソリン代,10E201120,車両費,,,050,九州営業所,5412,0,10B100630,未払金,,,000,共通部門,1722566,2021-07
748.0,1.0,147,Credit,2021-07-08,ガソリン代,10B100630,未払金,,,000,共通部門,0,5412,10E201120,車両費,,,050,九州営業所,7276038,2021-07
748.0,2.0,147,Debit,2021-07-08,高速代,10E201120,車両費,,,050,九州営業所,4858,0,10B100630,未払金,,,000,共通部門,1727424,2021-07
748.0,2.0,147,Credit,2021-07-08,高速代,10B100630,未払金,,,000,共通部門,0,4858,10E201120,車両費,,,050,九州営業所,7280896,2021-07
748.0,3.0,147,Debit,2021-07-08,駐車代,10E201120,車両費,,,050,九州営業所,572,0,10B100630,未払金,,,000,共通部門,1727996,2021-07
748.0,3.0,147,Credit,2021-07-08,駐車代,10B100630,未払金,,,000,共通部門,0,572,10E201120,車両費,,,050,九州営業所,7281468,2021-07
749.0,1.0,150,Debit,2021-07-08,ゴルフプレー代2名,10E200150,交際費,,,050,九州営業所,18240,0,10A100020,現金,,,000,共通部門,1153663,2021-07
749.0,1.0,150,Credit,2021-07-08,ゴルフプレー代2名,10A100020,現金,,,000,共通部門,0,18240,10E200150,交際費,,,050,九州営業所,95048916,2021-07
750.0,1.0,157,Debit,2021-07-08,航空券代,10E201230,旅費及び交通費,,,050,九州営業所,45000,0,10A100020,普通預金,50,MNO銀行 北九州,000,共通部門,3376380,2021-07
750.0,1.0,157,Credit,2021-07-08,航空券代,10A100020,普通預金,50,MNO銀行 北九州,000,共通部門,0,45000,10E201230,旅費及び交通費,,,050,九州営業所,95003916,2021-07
744.0,1.0,20,Debit,2021-07-08,旅費,10E201230,旅費及び交通費,,,010,札幌営業所,42000,0,10A100020,現金,,,000,共通部門,3418380,2021-07
744.0,1.0,20,Credit,2021-07-08,旅費,10A100020,現金,,,000,共通部門,0,42000,10E201230,旅費及び交通費,,,010,札幌営業所,94961916,2021-07
745.0,1.0,68,Debit,2021-07-08,トイレットペーパー他,10E201270,雑費,,,010,札幌営業所,2361,0,10A100020,現金,,,000,共通部門,1448072,2021-07
745.0,1.0,68,Credit,2021-07-08,トイレットペーパー他,10A100020,現金,,,000,共通部門,0,2361,10E201270,雑費,,,010,札幌営業所,94959555,2021-07
746.0,1.0,76,Debit,2021-07-08,景品代,10E200140,福利厚生費,,,020,東京支店,61050,0,10B100630,未払金,,,000,共通部門,1398392,2021-07
746.0,1.0,76,Credit,2021-07-08,景品代,10B100630,未払金,,,000,共通部門,0,61050,10E200140,福利厚生費,,,020,東京支店,7342518,2021-07
752.0,1.0,143,Debit,2021-07-09,点検作業料,10E201120,車両費,,,040,大阪支店,40000,0,10A100020,現金,,,000,共通部門,1767996,2021-07
752.0,1.0,143,Credit,2021-07-09,点検作業料,10A100020,現金,,,000,共通部門,0,40000,10E201120,車両費,,,040,大阪支店,94919555,2021-07
751.0,1.0,79,Debit,2021-07-09,ガソリン代,10E201120,車両費,,,050,九州営業所,3519,0,10A100020,現金,,,000,共通部門,1771515,2021-07
751.0,1.0,79,Credit,2021-07-09,ガソリン代,10A100020,現金,,,000,共通部門,0,3519,10E201120,車両費,,,050,九州営業所,94916036,2021-07
766.0,1.0,112,Debit,2021-07-10,電話代,10E200180,通信費,,,040,大阪支店,246816,0,10A100020,普通預金,40,JKL銀行 梅田,000,共通部門,3801807,2021-07
766.0,1.0,112,Credit,2021-07-10,電話代,10A100020,普通預金,40,JKL銀行 梅田,000,共通部門,0,246816,10E200180,通信費,,,040,大阪支店,94669220,2021-07
767.0,1.0,129,Debit,2021-07-10,家賃支払い,10E200720,地代家賃,,,030,名古屋支店,399000,0,10A100020,普通預金,30,GHI銀行 名古屋,000,共通部門,10746000,2021-07
767.0,1.0,129,Credit,2021-07-10,家賃支払い,10A100020,普通預金,30,GHI銀行 名古屋,000,共通部門,0,399000,10E200720,地代家賃,,,030,名古屋支店,94270220,2021-07
768.0,1.0,138,Debit,2021-07-10,手形期日落日 青凪商事株式会社,10B100030,支払手形,,,000,共通部門,7368349,0,10A100020,当座預金,1,ABC銀行,000,共通部門,36711153,2021-07
768.0,1.0,138,Credit,2021-07-10,手形期日落日 青凪商事株式会社,10A100020,当座預金,1,ABC銀行,000,共通部門,0,7368349,10B100030,支払手形,,,000,共通部門,86901871,2021-07
769.0,1.0,152,Debit,2021-07-10,コーヒー代2名,10E200150,交際費,,,050,九州営業所,1570,0,10A100020,現金,,,000,共通部門,1155233,2021-07
769.0,1.0,152,Credit,2021-07-10,コーヒー代2名,10A100020,現金,,,000,共通部門,0,1570,10E200150,交際費,,,050,九州営業所,86900301,2021-07
770.0,1.0,162,Debit,2021-07-10,会議　食事代,10E201130,会議費,,,020,東京支店,24995,0,10A100020,現金,,,000,共通部門,130459,2021-07
770.0,1.0,162,Credit,2021-07-10,会議　食事代,10A100020,現金,,,000,共通部門,0,24995,10E201130,会議費,,,020,東京支店,86875306,2021-07
771.0,1.0,167,Debit,2021-07-10,家賃支払い,10E200720,地代家賃,,,050,九州営業所,600000,0,10A100020,普通預金,50,MNO銀行 北九州,000,共通部門,11346000,2021-07
771.0,1.0,167,Credit,2021-07-10,家賃支払い,10A100020,普通預金,50,MNO銀行 北九州,000,共通部門,0,600000,10E200720,地代家賃,,,050,九州営業所,86275306,2021-07
771.0,2.0,167,Debit,2021-07-10,電話代,10E200180,通信費,,,050,九州営業所,158107,0,10A100020,普通預金,50,MNO銀行 北九州,000,共通部門,3959914,2021-07
771.0,2.0,167,Credit,2021-07-10,電話代,10A100020,普通預金,50,MNO銀行 北九州,000,共通部門,0,158107,10E200180,通信費,,,050,九州営業所,86117199,2021-07
772.0,1.0,168,Debit,2021-07-10,有線,10E201270,雑費,,,050,九州営業所,6000,0,10B100630,未払金,,,000,共通部門,1454072,2021-07
772.0,1.0,168,Credit,2021-07-10,有線,10B100630,未払金,,,000,共通部門,0,6000,10E201270,雑費,,,050,九州営業所,7348518,2021-07
772.0,2.0,168,Debit,2021-07-10,警備料,10E201270,雑費,,,050,九州営業所,42858,0,10B100630,未払金,,,000,共通部門,1496930,2021-07
772.0,2.0,168,Credit,2021-07-10,警備料,10B100630,未払金,,,000,共通部門,0,42858,10E201270,雑費,,,050,九州営業所,7391376,2021-07
753.0,1.0,33,Debit,2021-07-10,家賃支払い,10E200720,地代家賃,,,010,札幌営業所,320000,0,10A100020,普通預金,10,DEF銀行 駅前,000,共通部門,11666000,2021-07
753.0,1.0,33,Credit,2021-07-10,家賃支払い,10A100020,普通預金,10,DEF銀行 駅前,000,共通部門,0,320000,10E200720,地代家賃,,,010,札幌営業所,85797199,2021-07
753.0,2.0,33,Debit,2021-07-10,電話代,10E200180,通信費,,,010,札幌営業所,155351,0,10A100020,普通預金,10,DEF銀行 駅前,000,共通部門,4115265,2021-07
753.0,2.0,33,Credit,2021-07-10,電話代,10A100020,普通預金,10,DEF銀行 駅前,000,共通部門,0,155351,10E200180,通信費,,,010,札幌営業所,85641848,2021-07
754.0,1.0,57,Debit,2021-07-10,架空鉄道会社A代,10E201230,旅費及び交通費,,,020,東京支店,78074,0,10A100020,現金,,,000,共通部門,3496454,2021-07
754.0,1.0,57,Credit,2021-07-10,架空鉄道会社A代,10A100020,現金,,,000,共通部門,0,78074,10E201230,旅費及び交通費,,,020,東京支店,85563774,2021-07
755.0,1.0,65,Debit,2021-07-10,家賃支払,10E200720,地代家賃,,,040,大阪支店,840000,0,10A100020,普通預金,40,JKL銀行 梅田,000,共通部門,12506000,2021-07
755.0,1.0,65,Credit,2021-07-10,家賃支払,10A100020,普通預金,40,JKL銀行 梅田,000,共通部門,0,840000,10E200720,地代家賃,,,040,大阪支店,84723774,2021-07
756.0,1.0,67,Debit,2021-07-10,有線,10E201270,雑費,,,010,札幌営業所,5000,0,10B100630,未払金,,,000,共通部門,1501930,2021-07
756.0,1.0,67,Credit,2021-07-10,有線,10B100630,未払金,,,000,共通部門,0,5000,10E201270,雑費,,,010,札幌営業所,7396376,2021-07
756.0,2.0,67,Debit,2021-07-10,警備料,10E201270,雑費,,,010,札幌営業所,34286,0,10B100630,未払金,,,000,共通部門,1536216,2021-07
756.0,2.0,67,Credit,2021-07-10,警備料,10B100630,未払金,,,000,共通部門,0,34286,10E201270,雑費,,,010,札幌営業所,7430662,2021-07
757.0,1.0,69,Debit,2021-07-10,源泉税支払,10B100690,預り金,3,源泉税,000,共通部門,585612,0,10A100020,普通預金,20,ABC銀行 本店,000,共通部門,3932250,2021-07
757.0,1.0,69,Credit,2021-07-10,源泉税支払,10A100020,普通預金,20,ABC銀行 本店,000,共通部門,0,585612,10B100690,預り金,3,源泉税,000,共通部門,84138162,2021-07
757.0,2.0,69,Debit,2021-07-10,住民税支払,10B100690,預り金,2,住民税,000,共通部門,295800,0,10A100020,普通預金,20,ABC銀行 本店,000,共通部門,3636450,2021-07
757.0,2.0,69,Credit,2021-07-10,住民税支払,10A100020,普通預金,20,ABC銀行 本店,000,共通部門,0,295800,10B100690,預り金,2,住民税,000,共通部門,83842362,2021-07
758.0,1.0,85,Debit,2021-07-10,電話代,10E200180,通信費,,,030,名古屋支店,83624,0,10A100020,普通預金,30,GHI銀行 名古屋,000,共通部門,4198889,2021-07
758.0,1.0,85,Credit,2021-07-10,電話代,10A100020,普通預金,30,GHI銀行 名古屋,000,共通部門,0,83624,10E200180,通信費,,,030,名古屋支店,83758738,2021-07
759.0,1.0,90,Debit,2021-07-10,7月10日伝票No256株式会社南風商会,10A100020,普通預金,30,GHI銀行 名古屋,000,共通部門,803325,0,10A100090,売掛金,19,株式会社南風商会,000,共通部門,84562063,2021-07
759.0,1.0,90,Credit,2021-07-10,7月10日伝票No256株式会社南風商会,10A100090,売掛金,19,株式会社南風商会,000,共通部門,0,803325,10A100020,普通預金,30,GHI銀行 名古屋,000,共通部門,54550450,2021-07
759.0,2.0,90,Debit,2021-07-10,7月10日伝票No256株式会社南風商会,10E200690,支払手数料,,,030,名古屋支店,735,0,10A100090,売掛金,19,株式会社南風商会,000,共通部門,36642,2021-07
759.0,2.0,90,Credit,2021-07-10,7月10日伝票No256株式会社南風商会,10A100090,売掛金,19,株式会社南風商会,000,共通部門,0,735,10E200690,支払手数料,,,030,名古屋支店,54549715,2021-07
760.0,1.0,91,Debit,2021-07-10,7月10日伝票No257株式会社青葉百貨店 | 売上伝票=20210630-123;手形番号=R20210710-91-28,10A100060,受取手形,,,000,共通部門,5619076,0,10A100090,売掛金,28,株式会社青葉百貨店,000,共通部門,69059060,2021-07
760.0,1.0,91,Credit,2021-07-10,7月10日伝票No257株式会社青葉百貨店 | 売上伝票=20210630-123;手形番号=R20210710-91-28,10A100090,売掛金,28,株式会社青葉百貨店,000,共通部門,0,5619076,10A100060,受取手形,,,000,共通部門,48930639,2021-07
761.0,1.0,92,Debit,2021-07-10,7月10日伝票No475青凪商事株式会社,10B100040,買掛金,3,青凪商事株式会社,000,共通部門,335052,0,10A100090,売掛金,3,青凪商事株式会社,000,共通部門,47478717,2021-07
761.0,1.0,92,Credit,2021-07-10,7月10日伝票No475青凪商事株式会社,10A100090,売掛金,3,青凪商事株式会社,000,共通部門,0,335052,10B100040,買掛金,3,青凪商事株式会社,000,共通部門,48595587,2021-07
762.0,1.0,93,Debit,2021-07-10,7月10日伝票No497株式会社花咲商事東京本社,10A100020,普通預金,20,ABC銀行 本店,000,共通部門,8476309,0,10A100090,売掛金,14,株式会社花咲商事,000,共通部門,93038372,2021-07
762.0,1.0,93,Credit,2021-07-10,7月10日伝票No497株式会社花咲商事東京本社,10A100090,売掛金,14,株式会社花咲商事,000,共通部門,0,8476309,10A100020,普通預金,20,ABC銀行 本店,000,共通部門,40119278,2021-07
762.0,2.0,93,Debit,2021-07-10,7月10日伝票No497株式会社花咲商事東京本社,10E200690,支払手数料,,,020,東京支店,840,0,10A100090,売掛金,14,株式会社花咲商事,000,共通部門,37482,2021-07
762.0,2.0,93,Credit,2021-07-10,7月10日伝票No497株式会社花咲商事東京本社,10A100090,売掛金,14,株式会社花咲商事,000,共通部門,0,840,10E200690,支払手数料,,,020,東京支店,40118438,2021-07
763.0,1.0,94,Debit,2021-07-10,7月10日伝票No170青凪商事株式会社,10B100040,買掛金,3,青凪商事株式会社,000,共通部門,2781026,0,10B100030,支払手形,,,000,共通部門,44697691,2021-07
763.0,1.0,94,Credit,2021-07-10,7月10日伝票No170青凪商事株式会社,10B100030,支払手形,,,000,共通部門,0,2781026,10B100040,買掛金,3,青凪商事株式会社,000,共通部門,39492179,2021-07
764.0,1.0,95,Debit,2021-07-10,7月10日伝票No171株式会社白樺商事,10B100040,買掛金,8,株式会社白樺商事,000,共通部門,406425,0,10A100020,普通預金,20,ABC銀行 本店,000,共通部門,44291266,2021-07
764.0,1.0,95,Credit,2021-07-10,7月10日伝票No171株式会社白樺商事,10A100020,普通預金,20,ABC銀行 本店,000,共通部門,0,406425,10B100040,買掛金,8,株式会社白樺商事,000,共通部門,92631947,2021-07
765.0,1.0,96,Debit,2021-07-10,家賃支払,10E200720,地代家賃,,,020,東京支店,1260000,0,10A100020,普通預金,20,ABC銀行 本店,000,共通部門,13766000,2021-07
765.0,1.0,96,Credit,2021-07-10,家賃支払,10A100020,普通預金,20,ABC銀行 本店,000,共通部門,0,1260000,10E200720,地代家賃,,,020,東京支店,91371947,2021-07
773.0,1.0,23,Debit,2021-07-11,旅費,10E201230,旅費及び交通費,,,010,札幌営業所,34953,0,10A100020,現金,,,000,共通部門,3531407,2021-07
773.0,1.0,23,Credit,2021-07-11,旅費,10A100020,現金,,,000,共通部門,0,34953,10E201230,旅費及び交通費,,,010,札幌営業所,91336994,2021-07
773.0,2.0,23,Debit,2021-07-11,旅費,10E201230,旅費及び交通費,,,010,札幌営業所,27334,0,10A100020,現金,,,000,共通部門,3558741,2021-07
773.0,2.0,23,Credit,2021-07-11,旅費,10A100020,現金,,,000,共通部門,0,27334,10E201230,旅費及び交通費,,,010,札幌営業所,91309660,2021-07
773.0,3.0,23,Debit,2021-07-11,旅費,10E201230,旅費及び交通費,,,010,札幌営業所,55912,0,10A100020,現金,,,000,共通部門,3614653,2021-07
773.0,3.0,23,Credit,2021-07-11,旅費,10A100020,現金,,,000,共通部門,0,55912,10E201230,旅費及び交通費,,,010,札幌営業所,91253748,2021-07
774.0,1.0,61,Debit,2021-07-11,引き出し,10A100020,現金,,,000,共通部門,2000000,0,10A100020,当座預金,1,ABC銀行,000,共通部門,93253748,2021-07
774.0,1.0,61,Credit,2021-07-11,引き出し,10A100020,当座預金,1,ABC銀行,000,共通部門,0,2000000,10A100020,現金,,,000,共通部門,91253748,2021-07
775.0,1.0,69,Debit,2021-07-11,トイレットペーパー代,10E201270,雑費,,,020,東京支店,760,0,10A100020,現金,,,000,共通部門,1536976,2021-07
775.0,1.0,69,Credit,2021-07-11,トイレットペーパー代,10A100020,現金,,,000,共通部門,0,760,10E201270,雑費,,,020,東京支店,91252988,2021-07
775.0,2.0,69,Debit,2021-07-11,洗剤代,10E201270,雑費,,,020,東京支店,805,0,10A100020,現金,,,000,共通部門,1537781,2021-07
775.0,2.0,69,Credit,2021-07-11,洗剤代,10A100020,現金,,,000,共通部門,0,805,10E201270,雑費,,,020,東京支店,91252183,2021-07
779.0,1.0,149,Debit,2021-07-12,香典代,10E200150,交際費,,,030,名古屋支店,10000,0,10A100020,現金,,,000,共通部門,1165233,2021-07
779.0,1.0,149,Credit,2021-07-12,香典代,10A100020,現金,,,000,共通部門,0,10000,10E200150,交際費,,,030,名古屋支店,91242183,2021-07
776.0,1.0,58,Debit,2021-07-12,旅費,10E201230,旅費及び交通費,,,020,東京支店,59870,0,10A100020,現金,,,000,共通部門,3674523,2021-07
776.0,1.0,58,Credit,2021-07-12,旅費,10A100020,現金,,,000,共通部門,0,59870,10E201230,旅費及び交通費,,,020,東京支店,91182313,2021-07
777.0,1.0,74,Debit,2021-07-12,食事代 架空店舗030 4名,10E200150,交際費,,,020,東京支店,8690,0,10A100020,現金,,,000,共通部門,1173923,2021-07
777.0,1.0,74,Credit,2021-07-12,食事代 架空店舗030 4名,10A100020,現金,,,000,共通部門,0,8690,10E200150,交際費,,,020,東京支店,91173623,2021-07
778.0,1.0,81,Debit,2021-07-12,旅費,10E201230,旅費及び交通費,,,030,名古屋支店,20500,0,10A100020,現金,,,000,共通部門,3695023,2021-07
778.0,1.0,81,Credit,2021-07-12,旅費,10A100020,現金,,,000,共通部門,0,20500,10E201230,旅費及び交通費,,,030,名古屋支店,91153123,2021-07
782.0,1.0,104,Debit,2021-07-14,手土産代 架空店舗089,10E200150,交際費,,,040,大阪支店,1575,0,10A100020,現金,,,000,共通部門,1175498,2021-07
782.0,1.0,104,Credit,2021-07-14,手土産代 架空店舗089,10A100020,現金,,,000,共通部門,0,1575,10E200150,交際費,,,040,大阪支店,91151548,2021-07
780.0,1.0,51,Debit,2021-07-14,高速代,10E201120,車両費,,,020,東京支店,760,0,10A100020,現金,,,000,共通部門,1772275,2021-07
780.0,1.0,51,Credit,2021-07-14,高速代,10A100020,現金,,,000,共通部門,0,760,10E201120,車両費,,,020,東京支店,91150788,2021-07
780.0,2.0,51,Debit,2021-07-14,駐車代,10E201120,車両費,,,020,東京支店,805,0,10A100020,現金,,,000,共通部門,1773080,2021-07
780.0,2.0,51,Credit,2021-07-14,駐車代,10A100020,現金,,,000,共通部門,0,805,10E201120,車両費,,,020,東京支店,91149983,2021-07
781.0,1.0,74,Debit,2021-07-14,ゴルフプレー代,10E200150,交際費,,,020,東京支店,7900,0,10A100020,現金,,,000,共通部門,1183398,2021-07
781.0,1.0,74,Credit,2021-07-14,ゴルフプレー代,10A100020,現金,,,000,共通部門,0,7900,10E200150,交際費,,,020,東京支店,91142083,2021-07
789.0,1.0,100,Debit,2021-07-15,7月15日伝票No262星川商事株式会社,10A100020,普通預金,20,ABC銀行 本店,000,共通部門,1101380,0,10A100090,売掛金,13,星川商事株式会社,000,共通部門,92243463,2021-07
789.0,1.0,100,Credit,2021-07-15,7月15日伝票No262星川商事株式会社,10A100090,売掛金,13,星川商事株式会社,000,共通部門,0,1101380,10A100020,普通預金,20,ABC銀行 本店,000,共通部門,39017058,2021-07
790.0,1.0,101,Debit,2021-07-15,7月15日伝票No263清和商事株式会社,10A100020,普通預金,40,JKL銀行 梅田,000,共通部門,1015895,0,10A100090,売掛金,20,清和商事株式会社,000,共通部門,93259358,2021-07
790.0,1.0,101,Credit,2021-07-15,7月15日伝票No263清和商事株式会社,10A100090,売掛金,20,清和商事株式会社,000,共通部門,0,1015895,10A100020,普通預金,40,JKL銀行 梅田,000,共通部門,38001163,2021-07
790.0,2.0,101,Debit,2021-07-15,7月15日伝票No263清和商事株式会社,10E200690,支払手数料,,,040,大阪支店,315,0,10A100090,売掛金,20,清和商事株式会社,000,共通部門,37797,2021-07
790.0,2.0,101,Credit,2021-07-15,7月15日伝票No263清和商事株式会社,10A100090,売掛金,20,清和商事株式会社,000,共通部門,0,315,10E200690,支払手数料,,,040,大阪支店,38000848,2021-07
791.0,1.0,102,Debit,2021-07-15,7月15日伝票No172株式会社北辰商事,10B100040,買掛金,1,株式会社北辰商事,000,共通部門,6139435,0,10A100020,普通預金,20,ABC銀行 本店,000,共通部門,38151831,2021-07
791.0,1.0,102,Credit,2021-07-15,7月15日伝票No172株式会社北辰商事,10A100020,普通預金,20,ABC銀行 本店,000,共通部門,0,6139435,10B100040,買掛金,1,株式会社北辰商事,000,共通部門,87119923,2021-07
792.0,1.0,117,Debit,2021-07-15,会費,10E201140,諸会費,,,040,大阪支店,20000,0,10A100020,現金,,,000,共通部門,368000,2021-07
792.0,1.0,117,Credit,2021-07-15,会費,10A100020,現金,,,000,共通部門,0,20000,10E201140,諸会費,,,040,大阪支店,87099923,2021-07
793.0,1.0,130,Debit,2021-07-15,会費,10E201140,諸会費,,,040,大阪支店,24000,0,10A100020,普通預金,40,JKL銀行 梅田,000,共通部門,392000,2021-07
793.0,1.0,130,Credit,2021-07-15,会費,10A100020,普通預金,40,JKL銀行 梅田,000,共通部門,0,24000,10E201140,諸会費,,,040,大阪支店,87075923,2021-07
794.0,1.0,141,Debit,2021-07-15,架空鉄道会社A代,10E201230,旅費及び交通費,,,040,大阪支店,7500,0,10A100020,現金,,,000,共通部門,3702523,2021-07
794.0,1.0,141,Credit,2021-07-15,架空鉄道会社A代,10A100020,現金,,,000,共通部門,0,7500,10E201230,旅費及び交通費,,,040,大阪支店,87068423,2021-07
783.0,1.0,46,Debit,2021-07-15,ガソリン代,10E201120,車両費,,,020,東京支店,14000,0,10A100020,現金,,,000,共通部門,1787080,2021-07
783.0,1.0,46,Credit,2021-07-15,ガソリン代,10A100020,現金,,,000,共通部門,0,14000,10E201120,車両費,,,020,東京支店,87054423,2021-07
784.0,1.0,84,Debit,2021-07-15,7月給与その他 0060 パート･アルバイト,10E200520,雑給,,,020,東京支店,351930,0,10A100020,現金,,,000,共通部門,1259932,2021-07
784.0,1.0,84,Credit,2021-07-15,7月給与その他 0060 パート･アルバイト,10A100020,現金,,,000,共通部門,0,351930,10E200520,雑給,,,020,東京支店,86702493,2021-07
784.0,2.0,84,Debit,2021-07-15,7月給与その他 0060 パート･アルバイト,10E200520,雑給,,,020,東京支店,860,0,10B100690,預り金,3,源泉税,000,共通部門,1260792,2021-07
784.0,2.0,84,Credit,2021-07-15,7月給与その他 0060 パート･アルバイト,10B100690,預り金,3,源泉税,000,共通部門,0,860,10E200520,雑給,,,020,東京支店,3637310,2021-07
784.0,3.0,84,Debit,2021-07-15,7月給与その他 0060 パート･アルバイト,10E200520,雑給,,,020,東京支店,11635,0,10B100690,預り金,9,その他,000,共通部門,1272427,2021-07
784.0,3.0,84,Credit,2021-07-15,7月給与その他 0060 パート･アルバイト,10B100690,預り金,9,その他,000,共通部門,0,11635,10E200520,雑給,,,020,東京支店,3648945,2021-07
785.0,1.0,96,Debit,2021-07-15,7月15日伝票No258株式会社若葉百貨店,10A100020,普通預金,50,MNO銀行 北九州,000,共通部門,1199040,0,10A100090,売掛金,1,株式会社若葉百貨店,000,共通部門,87901533,2021-07
785.0,1.0,96,Credit,2021-07-15,7月15日伝票No258株式会社若葉百貨店,10A100090,売掛金,1,株式会社若葉百貨店,000,共通部門,0,1199040,10A100020,普通預金,50,MNO銀行 北九州,000,共通部門,36801808,2021-07
785.0,2.0,96,Debit,2021-07-15,7月15日伝票No258株式会社若葉百貨店,10E200690,支払手数料,,,050,九州営業所,840,0,10A100090,売掛金,1,株式会社若葉百貨店,000,共通部門,38637,2021-07
785.0,2.0,96,Credit,2021-07-15,7月15日伝票No258株式会社若葉百貨店,10A100090,売掛金,1,株式会社若葉百貨店,000,共通部門,0,840,10E200690,支払手数料,,,050,九州営業所,36800968,2021-07
786.0,1.0,97,Debit,2021-07-15,7月15日伝票No259株式会社瑞穂流通,10A100020,普通預金,30,GHI銀行 名古屋,000,共通部門,892572,0,10A100090,売掛金,6,株式会社瑞穂流通,000,共通部門,88794105,2021-07
786.0,1.0,97,Credit,2021-07-15,7月15日伝票No259株式会社瑞穂流通,10A100090,売掛金,6,株式会社瑞穂流通,000,共通部門,0,892572,10A100020,普通預金,30,GHI銀行 名古屋,000,共通部門,35908396,2021-07
786.0,2.0,97,Debit,2021-07-15,7月15日伝票No259株式会社瑞穂流通,10E200690,支払手数料,,,030,名古屋支店,840,0,10A100090,売掛金,6,株式会社瑞穂流通,000,共通部門,39477,2021-07
786.0,2.0,97,Credit,2021-07-15,7月15日伝票No259株式会社瑞穂流通,10A100090,売掛金,6,株式会社瑞穂流通,000,共通部門,0,840,10E200690,支払手数料,,,030,名古屋支店,35907556,2021-07
787.0,1.0,98,Debit,2021-07-15,7月15日伝票No260株式会社高原マーケット,10A100020,普通預金,40,JKL銀行 梅田,000,共通部門,746052,0,10A100090,売掛金,8,株式会社高原マーケット,000,共通部門,89540157,2021-07
787.0,1.0,98,Credit,2021-07-15,7月15日伝票No260株式会社高原マーケット,10A100090,売掛金,8,株式会社高原マーケット,000,共通部門,0,746052,10A100020,普通預金,40,JKL銀行 梅田,000,共通部門,35161504,2021-07
787.0,2.0,98,Debit,2021-07-15,7月15日伝票No260株式会社高原マーケット,10E200690,支払手数料,,,040,大阪支店,840,0,10A100090,売掛金,8,株式会社高原マーケット,000,共通部門,40317,2021-07
787.0,2.0,98,Credit,2021-07-15,7月15日伝票No260株式会社高原マーケット,10A100090,売掛金,8,株式会社高原マーケット,000,共通部門,0,840,10E200690,支払手数料,,,040,大阪支店,35160664,2021-07
788.0,1.0,99,Debit,2021-07-15,7月15日伝票No261朝凪物産株式会社,10A100020,普通預金,40,JKL銀行 梅田,000,共通部門,745464,0,10A100090,売掛金,9,朝凪物産株式会社,000,共通部門,90285621,2021-07
788.0,1.0,99,Credit,2021-07-15,7月15日伝票No261朝凪物産株式会社,10A100090,売掛金,9,朝凪物産株式会社,000,共通部門,0,745464,10A100020,普通預金,40,JKL銀行 梅田,000,共通部門,34415200,2021-07
788.0,2.0,99,Debit,2021-07-15,7月15日伝票No261朝凪物産株式会社,10E200690,支払手数料,,,040,大阪支店,840,0,10A100090,売掛金,9,朝凪物産株式会社,000,共通部門,41157,2021-07
788.0,2.0,99,Credit,2021-07-15,7月15日伝票No261朝凪物産株式会社,10A100090,売掛金,9,朝凪物産株式会社,000,共通部門,0,840,10E200690,支払手数料,,,040,大阪支店,34414360,2021-07
798.0,1.0,105,Debit,2021-07-16,飲食代 架空店舗027 4名,10E200150,交際費,,,040,大阪支店,17461,0,10A100020,現金,,,000,共通部門,1200859,2021-07
798.0,1.0,105,Credit,2021-07-16,飲食代 架空店舗027 4名,10A100020,現金,,,000,共通部門,0,17461,10E200150,交際費,,,040,大阪支店,90268160,2021-07
798.0,2.0,105,Debit,2021-07-16,飲食代 架空店舗026 4名,10E200150,交際費,,,040,大阪支店,31305,0,10A100020,現金,,,000,共通部門,1232164,2021-07
798.0,2.0,105,Credit,2021-07-16,飲食代 架空店舗026 4名,10A100020,現金,,,000,共通部門,0,31305,10E200150,交際費,,,040,大阪支店,90236855,2021-07
795.0,1.0,11,Debit,2021-07-16,ガソリン代,10E201120,車両費,,,010,札幌営業所,3210,0,10A100020,現金,,,000,共通部門,1790290,2021-07
795.0,1.0,11,Credit,2021-07-16,ガソリン代,10A100020,現金,,,000,共通部門,0,3210,10E201120,車両費,,,010,札幌営業所,90233645,2021-07
799.0,1.0,136,Debit,2021-07-16,架空清掃会社A代,10E201270,雑費,,,040,大阪支店,16500,0,10A100020,現金,,,000,共通部門,1554281,2021-07
799.0,1.0,136,Credit,2021-07-16,架空清掃会社A代,10A100020,現金,,,000,共通部門,0,16500,10E201270,雑費,,,040,大阪支店,90217145,2021-07
800.0,1.0,161,Debit,2021-07-16,旅費,10E201230,旅費及び交通費,,,050,九州営業所,3500,0,10A100020,現金,,,000,共通部門,3706023,2021-07
800.0,1.0,161,Credit,2021-07-16,旅費,10A100020,現金,,,000,共通部門,0,3500,10E201230,旅費及び交通費,,,050,九州営業所,90213645,2021-07
796.0,1.0,52,Debit,2021-07-16,高速代,10E201120,車両費,,,020,東京支店,3381,0,10A100020,現金,,,000,共通部門,1793671,2021-07
796.0,1.0,52,Credit,2021-07-16,高速代,10A100020,現金,,,000,共通部門,0,3381,10E201120,車両費,,,020,東京支店,90210264,2021-07
796.0,2.0,52,Debit,2021-07-16,ガソリン代,10E201120,車両費,,,020,東京支店,71429,0,10A100020,現金,,,000,共通部門,1865100,2021-07
796.0,2.0,52,Credit,2021-07-16,ガソリン代,10A100020,現金,,,000,共通部門,0,71429,10E201120,車両費,,,020,東京支店,90138835,2021-07
797.0,1.0,61,Debit,2021-07-16,電話代,10E200180,通信費,,,020,東京支店,134577,0,10A100020,普通預金,20,ABC銀行 本店,000,共通部門,4333466,2021-07
797.0,1.0,61,Credit,2021-07-16,電話代,10A100020,普通預金,20,ABC銀行 本店,000,共通部門,0,134577,10E200180,通信費,,,020,東京支店,90004258,2021-07
802.0,1.0,12,Debit,2021-07-17,駐車代,10E201120,車両費,,,010,札幌営業所,800,0,10A100020,現金,,,000,共通部門,1865900,2021-07
802.0,1.0,12,Credit,2021-07-17,駐車代,10A100020,現金,,,000,共通部門,0,800,10E201120,車両費,,,010,札幌営業所,90003458,2021-07
802.0,2.0,12,Debit,2021-07-17,ガソリン代,10E201120,車両費,,,010,札幌営業所,4456,0,10A100020,現金,,,000,共通部門,1870356,2021-07
802.0,2.0,12,Credit,2021-07-17,ガソリン代,10A100020,現金,,,000,共通部門,0,4456,10E201120,車両費,,,010,札幌営業所,89999002,2021-07
802.0,3.0,12,Debit,2021-07-17,ガソリン代,10E201120,車両費,,,010,札幌営業所,4015,0,10A100020,現金,,,000,共通部門,1874371,2021-07
802.0,3.0,12,Credit,2021-07-17,ガソリン代,10A100020,現金,,,000,共通部門,0,4015,10E201120,車両費,,,010,札幌営業所,89994987,2021-07
801.0,1.0,4,Debit,2021-07-17,広告費,10E200050,広告宣伝費,,,010,札幌営業所,31500,0,10B100630,未払金,,,000,共通部門,539200,2021-07
801.0,1.0,4,Credit,2021-07-17,広告費,10B100630,未払金,,,000,共通部門,0,31500,10E200050,広告宣伝費,,,010,札幌営業所,7462162,2021-07
805.0,1.0,123,Debit,2021-07-18,切手代,10E200180,通信費,,,040,大阪支店,16000,0,10A100020,現金,,,000,共通部門,4349466,2021-07
805.0,1.0,123,Credit,2021-07-18,切手代,10A100020,現金,,,000,共通部門,0,16000,10E200180,通信費,,,040,大阪支店,89978987,2021-07
806.0,1.0,139,Debit,2021-07-18,社員夜食代,10E200140,福利厚生費,,,040,大阪支店,45020,0,10B100630,未払金,,,000,共通部門,1443412,2021-07
806.0,1.0,139,Credit,2021-07-18,社員夜食代,10B100630,未払金,,,000,共通部門,0,45020,10E200140,福利厚生費,,,040,大阪支店,7507182,2021-07
807.0,1.0,148,Debit,2021-07-18,ガソリン代,10E201120,車両費,,,050,九州営業所,4486,0,10A100020,現金,,,000,共通部門,1878857,2021-07
807.0,1.0,148,Credit,2021-07-18,ガソリン代,10A100020,現金,,,000,共通部門,0,4486,10E201120,車両費,,,050,九州営業所,89974501,2021-07
807.0,2.0,148,Debit,2021-07-18,ウォッシャー液他,10E201120,車両費,,,050,九州営業所,1600,0,10A100020,現金,,,000,共通部門,1880457,2021-07
807.0,2.0,148,Credit,2021-07-18,ウォッシャー液他,10A100020,現金,,,000,共通部門,0,1600,10E201120,車両費,,,050,九州営業所,89972901,2021-07
803.0,1.0,59,Debit,2021-07-18,旅費,10E201230,旅費及び交通費,,,020,東京支店,45000,0,10A100020,現金,,,000,共通部門,3751023,2021-07
803.0,1.0,59,Credit,2021-07-18,旅費,10A100020,現金,,,000,共通部門,0,45000,10E201230,旅費及び交通費,,,020,東京支店,89927901,2021-07
804.0,1.0,82,Debit,2021-07-18,旅費,10E201230,旅費及び交通費,,,030,名古屋支店,9800,0,10A100020,現金,,,000,共通部門,3760823,2021-07
804.0,1.0,82,Credit,2021-07-18,旅費,10A100020,現金,,,000,共通部門,0,9800,10E201230,旅費及び交通費,,,030,名古屋支店,89918101,2021-07
810.0,1.0,160,Debit,2021-07-19,出張旅費,10E201230,旅費及び交通費,,,020,東京支店,86700,0,10A100020,現金,,,000,共通部門,3847523,2021-07
810.0,1.0,160,Credit,2021-07-19,出張旅費,10A100020,現金,,,000,共通部門,0,86700,10E201230,旅費及び交通費,,,020,東京支店,89831401,2021-07
809.0,1.0,47,Debit,2021-07-19,ガソリン代,10E201120,車両費,,,020,東京支店,8540,0,10A100020,現金,,,000,共通部門,1888997,2021-07
809.0,1.0,47,Credit,2021-07-19,ガソリン代,10A100020,現金,,,000,共通部門,0,8540,10E201120,車両費,,,020,東京支店,89822861,2021-07
808.0,1.0,8,Debit,2021-07-19,定例ミーティング会費,10E200150,交際費,,,010,札幌営業所,4486,0,10A100020,現金,,,000,共通部門,1236650,2021-07
808.0,1.0,8,Credit,2021-07-19,定例ミーティング会費,10A100020,現金,,,000,共通部門,0,4486,10E200150,交際費,,,010,札幌営業所,89818375,2021-07
808.0,2.0,8,Debit,2021-07-19,景品,10E200150,交際費,,,010,札幌営業所,1600,0,10A100020,現金,,,000,共通部門,1238250,2021-07
808.0,2.0,8,Credit,2021-07-19,景品,10A100020,現金,,,000,共通部門,0,1600,10E200150,交際費,,,010,札幌営業所,89816775,2021-07
811.0,1.0,1,Debit,2021-07-20,残業夜食　軽減税率,10E200140,福利厚生費,,,000,共通部門,10800,0,10A100020,現金,,,000,共通部門,1454212,2021-07
811.0,1.0,1,Credit,2021-07-20,残業夜食　軽減税率,10A100020,現金,,,000,共通部門,0,10800,10E200140,福利厚生費,,,000,共通部門,89805975,2021-07
823.0,1.0,101,Debit,2021-07-20,広告料,10E200050,広告宣伝費,,,040,大阪支店,52500,0,10B100630,未払金,,,000,共通部門,591700,2021-07
823.0,1.0,101,Credit,2021-07-20,広告料,10B100630,未払金,,,000,共通部門,0,52500,10E200050,広告宣伝費,,,040,大阪支店,7559682,2021-07
824.0,1.0,103,Debit,2021-07-20,7月20日伝票No264株式会社楓屋,10A100020,現金,,,000,共通部門,603296,0,10A100090,売掛金,11,株式会社楓屋,000,共通部門,90409271,2021-07
824.0,1.0,103,Credit,2021-07-20,7月20日伝票No264株式会社楓屋,10A100090,売掛金,11,株式会社楓屋,000,共通部門,0,603296,10A100020,現金,,,000,共通部門,33811064,2021-07
825.0,1.0,104,Debit,2021-07-20,7月20日伝票No265合同会社つばさ商店,10A100020,普通預金,30,GHI銀行 名古屋,000,共通部門,503820,0,10A100090,売掛金,21,合同会社つばさ商店,000,共通部門,90913091,2021-07
825.0,1.0,104,Credit,2021-07-20,7月20日伝票No265合同会社つばさ商店,10A100090,売掛金,21,合同会社つばさ商店,000,共通部門,0,503820,10A100020,普通預金,30,GHI銀行 名古屋,000,共通部門,33307244,2021-07
825.0,2.0,104,Debit,2021-07-20,7月20日伝票No265合同会社つばさ商店,10E200690,支払手数料,,,030,名古屋支店,630,0,10A100090,売掛金,21,合同会社つばさ商店,000,共通部門,41787,2021-07
825.0,2.0,104,Credit,2021-07-20,7月20日伝票No265合同会社つばさ商店,10A100090,売掛金,21,合同会社つばさ商店,000,共通部門,0,630,10E200690,支払手数料,,,030,名古屋支店,33306614,2021-07
826.0,1.0,105,Debit,2021-07-20,7月20日伝票No266株式会社彩雲トレーディング,10A100020,普通預金,20,ABC銀行 本店,000,共通部門,1019003,0,10A100090,売掛金,30,株式会社彩雲トレーディング,000,共通部門,91932094,2021-07
826.0,1.0,105,Credit,2021-07-20,7月20日伝票No266株式会社彩雲トレーディング,10A100090,売掛金,30,株式会社彩雲トレーディング,000,共通部門,0,1019003,10A100020,普通預金,20,ABC銀行 本店,000,共通部門,32287611,2021-07
826.0,2.0,105,Debit,2021-07-20,7月20日伝票No266株式会社彩雲トレーディング,10E200690,支払手数料,,,020,東京支店,735,0,10A100090,売掛金,30,株式会社彩雲トレーディング,000,共通部門,42522,2021-07
826.0,2.0,105,Credit,2021-07-20,7月20日伝票No266株式会社彩雲トレーディング,10A100090,売掛金,30,株式会社彩雲トレーディング,000,共通部門,0,735,10E200690,支払手数料,,,020,東京支店,32286876,2021-07
827.0,1.0,106,Debit,2021-07-20,7月20日伝票No173株式会社和泉流通,10B100040,買掛金,4,株式会社和泉流通,000,共通部門,888656,0,10A100020,普通預金,20,ABC銀行 本店,000,共通部門,37263175,2021-07
827.0,1.0,106,Credit,2021-07-20,7月20日伝票No173株式会社和泉流通,10A100020,普通預金,20,ABC銀行 本店,000,共通部門,0,888656,10B100040,買掛金,4,株式会社和泉流通,000,共通部門,91043438,2021-07
828.0,1.0,107,Debit,2021-07-20,7月20日伝票No174株式会社日向産業,10B100040,買掛金,6,株式会社日向産業,000,共通部門,3530262,0,10A100020,普通預金,20,ABC銀行 本店,000,共通部門,33732913,2021-07
828.0,1.0,107,Credit,2021-07-20,7月20日伝票No174株式会社日向産業,10A100020,普通預金,20,ABC銀行 本店,000,共通部門,0,3530262,10B100040,買掛金,6,株式会社日向産業,000,共通部門,87513176,2021-07
829.0,1.0,108,Debit,2021-07-20,7月20日伝票No175株式会社花園商会,10B100040,買掛金,11,株式会社花園商会,000,共通部門,4120032,0,10A100020,普通預金,20,ABC銀行 本店,000,共通部門,29612881,2021-07
829.0,1.0,108,Credit,2021-07-20,7月20日伝票No175株式会社花園商会,10A100020,普通預金,20,ABC銀行 本店,000,共通部門,0,4120032,10B100040,買掛金,11,株式会社花園商会,000,共通部門,83393144,2021-07
830.0,1.0,118,Debit,2021-07-20,コピー代,10E201110,事務用消耗品費,,,040,大阪支店,7223,0,10B100630,未払金,,,000,共通部門,438178,2021-07
830.0,1.0,118,Credit,2021-07-20,コピー代,10B100630,未払金,,,000,共通部門,0,7223,10E201110,事務用消耗品費,,,040,大阪支店,7566905,2021-07
831.0,1.0,119,Debit,2021-07-20,事務用品,10E201110,事務用消耗品費,,,040,大阪支店,1480,0,10B100630,未払金,,,000,共通部門,439658,2021-07
831.0,1.0,119,Credit,2021-07-20,事務用品,10B100630,未払金,,,000,共通部門,0,1480,10E201110,事務用消耗品費,,,040,大阪支店,7568385,2021-07
832.0,1.0,137,Debit,2021-07-20,手形割引 株式会社緑野百貨店 | 手形番号=R20210630-127-12;受取額に決済額を訂正,10A100020,当座預金,1,ABC銀行,000,共通部門,7936852,0,10A100060,受取手形,,,000,共通部門,91329996,2021-07
832.0,1.0,137,Credit,2021-07-20,手形割引 株式会社緑野百貨店 | 手形番号=R20210630-127-12;受取額に決済額を訂正,10A100060,受取手形,,,000,共通部門,0,7936852,10A100020,当座預金,1,ABC銀行,000,共通部門,61122208,2021-07
832.0,2.0,137,Debit,2021-07-20,手形割引料 | 手形番号=R20210630-127-12,10E300020,支払利息,,,020,東京支店,63842,0,10A100060,受取手形,,,000,共通部門,454218,2021-07
832.0,2.0,137,Credit,2021-07-20,手形割引料 | 手形番号=R20210630-127-12,10A100060,受取手形,,,000,共通部門,0,63842,10E300020,支払利息,,,020,東京支店,61058366,2021-07
833.0,1.0,139,Debit,2021-07-20,手形期日落日 株式会社花園商会,10B100030,支払手形,,,000,共通部門,6181724,0,10A100020,当座預金,1,ABC銀行,000,共通部門,33310455,2021-07
833.0,1.0,139,Credit,2021-07-20,手形期日落日 株式会社花園商会,10A100020,当座預金,1,ABC銀行,000,共通部門,0,6181724,10B100030,支払手形,,,000,共通部門,85148272,2021-07
833.0,2.0,139,Debit,2021-07-20,手形割引 株式会社青葉百貨店 | 手形番号=R20210610-98-28;受取額に決済額を訂正,10A100020,当座預金,1,ABC銀行,000,共通部門,6654846,0,10A100060,受取手形,,,000,共通部門,91803118,2021-07
833.0,2.0,139,Credit,2021-07-20,手形割引 株式会社青葉百貨店 | 手形番号=R20210610-98-28;受取額に決済額を訂正,10A100060,受取手形,,,000,共通部門,0,6654846,10A100020,当座預金,1,ABC銀行,000,共通部門,54403520,2021-07
833.0,3.0,139,Debit,2021-07-20,手形割引料 | 手形番号=R20210610-98-28,10E300020,支払利息,,,020,東京支店,52282,0,10A100060,受取手形,,,000,共通部門,506500,2021-07
833.0,3.0,139,Credit,2021-07-20,手形割引料 | 手形番号=R20210610-98-28,10A100060,受取手形,,,000,共通部門,0,52282,10E300020,支払利息,,,020,東京支店,54351238,2021-07
834.0,1.0,142,Debit,2021-07-20,資金移動,10A100020,普通預金,20,ABC銀行 本店,000,共通部門,19000000,0,10A100020,当座預金,1,ABC銀行,000,共通部門,110803118,2021-07
834.0,1.0,142,Credit,2021-07-20,資金移動,10A100020,当座預金,1,ABC銀行,000,共通部門,0,19000000,10A100020,普通預金,20,ABC銀行 本店,000,共通部門,91803118,2021-07
835.0,1.0,144,Debit,2021-07-20,ガソリン代,10E201120,車両費,,,040,大阪支店,4324,0,10A100020,現金,,,000,共通部門,1893321,2021-07
835.0,1.0,144,Credit,2021-07-20,ガソリン代,10A100020,現金,,,000,共通部門,0,4324,10E201120,車両費,,,040,大阪支店,91798794,2021-07
835.0,2.0,144,Debit,2021-07-20,高速代,10E201120,車両費,,,040,大阪支店,3408,0,10A100020,現金,,,000,共通部門,1896729,2021-07
835.0,2.0,144,Credit,2021-07-20,高速代,10A100020,現金,,,000,共通部門,0,3408,10E201120,車両費,,,040,大阪支店,91795386,2021-07
835.0,3.0,144,Debit,2021-07-20,ガソリン代,10E201120,車両費,,,040,大阪支店,7048,0,10A100020,現金,,,000,共通部門,1903777,2021-07
835.0,3.0,144,Credit,2021-07-20,ガソリン代,10A100020,現金,,,000,共通部門,0,7048,10E201120,車両費,,,040,大阪支店,91788338,2021-07
836.0,1.0,158,Debit,2021-07-20,出張旅費,10E201230,旅費及び交通費,,,040,大阪支店,10000,0,10A100020,現金,,,000,共通部門,3857523,2021-07
836.0,1.0,158,Credit,2021-07-20,出張旅費,10A100020,現金,,,000,共通部門,0,10000,10E201230,旅費及び交通費,,,040,大阪支店,91778338,2021-07
837.0,1.0,163,Debit,2021-07-20,会費,10E201140,諸会費,,,050,九州営業所,18000,0,10A100020,現金,,,000,共通部門,410000,2021-07
837.0,1.0,163,Credit,2021-07-20,会費,10A100020,現金,,,000,共通部門,0,18000,10E201140,諸会費,,,050,九州営業所,91760338,2021-07
838.0,1.0,164,Debit,2021-07-20,事務用品,10E201110,事務用消耗品費,,,050,九州営業所,5980,0,10A100020,現金,,,000,共通部門,445638,2021-07
838.0,1.0,164,Credit,2021-07-20,事務用品,10A100020,現金,,,000,共通部門,0,5980,10E201110,事務用消耗品費,,,050,九州営業所,91754358,2021-07
813.0,1.0,31,Debit,2021-07-20,コピー代,10E201110,事務用消耗品費,,,010,札幌営業所,2866,0,10B100630,未払金,,,000,共通部門,448504,2021-07
813.0,1.0,31,Credit,2021-07-20,コピー代,10B100630,未払金,,,000,共通部門,0,2866,10E201110,事務用消耗品費,,,010,札幌営業所,7571251,2021-07
814.0,1.0,45,Debit,2021-07-20,コーヒー代2名,10E200150,交際費,,,020,東京支店,1260,0,10A100020,現金,,,000,共通部門,1239510,2021-07
814.0,1.0,45,Credit,2021-07-20,コーヒー代2名,10A100020,現金,,,000,共通部門,0,1260,10E200150,交際費,,,020,東京支店,91753098,2021-07
815.0,1.0,48,Debit,2021-07-20,ガソリン代,10E201120,車両費,,,020,東京支店,4303,0,10A100020,現金,,,000,共通部門,1908080,2021-07
815.0,1.0,48,Credit,2021-07-20,ガソリン代,10A100020,現金,,,000,共通部門,0,4303,10E201120,車両費,,,020,東京支店,91748795,2021-07
816.0,1.0,53,Debit,2021-07-20,ガソリン代,10E201120,車両費,,,020,東京支店,6381,0,10A100020,現金,,,000,共通部門,1914461,2021-07
816.0,1.0,53,Credit,2021-07-20,ガソリン代,10A100020,現金,,,000,共通部門,0,6381,10E201120,車両費,,,020,東京支店,91742414,2021-07
816.0,2.0,53,Debit,2021-07-20,駐車代,10E201120,車両費,,,020,東京支店,1429,0,10A100020,現金,,,000,共通部門,1915890,2021-07
816.0,2.0,53,Credit,2021-07-20,駐車代,10A100020,現金,,,000,共通部門,0,1429,10E201120,車両費,,,020,東京支店,91740985,2021-07
816.0,3.0,53,Debit,2021-07-20,高速代,10E201120,車両費,,,020,東京支店,715,0,10A100020,現金,,,000,共通部門,1916605,2021-07
816.0,3.0,53,Credit,2021-07-20,高速代,10A100020,現金,,,000,共通部門,0,715,10E201120,車両費,,,020,東京支店,91740270,2021-07
812.0,1.0,6,Debit,2021-07-20,広告料,10E200050,広告宣伝費,,,010,札幌営業所,5000,0,10A100020,現金,,,000,共通部門,596700,2021-07
812.0,1.0,6,Credit,2021-07-20,広告料,10A100020,現金,,,000,共通部門,0,5000,10E200050,広告宣伝費,,,010,札幌営業所,91735270,2021-07
817.0,1.0,69,Debit,2021-07-20,有線,10E201270,雑費,,,030,名古屋支店,5000,0,10B100630,未払金,,,000,共通部門,1559281,2021-07
817.0,1.0,69,Credit,2021-07-20,有線,10B100630,未払金,,,000,共通部門,0,5000,10E201270,雑費,,,030,名古屋支店,7576251,2021-07
818.0,1.0,71,Debit,2021-07-20,事務用品,10E201110,事務用消耗品費,,,020,東京支店,11407,0,10B100630,未払金,,,000,共通部門,459911,2021-07
818.0,1.0,71,Credit,2021-07-20,事務用品,10B100630,未払金,,,000,共通部門,0,11407,10E201110,事務用消耗品費,,,020,東京支店,7587658,2021-07
818.0,2.0,71,Debit,2021-07-20,カウンター料金,10E201110,事務用消耗品費,,,020,東京支店,31320,0,10B100630,未払金,,,000,共通部門,491231,2021-07
818.0,2.0,71,Credit,2021-07-20,カウンター料金,10B100630,未払金,,,000,共通部門,0,31320,10E201110,事務用消耗品費,,,020,東京支店,7618978,2021-07
819.0,1.0,72,Debit,2021-07-20,カウンター料金,10E201110,事務用消耗品費,,,050,九州営業所,6300,0,10B100630,未払金,,,000,共通部門,497531,2021-07
819.0,1.0,72,Credit,2021-07-20,カウンター料金,10B100630,未払金,,,000,共通部門,0,6300,10E201110,事務用消耗品費,,,050,九州営業所,7625278,2021-07
820.0,1.0,77,Debit,2021-07-20,ファイル等,10E200200,消耗品費,,,000,共通部門,19387,0,10B100630,未払金,,,000,共通部門,900228,2021-07
820.0,1.0,77,Credit,2021-07-20,ファイル等,10B100630,未払金,,,000,共通部門,0,19387,10E200200,消耗品費,,,000,共通部門,7644665,2021-07
820.0,2.0,77,Debit,2021-07-20,飲料水,10E200200,消耗品費,,,000,共通部門,239019,0,10B100630,未払金,,,000,共通部門,1139247,2021-07
820.0,2.0,77,Credit,2021-07-20,飲料水,10B100630,未払金,,,000,共通部門,0,239019,10E200200,消耗品費,,,000,共通部門,7883684,2021-07
820.0,3.0,77,Debit,2021-07-20,名刺代,10E200200,消耗品費,,,000,共通部門,10096,0,10B100630,未払金,,,000,共通部門,1149343,2021-07
820.0,3.0,77,Credit,2021-07-20,名刺代,10B100630,未払金,,,000,共通部門,0,10096,10E200200,消耗品費,,,000,共通部門,7893780,2021-07
821.0,1.0,97,Debit,2021-07-20,コピー代,10E201110,事務用消耗品費,,,030,名古屋支店,35789,0,10B100630,未払金,,,000,共通部門,533320,2021-07
821.0,1.0,97,Credit,2021-07-20,コピー代,10B100630,未払金,,,000,共通部門,0,35789,10E201110,事務用消耗品費,,,030,名古屋支店,7929569,2021-07
822.0,1.0,98,Debit,2021-07-20,事務用品,10E201110,事務用消耗品費,,,030,名古屋支店,5890,0,10B100630,未払金,,,000,共通部門,539210,2021-07
822.0,1.0,98,Credit,2021-07-20,事務用品,10B100630,未払金,,,000,共通部門,0,5890,10E201110,事務用消耗品費,,,030,名古屋支店,7935459,2021-07
841.0,1.0,159,Debit,2021-07-21,タクシー代,10E201230,旅費及び交通費,,,050,九州営業所,9780,0,10A100020,現金,,,000,共通部門,3867303,2021-07
841.0,1.0,159,Credit,2021-07-21,タクシー代,10A100020,現金,,,000,共通部門,0,9780,10E201230,旅費及び交通費,,,050,九州営業所,91725490,2021-07
839.0,1.0,25,Debit,2021-07-21,旅費,10E201230,旅費及び交通費,,,010,札幌営業所,56000,0,10A100020,現金,,,000,共通部門,3923303,2021-07
839.0,1.0,25,Credit,2021-07-21,旅費,10A100020,現金,,,000,共通部門,0,56000,10E201230,旅費及び交通費,,,010,札幌営業所,91669490,2021-07
840.0,1.0,63,Debit,2021-07-21,お茶代,10E200140,福利厚生費,,,050,九州営業所,11050,0,10B100630,未払金,,,000,共通部門,1465262,2021-07
840.0,1.0,63,Credit,2021-07-21,お茶代,10B100630,未払金,,,000,共通部門,0,11050,10E200140,福利厚生費,,,050,九州営業所,7946509,2021-07
848.0,1.0,132,Debit,2021-07-22,電気代,10E201040,水道光熱費,,,040,大阪支店,93957,0,10A100020,普通預金,40,JKL銀行 梅田,000,共通部門,1901676,2021-07
848.0,1.0,132,Credit,2021-07-22,電気代,10A100020,普通預金,40,JKL銀行 梅田,000,共通部門,0,93957,10E201040,水道光熱費,,,040,大阪支店,91575533,2021-07
848.0,2.0,132,Debit,2021-07-22,水道代,10E201040,水道光熱費,,,040,大阪支店,4736,0,10A100020,普通預金,40,JKL銀行 梅田,000,共通部門,1906412,2021-07
848.0,2.0,132,Credit,2021-07-22,水道代,10A100020,普通預金,40,JKL銀行 梅田,000,共通部門,0,4736,10E201040,水道光熱費,,,040,大阪支店,91570797,2021-07
849.0,1.0,165,Debit,2021-07-22,洗剤他,10E201270,雑費,,,050,九州営業所,2530,0,10A100020,現金,,,000,共通部門,1561811,2021-07
849.0,1.0,165,Credit,2021-07-22,洗剤他,10A100020,現金,,,000,共通部門,0,2530,10E201270,雑費,,,050,九州営業所,91568267,2021-07
850.0,1.0,166,Debit,2021-07-22,架空清掃会社A代,10E201270,雑費,,,050,九州営業所,1890,0,10A100020,現金,,,000,共通部門,1563701,2021-07
850.0,1.0,166,Credit,2021-07-22,架空清掃会社A代,10A100020,現金,,,000,共通部門,0,1890,10E201270,雑費,,,050,九州営業所,91566377,2021-07
851.0,1.0,169,Debit,2021-07-22,電気料,10E201040,水道光熱費,,,050,九州営業所,106261,0,10A100020,普通預金,50,MNO銀行 北九州,000,共通部門,2012673,2021-07
851.0,1.0,169,Credit,2021-07-22,電気料,10A100020,普通預金,50,MNO銀行 北九州,000,共通部門,0,106261,10E201040,水道光熱費,,,050,九州営業所,91460116,2021-07
851.0,2.0,169,Debit,2021-07-22,水道料,10E201040,水道光熱費,,,050,九州営業所,6656,0,10A100020,普通預金,50,MNO銀行 北九州,000,共通部門,2019329,2021-07
851.0,2.0,169,Credit,2021-07-22,水道料,10A100020,普通預金,50,MNO銀行 北九州,000,共通部門,0,6656,10E201040,水道光熱費,,,050,九州営業所,91453460,2021-07
842.0,1.0,26,Debit,2021-07-22,旅費,10E201230,旅費及び交通費,,,010,札幌営業所,19050,0,10A100020,現金,,,000,共通部門,3942353,2021-07
842.0,1.0,26,Credit,2021-07-22,旅費,10A100020,現金,,,000,共通部門,0,19050,10E201230,旅費及び交通費,,,010,札幌営業所,91434410,2021-07
843.0,1.0,34,Debit,2021-07-22,電気代,10E201040,水道光熱費,,,010,札幌営業所,96715,0,10A100020,普通預金,10,DEF銀行 駅前,000,共通部門,2116044,2021-07
843.0,1.0,34,Credit,2021-07-22,電気代,10A100020,普通預金,10,DEF銀行 駅前,000,共通部門,0,96715,10E201040,水道光熱費,,,010,札幌営業所,91337695,2021-07
843.0,2.0,34,Debit,2021-07-22,水道代,10E201040,水道光熱費,,,010,札幌営業所,5258,0,10A100020,普通預金,10,DEF銀行 駅前,000,共通部門,2121302,2021-07
843.0,2.0,34,Credit,2021-07-22,水道代,10A100020,普通預金,10,DEF銀行 駅前,000,共通部門,0,5258,10E201040,水道光熱費,,,010,札幌営業所,91332437,2021-07
844.0,1.0,64,Debit,2021-07-22,電気料,10E201040,水道光熱費,,,020,東京支店,170932,0,10A100020,普通預金,20,ABC銀行 本店,000,共通部門,2292234,2021-07
844.0,1.0,64,Credit,2021-07-22,電気料,10A100020,普通預金,20,ABC銀行 本店,000,共通部門,0,170932,10E201040,水道光熱費,,,020,東京支店,91161505,2021-07
844.0,2.0,64,Debit,2021-07-22,水道料,10E201040,水道光熱費,,,020,東京支店,7660,0,10A100020,普通預金,20,ABC銀行 本店,000,共通部門,2299894,2021-07
844.0,2.0,64,Credit,2021-07-22,水道料,10A100020,普通預金,20,ABC銀行 本店,000,共通部門,0,7660,10E201040,水道光熱費,,,020,東京支店,91153845,2021-07
845.0,1.0,89,Debit,2021-07-22,電気料,10E201040,水道光熱費,,,030,名古屋支店,78783,0,10A100020,普通預金,30,GHI銀行 名古屋,000,共通部門,2378677,2021-07
845.0,1.0,89,Credit,2021-07-22,電気料,10A100020,普通預金,30,GHI銀行 名古屋,000,共通部門,0,78783,10E201040,水道光熱費,,,030,名古屋支店,91075062,2021-07
845.0,2.0,89,Debit,2021-07-22,水道料,10E201040,水道光熱費,,,030,名古屋支店,3400,0,10A100020,普通預金,30,GHI銀行 名古屋,000,共通部門,2382077,2021-07
845.0,2.0,89,Credit,2021-07-22,水道料,10A100020,普通預金,30,GHI銀行 名古屋,000,共通部門,0,3400,10E201040,水道光熱費,,,030,名古屋支店,91071662,2021-07
845.0,3.0,89,Debit,2021-07-22,ガス代,10E201040,水道光熱費,,,030,名古屋支店,3062,0,10A100020,普通預金,30,GHI銀行 名古屋,000,共通部門,2385139,2021-07
845.0,3.0,89,Credit,2021-07-22,ガス代,10A100020,普通預金,30,GHI銀行 名古屋,000,共通部門,0,3062,10E201040,水道光熱費,,,030,名古屋支店,91068600,2021-07
846.0,1.0,90,Debit,2021-07-22,架空清掃会社A代,10E201270,雑費,,,030,名古屋支店,10500,0,10A100020,現金,,,000,共通部門,1574201,2021-07
846.0,1.0,90,Credit,2021-07-22,架空清掃会社A代,10A100020,現金,,,000,共通部門,0,10500,10E201270,雑費,,,030,名古屋支店,91058100,2021-07
847.0,1.0,95,Debit,2021-07-22,清掃料,10E201270,雑費,,,030,名古屋支店,71675,0,10B100630,未払金,,,000,共通部門,1645876,2021-07
847.0,1.0,95,Credit,2021-07-22,清掃料,10B100630,未払金,,,000,共通部門,0,71675,10E201270,雑費,,,030,名古屋支店,8018184,2021-07
853.0,1.0,140,Debit,2021-07-23,旅費,10E201230,旅費及び交通費,,,040,大阪支店,11000,0,10A100020,現金,,,000,共通部門,3953353,2021-07
853.0,1.0,140,Credit,2021-07-23,旅費,10A100020,現金,,,000,共通部門,0,11000,10E201230,旅費及び交通費,,,040,大阪支店,91047100,2021-07
852.0,1.0,24,Debit,2021-07-23,架空鉄道会社A回数券,10E201230,旅費及び交通費,,,010,札幌営業所,82620,0,10A100020,現金,,,000,共通部門,4035973,2021-07
852.0,1.0,24,Credit,2021-07-23,架空鉄道会社A回数券,10A100020,現金,,,000,共通部門,0,82620,10E201230,旅費及び交通費,,,010,札幌営業所,90964480,2021-07
856.0,1.0,137,Debit,2021-07-24,有線,10E201270,雑費,,,040,大阪支店,6000,0,10B100630,未払金,,,000,共通部門,1651876,2021-07
856.0,1.0,137,Credit,2021-07-24,有線,10B100630,未払金,,,000,共通部門,0,6000,10E201270,雑費,,,040,大阪支店,8024184,2021-07
856.0,2.0,137,Debit,2021-07-24,警備料,10E201270,雑費,,,040,大阪支店,42858,0,10B100630,未払金,,,000,共通部門,1694734,2021-07
856.0,2.0,137,Credit,2021-07-24,警備料,10B100630,未払金,,,000,共通部門,0,42858,10E201270,雑費,,,040,大阪支店,8067042,2021-07
856.0,3.0,137,Debit,2021-07-24,高速料,10E201120,車両費,,,040,大阪支店,29740,0,10A100020,普通預金,40,JKL銀行 梅田,000,共通部門,1946345,2021-07
856.0,3.0,137,Credit,2021-07-24,高速料,10A100020,普通預金,40,JKL銀行 梅田,000,共通部門,0,29740,10E201120,車両費,,,040,大阪支店,90934740,2021-07
856.0,4.0,137,Debit,2021-07-24,清掃料,10E201270,雑費,,,040,大阪支店,73500,0,10B100630,未払金,,,000,共通部門,1768234,2021-07
856.0,4.0,137,Credit,2021-07-24,清掃料,10B100630,未払金,,,000,共通部門,0,73500,10E201270,雑費,,,040,大阪支店,8140542,2021-07
856.0,5.0,137,Debit,2021-07-24,駐車代,10E201120,車両費,,,040,大阪支店,3507,0,10A100020,現金,,,000,共通部門,1949852,2021-07
856.0,5.0,137,Credit,2021-07-24,駐車代,10A100020,現金,,,000,共通部門,0,3507,10E201120,車両費,,,040,大阪支店,90931233,2021-07
857.0,1.0,154,Debit,2021-07-24,飲食代 架空店舗060 3名,10E200150,交際費,,,050,九州営業所,13029,0,10B100630,未払金,,,000,共通部門,1252539,2021-07
857.0,1.0,154,Credit,2021-07-24,飲食代 架空店舗060 3名,10B100630,未払金,,,000,共通部門,0,13029,10E200150,交際費,,,050,九州営業所,8153571,2021-07
857.0,2.0,154,Debit,2021-07-24,飲食代 架空店舗015,10E200150,交際費,,,050,九州営業所,23477,0,10B100630,未払金,,,000,共通部門,1276016,2021-07
857.0,2.0,154,Credit,2021-07-24,飲食代 架空店舗015,10B100630,未払金,,,000,共通部門,0,23477,10E200150,交際費,,,050,九州営業所,8177048,2021-07
858.0,1.0,172,Debit,2021-07-24,業務委託費支払い,10E200020,販売手数料,,,010,札幌営業所,132000,0,10B100630,未払金,,,000,共通部門,6714000,2021-07
858.0,1.0,172,Credit,2021-07-24,業務委託費支払い,10B100630,未払金,,,000,共通部門,0,132000,10E200020,販売手数料,,,010,札幌営業所,8309048,2021-07
854.0,1.0,38,Debit,2021-07-24,宿泊費,10E200140,福利厚生費,,,020,東京支店,48164,0,10B100630,未払金,,,000,共通部門,1513426,2021-07
854.0,1.0,38,Credit,2021-07-24,宿泊費,10B100630,未払金,,,000,共通部門,0,48164,10E200140,福利厚生費,,,020,東京支店,8357212,2021-07
855.0,1.0,54,Debit,2021-07-24,高速代,10E201120,車両費,,,020,東京支店,2858,0,10A100020,現金,,,000,共通部門,1952710,2021-07
855.0,1.0,54,Credit,2021-07-24,高速代,10A100020,現金,,,000,共通部門,0,2858,10E201120,車両費,,,020,東京支店,90928375,2021-07
855.0,2.0,54,Debit,2021-07-24,ガソリン代,10E201120,車両費,,,020,東京支店,4412,0,10A100020,現金,,,000,共通部門,1957122,2021-07
855.0,2.0,54,Credit,2021-07-24,ガソリン代,10A100020,現金,,,000,共通部門,0,4412,10E201120,車両費,,,020,東京支店,90923963,2021-07
869.0,1.0,109,Debit,2021-07-25,ガソリン代,10E201120,車両費,,,040,大阪支店,44500,0,10B100630,未払金,,,000,共通部門,2001622,2021-07
869.0,1.0,109,Credit,2021-07-25,ガソリン代,10B100630,未払金,,,000,共通部門,0,44500,10E201120,車両費,,,040,大阪支店,8401712,2021-07
869.0,2.0,109,Debit,2021-07-25,7月25日伝票No267株式会社桜丘百貨店 | 売上伝票=20210630-121;手形番号=R20210725-109-2,10A100060,受取手形,,,000,共通部門,14026610,0,10A100090,売掛金,2,株式会社桜丘百貨店,000,共通部門,68377848,2021-07
869.0,2.0,109,Credit,2021-07-25,7月25日伝票No267株式会社桜丘百貨店 | 売上伝票=20210630-121;手形番号=R20210725-109-2,10A100090,売掛金,2,株式会社桜丘百貨店,000,共通部門,0,14026610,10A100060,受取手形,,,000,共通部門,18260266,2021-07
870.0,1.0,110,Debit,2021-07-25,7月25日伝票No268株式会社光彩堂商事,10A100020,普通預金,30,GHI銀行 名古屋,000,共通部門,1107809,0,10A100090,売掛金,7,株式会社光彩堂商事,000,共通部門,92031772,2021-07
870.0,1.0,110,Credit,2021-07-25,7月25日伝票No268株式会社光彩堂商事,10A100090,売掛金,7,株式会社光彩堂商事,000,共通部門,0,1107809,10A100020,普通預金,30,GHI銀行 名古屋,000,共通部門,17152457,2021-07
870.0,2.0,110,Debit,2021-07-25,7月25日伝票No268株式会社光彩堂商事,10E200690,支払手数料,,,030,名古屋支店,735,0,10A100090,売掛金,7,株式会社光彩堂商事,000,共通部門,43257,2021-07
870.0,2.0,110,Credit,2021-07-25,7月25日伝票No268株式会社光彩堂商事,10A100090,売掛金,7,株式会社光彩堂商事,000,共通部門,0,735,10E200690,支払手数料,,,030,名古屋支店,17151722,2021-07
871.0,1.0,111,Debit,2021-07-25,タクシー代,10E201230,旅費及び交通費,,,040,大阪支店,23600,0,10B100630,未払金,,,000,共通部門,4059573,2021-07
871.0,1.0,111,Credit,2021-07-25,タクシー代,10B100630,未払金,,,000,共通部門,0,23600,10E201230,旅費及び交通費,,,040,大阪支店,8425312,2021-07
871.0,2.0,111,Debit,2021-07-25,7月25日伝票No269株式会社杉の木商店,10A100020,普通預金,40,JKL銀行 梅田,000,共通部門,859299,0,10A100090,売掛金,23,株式会社杉の木商店,000,共通部門,92891071,2021-07
871.0,2.0,111,Credit,2021-07-25,7月25日伝票No269株式会社杉の木商店,10A100090,売掛金,23,株式会社杉の木商店,000,共通部門,0,859299,10A100020,普通預金,40,JKL銀行 梅田,000,共通部門,16292423,2021-07
871.0,3.0,111,Debit,2021-07-25,7月25日伝票No269株式会社杉の木商店,10E200690,支払手数料,,,040,大阪支店,630,0,10A100090,売掛金,23,株式会社杉の木商店,000,共通部門,43887,2021-07
871.0,3.0,111,Credit,2021-07-25,7月25日伝票No269株式会社杉の木商店,10A100090,売掛金,23,株式会社杉の木商店,000,共通部門,0,630,10E200690,支払手数料,,,040,大阪支店,16291793,2021-07
872.0,1.0,112,Debit,2021-07-25,7月25日伝票No270株式会社ほのかマート,10A100020,普通預金,10,DEF銀行 駅前,000,共通部門,2997978,0,10A100090,売掛金,25,株式会社ほのかマート,000,共通部門,95889049,2021-07
872.0,1.0,112,Credit,2021-07-25,7月25日伝票No270株式会社ほのかマート,10A100090,売掛金,25,株式会社ほのかマート,000,共通部門,0,2997978,10A100020,普通預金,10,DEF銀行 駅前,000,共通部門,13293815,2021-07
872.0,2.0,112,Debit,2021-07-25,7月25日伝票No270株式会社ほのかマート,10E200690,支払手数料,,,010,札幌営業所,840,0,10A100090,売掛金,25,株式会社ほのかマート,000,共通部門,44727,2021-07
872.0,2.0,112,Credit,2021-07-25,7月25日伝票No270株式会社ほのかマート,10A100090,売掛金,25,株式会社ほのかマート,000,共通部門,0,840,10E200690,支払手数料,,,010,札幌営業所,13292975,2021-07
873.0,1.0,114,Debit,2021-07-25,新聞代,10E201160,図書費,,,040,大阪支店,2540,0,10A100020,現金,,,000,共通部門,77486,2021-07
873.0,1.0,114,Credit,2021-07-25,新聞代,10A100020,現金,,,000,共通部門,0,2540,10E201160,図書費,,,040,大阪支店,95886509,2021-07
873.0,2.0,114,Debit,2021-07-25,新聞代,10E201160,図書費,,,040,大阪支店,2864,0,10A100020,現金,,,000,共通部門,80350,2021-07
873.0,2.0,114,Credit,2021-07-25,新聞代,10A100020,現金,,,000,共通部門,0,2864,10E201160,図書費,,,040,大阪支店,95883645,2021-07
874.0,1.0,131,Debit,2021-07-25,会費,10E201140,諸会費,,,040,大阪支店,24000,0,10A100020,普通預金,40,JKL銀行 梅田,000,共通部門,434000,2021-07
874.0,1.0,131,Credit,2021-07-25,会費,10A100020,普通預金,40,JKL銀行 梅田,000,共通部門,0,24000,10E201140,諸会費,,,040,大阪支店,95859645,2021-07
875.0,1.0,153,Debit,2021-07-25,食事代 架空店舗008 2名,10E200150,交際費,,,030,名古屋支店,3540,0,10A100020,現金,,,000,共通部門,1279556,2021-07
875.0,1.0,153,Credit,2021-07-25,食事代 架空店舗008 2名,10A100020,現金,,,000,共通部門,0,3540,10E200150,交際費,,,030,名古屋支店,95856105,2021-07
876.0,1.0,155,Debit,2021-07-25,ガソリン代,10E201120,車両費,,,050,九州営業所,7246,0,10A100020,現金,,,000,共通部門,2008868,2021-07
876.0,1.0,155,Credit,2021-07-25,ガソリン代,10A100020,現金,,,000,共通部門,0,7246,10E201120,車両費,,,050,九州営業所,95848859,2021-07
877.0,1.0,170,Debit,2021-07-25,新聞代,10E201160,図書費,,,050,九州営業所,3007,0,10A100020,現金,,,000,共通部門,83357,2021-07
877.0,1.0,170,Credit,2021-07-25,新聞代,10A100020,現金,,,000,共通部門,0,3007,10E201160,図書費,,,050,九州営業所,95845852,2021-07
878.0,1.0,171,Debit,2021-07-25,携帯代,10E200180,通信費,,,050,九州営業所,71096,0,10A100020,普通預金,50,MNO銀行 北九州,000,共通部門,4420562,2021-07
878.0,1.0,171,Credit,2021-07-25,携帯代,10A100020,普通預金,50,MNO銀行 北九州,000,共通部門,0,71096,10E200180,通信費,,,050,九州営業所,95774756,2021-07
860.0,1.0,28,Debit,2021-07-25,タクシー代,10E201230,旅費及び交通費,,,010,札幌営業所,5987,0,10B100630,未払金,,,000,共通部門,4065560,2021-07
860.0,1.0,28,Credit,2021-07-25,タクシー代,10B100630,未払金,,,000,共通部門,0,5987,10E201230,旅費及び交通費,,,010,札幌営業所,8431299,2021-07
861.0,1.0,29,Debit,2021-07-25,携帯電話代,10E200180,通信費,,,010,札幌営業所,84352,0,10A100020,普通預金,10,DEF銀行 駅前,000,共通部門,4504914,2021-07
861.0,1.0,29,Credit,2021-07-25,携帯電話代,10A100020,普通預金,10,DEF銀行 駅前,000,共通部門,0,84352,10E200180,通信費,,,010,札幌営業所,95690404,2021-07
859.0,1.0,3,Debit,2021-07-25,宿泊代,10E200140,福利厚生費,,,010,札幌営業所,30012,0,10B100630,未払金,,,000,共通部門,1543438,2021-07
859.0,1.0,3,Credit,2021-07-25,宿泊代,10B100630,未払金,,,000,共通部門,0,30012,10E200140,福利厚生費,,,010,札幌営業所,8461311,2021-07
862.0,1.0,35,Debit,2021-07-25,新聞代,10E201160,図書費,,,010,札幌営業所,3925,0,10A100020,現金,,,000,共通部門,87282,2021-07
862.0,1.0,35,Credit,2021-07-25,新聞代,10A100020,現金,,,000,共通部門,0,3925,10E201160,図書費,,,010,札幌営業所,95686479,2021-07
863.0,1.0,60,Debit,2021-07-25,旅費,10E201230,旅費及び交通費,,,020,東京支店,11200,0,10A100020,現金,,,000,共通部門,4076760,2021-07
863.0,1.0,60,Credit,2021-07-25,旅費,10A100020,現金,,,000,共通部門,0,11200,10E201230,旅費及び交通費,,,020,東京支店,95675279,2021-07
864.0,1.0,78,Debit,2021-07-25,業務委託費支払い,10E200020,販売手数料,,,030,名古屋支店,189000,0,10B100630,未払金,,,000,共通部門,6903000,2021-07
864.0,1.0,78,Credit,2021-07-25,業務委託費支払い,10B100630,未払金,,,000,共通部門,0,189000,10E200020,販売手数料,,,030,名古屋支店,8650311,2021-07
865.0,1.0,85,Debit,2021-07-25,7月給与その他 0001 役員,10E200090,役員報酬,,,020,東京支店,1129093,0,10A100020,普通預金,20,ABC銀行 本店,000,共通部門,6289093,2021-07
865.0,1.0,85,Credit,2021-07-25,7月給与その他 0001 役員,10A100020,普通預金,20,ABC銀行 本店,000,共通部門,0,1129093,10E200090,役員報酬,,,020,東京支店,94546186,2021-07
865.0,2.0,85,Debit,2021-07-25,7月給与その他 0001 役員,10E200090,役員報酬,,,020,東京支店,111192,0,10B100690,預り金,1,保険料,000,共通部門,6400285,2021-07
865.0,2.0,85,Credit,2021-07-25,7月給与その他 0001 役員,10B100690,預り金,1,保険料,000,共通部門,0,111192,10E200090,役員報酬,,,020,東京支店,3760137,2021-07
865.0,3.0,85,Debit,2021-07-25,7月給与その他 0001 役員,10E200090,役員報酬,,,020,東京支店,171200,0,10B100690,預り金,2,住民税,000,共通部門,6571485,2021-07
865.0,3.0,85,Credit,2021-07-25,7月給与その他 0001 役員,10B100690,預り金,2,住民税,000,共通部門,0,171200,10E200090,役員報酬,,,020,東京支店,3931337,2021-07
865.0,4.0,85,Debit,2021-07-25,7月給与その他 0001 役員,10E200090,役員報酬,,,020,東京支店,166823,0,10B100690,預り金,3,源泉税,000,共通部門,6738308,2021-07
865.0,4.0,85,Credit,2021-07-25,7月給与その他 0001 役員,10B100690,預り金,3,源泉税,000,共通部門,0,166823,10E200090,役員報酬,,,020,東京支店,4098160,2021-07
865.0,5.0,85,Debit,2021-07-25,7月給与その他 0001 役員,10E200090,役員報酬,,,020,東京支店,133972,0,10B100690,預り金,4,貯蓄・保険,000,共通部門,6872280,2021-07
865.0,5.0,85,Credit,2021-07-25,7月給与その他 0001 役員,10B100690,預り金,4,貯蓄・保険,000,共通部門,0,133972,10E200090,役員報酬,,,020,東京支店,4232132,2021-07
865.0,6.0,85,Debit,2021-07-25,7月給与その他 0001 役員,10E200090,役員報酬,,,020,東京支店,7720,0,10B100690,預り金,9,その他,000,共通部門,6880000,2021-07
865.0,6.0,85,Credit,2021-07-25,7月給与その他 0001 役員,10B100690,預り金,9,その他,000,共通部門,0,7720,10E200090,役員報酬,,,020,東京支店,4239852,2021-07
865.0,7.0,85,Debit,2021-07-25,7月給与その他 0020 営業部,10E200370,給料及び手当,,,020,東京支店,1476277,0,10A100020,普通預金,20,ABC銀行 本店,000,共通部門,17984644,2021-07
865.0,7.0,85,Credit,2021-07-25,7月給与その他 0020 営業部,10A100020,普通預金,20,ABC銀行 本店,000,共通部門,0,1476277,10E200370,給料及び手当,,,020,東京支店,93069909,2021-07
865.0,8.0,85,Debit,2021-07-25,7月給与その他 0020 営業部,10E200370,給料及び手当,,,020,東京支店,216077,0,10B100690,預り金,1,保険料,000,共通部門,18200721,2021-07
865.0,8.0,85,Credit,2021-07-25,7月給与その他 0020 営業部,10B100690,預り金,1,保険料,000,共通部門,0,216077,10E200370,給料及び手当,,,020,東京支店,4455929,2021-07
865.0,9.0,85,Debit,2021-07-25,7月給与その他 0020 営業部,10E200370,給料及び手当,,,020,東京支店,104300,0,10B100690,預り金,2,住民税,000,共通部門,18305021,2021-07
865.0,9.0,85,Credit,2021-07-25,7月給与その他 0020 営業部,10B100690,預り金,2,住民税,000,共通部門,0,104300,10E200370,給料及び手当,,,020,東京支店,4560229,2021-07
865.0,10.0,85,Debit,2021-07-25,7月給与その他 0020 営業部,10E200370,給料及び手当,,,020,東京支店,35770,0,10B100690,預り金,3,源泉税,000,共通部門,18340791,2021-07
865.0,10.0,85,Credit,2021-07-25,7月給与その他 0020 営業部,10B100690,預り金,3,源泉税,000,共通部門,0,35770,10E200370,給料及び手当,,,020,東京支店,4595999,2021-07
865.0,11.0,85,Debit,2021-07-25,7月給与その他 0020 営業部,10E200370,給料及び手当,,,020,東京支店,43305,0,10B100690,預り金,4,貯蓄・保険,000,共通部門,18384096,2021-07
865.0,11.0,85,Credit,2021-07-25,7月給与その他 0020 営業部,10B100690,預り金,4,貯蓄・保険,000,共通部門,0,43305,10E200370,給料及び手当,,,020,東京支店,4639304,2021-07
865.0,12.0,85,Debit,2021-07-25,7月給与その他 0020 営業部,10E200370,給料及び手当,,,020,東京支店,60416,0,10B100690,預り金,9,その他,000,共通部門,18444512,2021-07
865.0,12.0,85,Credit,2021-07-25,7月給与その他 0020 営業部,10B100690,預り金,9,その他,000,共通部門,0,60416,10E200370,給料及び手当,,,020,東京支店,4699720,2021-07
865.0,13.0,85,Debit,2021-07-25,7月給与その他 1000 札幌営業所,10E200370,給料及び手当,,,010,札幌営業所,616860,0,10A100020,普通預金,20,ABC銀行 本店,000,共通部門,19061372,2021-07
865.0,13.0,85,Credit,2021-07-25,7月給与その他 1000 札幌営業所,10A100020,普通預金,20,ABC銀行 本店,000,共通部門,0,616860,10E200370,給料及び手当,,,010,札幌営業所,92453049,2021-07
865.0,14.0,85,Debit,2021-07-25,7月給与その他 1000 札幌営業所,10E200370,給料及び手当,,,010,札幌営業所,94847,0,10B100690,預り金,1,保険料,000,共通部門,19156219,2021-07
865.0,14.0,85,Credit,2021-07-25,7月給与その他 1000 札幌営業所,10B100690,預り金,1,保険料,000,共通部門,0,94847,10E200370,給料及び手当,,,010,札幌営業所,4794567,2021-07
865.0,15.0,85,Debit,2021-07-25,7月給与その他 1000 札幌営業所,10E200370,給料及び手当,,,010,札幌営業所,46300,0,10B100690,預り金,2,住民税,000,共通部門,19202519,2021-07
865.0,15.0,85,Credit,2021-07-25,7月給与その他 1000 札幌営業所,10B100690,預り金,2,住民税,000,共通部門,0,46300,10E200370,給料及び手当,,,010,札幌営業所,4840867,2021-07
865.0,16.0,85,Debit,2021-07-25,7月給与その他 1000 札幌営業所,10E200370,給料及び手当,,,010,札幌営業所,14070,0,10B100690,預り金,3,源泉税,000,共通部門,19216589,2021-07
865.0,16.0,85,Credit,2021-07-25,7月給与その他 1000 札幌営業所,10B100690,預り金,3,源泉税,000,共通部門,0,14070,10E200370,給料及び手当,,,010,札幌営業所,4854937,2021-07
865.0,17.0,85,Debit,2021-07-25,7月給与その他 1000 札幌営業所,10E200370,給料及び手当,,,010,札幌営業所,50648,0,10B100690,預り金,4,貯蓄・保険,000,共通部門,19267237,2021-07
865.0,17.0,85,Credit,2021-07-25,7月給与その他 1000 札幌営業所,10B100690,預り金,4,貯蓄・保険,000,共通部門,0,50648,10E200370,給料及び手当,,,010,札幌営業所,4905585,2021-07
865.0,18.0,85,Debit,2021-07-25,7月給与その他 1000 札幌営業所,10E200370,給料及び手当,,,010,札幌営業所,37762,0,10B100690,預り金,9,その他,000,共通部門,19304999,2021-07
865.0,18.0,85,Credit,2021-07-25,7月給与その他 1000 札幌営業所,10B100690,預り金,9,その他,000,共通部門,0,37762,10E200370,給料及び手当,,,010,札幌営業所,4943347,2021-07
865.0,19.0,85,Debit,2021-07-25,7月給与その他 3000 名古屋営業所,10E200370,給料及び手当,,,030,名古屋支店,553900,0,10A100020,普通預金,20,ABC銀行 本店,000,共通部門,19858899,2021-07
865.0,19.0,85,Credit,2021-07-25,7月給与その他 3000 名古屋営業所,10A100020,普通預金,20,ABC銀行 本店,000,共通部門,0,553900,10E200370,給料及び手当,,,030,名古屋支店,91899149,2021-07
865.0,20.0,85,Debit,2021-07-25,7月給与その他 3000 名古屋営業所,10E200370,給料及び手当,,,030,名古屋支店,92651,0,10B100690,預り金,1,保険料,000,共通部門,19951550,2021-07
865.0,20.0,85,Credit,2021-07-25,7月給与その他 3000 名古屋営業所,10B100690,預り金,1,保険料,000,共通部門,0,92651,10E200370,給料及び手当,,,030,名古屋支店,5035998,2021-07
865.0,21.0,85,Debit,2021-07-25,7月給与その他 3000 名古屋営業所,10E200370,給料及び手当,,,030,名古屋支店,42600,0,10B100690,預り金,2,住民税,000,共通部門,19994150,2021-07
865.0,21.0,85,Credit,2021-07-25,7月給与その他 3000 名古屋営業所,10B100690,預り金,2,住民税,000,共通部門,0,42600,10E200370,給料及び手当,,,030,名古屋支店,5078598,2021-07
865.0,22.0,85,Debit,2021-07-25,7月給与その他 3000 名古屋営業所,10E200370,給料及び手当,,,030,名古屋支店,8030,0,10B100690,預り金,3,源泉税,000,共通部門,20002180,2021-07
865.0,22.0,85,Credit,2021-07-25,7月給与その他 3000 名古屋営業所,10B100690,預り金,3,源泉税,000,共通部門,0,8030,10E200370,給料及び手当,,,030,名古屋支店,5086628,2021-07
865.0,23.0,85,Debit,2021-07-25,7月給与その他 3000 名古屋営業所,10E200370,給料及び手当,,,030,名古屋支店,40759,0,10B100690,預り金,4,貯蓄・保険,000,共通部門,20042939,2021-07
865.0,23.0,85,Credit,2021-07-25,7月給与その他 3000 名古屋営業所,10B100690,預り金,4,貯蓄・保険,000,共通部門,0,40759,10E200370,給料及び手当,,,030,名古屋支店,5127387,2021-07
865.0,24.0,85,Debit,2021-07-25,7月給与その他 3000 名古屋営業所,10E200370,給料及び手当,,,030,名古屋支店,40168,0,10B100690,預り金,9,その他,000,共通部門,20083107,2021-07
865.0,24.0,85,Credit,2021-07-25,7月給与その他 3000 名古屋営業所,10B100690,預り金,9,その他,000,共通部門,0,40168,10E200370,給料及び手当,,,030,名古屋支店,5167555,2021-07
865.0,25.0,85,Debit,2021-07-25,7月給与その他 4000 大阪支店,10E200370,給料及び手当,,,040,大阪支店,849396,0,10A100020,普通預金,20,ABC銀行 本店,000,共通部門,20932503,2021-07
865.0,25.0,85,Credit,2021-07-25,7月給与その他 4000 大阪支店,10A100020,普通預金,20,ABC銀行 本店,000,共通部門,0,849396,10E200370,給料及び手当,,,040,大阪支店,91049753,2021-07
865.0,26.0,85,Debit,2021-07-25,7月給与その他 4000 大阪支店,10E200370,給料及び手当,,,040,大阪支店,119974,0,10B100690,預り金,1,保険料,000,共通部門,21052477,2021-07
865.0,26.0,85,Credit,2021-07-25,7月給与その他 4000 大阪支店,10B100690,預り金,1,保険料,000,共通部門,0,119974,10E200370,給料及び手当,,,040,大阪支店,5287529,2021-07
865.0,27.0,85,Debit,2021-07-25,7月給与その他 4000 大阪支店,10E200370,給料及び手当,,,040,大阪支店,53400,0,10B100690,預り金,2,住民税,000,共通部門,21105877,2021-07
865.0,27.0,85,Credit,2021-07-25,7月給与その他 4000 大阪支店,10B100690,預り金,2,住民税,000,共通部門,0,53400,10E200370,給料及び手当,,,040,大阪支店,5340929,2021-07
865.0,28.0,85,Debit,2021-07-25,7月給与その他 4000 大阪支店,10E200370,給料及び手当,,,040,大阪支店,19740,0,10B100690,預り金,3,源泉税,000,共通部門,21125617,2021-07
865.0,28.0,85,Credit,2021-07-25,7月給与その他 4000 大阪支店,10B100690,預り金,3,源泉税,000,共通部門,0,19740,10E200370,給料及び手当,,,040,大阪支店,5360669,2021-07
865.0,29.0,85,Debit,2021-07-25,7月給与その他 4000 大阪支店,10E200370,給料及び手当,,,040,大阪支店,13570,0,10B100690,預り金,4,貯蓄・保険,000,共通部門,21139187,2021-07
865.0,29.0,85,Credit,2021-07-25,7月給与その他 4000 大阪支店,10B100690,預り金,4,貯蓄・保険,000,共通部門,0,13570,10E200370,給料及び手当,,,040,大阪支店,5374239,2021-07
865.0,30.0,85,Debit,2021-07-25,7月給与その他 4000 大阪支店,10E200370,給料及び手当,,,040,大阪支店,14020,0,10B100690,預り金,9,その他,000,共通部門,21153207,2021-07
865.0,30.0,85,Credit,2021-07-25,7月給与その他 4000 大阪支店,10B100690,預り金,9,その他,000,共通部門,0,14020,10E200370,給料及び手当,,,040,大阪支店,5388259,2021-07
865.0,31.0,85,Debit,2021-07-25,7月給与その他 5000 九州営業所,10E200370,給料及び手当,,,050,九州営業所,434653,0,10A100020,普通預金,20,ABC銀行 本店,000,共通部門,21587860,2021-07
865.0,31.0,85,Credit,2021-07-25,7月給与その他 5000 九州営業所,10A100020,普通預金,20,ABC銀行 本店,000,共通部門,0,434653,10E200370,給料及び手当,,,050,九州営業所,90615100,2021-07
865.0,32.0,85,Debit,2021-07-25,7月給与その他 5000 九州営業所,10E200370,給料及び手当,,,050,九州営業所,66241,0,10B100690,預り金,1,保険料,000,共通部門,21654101,2021-07
865.0,32.0,85,Credit,2021-07-25,7月給与その他 5000 九州営業所,10B100690,預り金,1,保険料,000,共通部門,0,66241,10E200370,給料及び手当,,,050,九州営業所,5454500,2021-07
865.0,33.0,85,Debit,2021-07-25,7月給与その他 5000 九州営業所,10E200370,給料及び手当,,,050,九州営業所,31700,0,10B100690,預り金,2,住民税,000,共通部門,21685801,2021-07
865.0,33.0,85,Credit,2021-07-25,7月給与その他 5000 九州営業所,10B100690,預り金,2,住民税,000,共通部門,0,31700,10E200370,給料及び手当,,,050,九州営業所,5486200,2021-07
865.0,34.0,85,Debit,2021-07-25,7月給与その他 5000 九州営業所,10E200370,給料及び手当,,,050,九州営業所,7960,0,10B100690,預り金,3,源泉税,000,共通部門,21693761,2021-07
865.0,34.0,85,Credit,2021-07-25,7月給与その他 5000 九州営業所,10B100690,預り金,3,源泉税,000,共通部門,0,7960,10E200370,給料及び手当,,,050,九州営業所,5494160,2021-07
865.0,35.0,85,Debit,2021-07-25,7月給与その他 5000 九州営業所,10E200370,給料及び手当,,,050,九州営業所,18540,0,10B100690,預り金,4,貯蓄・保険,000,共通部門,21712301,2021-07
865.0,35.0,85,Credit,2021-07-25,7月給与その他 5000 九州営業所,10B100690,預り金,4,貯蓄・保険,000,共通部門,0,18540,10E200370,給料及び手当,,,050,九州営業所,5512700,2021-07
865.0,36.0,85,Debit,2021-07-25,7月給与その他 5000 九州営業所,10E200370,給料及び手当,,,050,九州営業所,25306,0,10B100690,預り金,9,その他,000,共通部門,21737607,2021-07
865.0,36.0,85,Credit,2021-07-25,7月給与その他 5000 九州営業所,10B100690,預り金,9,その他,000,共通部門,0,25306,10E200370,給料及び手当,,,050,九州営業所,5538006,2021-07
866.0,1.0,87,Debit,2021-07-25,携帯代,10E200180,通信費,,,030,名古屋支店,63248,0,10A100020,普通預金,30,GHI銀行 名古屋,000,共通部門,4568162,2021-07
866.0,1.0,87,Credit,2021-07-25,携帯代,10A100020,普通預金,30,GHI銀行 名古屋,000,共通部門,0,63248,10E200180,通信費,,,030,名古屋支店,90551852,2021-07
867.0,1.0,88,Debit,2021-07-25,新聞代,10E201160,図書費,,,030,名古屋支店,3568,0,10A100020,現金,,,000,共通部門,90850,2021-07
867.0,1.0,88,Credit,2021-07-25,新聞代,10A100020,現金,,,000,共通部門,0,3568,10E201160,図書費,,,030,名古屋支店,90548284,2021-07
868.0,1.0,92,Debit,2021-07-25,コピー機修繕,10E201000,修繕維持費,,,030,名古屋支店,18000,0,10B100630,未払金,,,000,共通部門,194400,2021-07
868.0,1.0,92,Credit,2021-07-25,コピー機修繕,10B100630,未払金,,,000,共通部門,0,18000,10E201000,修繕維持費,,,030,名古屋支店,8668311,2021-07
882.0,1.0,113,Debit,2021-07-26,携帯代,10E200180,通信費,,,040,大阪支店,49243,0,10A100020,普通預金,40,JKL銀行 梅田,000,共通部門,4617405,2021-07
882.0,1.0,113,Credit,2021-07-26,携帯代,10A100020,普通預金,40,JKL銀行 梅田,000,共通部門,0,49243,10E200180,通信費,,,040,大阪支店,90499041,2021-07
883.0,1.0,120,Debit,2021-07-26,業務委託費,10E200020,販売手数料,,,040,大阪支店,336000,0,10B100630,未払金,,,000,共通部門,7239000,2021-07
883.0,1.0,120,Credit,2021-07-26,業務委託費,10B100630,未払金,,,000,共通部門,0,336000,10E200020,販売手数料,,,040,大阪支店,9004311,2021-07
884.0,1.0,146,Debit,2021-07-26,業務委託費,10E200020,販売手数料,,,050,九州営業所,147000,0,10B100630,未払金,,,000,共通部門,7386000,2021-07
884.0,1.0,146,Credit,2021-07-26,業務委託費,10B100630,未払金,,,000,共通部門,0,147000,10E200020,販売手数料,,,050,九州営業所,9151311,2021-07
879.0,1.0,27,Debit,2021-07-26,旅費,10E201230,旅費及び交通費,,,010,札幌営業所,14324,0,10A100020,現金,,,000,共通部門,4091084,2021-07
879.0,1.0,27,Credit,2021-07-26,旅費,10A100020,現金,,,000,共通部門,0,14324,10E201230,旅費及び交通費,,,010,札幌営業所,90484717,2021-07
879.0,2.0,27,Debit,2021-07-26,旅費,10E201230,旅費及び交通費,,,010,札幌営業所,43686,0,10A100020,現金,,,000,共通部門,4134770,2021-07
879.0,2.0,27,Credit,2021-07-26,旅費,10A100020,現金,,,000,共通部門,0,43686,10E201230,旅費及び交通費,,,010,札幌営業所,90441031,2021-07
879.0,3.0,27,Debit,2021-07-26,旅費,10E201230,旅費及び交通費,,,010,札幌営業所,30077,0,10A100020,現金,,,000,共通部門,4164847,2021-07
879.0,3.0,27,Credit,2021-07-26,旅費,10A100020,現金,,,000,共通部門,0,30077,10E201230,旅費及び交通費,,,010,札幌営業所,90410954,2021-07
880.0,1.0,73,Debit,2021-07-26,ゴルフプレー代2名,10E200150,交際費,,,020,東京支店,32200,0,10A100020,現金,,,000,共通部門,1311756,2021-07
880.0,1.0,73,Credit,2021-07-26,ゴルフプレー代2名,10A100020,現金,,,000,共通部門,0,32200,10E200150,交際費,,,020,東京支店,90378754,2021-07
881.0,1.0,83,Debit,2021-07-26,架空鉄道会社A代,10E201230,旅費及び交通費,,,030,名古屋支店,12000,0,10A100020,現金,,,000,共通部門,4176847,2021-07
881.0,1.0,83,Credit,2021-07-26,架空鉄道会社A代,10A100020,現金,,,000,共通部門,0,12000,10E201230,旅費及び交通費,,,030,名古屋支店,90366754,2021-07
885.0,1.0,15,Debit,2021-07-27,高速代,10E201120,車両費,,,010,札幌営業所,3000,0,10A100020,現金,,,000,共通部門,2011868,2021-07
885.0,1.0,15,Credit,2021-07-27,高速代,10A100020,現金,,,000,共通部門,0,3000,10E201120,車両費,,,010,札幌営業所,90363754,2021-07
886.0,1.0,30,Debit,2021-07-27,保険料支払,10E200240,保険料,,,010,札幌営業所,54320,0,10A100020,普通預金,10,DEF銀行 駅前,000,共通部門,1010780,2021-07
886.0,1.0,30,Credit,2021-07-27,保険料支払,10A100020,普通預金,10,DEF銀行 駅前,000,共通部門,0,54320,10E200240,保険料,,,010,札幌営業所,90309434,2021-07
887.0,1.0,37,Debit,2021-07-27,業務委託費,10E200020,販売手数料,,,020,東京支店,477334,0,10B100630,未払金,,,000,共通部門,7863334,2021-07
887.0,1.0,37,Credit,2021-07-27,業務委託費,10B100630,未払金,,,000,共通部門,0,477334,10E200020,販売手数料,,,020,東京支店,9628645,2021-07
887.0,2.0,37,Debit,2021-07-27,業務委託費,10E200020,販売手数料,,,020,東京支店,266000,0,10B100630,未払金,,,000,共通部門,8129334,2021-07
887.0,2.0,37,Credit,2021-07-27,業務委託費,10B100630,未払金,,,000,共通部門,0,266000,10E200020,販売手数料,,,020,東京支店,9894645,2021-07
887.0,3.0,37,Debit,2021-07-27,業務委託費,10E200020,販売手数料,,,020,東京支店,816374,0,10B100630,未払金,,,000,共通部門,8945708,2021-07
887.0,3.0,37,Credit,2021-07-27,業務委託費,10B100630,未払金,,,000,共通部門,0,816374,10E200020,販売手数料,,,020,東京支店,10711019,2021-07
888.0,1.0,39,Debit,2021-07-27,会費,10E200140,福利厚生費,,,020,東京支店,9000,0,10A100020,現金,,,000,共通部門,1552438,2021-07
888.0,1.0,39,Credit,2021-07-27,会費,10A100020,現金,,,000,共通部門,0,9000,10E200140,福利厚生費,,,020,東京支店,90300434,2021-07
889.0,1.0,62,Debit,2021-07-27,携帯代,10E200180,通信費,,,020,東京支店,110245,0,10A100020,普通預金,20,ABC銀行 本店,000,共通部門,4727650,2021-07
889.0,1.0,62,Credit,2021-07-27,携帯代,10A100020,普通預金,20,ABC銀行 本店,000,共通部門,0,110245,10E200180,通信費,,,020,東京支店,90190189,2021-07
890.0,1.0,83,Debit,2021-07-27,車両管理費,10E201120,車両費,,,030,名古屋支店,45000,0,10A100020,現金,,,000,共通部門,2056868,2021-07
890.0,1.0,83,Credit,2021-07-27,車両管理費,10A100020,現金,,,000,共通部門,0,45000,10E201120,車両費,,,030,名古屋支店,90145189,2021-07
895.0,1.0,121,Debit,2021-07-28,お茶代,10E200140,福利厚生費,,,040,大阪支店,10500,0,10A100020,現金,,,000,共通部門,1562938,2021-07
895.0,1.0,121,Credit,2021-07-28,お茶代,10A100020,現金,,,000,共通部門,0,10500,10E200140,福利厚生費,,,040,大阪支店,90134689,2021-07
896.0,1.0,138,Debit,2021-07-28,高速代,10E201120,車両費,,,040,大阪支店,4290,0,10A100020,現金,,,000,共通部門,2061158,2021-07
896.0,1.0,138,Credit,2021-07-28,高速代,10A100020,現金,,,000,共通部門,0,4290,10E201120,車両費,,,040,大阪支店,90130399,2021-07
896.0,2.0,138,Debit,2021-07-28,駐車代,10E201120,車両費,,,040,大阪支店,3049,0,10A100020,現金,,,000,共通部門,2064207,2021-07
896.0,2.0,138,Credit,2021-07-28,駐車代,10A100020,現金,,,000,共通部門,0,3049,10E201120,車両費,,,040,大阪支店,90127350,2021-07
896.0,3.0,138,Debit,2021-07-28,高速代,10E201120,車両費,,,040,大阪支店,6229,0,10A100020,現金,,,000,共通部門,2070436,2021-07
896.0,3.0,138,Credit,2021-07-28,高速代,10A100020,現金,,,000,共通部門,0,6229,10E201120,車両費,,,040,大阪支店,90121121,2021-07
896.0,4.0,138,Debit,2021-07-28,高速代,10E201120,車両費,,,040,大阪支店,477,0,10A100020,現金,,,000,共通部門,2070913,2021-07
896.0,4.0,138,Credit,2021-07-28,高速代,10A100020,現金,,,000,共通部門,0,477,10E201120,車両費,,,040,大阪支店,90120644,2021-07
896.0,5.0,138,Debit,2021-07-28,高速代,10E201120,車両費,,,040,大阪支店,2353,0,10A100020,現金,,,000,共通部門,2073266,2021-07
896.0,5.0,138,Credit,2021-07-28,高速代,10A100020,現金,,,000,共通部門,0,2353,10E201120,車両費,,,040,大阪支店,90118291,2021-07
896.0,6.0,138,Debit,2021-07-28,ガソリン代,10E201120,車両費,,,040,大阪支店,6198,0,10A100020,現金,,,000,共通部門,2079464,2021-07
896.0,6.0,138,Credit,2021-07-28,ガソリン代,10A100020,現金,,,000,共通部門,0,6198,10E201120,車両費,,,040,大阪支店,90112093,2021-07
892.0,1.0,72,Debit,2021-07-28,新聞代,10E201160,図書費,,,020,東京支店,2864,0,10A100020,現金,,,000,共通部門,93714,2021-07
892.0,1.0,72,Credit,2021-07-28,新聞代,10A100020,現金,,,000,共通部門,0,2864,10E201160,図書費,,,020,東京支店,90109229,2021-07
892.0,2.0,72,Debit,2021-07-28,新聞代,10E201160,図書費,,,020,東京支店,2815,0,10A100020,現金,,,000,共通部門,96529,2021-07
892.0,2.0,72,Credit,2021-07-28,新聞代,10A100020,現金,,,000,共通部門,0,2815,10E201160,図書費,,,020,東京支店,90106414,2021-07
892.0,3.0,72,Debit,2021-07-28,新聞代,10E201160,図書費,,,020,東京支店,3399,0,10A100020,現金,,,000,共通部門,99928,2021-07
892.0,3.0,72,Credit,2021-07-28,新聞代,10A100020,現金,,,000,共通部門,0,3399,10E201160,図書費,,,020,東京支店,90103015,2021-07
893.0,1.0,81,Debit,2021-07-28,お茶代,10E200140,福利厚生費,,,030,名古屋支店,22000,0,10B100630,未払金,,,000,共通部門,1584938,2021-07
893.0,1.0,81,Credit,2021-07-28,お茶代,10B100630,未払金,,,000,共通部門,0,22000,10E200140,福利厚生費,,,030,名古屋支店,10733019,2021-07
891.0,1.0,9,Debit,2021-07-28,手土産ジュース他 株式会社光彩堂商事,10E200150,交際費,,,010,札幌営業所,2520,0,10A100020,現金,,,000,共通部門,1314276,2021-07
891.0,1.0,9,Credit,2021-07-28,手土産ジュース他 株式会社光彩堂商事,10A100020,現金,,,000,共通部門,0,2520,10E200150,交際費,,,010,札幌営業所,90100495,2021-07
894.0,1.0,93,Debit,2021-07-28,修繕費,10E201000,修繕維持費,,,020,東京支店,17850,0,10B100630,未払金,,,000,共通部門,212250,2021-07
894.0,1.0,93,Credit,2021-07-28,修繕費,10B100630,未払金,,,000,共通部門,0,17850,10E201000,修繕維持費,,,020,東京支店,10750869,2021-07
898.0,1.0,108,Debit,2021-07-29,コーヒー代他　2名,10E200150,交際費,,,040,大阪支店,1570,0,10A100020,現金,,,000,共通部門,1315846,2021-07
898.0,1.0,108,Credit,2021-07-29,コーヒー代他　2名,10A100020,現金,,,000,共通部門,0,1570,10E200150,交際費,,,040,大阪支店,90098925,2021-07
897.0,1.0,14,Debit,2021-07-29,ガソリン代,10E201120,車両費,,,010,札幌営業所,3000,0,10A100020,現金,,,000,共通部門,2082464,2021-07
897.0,1.0,14,Credit,2021-07-29,ガソリン代,10A100020,現金,,,000,共通部門,0,3000,10E201120,車両費,,,010,札幌営業所,90095925,2021-07
906.0,1.0,100,Debit,2021-07-30,会費,10E200140,福利厚生費,,,040,大阪支店,6000,0,10A100020,現金,,,000,共通部門,1590938,2021-07
906.0,1.0,100,Credit,2021-07-30,会費,10A100020,現金,,,000,共通部門,0,6000,10E200140,福利厚生費,,,040,大阪支店,90089925,2021-07
907.0,1.0,115,Debit,2021-07-30,保険料,10E200240,保険料,,,040,大阪支店,64500,0,10A100020,普通預金,40,JKL銀行 梅田,000,共通部門,1075280,2021-07
907.0,1.0,115,Credit,2021-07-30,保険料,10A100020,普通預金,40,JKL銀行 梅田,000,共通部門,0,64500,10E200240,保険料,,,040,大阪支店,90025425,2021-07
899.0,1.0,49,Debit,2021-07-30,ガソリン代,10E201120,車両費,,,020,東京支店,170000,0,10A100020,現金,,,000,共通部門,2252464,2021-07
899.0,1.0,49,Credit,2021-07-30,ガソリン代,10A100020,現金,,,000,共通部門,0,170000,10E201120,車両費,,,020,東京支店,89855425,2021-07
899.0,2.0,49,Debit,2021-07-30,車両管理費,10E201120,車両費,,,020,東京支店,21000,0,10A100020,現金,,,000,共通部門,2273464,2021-07
899.0,2.0,49,Credit,2021-07-30,車両管理費,10A100020,現金,,,000,共通部門,0,21000,10E201120,車両費,,,020,東京支店,89834425,2021-07
900.0,1.0,61,Debit,2021-07-30,資金移動,10A100020,普通預金,20,ABC銀行 本店,000,共通部門,4000000,0,10A100020,普通預金,10,DEF銀行 駅前,000,共通部門,93834425,2021-07
900.0,1.0,61,Credit,2021-07-30,資金移動,10A100020,普通預金,10,DEF銀行 駅前,000,共通部門,0,4000000,10A100020,普通預金,20,ABC銀行 本店,000,共通部門,89834425,2021-07
900.0,2.0,61,Debit,2021-07-30,資金移動,10A100020,普通預金,20,ABC銀行 本店,000,共通部門,3500000,0,10A100020,普通預金,30,GHI銀行 名古屋,000,共通部門,93334425,2021-07
900.0,2.0,61,Credit,2021-07-30,資金移動,10A100020,普通預金,30,GHI銀行 名古屋,000,共通部門,0,3500000,10A100020,普通預金,20,ABC銀行 本店,000,共通部門,89834425,2021-07
900.0,3.0,61,Debit,2021-07-30,資金移動,10A100020,普通預金,20,ABC銀行 本店,000,共通部門,3000000,0,10A100020,普通預金,40,JKL銀行 梅田,000,共通部門,92834425,2021-07
900.0,3.0,61,Credit,2021-07-30,資金移動,10A100020,普通預金,40,JKL銀行 梅田,000,共通部門,0,3000000,10A100020,普通預金,20,ABC銀行 本店,000,共通部門,89834425,2021-07
900.0,4.0,61,Debit,2021-07-30,資金移動,10A100020,普通預金,20,ABC銀行 本店,000,共通部門,2000000,0,10A100020,普通預金,50,MNO銀行 北九州,000,共通部門,91834425,2021-07
900.0,4.0,61,Credit,2021-07-30,資金移動,10A100020,普通預金,50,MNO銀行 北九州,000,共通部門,0,2000000,10A100020,普通預金,20,ABC銀行 本店,000,共通部門,89834425,2021-07
901.0,1.0,63,Debit,2021-07-30,保険料,10E200240,保険料,,,020,東京支店,81000,0,10A100020,普通預金,20,ABC銀行 本店,000,共通部門,1156280,2021-07
901.0,1.0,63,Credit,2021-07-30,保険料,10A100020,普通預金,20,ABC銀行 本店,000,共通部門,0,81000,10E200240,保険料,,,020,東京支店,89753425,2021-07
902.0,1.0,67,Debit,2021-07-30,会費支払い,10E201140,諸会費,,,020,東京支店,30000,0,10A100020,現金,,,000,共通部門,464000,2021-07
902.0,1.0,67,Credit,2021-07-30,会費支払い,10A100020,現金,,,000,共通部門,0,30000,10E201140,諸会費,,,020,東京支店,89723425,2021-07
903.0,1.0,70,Debit,2021-07-30,有線,10E201270,雑費,,,020,東京支店,6000,0,10B100630,未払金,,,000,共通部門,1774234,2021-07
903.0,1.0,70,Credit,2021-07-30,有線,10B100630,未払金,,,000,共通部門,0,6000,10E201270,雑費,,,020,東京支店,10756869,2021-07
903.0,2.0,70,Debit,2021-07-30,警備料,10E201270,雑費,,,020,東京支店,52381,0,10B100630,未払金,,,000,共通部門,1826615,2021-07
903.0,2.0,70,Credit,2021-07-30,警備料,10B100630,未払金,,,000,共通部門,0,52381,10E201270,雑費,,,020,東京支店,10809250,2021-07
903.0,3.0,70,Debit,2021-07-30,清掃料,10E201270,雑費,,,020,東京支店,73500,0,10B100630,未払金,,,000,共通部門,1900115,2021-07
903.0,3.0,70,Credit,2021-07-30,清掃料,10B100630,未払金,,,000,共通部門,0,73500,10E201270,雑費,,,020,東京支店,10882750,2021-07
904.0,1.0,71,Debit,2021-07-30,洗剤代,10E201270,雑費,,,040,大阪支店,798,0,10A100020,現金,,,000,共通部門,1900913,2021-07
904.0,1.0,71,Credit,2021-07-30,洗剤代,10A100020,現金,,,000,共通部門,0,798,10E201270,雑費,,,040,大阪支店,89722627,2021-07
905.0,1.0,96,Debit,2021-07-30,警備料,10E201270,雑費,,,030,名古屋支店,22470,0,10A100020,普通預金,30,GHI銀行 名古屋,000,共通部門,1923383,2021-07
905.0,1.0,96,Credit,2021-07-30,警備料,10A100020,普通預金,30,GHI銀行 名古屋,000,共通部門,0,22470,10E201270,雑費,,,030,名古屋支店,89700157,2021-07
908.0,1.0,1,Debit,2021-07-31,運賃 架空運送会社B,10E200870,運賃,,,010,札幌営業所,162800,0,10B100630,未払金,,,000,共通部門,10721339,2021-07
908.0,1.0,1,Credit,2021-07-31,運賃 架空運送会社B,10B100630,未払金,,,000,共通部門,0,162800,10E200870,運賃,,,010,札幌営業所,11045550,2021-07
919.0,1.0,113,Debit,2021-07-31,7月1日～7月31日分売上,10A100090,売掛金,25,株式会社ほのかマート,000,共通部門,4665496,0,10D100100,総売上高,,,010,札幌営業所,17958471,2021-07
919.0,1.0,113,Credit,2021-07-31,7月1日～7月31日分売上,10D100100,総売上高,,,010,札幌営業所,0,4665496,10A100090,売掛金,25,株式会社ほのかマート,000,共通部門,184296735,2021-07
919.0,2.0,113,Debit,2021-07-31,7月1日～7月31日分売上,10A100090,売掛金,5,東雲商会株式会社,000,共通部門,1299624,0,10D100100,総売上高,,,010,札幌営業所,19258095,2021-07
919.0,2.0,113,Credit,2021-07-31,7月1日～7月31日分売上,10D100100,総売上高,,,010,札幌営業所,0,1299624,10A100090,売掛金,5,東雲商会株式会社,000,共通部門,185596359,2021-07
919.0,3.0,113,Debit,2021-07-31,7月1日～7月31日分売上,10A100090,売掛金,14,株式会社花咲商事,000,共通部門,1052584,0,10D100100,総売上高,,,010,札幌営業所,20310679,2021-07
919.0,3.0,113,Credit,2021-07-31,7月1日～7月31日分売上,10D100100,総売上高,,,010,札幌営業所,0,1052584,10A100090,売掛金,14,株式会社花咲商事,000,共通部門,186648943,2021-07
919.0,4.0,113,Debit,2021-07-31,7月1日～7月31日分売上,10D100110,売上値引及び戻り高,,,010,札幌営業所,32640,0,10A100090,売掛金,5,東雲商会株式会社,000,共通部門,987124,2021-07
919.0,4.0,113,Credit,2021-07-31,7月1日～7月31日分売上,10A100090,売掛金,5,東雲商会株式会社,000,共通部門,0,32640,10D100110,売上値引及び戻り高,,,010,札幌営業所,20278039,2021-07
919.0,5.0,113,Debit,2021-07-31,7月1日～7月31日分売上,10D100110,売上値引及び戻り高,,,010,札幌営業所,63360,0,10A100090,売掛金,14,株式会社花咲商事,000,共通部門,1050484,2021-07
919.0,5.0,113,Credit,2021-07-31,7月1日～7月31日分売上,10A100090,売掛金,14,株式会社花咲商事,000,共通部門,0,63360,10D100110,売上値引及び戻り高,,,010,札幌営業所,20214679,2021-07
920.0,1.0,114,Debit,2021-07-31,7月1日～7月31日分売上,10A100090,売掛金,12,株式会社緑野百貨店,000,共通部門,9706318,0,10D100100,総売上高,,,020,東京支店,29920997,2021-07
920.0,1.0,114,Credit,2021-07-31,7月1日～7月31日分売上,10D100100,総売上高,,,020,東京支店,0,9706318,10A100090,売掛金,12,株式会社緑野百貨店,000,共通部門,196355261,2021-07
920.0,2.0,114,Debit,2021-07-31,7月1日～7月31日分売上,10A100090,売掛金,2,株式会社桜丘百貨店,000,共通部門,16459173,0,10D100100,総売上高,,,020,東京支店,46380170,2021-07
920.0,2.0,114,Credit,2021-07-31,7月1日～7月31日分売上,10D100100,総売上高,,,020,東京支店,0,16459173,10A100090,売掛金,2,株式会社桜丘百貨店,000,共通部門,212814434,2021-07
920.0,3.0,114,Debit,2021-07-31,7月1日～7月31日分売上,10A100090,売掛金,30,株式会社彩雲トレーディング,000,共通部門,1740812,0,10D100100,総売上高,,,020,東京支店,48120982,2021-07
920.0,3.0,114,Credit,2021-07-31,7月1日～7月31日分売上,10D100100,総売上高,,,020,東京支店,0,1740812,10A100090,売掛金,30,株式会社彩雲トレーディング,000,共通部門,214555246,2021-07
920.0,4.0,114,Debit,2021-07-31,7月1日～7月31日分売上,10A100090,売掛金,13,星川商事株式会社,000,共通部門,862193,0,10D100100,総売上高,,,020,東京支店,48983175,2021-07
920.0,4.0,114,Credit,2021-07-31,7月1日～7月31日分売上,10D100100,総売上高,,,020,東京支店,0,862193,10A100090,売掛金,13,星川商事株式会社,000,共通部門,215417439,2021-07
920.0,5.0,114,Debit,2021-07-31,7月1日～7月31日分売上,10A100090,売掛金,14,株式会社花咲商事,000,共通部門,1678938,0,10D100100,総売上高,,,020,東京支店,50662113,2021-07
920.0,5.0,114,Credit,2021-07-31,7月1日～7月31日分売上,10D100100,総売上高,,,020,東京支店,0,1678938,10A100090,売掛金,14,株式会社花咲商事,000,共通部門,217096377,2021-07
920.0,6.0,114,Debit,2021-07-31,7月1日～7月31日分売上,10A100090,売掛金,26,若松販売株式会社,000,共通部門,1056864,0,10D100100,総売上高,,,020,東京支店,51718977,2021-07
920.0,6.0,114,Credit,2021-07-31,7月1日～7月31日分売上,10D100100,総売上高,,,020,東京支店,0,1056864,10A100090,売掛金,26,若松販売株式会社,000,共通部門,218153241,2021-07
920.0,7.0,114,Debit,2021-07-31,7月1日～7月31日分売上,10A100090,売掛金,11,株式会社楓屋,000,共通部門,366976,0,10D100100,総売上高,,,020,東京支店,52085953,2021-07
920.0,7.0,114,Credit,2021-07-31,7月1日～7月31日分売上,10D100100,総売上高,,,020,東京支店,0,366976,10A100090,売掛金,11,株式会社楓屋,000,共通部門,218520217,2021-07
920.0,8.0,114,Debit,2021-07-31,7月1日～7月31日分売上,10D100110,売上値引及び戻り高,,,020,東京支店,64000,0,10A100090,売掛金,2,株式会社桜丘百貨店,000,共通部門,1114484,2021-07
920.0,8.0,114,Credit,2021-07-31,7月1日～7月31日分売上,10A100090,売掛金,2,株式会社桜丘百貨店,000,共通部門,0,64000,10D100110,売上値引及び戻り高,,,020,東京支店,52021953,2021-07
920.0,9.0,114,Debit,2021-07-31,7月1日～7月31日分売上,10D100110,売上値引及び戻り高,,,020,東京支店,36000,0,10A100090,売掛金,12,株式会社緑野百貨店,000,共通部門,1150484,2021-07
920.0,9.0,114,Credit,2021-07-31,7月1日～7月31日分売上,10A100090,売掛金,12,株式会社緑野百貨店,000,共通部門,0,36000,10D100110,売上値引及び戻り高,,,020,東京支店,51985953,2021-07
920.0,10.0,114,Debit,2021-07-31,7月1日～7月31日分売上,10A100090,売掛金,24,白峰商事株式会社,000,共通部門,376504,0,10D100100,総売上高,,,020,東京支店,52362457,2021-07
920.0,10.0,114,Credit,2021-07-31,7月1日～7月31日分売上,10D100100,総売上高,,,020,東京支店,0,376504,10A100090,売掛金,24,白峰商事株式会社,000,共通部門,218896721,2021-07
920.0,11.0,114,Debit,2021-07-31,7月1日～7月31日分売上,10A100090,売掛金,10,合同会社こもれび商事,000,共通部門,305388,0,10D100100,総売上高,,,020,東京支店,52667845,2021-07
920.0,11.0,114,Credit,2021-07-31,7月1日～7月31日分売上,10D100100,総売上高,,,020,東京支店,0,305388,10A100090,売掛金,10,合同会社こもれび商事,000,共通部門,219202109,2021-07
920.0,12.0,114,Debit,2021-07-31,7月1日～7月31日分売上,10D100110,売上値引及び戻り高,,,020,東京支店,50400,0,10A100090,売掛金,26,若松販売株式会社,000,共通部門,1200884,2021-07
920.0,12.0,114,Credit,2021-07-31,7月1日～7月31日分売上,10A100090,売掛金,26,若松販売株式会社,000,共通部門,0,50400,10D100110,売上値引及び戻り高,,,020,東京支店,52617445,2021-07
921.0,1.0,115,Debit,2021-07-31,7月1日～7月31日分売上,10A100090,売掛金,27,晴海物産株式会社,000,共通部門,1184900,0,10D100100,総売上高,,,030,名古屋支店,53802345,2021-07
921.0,1.0,115,Credit,2021-07-31,7月1日～7月31日分売上,10D100100,総売上高,,,030,名古屋支店,0,1184900,10A100090,売掛金,27,晴海物産株式会社,000,共通部門,220387009,2021-07
921.0,2.0,115,Debit,2021-07-31,7月1日～7月31日分売上,10A100090,売掛金,7,株式会社光彩堂商事,000,共通部門,925880,0,10D100100,総売上高,,,030,名古屋支店,54728225,2021-07
921.0,2.0,115,Credit,2021-07-31,7月1日～7月31日分売上,10D100100,総売上高,,,030,名古屋支店,0,925880,10A100090,売掛金,7,株式会社光彩堂商事,000,共通部門,221312889,2021-07
921.0,3.0,115,Debit,2021-07-31,7月1日～7月31日分売上,10A100090,売掛金,14,株式会社花咲商事,000,共通部門,928386,0,10D100100,総売上高,,,030,名古屋支店,55656611,2021-07
921.0,3.0,115,Credit,2021-07-31,7月1日～7月31日分売上,10D100100,総売上高,,,030,名古屋支店,0,928386,10A100090,売掛金,14,株式会社花咲商事,000,共通部門,222241275,2021-07
921.0,4.0,115,Debit,2021-07-31,7月1日～7月31日分売上,10A100090,売掛金,19,株式会社南風商会,000,共通部門,378495,0,10D100100,総売上高,,,030,名古屋支店,56035106,2021-07
921.0,4.0,115,Credit,2021-07-31,7月1日～7月31日分売上,10D100100,総売上高,,,030,名古屋支店,0,378495,10A100090,売掛金,19,株式会社南風商会,000,共通部門,222619770,2021-07
921.0,5.0,115,Debit,2021-07-31,7月1日～7月31日分売上,10A100090,売掛金,21,合同会社つばさ商店,000,共通部門,610974,0,10D100100,総売上高,,,030,名古屋支店,56646080,2021-07
921.0,5.0,115,Credit,2021-07-31,7月1日～7月31日分売上,10D100100,総売上高,,,030,名古屋支店,0,610974,10A100090,売掛金,21,合同会社つばさ商店,000,共通部門,223230744,2021-07
921.0,6.0,115,Debit,2021-07-31,7月1日～7月31日分売上,10A100090,売掛金,6,株式会社瑞穂流通,000,共通部門,911211,0,10D100100,総売上高,,,030,名古屋支店,57557291,2021-07
921.0,6.0,115,Credit,2021-07-31,7月1日～7月31日分売上,10D100100,総売上高,,,030,名古屋支店,0,911211,10A100090,売掛金,6,株式会社瑞穂流通,000,共通部門,224141955,2021-07
922.0,1.0,116,Debit,2021-07-31,7月1日～7月31日分売上,10A100090,売掛金,28,株式会社青葉百貨店,000,共通部門,6131174,0,10D100100,総売上高,,,040,大阪支店,63688465,2021-07
922.0,1.0,116,Credit,2021-07-31,7月1日～7月31日分売上,10D100100,総売上高,,,040,大阪支店,0,6131174,10A100090,売掛金,28,株式会社青葉百貨店,000,共通部門,230273129,2021-07
922.0,2.0,116,Debit,2021-07-31,7月1日～7月31日分売上,10A100090,売掛金,23,株式会社杉の木商店,000,共通部門,1135138,0,10D100100,総売上高,,,040,大阪支店,64823603,2021-07
922.0,2.0,116,Credit,2021-07-31,7月1日～7月31日分売上,10D100100,総売上高,,,040,大阪支店,0,1135138,10A100090,売掛金,23,株式会社杉の木商店,000,共通部門,231408267,2021-07
922.0,3.0,116,Debit,2021-07-31,7月1日～7月31日分売上,10A100090,売掛金,14,株式会社花咲商事,000,共通部門,2487704,0,10D100100,総売上高,,,040,大阪支店,67311307,2021-07
922.0,3.0,116,Credit,2021-07-31,7月1日～7月31日分売上,10D100100,総売上高,,,040,大阪支店,0,2487704,10A100090,売掛金,14,株式会社花咲商事,000,共通部門,233895971,2021-07
922.0,4.0,116,Debit,2021-07-31,7月1日～7月31日分売上,10A100090,売掛金,4,株式会社ひなたマート,000,共通部門,1186200,0,10D100100,総売上高,,,040,大阪支店,68497507,2021-07
922.0,4.0,116,Credit,2021-07-31,7月1日～7月31日分売上,10D100100,総売上高,,,040,大阪支店,0,1186200,10A100090,売掛金,4,株式会社ひなたマート,000,共通部門,235082171,2021-07
922.0,5.0,116,Debit,2021-07-31,7月1日～7月31日分売上,10A100090,売掛金,8,株式会社高原マーケット,000,共通部門,560430,0,10D100100,総売上高,,,040,大阪支店,69057937,2021-07
922.0,5.0,116,Credit,2021-07-31,7月1日～7月31日分売上,10D100100,総売上高,,,040,大阪支店,0,560430,10A100090,売掛金,8,株式会社高原マーケット,000,共通部門,235642601,2021-07
922.0,6.0,116,Debit,2021-07-31,7月1日～7月31日分売上,10A100090,売掛金,9,朝凪物産株式会社,000,共通部門,1013480,0,10D100100,総売上高,,,040,大阪支店,70071417,2021-07
922.0,6.0,116,Credit,2021-07-31,7月1日～7月31日分売上,10D100100,総売上高,,,040,大阪支店,0,1013480,10A100090,売掛金,9,朝凪物産株式会社,000,共通部門,236656081,2021-07
922.0,7.0,116,Debit,2021-07-31,7月1日～7月31日分売上,10A100090,売掛金,20,清和商事株式会社,000,共通部門,942360,0,10D100100,総売上高,,,040,大阪支店,71013777,2021-07
922.0,7.0,116,Credit,2021-07-31,7月1日～7月31日分売上,10D100100,総売上高,,,040,大阪支店,0,942360,10A100090,売掛金,20,清和商事株式会社,000,共通部門,237598441,2021-07
922.0,8.0,116,Debit,2021-07-31,7月1日～7月31日分売上,10A100090,売掛金,3,青凪商事株式会社,000,共通部門,588672,0,10D100100,総売上高,,,040,大阪支店,71602449,2021-07
922.0,8.0,116,Credit,2021-07-31,7月1日～7月31日分売上,10D100100,総売上高,,,040,大阪支店,0,588672,10A100090,売掛金,3,青凪商事株式会社,000,共通部門,238187113,2021-07
922.0,9.0,116,Debit,2021-07-31,7月1日～7月31日分売上,10D100110,売上値引及び戻り高,,,040,大阪支店,66560,0,10A100090,売掛金,4,株式会社ひなたマート,000,共通部門,1267444,2021-07
922.0,9.0,116,Credit,2021-07-31,7月1日～7月31日分売上,10A100090,売掛金,4,株式会社ひなたマート,000,共通部門,0,66560,10D100110,売上値引及び戻り高,,,040,大阪支店,71535889,2021-07
922.0,10.0,116,Debit,2021-07-31,リース料,10E200730,借地借家料,,,040,大阪支店,84000,0,10A100020,普通預金,40,JKL銀行 梅田,000,共通部門,965550,2021-07
922.0,10.0,116,Credit,2021-07-31,リース料,10A100020,普通預金,40,JKL銀行 梅田,000,共通部門,0,84000,10E200730,借地借家料,,,040,大阪支店,89616157,2021-07
923.0,1.0,117,Debit,2021-07-31,7月1日～7月31日分売上,10A100090,売掛金,14,株式会社花咲商事,000,共通部門,943160,0,10D100100,総売上高,,,050,九州営業所,72479049,2021-07
923.0,1.0,117,Credit,2021-07-31,7月1日～7月31日分売上,10D100100,総売上高,,,050,九州営業所,0,943160,10A100090,売掛金,14,株式会社花咲商事,000,共通部門,239130273,2021-07
923.0,2.0,117,Debit,2021-07-31,7月1日～7月31日分売上,10A100090,売掛金,22,株式会社豊原産業,000,共通部門,1402208,0,10D100100,総売上高,,,050,九州営業所,73881257,2021-07
923.0,2.0,117,Credit,2021-07-31,7月1日～7月31日分売上,10D100100,総売上高,,,050,九州営業所,0,1402208,10A100090,売掛金,22,株式会社豊原産業,000,共通部門,240532481,2021-07
923.0,3.0,117,Debit,2021-07-31,7月1日～7月31日分売上,10A100090,売掛金,1,株式会社若葉百貨店,000,共通部門,1369532,0,10D100100,総売上高,,,050,九州営業所,75250789,2021-07
923.0,3.0,117,Credit,2021-07-31,7月1日～7月31日分売上,10D100100,総売上高,,,050,九州営業所,0,1369532,10A100090,売掛金,1,株式会社若葉百貨店,000,共通部門,241902013,2021-07
923.0,4.0,117,Debit,2021-07-31,7月1日～7月31日分売上,10A100090,売掛金,29,株式会社小春サービス,000,共通部門,963720,0,10D100100,総売上高,,,050,九州営業所,76214509,2021-07
923.0,4.0,117,Credit,2021-07-31,7月1日～7月31日分売上,10D100100,総売上高,,,050,九州営業所,0,963720,10A100090,売掛金,29,株式会社小春サービス,000,共通部門,242865733,2021-07
924.0,1.0,118,Debit,2021-07-31,7月31日伝票No271株式会社ひなたマート,10A100020,普通預金,40,JKL銀行 梅田,000,共通部門,878488,0,10A100090,売掛金,4,株式会社ひなたマート,000,共通部門,90494645,2021-07
924.0,1.0,118,Credit,2021-07-31,7月31日伝票No271株式会社ひなたマート,10A100090,売掛金,4,株式会社ひなたマート,000,共通部門,0,878488,10A100020,普通預金,40,JKL銀行 梅田,000,共通部門,75336021,2021-07
924.0,2.0,118,Debit,2021-07-31,7月31日伝票No271株式会社ひなたマート,10E200690,支払手数料,,,040,大阪支店,840,0,10A100090,売掛金,4,株式会社ひなたマート,000,共通部門,45567,2021-07
924.0,2.0,118,Credit,2021-07-31,7月31日伝票No271株式会社ひなたマート,10A100090,売掛金,4,株式会社ひなたマート,000,共通部門,0,840,10E200690,支払手数料,,,040,大阪支店,75335181,2021-07
925.0,1.0,119,Debit,2021-07-31,7月31日伝票No272東雲商会株式会社,10A100020,普通預金,10,DEF銀行 駅前,000,共通部門,903208,0,10A100090,売掛金,5,東雲商会株式会社,000,共通部門,91397853,2021-07
925.0,1.0,119,Credit,2021-07-31,7月31日伝票No272東雲商会株式会社,10A100090,売掛金,5,東雲商会株式会社,000,共通部門,0,903208,10A100020,普通預金,10,DEF銀行 駅前,000,共通部門,74431973,2021-07
925.0,2.0,119,Debit,2021-07-31,7月31日伝票No272東雲商会株式会社,10E200690,支払手数料,,,010,札幌営業所,840,0,10A100090,売掛金,5,東雲商会株式会社,000,共通部門,46407,2021-07
925.0,2.0,119,Credit,2021-07-31,7月31日伝票No272東雲商会株式会社,10A100090,売掛金,5,東雲商会株式会社,000,共通部門,0,840,10E200690,支払手数料,,,010,札幌営業所,74431133,2021-07
926.0,1.0,120,Debit,2021-07-31,7月31日伝票No273株式会社緑野百貨店 | 売上伝票=20210630-121;手形番号=R20210731-120-12,10A100060,受取手形,,,000,共通部門,10130263,0,10A100090,売掛金,12,株式会社緑野百貨店,000,共通部門,78508111,2021-07
926.0,1.0,120,Credit,2021-07-31,7月31日伝票No273株式会社緑野百貨店 | 売上伝票=20210630-121;手形番号=R20210731-120-12,10A100090,売掛金,12,株式会社緑野百貨店,000,共通部門,0,10130263,10A100060,受取手形,,,000,共通部門,64300870,2021-07
927.0,1.0,121,Debit,2021-07-31,7月31日伝票No274白峰商事株式会社,10A100020,普通預金,20,ABC銀行 本店,000,共通部門,602336,0,10A100090,売掛金,24,白峰商事株式会社,000,共通部門,92000189,2021-07
927.0,1.0,121,Credit,2021-07-31,7月31日伝票No274白峰商事株式会社,10A100090,売掛金,24,白峰商事株式会社,000,共通部門,0,602336,10A100020,普通預金,20,ABC銀行 本店,000,共通部門,63698534,2021-07
927.0,2.0,121,Debit,2021-07-31,7月31日伝票No274白峰商事株式会社,10E200690,支払手数料,,,020,東京支店,472,0,10A100090,売掛金,24,白峰商事株式会社,000,共通部門,46879,2021-07
927.0,2.0,121,Credit,2021-07-31,7月31日伝票No274白峰商事株式会社,10A100090,売掛金,24,白峰商事株式会社,000,共通部門,0,472,10E200690,支払手数料,,,020,東京支店,63698062,2021-07
928.0,1.0,122,Debit,2021-07-31,7月31日伝票No275株式会社小春サービス,10A100020,普通預金,50,MNO銀行 北九州,000,共通部門,404142,0,10A100090,売掛金,29,株式会社小春サービス,000,共通部門,92404331,2021-07
928.0,1.0,122,Credit,2021-07-31,7月31日伝票No275株式会社小春サービス,10A100090,売掛金,29,株式会社小春サービス,000,共通部門,0,404142,10A100020,普通預金,50,MNO銀行 北九州,000,共通部門,63293920,2021-07
928.0,2.0,122,Debit,2021-07-31,7月31日伝票No275株式会社小春サービス,10E200690,支払手数料,,,050,九州営業所,210,0,10A100090,売掛金,29,株式会社小春サービス,000,共通部門,47089,2021-07
928.0,2.0,122,Credit,2021-07-31,7月31日伝票No275株式会社小春サービス,10A100090,売掛金,29,株式会社小春サービス,000,共通部門,0,210,10E200690,支払手数料,,,050,九州営業所,63293710,2021-07
929.0,1.0,123,Debit,2021-07-31,7月31日伝票No453合同会社こもれび商事,10A100020,現金,,,000,共通部門,372176,0,10A100090,売掛金,10,合同会社こもれび商事,000,共通部門,92776507,2021-07
929.0,1.0,123,Credit,2021-07-31,7月31日伝票No453合同会社こもれび商事,10A100090,売掛金,10,合同会社こもれび商事,000,共通部門,0,372176,10A100020,現金,,,000,共通部門,62921534,2021-07
930.0,1.0,124,Debit,2021-07-31,7月1日～7月31日分仕入,10E100130,当期商品仕入高,,,010,札幌営業所,49392,0,10B100040,買掛金,8,株式会社白樺商事,000,共通部門,109644337,2021-07
930.0,1.0,124,Credit,2021-07-31,7月1日～7月31日分仕入,10B100040,買掛金,8,株式会社白樺商事,000,共通部門,0,49392,10E100130,当期商品仕入高,,,010,札幌営業所,29662273,2021-07
930.0,2.0,124,Debit,2021-07-31,7月1日～7月31日分仕入,10E100130,当期商品仕入高,,,010,札幌営業所,176676,0,10B100040,買掛金,2,株式会社双葉物産,000,共通部門,109821013,2021-07
930.0,2.0,124,Credit,2021-07-31,7月1日～7月31日分仕入,10B100040,買掛金,2,株式会社双葉物産,000,共通部門,0,176676,10E100130,当期商品仕入高,,,010,札幌営業所,29838949,2021-07
931.0,1.0,125,Debit,2021-07-31,7月1日～7月31日分仕入,10E100130,当期商品仕入高,,,020,東京支店,2953512,0,10B100040,買掛金,14,合同会社あかね商会,000,共通部門,112774525,2021-07
931.0,1.0,125,Credit,2021-07-31,7月1日～7月31日分仕入,10B100040,買掛金,14,合同会社あかね商会,000,共通部門,0,2953512,10E100130,当期商品仕入高,,,020,東京支店,32792461,2021-07
931.0,2.0,125,Debit,2021-07-31,7月1日～7月31日分仕入,10E100130,当期商品仕入高,,,020,東京支店,3216642,0,10B100040,買掛金,3,青凪商事株式会社,000,共通部門,115991167,2021-07
931.0,2.0,125,Credit,2021-07-31,7月1日～7月31日分仕入,10B100040,買掛金,3,青凪商事株式会社,000,共通部門,0,3216642,10E100130,当期商品仕入高,,,020,東京支店,36009103,2021-07
931.0,3.0,125,Debit,2021-07-31,7月1日～7月31日分仕入,10B100040,買掛金,3,青凪商事株式会社,000,共通部門,34523,0,10E100120,仕入値引及び戻し高,,,020,東京支店,35974580,2021-07
931.0,3.0,125,Credit,2021-07-31,7月1日～7月31日分仕入,10E100120,仕入値引及び戻し高,,,020,東京支店,0,34523,10B100040,買掛金,3,青凪商事株式会社,000,共通部門,680766,2021-07
931.0,4.0,125,Debit,2021-07-31,7月1日～7月31日分仕入,10E100130,当期商品仕入高,,,020,東京支店,1317476,0,10B100040,買掛金,13,朝日野産業株式会社,000,共通部門,117308643,2021-07
931.0,4.0,125,Credit,2021-07-31,7月1日～7月31日分仕入,10B100040,買掛金,13,朝日野産業株式会社,000,共通部門,0,1317476,10E100130,当期商品仕入高,,,020,東京支店,37292056,2021-07
931.0,5.0,125,Debit,2021-07-31,7月1日～7月31日分仕入,10E100130,当期商品仕入高,,,020,東京支店,6120204,0,10B100040,買掛金,1,株式会社北辰商事,000,共通部門,123428847,2021-07
931.0,5.0,125,Credit,2021-07-31,7月1日～7月31日分仕入,10B100040,買掛金,1,株式会社北辰商事,000,共通部門,0,6120204,10E100130,当期商品仕入高,,,020,東京支店,43412260,2021-07
931.0,6.0,125,Debit,2021-07-31,7月1日～7月31日分仕入,10E100130,当期商品仕入高,,,020,東京支店,4398969,0,10B100040,買掛金,11,株式会社花園商会,000,共通部門,127827816,2021-07
931.0,6.0,125,Credit,2021-07-31,7月1日～7月31日分仕入,10B100040,買掛金,11,株式会社花園商会,000,共通部門,0,4398969,10E100130,当期商品仕入高,,,020,東京支店,47811229,2021-07
931.0,7.0,125,Debit,2021-07-31,7月1日～7月31日分仕入,10E100130,当期商品仕入高,,,020,東京支店,336571,0,10B100040,買掛金,12,株式会社泉川商事,000,共通部門,128164387,2021-07
931.0,7.0,125,Credit,2021-07-31,7月1日～7月31日分仕入,10B100040,買掛金,12,株式会社泉川商事,000,共通部門,0,336571,10E100130,当期商品仕入高,,,020,東京支店,48147800,2021-07
931.0,8.0,125,Debit,2021-07-31,7月1日～7月31日分仕入,10E100130,当期商品仕入高,,,020,東京支店,650681,0,10B100040,買掛金,2,株式会社双葉物産,000,共通部門,128815068,2021-07
931.0,8.0,125,Credit,2021-07-31,7月1日～7月31日分仕入,10B100040,買掛金,2,株式会社双葉物産,000,共通部門,0,650681,10E100130,当期商品仕入高,,,020,東京支店,48798481,2021-07
931.0,9.0,125,Debit,2021-07-31,7月1日～7月31日分仕入,10E100130,当期商品仕入高,,,020,東京支店,167932,0,10B100040,買掛金,8,株式会社白樺商事,000,共通部門,128983000,2021-07
931.0,9.0,125,Credit,2021-07-31,7月1日～7月31日分仕入,10B100040,買掛金,8,株式会社白樺商事,000,共通部門,0,167932,10E100130,当期商品仕入高,,,020,東京支店,48966413,2021-07
931.0,10.0,125,Debit,2021-07-31,7月1日～7月31日分仕入,10B100040,買掛金,1,株式会社北辰商事,000,共通部門,19252,0,10E100120,仕入値引及び戻し高,,,020,東京支店,48947161,2021-07
931.0,10.0,125,Credit,2021-07-31,7月1日～7月31日分仕入,10E100120,仕入値引及び戻し高,,,020,東京支店,0,19252,10B100040,買掛金,1,株式会社北辰商事,000,共通部門,700018,2021-07
932.0,1.0,126,Debit,2021-07-31,7月1日～7月31日分仕入,10E100130,当期商品仕入高,,,030,名古屋支店,1819272,0,10B100040,買掛金,9,東原産業株式会社,000,共通部門,130802272,2021-07
932.0,1.0,126,Credit,2021-07-31,7月1日～7月31日分仕入,10B100040,買掛金,9,東原産業株式会社,000,共通部門,0,1819272,10E100130,当期商品仕入高,,,030,名古屋支店,50766433,2021-07
932.0,2.0,126,Debit,2021-07-31,7月1日～7月31日分仕入,10E100130,当期商品仕入高,,,030,名古屋支店,1159628,0,10B100040,買掛金,15,株式会社麦穂商事,000,共通部門,131961900,2021-07
932.0,2.0,126,Credit,2021-07-31,7月1日～7月31日分仕入,10B100040,買掛金,15,株式会社麦穂商事,000,共通部門,0,1159628,10E100130,当期商品仕入高,,,030,名古屋支店,51926061,2021-07
932.0,3.0,126,Debit,2021-07-31,7月1日～7月31日分仕入,10E100130,当期商品仕入高,,,030,名古屋支店,3639444,0,10B100040,買掛金,7,株式会社夕凪商会,000,共通部門,135601344,2021-07
932.0,3.0,126,Credit,2021-07-31,7月1日～7月31日分仕入,10B100040,買掛金,7,株式会社夕凪商会,000,共通部門,0,3639444,10E100130,当期商品仕入高,,,030,名古屋支店,55565505,2021-07
932.0,4.0,126,Debit,2021-07-31,7月1日～7月31日分仕入,10B100040,買掛金,15,株式会社麦穂商事,000,共通部門,18748,0,10E100120,仕入値引及び戻し高,,,030,名古屋支店,55546757,2021-07
932.0,4.0,126,Credit,2021-07-31,7月1日～7月31日分仕入,10E100120,仕入値引及び戻し高,,,030,名古屋支店,0,18748,10B100040,買掛金,15,株式会社麦穂商事,000,共通部門,718766,2021-07
932.0,5.0,126,Debit,2021-07-31,7月1日～7月31日分仕入,10E100130,当期商品仕入高,,,030,名古屋支店,77565,0,10B100040,買掛金,2,株式会社双葉物産,000,共通部門,135678909,2021-07
932.0,5.0,126,Credit,2021-07-31,7月1日～7月31日分仕入,10B100040,買掛金,2,株式会社双葉物産,000,共通部門,0,77565,10E100130,当期商品仕入高,,,030,名古屋支店,55624322,2021-07
932.0,6.0,126,Debit,2021-07-31,7月1日～7月31日分仕入,10E100130,当期商品仕入高,,,030,名古屋支店,24696,0,10B100040,買掛金,8,株式会社白樺商事,000,共通部門,135703605,2021-07
932.0,6.0,126,Credit,2021-07-31,7月1日～7月31日分仕入,10B100040,買掛金,8,株式会社白樺商事,000,共通部門,0,24696,10E100130,当期商品仕入高,,,030,名古屋支店,55649018,2021-07
933.0,1.0,127,Debit,2021-07-31,7月1日～7月31日分仕入,10E100130,当期商品仕入高,,,040,大阪支店,3841014,0,10B100040,買掛金,5,千草商事株式会社,000,共通部門,139544619,2021-07
933.0,1.0,127,Credit,2021-07-31,7月1日～7月31日分仕入,10B100040,買掛金,5,千草商事株式会社,000,共通部門,0,3841014,10E100130,当期商品仕入高,,,040,大阪支店,59490032,2021-07
933.0,2.0,127,Debit,2021-07-31,7月1日～7月31日分仕入,10E100130,当期商品仕入高,,,040,大阪支店,929328,0,10B100040,買掛金,4,株式会社和泉流通,000,共通部門,140473947,2021-07
933.0,2.0,127,Credit,2021-07-31,7月1日～7月31日分仕入,10B100040,買掛金,4,株式会社和泉流通,000,共通部門,0,929328,10E100130,当期商品仕入高,,,040,大阪支店,60419360,2021-07
933.0,3.0,127,Debit,2021-07-31,7月1日～7月31日分仕入,10E100130,当期商品仕入高,,,040,大阪支店,3148603,0,10B100040,買掛金,10,光野販売株式会社,000,共通部門,143622550,2021-07
933.0,3.0,127,Credit,2021-07-31,7月1日～7月31日分仕入,10B100040,買掛金,10,光野販売株式会社,000,共通部門,0,3148603,10E100130,当期商品仕入高,,,040,大阪支店,63567963,2021-07
933.0,4.0,127,Debit,2021-07-31,7月1日～7月31日分仕入,10E100130,当期商品仕入高,,,040,大阪支店,3600809,0,10B100040,買掛金,6,株式会社日向産業,000,共通部門,147223359,2021-07
933.0,4.0,127,Credit,2021-07-31,7月1日～7月31日分仕入,10B100040,買掛金,6,株式会社日向産業,000,共通部門,0,3600809,10E100130,当期商品仕入高,,,040,大阪支店,67168772,2021-07
933.0,5.0,127,Debit,2021-07-31,7月1日～7月31日分仕入,10B100040,買掛金,4,株式会社和泉流通,000,共通部門,14817,0,10E100120,仕入値引及び戻し高,,,040,大阪支店,67153955,2021-07
933.0,5.0,127,Credit,2021-07-31,7月1日～7月31日分仕入,10E100120,仕入値引及び戻し高,,,040,大阪支店,0,14817,10B100040,買掛金,4,株式会社和泉流通,000,共通部門,733583,2021-07
933.0,6.0,127,Debit,2021-07-31,7月1日～7月31日分仕入,10E100130,当期商品仕入高,,,040,大阪支店,148176,0,10B100040,買掛金,8,株式会社白樺商事,000,共通部門,147371535,2021-07
933.0,6.0,127,Credit,2021-07-31,7月1日～7月31日分仕入,10B100040,買掛金,8,株式会社白樺商事,000,共通部門,0,148176,10E100130,当期商品仕入高,,,040,大阪支店,67302131,2021-07
933.0,7.0,127,Debit,2021-07-31,7月1日～7月31日分仕入,10E100130,当期商品仕入高,,,040,大阪支店,215458,0,10B100040,買掛金,2,株式会社双葉物産,000,共通部門,147586993,2021-07
933.0,7.0,127,Credit,2021-07-31,7月1日～7月31日分仕入,10B100040,買掛金,2,株式会社双葉物産,000,共通部門,0,215458,10E100130,当期商品仕入高,,,040,大阪支店,67517589,2021-07
934.0,1.0,128,Debit,2021-07-31,7月1日～7月31日分仕入,10E100130,当期商品仕入高,,,050,九州営業所,24696,0,10B100040,買掛金,8,株式会社白樺商事,000,共通部門,147611689,2021-07
934.0,1.0,128,Credit,2021-07-31,7月1日～7月31日分仕入,10B100040,買掛金,8,株式会社白樺商事,000,共通部門,0,24696,10E100130,当期商品仕入高,,,050,九州営業所,67542285,2021-07
934.0,2.0,128,Debit,2021-07-31,7月1日～7月31日分仕入,10E100130,当期商品仕入高,,,050,九州営業所,198221,0,10B100040,買掛金,2,株式会社双葉物産,000,共通部門,147809910,2021-07
934.0,2.0,128,Credit,2021-07-31,7月1日～7月31日分仕入,10B100040,買掛金,2,株式会社双葉物産,000,共通部門,0,198221,10E100130,当期商品仕入高,,,050,九州営業所,67740506,2021-07
935.0,1.0,129,Debit,2021-07-31,7月31日伝票No176株式会社双葉物産,10B100040,買掛金,2,株式会社双葉物産,000,共通部門,1297055,0,10A100020,普通預金,20,ABC銀行 本店,000,共通部門,66443451,2021-07
935.0,1.0,129,Credit,2021-07-31,7月31日伝票No176株式会社双葉物産,10A100020,普通預金,20,ABC銀行 本店,000,共通部門,0,1297055,10B100040,買掛金,2,株式会社双葉物産,000,共通部門,91479452,2021-07
936.0,1.0,130,Debit,2021-07-31,7月31日伝票No177千草商事株式会社,10B100040,買掛金,5,千草商事株式会社,000,共通部門,3680382,0,10B100030,支払手形,,,000,共通部門,62763069,2021-07
936.0,1.0,130,Credit,2021-07-31,7月31日伝票No177千草商事株式会社,10B100030,支払手形,,,000,共通部門,0,3680382,10B100040,買掛金,5,千草商事株式会社,000,共通部門,36990837,2021-07
937.0,1.0,131,Debit,2021-07-31,7月31日伝票No178株式会社夕凪商会,10B100040,買掛金,7,株式会社夕凪商会,000,共通部門,3447484,0,10A100020,普通預金,20,ABC銀行 本店,000,共通部門,59315585,2021-07
937.0,1.0,131,Credit,2021-07-31,7月31日伝票No178株式会社夕凪商会,10A100020,普通預金,20,ABC銀行 本店,000,共通部門,0,3447484,10B100040,買掛金,7,株式会社夕凪商会,000,共通部門,88031968,2021-07
938.0,1.0,132,Debit,2021-07-31,7月31日伝票No179東原産業株式会社,10B100040,買掛金,9,東原産業株式会社,000,共通部門,1712425,0,10B100030,支払手形,,,000,共通部門,57603160,2021-07
938.0,1.0,132,Credit,2021-07-31,7月31日伝票No179東原産業株式会社,10B100030,支払手形,,,000,共通部門,0,1712425,10B100040,買掛金,9,東原産業株式会社,000,共通部門,38703262,2021-07
939.0,1.0,133,Debit,2021-07-31,7月31日伝票No181光野販売株式会社,10B100040,買掛金,10,光野販売株式会社,000,共通部門,3020180,0,10B100030,支払手形,,,000,共通部門,54582980,2021-07
939.0,1.0,133,Credit,2021-07-31,7月31日伝票No181光野販売株式会社,10B100030,支払手形,,,000,共通部門,0,3020180,10B100040,買掛金,10,光野販売株式会社,000,共通部門,41723442,2021-07
940.0,1.0,134,Debit,2021-07-31,7月31日伝票No182株式会社泉川商事,10B100040,買掛金,12,株式会社泉川商事,000,共通部門,316537,0,10A100020,普通預金,20,ABC銀行 本店,000,共通部門,54266443,2021-07
940.0,1.0,134,Credit,2021-07-31,7月31日伝票No182株式会社泉川商事,10A100020,普通預金,20,ABC銀行 本店,000,共通部門,0,316537,10B100040,買掛金,12,株式会社泉川商事,000,共通部門,87715431,2021-07
941.0,1.0,135,Debit,2021-07-31,7月31日伝票No183朝日野産業株式会社,10B100040,買掛金,13,朝日野産業株式会社,000,共通部門,1291839,0,10A100020,普通預金,20,ABC銀行 本店,000,共通部門,52974604,2021-07
941.0,1.0,135,Credit,2021-07-31,7月31日伝票No183朝日野産業株式会社,10A100020,普通預金,20,ABC銀行 本店,000,共通部門,0,1291839,10B100040,買掛金,13,朝日野産業株式会社,000,共通部門,86423592,2021-07
942.0,1.0,136,Debit,2021-07-31,7月31日伝票No184合同会社あかね商会,10B100040,買掛金,14,合同会社あかね商会,000,共通部門,2864586,0,10A100020,普通預金,20,ABC銀行 本店,000,共通部門,50110018,2021-07
942.0,1.0,136,Credit,2021-07-31,7月31日伝票No184合同会社あかね商会,10A100020,普通預金,20,ABC銀行 本店,000,共通部門,0,2864586,10B100040,買掛金,14,合同会社あかね商会,000,共通部門,83559006,2021-07
943.0,1.0,137,Debit,2021-07-31,7月31日伝票No185株式会社麦穂商事,10B100040,買掛金,15,株式会社麦穂商事,000,共通部門,1109128,0,10A100020,普通預金,20,ABC銀行 本店,000,共通部門,49000890,2021-07
943.0,1.0,137,Credit,2021-07-31,7月31日伝票No185株式会社麦穂商事,10A100020,普通預金,20,ABC銀行 本店,000,共通部門,0,1109128,10B100040,買掛金,15,株式会社麦穂商事,000,共通部門,82449878,2021-07
944.0,1.0,139,Debit,2021-07-31,手形満期 株式会社桜丘百貨店 | 手形番号=R20210425-273-2,10A100020,当座預金,1,ABC銀行,000,共通部門,20392404,0,10A100060,受取手形,,,000,共通部門,102842282,2021-07
944.0,1.0,139,Credit,2021-07-31,手形満期 株式会社桜丘百貨店 | 手形番号=R20210425-273-2,10A100060,受取手形,,,000,共通部門,0,20392404,10A100020,当座預金,1,ABC銀行,000,共通部門,58115707,2021-07
945.0,1.0,140,Debit,2021-07-31,手形期日落日 千草商事株式会社,10B100030,支払手形,,,000,共通部門,5237507,0,10A100020,当座預金,1,ABC銀行,000,共通部門,36485935,2021-07
945.0,1.0,140,Credit,2021-07-31,手形期日落日 千草商事株式会社,10A100020,当座預金,1,ABC銀行,000,共通部門,0,5237507,10B100030,支払手形,,,000,共通部門,97604775,2021-07
945.0,2.0,140,Debit,2021-07-31,手形期日落日 東原産業株式会社,10B100030,支払手形,,,000,共通部門,2599235,0,10A100020,当座預金,1,ABC銀行,000,共通部門,33886700,2021-07
945.0,2.0,140,Credit,2021-07-31,手形期日落日 東原産業株式会社,10A100020,当座預金,1,ABC銀行,000,共通部門,0,2599235,10B100030,支払手形,,,000,共通部門,95005540,2021-07
945.0,3.0,140,Debit,2021-07-31,手形期日落日 光野販売株式会社,10B100030,支払手形,,,000,共通部門,4640751,0,10A100020,当座預金,1,ABC銀行,000,共通部門,29245949,2021-07
945.0,3.0,140,Credit,2021-07-31,手形期日落日 光野販売株式会社,10A100020,当座預金,1,ABC銀行,000,共通部門,0,4640751,10B100030,支払手形,,,000,共通部門,90364789,2021-07
946.0,1.0,145,Debit,2021-07-31,運賃,10E200870,運賃,,,050,九州営業所,165200,0,10B100630,未払金,,,000,共通部門,10886539,2021-07
946.0,1.0,145,Credit,2021-07-31,運賃,10B100630,未払金,,,000,共通部門,0,165200,10E200870,運賃,,,050,九州営業所,11210750,2021-07
947.0,1.0,146,Debit,2021-07-31,貸付金返済,10A100020,普通預金,20,ABC銀行 本店,000,共通部門,40000,0,10A100610,短期貸付金,,,000,共通部門,90404789,2021-07
947.0,1.0,146,Credit,2021-07-31,貸付金返済,10A100610,短期貸付金,,,000,共通部門,0,40000,10A100020,普通預金,20,ABC銀行 本店,000,共通部門,320000,2021-07
948.0,1.0,147,Debit,2021-07-31,定期積立金,10A100020,定期積金,,,000,共通部門,500000,0,10A100020,普通預金,20,ABC銀行 本店,000,共通部門,90904789,2021-07
948.0,1.0,147,Credit,2021-07-31,定期積立金,10A100020,普通預金,20,ABC銀行 本店,000,共通部門,0,500000,10A100020,定期積金,,,000,共通部門,90404789,2021-07
948.0,2.0,147,Debit,2021-07-31,保険積立金,10A230570,保険積立金,,,000,共通部門,125000,0,10A100020,普通預金,20,ABC銀行 本店,000,共通部門,2028000,2021-07
948.0,2.0,147,Credit,2021-07-31,保険積立金,10A100020,普通預金,20,ABC銀行 本店,000,共通部門,0,125000,10A230570,保険積立金,,,000,共通部門,90279789,2021-07
949.0,1.0,148,Debit,2021-07-31,借入金返済,10B100790,短期借入金,,,000,共通部門,653500,0,10A100020,当座預金,1,ABC銀行,000,共通部門,5228000,2021-07
949.0,1.0,148,Credit,2021-07-31,借入金返済,10A100020,当座預金,1,ABC銀行,000,共通部門,0,653500,10B100790,短期借入金,,,000,共通部門,89626289,2021-07
949.0,2.0,148,Debit,2021-07-31,利息,10E300020,支払利息,,,020,東京支店,32675,0,10A100020,当座預金,1,ABC銀行,000,共通部門,539175,2021-07
949.0,2.0,148,Credit,2021-07-31,利息,10A100020,当座預金,1,ABC銀行,000,共通部門,0,32675,10E300020,支払利息,,,020,東京支店,89593614,2021-07
909.0,1.0,36,Debit,2021-07-31,運賃 架空運送会社A,10E200870,運賃,,,020,東京支店,1835020,0,10B100630,未払金,,,000,共通部門,12721559,2021-07
909.0,1.0,36,Credit,2021-07-31,運賃 架空運送会社A,10B100630,未払金,,,000,共通部門,0,1835020,10E200870,運賃,,,020,東京支店,13045770,2021-07
909.0,2.0,36,Debit,2021-07-31,運賃 架空運送会社B,10E200870,運賃,,,020,東京支店,964048,0,10B100630,未払金,,,000,共通部門,13685607,2021-07
909.0,2.0,36,Credit,2021-07-31,運賃 架空運送会社B,10B100630,未払金,,,000,共通部門,0,964048,10E200870,運賃,,,020,東京支店,14009818,2021-07
910.0,1.0,40,Debit,2021-07-31,広告掲載,10E200050,広告宣伝費,,,020,東京支店,50000,0,10B100630,未払金,,,000,共通部門,646700,2021-07
910.0,1.0,40,Credit,2021-07-31,広告掲載,10B100630,未払金,,,000,共通部門,0,50000,10E200050,広告宣伝費,,,020,東京支店,14059818,2021-07
911.0,1.0,66,Debit,2021-07-31,リース料,10E200730,借地借家料,,,020,東京支店,209850,0,10A100020,普通預金,20,ABC銀行 本店,000,共通部門,1175400,2021-07
911.0,1.0,66,Credit,2021-07-31,リース料,10A100020,普通預金,20,ABC銀行 本店,000,共通部門,0,209850,10E200730,借地借家料,,,020,東京支店,89383764,2021-07
912.0,1.0,74,Debit,2021-07-31,保険料預かり分,10B100690,預り金,1,保険料,000,共通部門,1180527,0,10A100020,普通預金,20,ABC銀行 本店,000,共通部門,4357479,2021-07
912.0,1.0,74,Credit,2021-07-31,保険料預かり分,10A100020,普通預金,20,ABC銀行 本店,000,共通部門,0,1180527,10B100690,預り金,1,保険料,000,共通部門,88203237,2021-07
912.0,2.0,74,Debit,2021-07-31,保険料　事業主負担分,10E200540,法定福利費,,,020,東京支店,111192,0,10A100020,普通預金,20,ABC銀行 本店,000,共通部門,2363530,2021-07
912.0,2.0,74,Credit,2021-07-31,保険料　事業主負担分,10A100020,普通預金,20,ABC銀行 本店,000,共通部門,0,111192,10E200540,法定福利費,,,020,東京支店,88092045,2021-07
912.0,3.0,74,Debit,2021-07-31,保険料　事業主負担分,10E200540,法定福利費,,,020,東京支店,401259,0,10A100020,普通預金,20,ABC銀行 本店,000,共通部門,2764789,2021-07
912.0,3.0,74,Credit,2021-07-31,保険料　事業主負担分,10A100020,普通預金,20,ABC銀行 本店,000,共通部門,0,401259,10E200540,法定福利費,,,020,東京支店,87690786,2021-07
912.0,4.0,74,Debit,2021-07-31,保険料　事業主負担分,10E200540,法定福利費,,,010,札幌営業所,177774,0,10A100020,普通預金,20,ABC銀行 本店,000,共通部門,2942563,2021-07
912.0,4.0,74,Credit,2021-07-31,保険料　事業主負担分,10A100020,普通預金,20,ABC銀行 本店,000,共通部門,0,177774,10E200540,法定福利費,,,010,札幌営業所,87513012,2021-07
912.0,5.0,74,Debit,2021-07-31,保険料　事業主負担分,10E200540,法定福利費,,,030,名古屋支店,165649,0,10A100020,普通預金,20,ABC銀行 本店,000,共通部門,3108212,2021-07
912.0,5.0,74,Credit,2021-07-31,保険料　事業主負担分,10A100020,普通預金,20,ABC銀行 本店,000,共通部門,0,165649,10E200540,法定福利費,,,030,名古屋支店,87347363,2021-07
912.0,6.0,74,Debit,2021-07-31,保険料　事業主負担分,10E200540,法定福利費,,,040,大阪支店,204278,0,10A100020,普通預金,20,ABC銀行 本店,000,共通部門,3312490,2021-07
912.0,6.0,74,Credit,2021-07-31,保険料　事業主負担分,10A100020,普通預金,20,ABC銀行 本店,000,共通部門,0,204278,10E200540,法定福利費,,,040,大阪支店,87143085,2021-07
912.0,7.0,74,Debit,2021-07-31,保険料　事業主負担分,10E200540,法定福利費,,,050,九州営業所,120377,0,10A100020,普通預金,20,ABC銀行 本店,000,共通部門,3432867,2021-07
912.0,7.0,74,Credit,2021-07-31,保険料　事業主負担分,10A100020,普通預金,20,ABC銀行 本店,000,共通部門,0,120377,10E200540,法定福利費,,,050,九州営業所,87022708,2021-07
912.0,8.0,74,Debit,2021-07-31,児童拠出金　事業主負担分,10E200540,法定福利費,,,020,東京支店,9672,0,10A100020,普通預金,20,ABC銀行 本店,000,共通部門,3442539,2021-07
912.0,8.0,74,Credit,2021-07-31,児童拠出金　事業主負担分,10A100020,普通預金,20,ABC銀行 本店,000,共通部門,0,9672,10E200540,法定福利費,,,020,東京支店,87013036,2021-07
913.0,1.0,75,Debit,2021-07-31,保険料,10E200240,保険料,,,030,名古屋支店,62000,0,10A100020,普通預金,30,GHI銀行 名古屋,000,共通部門,1218280,2021-07
913.0,1.0,75,Credit,2021-07-31,保険料,10A100020,普通預金,30,GHI銀行 名古屋,000,共通部門,0,62000,10E200240,保険料,,,030,名古屋支店,86951036,2021-07
914.0,1.0,76,Debit,2021-07-31,保険料支払い,10E200240,保険料,,,050,九州営業所,57000,0,10A100020,普通預金,50,MNO銀行 北九州,000,共通部門,1275280,2021-07
914.0,1.0,76,Credit,2021-07-31,保険料支払い,10A100020,普通預金,50,MNO銀行 北九州,000,共通部門,0,57000,10E200240,保険料,,,050,九州営業所,86894036,2021-07
915.0,1.0,77,Debit,2021-07-31,運賃,10E200870,運賃,,,030,名古屋支店,125560,0,10B100630,未払金,,,000,共通部門,13811167,2021-07
915.0,1.0,77,Credit,2021-07-31,運賃,10B100630,未払金,,,000,共通部門,0,125560,10E200870,運賃,,,030,名古屋支店,14185378,2021-07
916.0,1.0,78,Debit,2021-07-31,消耗品費　部門配賦,10E200200,消耗品費,,,010,札幌営業所,29535,0,10E200200,消耗品費,,,000,共通部門,1178878,2021-07
916.0,1.0,78,Credit,2021-07-31,消耗品費　部門配賦,10E200200,消耗品費,,,000,共通部門,0,29535,10E200200,消耗品費,,,010,札幌営業所,1149343,2021-07
916.0,2.0,78,Debit,2021-07-31,消耗品費　部門配賦,10E200200,消耗品費,,,020,東京支店,128882,0,10E200200,消耗品費,,,000,共通部門,1278225,2021-07
916.0,2.0,78,Credit,2021-07-31,消耗品費　部門配賦,10E200200,消耗品費,,,000,共通部門,0,128882,10E200200,消耗品費,,,020,東京支店,1149343,2021-07
916.0,3.0,78,Debit,2021-07-31,消耗品費　部門配賦,10E200200,消耗品費,,,030,名古屋支店,26850,0,10E200200,消耗品費,,,000,共通部門,1176193,2021-07
916.0,3.0,78,Credit,2021-07-31,消耗品費　部門配賦,10E200200,消耗品費,,,000,共通部門,0,26850,10E200200,消耗品費,,,030,名古屋支店,1149343,2021-07
916.0,4.0,78,Debit,2021-07-31,消耗品費　部門配賦,10E200200,消耗品費,,,040,大阪支店,64440,0,10E200200,消耗品費,,,000,共通部門,1213783,2021-07
916.0,4.0,78,Credit,2021-07-31,消耗品費　部門配賦,10E200200,消耗品費,,,000,共通部門,0,64440,10E200200,消耗品費,,,040,大阪支店,1149343,2021-07
916.0,5.0,78,Debit,2021-07-31,消耗品費　部門配賦,10E200200,消耗品費,,,050,九州営業所,18795,0,10E200200,消耗品費,,,000,共通部門,1168138,2021-07
916.0,5.0,78,Credit,2021-07-31,消耗品費　部門配賦,10E200200,消耗品費,,,000,共通部門,0,18795,10E200200,消耗品費,,,050,九州営業所,1149343,2021-07
917.0,1.0,86,Debit,2021-07-31,6月分支払,10B100630,未払金,,,000,共通部門,7249493,0,10A100020,普通預金,20,ABC銀行 本店,000,共通部門,6935885,2021-07
917.0,1.0,86,Credit,2021-07-31,6月分支払,10A100020,普通預金,20,ABC銀行 本店,000,共通部門,0,7249493,10B100630,未払金,,,000,共通部門,79644543,2021-07
918.0,1.0,99,Debit,2021-07-31,運賃,10E200870,運賃,,,040,大阪支店,755200,0,10B100630,未払金,,,000,共通部門,14566367,2021-07
918.0,1.0,99,Credit,2021-07-31,運賃,10B100630,未払金,,,000,共通部門,0,755200,10E200870,運賃,,,040,大阪支店,7691085,2021-07
950.0,1.0,990004,Debit,2021-07-31,サンプル定義：賞与半年均等引当 202107 部門010,10E200130,賞与,,,010,札幌営業所,190000,0,10B100320,賞与引当金,,,010,札幌営業所,2211000,2021-07
950.0,1.0,990004,Credit,2021-07-31,サンプル定義：賞与半年均等引当 202107 部門010,10B100320,賞与引当金,,,010,札幌営業所,0,190000,10E200130,賞与,,,010,札幌営業所,190000,2021-07
950.0,2.0,990004,Debit,2021-07-31,サンプル定義：賞与半年均等引当 202107 部門020,10E200130,賞与,,,020,東京支店,451667,0,10B100320,賞与引当金,,,020,東京支店,2662667,2021-07
950.0,2.0,990004,Credit,2021-07-31,サンプル定義：賞与半年均等引当 202107 部門020,10B100320,賞与引当金,,,020,東京支店,0,451667,10E200130,賞与,,,020,東京支店,641667,2021-07
950.0,3.0,990004,Debit,2021-07-31,サンプル定義：賞与半年均等引当 202107 部門030,10E200130,賞与,,,030,名古屋支店,178333,0,10B100320,賞与引当金,,,030,名古屋支店,2841000,2021-07
950.0,3.0,990004,Credit,2021-07-31,サンプル定義：賞与半年均等引当 202107 部門030,10B100320,賞与引当金,,,030,名古屋支店,0,178333,10E200130,賞与,,,030,名古屋支店,820000,2021-07
950.0,4.0,990004,Debit,2021-07-31,サンプル定義：賞与半年均等引当 202107 部門040,10E200130,賞与,,,040,大阪支店,216667,0,10B100320,賞与引当金,,,040,大阪支店,3057667,2021-07
950.0,4.0,990004,Credit,2021-07-31,サンプル定義：賞与半年均等引当 202107 部門040,10B100320,賞与引当金,,,040,大阪支店,0,216667,10E200130,賞与,,,040,大阪支店,1036667,2021-07
950.0,5.0,990004,Debit,2021-07-31,サンプル定義：賞与半年均等引当 202107 部門050,10E200130,賞与,,,050,九州営業所,136667,0,10B100320,賞与引当金,,,050,九州営業所,3194334,2021-07
950.0,5.0,990004,Credit,2021-07-31,サンプル定義：賞与半年均等引当 202107 部門050,10B100320,賞与引当金,,,050,九州営業所,0,136667,10E200130,賞与,,,050,九州営業所,1173334,2021-07
