Transaction_ID,Line_ID,Entry_ID,Ledger_Side,Transaction_Date,Description,Ledger_Account_Number,Ledger_Account_Name,Subaccount_Code,Subaccount_Name,Department_Code,Department_Name,Debit_Amount,Credit_Amount,Counterpart_Account_Number,Counterpart_Account_Name,Counterpart_Subaccount_Code,Counterpart_Subaccount_Name,Counterpart_Department_Code,Counterpart_Department_Name,Balance,Month
,,,Opening,2021-11-01,* 月初残高,10A100020,普通預金,,,,,0,0,,,,,,,87928056,2021-11
,,,Opening,2021-11-01,* 月初残高,10A100040,貸倒引当金,,,,,0,0,,,,,,,1758018,2021-11
,,,Opening,2021-11-01,* 月初残高,10A100060,受取手形,,,,,0,0,,,,,,,61862152,2021-11
,,,Opening,2021-11-01,* 月初残高,10A100090,売掛金,,,,,0,0,,,,,,,61564282,2021-11
,,,Opening,2021-11-01,* 月初残高,10A100200,電子記録債権,,,,,0,0,,,,,,,40000,2021-11
,,,Opening,2021-11-01,* 月初残高,10A100230,有価証券,,,,,0,0,,,,,,,1271350,2021-11
,,,Opening,2021-11-01,* 月初残高,10A100280,商品,,,,,0,0,,,,,,,63013226,2021-11
,,,Opening,2021-11-01,* 月初残高,10A100610,短期貸付金,,,,,0,0,,,,,,,200000,2021-11
,,,Opening,2021-11-01,* 月初残高,10A100800,差入保証金,,,,,0,0,,,,,,,1200000,2021-11
,,,Opening,2021-11-01,* 月初残高,10A100850,仮払消費税等,,,,,0,0,,,,,,,2762581,2021-11
,,,Opening,2021-11-01,* 月初残高,10A210130,構築物,,,,,0,0,,,,,,,3280000,2021-11
,,,Opening,2021-11-01,* 月初残高,10A210410,工具、器具及び備品,,,,,0,0,,,,,,,4779810,2021-11
,,,Opening,2021-11-01,* 月初残高,10A220190,電話加入権,,,,,0,0,,,,,,,512000,2021-11
,,,Opening,2021-11-01,* 月初残高,10A230570,保険積立金,,,,,0,0,,,,,,,2403000,2021-11
,,,Opening,2021-11-01,* 月初残高,10A230650,敷金,,,,,0,0,,,,,,,3140000,2021-11
,,,Opening,2021-11-01,* 月初残高,10B100030,支払手形,,,,,0,0,,,,,,,34857550,2021-11
,,,Opening,2021-11-01,* 月初残高,10B100040,買掛金,,,,,0,0,,,,,,,50147919,2021-11
,,,Opening,2021-11-01,* 月初残高,10B100320,賞与引当金,,,,,0,0,,,,,,,4693334,2021-11
,,,Opening,2021-11-01,* 月初残高,10B100630,未払金,,,,,0,0,,,,,,,7681594,2021-11
,,,Opening,2021-11-01,* 月初残高,10B100640,未払法人税等,,,,,0,0,,,,,,,0,2021-11
,,,Opening,2021-11-01,* 月初残高,10B100660,未払消費税等,,,,,0,0,,,,,,,0,2021-11
,,,Opening,2021-11-01,* 月初残高,10B100670,未払事業税等,,,,,0,0,,,,,,,0,2021-11
,,,Opening,2021-11-01,* 月初残高,10B100690,預り金,,,,,0,0,,,,,,,5860241,2021-11
,,,Opening,2021-11-01,* 月初残高,10B100790,短期借入金,,,,,0,0,,,,,,,3267500,2021-11
,,,Opening,2021-11-01,* 月初残高,10B100890,仮受消費税等,,,,,0,0,,,,,,,6540636,2021-11
,,,Opening,2021-11-01,* 月初残高,10B200080,長期借入金,,,,,0,0,,,,,,,37343150,2021-11
,,,Opening,2021-11-01,* 月初残高,10B200120,退職給付引当金,,,,,0,0,,,,,,,18560000,2021-11
,,,Opening,2021-11-01,* 月初残高,10B200130,役員退職慰労引当金,,,,,0,0,,,,,,,22000000,2021-11
,,,Opening,2021-11-01,* 月初残高,10C110010,資本金,,,,,0,0,,,,,,,10000000,2021-11
,,,Opening,2021-11-01,* 月初残高,10C120020,資本準備金,,,,,0,0,,,,,,,0,2021-11
,,,Opening,2021-11-01,* 月初残高,10C130020,利益準備金,,,,,0,0,,,,,,,7200000,2021-11
,,,Opening,2021-11-01,* 月初残高,10C130360,別途積立金,,,,,0,0,,,,,,,4830000,2021-11
,,,Opening,2021-11-01,* 月初残高,10C130370,繰越利益剰余金,,,,,0,0,,,,,,,82709171,2021-11
,,,Opening,2021-11-01,* 月初残高,10D100100,総売上高,,,,,0,0,,,,,,,431982077,2021-11
,,,Opening,2021-11-01,* 月初残高,10D100110,売上値引及び戻り高,,,,,0,0,,,,,,,1267444,2021-11
,,,Opening,2021-11-01,* 月初残高,10E100100,商品期首たな卸高,,,,,0,0,,,,,,,0,2021-11
,,,Opening,2021-11-01,* 月初残高,10E100120,仕入値引及び戻し高,,,,,0,0,,,,,,,733583,2021-11
,,,Opening,2021-11-01,* 月初残高,10E100130,当期商品仕入高,,,,,0,0,,,,,,,262270688,2021-11
,,,Opening,2021-11-01,* 月初残高,10E100140,商品期末たな卸高,,,,,0,0,,,,,,,0,2021-11
,,,Opening,2021-11-01,* 月初残高,10E200020,販売手数料,,,,,0,0,,,,,,,15003067,2021-11
,,,Opening,2021-11-01,* 月初残高,10E200050,広告宣伝費,,,,,0,0,,,,,,,1221200,2021-11
,,,Opening,2021-11-01,* 月初残高,10E200090,役員報酬,,,,,0,0,,,,,,,12040000,2021-11
,,,Opening,2021-11-01,* 月初残高,10E200130,賞与,,,,,0,0,,,,,,,6714334,2021-11
,,,Opening,2021-11-01,* 月初残高,10E200140,福利厚生費,,,,,0,0,,,,,,,3201531,2021-11
,,,Opening,2021-11-01,* 月初残高,10E200150,交際費,,,,,0,0,,,,,,,2175907,2021-11
,,,Opening,2021-11-01,* 月初残高,10E200180,通信費,,,,,0,0,,,,,,,7784696,2021-11
,,,Opening,2021-11-01,* 月初残高,10E200200,消耗品費,,,,,0,0,,,,,,,1976892,2021-11
,,,Opening,2021-11-01,* 月初残高,10E200210,租税公課,,,,,0,0,,,,,,,187000,2021-11
,,,Opening,2021-11-01,* 月初残高,10E200220,減価償却費,,,,,0,0,,,,,,,0,2021-11
,,,Opening,2021-11-01,* 月初残高,10E200240,保険料,,,,,0,0,,,,,,,2231740,2021-11
,,,Opening,2021-11-01,* 月初残高,10E200370,給料及び手当,,,,,0,0,,,,,,,37054004,2021-11
,,,Opening,2021-11-01,* 月初残高,10E200520,雑給,,,,,0,0,,,,,,,2669307,2021-11
,,,Opening,2021-11-01,* 月初残高,10E200540,法定福利費,,,,,0,0,,,,,,,5591695,2021-11
,,,Opening,2021-11-01,* 月初残高,10E200600,支払報酬,,,,,0,0,,,,,,,977970,2021-11
,,,Opening,2021-11-01,* 月初残高,10E200690,支払手数料,,,,,0,0,,,,,,,83783,2021-11
,,,Opening,2021-11-01,* 月初残高,10E200720,地代家賃,,,,,0,0,,,,,,,24113000,2021-11
,,,Opening,2021-11-01,* 月初残高,10E200730,借地借家料,,,,,0,0,,,,,,,2056950,2021-11
,,,Opening,2021-11-01,* 月初残高,10E200870,運賃,,,,,0,0,,,,,,,25484533,2021-11
,,,Opening,2021-11-01,* 月初残高,10E201000,修繕維持費,,,,,0,0,,,,,,,283800,2021-11
,,,Opening,2021-11-01,* 月初残高,10E201040,水道光熱費,,,,,0,0,,,,,,,4066009,2021-11
,,,Opening,2021-11-01,* 月初残高,10E201110,事務用消耗品費,,,,,0,0,,,,,,,899186,2021-11
,,,Opening,2021-11-01,* 月初残高,10E201120,車両費,,,,,0,0,,,,,,,4265118,2021-11
,,,Opening,2021-11-01,* 月初残高,10E201130,会議費,,,,,0,0,,,,,,,205444,2021-11
,,,Opening,2021-11-01,* 月初残高,10E201140,諸会費,,,,,0,0,,,,,,,812000,2021-11
,,,Opening,2021-11-01,* 月初残高,10E201160,図書費,,,,,0,0,,,,,,,174874,2021-11
,,,Opening,2021-11-01,* 月初残高,10E201230,旅費及び交通費,,,,,0,0,,,,,,,7162542,2021-11
,,,Opening,2021-11-01,* 月初残高,10E201270,雑費,,,,,0,0,,,,,,,3355588,2021-11
,,,Opening,2021-11-01,* 月初残高,10E300020,支払利息,,,,,0,0,,,,,,,878014,2021-11
,,,Opening,2021-11-01,* 月初残高,10F100070,法人税、住民税及び事業税,,,,,0,0,,,,,,,0,2021-11
1652.0,1.0,165,Debit,2021-11-01,お茶代他,10E201270,雑費,,,050,九州営業所,3756,0,10A100020,現金,,,000,共通部門,3359344,2021-11
1652.0,1.0,165,Credit,2021-11-01,お茶代他,10A100020,現金,,,000,共通部門,0,3756,10E201270,雑費,,,050,九州営業所,87924300,2021-11
1650.0,1.0,18,Debit,2021-11-01,旅費,10E201230,旅費及び交通費,,,010,札幌営業所,21000,0,10A100020,現金,,,000,共通部門,7183542,2021-11
1650.0,1.0,18,Credit,2021-11-01,旅費,10A100020,現金,,,000,共通部門,0,21000,10E201230,旅費及び交通費,,,010,札幌営業所,87903300,2021-11
1651.0,1.0,75,Debit,2021-11-01,ガソリン代,10E201120,車両費,,,050,九州営業所,6151,0,10A100020,現金,,,000,共通部門,4271269,2021-11
1651.0,1.0,75,Credit,2021-11-01,ガソリン代,10A100020,現金,,,000,共通部門,0,6151,10E201120,車両費,,,050,九州営業所,87897149,2021-11
1651.0,2.0,75,Debit,2021-11-01,ウォッシャー液代,10E201120,車両費,,,050,九州営業所,475,0,10A100020,現金,,,000,共通部門,4271744,2021-11
1651.0,2.0,75,Credit,2021-11-01,ウォッシャー液代,10A100020,現金,,,000,共通部門,0,475,10E201120,車両費,,,050,九州営業所,87896674,2021-11
1653.0,1.0,149,Debit,2021-11-02,食事代 架空店舗064 2名,10E200150,交際費,,,030,名古屋支店,7758,0,10A100020,現金,,,000,共通部門,2183665,2021-11
1653.0,1.0,149,Credit,2021-11-02,食事代 架空店舗064 2名,10A100020,現金,,,000,共通部門,0,7758,10E200150,交際費,,,030,名古屋支店,87888916,2021-11
1653.0,2.0,149,Debit,2021-11-02,飲食代 架空店舗020,10E200150,交際費,,,030,名古屋支店,11874,0,10A100020,現金,,,000,共通部門,2195539,2021-11
1653.0,2.0,149,Credit,2021-11-02,飲食代 架空店舗020,10A100020,現金,,,000,共通部門,0,11874,10E200150,交際費,,,030,名古屋支店,87877042,2021-11
1655.0,1.0,134,Debit,2021-11-03,用紙,10E201110,事務用消耗品費,,,020,東京支店,9600,0,10A100020,現金,,,000,共通部門,908786,2021-11
1655.0,1.0,134,Credit,2021-11-03,用紙,10A100020,現金,,,000,共通部門,0,9600,10E201110,事務用消耗品費,,,020,東京支店,87867442,2021-11
1654.0,1.0,41,Debit,2021-11-03,食事代 架空店舗030 2名,10E200150,交際費,,,020,東京支店,3540,0,10A100020,現金,,,000,共通部門,2199079,2021-11
1654.0,1.0,41,Credit,2021-11-03,食事代 架空店舗030 2名,10A100020,現金,,,000,共通部門,0,3540,10E200150,交際費,,,020,東京支店,87863902,2021-11
1656.0,1.0,67,Debit,2021-11-04,お茶代他,10E201270,雑費,,,010,札幌営業所,2234,0,10A100020,現金,,,000,共通部門,3361578,2021-11
1656.0,1.0,67,Credit,2021-11-04,お茶代他,10A100020,現金,,,000,共通部門,0,2234,10E201270,雑費,,,010,札幌営業所,87861668,2021-11
1657.0,1.0,68,Debit,2021-11-04,ティッシュ代他,10E201270,雑費,,,040,大阪支店,3025,0,10A100020,現金,,,000,共通部門,3364603,2021-11
1657.0,1.0,68,Credit,2021-11-04,ティッシュ代他,10A100020,現金,,,000,共通部門,0,3025,10E201270,雑費,,,040,大阪支店,87858643,2021-11
1666.0,1.0,102,Debit,2021-11-05,香典代,10E200150,交際費,,,040,大阪支店,10000,0,10A100020,現金,,,000,共通部門,2209079,2021-11
1666.0,1.0,102,Credit,2021-11-05,香典代,10A100020,現金,,,000,共通部門,0,10000,10E200150,交際費,,,040,大阪支店,87848643,2021-11
1667.0,1.0,133,Debit,2021-11-05,税理士報酬,10E200600,支払報酬,,,020,東京支店,139710,0,10A100020,普通預金,20,ABC銀行 本店,000,共通部門,1117680,2021-11
1667.0,1.0,133,Credit,2021-11-05,税理士報酬,10A100020,普通預金,20,ABC銀行 本店,000,共通部門,0,139710,10E200600,支払報酬,,,020,東京支店,87708933,2021-11
1668.0,1.0,143,Debit,2021-11-05,点検作業料,10E201120,車両費,,,040,大阪支店,31350,0,10A100020,現金,,,000,共通部門,4303094,2021-11
1668.0,1.0,143,Credit,2021-11-05,点検作業料,10A100020,現金,,,000,共通部門,0,31350,10E201120,車両費,,,040,大阪支店,87677583,2021-11
1658.0,1.0,19,Debit,2021-11-05,旅費,10E201230,旅費及び交通費,,,010,札幌営業所,9800,0,10A100020,現金,,,000,共通部門,7193342,2021-11
1658.0,1.0,19,Credit,2021-11-05,旅費,10A100020,現金,,,000,共通部門,0,9800,10E201230,旅費及び交通費,,,010,札幌営業所,87667783,2021-11
1659.0,1.0,42,Debit,2021-11-05,コーヒー代3名,10E200150,交際費,,,020,東京支店,1890,0,10A100020,現金,,,000,共通部門,2210969,2021-11
1659.0,1.0,42,Credit,2021-11-05,コーヒー代3名,10A100020,現金,,,000,共通部門,0,1890,10E200150,交際費,,,020,東京支店,87665893,2021-11
1660.0,1.0,50,Debit,2021-11-05,高速代,10E201120,車両費,,,020,東京支店,3800,0,10A100020,現金,,,000,共通部門,4306894,2021-11
1660.0,1.0,50,Credit,2021-11-05,高速代,10A100020,現金,,,000,共通部門,0,3800,10E201120,車両費,,,020,東京支店,87662093,2021-11
1661.0,1.0,56,Debit,2021-11-05,旅費,10E201230,旅費及び交通費,,,020,東京支店,10230,0,10A100020,現金,,,000,共通部門,7203572,2021-11
1661.0,1.0,56,Credit,2021-11-05,旅費,10A100020,現金,,,000,共通部門,0,10230,10E201230,旅費及び交通費,,,020,東京支店,87651863,2021-11
1662.0,1.0,79,Debit,2021-11-05,景品代,10E200140,福利厚生費,,,030,名古屋支店,29871,0,10A100020,現金,,,000,共通部門,3231402,2021-11
1662.0,1.0,79,Credit,2021-11-05,景品代,10A100020,現金,,,000,共通部門,0,29871,10E200140,福利厚生費,,,030,名古屋支店,87621992,2021-11
1663.0,1.0,84,Debit,2021-11-05,11月5日伝票No353株式会社豊原産業,10A100020,普通預金,50,MNO銀行 北九州,000,共通部門,923208,0,10A100090,売掛金,22,株式会社豊原産業,000,共通部門,88545200,2021-11
1663.0,1.0,84,Credit,2021-11-05,11月5日伝票No353株式会社豊原産業,10A100090,売掛金,22,株式会社豊原産業,000,共通部門,0,923208,10A100020,普通預金,50,MNO銀行 北九州,000,共通部門,60641074,2021-11
1663.0,2.0,84,Debit,2021-11-05,11月5日伝票No353株式会社豊原産業,10E200690,支払手数料,,,050,九州営業所,472,0,10A100090,売掛金,22,株式会社豊原産業,000,共通部門,84255,2021-11
1663.0,2.0,84,Credit,2021-11-05,11月5日伝票No353株式会社豊原産業,10A100090,売掛金,22,株式会社豊原産業,000,共通部門,0,472,10E200690,支払手数料,,,050,九州営業所,60640602,2021-11
1664.0,1.0,85,Debit,2021-11-05,11月5日伝票No354若松販売株式会社,10A100020,普通預金,20,ABC銀行 本店,000,共通部門,1018352,0,10A100090,売掛金,26,若松販売株式会社,000,共通部門,89563552,2021-11
1664.0,1.0,85,Credit,2021-11-05,11月5日伝票No354若松販売株式会社,10A100090,売掛金,26,若松販売株式会社,000,共通部門,0,1018352,10A100020,普通預金,20,ABC銀行 本店,000,共通部門,59622250,2021-11
1664.0,2.0,85,Debit,2021-11-05,11月5日伝票No354若松販売株式会社,10E200690,支払手数料,,,020,東京支店,472,0,10A100090,売掛金,26,若松販売株式会社,000,共通部門,84727,2021-11
1664.0,2.0,85,Credit,2021-11-05,11月5日伝票No354若松販売株式会社,10A100090,売掛金,26,若松販売株式会社,000,共通部門,0,472,10E200690,支払手数料,,,020,東京支店,59621778,2021-11
1665.0,1.0,86,Debit,2021-11-05,11月5日伝票No355晴海物産株式会社,10A100020,普通預金,30,GHI銀行 名古屋,000,共通部門,814613,0,10A100090,売掛金,27,晴海物産株式会社,000,共通部門,90378165,2021-11
1665.0,1.0,86,Credit,2021-11-05,11月5日伝票No355晴海物産株式会社,10A100090,売掛金,27,晴海物産株式会社,000,共通部門,0,814613,10A100020,普通預金,30,GHI銀行 名古屋,000,共通部門,58807165,2021-11
1669.0,1.0,10,Debit,2021-11-06,ガソリン代,10E201120,車両費,,,010,札幌営業所,4224,0,10A100020,現金,,,000,共通部門,4311118,2021-11
1669.0,1.0,10,Credit,2021-11-06,ガソリン代,10A100020,現金,,,000,共通部門,0,4224,10E201120,車両費,,,010,札幌営業所,90373941,2021-11
1671.0,1.0,110,Debit,2021-11-06,タクシー代,10E201230,旅費及び交通費,,,040,大阪支店,2290,0,10A100020,現金,,,000,共通部門,7205862,2021-11
1671.0,1.0,110,Credit,2021-11-06,タクシー代,10A100020,現金,,,000,共通部門,0,2290,10E201230,旅費及び交通費,,,040,大阪支店,90371651,2021-11
1670.0,1.0,16,Debit,2021-11-06,スノーブレード代,10E201120,車両費,,,010,札幌営業所,8000,0,10A100020,現金,,,000,共通部門,4319118,2021-11
1670.0,1.0,16,Credit,2021-11-06,スノーブレード代,10A100020,現金,,,000,共通部門,0,8000,10E201120,車両費,,,010,札幌営業所,90363651,2021-11
1672.0,1.0,20,Debit,2021-11-07,旅費,10E201230,旅費及び交通費,,,010,札幌営業所,39000,0,10A100020,現金,,,000,共通部門,7244862,2021-11
1672.0,1.0,20,Credit,2021-11-07,旅費,10A100020,現金,,,000,共通部門,0,39000,10E201230,旅費及び交通費,,,010,札幌営業所,90324651,2021-11
1673.0,1.0,21,Debit,2021-11-07,架空鉄道会社A代,10E201230,旅費及び交通費,,,010,札幌営業所,69500,0,10A100020,現金,,,000,共通部門,7314362,2021-11
1673.0,1.0,21,Credit,2021-11-07,架空鉄道会社A代,10A100020,現金,,,000,共通部門,0,69500,10E201230,旅費及び交通費,,,010,札幌営業所,90255151,2021-11
1674.0,1.0,22,Debit,2021-11-07,旅費,10E201230,旅費及び交通費,,,010,札幌営業所,50000,0,10A100020,現金,,,000,共通部門,7364362,2021-11
1674.0,1.0,22,Credit,2021-11-07,旅費,10A100020,現金,,,000,共通部門,0,50000,10E201230,旅費及び交通費,,,010,札幌営業所,90205151,2021-11
1675.0,1.0,58,Debit,2021-11-07,旅費,10E201230,旅費及び交通費,,,020,東京支店,70000,0,10A100020,現金,,,000,共通部門,7434362,2021-11
1675.0,1.0,58,Credit,2021-11-07,旅費,10A100020,現金,,,000,共通部門,0,70000,10E201230,旅費及び交通費,,,020,東京支店,90135151,2021-11
1676.0,1.0,32,Debit,2021-11-08,事務用品費,10E201110,事務用消耗品費,,,010,札幌営業所,1580,0,10B100630,未払金,,,000,共通部門,910366,2021-11
1676.0,1.0,32,Credit,2021-11-08,事務用品費,10B100630,未払金,,,000,共通部門,0,1580,10E201110,事務用消耗品費,,,010,札幌営業所,7683174,2021-11
1677.0,1.0,43,Debit,2021-11-08,コーヒー代2名,10E200150,交際費,,,020,東京支店,1575,0,10A100020,現金,,,000,共通部門,2212544,2021-11
1677.0,1.0,43,Credit,2021-11-08,コーヒー代2名,10A100020,現金,,,000,共通部門,0,1575,10E200150,交際費,,,020,東京支店,90133576,2021-11
1678.0,1.0,44,Debit,2021-11-08,手土産代 株式会社桜丘百貨店,10E200150,交際費,,,020,東京支店,3150,0,10A100020,現金,,,000,共通部門,2215694,2021-11
1678.0,1.0,44,Credit,2021-11-08,手土産代 株式会社桜丘百貨店,10A100020,現金,,,000,共通部門,0,3150,10E200150,交際費,,,020,東京支店,90130426,2021-11
1679.0,1.0,78,Debit,2021-11-08,架空鉄道会社A代,10E201230,旅費及び交通費,,,030,名古屋支店,9800,0,10A100020,現金,,,000,共通部門,7444162,2021-11
1679.0,1.0,78,Credit,2021-11-08,架空鉄道会社A代,10A100020,現金,,,000,共通部門,0,9800,10E201230,旅費及び交通費,,,030,名古屋支店,90120626,2021-11
1682.0,1.0,139,Debit,2021-11-09,社員夜食代,10E200140,福利厚生費,,,040,大阪支店,31050,0,10B100630,未払金,,,000,共通部門,3262452,2021-11
1682.0,1.0,139,Credit,2021-11-09,社員夜食代,10B100630,未払金,,,000,共通部門,0,31050,10E200140,福利厚生費,,,040,大阪支店,7714224,2021-11
1683.0,1.0,144,Debit,2021-11-09,ガソリン代,10E201120,車両費,,,040,大阪支店,6116,0,10A100020,現金,,,000,共通部門,4325234,2021-11
1683.0,1.0,144,Credit,2021-11-09,ガソリン代,10A100020,現金,,,000,共通部門,0,6116,10E201120,車両費,,,040,大阪支店,90114510,2021-11
1683.0,2.0,144,Debit,2021-11-09,駐車代,10E201120,車両費,,,040,大阪支店,2516,0,10A100020,現金,,,000,共通部門,4327750,2021-11
1683.0,2.0,144,Credit,2021-11-09,駐車代,10A100020,現金,,,000,共通部門,0,2516,10E201120,車両費,,,040,大阪支店,90111994,2021-11
1683.0,3.0,144,Debit,2021-11-09,高速代,10E201120,車両費,,,040,大阪支店,5833,0,10A100020,現金,,,000,共通部門,4333583,2021-11
1683.0,3.0,144,Credit,2021-11-09,高速代,10A100020,現金,,,000,共通部門,0,5833,10E201120,車両費,,,040,大阪支店,90106161,2021-11
1684.0,1.0,151,Debit,2021-11-09,飲食代 架空店舗063 6名,10E200150,交際費,,,040,大阪支店,25220,0,10A100020,現金,,,000,共通部門,2240914,2021-11
1684.0,1.0,151,Credit,2021-11-09,飲食代 架空店舗063 6名,10A100020,現金,,,000,共通部門,0,25220,10E200150,交際費,,,040,大阪支店,90080941,2021-11
1684.0,2.0,151,Debit,2021-11-09,飲食代 架空店舗035 6名,10E200150,交際費,,,040,大阪支店,31858,0,10A100020,現金,,,000,共通部門,2272772,2021-11
1684.0,2.0,151,Credit,2021-11-09,飲食代 架空店舗035 6名,10A100020,現金,,,000,共通部門,0,31858,10E200150,交際費,,,040,大阪支店,90049083,2021-11
1680.0,1.0,7,Debit,2021-11-09,香典代,10E200150,交際費,,,010,札幌営業所,10000,0,10A100020,現金,,,000,共通部門,2282772,2021-11
1680.0,1.0,7,Credit,2021-11-09,香典代,10A100020,現金,,,000,共通部門,0,10000,10E200150,交際費,,,010,札幌営業所,90039083,2021-11
1681.0,1.0,85,Debit,2021-11-09,電話代,10E200180,通信費,,,030,名古屋支店,63902,0,10A100020,普通預金,30,GHI銀行 名古屋,000,共通部門,7848598,2021-11
1681.0,1.0,85,Credit,2021-11-09,電話代,10A100020,普通預金,30,GHI銀行 名古屋,000,共通部門,0,63902,10E200180,通信費,,,030,名古屋支店,89975181,2021-11
1697.0,1.0,129,Debit,2021-11-10,家賃支払い,10E200720,地代家賃,,,030,名古屋支店,399000,0,10A100020,普通預金,30,GHI銀行 名古屋,000,共通部門,24512000,2021-11
1697.0,1.0,129,Credit,2021-11-10,家賃支払い,10A100020,普通預金,30,GHI銀行 名古屋,000,共通部門,0,399000,10E200720,地代家賃,,,030,名古屋支店,89576181,2021-11
1698.0,1.0,136,Debit,2021-11-10,手形期日落日 青凪商事株式会社,10B100030,支払手形,,,000,共通部門,2921549,0,10A100020,当座預金,1,ABC銀行,000,共通部門,31936001,2021-11
1698.0,1.0,136,Credit,2021-11-10,手形期日落日 青凪商事株式会社,10A100020,当座預金,1,ABC銀行,000,共通部門,0,2921549,10B100030,支払手形,,,000,共通部門,86654632,2021-11
1699.0,1.0,141,Debit,2021-11-10,架空鉄道会社A代,10E201230,旅費及び交通費,,,040,大阪支店,12000,0,10A100020,現金,,,000,共通部門,7456162,2021-11
1699.0,1.0,141,Credit,2021-11-10,架空鉄道会社A代,10A100020,現金,,,000,共通部門,0,12000,10E201230,旅費及び交通費,,,040,大阪支店,86642632,2021-11
1700.0,1.0,147,Debit,2021-11-10,ガソリン代,10E201120,車両費,,,050,九州営業所,7118,0,10B100630,未払金,,,000,共通部門,4340701,2021-11
1700.0,1.0,147,Credit,2021-11-10,ガソリン代,10B100630,未払金,,,000,共通部門,0,7118,10E201120,車両費,,,050,九州営業所,7721342,2021-11
1701.0,1.0,156,Debit,2021-11-10,出張旅費,10E201230,旅費及び交通費,,,050,九州営業所,3400,0,10A100020,現金,,,000,共通部門,7459562,2021-11
1701.0,1.0,156,Credit,2021-11-10,出張旅費,10A100020,現金,,,000,共通部門,0,3400,10E201230,旅費及び交通費,,,050,九州営業所,86639232,2021-11
1702.0,1.0,162,Debit,2021-11-10,会議　食事代,10E201130,会議費,,,020,東京支店,24995,0,10A100020,現金,,,000,共通部門,230439,2021-11
1702.0,1.0,162,Credit,2021-11-10,会議　食事代,10A100020,現金,,,000,共通部門,0,24995,10E201130,会議費,,,020,東京支店,86614237,2021-11
1703.0,1.0,167,Debit,2021-11-10,家賃支払い,10E200720,地代家賃,,,050,九州営業所,630000,0,10A100020,普通預金,50,MNO銀行 北九州,000,共通部門,25142000,2021-11
1703.0,1.0,167,Credit,2021-11-10,家賃支払い,10A100020,普通預金,50,MNO銀行 北九州,000,共通部門,0,630000,10E200720,地代家賃,,,050,九州営業所,85984237,2021-11
1703.0,2.0,167,Debit,2021-11-10,電話代,10E200180,通信費,,,050,九州営業所,142335,0,10A100020,普通預金,50,MNO銀行 北九州,000,共通部門,7990933,2021-11
1703.0,2.0,167,Credit,2021-11-10,電話代,10A100020,普通預金,50,MNO銀行 北九州,000,共通部門,0,142335,10E200180,通信費,,,050,九州営業所,85841902,2021-11
1704.0,1.0,168,Debit,2021-11-10,有線,10E201270,雑費,,,050,九州営業所,6000,0,10B100630,未払金,,,000,共通部門,3370603,2021-11
1704.0,1.0,168,Credit,2021-11-10,有線,10B100630,未払金,,,000,共通部門,0,6000,10E201270,雑費,,,050,九州営業所,7727342,2021-11
1704.0,2.0,168,Debit,2021-11-10,警備料,10E201270,雑費,,,050,九州営業所,42858,0,10B100630,未払金,,,000,共通部門,3413461,2021-11
1704.0,2.0,168,Credit,2021-11-10,警備料,10B100630,未払金,,,000,共通部門,0,42858,10E201270,雑費,,,050,九州営業所,7770200,2021-11
1685.0,1.0,33,Debit,2021-11-10,家賃支払い,10E200720,地代家賃,,,010,札幌営業所,320000,0,10A100020,普通預金,10,DEF銀行 駅前,000,共通部門,25462000,2021-11
1685.0,1.0,33,Credit,2021-11-10,家賃支払い,10A100020,普通預金,10,DEF銀行 駅前,000,共通部門,0,320000,10E200720,地代家賃,,,010,札幌営業所,85521902,2021-11
1685.0,2.0,33,Debit,2021-11-10,電話代,10E200180,通信費,,,010,札幌営業所,116554,0,10A100020,普通預金,10,DEF銀行 駅前,000,共通部門,8107487,2021-11
1685.0,2.0,33,Credit,2021-11-10,電話代,10A100020,普通預金,10,DEF銀行 駅前,000,共通部門,0,116554,10E200180,通信費,,,010,札幌営業所,85405348,2021-11
1686.0,1.0,60,Debit,2021-11-10,引き出し,10A100020,現金,,,000,共通部門,2000000,0,10A100020,当座預金,1,ABC銀行,000,共通部門,87405348,2021-11
1686.0,1.0,60,Credit,2021-11-10,引き出し,10A100020,当座預金,1,ABC銀行,000,共通部門,0,2000000,10A100020,現金,,,000,共通部門,85405348,2021-11
1687.0,1.0,63,Debit,2021-11-10,源泉税支払,10B100690,預り金,3,源泉税,000,共通部門,249642,0,10A100020,普通預金,20,ABC銀行 本店,000,共通部門,5610599,2021-11
1687.0,1.0,63,Credit,2021-11-10,源泉税支払,10A100020,普通預金,20,ABC銀行 本店,000,共通部門,0,249642,10B100690,預り金,3,源泉税,000,共通部門,85155706,2021-11
1687.0,2.0,63,Debit,2021-11-10,住民税支払,10B100690,預り金,2,住民税,000,共通部門,449500,0,10A100020,普通預金,20,ABC銀行 本店,000,共通部門,5161099,2021-11
1687.0,2.0,63,Credit,2021-11-10,住民税支払,10A100020,普通預金,20,ABC銀行 本店,000,共通部門,0,449500,10B100690,預り金,2,住民税,000,共通部門,84706206,2021-11
1688.0,1.0,65,Debit,2021-11-10,家賃支払,10E200720,地代家賃,,,040,大阪支店,840000,0,10A100020,普通預金,40,JKL銀行 梅田,000,共通部門,26302000,2021-11
1688.0,1.0,65,Credit,2021-11-10,家賃支払,10A100020,普通預金,40,JKL銀行 梅田,000,共通部門,0,840000,10E200720,地代家賃,,,040,大阪支店,83866206,2021-11
1689.0,1.0,66,Debit,2021-11-10,有線,10E201270,雑費,,,010,札幌営業所,5000,0,10B100630,未払金,,,000,共通部門,3418461,2021-11
1689.0,1.0,66,Credit,2021-11-10,有線,10B100630,未払金,,,000,共通部門,0,5000,10E201270,雑費,,,010,札幌営業所,7775200,2021-11
1689.0,2.0,66,Debit,2021-11-10,警備料,10E201270,雑費,,,010,札幌営業所,34286,0,10B100630,未払金,,,000,共通部門,3452747,2021-11
1689.0,2.0,66,Credit,2021-11-10,警備料,10B100630,未払金,,,000,共通部門,0,34286,10E201270,雑費,,,010,札幌営業所,7809486,2021-11
1690.0,1.0,87,Debit,2021-11-10,11月10日伝票No356青凪商事株式会社,10B100040,買掛金,3,青凪商事株式会社,000,共通部門,509535,0,10A100090,売掛金,3,青凪商事株式会社,000,共通部門,49638384,2021-11
1690.0,1.0,87,Credit,2021-11-10,11月10日伝票No356青凪商事株式会社,10A100090,売掛金,3,青凪商事株式会社,000,共通部門,0,509535,10B100040,買掛金,3,青凪商事株式会社,000,共通部門,58297630,2021-11
1691.0,1.0,88,Debit,2021-11-10,11月10日伝票No357株式会社花咲商事東京本社,10A100020,普通預金,20,ABC銀行 本店,000,共通部門,7824270,0,10A100090,売掛金,14,株式会社花咲商事,000,共通部門,91690476,2021-11
1691.0,1.0,88,Credit,2021-11-10,11月10日伝票No357株式会社花咲商事東京本社,10A100090,売掛金,14,株式会社花咲商事,000,共通部門,0,7824270,10A100020,普通預金,20,ABC銀行 本店,000,共通部門,50473360,2021-11
1691.0,2.0,88,Debit,2021-11-10,11月10日伝票No357株式会社花咲商事東京本社,10E200690,支払手数料,,,020,東京支店,840,0,10A100090,売掛金,14,株式会社花咲商事,000,共通部門,85567,2021-11
1691.0,2.0,88,Credit,2021-11-10,11月10日伝票No357株式会社花咲商事東京本社,10A100090,売掛金,14,株式会社花咲商事,000,共通部門,0,840,10E200690,支払手数料,,,020,東京支店,50472520,2021-11
1692.0,1.0,89,Debit,2021-11-10,11月10日伝票No358株式会社南風商会,10A100020,普通預金,30,GHI銀行 名古屋,000,共通部門,590097,0,10A100090,売掛金,19,株式会社南風商会,000,共通部門,92280573,2021-11
1692.0,1.0,89,Credit,2021-11-10,11月10日伝票No358株式会社南風商会,10A100090,売掛金,19,株式会社南風商会,000,共通部門,0,590097,10A100020,普通預金,30,GHI銀行 名古屋,000,共通部門,49882423,2021-11
1692.0,2.0,89,Debit,2021-11-10,11月10日伝票No358株式会社南風商会,10E200690,支払手数料,,,030,名古屋支店,735,0,10A100090,売掛金,19,株式会社南風商会,000,共通部門,86302,2021-11
1692.0,2.0,89,Credit,2021-11-10,11月10日伝票No358株式会社南風商会,10A100090,売掛金,19,株式会社南風商会,000,共通部門,0,735,10E200690,支払手数料,,,030,名古屋支店,49881688,2021-11
1693.0,1.0,90,Debit,2021-11-10,11月10日伝票No359株式会社青葉百貨店 | 売上伝票=20211031-112;手形番号=R20211110-90-28,10A100060,受取手形,,,000,共通部門,6921367,0,10A100090,売掛金,28,株式会社青葉百貨店,000,共通部門,68783519,2021-11
1693.0,1.0,90,Credit,2021-11-10,11月10日伝票No359株式会社青葉百貨店 | 売上伝票=20211031-112;手形番号=R20211110-90-28,10A100090,売掛金,28,株式会社青葉百貨店,000,共通部門,0,6921367,10A100060,受取手形,,,000,共通部門,42960321,2021-11
1694.0,1.0,91,Debit,2021-11-10,11月10日伝票No289青凪商事株式会社,10B100040,買掛金,3,青凪商事株式会社,000,共通部門,2813778,0,10B100030,支払手形,,,000,共通部門,46824606,2021-11
1694.0,1.0,91,Credit,2021-11-10,11月10日伝票No289青凪商事株式会社,10B100030,支払手形,,,000,共通部門,0,2813778,10B100040,買掛金,3,青凪商事株式会社,000,共通部門,34749779,2021-11
1695.0,1.0,92,Debit,2021-11-10,11月10日伝票No291株式会社白樺商事,10B100040,買掛金,8,株式会社白樺商事,000,共通部門,414892,0,10A100020,普通預金,20,ABC銀行 本店,000,共通部門,46409714,2021-11
1695.0,1.0,92,Credit,2021-11-10,11月10日伝票No291株式会社白樺商事,10A100020,普通預金,20,ABC銀行 本店,000,共通部門,0,414892,10B100040,買掛金,8,株式会社白樺商事,000,共通部門,91865681,2021-11
1696.0,1.0,94,Debit,2021-11-10,家賃支払,10E200720,地代家賃,,,020,東京支店,1260000,0,10A100020,普通預金,20,ABC銀行 本店,000,共通部門,27562000,2021-11
1696.0,1.0,94,Credit,2021-11-10,家賃支払,10A100020,普通預金,20,ABC銀行 本店,000,共通部門,0,1260000,10E200720,地代家賃,,,020,東京支店,90605681,2021-11
1707.0,1.0,103,Debit,2021-11-11,手土産代 株式会社桜丘百貨店,10E200150,交際費,,,040,大阪支店,3150,0,10A100020,現金,,,000,共通部門,2285922,2021-11
1707.0,1.0,103,Credit,2021-11-11,手土産代 株式会社桜丘百貨店,10A100020,現金,,,000,共通部門,0,3150,10E200150,交際費,,,040,大阪支店,90602531,2021-11
1708.0,1.0,112,Debit,2021-11-11,電話代,10E200180,通信費,,,040,大阪支店,210365,0,10A100020,普通預金,40,JKL銀行 梅田,000,共通部門,8317852,2021-11
1708.0,1.0,112,Credit,2021-11-11,電話代,10A100020,普通預金,40,JKL銀行 梅田,000,共通部門,0,210365,10E200180,通信費,,,040,大阪支店,90392166,2021-11
1709.0,1.0,152,Debit,2021-11-11,食事代 架空店舗059 3名,10E200150,交際費,,,050,九州営業所,2460,0,10A100020,現金,,,000,共通部門,2288382,2021-11
1709.0,1.0,152,Credit,2021-11-11,食事代 架空店舗059 3名,10A100020,現金,,,000,共通部門,0,2460,10E200150,交際費,,,050,九州営業所,90389706,2021-11
1705.0,1.0,46,Debit,2021-11-11,ガソリン代,10E201120,車両費,,,020,東京支店,8286,0,10A100020,現金,,,000,共通部門,4348987,2021-11
1705.0,1.0,46,Credit,2021-11-11,ガソリン代,10A100020,現金,,,000,共通部門,0,8286,10E201120,車両費,,,020,東京支店,90381420,2021-11
1705.0,2.0,46,Debit,2021-11-11,高速代,10E201120,車両費,,,020,東京支店,1239,0,10A100020,現金,,,000,共通部門,4350226,2021-11
1705.0,2.0,46,Credit,2021-11-11,高速代,10A100020,現金,,,000,共通部門,0,1239,10E201120,車両費,,,020,東京支店,90380181,2021-11
1705.0,3.0,46,Debit,2021-11-11,駐車代,10E201120,車両費,,,020,東京支店,572,0,10A100020,現金,,,000,共通部門,4350798,2021-11
1705.0,3.0,46,Credit,2021-11-11,駐車代,10A100020,現金,,,000,共通部門,0,572,10E201120,車両費,,,020,東京支店,90379609,2021-11
1706.0,1.0,70,Debit,2021-11-11,ゴルフプレー代4名,10E200150,交際費,,,020,東京支店,40000,0,10A100020,現金,,,000,共通部門,2328382,2021-11
1706.0,1.0,70,Credit,2021-11-11,ゴルフプレー代4名,10A100020,現金,,,000,共通部門,0,40000,10E200150,交際費,,,020,東京支店,90339609,2021-11
1706.0,2.0,70,Debit,2021-11-11,景品代,10E200150,交際費,,,020,東京支店,10000,0,10A100020,現金,,,000,共通部門,2338382,2021-11
1706.0,2.0,70,Credit,2021-11-11,景品代,10A100020,現金,,,000,共通部門,0,10000,10E200150,交際費,,,020,東京支店,90329609,2021-11
1710.0,1.0,73,Debit,2021-11-12,飲食代 架空店舗080 3名,10E200150,交際費,,,020,東京支店,10427,0,10A100020,現金,,,000,共通部門,2348809,2021-11
1710.0,1.0,73,Credit,2021-11-12,飲食代 架空店舗080 3名,10A100020,現金,,,000,共通部門,0,10427,10E200150,交際費,,,020,東京支店,90319182,2021-11
1711.0,1.0,74,Debit,2021-11-12,飲食代 架空店舗020,10E200150,交際費,,,020,東京支店,22650,0,10A100020,現金,,,000,共通部門,2371459,2021-11
1711.0,1.0,74,Credit,2021-11-12,飲食代 架空店舗020,10A100020,現金,,,000,共通部門,0,22650,10E200150,交際費,,,020,東京支店,90296532,2021-11
1712.0,1.0,79,Debit,2021-11-12,旅費,10E201230,旅費及び交通費,,,030,名古屋支店,12000,0,10A100020,現金,,,000,共通部門,7471562,2021-11
1712.0,1.0,79,Credit,2021-11-12,旅費,10A100020,現金,,,000,共通部門,0,12000,10E201230,旅費及び交通費,,,030,名古屋支店,90284532,2021-11
1714.0,1.0,142,Debit,2021-11-13,高速代,10E201120,車両費,,,040,大阪支店,3446,0,10A100020,現金,,,000,共通部門,4354244,2021-11
1714.0,1.0,142,Credit,2021-11-13,高速代,10A100020,現金,,,000,共通部門,0,3446,10E201120,車両費,,,040,大阪支店,90281086,2021-11
1714.0,2.0,142,Debit,2021-11-13,高速代,10E201120,車両費,,,040,大阪支店,2043,0,10A100020,現金,,,000,共通部門,4356287,2021-11
1714.0,2.0,142,Credit,2021-11-13,高速代,10A100020,現金,,,000,共通部門,0,2043,10E201120,車両費,,,040,大阪支店,90279043,2021-11
1714.0,3.0,142,Debit,2021-11-13,高速代,10E201120,車両費,,,040,大阪支店,1195,0,10A100020,現金,,,000,共通部門,4357482,2021-11
1714.0,3.0,142,Credit,2021-11-13,高速代,10A100020,現金,,,000,共通部門,0,1195,10E201120,車両費,,,040,大阪支店,90277848,2021-11
1714.0,4.0,142,Debit,2021-11-13,駐車代,10E201120,車両費,,,040,大阪支店,3000,0,10A100020,現金,,,000,共通部門,4360482,2021-11
1714.0,4.0,142,Credit,2021-11-13,駐車代,10A100020,現金,,,000,共通部門,0,3000,10E201120,車両費,,,040,大阪支店,90274848,2021-11
1714.0,5.0,142,Debit,2021-11-13,ガソリン代,10E201120,車両費,,,040,大阪支店,7220,0,10A100020,現金,,,000,共通部門,4367702,2021-11
1714.0,5.0,142,Credit,2021-11-13,ガソリン代,10A100020,現金,,,000,共通部門,0,7220,10E201120,車両費,,,040,大阪支店,90267628,2021-11
1715.0,1.0,158,Debit,2021-11-13,航空券,10E201230,旅費及び交通費,,,040,大阪支店,47000,0,10A100020,現金,,,000,共通部門,7518562,2021-11
1715.0,1.0,158,Credit,2021-11-13,航空券,10A100020,現金,,,000,共通部門,0,47000,10E201230,旅費及び交通費,,,040,大阪支店,90220628,2021-11
1713.0,1.0,17,Debit,2021-11-13,ウォッシャー液,10E201120,車両費,,,010,札幌営業所,368,0,10A100020,現金,,,000,共通部門,4368070,2021-11
1713.0,1.0,17,Credit,2021-11-13,ウォッシャー液,10A100020,現金,,,000,共通部門,0,368,10E201120,車両費,,,010,札幌営業所,90220260,2021-11
1718.0,1.0,161,Debit,2021-11-14,旅費,10E201230,旅費及び交通費,,,050,九州営業所,7450,0,10A100020,現金,,,000,共通部門,7526012,2021-11
1718.0,1.0,161,Credit,2021-11-14,旅費,10A100020,現金,,,000,共通部門,0,7450,10E201230,旅費及び交通費,,,050,九州営業所,90212810,2021-11
1716.0,1.0,23,Debit,2021-11-14,旅費,10E201230,旅費及び交通費,,,010,札幌営業所,26667,0,10A100020,現金,,,000,共通部門,7552679,2021-11
1716.0,1.0,23,Credit,2021-11-14,旅費,10A100020,現金,,,000,共通部門,0,26667,10E201230,旅費及び交通費,,,010,札幌営業所,90186143,2021-11
1716.0,2.0,23,Debit,2021-11-14,旅費,10E201230,旅費及び交通費,,,010,札幌営業所,29524,0,10A100020,現金,,,000,共通部門,7582203,2021-11
1716.0,2.0,23,Credit,2021-11-14,旅費,10A100020,現金,,,000,共通部門,0,29524,10E201230,旅費及び交通費,,,010,札幌営業所,90156619,2021-11
1716.0,3.0,23,Debit,2021-11-14,旅費,10E201230,旅費及び交通費,,,010,札幌営業所,36667,0,10A100020,現金,,,000,共通部門,7618870,2021-11
1716.0,3.0,23,Credit,2021-11-14,旅費,10A100020,現金,,,000,共通部門,0,36667,10E201230,旅費及び交通費,,,010,札幌営業所,90119952,2021-11
1717.0,1.0,51,Debit,2021-11-14,高速代,10E201120,車両費,,,020,東京支店,6800,0,10A100020,現金,,,000,共通部門,4374870,2021-11
1717.0,1.0,51,Credit,2021-11-14,高速代,10A100020,現金,,,000,共通部門,0,6800,10E201120,車両費,,,020,東京支店,90113152,2021-11
1730.0,1.0,100,Debit,2021-11-15,11月15日伝票No292株式会社北辰商事,10B100040,買掛金,1,株式会社北辰商事,000,共通部門,5934799,0,10A100020,普通預金,20,ABC銀行 本店,000,共通部門,40474915,2021-11
1730.0,1.0,100,Credit,2021-11-15,11月15日伝票No292株式会社北辰商事,10A100020,普通預金,20,ABC銀行 本店,000,共通部門,0,5934799,10B100040,買掛金,1,株式会社北辰商事,000,共通部門,84178353,2021-11
1719.0,1.0,11,Debit,2021-11-15,ガソリン代,10E201120,車両費,,,010,札幌営業所,3210,0,10A100020,現金,,,000,共通部門,4378080,2021-11
1719.0,1.0,11,Credit,2021-11-15,ガソリン代,10A100020,現金,,,000,共通部門,0,3210,10E201120,車両費,,,010,札幌営業所,84175143,2021-11
1731.0,1.0,117,Debit,2021-11-15,会費,10E201140,諸会費,,,040,大阪支店,20000,0,10A100020,現金,,,000,共通部門,832000,2021-11
1731.0,1.0,117,Credit,2021-11-15,会費,10A100020,現金,,,000,共通部門,0,20000,10E201140,諸会費,,,040,大阪支店,84155143,2021-11
1720.0,1.0,57,Debit,2021-11-15,架空鉄道会社A代,10E201230,旅費及び交通費,,,020,東京支店,104500,0,10A100020,現金,,,000,共通部門,7723370,2021-11
1720.0,1.0,57,Credit,2021-11-15,架空鉄道会社A代,10A100020,現金,,,000,共通部門,0,104500,10E201230,旅費及び交通費,,,020,東京支店,84050643,2021-11
1721.0,1.0,61,Debit,2021-11-15,電話代,10E200180,通信費,,,020,東京支店,116721,0,10A100020,普通預金,20,ABC銀行 本店,000,共通部門,8434573,2021-11
1721.0,1.0,61,Credit,2021-11-15,電話代,10A100020,普通預金,20,ABC銀行 本店,000,共通部門,0,116721,10E200180,通信費,,,020,東京支店,83933922,2021-11
1722.0,1.0,76,Debit,2021-11-15,社員夜食代,10E200140,福利厚生費,,,020,東京支店,35287,0,10B100630,未払金,,,000,共通部門,3297739,2021-11
1722.0,1.0,76,Credit,2021-11-15,社員夜食代,10B100630,未払金,,,000,共通部門,0,35287,10E200140,福利厚生費,,,020,東京支店,7844773,2021-11
1723.0,1.0,81,Debit,2021-11-15,11月給与その他 0060 パート･アルバイト,10E200520,雑給,,,020,東京支店,668749,0,10A100020,現金,,,000,共通部門,3338056,2021-11
1723.0,1.0,81,Credit,2021-11-15,11月給与その他 0060 パート･アルバイト,10A100020,現金,,,000,共通部門,0,668749,10E200520,雑給,,,020,東京支店,83265173,2021-11
1723.0,2.0,81,Debit,2021-11-15,11月給与その他 0060 パート･アルバイト,10E200520,雑給,,,020,東京支店,9410,0,10B100690,預り金,3,源泉税,000,共通部門,3347466,2021-11
1723.0,2.0,81,Credit,2021-11-15,11月給与その他 0060 パート･アルバイト,10B100690,預り金,3,源泉税,000,共通部門,0,9410,10E200520,雑給,,,020,東京支店,5170509,2021-11
1723.0,3.0,81,Debit,2021-11-15,11月給与その他 0060 パート･アルバイト,10E200520,雑給,,,020,東京支店,19031,0,10B100690,預り金,9,その他,000,共通部門,3366497,2021-11
1723.0,3.0,81,Credit,2021-11-15,11月給与その他 0060 パート･アルバイト,10B100690,預り金,9,その他,000,共通部門,0,19031,10E200520,雑給,,,020,東京支店,5189540,2021-11
1724.0,1.0,93,Debit,2021-11-15,11月15日伝票No360株式会社若葉百貨店,10A100020,普通預金,50,MNO銀行 北九州,000,共通部門,1022764,0,10A100090,売掛金,1,株式会社若葉百貨店,000,共通部門,84287937,2021-11
1724.0,1.0,93,Credit,2021-11-15,11月15日伝票No360株式会社若葉百貨店,10A100090,売掛金,1,株式会社若葉百貨店,000,共通部門,0,1022764,10A100020,普通預金,50,MNO銀行 北九州,000,共通部門,41937557,2021-11
1724.0,2.0,93,Debit,2021-11-15,11月15日伝票No360株式会社若葉百貨店,10E200690,支払手数料,,,050,九州営業所,840,0,10A100090,売掛金,1,株式会社若葉百貨店,000,共通部門,87142,2021-11
1724.0,2.0,93,Credit,2021-11-15,11月15日伝票No360株式会社若葉百貨店,10A100090,売掛金,1,株式会社若葉百貨店,000,共通部門,0,840,10E200690,支払手数料,,,050,九州営業所,41936717,2021-11
1725.0,1.0,95,Debit,2021-11-15,11月15日伝票No362株式会社瑞穂流通,10A100020,普通預金,30,GHI銀行 名古屋,000,共通部門,1268837,0,10A100090,売掛金,6,株式会社瑞穂流通,000,共通部門,85556774,2021-11
1725.0,1.0,95,Credit,2021-11-15,11月15日伝票No362株式会社瑞穂流通,10A100090,売掛金,6,株式会社瑞穂流通,000,共通部門,0,1268837,10A100020,普通預金,30,GHI銀行 名古屋,000,共通部門,40667880,2021-11
1725.0,2.0,95,Debit,2021-11-15,11月15日伝票No362株式会社瑞穂流通,10E200690,支払手数料,,,030,名古屋支店,840,0,10A100090,売掛金,6,株式会社瑞穂流通,000,共通部門,87982,2021-11
1725.0,2.0,95,Credit,2021-11-15,11月15日伝票No362株式会社瑞穂流通,10A100090,売掛金,6,株式会社瑞穂流通,000,共通部門,0,840,10E200690,支払手数料,,,030,名古屋支店,40667040,2021-11
1726.0,1.0,96,Debit,2021-11-15,11月15日伝票No363株式会社高原マーケット,10A100020,普通預金,40,JKL銀行 梅田,000,共通部門,397275,0,10A100090,売掛金,8,株式会社高原マーケット,000,共通部門,85954049,2021-11
1726.0,1.0,96,Credit,2021-11-15,11月15日伝票No363株式会社高原マーケット,10A100090,売掛金,8,株式会社高原マーケット,000,共通部門,0,397275,10A100020,普通預金,40,JKL銀行 梅田,000,共通部門,40269765,2021-11
1726.0,2.0,96,Debit,2021-11-15,11月15日伝票No363株式会社高原マーケット,10E200690,支払手数料,,,040,大阪支店,840,0,10A100090,売掛金,8,株式会社高原マーケット,000,共通部門,88822,2021-11
1726.0,2.0,96,Credit,2021-11-15,11月15日伝票No363株式会社高原マーケット,10A100090,売掛金,8,株式会社高原マーケット,000,共通部門,0,840,10E200690,支払手数料,,,040,大阪支店,40268925,2021-11
1727.0,1.0,97,Debit,2021-11-15,11月15日伝票No364朝凪物産株式会社,10A100020,普通預金,40,JKL銀行 梅田,000,共通部門,798000,0,10A100090,売掛金,9,朝凪物産株式会社,000,共通部門,86752049,2021-11
1727.0,1.0,97,Credit,2021-11-15,11月15日伝票No364朝凪物産株式会社,10A100090,売掛金,9,朝凪物産株式会社,000,共通部門,0,798000,10A100020,普通預金,40,JKL銀行 梅田,000,共通部門,39470925,2021-11
1727.0,2.0,97,Debit,2021-11-15,11月15日伝票No364朝凪物産株式会社,10E200690,支払手数料,,,040,大阪支店,840,0,10A100090,売掛金,9,朝凪物産株式会社,000,共通部門,89662,2021-11
1727.0,2.0,97,Credit,2021-11-15,11月15日伝票No364朝凪物産株式会社,10A100090,売掛金,9,朝凪物産株式会社,000,共通部門,0,840,10E200690,支払手数料,,,040,大阪支店,39470085,2021-11
1728.0,1.0,98,Debit,2021-11-15,11月15日伝票No365星川商事株式会社,10A100020,普通預金,20,ABC銀行 本店,000,共通部門,730040,0,10A100090,売掛金,13,星川商事株式会社,000,共通部門,87482089,2021-11
1728.0,1.0,98,Credit,2021-11-15,11月15日伝票No365星川商事株式会社,10A100090,売掛金,13,星川商事株式会社,000,共通部門,0,730040,10A100020,普通預金,20,ABC銀行 本店,000,共通部門,38740045,2021-11
1729.0,1.0,99,Debit,2021-11-15,11月15日伝票No366清和商事株式会社,10A100020,普通預金,40,JKL銀行 梅田,000,共通部門,1254041,0,10A100090,売掛金,20,清和商事株式会社,000,共通部門,88736130,2021-11
1729.0,1.0,99,Credit,2021-11-15,11月15日伝票No366清和商事株式会社,10A100090,売掛金,20,清和商事株式会社,000,共通部門,0,1254041,10A100020,普通預金,40,JKL銀行 梅田,000,共通部門,37486004,2021-11
1729.0,2.0,99,Debit,2021-11-15,11月15日伝票No366清和商事株式会社,10E200690,支払手数料,,,040,大阪支店,315,0,10A100090,売掛金,20,清和商事株式会社,000,共通部門,89977,2021-11
1729.0,2.0,99,Credit,2021-11-15,11月15日伝票No366清和商事株式会社,10A100090,売掛金,20,清和商事株式会社,000,共通部門,0,315,10E200690,支払手数料,,,040,大阪支店,37485689,2021-11
1734.0,1.0,130,Debit,2021-11-16,会費,10E201140,諸会費,,,040,大阪支店,24000,0,10A100020,普通預金,40,JKL銀行 梅田,000,共通部門,856000,2021-11
1734.0,1.0,130,Credit,2021-11-16,会費,10A100020,普通預金,40,JKL銀行 梅田,000,共通部門,0,24000,10E201140,諸会費,,,040,大阪支店,88712130,2021-11
1735.0,1.0,136,Debit,2021-11-16,架空清掃会社A代,10E201270,雑費,,,040,大阪支店,16500,0,10A100020,現金,,,000,共通部門,3469247,2021-11
1735.0,1.0,136,Credit,2021-11-16,架空清掃会社A代,10A100020,現金,,,000,共通部門,0,16500,10E201270,雑費,,,040,大阪支店,88695630,2021-11
1736.0,1.0,164,Debit,2021-11-16,事務用品,10E201110,事務用消耗品費,,,050,九州営業所,2413,0,10A100020,現金,,,000,共通部門,912779,2021-11
1736.0,1.0,164,Credit,2021-11-16,事務用品,10A100020,現金,,,000,共通部門,0,2413,10E201110,事務用消耗品費,,,050,九州営業所,88693217,2021-11
1732.0,1.0,47,Debit,2021-11-16,ガソリン代,10E201120,車両費,,,020,東京支店,8700,0,10A100020,現金,,,000,共通部門,4386780,2021-11
1732.0,1.0,47,Credit,2021-11-16,ガソリン代,10A100020,現金,,,000,共通部門,0,8700,10E201120,車両費,,,020,東京支店,88684517,2021-11
1733.0,1.0,82,Debit,2021-11-16,ガソリン代,10E201120,車両費,,,030,名古屋支店,20800,0,10B100630,未払金,,,000,共通部門,4407580,2021-11
1733.0,1.0,82,Credit,2021-11-16,ガソリン代,10B100630,未払金,,,000,共通部門,0,20800,10E201120,車両費,,,030,名古屋支店,7865573,2021-11
1733.0,2.0,82,Debit,2021-11-16,ウォッシャー液,10E201120,車両費,,,030,名古屋支店,352,0,10B100630,未払金,,,000,共通部門,4407932,2021-11
1733.0,2.0,82,Credit,2021-11-16,ウォッシャー液,10B100630,未払金,,,000,共通部門,0,352,10E201120,車両費,,,030,名古屋支店,7865925,2021-11
1737.0,1.0,4,Debit,2021-11-17,広告費,10E200050,広告宣伝費,,,010,札幌営業所,31500,0,10B100630,未払金,,,000,共通部門,1252700,2021-11
1737.0,1.0,4,Credit,2021-11-17,広告費,10B100630,未払金,,,000,共通部門,0,31500,10E200050,広告宣伝費,,,010,札幌営業所,7897425,2021-11
1740.0,1.0,104,Debit,2021-11-18,コーヒー代2名,10E200150,交際費,,,040,大阪支店,1260,0,10A100020,現金,,,000,共通部門,2372719,2021-11
1740.0,1.0,104,Credit,2021-11-18,コーヒー代2名,10A100020,現金,,,000,共通部門,0,1260,10E200150,交際費,,,040,大阪支店,88683257,2021-11
1738.0,1.0,59,Debit,2021-11-18,旅費,10E201230,旅費及び交通費,,,020,東京支店,55500,0,10A100020,現金,,,000,共通部門,7778870,2021-11
1738.0,1.0,59,Credit,2021-11-18,旅費,10A100020,現金,,,000,共通部門,0,55500,10E201230,旅費及び交通費,,,020,東京支店,88627757,2021-11
1739.0,1.0,76,Debit,2021-11-18,ガソリン代,10E201120,車両費,,,050,九州営業所,3686,0,10A100020,現金,,,000,共通部門,4411618,2021-11
1739.0,1.0,76,Credit,2021-11-18,ガソリン代,10A100020,現金,,,000,共通部門,0,3686,10E201120,車両費,,,050,九州営業所,88624071,2021-11
1739.0,2.0,76,Debit,2021-11-18,高速代,10E201120,車両費,,,050,九州営業所,762,0,10A100020,現金,,,000,共通部門,4412380,2021-11
1739.0,2.0,76,Credit,2021-11-18,高速代,10A100020,現金,,,000,共通部門,0,762,10E201120,車両費,,,050,九州営業所,88623309,2021-11
1742.0,1.0,12,Debit,2021-11-19,ガソリン代,10E201120,車両費,,,010,札幌営業所,4456,0,10A100020,現金,,,000,共通部門,4416836,2021-11
1742.0,1.0,12,Credit,2021-11-19,ガソリン代,10A100020,現金,,,000,共通部門,0,4456,10E201120,車両費,,,010,札幌営業所,88618853,2021-11
1742.0,2.0,12,Debit,2021-11-19,高速代,10E201120,車両費,,,010,札幌営業所,1572,0,10A100020,現金,,,000,共通部門,4418408,2021-11
1742.0,2.0,12,Credit,2021-11-19,高速代,10A100020,現金,,,000,共通部門,0,1572,10E201120,車両費,,,010,札幌営業所,88617281,2021-11
1742.0,3.0,12,Debit,2021-11-19,駐車代,10E201120,車両費,,,010,札幌営業所,762,0,10A100020,現金,,,000,共通部門,4419170,2021-11
1742.0,3.0,12,Credit,2021-11-19,駐車代,10A100020,現金,,,000,共通部門,0,762,10E201120,車両費,,,010,札幌営業所,88616519,2021-11
1743.0,1.0,45,Debit,2021-11-19,コーヒー代,10E200150,交際費,,,020,東京支店,1260,0,10A100020,現金,,,000,共通部門,2373979,2021-11
1743.0,1.0,45,Credit,2021-11-19,コーヒー代,10A100020,現金,,,000,共通部門,0,1260,10E200150,交際費,,,020,東京支店,88615259,2021-11
1744.0,1.0,52,Debit,2021-11-19,高速代,10E201120,車両費,,,020,東京支店,1096,0,10A100020,現金,,,000,共通部門,4420266,2021-11
1744.0,1.0,52,Credit,2021-11-19,高速代,10A100020,現金,,,000,共通部門,0,1096,10E201120,車両費,,,020,東京支店,88614163,2021-11
1744.0,2.0,52,Debit,2021-11-19,駐車代,10E201120,車両費,,,020,東京支店,2191,0,10A100020,現金,,,000,共通部門,4422457,2021-11
1744.0,2.0,52,Credit,2021-11-19,駐車代,10A100020,現金,,,000,共通部門,0,2191,10E201120,車両費,,,020,東京支店,88611972,2021-11
1741.0,1.0,8,Debit,2021-11-19,定例ミーティング会費,10E200150,交際費,,,010,札幌営業所,20000,0,10A100020,現金,,,000,共通部門,2393979,2021-11
1741.0,1.0,8,Credit,2021-11-19,定例ミーティング会費,10A100020,現金,,,000,共通部門,0,20000,10E200150,交際費,,,010,札幌営業所,88591972,2021-11
1745.0,1.0,1,Debit,2021-11-20,残業夜食　軽減税率,10E200140,福利厚生費,,,000,共通部門,21600,0,10A100020,現金,,,000,共通部門,3319339,2021-11
1745.0,1.0,1,Credit,2021-11-20,残業夜食　軽減税率,10A100020,現金,,,000,共通部門,0,21600,10E200140,福利厚生費,,,000,共通部門,88570372,2021-11
1759.0,1.0,101,Debit,2021-11-20,広告料,10E200050,広告宣伝費,,,040,大阪支店,52500,0,10B100630,未払金,,,000,共通部門,1305200,2021-11
1759.0,1.0,101,Credit,2021-11-20,広告料,10B100630,未払金,,,000,共通部門,0,52500,10E200050,広告宣伝費,,,040,大阪支店,7949925,2021-11
1759.0,2.0,101,Debit,2021-11-20,11月20日伝票No367株式会社楓屋,10A100020,現金,,,000,共通部門,543350,0,10A100090,売掛金,11,株式会社楓屋,000,共通部門,89113722,2021-11
1759.0,2.0,101,Credit,2021-11-20,11月20日伝票No367株式会社楓屋,10A100090,売掛金,11,株式会社楓屋,000,共通部門,0,543350,10A100020,現金,,,000,共通部門,36942339,2021-11
1760.0,1.0,102,Debit,2021-11-20,11月20日伝票No368合同会社つばさ商店,10A100020,普通預金,30,GHI銀行 名古屋,000,共通部門,475268,0,10A100090,売掛金,21,合同会社つばさ商店,000,共通部門,89588990,2021-11
1760.0,1.0,102,Credit,2021-11-20,11月20日伝票No368合同会社つばさ商店,10A100090,売掛金,21,合同会社つばさ商店,000,共通部門,0,475268,10A100020,普通預金,30,GHI銀行 名古屋,000,共通部門,36467071,2021-11
1760.0,2.0,102,Debit,2021-11-20,11月20日伝票No368合同会社つばさ商店,10E200690,支払手数料,,,030,名古屋支店,472,0,10A100090,売掛金,21,合同会社つばさ商店,000,共通部門,90449,2021-11
1760.0,2.0,102,Credit,2021-11-20,11月20日伝票No368合同会社つばさ商店,10A100090,売掛金,21,合同会社つばさ商店,000,共通部門,0,472,10E200690,支払手数料,,,030,名古屋支店,36466599,2021-11
1761.0,1.0,103,Debit,2021-11-20,11月20日伝票No369株式会社彩雲トレーディング,10A100020,普通預金,20,ABC銀行 本店,000,共通部門,1389763,0,10A100090,売掛金,30,株式会社彩雲トレーディング,000,共通部門,90978753,2021-11
1761.0,1.0,103,Credit,2021-11-20,11月20日伝票No369株式会社彩雲トレーディング,10A100090,売掛金,30,株式会社彩雲トレーディング,000,共通部門,0,1389763,10A100020,普通預金,20,ABC銀行 本店,000,共通部門,35076836,2021-11
1761.0,2.0,103,Debit,2021-11-20,11月20日伝票No369株式会社彩雲トレーディング,10E200690,支払手数料,,,020,東京支店,735,0,10A100090,売掛金,30,株式会社彩雲トレーディング,000,共通部門,91184,2021-11
1761.0,2.0,103,Credit,2021-11-20,11月20日伝票No369株式会社彩雲トレーディング,10A100090,売掛金,30,株式会社彩雲トレーディング,000,共通部門,0,735,10E200690,支払手数料,,,020,東京支店,35076101,2021-11
1762.0,1.0,104,Debit,2021-11-20,11月20日伝票No294株式会社和泉流通,10B100040,買掛金,4,株式会社和泉流通,000,共通部門,964740,0,10A100020,普通預金,20,ABC銀行 本店,000,共通部門,39510175,2021-11
1762.0,1.0,104,Credit,2021-11-20,11月20日伝票No294株式会社和泉流通,10A100020,普通預金,20,ABC銀行 本店,000,共通部門,0,964740,10B100040,買掛金,4,株式会社和泉流通,000,共通部門,90014013,2021-11
1763.0,1.0,105,Debit,2021-11-20,11月20日伝票No296株式会社日向産業,10B100040,買掛金,6,株式会社日向産業,000,共通部門,3484984,0,10A100020,普通預金,20,ABC銀行 本店,000,共通部門,36025191,2021-11
1763.0,1.0,105,Credit,2021-11-20,11月20日伝票No296株式会社日向産業,10A100020,普通預金,20,ABC銀行 本店,000,共通部門,0,3484984,10B100040,買掛金,6,株式会社日向産業,000,共通部門,86529029,2021-11
1764.0,1.0,106,Debit,2021-11-20,11月20日伝票No297株式会社花園商会,10B100040,買掛金,11,株式会社花園商会,000,共通部門,4492889,0,10A100020,普通預金,20,ABC銀行 本店,000,共通部門,31532302,2021-11
1764.0,1.0,106,Credit,2021-11-20,11月20日伝票No297株式会社花園商会,10A100020,普通預金,20,ABC銀行 本店,000,共通部門,0,4492889,10B100040,買掛金,11,株式会社花園商会,000,共通部門,82036140,2021-11
1765.0,1.0,118,Debit,2021-11-20,コピー代,10E201110,事務用消耗品費,,,040,大阪支店,7366,0,10B100630,未払金,,,000,共通部門,920145,2021-11
1765.0,1.0,118,Credit,2021-11-20,コピー代,10B100630,未払金,,,000,共通部門,0,7366,10E201110,事務用消耗品費,,,040,大阪支店,7957291,2021-11
1766.0,1.0,119,Debit,2021-11-20,事務用品,10E201110,事務用消耗品費,,,040,大阪支店,3891,0,10B100630,未払金,,,000,共通部門,924036,2021-11
1766.0,1.0,119,Credit,2021-11-20,事務用品,10B100630,未払金,,,000,共通部門,0,3891,10E201110,事務用消耗品費,,,040,大阪支店,7961182,2021-11
1767.0,1.0,132,Debit,2021-11-20,電気代,10E201040,水道光熱費,,,040,大阪支店,115273,0,10A100020,普通預金,40,JKL銀行 梅田,000,共通部門,4181282,2021-11
1767.0,1.0,132,Credit,2021-11-20,電気代,10A100020,普通預金,40,JKL銀行 梅田,000,共通部門,0,115273,10E201040,水道光熱費,,,040,大阪支店,81920867,2021-11
1767.0,2.0,132,Debit,2021-11-20,水道代,10E201040,水道光熱費,,,040,大阪支店,5278,0,10A100020,普通預金,40,JKL銀行 梅田,000,共通部門,4186560,2021-11
1767.0,2.0,132,Credit,2021-11-20,水道代,10A100020,普通預金,40,JKL銀行 梅田,000,共通部門,0,5278,10E201040,水道光熱費,,,040,大阪支店,81915589,2021-11
1768.0,1.0,139,Debit,2021-11-20,資金移動,10A100020,普通預金,20,ABC銀行 本店,000,共通部門,18000000,0,10A100020,当座預金,1,ABC銀行,000,共通部門,99915589,2021-11
1768.0,1.0,139,Credit,2021-11-20,資金移動,10A100020,当座預金,1,ABC銀行,000,共通部門,0,18000000,10A100020,普通預金,20,ABC銀行 本店,000,共通部門,81915589,2021-11
1769.0,1.0,148,Debit,2021-11-20,手形割引 株式会社青葉百貨店 | 手形番号=R20211010-87-28;受取額に決済額を訂正,10A100020,当座預金,1,ABC銀行,000,共通部門,5904295,0,10A100060,受取手形,,,000,共通部門,87819884,2021-11
1769.0,1.0,148,Credit,2021-11-20,手形割引 株式会社青葉百貨店 | 手形番号=R20211010-87-28;受取額に決済額を訂正,10A100060,受取手形,,,000,共通部門,0,5904295,10A100020,当座預金,1,ABC銀行,000,共通部門,62879224,2021-11
1769.0,2.0,148,Debit,2021-11-20,手形割引料 | 手形番号=R20211010-87-28,10E300020,支払利息,,,020,東京支店,60354,0,10A100060,受取手形,,,000,共通部門,938368,2021-11
1769.0,2.0,148,Credit,2021-11-20,手形割引料 | 手形番号=R20211010-87-28,10A100060,受取手形,,,000,共通部門,0,60354,10E300020,支払利息,,,020,東京支店,62818870,2021-11
1770.0,1.0,153,Debit,2021-11-20,飲食代 架空店舗082 2名,10E200150,交際費,,,030,名古屋支店,7566,0,10A100020,現金,,,000,共通部門,2401545,2021-11
1770.0,1.0,153,Credit,2021-11-20,飲食代 架空店舗082 2名,10A100020,現金,,,000,共通部門,0,7566,10E200150,交際費,,,030,名古屋支店,87812318,2021-11
1771.0,1.0,169,Debit,2021-11-20,電気料,10E201040,水道光熱費,,,050,九州営業所,99698,0,10A100020,普通預金,50,MNO銀行 北九州,000,共通部門,4286258,2021-11
1771.0,1.0,169,Credit,2021-11-20,電気料,10A100020,普通預金,50,MNO銀行 北九州,000,共通部門,0,99698,10E201040,水道光熱費,,,050,九州営業所,87712620,2021-11
1771.0,2.0,169,Debit,2021-11-20,水道料,10E201040,水道光熱費,,,050,九州営業所,6309,0,10A100020,普通預金,50,MNO銀行 北九州,000,共通部門,4292567,2021-11
1771.0,2.0,169,Credit,2021-11-20,水道料,10A100020,普通預金,50,MNO銀行 北九州,000,共通部門,0,6309,10E201040,水道光熱費,,,050,九州営業所,87706311,2021-11
1747.0,1.0,24,Debit,2021-11-20,架空鉄道会社A回数券,10E201230,旅費及び交通費,,,010,札幌営業所,82620,0,10A100020,現金,,,000,共通部門,7861490,2021-11
1747.0,1.0,24,Credit,2021-11-20,架空鉄道会社A回数券,10A100020,現金,,,000,共通部門,0,82620,10E201230,旅費及び交通費,,,010,札幌営業所,87623691,2021-11
1748.0,1.0,31,Debit,2021-11-20,コピー代,10E201110,事務用消耗品費,,,010,札幌営業所,2869,0,10B100630,未払金,,,000,共通部門,926905,2021-11
1748.0,1.0,31,Credit,2021-11-20,コピー代,10B100630,未払金,,,000,共通部門,0,2869,10E201110,事務用消耗品費,,,010,札幌営業所,7964051,2021-11
1749.0,1.0,34,Debit,2021-11-20,電気代,10E201040,水道光熱費,,,010,札幌営業所,78740,0,10A100020,普通預金,10,DEF銀行 駅前,000,共通部門,4371307,2021-11
1749.0,1.0,34,Credit,2021-11-20,電気代,10A100020,普通預金,10,DEF銀行 駅前,000,共通部門,0,78740,10E201040,水道光熱費,,,010,札幌営業所,87544951,2021-11
1749.0,2.0,34,Debit,2021-11-20,水道代,10E201040,水道光熱費,,,010,札幌営業所,4882,0,10A100020,普通預金,10,DEF銀行 駅前,000,共通部門,4376189,2021-11
1749.0,2.0,34,Credit,2021-11-20,水道代,10A100020,普通預金,10,DEF銀行 駅前,000,共通部門,0,4882,10E201040,水道光熱費,,,010,札幌営業所,87540069,2021-11
1750.0,1.0,53,Debit,2021-11-20,高速代,10E201120,車両費,,,020,東京支店,381,0,10A100020,現金,,,000,共通部門,4422838,2021-11
1750.0,1.0,53,Credit,2021-11-20,高速代,10A100020,現金,,,000,共通部門,0,381,10E201120,車両費,,,020,東京支店,87539688,2021-11
1750.0,2.0,53,Debit,2021-11-20,高速代,10E201120,車両費,,,020,東京支店,1000,0,10A100020,現金,,,000,共通部門,4423838,2021-11
1750.0,2.0,53,Credit,2021-11-20,高速代,10A100020,現金,,,000,共通部門,0,1000,10E201120,車両費,,,020,東京支店,87538688,2021-11
1750.0,3.0,53,Debit,2021-11-20,高速代,10E201120,車両費,,,020,東京支店,1000,0,10A100020,現金,,,000,共通部門,4424838,2021-11
1750.0,3.0,53,Credit,2021-11-20,高速代,10A100020,現金,,,000,共通部門,0,1000,10E201120,車両費,,,020,東京支店,87537688,2021-11
1746.0,1.0,6,Debit,2021-11-20,広告料,10E200050,広告宣伝費,,,010,札幌営業所,5000,0,10A100020,現金,,,000,共通部門,1310200,2021-11
1746.0,1.0,6,Credit,2021-11-20,広告料,10A100020,現金,,,000,共通部門,0,5000,10E200050,広告宣伝費,,,010,札幌営業所,87532688,2021-11
1751.0,1.0,64,Debit,2021-11-20,電気料,10E201040,水道光熱費,,,020,東京支店,191023,0,10A100020,普通預金,20,ABC銀行 本店,000,共通部門,4567212,2021-11
1751.0,1.0,64,Credit,2021-11-20,電気料,10A100020,普通預金,20,ABC銀行 本店,000,共通部門,0,191023,10E201040,水道光熱費,,,020,東京支店,87341665,2021-11
1751.0,2.0,64,Debit,2021-11-20,水道料,10E201040,水道光熱費,,,020,東京支店,7682,0,10A100020,普通預金,20,ABC銀行 本店,000,共通部門,4574894,2021-11
1751.0,2.0,64,Credit,2021-11-20,水道料,10A100020,普通預金,20,ABC銀行 本店,000,共通部門,0,7682,10E201040,水道光熱費,,,020,東京支店,87333983,2021-11
1752.0,1.0,66,Debit,2021-11-20,有線,10E201270,雑費,,,030,名古屋支店,5000,0,10B100630,未払金,,,000,共通部門,3474247,2021-11
1752.0,1.0,66,Credit,2021-11-20,有線,10B100630,未払金,,,000,共通部門,0,5000,10E201270,雑費,,,030,名古屋支店,7969051,2021-11
1753.0,1.0,67,Debit,2021-11-20,カウンター料金,10E201110,事務用消耗品費,,,050,九州営業所,6300,0,10B100630,未払金,,,000,共通部門,933205,2021-11
1753.0,1.0,67,Credit,2021-11-20,カウンター料金,10B100630,未払金,,,000,共通部門,0,6300,10E201110,事務用消耗品費,,,050,九州営業所,7975351,2021-11
1754.0,1.0,71,Debit,2021-11-20,事務用品,10E201110,事務用消耗品費,,,020,東京支店,3670,0,10B100630,未払金,,,000,共通部門,936875,2021-11
1754.0,1.0,71,Credit,2021-11-20,事務用品,10B100630,未払金,,,000,共通部門,0,3670,10E201110,事務用消耗品費,,,020,東京支店,7979021,2021-11
1754.0,2.0,71,Debit,2021-11-20,カウンター料金,10E201110,事務用消耗品費,,,020,東京支店,31448,0,10B100630,未払金,,,000,共通部門,968323,2021-11
1754.0,2.0,71,Credit,2021-11-20,カウンター料金,10B100630,未払金,,,000,共通部門,0,31448,10E201110,事務用消耗品費,,,020,東京支店,8010469,2021-11
1755.0,1.0,73,Debit,2021-11-20,ファイル等,10E200200,消耗品費,,,000,共通部門,11544,0,10B100630,未払金,,,000,共通部門,1988436,2021-11
1755.0,1.0,73,Credit,2021-11-20,ファイル等,10B100630,未払金,,,000,共通部門,0,11544,10E200200,消耗品費,,,000,共通部門,8022013,2021-11
1755.0,2.0,73,Debit,2021-11-20,飲料水,10E200200,消耗品費,,,000,共通部門,209980,0,10B100630,未払金,,,000,共通部門,2198416,2021-11
1755.0,2.0,73,Credit,2021-11-20,飲料水,10B100630,未払金,,,000,共通部門,0,209980,10E200200,消耗品費,,,000,共通部門,8231993,2021-11
1755.0,3.0,73,Debit,2021-11-20,名刺代,10E200200,消耗品費,,,000,共通部門,12458,0,10B100630,未払金,,,000,共通部門,2210874,2021-11
1755.0,3.0,73,Credit,2021-11-20,名刺代,10B100630,未払金,,,000,共通部門,0,12458,10E200200,消耗品費,,,000,共通部門,8244451,2021-11
1756.0,1.0,89,Debit,2021-11-20,電気料,10E201040,水道光熱費,,,030,名古屋支店,92172,0,10A100020,普通預金,30,GHI銀行 名古屋,000,共通部門,4667066,2021-11
1756.0,1.0,89,Credit,2021-11-20,電気料,10A100020,普通預金,30,GHI銀行 名古屋,000,共通部門,0,92172,10E201040,水道光熱費,,,030,名古屋支店,87241811,2021-11
1756.0,2.0,89,Debit,2021-11-20,水道料,10E201040,水道光熱費,,,030,名古屋支店,4059,0,10A100020,普通預金,30,GHI銀行 名古屋,000,共通部門,4671125,2021-11
1756.0,2.0,89,Credit,2021-11-20,水道料,10A100020,普通預金,30,GHI銀行 名古屋,000,共通部門,0,4059,10E201040,水道光熱費,,,030,名古屋支店,87237752,2021-11
1756.0,3.0,89,Debit,2021-11-20,ガス代,10E201040,水道光熱費,,,030,名古屋支店,4364,0,10A100020,普通預金,30,GHI銀行 名古屋,000,共通部門,4675489,2021-11
1756.0,3.0,89,Credit,2021-11-20,ガス代,10A100020,普通預金,30,GHI銀行 名古屋,000,共通部門,0,4364,10E201040,水道光熱費,,,030,名古屋支店,87233388,2021-11
1757.0,1.0,97,Debit,2021-11-20,コピー代,10E201110,事務用消耗品費,,,030,名古屋支店,39001,0,10B100630,未払金,,,000,共通部門,1007324,2021-11
1757.0,1.0,97,Credit,2021-11-20,コピー代,10B100630,未払金,,,000,共通部門,0,39001,10E201110,事務用消耗品費,,,030,名古屋支店,8283452,2021-11
1758.0,1.0,98,Debit,2021-11-20,事務用品,10E201110,事務用消耗品費,,,030,名古屋支店,3546,0,10B100630,未払金,,,000,共通部門,1010870,2021-11
1758.0,1.0,98,Credit,2021-11-20,事務用品,10B100630,未払金,,,000,共通部門,0,3546,10E201110,事務用消耗品費,,,030,名古屋支店,8286998,2021-11
1774.0,1.0,160,Debit,2021-11-21,出張旅費,10E201230,旅費及び交通費,,,020,東京支店,95040,0,10A100020,現金,,,000,共通部門,7956530,2021-11
1774.0,1.0,160,Credit,2021-11-21,出張旅費,10A100020,現金,,,000,共通部門,0,95040,10E201230,旅費及び交通費,,,020,東京支店,87138348,2021-11
1775.0,1.0,163,Debit,2021-11-21,会費,10E201140,諸会費,,,050,九州営業所,18000,0,10A100020,現金,,,000,共通部門,874000,2021-11
1775.0,1.0,163,Credit,2021-11-21,会費,10A100020,現金,,,000,共通部門,0,18000,10E201140,諸会費,,,050,九州営業所,87120348,2021-11
1772.0,1.0,25,Debit,2021-11-21,旅費,10E201230,旅費及び交通費,,,010,札幌営業所,56000,0,10A100020,現金,,,000,共通部門,8012530,2021-11
1772.0,1.0,25,Credit,2021-11-21,旅費,10A100020,現金,,,000,共通部門,0,56000,10E201230,旅費及び交通費,,,010,札幌営業所,87064348,2021-11
1773.0,1.0,69,Debit,2021-11-21,ティッシュ代,10E201270,雑費,,,020,東京支店,1130,0,10A100020,現金,,,000,共通部門,3475377,2021-11
1773.0,1.0,69,Credit,2021-11-21,ティッシュ代,10A100020,現金,,,000,共通部門,0,1130,10E201270,雑費,,,020,東京支店,87063218,2021-11
1781.0,1.0,105,Debit,2021-11-22,コーヒー代他2名,10E200150,交際費,,,040,大阪支店,2343,0,10A100020,現金,,,000,共通部門,2403888,2021-11
1781.0,1.0,105,Credit,2021-11-22,コーヒー代他2名,10A100020,現金,,,000,共通部門,0,2343,10E200150,交際費,,,040,大阪支店,87060875,2021-11
1781.0,2.0,105,Debit,2021-11-22,食事代 架空店舗056 2名,10E200150,交際費,,,040,大阪支店,6074,0,10A100020,現金,,,000,共通部門,2409962,2021-11
1781.0,2.0,105,Credit,2021-11-22,食事代 架空店舗056 2名,10A100020,現金,,,000,共通部門,0,6074,10E200150,交際費,,,040,大阪支店,87054801,2021-11
1781.0,3.0,105,Debit,2021-11-22,飲食代 架空店舗010,10E200150,交際費,,,040,大阪支店,9296,0,10A100020,現金,,,000,共通部門,2419258,2021-11
1781.0,3.0,105,Credit,2021-11-22,飲食代 架空店舗010,10A100020,現金,,,000,共通部門,0,9296,10E200150,交際費,,,040,大阪支店,87045505,2021-11
1782.0,1.0,107,Debit,2021-11-22,結婚祝い金,10E200150,交際費,,,040,大阪支店,10000,0,10A100020,現金,,,000,共通部門,2429258,2021-11
1782.0,1.0,107,Credit,2021-11-22,結婚祝い金,10A100020,現金,,,000,共通部門,0,10000,10E200150,交際費,,,040,大阪支店,87035505,2021-11
1783.0,1.0,159,Debit,2021-11-22,タクシー代,10E201230,旅費及び交通費,,,050,九州営業所,13000,0,10A100020,現金,,,000,共通部門,8025530,2021-11
1783.0,1.0,159,Credit,2021-11-22,タクシー代,10A100020,現金,,,000,共通部門,0,13000,10E201230,旅費及び交通費,,,050,九州営業所,87022505,2021-11
1784.0,1.0,166,Debit,2021-11-22,架空清掃会社A代,10E201270,雑費,,,050,九州営業所,1890,0,10A100020,現金,,,000,共通部門,3477267,2021-11
1784.0,1.0,166,Credit,2021-11-22,架空清掃会社A代,10A100020,現金,,,000,共通部門,0,1890,10E201270,雑費,,,050,九州営業所,87020615,2021-11
1776.0,1.0,48,Debit,2021-11-22,ガソリン代,10E201120,車両費,,,020,東京支店,3462,0,10A100020,現金,,,000,共通部門,4428300,2021-11
1776.0,1.0,48,Credit,2021-11-22,ガソリン代,10A100020,現金,,,000,共通部門,0,3462,10E201120,車両費,,,020,東京支店,87017153,2021-11
1777.0,1.0,62,Debit,2021-11-22,お茶代,10E200140,福利厚生費,,,050,九州営業所,11050,0,10B100630,未払金,,,000,共通部門,3330389,2021-11
1777.0,1.0,62,Credit,2021-11-22,お茶代,10B100630,未払金,,,000,共通部門,0,11050,10E200140,福利厚生費,,,050,九州営業所,8298048,2021-11
1778.0,1.0,80,Debit,2021-11-22,旅費,10E201230,旅費及び交通費,,,030,名古屋支店,31000,0,10A100020,現金,,,000,共通部門,8056530,2021-11
1778.0,1.0,80,Credit,2021-11-22,旅費,10A100020,現金,,,000,共通部門,0,31000,10E201230,旅費及び交通費,,,030,名古屋支店,86986153,2021-11
1779.0,1.0,90,Debit,2021-11-22,架空清掃会社A代,10E201270,雑費,,,030,名古屋支店,10500,0,10A100020,現金,,,000,共通部門,3487767,2021-11
1779.0,1.0,90,Credit,2021-11-22,架空清掃会社A代,10A100020,現金,,,000,共通部門,0,10500,10E201270,雑費,,,030,名古屋支店,86975653,2021-11
1780.0,1.0,95,Debit,2021-11-22,清掃料,10E201270,雑費,,,030,名古屋支店,71675,0,10B100630,未払金,,,000,共通部門,3559442,2021-11
1780.0,1.0,95,Credit,2021-11-22,清掃料,10B100630,未払金,,,000,共通部門,0,71675,10E201270,雑費,,,030,名古屋支店,8369723,2021-11
1786.0,1.0,13,Debit,2021-11-23,ガソリン代,10E201120,車両費,,,010,札幌営業所,11000,0,10A100020,現金,,,000,共通部門,4439300,2021-11
1786.0,1.0,13,Credit,2021-11-23,ガソリン代,10A100020,現金,,,000,共通部門,0,11000,10E201120,車両費,,,010,札幌営業所,86964653,2021-11
1791.0,1.0,140,Debit,2021-11-23,旅費,10E201230,旅費及び交通費,,,040,大阪支店,4600,0,10A100020,現金,,,000,共通部門,8061130,2021-11
1791.0,1.0,140,Credit,2021-11-23,旅費,10A100020,現金,,,000,共通部門,0,4600,10E201230,旅費及び交通費,,,040,大阪支店,86960053,2021-11
1787.0,1.0,26,Debit,2021-11-23,旅費,10E201230,旅費及び交通費,,,010,札幌営業所,11000,0,10A100020,現金,,,000,共通部門,8072130,2021-11
1787.0,1.0,26,Credit,2021-11-23,旅費,10A100020,現金,,,000,共通部門,0,11000,10E201230,旅費及び交通費,,,010,札幌営業所,86949053,2021-11
1788.0,1.0,28,Debit,2021-11-23,タクシー代,10E201230,旅費及び交通費,,,010,札幌営業所,2420,0,10B100630,未払金,,,000,共通部門,8074550,2021-11
1788.0,1.0,28,Credit,2021-11-23,タクシー代,10B100630,未払金,,,000,共通部門,0,2420,10E201230,旅費及び交通費,,,010,札幌営業所,8372143,2021-11
1785.0,1.0,3,Debit,2021-11-23,宿泊代,10E200140,福利厚生費,,,010,札幌営業所,31021,0,10B100630,未払金,,,000,共通部門,3361410,2021-11
1785.0,1.0,3,Credit,2021-11-23,宿泊代,10B100630,未払金,,,000,共通部門,0,31021,10E200140,福利厚生費,,,010,札幌営業所,8403164,2021-11
1789.0,1.0,82,Debit,2021-11-23,11月給与その他 0001 役員,10E200090,役員報酬,,,020,東京支店,1122255,0,10A100020,普通預金,20,ABC銀行 本店,000,共通部門,13162255,2021-11
1789.0,1.0,82,Credit,2021-11-23,11月給与その他 0001 役員,10A100020,普通預金,20,ABC銀行 本店,000,共通部門,0,1122255,10E200090,役員報酬,,,020,東京支店,85826798,2021-11
1789.0,2.0,82,Debit,2021-11-23,11月給与その他 0001 役員,10E200090,役員報酬,,,020,東京支店,120411,0,10B100690,預り金,1,保険料,000,共通部門,13282666,2021-11
1789.0,2.0,82,Credit,2021-11-23,11月給与その他 0001 役員,10B100690,預り金,1,保険料,000,共通部門,0,120411,10E200090,役員報酬,,,020,東京支店,5309951,2021-11
1789.0,3.0,82,Debit,2021-11-23,11月給与その他 0001 役員,10E200090,役員報酬,,,020,東京支店,171200,0,10B100690,預り金,2,住民税,000,共通部門,13453866,2021-11
1789.0,3.0,82,Credit,2021-11-23,11月給与その他 0001 役員,10B100690,預り金,2,住民税,000,共通部門,0,171200,10E200090,役員報酬,,,020,東京支店,5481151,2021-11
1789.0,4.0,82,Debit,2021-11-23,11月給与その他 0001 役員,10E200090,役員報酬,,,020,東京支店,164442,0,10B100690,預り金,3,源泉税,000,共通部門,13618308,2021-11
1789.0,4.0,82,Credit,2021-11-23,11月給与その他 0001 役員,10B100690,預り金,3,源泉税,000,共通部門,0,164442,10E200090,役員報酬,,,020,東京支店,5645593,2021-11
1789.0,5.0,82,Debit,2021-11-23,11月給与その他 0001 役員,10E200090,役員報酬,,,020,東京支店,133972,0,10B100690,預り金,4,貯蓄・保険,000,共通部門,13752280,2021-11
1789.0,5.0,82,Credit,2021-11-23,11月給与その他 0001 役員,10B100690,預り金,4,貯蓄・保険,000,共通部門,0,133972,10E200090,役員報酬,,,020,東京支店,5779565,2021-11
1789.0,6.0,82,Debit,2021-11-23,11月給与その他 0001 役員,10E200090,役員報酬,,,020,東京支店,7720,0,10B100690,預り金,9,その他,000,共通部門,13760000,2021-11
1789.0,6.0,82,Credit,2021-11-23,11月給与その他 0001 役員,10B100690,預り金,9,その他,000,共通部門,0,7720,10E200090,役員報酬,,,020,東京支店,5787285,2021-11
1789.0,7.0,82,Debit,2021-11-23,11月給与その他 0020 営業部,10E200370,給料及び手当,,,020,東京支店,1477097,0,10A100020,普通預金,20,ABC銀行 本店,000,共通部門,38531101,2021-11
1789.0,7.0,82,Credit,2021-11-23,11月給与その他 0020 営業部,10A100020,普通預金,20,ABC銀行 本店,000,共通部門,0,1477097,10E200370,給料及び手当,,,020,東京支店,84349701,2021-11
1789.0,8.0,82,Debit,2021-11-23,11月給与その他 0020 営業部,10E200370,給料及び手当,,,020,東京支店,236045,0,10B100690,預り金,1,保険料,000,共通部門,38767146,2021-11
1789.0,8.0,82,Credit,2021-11-23,11月給与その他 0020 営業部,10B100690,預り金,1,保険料,000,共通部門,0,236045,10E200370,給料及び手当,,,020,東京支店,6023330,2021-11
1789.0,9.0,82,Debit,2021-11-23,11月給与その他 0020 営業部,10E200370,給料及び手当,,,020,東京支店,104300,0,10B100690,預り金,2,住民税,000,共通部門,38871446,2021-11
1789.0,9.0,82,Credit,2021-11-23,11月給与その他 0020 営業部,10B100690,預り金,2,住民税,000,共通部門,0,104300,10E200370,給料及び手当,,,020,東京支店,6127630,2021-11
1789.0,10.0,82,Debit,2021-11-23,11月給与その他 0020 営業部,10E200370,給料及び手当,,,020,東京支店,35440,0,10B100690,預り金,3,源泉税,000,共通部門,38906886,2021-11
1789.0,10.0,82,Credit,2021-11-23,11月給与その他 0020 営業部,10B100690,預り金,3,源泉税,000,共通部門,0,35440,10E200370,給料及び手当,,,020,東京支店,6163070,2021-11
1789.0,11.0,82,Debit,2021-11-23,11月給与その他 0020 営業部,10E200370,給料及び手当,,,020,東京支店,43305,0,10B100690,預り金,4,貯蓄・保険,000,共通部門,38950191,2021-11
1789.0,11.0,82,Credit,2021-11-23,11月給与その他 0020 営業部,10B100690,預り金,4,貯蓄・保険,000,共通部門,0,43305,10E200370,給料及び手当,,,020,東京支店,6206375,2021-11
1789.0,12.0,82,Debit,2021-11-23,11月給与その他 0020 営業部,10E200370,給料及び手当,,,020,東京支店,50277,0,10B100690,預り金,9,その他,000,共通部門,39000468,2021-11
1789.0,12.0,82,Credit,2021-11-23,11月給与その他 0020 営業部,10B100690,預り金,9,その他,000,共通部門,0,50277,10E200370,給料及び手当,,,020,東京支店,6256652,2021-11
1789.0,13.0,82,Debit,2021-11-23,11月給与その他 1000 札幌営業所,10E200370,給料及び手当,,,010,札幌営業所,593191,0,10A100020,普通預金,20,ABC銀行 本店,000,共通部門,39593659,2021-11
1789.0,13.0,82,Credit,2021-11-23,11月給与その他 1000 札幌営業所,10A100020,普通預金,20,ABC銀行 本店,000,共通部門,0,593191,10E200370,給料及び手当,,,010,札幌営業所,83756510,2021-11
1789.0,14.0,82,Debit,2021-11-23,11月給与その他 1000 札幌営業所,10E200370,給料及び手当,,,010,札幌営業所,103424,0,10B100690,預り金,1,保険料,000,共通部門,39697083,2021-11
1789.0,14.0,82,Credit,2021-11-23,11月給与その他 1000 札幌営業所,10B100690,預り金,1,保険料,000,共通部門,0,103424,10E200370,給料及び手当,,,010,札幌営業所,6360076,2021-11
1789.0,15.0,82,Debit,2021-11-23,11月給与その他 1000 札幌営業所,10E200370,給料及び手当,,,010,札幌営業所,46300,0,10B100690,預り金,2,住民税,000,共通部門,39743383,2021-11
1789.0,15.0,82,Credit,2021-11-23,11月給与その他 1000 札幌営業所,10B100690,預り金,2,住民税,000,共通部門,0,46300,10E200370,給料及び手当,,,010,札幌営業所,6406376,2021-11
1789.0,16.0,82,Debit,2021-11-23,11月給与その他 1000 札幌営業所,10E200370,給料及び手当,,,010,札幌営業所,13470,0,10B100690,預り金,3,源泉税,000,共通部門,39756853,2021-11
1789.0,16.0,82,Credit,2021-11-23,11月給与その他 1000 札幌営業所,10B100690,預り金,3,源泉税,000,共通部門,0,13470,10E200370,給料及び手当,,,010,札幌営業所,6419846,2021-11
1789.0,17.0,82,Debit,2021-11-23,11月給与その他 1000 札幌営業所,10E200370,給料及び手当,,,010,札幌営業所,50648,0,10B100690,預り金,4,貯蓄・保険,000,共通部門,39807501,2021-11
1789.0,17.0,82,Credit,2021-11-23,11月給与その他 1000 札幌営業所,10B100690,預り金,4,貯蓄・保険,000,共通部門,0,50648,10E200370,給料及び手当,,,010,札幌営業所,6470494,2021-11
1789.0,18.0,82,Debit,2021-11-23,11月給与その他 1000 札幌営業所,10E200370,給料及び手当,,,010,札幌営業所,48533,0,10B100690,預り金,9,その他,000,共通部門,39856034,2021-11
1789.0,18.0,82,Credit,2021-11-23,11月給与その他 1000 札幌営業所,10B100690,預り金,9,その他,000,共通部門,0,48533,10E200370,給料及び手当,,,010,札幌営業所,6519027,2021-11
1789.0,19.0,82,Debit,2021-11-23,11月給与その他 3000 名古屋営業所,10E200370,給料及び手当,,,030,名古屋支店,565977,0,10A100020,普通預金,20,ABC銀行 本店,000,共通部門,40422011,2021-11
1789.0,19.0,82,Credit,2021-11-23,11月給与その他 3000 名古屋営業所,10A100020,普通預金,20,ABC銀行 本店,000,共通部門,0,565977,10E200370,給料及び手当,,,030,名古屋支店,83190533,2021-11
1789.0,20.0,82,Debit,2021-11-23,11月給与その他 3000 名古屋営業所,10E200370,給料及び手当,,,030,名古屋支店,96352,0,10B100690,預り金,1,保険料,000,共通部門,40518363,2021-11
1789.0,20.0,82,Credit,2021-11-23,11月給与その他 3000 名古屋営業所,10B100690,預り金,1,保険料,000,共通部門,0,96352,10E200370,給料及び手当,,,030,名古屋支店,6615379,2021-11
1789.0,21.0,82,Debit,2021-11-23,11月給与その他 3000 名古屋営業所,10E200370,給料及び手当,,,030,名古屋支店,42600,0,10B100690,預り金,2,住民税,000,共通部門,40560963,2021-11
1789.0,21.0,82,Credit,2021-11-23,11月給与その他 3000 名古屋営業所,10B100690,預り金,2,住民税,000,共通部門,0,42600,10E200370,給料及び手当,,,030,名古屋支店,6657979,2021-11
1789.0,22.0,82,Debit,2021-11-23,11月給与その他 3000 名古屋営業所,10E200370,給料及び手当,,,030,名古屋支店,8670,0,10B100690,預り金,3,源泉税,000,共通部門,40569633,2021-11
1789.0,22.0,82,Credit,2021-11-23,11月給与その他 3000 名古屋営業所,10B100690,預り金,3,源泉税,000,共通部門,0,8670,10E200370,給料及び手当,,,030,名古屋支店,6666649,2021-11
1789.0,23.0,82,Debit,2021-11-23,11月給与その他 3000 名古屋営業所,10E200370,給料及び手当,,,030,名古屋支店,40759,0,10B100690,預り金,4,貯蓄・保険,000,共通部門,40610392,2021-11
1789.0,23.0,82,Credit,2021-11-23,11月給与その他 3000 名古屋営業所,10B100690,預り金,4,貯蓄・保険,000,共通部門,0,40759,10E200370,給料及び手当,,,030,名古屋支店,6707408,2021-11
1789.0,24.0,82,Debit,2021-11-23,11月給与その他 3000 名古屋営業所,10E200370,給料及び手当,,,030,名古屋支店,44290,0,10B100690,預り金,9,その他,000,共通部門,40654682,2021-11
1789.0,24.0,82,Credit,2021-11-23,11月給与その他 3000 名古屋営業所,10B100690,預り金,9,その他,000,共通部門,0,44290,10E200370,給料及び手当,,,030,名古屋支店,6751698,2021-11
1789.0,25.0,82,Debit,2021-11-23,11月給与その他 4000 大阪支店,10E200370,給料及び手当,,,040,大阪支店,777105,0,10A100020,普通預金,20,ABC銀行 本店,000,共通部門,41431787,2021-11
1789.0,25.0,82,Credit,2021-11-23,11月給与その他 4000 大阪支店,10A100020,普通預金,20,ABC銀行 本店,000,共通部門,0,777105,10E200370,給料及び手当,,,040,大阪支店,82413428,2021-11
1789.0,26.0,82,Debit,2021-11-23,11月給与その他 4000 大阪支店,10E200370,給料及び手当,,,040,大阪支店,128755,0,10B100690,預り金,1,保険料,000,共通部門,41560542,2021-11
1789.0,26.0,82,Credit,2021-11-23,11月給与その他 4000 大阪支店,10B100690,預り金,1,保険料,000,共通部門,0,128755,10E200370,給料及び手当,,,040,大阪支店,6880453,2021-11
1789.0,27.0,82,Debit,2021-11-23,11月給与その他 4000 大阪支店,10E200370,給料及び手当,,,040,大阪支店,53400,0,10B100690,預り金,2,住民税,000,共通部門,41613942,2021-11
1789.0,27.0,82,Credit,2021-11-23,11月給与その他 4000 大阪支店,10B100690,預り金,2,住民税,000,共通部門,0,53400,10E200370,給料及び手当,,,040,大阪支店,6933853,2021-11
1789.0,28.0,82,Debit,2021-11-23,11月給与その他 4000 大阪支店,10E200370,給料及び手当,,,040,大阪支店,16540,0,10B100690,預り金,3,源泉税,000,共通部門,41630482,2021-11
1789.0,28.0,82,Credit,2021-11-23,11月給与その他 4000 大阪支店,10B100690,預り金,3,源泉税,000,共通部門,0,16540,10E200370,給料及び手当,,,040,大阪支店,6950393,2021-11
1789.0,29.0,82,Debit,2021-11-23,11月給与その他 4000 大阪支店,10E200370,給料及び手当,,,040,大阪支店,13570,0,10B100690,預り金,4,貯蓄・保険,000,共通部門,41644052,2021-11
1789.0,29.0,82,Credit,2021-11-23,11月給与その他 4000 大阪支店,10B100690,預り金,4,貯蓄・保険,000,共通部門,0,13570,10E200370,給料及び手当,,,040,大阪支店,6963963,2021-11
1789.0,30.0,82,Debit,2021-11-23,11月給与その他 4000 大阪支店,10E200370,給料及び手当,,,040,大阪支店,14824,0,10B100690,預り金,9,その他,000,共通部門,41658876,2021-11
1789.0,30.0,82,Credit,2021-11-23,11月給与その他 4000 大阪支店,10B100690,預り金,9,その他,000,共通部門,0,14824,10E200370,給料及び手当,,,040,大阪支店,6978787,2021-11
1789.0,31.0,82,Debit,2021-11-23,11月給与その他 5000 九州営業所,10E200370,給料及び手当,,,050,九州営業所,453252,0,10A100020,普通預金,20,ABC銀行 本店,000,共通部門,42112128,2021-11
1789.0,31.0,82,Credit,2021-11-23,11月給与その他 5000 九州営業所,10A100020,普通預金,20,ABC銀行 本店,000,共通部門,0,453252,10E200370,給料及び手当,,,050,九州営業所,81960176,2021-11
1789.0,32.0,82,Debit,2021-11-23,11月給与その他 5000 九州営業所,10E200370,給料及び手当,,,050,九州営業所,67268,0,10B100690,預り金,1,保険料,000,共通部門,42179396,2021-11
1789.0,32.0,82,Credit,2021-11-23,11月給与その他 5000 九州営業所,10B100690,預り金,1,保険料,000,共通部門,0,67268,10E200370,給料及び手当,,,050,九州営業所,7046055,2021-11
1789.0,33.0,82,Debit,2021-11-23,11月給与その他 5000 九州営業所,10E200370,給料及び手当,,,050,九州営業所,31700,0,10B100690,預り金,2,住民税,000,共通部門,42211096,2021-11
1789.0,33.0,82,Credit,2021-11-23,11月給与その他 5000 九州営業所,10B100690,預り金,2,住民税,000,共通部門,0,31700,10E200370,給料及び手当,,,050,九州営業所,7077755,2021-11
1789.0,34.0,82,Debit,2021-11-23,11月給与その他 5000 九州営業所,10E200370,給料及び手当,,,050,九州営業所,8170,0,10B100690,預り金,3,源泉税,000,共通部門,42219266,2021-11
1789.0,34.0,82,Credit,2021-11-23,11月給与その他 5000 九州営業所,10B100690,預り金,3,源泉税,000,共通部門,0,8170,10E200370,給料及び手当,,,050,九州営業所,7085925,2021-11
1789.0,35.0,82,Debit,2021-11-23,11月給与その他 5000 九州営業所,10E200370,給料及び手当,,,050,九州営業所,18540,0,10B100690,預り金,4,貯蓄・保険,000,共通部門,42237806,2021-11
1789.0,35.0,82,Credit,2021-11-23,11月給与その他 5000 九州営業所,10B100690,預り金,4,貯蓄・保険,000,共通部門,0,18540,10E200370,給料及び手当,,,050,九州営業所,7104465,2021-11
1789.0,36.0,82,Debit,2021-11-23,11月給与その他 5000 九州営業所,10E200370,給料及び手当,,,050,九州営業所,11542,0,10B100690,預り金,9,その他,000,共通部門,42249348,2021-11
1789.0,36.0,82,Credit,2021-11-23,11月給与その他 5000 九州営業所,10B100690,預り金,9,その他,000,共通部門,0,11542,10E200370,給料及び手当,,,050,九州営業所,7116007,2021-11
1790.0,1.0,94,Debit,2021-11-23,洗剤代,10E201270,雑費,,,030,名古屋支店,1603,0,10A100020,現金,,,000,共通部門,3561045,2021-11
1790.0,1.0,94,Credit,2021-11-23,洗剤代,10A100020,現金,,,000,共通部門,0,1603,10E201270,雑費,,,030,名古屋支店,81958573,2021-11
1795.0,1.0,120,Debit,2021-11-24,業務委託費,10E200020,販売手数料,,,040,大阪支店,483000,0,10B100630,未払金,,,000,共通部門,15486067,2021-11
1795.0,1.0,120,Credit,2021-11-24,業務委託費,10B100630,未払金,,,000,共通部門,0,483000,10E200020,販売手数料,,,040,大阪支店,8886164,2021-11
1796.0,1.0,150,Debit,2021-11-24,ゴルフプレー代,10E200150,交際費,,,050,九州営業所,13667,0,10A100020,現金,,,000,共通部門,2442925,2021-11
1796.0,1.0,150,Credit,2021-11-24,ゴルフプレー代,10A100020,現金,,,000,共通部門,0,13667,10E200150,交際費,,,050,九州営業所,81944906,2021-11
1796.0,2.0,150,Debit,2021-11-24,景品代 株式会社桜丘百貨店,10E200150,交際費,,,050,九州営業所,5000,0,10A100020,現金,,,000,共通部門,2447925,2021-11
1796.0,2.0,150,Credit,2021-11-24,景品代 株式会社桜丘百貨店,10A100020,現金,,,000,共通部門,0,5000,10E200150,交際費,,,050,九州営業所,81939906,2021-11
1792.0,1.0,37,Debit,2021-11-24,業務委託費,10E200020,販売手数料,,,020,東京支店,875200,0,10B100630,未払金,,,000,共通部門,16361267,2021-11
1792.0,1.0,37,Credit,2021-11-24,業務委託費,10B100630,未払金,,,000,共通部門,0,875200,10E200020,販売手数料,,,020,東京支店,9761364,2021-11
1793.0,1.0,77,Debit,2021-11-24,ガソリン代,10E201120,車両費,,,050,九州営業所,3053,0,10A100020,現金,,,000,共通部門,4442353,2021-11
1793.0,1.0,77,Credit,2021-11-24,ガソリン代,10A100020,現金,,,000,共通部門,0,3053,10E201120,車両費,,,050,九州営業所,81936853,2021-11
1793.0,2.0,77,Debit,2021-11-24,駐車代,10E201120,車両費,,,050,九州営業所,572,0,10A100020,現金,,,000,共通部門,4442925,2021-11
1793.0,2.0,77,Credit,2021-11-24,駐車代,10A100020,現金,,,000,共通部門,0,572,10E201120,車両費,,,050,九州営業所,81936281,2021-11
1794.0,1.0,83,Debit,2021-11-24,車両管理費,10E201120,車両費,,,030,名古屋支店,31500,0,10A100020,現金,,,000,共通部門,4474425,2021-11
1794.0,1.0,83,Credit,2021-11-24,車両管理費,10A100020,現金,,,000,共通部門,0,31500,10E201120,車両費,,,030,名古屋支店,81904781,2021-11
1802.0,1.0,107,Debit,2021-11-25,11月25日伝票No370株式会社桜丘百貨店 | 売上伝票=20211031-110;手形番号=R20211125-107-2,10A100060,受取手形,,,000,共通部門,14382264,0,10A100090,売掛金,2,株式会社桜丘百貨店,000,共通部門,77201134,2021-11
1802.0,1.0,107,Credit,2021-11-25,11月25日伝票No370株式会社桜丘百貨店 | 売上伝票=20211031-110;手形番号=R20211125-107-2,10A100090,売掛金,2,株式会社桜丘百貨店,000,共通部門,0,14382264,10A100060,受取手形,,,000,共通部門,20693837,2021-11
1803.0,1.0,108,Debit,2021-11-25,11月25日伝票No371株式会社光彩堂商事,10A100020,普通預金,30,GHI銀行 名古屋,000,共通部門,1133369,0,10A100090,売掛金,7,株式会社光彩堂商事,000,共通部門,83038150,2021-11
1803.0,1.0,108,Credit,2021-11-25,11月25日伝票No371株式会社光彩堂商事,10A100090,売掛金,7,株式会社光彩堂商事,000,共通部門,0,1133369,10A100020,普通預金,30,GHI銀行 名古屋,000,共通部門,19560468,2021-11
1803.0,2.0,108,Debit,2021-11-25,11月25日伝票No371株式会社光彩堂商事,10E200690,支払手数料,,,030,名古屋支店,735,0,10A100090,売掛金,7,株式会社光彩堂商事,000,共通部門,91919,2021-11
1803.0,2.0,108,Credit,2021-11-25,11月25日伝票No371株式会社光彩堂商事,10A100090,売掛金,7,株式会社光彩堂商事,000,共通部門,0,735,10E200690,支払手数料,,,030,名古屋支店,19559733,2021-11
1804.0,1.0,109,Debit,2021-11-25,高速代,10E201120,車両費,,,040,大阪支店,9853,0,10B100630,未払金,,,000,共通部門,4484278,2021-11
1804.0,1.0,109,Credit,2021-11-25,高速代,10B100630,未払金,,,000,共通部門,0,9853,10E201120,車両費,,,040,大阪支店,9771217,2021-11
1804.0,2.0,109,Debit,2021-11-25,ガソリン代,10E201120,車両費,,,040,大阪支店,53430,0,10B100630,未払金,,,000,共通部門,4537708,2021-11
1804.0,2.0,109,Credit,2021-11-25,ガソリン代,10B100630,未払金,,,000,共通部門,0,53430,10E201120,車両費,,,040,大阪支店,9824647,2021-11
1804.0,3.0,109,Debit,2021-11-25,11月25日伝票No372株式会社杉の木商店,10A100020,普通預金,40,JKL銀行 梅田,000,共通部門,481874,0,10A100090,売掛金,23,株式会社杉の木商店,000,共通部門,83520024,2021-11
1804.0,3.0,109,Credit,2021-11-25,11月25日伝票No372株式会社杉の木商店,10A100090,売掛金,23,株式会社杉の木商店,000,共通部門,0,481874,10A100020,普通預金,40,JKL銀行 梅田,000,共通部門,19077859,2021-11
1804.0,4.0,109,Debit,2021-11-25,11月25日伝票No372株式会社杉の木商店,10E200690,支払手数料,,,040,大阪支店,630,0,10A100090,売掛金,23,株式会社杉の木商店,000,共通部門,92549,2021-11
1804.0,4.0,109,Credit,2021-11-25,11月25日伝票No372株式会社杉の木商店,10A100090,売掛金,23,株式会社杉の木商店,000,共通部門,0,630,10E200690,支払手数料,,,040,大阪支店,19077229,2021-11
1805.0,1.0,110,Debit,2021-11-25,11月25日伝票No373株式会社ほのかマート,10A100020,普通預金,10,DEF銀行 駅前,000,共通部門,4488898,0,10A100090,売掛金,25,株式会社ほのかマート,000,共通部門,88008922,2021-11
1805.0,1.0,110,Credit,2021-11-25,11月25日伝票No373株式会社ほのかマート,10A100090,売掛金,25,株式会社ほのかマート,000,共通部門,0,4488898,10A100020,普通預金,10,DEF銀行 駅前,000,共通部門,14588331,2021-11
1805.0,2.0,110,Debit,2021-11-25,11月25日伝票No373株式会社ほのかマート,10E200690,支払手数料,,,010,札幌営業所,840,0,10A100090,売掛金,25,株式会社ほのかマート,000,共通部門,93389,2021-11
1805.0,2.0,110,Credit,2021-11-25,11月25日伝票No373株式会社ほのかマート,10A100090,売掛金,25,株式会社ほのかマート,000,共通部門,0,840,10E200690,支払手数料,,,010,札幌営業所,14587491,2021-11
1806.0,1.0,111,Debit,2021-11-25,タクシー代,10E201230,旅費及び交通費,,,040,大阪支店,14800,0,10B100630,未払金,,,000,共通部門,8089350,2021-11
1806.0,1.0,111,Credit,2021-11-25,タクシー代,10B100630,未払金,,,000,共通部門,0,14800,10E201230,旅費及び交通費,,,040,大阪支店,9839447,2021-11
1807.0,1.0,145,Debit,2021-11-25,貸付金,10A100610,短期貸付金,,,000,共通部門,600000,0,10A100020,普通預金,20,ABC銀行 本店,000,共通部門,800000,2021-11
1807.0,1.0,145,Credit,2021-11-25,貸付金,10A100020,普通預金,20,ABC銀行 本店,000,共通部門,0,600000,10A100610,短期貸付金,,,000,共通部門,87408922,2021-11
1808.0,1.0,146,Debit,2021-11-25,業務委託費,10E200020,販売手数料,,,050,九州営業所,168000,0,10B100630,未払金,,,000,共通部門,16529267,2021-11
1808.0,1.0,146,Credit,2021-11-25,業務委託費,10B100630,未払金,,,000,共通部門,0,168000,10E200020,販売手数料,,,050,九州営業所,10007447,2021-11
1809.0,1.0,170,Debit,2021-11-25,新聞代,10E201160,図書費,,,050,九州営業所,3007,0,10A100020,現金,,,000,共通部門,177881,2021-11
1809.0,1.0,170,Credit,2021-11-25,新聞代,10A100020,現金,,,000,共通部門,0,3007,10E201160,図書費,,,050,九州営業所,87405915,2021-11
1810.0,1.0,172,Debit,2021-11-25,業務委託費支払い,10E200020,販売手数料,,,010,札幌営業所,126000,0,10B100630,未払金,,,000,共通部門,16655267,2021-11
1810.0,1.0,172,Credit,2021-11-25,業務委託費支払い,10B100630,未払金,,,000,共通部門,0,126000,10E200020,販売手数料,,,010,札幌営業所,10133447,2021-11
1798.0,1.0,29,Debit,2021-11-25,携帯電話代,10E200180,通信費,,,010,札幌営業所,58516,0,10A100020,普通預金,10,DEF銀行 駅前,000,共通部門,8493089,2021-11
1798.0,1.0,29,Credit,2021-11-25,携帯電話代,10A100020,普通預金,10,DEF銀行 駅前,000,共通部門,0,58516,10E200180,通信費,,,010,札幌営業所,87347399,2021-11
1799.0,1.0,62,Debit,2021-11-25,携帯代,10E200180,通信費,,,020,東京支店,69854,0,10A100020,普通預金,20,ABC銀行 本店,000,共通部門,8562943,2021-11
1799.0,1.0,62,Credit,2021-11-25,携帯代,10A100020,普通預金,20,ABC銀行 本店,000,共通部門,0,69854,10E200180,通信費,,,020,東京支店,87277545,2021-11
1800.0,1.0,78,Debit,2021-11-25,業務委託費支払い,10E200020,販売手数料,,,030,名古屋支店,189000,0,10B100630,未払金,,,000,共通部門,16844267,2021-11
1800.0,1.0,78,Credit,2021-11-25,業務委託費支払い,10B100630,未払金,,,000,共通部門,0,189000,10E200020,販売手数料,,,030,名古屋支店,10322447,2021-11
1801.0,1.0,88,Debit,2021-11-25,新聞代,10E201160,図書費,,,030,名古屋支店,3568,0,10A100020,現金,,,000,共通部門,181449,2021-11
1801.0,1.0,88,Credit,2021-11-25,新聞代,10A100020,現金,,,000,共通部門,0,3568,10E201160,図書費,,,030,名古屋支店,87273977,2021-11
1797.0,1.0,9,Debit,2021-11-25,飲食代 架空店舗001 2名,10E200150,交際費,,,010,札幌営業所,6229,0,10A100020,現金,,,000,共通部門,2454154,2021-11
1797.0,1.0,9,Credit,2021-11-25,飲食代 架空店舗001 2名,10A100020,現金,,,000,共通部門,0,6229,10E200150,交際費,,,010,札幌営業所,87267748,2021-11
1797.0,2.0,9,Debit,2021-11-25,飲食代　カフェバー,10E200150,交際費,,,010,札幌営業所,8334,0,10A100020,現金,,,000,共通部門,2462488,2021-11
1797.0,2.0,9,Credit,2021-11-25,飲食代　カフェバー,10A100020,現金,,,000,共通部門,0,8334,10E200150,交際費,,,010,札幌営業所,87259414,2021-11
1813.0,1.0,113,Debit,2021-11-26,携帯代,10E200180,通信費,,,040,大阪支店,93665,0,10A100020,普通預金,40,JKL銀行 梅田,000,共通部門,8656608,2021-11
1813.0,1.0,113,Credit,2021-11-26,携帯代,10A100020,普通預金,40,JKL銀行 梅田,000,共通部門,0,93665,10E200180,通信費,,,040,大阪支店,87165749,2021-11
1814.0,1.0,121,Debit,2021-11-26,お茶代,10E200140,福利厚生費,,,040,大阪支店,8500,0,10A100020,現金,,,000,共通部門,3369910,2021-11
1814.0,1.0,121,Credit,2021-11-26,お茶代,10A100020,現金,,,000,共通部門,0,8500,10E200140,福利厚生費,,,040,大阪支店,87157249,2021-11
1811.0,1.0,54,Debit,2021-11-26,高速代,10E201120,車両費,,,020,東京支店,2500,0,10A100020,現金,,,000,共通部門,4540208,2021-11
1811.0,1.0,54,Credit,2021-11-26,高速代,10A100020,現金,,,000,共通部門,0,2500,10E201120,車両費,,,020,東京支店,87154749,2021-11
1812.0,1.0,72,Debit,2021-11-26,新聞代,10E201160,図書費,,,020,東京支店,2864,0,10A100020,現金,,,000,共通部門,184313,2021-11
1812.0,1.0,72,Credit,2021-11-26,新聞代,10A100020,現金,,,000,共通部門,0,2864,10E201160,図書費,,,020,東京支店,87151885,2021-11
1812.0,2.0,72,Debit,2021-11-26,新聞代,10E201160,図書費,,,020,東京支店,2815,0,10A100020,現金,,,000,共通部門,187128,2021-11
1812.0,2.0,72,Credit,2021-11-26,新聞代,10A100020,現金,,,000,共通部門,0,2815,10E201160,図書費,,,020,東京支店,87149070,2021-11
1812.0,3.0,72,Debit,2021-11-26,新聞代,10E201160,図書費,,,020,東京支店,3399,0,10A100020,現金,,,000,共通部門,190527,2021-11
1812.0,3.0,72,Credit,2021-11-26,新聞代,10A100020,現金,,,000,共通部門,0,3399,10E201160,図書費,,,020,東京支店,87145671,2021-11
1820.0,1.0,114,Debit,2021-11-27,新聞代,10E201160,図書費,,,040,大阪支店,2540,0,10A100020,現金,,,000,共通部門,193067,2021-11
1820.0,1.0,114,Credit,2021-11-27,新聞代,10A100020,現金,,,000,共通部門,0,2540,10E201160,図書費,,,040,大阪支店,87143131,2021-11
1820.0,2.0,114,Debit,2021-11-27,新聞代,10E201160,図書費,,,040,大阪支店,2864,0,10A100020,現金,,,000,共通部門,195931,2021-11
1820.0,2.0,114,Credit,2021-11-27,新聞代,10A100020,現金,,,000,共通部門,0,2864,10E201160,図書費,,,040,大阪支店,87140267,2021-11
1821.0,1.0,131,Debit,2021-11-27,会費,10E201140,諸会費,,,040,大阪支店,24000,0,10A100020,普通預金,40,JKL銀行 梅田,000,共通部門,898000,2021-11
1821.0,1.0,131,Credit,2021-11-27,会費,10A100020,普通預金,40,JKL銀行 梅田,000,共通部門,0,24000,10E201140,諸会費,,,040,大阪支店,87116267,2021-11
1815.0,1.0,14,Debit,2021-11-27,ガソリン代,10E201120,車両費,,,010,札幌営業所,3000,0,10A100020,現金,,,000,共通部門,4543208,2021-11
1815.0,1.0,14,Credit,2021-11-27,ガソリン代,10A100020,現金,,,000,共通部門,0,3000,10E201120,車両費,,,010,札幌営業所,87113267,2021-11
1816.0,1.0,15,Debit,2021-11-27,車両管理費,10E201120,車両費,,,010,札幌営業所,90000,0,10A100020,現金,,,000,共通部門,4633208,2021-11
1816.0,1.0,15,Credit,2021-11-27,車両管理費,10A100020,現金,,,000,共通部門,0,90000,10E201120,車両費,,,010,札幌営業所,87023267,2021-11
1822.0,1.0,171,Debit,2021-11-27,携帯代,10E200180,通信費,,,050,九州営業所,87104,0,10A100020,普通預金,50,MNO銀行 北九州,000,共通部門,8743712,2021-11
1822.0,1.0,171,Credit,2021-11-27,携帯代,10A100020,普通預金,50,MNO銀行 北九州,000,共通部門,0,87104,10E200180,通信費,,,050,九州営業所,86936163,2021-11
1817.0,1.0,30,Debit,2021-11-27,保険料支払,10E200240,保険料,,,010,札幌営業所,54320,0,10A100020,普通預金,10,DEF銀行 駅前,000,共通部門,2286060,2021-11
1817.0,1.0,30,Credit,2021-11-27,保険料支払,10A100020,普通預金,10,DEF銀行 駅前,000,共通部門,0,54320,10E200240,保険料,,,010,札幌営業所,86881843,2021-11
1818.0,1.0,39,Debit,2021-11-27,会費,10E200140,福利厚生費,,,020,東京支店,9000,0,10A100020,現金,,,000,共通部門,3378910,2021-11
1818.0,1.0,39,Credit,2021-11-27,会費,10A100020,現金,,,000,共通部門,0,9000,10E200140,福利厚生費,,,020,東京支店,86872843,2021-11
1819.0,1.0,87,Debit,2021-11-27,携帯代,10E200180,通信費,,,030,名古屋支店,34690,0,10A100020,普通預金,30,GHI銀行 名古屋,000,共通部門,8778402,2021-11
1819.0,1.0,87,Credit,2021-11-27,携帯代,10A100020,普通預金,30,GHI銀行 名古屋,000,共通部門,0,34690,10E200180,通信費,,,030,名古屋支店,86838153,2021-11
1827.0,1.0,154,Debit,2021-11-28,食事代 架空店舗047 2名,10E200150,交際費,,,050,九州営業所,3372,0,10B100630,未払金,,,000,共通部門,2465860,2021-11
1827.0,1.0,154,Credit,2021-11-28,食事代 架空店舗047 2名,10B100630,未払金,,,000,共通部門,0,3372,10E200150,交際費,,,050,九州営業所,10325819,2021-11
1827.0,2.0,154,Debit,2021-11-28,飲食代 架空店舗047 2名,10E200150,交際費,,,050,九州営業所,14724,0,10B100630,未払金,,,000,共通部門,2480584,2021-11
1827.0,2.0,154,Credit,2021-11-28,飲食代 架空店舗047 2名,10B100630,未払金,,,000,共通部門,0,14724,10E200150,交際費,,,050,九州営業所,10340543,2021-11
1823.0,1.0,27,Debit,2021-11-28,旅費,10E201230,旅費及び交通費,,,010,札幌営業所,26667,0,10A100020,現金,,,000,共通部門,8116017,2021-11
1823.0,1.0,27,Credit,2021-11-28,旅費,10A100020,現金,,,000,共通部門,0,26667,10E201230,旅費及び交通費,,,010,札幌営業所,86811486,2021-11
1823.0,2.0,27,Debit,2021-11-28,旅費,10E201230,旅費及び交通費,,,010,札幌営業所,29524,0,10A100020,現金,,,000,共通部門,8145541,2021-11
1823.0,2.0,27,Credit,2021-11-28,旅費,10A100020,現金,,,000,共通部門,0,29524,10E201230,旅費及び交通費,,,010,札幌営業所,86781962,2021-11
1823.0,3.0,27,Debit,2021-11-28,旅費,10E201230,旅費及び交通費,,,010,札幌営業所,21429,0,10A100020,現金,,,000,共通部門,8166970,2021-11
1823.0,3.0,27,Credit,2021-11-28,旅費,10A100020,現金,,,000,共通部門,0,21429,10E201230,旅費及び交通費,,,010,札幌営業所,86760533,2021-11
1824.0,1.0,35,Debit,2021-11-28,新聞代,10E201160,図書費,,,010,札幌営業所,3925,0,10A100020,現金,,,000,共通部門,199856,2021-11
1824.0,1.0,35,Credit,2021-11-28,新聞代,10A100020,現金,,,000,共通部門,0,3925,10E201160,図書費,,,010,札幌営業所,86756608,2021-11
1825.0,1.0,38,Debit,2021-11-28,宿泊費,10E200140,福利厚生費,,,020,東京支店,48164,0,10B100630,未払金,,,000,共通部門,3427074,2021-11
1825.0,1.0,38,Credit,2021-11-28,宿泊費,10B100630,未払金,,,000,共通部門,0,48164,10E200140,福利厚生費,,,020,東京支店,10388707,2021-11
1826.0,1.0,93,Debit,2021-11-28,修繕費,10E201000,修繕維持費,,,010,札幌営業所,17850,0,10B100630,未払金,,,000,共通部門,301650,2021-11
1826.0,1.0,93,Credit,2021-11-28,修繕費,10B100630,未払金,,,000,共通部門,0,17850,10E201000,修繕維持費,,,010,札幌営業所,10406557,2021-11
1831.0,1.0,137,Debit,2021-11-29,有線,10E201270,雑費,,,040,大阪支店,6000,0,10B100630,未払金,,,000,共通部門,3567045,2021-11
1831.0,1.0,137,Credit,2021-11-29,有線,10B100630,未払金,,,000,共通部門,0,6000,10E201270,雑費,,,040,大阪支店,10412557,2021-11
1831.0,2.0,137,Debit,2021-11-29,警備料,10E201270,雑費,,,040,大阪支店,42858,0,10B100630,未払金,,,000,共通部門,3609903,2021-11
1831.0,2.0,137,Credit,2021-11-29,警備料,10B100630,未払金,,,000,共通部門,0,42858,10E201270,雑費,,,040,大阪支店,10455415,2021-11
1831.0,3.0,137,Debit,2021-11-29,高速料,10E201120,車両費,,,040,大阪支店,65403,0,10A100020,普通預金,40,JKL銀行 梅田,000,共通部門,4698611,2021-11
1831.0,3.0,137,Credit,2021-11-29,高速料,10A100020,普通預金,40,JKL銀行 梅田,000,共通部門,0,65403,10E201120,車両費,,,040,大阪支店,86691205,2021-11
1831.0,4.0,137,Debit,2021-11-29,清掃料,10E201270,雑費,,,040,大阪支店,73500,0,10B100630,未払金,,,000,共通部門,3683403,2021-11
1831.0,4.0,137,Credit,2021-11-29,清掃料,10B100630,未払金,,,000,共通部門,0,73500,10E201270,雑費,,,040,大阪支店,10528915,2021-11
1832.0,1.0,143,Debit,2021-11-29,資金移動,10A100020,普通預金,20,ABC銀行 本店,000,共通部門,6000000,0,10A100020,普通預金,10,DEF銀行 駅前,000,共通部門,92691205,2021-11
1832.0,1.0,143,Credit,2021-11-29,資金移動,10A100020,普通預金,10,DEF銀行 駅前,000,共通部門,0,6000000,10A100020,普通預金,20,ABC銀行 本店,000,共通部門,86691205,2021-11
1832.0,2.0,143,Debit,2021-11-29,資金移動,10A100020,普通預金,20,ABC銀行 本店,000,共通部門,4000000,0,10A100020,普通預金,30,GHI銀行 名古屋,000,共通部門,90691205,2021-11
1832.0,2.0,143,Credit,2021-11-29,資金移動,10A100020,普通預金,30,GHI銀行 名古屋,000,共通部門,0,4000000,10A100020,普通預金,20,ABC銀行 本店,000,共通部門,86691205,2021-11
1832.0,3.0,143,Debit,2021-11-29,資金移動,10A100020,普通預金,20,ABC銀行 本店,000,共通部門,2000000,0,10A100020,普通預金,40,JKL銀行 梅田,000,共通部門,88691205,2021-11
1832.0,3.0,143,Credit,2021-11-29,資金移動,10A100020,普通預金,40,JKL銀行 梅田,000,共通部門,0,2000000,10A100020,普通預金,20,ABC銀行 本店,000,共通部門,86691205,2021-11
1832.0,4.0,143,Debit,2021-11-29,資金移動,10A100020,普通預金,20,ABC銀行 本店,000,共通部門,2000000,0,10A100020,普通預金,50,MNO銀行 北九州,000,共通部門,88691205,2021-11
1832.0,4.0,143,Credit,2021-11-29,資金移動,10A100020,普通預金,50,MNO銀行 北九州,000,共通部門,0,2000000,10A100020,普通預金,20,ABC銀行 本店,000,共通部門,86691205,2021-11
1833.0,1.0,148,Debit,2021-11-29,ガソリン代,10E201120,車両費,,,050,九州営業所,5000,0,10A100020,現金,,,000,共通部門,4703611,2021-11
1833.0,1.0,148,Credit,2021-11-29,ガソリン代,10A100020,現金,,,000,共通部門,0,5000,10E201120,車両費,,,050,九州営業所,86686205,2021-11
1828.0,1.0,67,Debit,2021-11-29,会費支払い,10E201140,諸会費,,,020,東京支店,30000,0,10A100020,現金,,,000,共通部門,928000,2021-11
1828.0,1.0,67,Credit,2021-11-29,会費支払い,10A100020,現金,,,000,共通部門,0,30000,10E201140,諸会費,,,020,東京支店,86656205,2021-11
1829.0,1.0,75,Debit,2021-11-29,飲食代 架空店舗018 5名,10E200150,交際費,,,020,東京支店,32590,0,10A100020,現金,,,000,共通部門,2513174,2021-11
1829.0,1.0,75,Credit,2021-11-29,飲食代 架空店舗018 5名,10A100020,現金,,,000,共通部門,0,32590,10E200150,交際費,,,020,東京支店,86623615,2021-11
1830.0,1.0,81,Debit,2021-11-29,お茶代,10E200140,福利厚生費,,,030,名古屋支店,19600,0,10B100630,未払金,,,000,共通部門,3446674,2021-11
1830.0,1.0,81,Credit,2021-11-29,お茶代,10B100630,未払金,,,000,共通部門,0,19600,10E200140,福利厚生費,,,030,名古屋支店,10548515,2021-11
1834.0,1.0,1,Debit,2021-11-30,運賃 架空運送会社B,10E200870,運賃,,,010,札幌営業所,381870,0,10B100630,未払金,,,000,共通部門,25866403,2021-11
1834.0,1.0,1,Credit,2021-11-30,運賃 架空運送会社B,10B100630,未払金,,,000,共通部門,0,381870,10E200870,運賃,,,010,札幌営業所,10930385,2021-11
1851.0,1.0,100,Debit,2021-11-30,会費,10E200140,福利厚生費,,,040,大阪支店,6000,0,10A100020,現金,,,000,共通部門,3452674,2021-11
1851.0,1.0,100,Credit,2021-11-30,会費,10A100020,現金,,,000,共通部門,0,6000,10E200140,福利厚生費,,,040,大阪支店,86617615,2021-11
1852.0,1.0,108,Debit,2021-11-30,コーヒー代 架空店舗044 3名,10E200150,交際費,,,040,大阪支店,2400,0,10A100020,現金,,,000,共通部門,2515574,2021-11
1852.0,1.0,108,Credit,2021-11-30,コーヒー代 架空店舗044 3名,10A100020,現金,,,000,共通部門,0,2400,10E200150,交際費,,,040,大阪支店,86615215,2021-11
1853.0,1.0,110,Debit,2021-11-30,保険料預かり分,10B100690,預り金,1,保険料,000,共通部門,1515566,0,10A100020,普通預金,20,ABC銀行 本店,000,共通部門,5600441,2021-11
1853.0,1.0,110,Credit,2021-11-30,保険料預かり分,10A100020,普通預金,20,ABC銀行 本店,000,共通部門,0,1515566,10B100690,預り金,1,保険料,000,共通部門,85099649,2021-11
1853.0,2.0,110,Debit,2021-11-30,保険料　事業主負担分,10E200540,法定福利費,,,020,東京支店,236045,0,10A100020,普通預金,20,ABC銀行 本店,000,共通部門,5827740,2021-11
1853.0,2.0,110,Credit,2021-11-30,保険料　事業主負担分,10A100020,普通預金,20,ABC銀行 本店,000,共通部門,0,236045,10E200540,法定福利費,,,020,東京支店,84863604,2021-11
1853.0,3.0,110,Debit,2021-11-30,保険料　事業主負担分,10E200540,法定福利費,,,020,東京支店,103424,0,10A100020,普通預金,20,ABC銀行 本店,000,共通部門,5931164,2021-11
1853.0,3.0,110,Credit,2021-11-30,保険料　事業主負担分,10A100020,普通預金,20,ABC銀行 本店,000,共通部門,0,103424,10E200540,法定福利費,,,020,東京支店,84760180,2021-11
1853.0,4.0,110,Debit,2021-11-30,保険料　事業主負担分,10E200540,法定福利費,,,010,札幌営業所,96352,0,10A100020,普通預金,20,ABC銀行 本店,000,共通部門,6027516,2021-11
1853.0,4.0,110,Credit,2021-11-30,保険料　事業主負担分,10A100020,普通預金,20,ABC銀行 本店,000,共通部門,0,96352,10E200540,法定福利費,,,010,札幌営業所,84663828,2021-11
1853.0,5.0,110,Debit,2021-11-30,保険料　事業主負担分,10E200540,法定福利費,,,030,名古屋支店,128755,0,10A100020,普通預金,20,ABC銀行 本店,000,共通部門,6156271,2021-11
1853.0,5.0,110,Credit,2021-11-30,保険料　事業主負担分,10A100020,普通預金,20,ABC銀行 本店,000,共通部門,0,128755,10E200540,法定福利費,,,030,名古屋支店,84535073,2021-11
1853.0,6.0,110,Debit,2021-11-30,保険料　事業主負担分,10E200540,法定福利費,,,040,大阪支店,67268,0,10A100020,普通預金,20,ABC銀行 本店,000,共通部門,6223539,2021-11
1853.0,6.0,110,Credit,2021-11-30,保険料　事業主負担分,10A100020,普通預金,20,ABC銀行 本店,000,共通部門,0,67268,10E200540,法定福利費,,,040,大阪支店,84467805,2021-11
1853.0,7.0,110,Debit,2021-11-30,保険料　事業主負担分,10E200540,法定福利費,,,050,九州営業所,11056,0,10A100020,普通預金,20,ABC銀行 本店,000,共通部門,6234595,2021-11
1853.0,7.0,110,Credit,2021-11-30,保険料　事業主負担分,10A100020,普通預金,20,ABC銀行 本店,000,共通部門,0,11056,10E200540,法定福利費,,,050,九州営業所,84456749,2021-11
1853.0,8.0,110,Debit,2021-11-30,児童拠出金　事業主負担分,10E200540,法定福利費,,,020,東京支店,11056,0,10A100020,普通預金,20,ABC銀行 本店,000,共通部門,6245651,2021-11
1853.0,8.0,110,Credit,2021-11-30,児童拠出金　事業主負担分,10A100020,普通預金,20,ABC銀行 本店,000,共通部門,0,11056,10E200540,法定福利費,,,020,東京支店,84445693,2021-11
1854.0,1.0,111,Debit,2021-11-30,11月1日～11月30日分売上,10A100090,売掛金,14,株式会社花咲商事,000,共通部門,1398520,0,10D100100,総売上高,,,010,札幌営業所,15986011,2021-11
1854.0,1.0,111,Credit,2021-11-30,11月1日～11月30日分売上,10D100100,総売上高,,,010,札幌営業所,0,1398520,10A100090,売掛金,14,株式会社花咲商事,000,共通部門,433380597,2021-11
1854.0,2.0,111,Debit,2021-11-30,11月1日～11月30日分売上,10A100090,売掛金,25,株式会社ほのかマート,000,共通部門,4567306,0,10D100100,総売上高,,,010,札幌営業所,20553317,2021-11
1854.0,2.0,111,Credit,2021-11-30,11月1日～11月30日分売上,10D100100,総売上高,,,010,札幌営業所,0,4567306,10A100090,売掛金,25,株式会社ほのかマート,000,共通部門,437947903,2021-11
1854.0,3.0,111,Debit,2021-11-30,11月1日～11月30日分売上,10A100090,売掛金,5,東雲商会株式会社,000,共通部門,2041948,0,10D100100,総売上高,,,010,札幌営業所,22595265,2021-11
1854.0,3.0,111,Credit,2021-11-30,11月1日～11月30日分売上,10D100100,総売上高,,,010,札幌営業所,0,2041948,10A100090,売掛金,5,東雲商会株式会社,000,共通部門,439989851,2021-11
1855.0,1.0,112,Debit,2021-11-30,11月1日～11月30日分売上,10A100090,売掛金,12,株式会社緑野百貨店,000,共通部門,10629137,0,10D100100,総売上高,,,020,東京支店,33224402,2021-11
1855.0,1.0,112,Credit,2021-11-30,11月1日～11月30日分売上,10D100100,総売上高,,,020,東京支店,0,10629137,10A100090,売掛金,12,株式会社緑野百貨店,000,共通部門,450618988,2021-11
1855.0,2.0,112,Debit,2021-11-30,11月1日～11月30日分売上,10A100090,売掛金,2,株式会社桜丘百貨店,000,共通部門,17254140,0,10D100100,総売上高,,,020,東京支店,50478542,2021-11
1855.0,2.0,112,Credit,2021-11-30,11月1日～11月30日分売上,10D100100,総売上高,,,020,東京支店,0,17254140,10A100090,売掛金,2,株式会社桜丘百貨店,000,共通部門,467873128,2021-11
1855.0,3.0,112,Debit,2021-11-30,11月1日～11月30日分売上,10A100090,売掛金,14,株式会社花咲商事,000,共通部門,2167946,0,10D100100,総売上高,,,020,東京支店,52646488,2021-11
1855.0,3.0,112,Credit,2021-11-30,11月1日～11月30日分売上,10D100100,総売上高,,,020,東京支店,0,2167946,10A100090,売掛金,14,株式会社花咲商事,000,共通部門,470041074,2021-11
1855.0,4.0,112,Debit,2021-11-30,11月1日～11月30日分売上,10A100090,売掛金,26,若松販売株式会社,000,共通部門,778520,0,10D100100,総売上高,,,020,東京支店,53425008,2021-11
1855.0,4.0,112,Credit,2021-11-30,11月1日～11月30日分売上,10D100100,総売上高,,,020,東京支店,0,778520,10A100090,売掛金,26,若松販売株式会社,000,共通部門,470819594,2021-11
1855.0,5.0,112,Debit,2021-11-30,11月1日～11月30日分売上,10A100090,売掛金,30,株式会社彩雲トレーディング,000,共通部門,1327677,0,10D100100,総売上高,,,020,東京支店,54752685,2021-11
1855.0,5.0,112,Credit,2021-11-30,11月1日～11月30日分売上,10D100100,総売上高,,,020,東京支店,0,1327677,10A100090,売掛金,30,株式会社彩雲トレーディング,000,共通部門,472147271,2021-11
1855.0,6.0,112,Debit,2021-11-30,11月1日～11月30日分売上,10A100090,売掛金,24,白峰商事株式会社,000,共通部門,459212,0,10D100100,総売上高,,,020,東京支店,55211897,2021-11
1855.0,6.0,112,Credit,2021-11-30,11月1日～11月30日分売上,10D100100,総売上高,,,020,東京支店,0,459212,10A100090,売掛金,24,白峰商事株式会社,000,共通部門,472606483,2021-11
1855.0,7.0,112,Debit,2021-11-30,11月1日～11月30日分売上,10A100090,売掛金,11,株式会社楓屋,000,共通部門,1158996,0,10D100100,総売上高,,,020,東京支店,56370893,2021-11
1855.0,7.0,112,Credit,2021-11-30,11月1日～11月30日分売上,10D100100,総売上高,,,020,東京支店,0,1158996,10A100090,売掛金,11,株式会社楓屋,000,共通部門,473765479,2021-11
1855.0,8.0,112,Debit,2021-11-30,11月1日～11月30日分売上,10A100090,売掛金,13,星川商事株式会社,000,共通部門,1108516,0,10D100100,総売上高,,,020,東京支店,57479409,2021-11
1855.0,8.0,112,Credit,2021-11-30,11月1日～11月30日分売上,10D100100,総売上高,,,020,東京支店,0,1108516,10A100090,売掛金,13,星川商事株式会社,000,共通部門,474873995,2021-11
1855.0,9.0,112,Debit,2021-11-30,11月1日～11月30日分売上,10A100090,売掛金,10,合同会社こもれび商事,000,共通部門,320480,0,10D100100,総売上高,,,020,東京支店,57799889,2021-11
1855.0,9.0,112,Credit,2021-11-30,11月1日～11月30日分売上,10D100100,総売上高,,,020,東京支店,0,320480,10A100090,売掛金,10,合同会社こもれび商事,000,共通部門,475194475,2021-11
1856.0,1.0,113,Debit,2021-11-30,11月1日～11月30日分売上,10A100090,売掛金,27,晴海物産株式会社,000,共通部門,1176124,0,10D100100,総売上高,,,030,名古屋支店,58976013,2021-11
1856.0,1.0,113,Credit,2021-11-30,11月1日～11月30日分売上,10D100100,総売上高,,,030,名古屋支店,0,1176124,10A100090,売掛金,27,晴海物産株式会社,000,共通部門,476370599,2021-11
1856.0,2.0,113,Debit,2021-11-30,11月1日～11月30日分売上,10A100090,売掛金,6,株式会社瑞穂流通,000,共通部門,2099052,0,10D100100,総売上高,,,030,名古屋支店,61075065,2021-11
1856.0,2.0,113,Credit,2021-11-30,11月1日～11月30日分売上,10D100100,総売上高,,,030,名古屋支店,0,2099052,10A100090,売掛金,6,株式会社瑞穂流通,000,共通部門,478469651,2021-11
1856.0,3.0,113,Debit,2021-11-30,11月1日～11月30日分売上,10A100090,売掛金,14,株式会社花咲商事,000,共通部門,1446278,0,10D100100,総売上高,,,030,名古屋支店,62521343,2021-11
1856.0,3.0,113,Credit,2021-11-30,11月1日～11月30日分売上,10D100100,総売上高,,,030,名古屋支店,0,1446278,10A100090,売掛金,14,株式会社花咲商事,000,共通部門,479915929,2021-11
1856.0,4.0,113,Debit,2021-11-30,11月1日～11月30日分売上,10A100090,売掛金,7,株式会社光彩堂商事,000,共通部門,1748532,0,10D100100,総売上高,,,030,名古屋支店,64269875,2021-11
1856.0,4.0,113,Credit,2021-11-30,11月1日～11月30日分売上,10D100100,総売上高,,,030,名古屋支店,0,1748532,10A100090,売掛金,7,株式会社光彩堂商事,000,共通部門,481664461,2021-11
1856.0,5.0,113,Debit,2021-11-30,11月1日～11月30日分売上,10A100090,売掛金,19,株式会社南風商会,000,共通部門,727515,0,10D100100,総売上高,,,030,名古屋支店,64997390,2021-11
1856.0,5.0,113,Credit,2021-11-30,11月1日～11月30日分売上,10D100100,総売上高,,,030,名古屋支店,0,727515,10A100090,売掛金,19,株式会社南風商会,000,共通部門,482391976,2021-11
1856.0,6.0,113,Debit,2021-11-30,11月1日～11月30日分売上,10A100090,売掛金,21,合同会社つばさ商店,000,共通部門,571347,0,10D100100,総売上高,,,030,名古屋支店,65568737,2021-11
1856.0,6.0,113,Credit,2021-11-30,11月1日～11月30日分売上,10D100100,総売上高,,,030,名古屋支店,0,571347,10A100090,売掛金,21,合同会社つばさ商店,000,共通部門,482963323,2021-11
1857.0,1.0,114,Debit,2021-11-30,11月1日～11月30日分売上,10A100090,売掛金,8,株式会社高原マーケット,000,共通部門,1448504,0,10D100100,総売上高,,,040,大阪支店,67017241,2021-11
1857.0,1.0,114,Credit,2021-11-30,11月1日～11月30日分売上,10D100100,総売上高,,,040,大阪支店,0,1448504,10A100090,売掛金,8,株式会社高原マーケット,000,共通部門,484411827,2021-11
1857.0,2.0,114,Debit,2021-11-30,11月1日～11月30日分売上,10A100090,売掛金,14,株式会社花咲商事,000,共通部門,2901037,0,10D100100,総売上高,,,040,大阪支店,69918278,2021-11
1857.0,2.0,114,Credit,2021-11-30,11月1日～11月30日分売上,10D100100,総売上高,,,040,大阪支店,0,2901037,10A100090,売掛金,14,株式会社花咲商事,000,共通部門,487312864,2021-11
1857.0,3.0,114,Debit,2021-11-30,11月1日～11月30日分売上,10A100090,売掛金,28,株式会社青葉百貨店,000,共通部門,6004022,0,10D100100,総売上高,,,040,大阪支店,75922300,2021-11
1857.0,3.0,114,Credit,2021-11-30,11月1日～11月30日分売上,10D100100,総売上高,,,040,大阪支店,0,6004022,10A100090,売掛金,28,株式会社青葉百貨店,000,共通部門,493316886,2021-11
1857.0,4.0,114,Debit,2021-11-30,11月1日～11月30日分売上,10A100090,売掛金,4,株式会社ひなたマート,000,共通部門,1300832,0,10D100100,総売上高,,,040,大阪支店,77223132,2021-11
1857.0,4.0,114,Credit,2021-11-30,11月1日～11月30日分売上,10D100100,総売上高,,,040,大阪支店,0,1300832,10A100090,売掛金,4,株式会社ひなたマート,000,共通部門,494617718,2021-11
1857.0,5.0,114,Debit,2021-11-30,11月1日～11月30日分売上,10A100090,売掛金,9,朝凪物産株式会社,000,共通部門,1303424,0,10D100100,総売上高,,,040,大阪支店,78526556,2021-11
1857.0,5.0,114,Credit,2021-11-30,11月1日～11月30日分売上,10D100100,総売上高,,,040,大阪支店,0,1303424,10A100090,売掛金,9,朝凪物産株式会社,000,共通部門,495921142,2021-11
1857.0,6.0,114,Debit,2021-11-30,11月1日～11月30日分売上,10A100090,売掛金,20,清和商事株式会社,000,共通部門,1210614,0,10D100100,総売上高,,,040,大阪支店,79737170,2021-11
1857.0,6.0,114,Credit,2021-11-30,11月1日～11月30日分売上,10D100100,総売上高,,,040,大阪支店,0,1210614,10A100090,売掛金,20,清和商事株式会社,000,共通部門,497131756,2021-11
1857.0,7.0,114,Debit,2021-11-30,11月1日～11月30日分売上,10A100090,売掛金,3,青凪商事株式会社,000,共通部門,1074280,0,10D100100,総売上高,,,040,大阪支店,80811450,2021-11
1857.0,7.0,114,Credit,2021-11-30,11月1日～11月30日分売上,10D100100,総売上高,,,040,大阪支店,0,1074280,10A100090,売掛金,3,青凪商事株式会社,000,共通部門,498206036,2021-11
1857.0,8.0,114,Debit,2021-11-30,11月1日～11月30日分売上,10A100090,売掛金,23,株式会社杉の木商店,000,共通部門,835689,0,10D100100,総売上高,,,040,大阪支店,81647139,2021-11
1857.0,8.0,114,Credit,2021-11-30,11月1日～11月30日分売上,10D100100,総売上高,,,040,大阪支店,0,835689,10A100090,売掛金,23,株式会社杉の木商店,000,共通部門,499041725,2021-11
1858.0,1.0,115,Debit,2021-11-30,11月1日～11月30日分売上,10A100090,売掛金,14,株式会社花咲商事,000,共通部門,682664,0,10D100100,総売上高,,,050,九州営業所,82329803,2021-11
1858.0,1.0,115,Credit,2021-11-30,11月1日～11月30日分売上,10D100100,総売上高,,,050,九州営業所,0,682664,10A100090,売掛金,14,株式会社花咲商事,000,共通部門,499724389,2021-11
1858.0,2.0,115,Debit,2021-11-30,11月1日～11月30日分売上,10A100090,売掛金,1,株式会社若葉百貨店,000,共通部門,1615320,0,10D100100,総売上高,,,050,九州営業所,83945123,2021-11
1858.0,2.0,115,Credit,2021-11-30,11月1日～11月30日分売上,10D100100,総売上高,,,050,九州営業所,0,1615320,10A100090,売掛金,1,株式会社若葉百貨店,000,共通部門,501339709,2021-11
1858.0,3.0,115,Debit,2021-11-30,11月1日～11月30日分売上,10A100090,売掛金,22,株式会社豊原産業,000,共通部門,986824,0,10D100100,総売上高,,,050,九州営業所,84931947,2021-11
1858.0,3.0,115,Credit,2021-11-30,11月1日～11月30日分売上,10D100100,総売上高,,,050,九州営業所,0,986824,10A100090,売掛金,22,株式会社豊原産業,000,共通部門,502326533,2021-11
1858.0,4.0,115,Debit,2021-11-30,11月1日～11月30日分売上,10A100090,売掛金,29,株式会社小春サービス,000,共通部門,488898,0,10D100100,総売上高,,,050,九州営業所,85420845,2021-11
1858.0,4.0,115,Credit,2021-11-30,11月1日～11月30日分売上,10D100100,総売上高,,,050,九州営業所,0,488898,10A100090,売掛金,29,株式会社小春サービス,000,共通部門,502815431,2021-11
1858.0,5.0,115,Debit,2021-11-30,保険料,10E200240,保険料,,,040,大阪支店,64500,0,10A100020,普通預金,40,JKL銀行 梅田,000,共通部門,2350560,2021-11
1858.0,5.0,115,Credit,2021-11-30,保険料,10A100020,普通預金,40,JKL銀行 梅田,000,共通部門,0,64500,10E200240,保険料,,,040,大阪支店,84381193,2021-11
1859.0,1.0,116,Debit,2021-11-30,11月30日伝票No374株式会社ひなたマート,10A100020,普通預金,40,JKL銀行 梅田,000,共通部門,1086384,0,10A100090,売掛金,4,株式会社ひなたマート,000,共通部門,85467577,2021-11
1859.0,1.0,116,Credit,2021-11-30,11月30日伝票No374株式会社ひなたマート,10A100090,売掛金,4,株式会社ひなたマート,000,共通部門,0,1086384,10A100020,普通預金,40,JKL銀行 梅田,000,共通部門,84334461,2021-11
1859.0,2.0,116,Debit,2021-11-30,11月30日伝票No374株式会社ひなたマート,10E200690,支払手数料,,,040,大阪支店,840,0,10A100090,売掛金,4,株式会社ひなたマート,000,共通部門,94229,2021-11
1859.0,2.0,116,Credit,2021-11-30,11月30日伝票No374株式会社ひなたマート,10A100090,売掛金,4,株式会社ひなたマート,000,共通部門,0,840,10E200690,支払手数料,,,040,大阪支店,84333621,2021-11
1859.0,3.0,116,Debit,2021-11-30,リース料,10E200730,借地借家料,,,040,大阪支店,84000,0,10A100020,普通預金,40,JKL銀行 梅田,000,共通部門,2140950,2021-11
1859.0,3.0,116,Credit,2021-11-30,リース料,10A100020,普通預金,40,JKL銀行 梅田,000,共通部門,0,84000,10E200730,借地借家料,,,040,大阪支店,85383577,2021-11
1860.0,1.0,117,Debit,2021-11-30,11月30日伝票No375東雲商会株式会社,10A100020,普通預金,10,DEF銀行 駅前,000,共通部門,1280728,0,10A100090,売掛金,5,東雲商会株式会社,000,共通部門,86664305,2021-11
1860.0,1.0,117,Credit,2021-11-30,11月30日伝票No375東雲商会株式会社,10A100090,売掛金,5,東雲商会株式会社,000,共通部門,0,1280728,10A100020,普通預金,10,DEF銀行 駅前,000,共通部門,83052893,2021-11
1860.0,2.0,117,Debit,2021-11-30,11月30日伝票No375東雲商会株式会社,10E200690,支払手数料,,,010,札幌営業所,840,0,10A100090,売掛金,5,東雲商会株式会社,000,共通部門,95069,2021-11
1860.0,2.0,117,Credit,2021-11-30,11月30日伝票No375東雲商会株式会社,10A100090,売掛金,5,東雲商会株式会社,000,共通部門,0,840,10E200690,支払手数料,,,010,札幌営業所,83052053,2021-11
1861.0,1.0,118,Debit,2021-11-30,11月30日伝票No376合同会社こもれび商事,10A100020,現金,,,000,共通部門,203996,0,10A100090,売掛金,10,合同会社こもれび商事,000,共通部門,86868301,2021-11
1861.0,1.0,118,Credit,2021-11-30,11月30日伝票No376合同会社こもれび商事,10A100090,売掛金,10,合同会社こもれび商事,000,共通部門,0,203996,10A100020,現金,,,000,共通部門,82848057,2021-11
1862.0,1.0,119,Debit,2021-11-30,11月30日伝票No377株式会社緑野百貨店 | 売上伝票=20211031-110;手形番号=R20211130-119-12,10A100060,受取手形,,,000,共通部門,10808171,0,10A100090,売掛金,12,株式会社緑野百貨店,000,共通部門,88009305,2021-11
1862.0,1.0,119,Credit,2021-11-30,11月30日伝票No377株式会社緑野百貨店 | 売上伝票=20211031-110;手形番号=R20211130-119-12,10A100090,売掛金,12,株式会社緑野百貨店,000,共通部門,0,10808171,10A100060,受取手形,,,000,共通部門,72039886,2021-11
1863.0,1.0,120,Debit,2021-11-30,11月30日伝票No378白峰商事株式会社,10A100020,普通預金,20,ABC銀行 本店,000,共通部門,497242,0,10A100090,売掛金,24,白峰商事株式会社,000,共通部門,87365543,2021-11
1863.0,1.0,120,Credit,2021-11-30,11月30日伝票No378白峰商事株式会社,10A100090,売掛金,24,白峰商事株式会社,000,共通部門,0,497242,10A100020,普通預金,20,ABC銀行 本店,000,共通部門,71542644,2021-11
1863.0,2.0,120,Debit,2021-11-30,11月30日伝票No378白峰商事株式会社,10E200690,支払手数料,,,020,東京支店,630,0,10A100090,売掛金,24,白峰商事株式会社,000,共通部門,95699,2021-11
1863.0,2.0,120,Credit,2021-11-30,11月30日伝票No378白峰商事株式会社,10A100090,売掛金,24,白峰商事株式会社,000,共通部門,0,630,10E200690,支払手数料,,,020,東京支店,71542014,2021-11
1864.0,1.0,121,Debit,2021-11-30,11月30日伝票No379株式会社小春サービス,10A100020,普通預金,50,MNO銀行 北九州,000,共通部門,708450,0,10A100090,売掛金,29,株式会社小春サービス,000,共通部門,88073993,2021-11
1864.0,1.0,121,Credit,2021-11-30,11月30日伝票No379株式会社小春サービス,10A100090,売掛金,29,株式会社小春サービス,000,共通部門,0,708450,10A100020,普通預金,50,MNO銀行 北九州,000,共通部門,70833564,2021-11
1864.0,2.0,121,Debit,2021-11-30,11月30日伝票No379株式会社小春サービス,10E200690,支払手数料,,,050,九州営業所,210,0,10A100090,売掛金,29,株式会社小春サービス,000,共通部門,95909,2021-11
1864.0,2.0,121,Credit,2021-11-30,11月30日伝票No379株式会社小春サービス,10A100090,売掛金,29,株式会社小春サービス,000,共通部門,0,210,10E200690,支払手数料,,,050,九州営業所,70833354,2021-11
1865.0,1.0,122,Debit,2021-11-30,11月1日～11月30日分仕入,10E100130,当期商品仕入高,,,010,札幌営業所,183908,0,10B100040,買掛金,2,株式会社双葉物産,000,共通部門,262454596,2021-11
1865.0,1.0,122,Credit,2021-11-30,11月1日～11月30日分仕入,10B100040,買掛金,2,株式会社双葉物産,000,共通部門,0,183908,10E100130,当期商品仕入高,,,010,札幌営業所,31716210,2021-11
1865.0,2.0,122,Debit,2021-11-30,11月1日～11月30日分仕入,10E100130,当期商品仕入高,,,010,札幌営業所,25704,0,10B100040,買掛金,8,株式会社白樺商事,000,共通部門,262480300,2021-11
1865.0,2.0,122,Credit,2021-11-30,11月1日～11月30日分仕入,10B100040,買掛金,8,株式会社白樺商事,000,共通部門,0,25704,10E100130,当期商品仕入高,,,010,札幌営業所,31741914,2021-11
1866.0,1.0,123,Debit,2021-11-30,11月1日～11月30日分仕入,10E100130,当期商品仕入高,,,020,東京支店,433742,0,10B100040,買掛金,12,株式会社泉川商事,000,共通部門,262914042,2021-11
1866.0,1.0,123,Credit,2021-11-30,11月1日～11月30日分仕入,10B100040,買掛金,12,株式会社泉川商事,000,共通部門,0,433742,10E100130,当期商品仕入高,,,020,東京支店,32175656,2021-11
1866.0,2.0,123,Debit,2021-11-30,11月1日～11月30日分仕入,10E100130,当期商品仕入高,,,020,東京支店,7285614,0,10B100040,買掛金,1,株式会社北辰商事,000,共通部門,270199656,2021-11
1866.0,2.0,123,Credit,2021-11-30,11月1日～11月30日分仕入,10B100040,買掛金,1,株式会社北辰商事,000,共通部門,0,7285614,10E100130,当期商品仕入高,,,020,東京支店,39461270,2021-11
1866.0,3.0,123,Debit,2021-11-30,11月1日～11月30日分仕入,10E100130,当期商品仕入高,,,020,東京支店,5286009,0,10B100040,買掛金,11,株式会社花園商会,000,共通部門,275485665,2021-11
1866.0,3.0,123,Credit,2021-11-30,11月1日～11月30日分仕入,10B100040,買掛金,11,株式会社花園商会,000,共通部門,0,5286009,10E100130,当期商品仕入高,,,020,東京支店,44747279,2021-11
1866.0,4.0,123,Debit,2021-11-30,11月1日～11月30日分仕入,10E100130,当期商品仕入高,,,020,東京支店,3875434,0,10B100040,買掛金,14,合同会社あかね商会,000,共通部門,279361099,2021-11
1866.0,4.0,123,Credit,2021-11-30,11月1日～11月30日分仕入,10B100040,買掛金,14,合同会社あかね商会,000,共通部門,0,3875434,10E100130,当期商品仕入高,,,020,東京支店,48622713,2021-11
1866.0,5.0,123,Debit,2021-11-30,11月1日～11月30日分仕入,10E100130,当期商品仕入高,,,020,東京支店,4077586,0,10B100040,買掛金,3,青凪商事株式会社,000,共通部門,283438685,2021-11
1866.0,5.0,123,Credit,2021-11-30,11月1日～11月30日分仕入,10B100040,買掛金,3,青凪商事株式会社,000,共通部門,0,4077586,10E100130,当期商品仕入高,,,020,東京支店,52700299,2021-11
1866.0,6.0,123,Debit,2021-11-30,11月1日～11月30日分仕入,10E100130,当期商品仕入高,,,020,東京支店,1802651,0,10B100040,買掛金,13,朝日野産業株式会社,000,共通部門,285241336,2021-11
1866.0,6.0,123,Credit,2021-11-30,11月1日～11月30日分仕入,10B100040,買掛金,13,朝日野産業株式会社,000,共通部門,0,1802651,10E100130,当期商品仕入高,,,020,東京支店,54502950,2021-11
1866.0,7.0,123,Debit,2021-11-30,11月1日～11月30日分仕入,10E100130,当期商品仕入高,,,020,東京支店,322960,0,10B100040,買掛金,2,株式会社双葉物産,000,共通部門,285564296,2021-11
1866.0,7.0,123,Credit,2021-11-30,11月1日～11月30日分仕入,10B100040,買掛金,2,株式会社双葉物産,000,共通部門,0,322960,10E100130,当期商品仕入高,,,020,東京支店,54825910,2021-11
1866.0,8.0,123,Debit,2021-11-30,11月1日～11月30日分仕入,10E100130,当期商品仕入高,,,020,東京支店,179928,0,10B100040,買掛金,8,株式会社白樺商事,000,共通部門,285744224,2021-11
1866.0,8.0,123,Credit,2021-11-30,11月1日～11月30日分仕入,10B100040,買掛金,8,株式会社白樺商事,000,共通部門,0,179928,10E100130,当期商品仕入高,,,020,東京支店,55005838,2021-11
1867.0,1.0,124,Debit,2021-11-30,11月1日～11月30日分仕入,10E100130,当期商品仕入高,,,030,名古屋支店,4597303,0,10B100040,買掛金,7,株式会社夕凪商会,000,共通部門,290341527,2021-11
1867.0,1.0,124,Credit,2021-11-30,11月1日～11月30日分仕入,10B100040,買掛金,7,株式会社夕凪商会,000,共通部門,0,4597303,10E100130,当期商品仕入高,,,030,名古屋支店,59603141,2021-11
1867.0,2.0,124,Debit,2021-11-30,11月1日～11月30日分仕入,10E100130,当期商品仕入高,,,030,名古屋支店,2224739,0,10B100040,買掛金,9,東原産業株式会社,000,共通部門,292566266,2021-11
1867.0,2.0,124,Credit,2021-11-30,11月1日～11月30日分仕入,10B100040,買掛金,9,東原産業株式会社,000,共通部門,0,2224739,10E100130,当期商品仕入高,,,030,名古屋支店,61827880,2021-11
1867.0,3.0,124,Debit,2021-11-30,11月1日～11月30日分仕入,10E100130,当期商品仕入高,,,030,名古屋支店,1543059,0,10B100040,買掛金,15,株式会社麦穂商事,000,共通部門,294109325,2021-11
1867.0,3.0,124,Credit,2021-11-30,11月1日～11月30日分仕入,10B100040,買掛金,15,株式会社麦穂商事,000,共通部門,0,1543059,10E100130,当期商品仕入高,,,030,名古屋支店,63370939,2021-11
1867.0,4.0,124,Debit,2021-11-30,11月1日～11月30日分仕入,10E100130,当期商品仕入高,,,030,名古屋支店,51408,0,10B100040,買掛金,8,株式会社白樺商事,000,共通部門,294160733,2021-11
1867.0,4.0,124,Credit,2021-11-30,11月1日～11月30日分仕入,10B100040,買掛金,8,株式会社白樺商事,000,共通部門,0,51408,10E100130,当期商品仕入高,,,030,名古屋支店,63422347,2021-11
1867.0,5.0,124,Debit,2021-11-30,11月1日～11月30日分仕入,10E100130,当期商品仕入高,,,030,名古屋支店,103168,0,10B100040,買掛金,2,株式会社双葉物産,000,共通部門,294263901,2021-11
1867.0,5.0,124,Credit,2021-11-30,11月1日～11月30日分仕入,10B100040,買掛金,2,株式会社双葉物産,000,共通部門,0,103168,10E100130,当期商品仕入高,,,030,名古屋支店,63525515,2021-11
1868.0,1.0,125,Debit,2021-11-30,11月1日～11月30日分仕入,10E100130,当期商品仕入高,,,040,大阪支店,3791833,0,10B100040,買掛金,10,光野販売株式会社,000,共通部門,298055734,2021-11
1868.0,1.0,125,Credit,2021-11-30,11月1日～11月30日分仕入,10B100040,買掛金,10,光野販売株式会社,000,共通部門,0,3791833,10E100130,当期商品仕入高,,,040,大阪支店,67317348,2021-11
1868.0,2.0,125,Debit,2021-11-30,11月1日～11月30日分仕入,10E100130,当期商品仕入高,,,040,大阪支店,4043244,0,10B100040,買掛金,6,株式会社日向産業,000,共通部門,302098978,2021-11
1868.0,2.0,125,Credit,2021-11-30,11月1日～11月30日分仕入,10B100040,買掛金,6,株式会社日向産業,000,共通部門,0,4043244,10E100130,当期商品仕入高,,,040,大阪支店,71360592,2021-11
1868.0,3.0,125,Debit,2021-11-30,11月1日～11月30日分仕入,10E100130,当期商品仕入高,,,040,大阪支店,4897778,0,10B100040,買掛金,5,千草商事株式会社,000,共通部門,306996756,2021-11
1868.0,3.0,125,Credit,2021-11-30,11月1日～11月30日分仕入,10B100040,買掛金,5,千草商事株式会社,000,共通部門,0,4897778,10E100130,当期商品仕入高,,,040,大阪支店,76258370,2021-11
1868.0,4.0,125,Debit,2021-11-30,11月1日～11月30日分仕入,10E100130,当期商品仕入高,,,040,大阪支店,502382,0,10B100040,買掛金,2,株式会社双葉物産,000,共通部門,307499138,2021-11
1868.0,4.0,125,Credit,2021-11-30,11月1日～11月30日分仕入,10B100040,買掛金,2,株式会社双葉物産,000,共通部門,0,502382,10E100130,当期商品仕入高,,,040,大阪支店,76760752,2021-11
1868.0,5.0,125,Debit,2021-11-30,11月1日～11月30日分仕入,10E100130,当期商品仕入高,,,040,大阪支店,1155555,0,10B100040,買掛金,4,株式会社和泉流通,000,共通部門,308654693,2021-11
1868.0,5.0,125,Credit,2021-11-30,11月1日～11月30日分仕入,10B100040,買掛金,4,株式会社和泉流通,000,共通部門,0,1155555,10E100130,当期商品仕入高,,,040,大阪支店,77916307,2021-11
1868.0,6.0,125,Debit,2021-11-30,11月1日～11月30日分仕入,10E100130,当期商品仕入高,,,040,大阪支店,102816,0,10B100040,買掛金,8,株式会社白樺商事,000,共通部門,308757509,2021-11
1868.0,6.0,125,Credit,2021-11-30,11月1日～11月30日分仕入,10B100040,買掛金,8,株式会社白樺商事,000,共通部門,0,102816,10E100130,当期商品仕入高,,,040,大阪支店,78019123,2021-11
1869.0,1.0,126,Debit,2021-11-30,11月1日～11月30日分仕入,10E100130,当期商品仕入高,,,050,九州営業所,46267,0,10B100040,買掛金,8,株式会社白樺商事,000,共通部門,308803776,2021-11
1869.0,1.0,126,Credit,2021-11-30,11月1日～11月30日分仕入,10B100040,買掛金,8,株式会社白樺商事,000,共通部門,0,46267,10E100130,当期商品仕入高,,,050,九州営業所,78065390,2021-11
1869.0,2.0,126,Debit,2021-11-30,11月1日～11月30日分仕入,10E100130,当期商品仕入高,,,050,九州営業所,202050,0,10B100040,買掛金,2,株式会社双葉物産,000,共通部門,309005826,2021-11
1869.0,2.0,126,Credit,2021-11-30,11月1日～11月30日分仕入,10B100040,買掛金,2,株式会社双葉物産,000,共通部門,0,202050,10E100130,当期商品仕入高,,,050,九州営業所,78267440,2021-11
1870.0,1.0,127,Debit,2021-11-30,11月30日伝票No288千草商事株式会社,10B100040,買掛金,5,千草商事株式会社,000,共通部門,3923430,0,10B100030,支払手形,,,000,共通部門,74344010,2021-11
1870.0,1.0,127,Credit,2021-11-30,11月30日伝票No288千草商事株式会社,10B100030,支払手形,,,000,共通部門,0,3923430,10B100040,買掛金,5,千草商事株式会社,000,共通部門,38673209,2021-11
1871.0,1.0,128,Debit,2021-11-30,11月30日伝票No290株式会社夕凪商会,10B100040,買掛金,7,株式会社夕凪商会,000,共通部門,3715740,0,10A100020,普通預金,20,ABC銀行 本店,000,共通部門,70628270,2021-11
1871.0,1.0,128,Credit,2021-11-30,11月30日伝票No290株式会社夕凪商会,10A100020,普通預金,20,ABC銀行 本店,000,共通部門,0,3715740,10B100040,買掛金,7,株式会社夕凪商会,000,共通部門,84358253,2021-11
1872.0,1.0,129,Debit,2021-11-30,11月30日伝票No293東原産業株式会社,10B100040,買掛金,9,東原産業株式会社,000,共通部門,1859340,0,10B100030,支払手形,,,000,共通部門,68768930,2021-11
1872.0,1.0,129,Credit,2021-11-30,11月30日伝票No293東原産業株式会社,10B100030,支払手形,,,000,共通部門,0,1859340,10B100040,買掛金,9,東原産業株式会社,000,共通部門,40532549,2021-11
1873.0,1.0,130,Debit,2021-11-30,11月30日伝票No295光野販売株式会社,10B100040,買掛金,10,光野販売株式会社,000,共通部門,3215415,0,10B100030,支払手形,,,000,共通部門,65553515,2021-11
1873.0,1.0,130,Credit,2021-11-30,11月30日伝票No295光野販売株式会社,10B100030,支払手形,,,000,共通部門,0,3215415,10B100040,買掛金,10,光野販売株式会社,000,共通部門,43747964,2021-11
1874.0,1.0,131,Debit,2021-11-30,11月30日伝票No298株式会社泉川商事,10B100040,買掛金,12,株式会社泉川商事,000,共通部門,343980,0,10A100020,普通預金,20,ABC銀行 本店,000,共通部門,65209535,2021-11
1874.0,1.0,131,Credit,2021-11-30,11月30日伝票No298株式会社泉川商事,10A100020,普通預金,20,ABC銀行 本店,000,共通部門,0,343980,10B100040,買掛金,12,株式会社泉川商事,000,共通部門,84014273,2021-11
1875.0,1.0,132,Debit,2021-11-30,11月30日伝票No299株式会社双葉物産,10B100040,買掛金,2,株式会社双葉物産,000,共通部門,1349460,0,10A100020,普通預金,20,ABC銀行 本店,000,共通部門,63860075,2021-11
1875.0,1.0,132,Credit,2021-11-30,11月30日伝票No299株式会社双葉物産,10A100020,普通預金,20,ABC銀行 本店,000,共通部門,0,1349460,10B100040,買掛金,2,株式会社双葉物産,000,共通部門,82664813,2021-11
1876.0,1.0,133,Debit,2021-11-30,11月30日伝票No300朝日野産業株式会社,10B100040,買掛金,13,朝日野産業株式会社,000,共通部門,1317476,0,10A100020,普通預金,20,ABC銀行 本店,000,共通部門,62542599,2021-11
1876.0,1.0,133,Credit,2021-11-30,11月30日伝票No300朝日野産業株式会社,10A100020,普通預金,20,ABC銀行 本店,000,共通部門,0,1317476,10B100040,買掛金,13,朝日野産業株式会社,000,共通部門,81347337,2021-11
1877.0,1.0,134,Debit,2021-11-30,11月30日伝票No301合同会社あかね商会,10B100040,買掛金,14,合同会社あかね商会,000,共通部門,3016650,0,10A100020,普通預金,20,ABC銀行 本店,000,共通部門,59525949,2021-11
1877.0,1.0,134,Credit,2021-11-30,11月30日伝票No301合同会社あかね商会,10A100020,普通預金,20,ABC銀行 本店,000,共通部門,0,3016650,10B100040,買掛金,14,合同会社あかね商会,000,共通部門,78330687,2021-11
1878.0,1.0,135,Debit,2021-11-30,11月30日伝票No302株式会社麦穂商事,10B100040,買掛金,15,株式会社麦穂商事,000,共通部門,1204980,0,10A100020,普通預金,20,ABC銀行 本店,000,共通部門,58320969,2021-11
1878.0,1.0,135,Credit,2021-11-30,11月30日伝票No302株式会社麦穂商事,10A100020,普通預金,20,ABC銀行 本店,000,共通部門,0,1204980,10B100040,買掛金,15,株式会社麦穂商事,000,共通部門,77125707,2021-11
1879.0,1.0,137,Debit,2021-11-30,手形期日落日 千草商事株式会社,10B100030,支払手形,,,000,共通部門,3841014,0,10A100020,当座預金,1,ABC銀行,000,共通部門,39906950,2021-11
1879.0,1.0,137,Credit,2021-11-30,手形期日落日 千草商事株式会社,10A100020,当座預金,1,ABC銀行,000,共通部門,0,3841014,10B100030,支払手形,,,000,共通部門,73284693,2021-11
1879.0,2.0,137,Debit,2021-11-30,手形期日落日 東原産業株式会社,10B100030,支払手形,,,000,共通部門,1819272,0,10A100020,当座預金,1,ABC銀行,000,共通部門,38087678,2021-11
1879.0,2.0,137,Credit,2021-11-30,手形期日落日 東原産業株式会社,10A100020,当座預金,1,ABC銀行,000,共通部門,0,1819272,10B100030,支払手形,,,000,共通部門,71465421,2021-11
1879.0,3.0,137,Debit,2021-11-30,手形期日落日 光野販売株式会社,10B100030,支払手形,,,000,共通部門,3148603,0,10A100020,当座預金,1,ABC銀行,000,共通部門,34939075,2021-11
1879.0,3.0,137,Credit,2021-11-30,手形期日落日 光野販売株式会社,10A100020,当座預金,1,ABC銀行,000,共通部門,0,3148603,10B100030,支払手形,,,000,共通部門,68316818,2021-11
1880.0,1.0,138,Debit,2021-11-30,手形満期 株式会社桜丘百貨店 | 手形番号=R20210825-106-2;受取額に決済額を訂正,10A100020,当座預金,1,ABC銀行,000,共通部門,16395173,0,10A100060,受取手形,,,000,共通部門,84711991,2021-11
1880.0,1.0,138,Credit,2021-11-30,手形満期 株式会社桜丘百貨店 | 手形番号=R20210825-106-2;受取額に決済額を訂正,10A100060,受取手形,,,000,共通部門,0,16395173,10A100020,当座預金,1,ABC銀行,000,共通部門,71614132,2021-11
1881.0,1.0,144,Debit,2021-11-30,貸付金返済,10A100020,普通預金,20,ABC銀行 本店,000,共通部門,40000,0,10A100610,短期貸付金,,,000,共通部門,84751991,2021-11
1881.0,1.0,144,Credit,2021-11-30,貸付金返済,10A100610,短期貸付金,,,000,共通部門,0,40000,10A100020,普通預金,20,ABC銀行 本店,000,共通部門,760000,2021-11
1882.0,1.0,145,Debit,2021-11-30,運賃,10E200870,運賃,,,050,九州営業所,140400,0,10B100630,未払金,,,000,共通部門,26006803,2021-11
1882.0,1.0,145,Credit,2021-11-30,運賃,10B100630,未払金,,,000,共通部門,0,140400,10E200870,運賃,,,050,九州営業所,11070785,2021-11
1883.0,1.0,146,Debit,2021-11-30,定期積立金,10A100020,定期積金,,,000,共通部門,500000,0,10A100020,普通預金,20,ABC銀行 本店,000,共通部門,85251991,2021-11
1883.0,1.0,146,Credit,2021-11-30,定期積立金,10A100020,普通預金,20,ABC銀行 本店,000,共通部門,0,500000,10A100020,定期積金,,,000,共通部門,84751991,2021-11
1883.0,2.0,146,Debit,2021-11-30,保険積立金,10A230570,保険積立金,,,000,共通部門,125000,0,10A100020,普通預金,20,ABC銀行 本店,000,共通部門,2528000,2021-11
1883.0,2.0,146,Credit,2021-11-30,保険積立金,10A100020,普通預金,20,ABC銀行 本店,000,共通部門,0,125000,10A230570,保険積立金,,,000,共通部門,84626991,2021-11
1884.0,1.0,147,Debit,2021-11-30,借入金返済,10B100790,短期借入金,,,000,共通部門,653500,0,10A100020,当座預金,1,ABC銀行,000,共通部門,2614000,2021-11
1884.0,1.0,147,Credit,2021-11-30,借入金返済,10A100020,当座預金,1,ABC銀行,000,共通部門,0,653500,10B100790,短期借入金,,,000,共通部門,83973491,2021-11
1884.0,2.0,147,Debit,2021-11-30,利息,10E300020,支払利息,,,020,東京支店,32675,0,10A100020,当座預金,1,ABC銀行,000,共通部門,971043,2021-11
1884.0,2.0,147,Credit,2021-11-30,利息,10A100020,当座預金,1,ABC銀行,000,共通部門,0,32675,10E300020,支払利息,,,020,東京支店,83940816,2021-11
1885.0,1.0,155,Debit,2021-11-30,点検整備,10E201120,車両費,,,050,九州営業所,25420,0,10B100630,未払金,,,000,共通部門,4729031,2021-11
1885.0,1.0,155,Credit,2021-11-30,点検整備,10B100630,未払金,,,000,共通部門,0,25420,10E201120,車両費,,,050,九州営業所,11096205,2021-11
1836.0,1.0,36,Debit,2021-11-30,運賃 架空運送会社A,10E200870,運賃,,,020,東京支店,1723867,0,10B100630,未払金,,,000,共通部門,27730670,2021-11
1836.0,1.0,36,Credit,2021-11-30,運賃 架空運送会社A,10B100630,未払金,,,000,共通部門,0,1723867,10E200870,運賃,,,020,東京支店,12820072,2021-11
1836.0,2.0,36,Debit,2021-11-30,運賃 架空運送会社B,10E200870,運賃,,,020,東京支店,1281581,0,10B100630,未払金,,,000,共通部門,29012251,2021-11
1836.0,2.0,36,Credit,2021-11-30,運賃 架空運送会社B,10B100630,未払金,,,000,共通部門,0,1281581,10E200870,運賃,,,020,東京支店,14101653,2021-11
1837.0,1.0,40,Debit,2021-11-30,広告掲載,10E200050,広告宣伝費,,,020,東京支店,50000,0,10B100630,未払金,,,000,共通部門,1360200,2021-11
1837.0,1.0,40,Credit,2021-11-30,広告掲載,10B100630,未払金,,,000,共通部門,0,50000,10E200050,広告宣伝費,,,020,東京支店,14151653,2021-11
1838.0,1.0,49,Debit,2021-11-30,ガソリン代,10E201120,車両費,,,020,東京支店,145000,0,10A100020,現金,,,000,共通部門,4874031,2021-11
1838.0,1.0,49,Credit,2021-11-30,ガソリン代,10A100020,現金,,,000,共通部門,0,145000,10E201120,車両費,,,020,東京支店,83795816,2021-11
1835.0,1.0,5,Debit,2021-11-30,広告費,10E200050,広告宣伝費,,,010,札幌営業所,52500,0,10A100020,普通預金,10,DEF銀行 駅前,000,共通部門,1412700,2021-11
1835.0,1.0,5,Credit,2021-11-30,広告費,10A100020,普通預金,10,DEF銀行 駅前,000,共通部門,0,52500,10E200050,広告宣伝費,,,010,札幌営業所,83743316,2021-11
1839.0,1.0,55,Debit,2021-11-30,車両管理費,10E201120,車両費,,,020,東京支店,11905,0,10A100020,現金,,,000,共通部門,4885936,2021-11
1839.0,1.0,55,Credit,2021-11-30,車両管理費,10A100020,現金,,,000,共通部門,0,11905,10E201120,車両費,,,020,東京支店,83731411,2021-11
1839.0,2.0,55,Debit,2021-11-30,駐車代,10E201120,車両費,,,020,東京支店,7667,0,10A100020,現金,,,000,共通部門,4893603,2021-11
1839.0,2.0,55,Credit,2021-11-30,駐車代,10A100020,現金,,,000,共通部門,0,7667,10E201120,車両費,,,020,東京支店,83723744,2021-11
1840.0,1.0,63,Debit,2021-11-30,保険料,10E200240,保険料,,,020,東京支店,81000,0,10A100020,普通預金,20,ABC銀行 本店,000,共通部門,2431560,2021-11
1840.0,1.0,63,Credit,2021-11-30,保険料,10A100020,普通預金,20,ABC銀行 本店,000,共通部門,0,81000,10E200240,保険料,,,020,東京支店,83642744,2021-11
1841.0,1.0,66,Debit,2021-11-30,リース料,10E200730,借地借家料,,,020,東京支店,209850,0,10A100020,普通預金,20,ABC銀行 本店,000,共通部門,2350800,2021-11
1841.0,1.0,66,Credit,2021-11-30,リース料,10A100020,普通預金,20,ABC銀行 本店,000,共通部門,0,209850,10E200730,借地借家料,,,020,東京支店,83432894,2021-11
1842.0,1.0,69,Debit,2021-11-30,洗剤代,10E201270,雑費,,,040,大阪支店,735,0,10A100020,現金,,,000,共通部門,3684138,2021-11
1842.0,1.0,69,Credit,2021-11-30,洗剤代,10A100020,現金,,,000,共通部門,0,735,10E201270,雑費,,,040,大阪支店,83432159,2021-11
1843.0,1.0,70,Debit,2021-11-30,有線,10E201270,雑費,,,020,東京支店,6000,0,10B100630,未払金,,,000,共通部門,3690138,2021-11
1843.0,1.0,70,Credit,2021-11-30,有線,10B100630,未払金,,,000,共通部門,0,6000,10E201270,雑費,,,020,東京支店,14157653,2021-11
1843.0,2.0,70,Debit,2021-11-30,警備料,10E201270,雑費,,,020,東京支店,52381,0,10B100630,未払金,,,000,共通部門,3742519,2021-11
1843.0,2.0,70,Credit,2021-11-30,警備料,10B100630,未払金,,,000,共通部門,0,52381,10E201270,雑費,,,020,東京支店,14210034,2021-11
1843.0,3.0,70,Debit,2021-11-30,高速料,10E201120,車両費,,,020,東京支店,73315,0,10A100020,普通預金,20,ABC銀行 本店,000,共通部門,4966918,2021-11
1843.0,3.0,70,Credit,2021-11-30,高速料,10A100020,普通預金,20,ABC銀行 本店,000,共通部門,0,73315,10E201120,車両費,,,020,東京支店,83358844,2021-11
1843.0,4.0,70,Debit,2021-11-30,清掃料,10E201270,雑費,,,020,東京支店,73500,0,10B100630,未払金,,,000,共通部門,3816019,2021-11
1843.0,4.0,70,Credit,2021-11-30,清掃料,10B100630,未払金,,,000,共通部門,0,73500,10E201270,雑費,,,020,東京支店,14283534,2021-11
1844.0,1.0,71,Debit,2021-11-30,保険料,10E200240,保険料,,,030,名古屋支店,62000,0,10A100020,普通預金,30,GHI銀行 名古屋,000,共通部門,2493560,2021-11
1844.0,1.0,71,Credit,2021-11-30,保険料,10A100020,普通預金,30,GHI銀行 名古屋,000,共通部門,0,62000,10E200240,保険料,,,030,名古屋支店,83296844,2021-11
1845.0,1.0,72,Debit,2021-11-30,保険料支払い,10E200240,保険料,,,050,九州営業所,57000,0,10A100020,普通預金,50,MNO銀行 北九州,000,共通部門,2550560,2021-11
1845.0,1.0,72,Credit,2021-11-30,保険料支払い,10A100020,普通預金,50,MNO銀行 北九州,000,共通部門,0,57000,10E200240,保険料,,,050,九州営業所,83239844,2021-11
1846.0,1.0,74,Debit,2021-11-30,,10E200200,消耗品費,,,010,札幌営業所,25738,0,10E200200,消耗品費,,,000,共通部門,2236612,2021-11
1846.0,1.0,74,Credit,2021-11-30,,10E200200,消耗品費,,,000,共通部門,0,25738,10E200200,消耗品費,,,010,札幌営業所,2210874,2021-11
1846.0,2.0,74,Debit,2021-11-30,,10E200200,消耗品費,,,020,東京支店,112313,0,10E200200,消耗品費,,,000,共通部門,2323187,2021-11
1846.0,2.0,74,Credit,2021-11-30,,10E200200,消耗品費,,,000,共通部門,0,112313,10E200200,消耗品費,,,020,東京支店,2210874,2021-11
1846.0,3.0,74,Debit,2021-11-30,,10E200200,消耗品費,,,030,名古屋支店,23398,0,10E200200,消耗品費,,,000,共通部門,2234272,2021-11
1846.0,3.0,74,Credit,2021-11-30,,10E200200,消耗品費,,,000,共通部門,0,23398,10E200200,消耗品費,,,030,名古屋支店,2210874,2021-11
1846.0,4.0,74,Debit,2021-11-30,,10E200200,消耗品費,,,040,大阪支店,56155,0,10E200200,消耗品費,,,000,共通部門,2267029,2021-11
1846.0,4.0,74,Credit,2021-11-30,,10E200200,消耗品費,,,000,共通部門,0,56155,10E200200,消耗品費,,,040,大阪支店,2210874,2021-11
1846.0,5.0,74,Debit,2021-11-30,,10E200200,消耗品費,,,050,九州営業所,16378,0,10E200200,消耗品費,,,000,共通部門,2227252,2021-11
1846.0,5.0,74,Credit,2021-11-30,,10E200200,消耗品費,,,000,共通部門,0,16378,10E200200,消耗品費,,,050,九州営業所,2210874,2021-11
1847.0,1.0,77,Debit,2021-11-30,運賃,10E200870,運賃,,,030,名古屋支店,196590,0,10B100630,未払金,,,000,共通部門,29208841,2021-11
1847.0,1.0,77,Credit,2021-11-30,運賃,10B100630,未払金,,,000,共通部門,0,196590,10E200870,運賃,,,030,名古屋支店,14480124,2021-11
1848.0,1.0,83,Debit,2021-11-30,10月分支払,10B100630,未払金,,,000,共通部門,7681594,0,10A100020,普通預金,20,ABC銀行 本店,000,共通部門,6798530,2021-11
1848.0,1.0,83,Credit,2021-11-30,10月分支払,10A100020,普通預金,20,ABC銀行 本店,000,共通部門,0,7681594,10B100630,未払金,,,000,共通部門,75558250,2021-11
1849.0,1.0,96,Debit,2021-11-30,警備料,10E201270,雑費,,,030,名古屋支店,22470,0,10A100020,普通預金,30,GHI銀行 名古屋,000,共通部門,3838489,2021-11
1849.0,1.0,96,Credit,2021-11-30,警備料,10A100020,普通預金,30,GHI銀行 名古屋,000,共通部門,0,22470,10E201270,雑費,,,030,名古屋支店,75535780,2021-11
1850.0,1.0,99,Debit,2021-11-30,運賃,10E200870,運賃,,,040,大阪支店,846100,0,10B100630,未払金,,,000,共通部門,30054941,2021-11
1850.0,1.0,99,Credit,2021-11-30,運賃,10B100630,未払金,,,000,共通部門,0,846100,10E200870,運賃,,,040,大阪支店,7644630,2021-11
1886.0,1.0,990008,Debit,2021-11-30,サンプル定義：賞与半年均等引当 202111 部門010,10E200130,賞与,,,010,札幌営業所,190000,0,10B100320,賞与引当金,,,010,札幌営業所,6904334,2021-11
1886.0,1.0,990008,Credit,2021-11-30,サンプル定義：賞与半年均等引当 202111 部門010,10B100320,賞与引当金,,,010,札幌営業所,0,190000,10E200130,賞与,,,010,札幌営業所,4883334,2021-11
1886.0,2.0,990008,Debit,2021-11-30,サンプル定義：賞与半年均等引当 202111 部門020,10E200130,賞与,,,020,東京支店,451666,0,10B100320,賞与引当金,,,020,東京支店,7356000,2021-11
1886.0,2.0,990008,Credit,2021-11-30,サンプル定義：賞与半年均等引当 202111 部門020,10B100320,賞与引当金,,,020,東京支店,0,451666,10E200130,賞与,,,020,東京支店,5335000,2021-11
1886.0,3.0,990008,Debit,2021-11-30,サンプル定義：賞与半年均等引当 202111 部門030,10E200130,賞与,,,030,名古屋支店,178334,0,10B100320,賞与引当金,,,030,名古屋支店,7534334,2021-11
1886.0,3.0,990008,Credit,2021-11-30,サンプル定義：賞与半年均等引当 202111 部門030,10B100320,賞与引当金,,,030,名古屋支店,0,178334,10E200130,賞与,,,030,名古屋支店,5513334,2021-11
1886.0,4.0,990008,Debit,2021-11-30,サンプル定義：賞与半年均等引当 202111 部門040,10E200130,賞与,,,040,大阪支店,216666,0,10B100320,賞与引当金,,,040,大阪支店,7751000,2021-11
1886.0,4.0,990008,Credit,2021-11-30,サンプル定義：賞与半年均等引当 202111 部門040,10B100320,賞与引当金,,,040,大阪支店,0,216666,10E200130,賞与,,,040,大阪支店,5730000,2021-11
1886.0,5.0,990008,Debit,2021-11-30,サンプル定義：賞与半年均等引当 202111 部門050,10E200130,賞与,,,050,九州営業所,136666,0,10B100320,賞与引当金,,,050,九州営業所,7887666,2021-11
1886.0,5.0,990008,Credit,2021-11-30,サンプル定義：賞与半年均等引当 202111 部門050,10B100320,賞与引当金,,,050,九州営業所,0,136666,10E200130,賞与,,,050,九州営業所,5866666,2021-11
