Transaction_ID,Line_ID,Entry_ID,Ledger_Side,Transaction_Date,Description,Ledger_Account_Number,Ledger_Account_Name,Subaccount_Code,Subaccount_Name,Department_Code,Department_Name,Debit_Amount,Credit_Amount,Counterpart_Account_Number,Counterpart_Account_Name,Counterpart_Subaccount_Code,Counterpart_Subaccount_Name,Counterpart_Department_Code,Counterpart_Department_Name,Balance,Month
,,,Opening,2021-04-01,* 月初残高,10A100020,普通預金,,,,,0,0,,,,,,,97003047,2021-04
,,,Opening,2021-04-01,* 月初残高,10A100040,貸倒引当金,,,,,0,0,,,,,,,1758018,2021-04
,,,Opening,2021-04-01,* 月初残高,10A100060,受取手形,,,,,0,0,,,,,,,59534189,2021-04
,,,Opening,2021-04-01,* 月初残高,10A100090,売掛金,,,,,0,0,,,,,,,98170353,2021-04
,,,Opening,2021-04-01,* 月初残高,10A100200,電子記録債権,,,,,0,0,,,,,,,0,2021-04
,,,Opening,2021-04-01,* 月初残高,10A100230,有価証券,,,,,0,0,,,,,,,1271350,2021-04
,,,Opening,2021-04-01,* 月初残高,10A100280,商品,,,,,0,0,,,,,,,63013226,2021-04
,,,Opening,2021-04-01,* 月初残高,10A100610,短期貸付金,,,,,0,0,,,,,,,480000,2021-04
,,,Opening,2021-04-01,* 月初残高,10A100800,差入保証金,,,,,0,0,,,,,,,1200000,2021-04
,,,Opening,2021-04-01,* 月初残高,10A100850,仮払消費税等,,,,,0,0,,,,,,,2762581,2021-04
,,,Opening,2021-04-01,* 月初残高,10A210130,構築物,,,,,0,0,,,,,,,3280000,2021-04
,,,Opening,2021-04-01,* 月初残高,10A210410,工具、器具及び備品,,,,,0,0,,,,,,,4779810,2021-04
,,,Opening,2021-04-01,* 月初残高,10A220190,電話加入権,,,,,0,0,,,,,,,512000,2021-04
,,,Opening,2021-04-01,* 月初残高,10A230570,保険積立金,,,,,0,0,,,,,,,1528000,2021-04
,,,Opening,2021-04-01,* 月初残高,10A230650,敷金,,,,,0,0,,,,,,,3140000,2021-04
,,,Opening,2021-04-01,* 月初残高,10B100030,支払手形,,,,,0,0,,,,,,,52251735,2021-04
,,,Opening,2021-04-01,* 月初残高,10B100040,買掛金,,,,,0,0,,,,,,,64051101,2021-04
,,,Opening,2021-04-01,* 月初残高,10B100320,賞与引当金,,,,,0,0,,,,,,,2021000,2021-04
,,,Opening,2021-04-01,* 月初残高,10B100630,未払金,,,,,0,0,,,,,,,7584692,2021-04
,,,Opening,2021-04-01,* 月初残高,10B100640,未払法人税等,,,,,0,0,,,,,,,2864378,2021-04
,,,Opening,2021-04-01,* 月初残高,10B100660,未払消費税等,,,,,0,0,,,,,,,4947100,2021-04
,,,Opening,2021-04-01,* 月初残高,10B100670,未払事業税等,,,,,0,0,,,,,,,1862000,2021-04
,,,Opening,2021-04-01,* 月初残高,10B100690,預り金,,,,,0,0,,,,,,,2309575,2021-04
,,,Opening,2021-04-01,* 月初残高,10B100790,短期借入金,,,,,0,0,,,,,,,7842000,2021-04
,,,Opening,2021-04-01,* 月初残高,10B100890,仮受消費税等,,,,,0,0,,,,,,,6540636,2021-04
,,,Opening,2021-04-01,* 月初残高,10B200080,長期借入金,,,,,0,0,,,,,,,37343150,2021-04
,,,Opening,2021-04-01,* 月初残高,10B200120,退職給付引当金,,,,,0,0,,,,,,,18560000,2021-04
,,,Opening,2021-04-01,* 月初残高,10B200130,役員退職慰労引当金,,,,,0,0,,,,,,,22000000,2021-04
,,,Opening,2021-04-01,* 月初残高,10C110010,資本金,,,,,0,0,,,,,,,10000000,2021-04
,,,Opening,2021-04-01,* 月初残高,10C120020,資本準備金,,,,,0,0,,,,,,,0,2021-04
,,,Opening,2021-04-01,* 月初残高,10C130020,利益準備金,,,,,0,0,,,,,,,7200000,2021-04
,,,Opening,2021-04-01,* 月初残高,10C130360,別途積立金,,,,,0,0,,,,,,,4830000,2021-04
,,,Opening,2021-04-01,* 月初残高,10C130370,繰越利益剰余金,,,,,0,0,,,,,,,82709171,2021-04
,,,Opening,2021-04-01,* 月初残高,10D100100,総売上高,,,,,0,0,,,,,,,0,2021-04
,,,Opening,2021-04-01,* 月初残高,10D100110,売上値引及び戻り高,,,,,0,0,,,,,,,0,2021-04
,,,Opening,2021-04-01,* 月初残高,10E100100,商品期首たな卸高,,,,,0,0,,,,,,,0,2021-04
,,,Opening,2021-04-01,* 月初残高,10E100120,仕入値引及び戻し高,,,,,0,0,,,,,,,0,2021-04
,,,Opening,2021-04-01,* 月初残高,10E100130,当期商品仕入高,,,,,0,0,,,,,,,0,2021-04
,,,Opening,2021-04-01,* 月初残高,10E100140,商品期末たな卸高,,,,,0,0,,,,,,,0,2021-04
,,,Opening,2021-04-01,* 月初残高,10E200020,販売手数料,,,,,0,0,,,,,,,0,2021-04
,,,Opening,2021-04-01,* 月初残高,10E200050,広告宣伝費,,,,,0,0,,,,,,,0,2021-04
,,,Opening,2021-04-01,* 月初残高,10E200090,役員報酬,,,,,0,0,,,,,,,0,2021-04
,,,Opening,2021-04-01,* 月初残高,10E200130,賞与,,,,,0,0,,,,,,,0,2021-04
,,,Opening,2021-04-01,* 月初残高,10E200140,福利厚生費,,,,,0,0,,,,,,,0,2021-04
,,,Opening,2021-04-01,* 月初残高,10E200150,交際費,,,,,0,0,,,,,,,0,2021-04
,,,Opening,2021-04-01,* 月初残高,10E200180,通信費,,,,,0,0,,,,,,,0,2021-04
,,,Opening,2021-04-01,* 月初残高,10E200200,消耗品費,,,,,0,0,,,,,,,0,2021-04
,,,Opening,2021-04-01,* 月初残高,10E200210,租税公課,,,,,0,0,,,,,,,0,2021-04
,,,Opening,2021-04-01,* 月初残高,10E200220,減価償却費,,,,,0,0,,,,,,,0,2021-04
,,,Opening,2021-04-01,* 月初残高,10E200240,保険料,,,,,0,0,,,,,,,0,2021-04
,,,Opening,2021-04-01,* 月初残高,10E200370,給料及び手当,,,,,0,0,,,,,,,0,2021-04
,,,Opening,2021-04-01,* 月初残高,10E200520,雑給,,,,,0,0,,,,,,,0,2021-04
,,,Opening,2021-04-01,* 月初残高,10E200540,法定福利費,,,,,0,0,,,,,,,0,2021-04
,,,Opening,2021-04-01,* 月初残高,10E200600,支払報酬,,,,,0,0,,,,,,,0,2021-04
,,,Opening,2021-04-01,* 月初残高,10E200690,支払手数料,,,,,0,0,,,,,,,0,2021-04
,,,Opening,2021-04-01,* 月初残高,10E200720,地代家賃,,,,,0,0,,,,,,,0,2021-04
,,,Opening,2021-04-01,* 月初残高,10E200730,借地借家料,,,,,0,0,,,,,,,0,2021-04
,,,Opening,2021-04-01,* 月初残高,10E200870,運賃,,,,,0,0,,,,,,,0,2021-04
,,,Opening,2021-04-01,* 月初残高,10E201000,修繕維持費,,,,,0,0,,,,,,,0,2021-04
,,,Opening,2021-04-01,* 月初残高,10E201040,水道光熱費,,,,,0,0,,,,,,,0,2021-04
,,,Opening,2021-04-01,* 月初残高,10E201110,事務用消耗品費,,,,,0,0,,,,,,,0,2021-04
,,,Opening,2021-04-01,* 月初残高,10E201120,車両費,,,,,0,0,,,,,,,0,2021-04
,,,Opening,2021-04-01,* 月初残高,10E201130,会議費,,,,,0,0,,,,,,,0,2021-04
,,,Opening,2021-04-01,* 月初残高,10E201140,諸会費,,,,,0,0,,,,,,,0,2021-04
,,,Opening,2021-04-01,* 月初残高,10E201160,図書費,,,,,0,0,,,,,,,0,2021-04
,,,Opening,2021-04-01,* 月初残高,10E201230,旅費及び交通費,,,,,0,0,,,,,,,0,2021-04
,,,Opening,2021-04-01,* 月初残高,10E201270,雑費,,,,,0,0,,,,,,,0,2021-04
,,,Opening,2021-04-01,* 月初残高,10E300020,支払利息,,,,,0,0,,,,,,,0,2021-04
,,,Opening,2021-04-01,* 月初残高,10F100070,法人税、住民税及び事業税,,,,,0,0,,,,,,,0,2021-04
1,1,18,Debit,2021-04-01,旅費,10E201230,旅費及び交通費,,,010,札幌営業所,19500,0,10A100020,現金,,,,,19500,2021-04
1,1,18,Credit,2021-04-01,旅費,10A100020,現金,,,000,共通部門,0,19500,10E201230,旅費及び交通費,,,,,96983547,2021-04
2,1,246,Debit,2021-04-01,旅費,10E201230,旅費及び交通費,,,030,名古屋支店,10000,0,10A100020,現金,,,,,29500,2021-04
2,1,246,Credit,2021-04-01,旅費,10A100020,現金,,,000,共通部門,0,10000,10E201230,旅費及び交通費,,,,,96973547,2021-04
5,1,122,Debit,2021-04-02,証明書発行手数料,10E200180,通信費,,,040,大阪支店,1050,0,10A100020,現金,,,,,1050,2021-04
5,1,122,Credit,2021-04-02,証明書発行手数料,10A100020,現金,,,000,共通部門,0,1050,10E200180,通信費,,,,,96972497,2021-04
6,1,142,Debit,2021-04-02,高速代,10E201120,車両費,,,040,大阪支店,2458,0,10A100020,現金,,,,,2458,2021-04
6,1,142,Credit,2021-04-02,高速代,10A100020,現金,,,000,共通部門,0,2458,10E201120,車両費,,,,,96970039,2021-04
6,2,142,Debit,2021-04-02,駐車代,10E201120,車両費,,,040,大阪支店,591,0,10A100020,現金,,,,,3049,2021-04
6,2,142,Credit,2021-04-02,駐車代,10A100020,現金,,,000,共通部門,0,591,10E201120,車両費,,,,,96969448,2021-04
6,3,142,Debit,2021-04-02,ガソリン代,10E201120,車両費,,,040,大阪支店,4620,0,10A100020,現金,,,,,7669,2021-04
6,3,142,Credit,2021-04-02,ガソリン代,10A100020,現金,,,000,共通部門,0,4620,10E201120,車両費,,,,,96964828,2021-04
6,4,142,Debit,2021-04-02,洗車券代,10E201120,車両費,,,040,大阪支店,5715,0,10A100020,現金,,,,,13384,2021-04
6,4,142,Credit,2021-04-02,洗車券代,10A100020,現金,,,000,共通部門,0,5715,10E201120,車両費,,,,,96959113,2021-04
3,1,19,Debit,2021-04-02,旅費,10E201230,旅費及び交通費,,,010,札幌営業所,11000,0,10A100020,現金,,,,,40500,2021-04
3,1,19,Credit,2021-04-02,旅費,10A100020,現金,,,000,共通部門,0,11000,10E201230,旅費及び交通費,,,,,96948113,2021-04
4,1,68,Debit,2021-04-02,トイレットペーパー他,10E201270,雑費,,,010,札幌営業所,2970,0,10A100020,現金,,,,,2970,2021-04
4,1,68,Credit,2021-04-02,トイレットペーパー他,10A100020,現金,,,000,共通部門,0,2970,10E201270,雑費,,,,,96945143,2021-04
8,1,134,Debit,2021-04-03,用紙,10E201110,事務用消耗品費,,,010,札幌営業所,15600,0,10A100020,現金,,,,,15600,2021-04
8,1,134,Credit,2021-04-03,用紙,10A100020,現金,,,000,共通部門,0,15600,10E201110,事務用消耗品費,,,,,96929543,2021-04
7,1,41,Debit,2021-04-03,結婚式会費,10E200150,交際費,,,020,東京支店,12000,0,10A100020,現金,,,,,12000,2021-04
7,1,41,Credit,2021-04-03,結婚式会費,10A100020,現金,,,000,共通部門,0,12000,10E200150,交際費,,,,,96917543,2021-04
9,1,310,Debit,2021-04-04,ガソリン代,10E201120,車両費,,,050,九州営業所,6486,0,10A100020,現金,,,,,19870,2021-04
9,1,310,Credit,2021-04-04,ガソリン代,10A100020,現金,,,000,共通部門,0,6486,10E201120,車両費,,,,,96911057,2021-04
9,2,310,Debit,2021-04-04,高速代,10E201120,車両費,,,050,九州営業所,9715,0,10A100020,現金,,,,,29585,2021-04
9,2,310,Credit,2021-04-04,高速代,10A100020,現金,,,000,共通部門,0,9715,10E201120,車両費,,,,,96901342,2021-04
9,3,310,Debit,2021-04-04,駐車代,10E201120,車両費,,,050,九州営業所,1200,0,10A100020,現金,,,,,30785,2021-04
9,3,310,Credit,2021-04-04,駐車代,10A100020,現金,,,000,共通部門,0,1200,10E201120,車両費,,,,,96900142,2021-04
11,1,133,Debit,2021-04-05,税理士報酬,10E200600,支払報酬,,,020,東京支店,139710,0,10A100020,普通預金,,,,,139710,2021-04
11,1,133,Credit,2021-04-05,税理士報酬,10A100020,普通預金,20,ABC銀行 本店,000,共通部門,0,139710,10E200600,支払報酬,,,,,96760432,2021-04
12,1,139,Debit,2021-04-05,制服代,10E200140,福利厚生費,,,040,大阪支店,55630,0,10B100630,未払金,,,,,55630,2021-04
12,1,139,Credit,2021-04-05,制服代,10B100630,未払金,,,000,共通部門,0,55630,10E200140,福利厚生費,,,,,7640322,2021-04
13,1,254,Debit,2021-04-05,4月5日伝票No190株式会社豊原産業,10A100020,普通預金,50,MNO銀行 北九州,000,共通部門,2959035,0,10A100090,売掛金,,,,,99719467,2021-04
13,1,254,Credit,2021-04-05,4月5日伝票No190株式会社豊原産業,10A100090,売掛金,22,株式会社豊原産業,000,共通部門,0,2959035,10A100020,普通預金,,,,,95211318,2021-04
13,2,254,Debit,2021-04-05,4月5日伝票No190株式会社豊原産業,10E200690,支払手数料,,,050,九州営業所,630,0,10A100090,売掛金,,,,,630,2021-04
13,2,254,Credit,2021-04-05,4月5日伝票No190株式会社豊原産業,10A100090,売掛金,22,株式会社豊原産業,000,共通部門,0,630,10E200690,支払手数料,,,,,95210688,2021-04
14,1,255,Debit,2021-04-05,4月5日伝票No191若松販売株式会社,10A100020,普通預金,20,ABC銀行 本店,000,共通部門,1508295,0,10A100090,売掛金,,,,,101227762,2021-04
14,1,255,Credit,2021-04-05,4月5日伝票No191若松販売株式会社,10A100090,売掛金,26,若松販売株式会社,000,共通部門,0,1508295,10A100020,普通預金,,,,,93702393,2021-04
14,2,255,Debit,2021-04-05,4月5日伝票No191若松販売株式会社,10E200690,支払手数料,,,020,東京支店,472,0,10A100090,売掛金,,,,,1102,2021-04
14,2,255,Credit,2021-04-05,4月5日伝票No191若松販売株式会社,10A100090,売掛金,26,若松販売株式会社,000,共通部門,0,472,10E200690,支払手数料,,,,,93701921,2021-04
15,1,256,Debit,2021-04-05,4月5日伝票No192晴海物産株式会社,10A100020,普通預金,30,GHI銀行 名古屋,000,共通部門,2171384,0,10A100090,売掛金,,,,,103399146,2021-04
15,1,256,Credit,2021-04-05,4月5日伝票No192晴海物産株式会社,10A100090,売掛金,27,晴海物産株式会社,000,共通部門,0,2171384,10A100020,普通預金,,,,,91530537,2021-04
15,2,256,Debit,2021-04-05,4月5日伝票No192晴海物産株式会社,10E200690,支払手数料,,,030,名古屋支店,735,0,10A100090,売掛金,,,,,1837,2021-04
15,2,256,Credit,2021-04-05,4月5日伝票No192晴海物産株式会社,10A100090,売掛金,27,晴海物産株式会社,000,共通部門,0,735,10E200690,支払手数料,,,,,91529802,2021-04
10,1,76,Debit,2021-04-05,制服代,10E200140,福利厚生費,,,020,東京支店,56000,0,10B100630,未払金,,,,,111630,2021-04
10,1,76,Credit,2021-04-05,制服代,10B100630,未払金,,,000,共通部門,0,56000,10E200140,福利厚生費,,,,,7696322,2021-04
16,1,10,Debit,2021-04-06,ガソリン代,10E201120,車両費,,,010,札幌営業所,4224,0,10A100020,現金,,,,,35009,2021-04
16,1,10,Credit,2021-04-06,ガソリン代,10A100020,現金,,,000,共通部門,0,4224,10E201120,車両費,,,,,103394922,2021-04
19,1,106,Debit,2021-04-06,食事代 架空店舗045 2名,10E200150,交際費,,,040,大阪支店,5372,0,10A100020,現金,,,,,17372,2021-04
19,1,106,Credit,2021-04-06,食事代 架空店舗045 2名,10A100020,現金,,,000,共通部門,0,5372,10E200150,交際費,,,,,103389550,2021-04
19,2,106,Debit,2021-04-06,飲食代 架空店舗022,10E200150,交際費,,,040,大阪支店,30648,0,10A100020,現金,,,,,48020,2021-04
19,2,106,Credit,2021-04-06,飲食代 架空店舗022,10A100020,現金,,,000,共通部門,0,30648,10E200150,交際費,,,,,103358902,2021-04
20,1,110,Debit,2021-04-06,タクシー代,10E201230,旅費及び交通費,,,040,大阪支店,2290,0,10A100020,現金,,,,,42790,2021-04
20,1,110,Credit,2021-04-06,タクシー代,10A100020,現金,,,000,共通部門,0,2290,10E201230,旅費及び交通費,,,,,103356612,2021-04
21,1,123,Debit,2021-04-06,切手代,10E200180,通信費,,,040,大阪支店,40000,0,10A100020,現金,,,,,41050,2021-04
21,1,123,Credit,2021-04-06,切手代,10A100020,現金,,,000,共通部門,0,40000,10E200180,通信費,,,,,103316612,2021-04
22,1,124,Debit,2021-04-06,収入印紙,10E200210,租税公課,,,040,大阪支店,6000,0,10A100020,現金,,,,,6000,2021-04
22,1,124,Credit,2021-04-06,収入印紙,10A100020,現金,,,000,共通部門,0,6000,10E200210,租税公課,,,,,103310612,2021-04
23,1,147,Debit,2021-04-06,ガソリン代,10E201120,車両費,,,050,九州営業所,5126,0,10B100630,未払金,,,,,40135,2021-04
23,1,147,Credit,2021-04-06,ガソリン代,10B100630,未払金,,,000,共通部門,0,5126,10E201120,車両費,,,,,7701448,2021-04
24,1,156,Debit,2021-04-06,出張旅費,10E201230,旅費及び交通費,,,050,九州営業所,7500,0,10A100020,現金,,,,,50290,2021-04
24,1,156,Credit,2021-04-06,出張旅費,10A100020,現金,,,000,共通部門,0,7500,10E201230,旅費及び交通費,,,,,103303112,2021-04
25,1,236,Debit,2021-04-06,ゴルフプレー代2名,10E200150,交際費,,,020,東京支店,26500,0,10A100020,現金,,,,,74520,2021-04
25,1,236,Credit,2021-04-06,ゴルフプレー代2名,10A100020,現金,,,000,共通部門,0,26500,10E200150,交際費,,,,,103276612,2021-04
26,1,305,Debit,2021-04-06,資金移動,10A100020,普通預金,40,JKL銀行 梅田,000,共通部門,1000000,0,10A100020,普通預金,,,,,104276612,2021-04
26,1,305,Credit,2021-04-06,資金移動,10A100020,普通預金,20,ABC銀行 本店,000,共通部門,0,1000000,10A100020,普通預金,,,,,103276612,2021-04
17,1,42,Debit,2021-04-06,昼食代 架空店舗036,10E200150,交際費,,,020,東京支店,4650,0,10A100020,現金,,,,,79170,2021-04
17,1,42,Credit,2021-04-06,昼食代 架空店舗036,10A100020,現金,,,000,共通部門,0,4650,10E200150,交際費,,,,,103271962,2021-04
18,1,84,Debit,2021-04-06,切手代,10E200180,通信費,,,030,名古屋支店,70000,0,10A100020,現金,,,,,111050,2021-04
18,1,84,Credit,2021-04-06,切手代,10A100020,現金,,,000,共通部門,0,70000,10E200180,通信費,,,,,103201962,2021-04
35,1,102,Debit,2021-04-07,手土産代 架空店舗089,10E200150,交際費,,,040,大阪支店,1050,0,10A100020,現金,,,,,80220,2021-04
35,1,102,Credit,2021-04-07,手土産代 架空店舗089,10A100020,現金,,,000,共通部門,0,1050,10E200150,交際費,,,,,103200912,2021-04
27,1,20,Debit,2021-04-07,旅費,10E201230,旅費及び交通費,,,010,札幌営業所,39000,0,10A100020,現金,,,,,89290,2021-04
27,1,20,Credit,2021-04-07,旅費,10A100020,現金,,,000,共通部門,0,39000,10E201230,旅費及び交通費,,,,,103161912,2021-04
28,1,21,Debit,2021-04-07,架空鉄道会社A代,10E201230,旅費及び交通費,,,010,札幌営業所,69500,0,10A100020,現金,,,,,158790,2021-04
28,1,21,Credit,2021-04-07,架空鉄道会社A代,10A100020,現金,,,000,共通部門,0,69500,10E201230,旅費及び交通費,,,,,103092412,2021-04
29,1,22,Debit,2021-04-07,旅費,10E201230,旅費及び交通費,,,010,札幌営業所,50000,0,10A100020,現金,,,,,208790,2021-04
29,1,22,Credit,2021-04-07,旅費,10A100020,現金,,,000,共通部門,0,50000,10E201230,旅費及び交通費,,,,,103042412,2021-04
30,1,43,Debit,2021-04-07,手土産代 星川商事株式会社,10E200150,交際費,,,020,東京支店,6630,0,10A100020,現金,,,,,86850,2021-04
30,1,43,Credit,2021-04-07,手土産代 星川商事株式会社,10A100020,現金,,,000,共通部門,0,6630,10E200150,交際費,,,,,103035782,2021-04
31,1,56,Debit,2021-04-07,旅費,10E201230,旅費及び交通費,,,020,東京支店,21500,0,10A100020,現金,,,,,230290,2021-04
31,1,56,Credit,2021-04-07,旅費,10A100020,現金,,,000,共通部門,0,21500,10E201230,旅費及び交通費,,,,,103014282,2021-04
32,1,57,Debit,2021-04-07,架空鉄道会社A代,10E201230,旅費及び交通費,,,020,東京支店,97800,0,10A100020,現金,,,,,328090,2021-04
32,1,57,Credit,2021-04-07,架空鉄道会社A代,10A100020,現金,,,000,共通部門,0,97800,10E201230,旅費及び交通費,,,,,102916482,2021-04
33,1,58,Debit,2021-04-07,旅費,10E201230,旅費及び交通費,,,020,東京支店,70000,0,10A100020,現金,,,,,398090,2021-04
33,1,58,Credit,2021-04-07,旅費,10A100020,現金,,,000,共通部門,0,70000,10E201230,旅費及び交通費,,,,,102846482,2021-04
34,1,69,Debit,2021-04-07,お茶代,10E201270,雑費,,,020,東京支店,1332,0,10A100020,現金,,,,,4302,2021-04
34,1,69,Credit,2021-04-07,お茶代,10A100020,現金,,,000,共通部門,0,1332,10E201270,雑費,,,,,102845150,2021-04
34,2,69,Debit,2021-04-07,コーヒー代,10E201270,雑費,,,020,東京支店,2839,0,10A100020,現金,,,,,7141,2021-04
34,2,69,Credit,2021-04-07,コーヒー代,10A100020,現金,,,000,共通部門,0,2839,10E201270,雑費,,,,,102842311,2021-04
37,1,143,Debit,2021-04-08,ガソリン代,10E201120,車両費,,,040,大阪支店,7135,0,10A100020,現金,,,,,47270,2021-04
37,1,143,Credit,2021-04-08,ガソリン代,10A100020,現金,,,000,共通部門,0,7135,10E201120,車両費,,,,,102835176,2021-04
36,1,50,Debit,2021-04-08,高速代,10E201120,車両費,,,020,東京支店,1200,0,10A100020,現金,,,,,48470,2021-04
36,1,50,Credit,2021-04-08,高速代,10A100020,現金,,,000,共通部門,0,1200,10E201120,車両費,,,,,102833976,2021-04
40,1,112,Debit,2021-04-10,電話代,10E200180,通信費,,,040,大阪支店,246816,0,10A100020,普通預金,,,,,357866,2021-04
40,1,112,Credit,2021-04-10,電話代,10A100020,普通預金,40,JKL銀行 梅田,000,共通部門,0,246816,10E200180,通信費,,,,,102587160,2021-04
41,1,129,Debit,2021-04-10,家賃支払い,10E200720,地代家賃,,,030,名古屋支店,399000,0,10A100020,普通預金,,,,,399000,2021-04
41,1,129,Credit,2021-04-10,家賃支払い,10A100020,普通預金,30,GHI銀行 名古屋,000,共通部門,0,399000,10E200720,地代家賃,,,,,102188160,2021-04
42,1,149,Debit,2021-04-10,食事代 架空店舗002 4名,10E200150,交際費,,,030,名古屋支店,5760,0,10A100020,現金,,,,,92610,2021-04
42,1,149,Credit,2021-04-10,食事代 架空店舗002 4名,10A100020,現金,,,000,共通部門,0,5760,10E200150,交際費,,,,,102182400,2021-04
43,1,157,Debit,2021-04-10,航空券代,10E201230,旅費及び交通費,,,050,九州営業所,22200,0,10A100020,普通預金,,,,,420290,2021-04
43,1,157,Credit,2021-04-10,航空券代,10A100020,普通預金,50,MNO銀行 北九州,000,共通部門,0,22200,10E201230,旅費及び交通費,,,,,102160200,2021-04
44,1,162,Debit,2021-04-10,会議　食事代,10E201130,会議費,,,020,東京支店,24995,0,10A100020,現金,,,,,24995,2021-04
44,1,162,Credit,2021-04-10,会議　食事代,10A100020,現金,,,000,共通部門,0,24995,10E201130,会議費,,,,,102135205,2021-04
45,1,167,Debit,2021-04-10,家賃支払い,10E200720,地代家賃,,,050,九州営業所,630000,0,10A100020,普通預金,,,,,1029000,2021-04
45,1,167,Credit,2021-04-10,家賃支払い,10A100020,普通預金,50,MNO銀行 北九州,000,共通部門,0,630000,10E200720,地代家賃,,,,,101505205,2021-04
45,2,167,Debit,2021-04-10,電話代,10E200180,通信費,,,050,九州営業所,166012,0,10A100020,普通預金,,,,,523878,2021-04
45,2,167,Credit,2021-04-10,電話代,10A100020,普通預金,50,MNO銀行 北九州,000,共通部門,0,166012,10E200180,通信費,,,,,101339193,2021-04
46,1,168,Debit,2021-04-10,有線,10E201270,雑費,,,050,九州営業所,6000,0,10B100630,未払金,,,,,13141,2021-04
46,1,168,Credit,2021-04-10,有線,10B100630,未払金,,,000,共通部門,0,6000,10E201270,雑費,,,,,7707448,2021-04
46,2,168,Debit,2021-04-10,警備料,10E201270,雑費,,,050,九州営業所,42858,0,10B100630,未払金,,,,,55999,2021-04
46,2,168,Credit,2021-04-10,警備料,10B100630,未払金,,,000,共通部門,0,42858,10E201270,雑費,,,,,7750306,2021-04
47,1,231,Debit,2021-04-10,源泉税支払,10B100690,預り金,3,源泉税,000,共通部門,224870,0,10A100020,普通預金,,,,,2084705,2021-04
47,1,231,Credit,2021-04-10,源泉税支払,10A100020,普通預金,20,ABC銀行 本店,000,共通部門,0,224870,10B100690,預り金,,,,,101114323,2021-04
47,2,231,Debit,2021-04-10,住民税支払,10B100690,預り金,2,住民税,000,共通部門,467700,0,10A100020,普通預金,,,,,1617005,2021-04
47,2,231,Credit,2021-04-10,住民税支払,10A100020,普通預金,20,ABC銀行 本店,000,共通部門,0,467700,10B100690,預り金,,,,,100646623,2021-04
48,1,232,Debit,2021-04-10,家賃支払,10E200720,地代家賃,,,020,東京支店,1260000,0,10A100020,普通預金,,,,,2289000,2021-04
48,1,232,Credit,2021-04-10,家賃支払,10A100020,普通預金,20,ABC銀行 本店,000,共通部門,0,1260000,10E200720,地代家賃,,,,,99386623,2021-04
49,1,233,Debit,2021-04-10,家賃支払,10E200720,地代家賃,,,040,大阪支店,840000,0,10A100020,普通預金,,,,,3129000,2021-04
49,1,233,Credit,2021-04-10,家賃支払,10A100020,普通預金,40,JKL銀行 梅田,000,共通部門,0,840000,10E200720,地代家賃,,,,,98546623,2021-04
50,1,234,Debit,2021-04-10,有線,10E201270,雑費,,,010,札幌営業所,5000,0,10B100630,未払金,,,,,60999,2021-04
50,1,234,Credit,2021-04-10,有線,10B100630,未払金,,,000,共通部門,0,5000,10E201270,雑費,,,,,7755306,2021-04
50,2,234,Debit,2021-04-10,警備料,10E201270,雑費,,,010,札幌営業所,34286,0,10B100630,未払金,,,,,95285,2021-04
50,2,234,Credit,2021-04-10,警備料,10B100630,未払金,,,000,共通部門,0,34286,10E201270,雑費,,,,,7789592,2021-04
51,1,248,Debit,2021-04-10,旅費,10E201230,旅費及び交通費,,,030,名古屋支店,10450,0,10A100020,現金,,,,,430740,2021-04
51,1,248,Credit,2021-04-10,旅費,10A100020,現金,,,000,共通部門,0,10450,10E201230,旅費及び交通費,,,,,98536173,2021-04
52,1,257,Debit,2021-04-10,4月10日伝票No193株式会社南風商会,10A100020,普通預金,30,GHI銀行 名古屋,000,共通部門,1428451,0,10A100090,売掛金,,,,,99964624,2021-04
52,1,257,Credit,2021-04-10,4月10日伝票No193株式会社南風商会,10A100090,売掛金,19,株式会社南風商会,000,共通部門,0,1428451,10A100020,普通預金,,,,,90101351,2021-04
52,2,257,Debit,2021-04-10,4月10日伝票No193株式会社南風商会,10E200690,支払手数料,,,030,名古屋支店,735,0,10A100090,売掛金,,,,,2572,2021-04
52,2,257,Credit,2021-04-10,4月10日伝票No193株式会社南風商会,10A100090,売掛金,19,株式会社南風商会,000,共通部門,0,735,10E200690,支払手数料,,,,,90100616,2021-04
53,1,258,Debit,2021-04-10,4月10日伝票No194株式会社青葉百貨店 | 売上伝票=202103分未収録;手形番号=R20210410-258-28,10A100060,受取手形,,,000,共通部門,7862107,0,10A100090,売掛金,,,,,67396296,2021-04
53,1,258,Credit,2021-04-10,4月10日伝票No194株式会社青葉百貨店 | 売上伝票=202103分未収録;手形番号=R20210410-258-28,10A100090,売掛金,28,株式会社青葉百貨店,000,共通部門,0,7862107,10A100060,受取手形,,,,,82238509,2021-04
54,1,259,Debit,2021-04-10,4月10日伝票No472青凪商事株式会社,10B100040,買掛金,3,青凪商事株式会社,000,共通部門,1961954,0,10A100090,売掛金,,,,,62089147,2021-04
54,1,259,Credit,2021-04-10,4月10日伝票No472青凪商事株式会社,10A100090,売掛金,3,青凪商事株式会社,000,共通部門,0,1961954,10B100040,買掛金,,,,,80276555,2021-04
55,1,260,Debit,2021-04-10,4月10日伝票No494株式会社花咲商事東京本社,10A100020,普通預金,20,ABC銀行 本店,000,共通部門,18417920,0,10A100090,売掛金,,,,,118382544,2021-04
55,1,260,Credit,2021-04-10,4月10日伝票No494株式会社花咲商事東京本社,10A100090,売掛金,14,株式会社花咲商事,000,共通部門,0,18417920,10A100020,普通預金,,,,,61858635,2021-04
55,2,260,Debit,2021-04-10,4月10日伝票No494株式会社花咲商事東京本社,10E200690,支払手数料,,,020,東京支店,840,0,10A100090,売掛金,,,,,3412,2021-04
55,2,260,Credit,2021-04-10,4月10日伝票No494株式会社花咲商事東京本社,10A100090,売掛金,14,株式会社花咲商事,000,共通部門,0,840,10E200690,支払手数料,,,,,61857795,2021-04
56,1,261,Debit,2021-04-10,4月10日伝票No271青凪商事株式会社,10B100040,買掛金,3,青凪商事株式会社,000,共通部門,7368349,0,10B100030,支払手形,,,,,54720798,2021-04
56,1,261,Credit,2021-04-10,4月10日伝票No271青凪商事株式会社,10B100030,支払手形,,,000,共通部門,0,7368349,10B100040,買掛金,,,,,59620084,2021-04
57,1,262,Debit,2021-04-10,4月10日伝票No273株式会社白樺商事,10B100040,買掛金,8,株式会社白樺商事,000,共通部門,402696,0,10A100020,普通預金,,,,,54318102,2021-04
57,1,262,Credit,2021-04-10,4月10日伝票No273株式会社白樺商事,10A100020,普通預金,20,ABC銀行 本店,000,共通部門,0,402696,10B100040,買掛金,,,,,117979848,2021-04
58,1,298,Debit,2021-04-10,手形期日落日 青凪商事株式会社,10B100030,支払手形,,,000,共通部門,7322934,0,10A100020,当座預金,,,,,52297150,2021-04
58,1,298,Credit,2021-04-10,手形期日落日 青凪商事株式会社,10A100020,当座預金,1,ABC銀行,000,共通部門,0,7322934,10B100030,支払手形,,,,,110656914,2021-04
38,1,33,Debit,2021-04-10,家賃支払い,10E200720,地代家賃,,,010,札幌営業所,320000,0,10A100020,普通預金,,,,,3449000,2021-04
38,1,33,Credit,2021-04-10,家賃支払い,10A100020,普通預金,10,DEF銀行 駅前,000,共通部門,0,320000,10E200720,地代家賃,,,,,110336914,2021-04
38,2,33,Debit,2021-04-10,電話代,10E200180,通信費,,,010,札幌営業所,164130,0,10A100020,普通預金,,,,,688008,2021-04
38,2,33,Credit,2021-04-10,電話代,10A100020,普通預金,10,DEF銀行 駅前,000,共通部門,0,164130,10E200180,通信費,,,,,110172784,2021-04
39,1,85,Debit,2021-04-10,電話代,10E200180,通信費,,,030,名古屋支店,129188,0,10A100020,普通預金,,,,,817196,2021-04
39,1,85,Credit,2021-04-10,電話代,10A100020,普通預金,30,GHI銀行 名古屋,000,共通部門,0,129188,10E200180,通信費,,,,,110043596,2021-04
61,1,229,Debit,2021-04-11,資金移動,10A100020,当座預金,1,ABC銀行,000,共通部門,9000000,0,10A100020,普通預金,,,,,119043596,2021-04
61,1,229,Credit,2021-04-11,資金移動,10A100020,普通預金,20,ABC銀行 本店,000,共通部門,0,9000000,10A100020,当座預金,,,,,110043596,2021-04
61,2,229,Debit,2021-04-11,引き出し,10A100020,現金,,,000,共通部門,2000000,0,10A100020,普通預金,,,,,112043596,2021-04
61,2,229,Credit,2021-04-11,引き出し,10A100020,普通預金,20,ABC銀行 本店,000,共通部門,0,2000000,10A100020,現金,,,,,110043596,2021-04
59,1,73,Debit,2021-04-11,飲食代 架空店舗078 6名,10E200150,交際費,,,020,東京支店,26530,0,10A100020,現金,,,,,119140,2021-04
59,1,73,Credit,2021-04-11,飲食代 架空店舗078 6名,10A100020,現金,,,000,共通部門,0,26530,10E200150,交際費,,,,,110017066,2021-04
60,1,74,Debit,2021-04-11,飲食代 架空店舗025 6名,10E200150,交際費,,,020,東京支店,39000,0,10A100020,現金,,,,,158140,2021-04
60,1,74,Credit,2021-04-11,飲食代 架空店舗025 6名,10A100020,現金,,,000,共通部門,0,39000,10E200150,交際費,,,,,109978066,2021-04
62,1,155,Debit,2021-04-12,ガソリン代,10E201120,車両費,,,050,九州営業所,4500,0,10A100020,現金,,,,,52970,2021-04
62,1,155,Credit,2021-04-12,ガソリン代,10A100020,現金,,,000,共通部門,0,4500,10E201120,車両費,,,,,109973566,2021-04
62,2,155,Debit,2021-04-12,駐車代,10E201120,車両費,,,050,九州営業所,572,0,10A100020,現金,,,,,53542,2021-04
62,2,155,Credit,2021-04-12,駐車代,10A100020,現金,,,000,共通部門,0,572,10E201120,車両費,,,,,109972994,2021-04
63,1,249,Debit,2021-04-12,旅費,10E201230,旅費及び交通費,,,030,名古屋支店,10286,0,10A100020,現金,,,,,441026,2021-04
63,1,249,Credit,2021-04-12,旅費,10A100020,現金,,,000,共通部門,0,10286,10E201230,旅費及び交通費,,,,,109962708,2021-04
63,2,249,Debit,2021-04-12,タクシー代,10E201230,旅費及び交通費,,,030,名古屋支店,4762,0,10A100020,現金,,,,,445788,2021-04
63,2,249,Credit,2021-04-12,タクシー代,10A100020,現金,,,000,共通部門,0,4762,10E201230,旅費及び交通費,,,,,109957946,2021-04
64,1,311,Debit,2021-04-12,タイヤ交換,10E201120,車両費,,,010,札幌営業所,74000,0,10A100020,現金,,,,,127542,2021-04
64,1,311,Credit,2021-04-12,タイヤ交換,10A100020,現金,,,000,共通部門,0,74000,10E201120,車両費,,,,,109883946,2021-04
65,1,11,Debit,2021-04-13,ガソリン代,10E201120,車両費,,,010,札幌営業所,3210,0,10A100020,現金,,,,,130752,2021-04
65,1,11,Credit,2021-04-13,ガソリン代,10A100020,現金,,,000,共通部門,0,3210,10E201120,車両費,,,,,109880736,2021-04
67,1,144,Debit,2021-04-13,ウォッシャー液代,10E201120,車両費,,,040,大阪支店,572,0,10A100020,現金,,,,,131324,2021-04
67,1,144,Credit,2021-04-13,ウォッシャー液代,10A100020,現金,,,000,共通部門,0,572,10E201120,車両費,,,,,109880164,2021-04
67,2,144,Debit,2021-04-13,高速代,10E201120,車両費,,,040,大阪支店,2286,0,10A100020,現金,,,,,133610,2021-04
67,2,144,Credit,2021-04-13,高速代,10A100020,現金,,,000,共通部門,0,2286,10E201120,車両費,,,,,109877878,2021-04
67,3,144,Debit,2021-04-13,ガソリン代,10E201120,車両費,,,040,大阪支店,5833,0,10A100020,現金,,,,,139443,2021-04
67,3,144,Credit,2021-04-13,ガソリン代,10A100020,現金,,,000,共通部門,0,5833,10E201120,車両費,,,,,109872045,2021-04
68,1,150,Debit,2021-04-13,ゴルフプレー代,10E200150,交際費,,,050,九州営業所,14000,0,10A100020,現金,,,,,172140,2021-04
68,1,150,Credit,2021-04-13,ゴルフプレー代,10A100020,現金,,,000,共通部門,0,14000,10E200150,交際費,,,,,109858045,2021-04
69,1,158,Debit,2021-04-13,出張旅費,10E201230,旅費及び交通費,,,040,大阪支店,15000,0,10A100020,現金,,,,,460788,2021-04
69,1,158,Credit,2021-04-13,出張旅費,10A100020,現金,,,000,共通部門,0,15000,10E201230,旅費及び交通費,,,,,109843045,2021-04
66,1,17,Debit,2021-04-13,ウォッシャー液,10E201120,車両費,,,010,札幌営業所,351,0,10A100020,現金,,,,,139794,2021-04
66,1,17,Credit,2021-04-13,ウォッシャー液,10A100020,現金,,,000,共通部門,0,351,10E201120,車両費,,,,,109842694,2021-04
66,2,17,Debit,2021-04-13,駐車代,10E201120,車両費,,,010,札幌営業所,762,0,10A100020,現金,,,,,140556,2021-04
66,2,17,Credit,2021-04-13,駐車代,10A100020,現金,,,000,共通部門,0,762,10E201120,車両費,,,,,109841932,2021-04
70,1,23,Debit,2021-04-14,旅費,10E201230,旅費及び交通費,,,010,札幌営業所,26667,0,10A100020,現金,,,,,487455,2021-04
70,1,23,Credit,2021-04-14,旅費,10A100020,現金,,,000,共通部門,0,26667,10E201230,旅費及び交通費,,,,,109815265,2021-04
70,2,23,Debit,2021-04-14,旅費,10E201230,旅費及び交通費,,,010,札幌営業所,29524,0,10A100020,現金,,,,,516979,2021-04
70,2,23,Credit,2021-04-14,旅費,10A100020,現金,,,000,共通部門,0,29524,10E201230,旅費及び交通費,,,,,109785741,2021-04
70,3,23,Debit,2021-04-14,旅費,10E201230,旅費及び交通費,,,010,札幌営業所,36667,0,10A100020,現金,,,,,553646,2021-04
70,3,23,Credit,2021-04-14,旅費,10A100020,現金,,,000,共通部門,0,36667,10E201230,旅費及び交通費,,,,,109749074,2021-04
71,1,46,Debit,2021-04-14,ガソリン代,10E201120,車両費,,,020,東京支店,2341,0,10A100020,現金,,,,,142897,2021-04
71,1,46,Credit,2021-04-14,ガソリン代,10A100020,現金,,,000,共通部門,0,2341,10E201120,車両費,,,,,109746733,2021-04
71,2,46,Debit,2021-04-14,駐車代,10E201120,車両費,,,020,東京支店,1762,0,10A100020,現金,,,,,144659,2021-04
71,2,46,Credit,2021-04-14,駐車代,10A100020,現金,,,000,共通部門,0,1762,10E201120,車両費,,,,,109744971,2021-04
71,3,46,Debit,2021-04-14,高速代,10E201120,車両費,,,020,東京支店,3048,0,10A100020,現金,,,,,147707,2021-04
71,3,46,Credit,2021-04-14,高速代,10A100020,現金,,,000,共通部門,0,3048,10E201120,車両費,,,,,109741923,2021-04
72,1,51,Debit,2021-04-14,高速代,10E201120,車両費,,,020,東京支店,1505,0,10A100020,現金,,,,,149212,2021-04
72,1,51,Credit,2021-04-14,高速代,10A100020,現金,,,000,共通部門,0,1505,10E201120,車両費,,,,,109740418,2021-04
72,2,51,Debit,2021-04-14,駐車代,10E201120,車両費,,,020,東京支店,620,0,10A100020,現金,,,,,149832,2021-04
72,2,51,Credit,2021-04-14,駐車代,10A100020,現金,,,000,共通部門,0,620,10E201120,車両費,,,,,109739798,2021-04
72,3,51,Debit,2021-04-14,駐車代,10E201120,車両費,,,020,東京支店,810,0,10A100020,現金,,,,,150642,2021-04
72,3,51,Credit,2021-04-14,駐車代,10A100020,現金,,,000,共通部門,0,810,10E201120,車両費,,,,,109738988,2021-04
72,4,51,Debit,2021-04-14,高速代,10E201120,車両費,,,020,東京支店,1096,0,10A100020,現金,,,,,151738,2021-04
72,4,51,Credit,2021-04-14,高速代,10A100020,現金,,,000,共通部門,0,1096,10E201120,車両費,,,,,109737892,2021-04
75,1,117,Debit,2021-04-15,会費,10E201140,諸会費,,,040,大阪支店,20000,0,10A100020,現金,,,,,20000,2021-04
75,1,117,Credit,2021-04-15,会費,10A100020,現金,,,000,共通部門,0,20000,10E201140,諸会費,,,,,109717892,2021-04
76,1,130,Debit,2021-04-15,会費,10E201140,諸会費,,,040,大阪支店,24000,0,10A100020,普通預金,,,,,44000,2021-04
76,1,130,Credit,2021-04-15,会費,10A100020,普通預金,40,JKL銀行 梅田,000,共通部門,0,24000,10E201140,諸会費,,,,,109693892,2021-04
77,1,151,Debit,2021-04-15,飲食代 架空店舗072,10E200150,交際費,,,040,大阪支店,16741,0,10A100020,現金,,,,,188881,2021-04
77,1,151,Credit,2021-04-15,飲食代 架空店舗072,10A100020,現金,,,000,共通部門,0,16741,10E200150,交際費,,,,,109677151,2021-04
77,2,151,Debit,2021-04-15,飲食代 架空店舗032,10E200150,交際費,,,040,大阪支店,21000,0,10A100020,現金,,,,,209881,2021-04
77,2,151,Credit,2021-04-15,飲食代 架空店舗032,10A100020,現金,,,000,共通部門,0,21000,10E200150,交際費,,,,,109656151,2021-04
78,1,243,Debit,2021-04-15,ガソリン代,10E201120,車両費,,,040,大阪支店,6239,0,10A100020,現金,,,,,157977,2021-04
78,1,243,Credit,2021-04-15,ガソリン代,10A100020,現金,,,000,共通部門,0,6239,10E201120,車両費,,,,,109649912,2021-04
79,1,252,Debit,2021-04-15,4月給与その他 0060 パート･アルバイト,10E200520,雑給,,,020,東京支店,378068,0,10A100020,現金,,,,,378068,2021-04
79,1,252,Credit,2021-04-15,4月給与その他 0060 パート･アルバイト,10A100020,現金,,,000,共通部門,0,378068,10E200520,雑給,,,,,109271844,2021-04
79,2,252,Debit,2021-04-15,4月給与その他 0060 パート･アルバイト,10E200520,雑給,,,020,東京支店,2970,0,10B100690,預り金,,,,,381038,2021-04
79,2,252,Credit,2021-04-15,4月給与その他 0060 パート･アルバイト,10B100690,預り金,3,源泉税,000,共通部門,0,2970,10E200520,雑給,,,,,1619975,2021-04
79,3,252,Debit,2021-04-15,4月給与その他 0060 パート･アルバイト,10E200520,雑給,,,020,東京支店,15427,0,10B100690,預り金,,,,,396465,2021-04
79,3,252,Credit,2021-04-15,4月給与その他 0060 パート･アルバイト,10B100690,預り金,9,その他,000,共通部門,0,15427,10E200520,雑給,,,,,1635402,2021-04
80,1,263,Debit,2021-04-15,4月15日伝票No195株式会社若葉百貨店,10A100020,普通預金,50,MNO銀行 北九州,000,共通部門,1382966,0,10A100090,売掛金,,,,,110654810,2021-04
80,1,263,Credit,2021-04-15,4月15日伝票No195株式会社若葉百貨店,10A100090,売掛金,1,株式会社若葉百貨店,000,共通部門,0,1382966,10A100020,普通預金,,,,,60474829,2021-04
80,2,263,Debit,2021-04-15,4月15日伝票No195株式会社若葉百貨店,10E200690,支払手数料,,,050,九州営業所,840,0,10A100090,売掛金,,,,,4252,2021-04
80,2,263,Credit,2021-04-15,4月15日伝票No195株式会社若葉百貨店,10A100090,売掛金,1,株式会社若葉百貨店,000,共通部門,0,840,10E200690,支払手数料,,,,,60473989,2021-04
81,1,264,Debit,2021-04-15,4月15日伝票No196株式会社瑞穂流通,10A100020,普通預金,30,GHI銀行 名古屋,000,共通部門,1269492,0,10A100090,売掛金,,,,,111924302,2021-04
81,1,264,Credit,2021-04-15,4月15日伝票No196株式会社瑞穂流通,10A100090,売掛金,6,株式会社瑞穂流通,000,共通部門,0,1269492,10A100020,普通預金,,,,,59204497,2021-04
81,2,264,Debit,2021-04-15,4月15日伝票No196株式会社瑞穂流通,10E200690,支払手数料,,,030,名古屋支店,840,0,10A100090,売掛金,,,,,5092,2021-04
81,2,264,Credit,2021-04-15,4月15日伝票No196株式会社瑞穂流通,10A100090,売掛金,6,株式会社瑞穂流通,000,共通部門,0,840,10E200690,支払手数料,,,,,59203657,2021-04
82,1,265,Debit,2021-04-15,4月15日伝票No197朝凪物産株式会社,10A100020,普通預金,40,JKL銀行 梅田,000,共通部門,3379724,0,10A100090,売掛金,,,,,115304026,2021-04
82,1,265,Credit,2021-04-15,4月15日伝票No197朝凪物産株式会社,10A100090,売掛金,9,朝凪物産株式会社,000,共通部門,0,3379724,10A100020,普通預金,,,,,55823933,2021-04
82,2,265,Debit,2021-04-15,4月15日伝票No197朝凪物産株式会社,10E200690,支払手数料,,,040,大阪支店,840,0,10A100090,売掛金,,,,,5932,2021-04
82,2,265,Credit,2021-04-15,4月15日伝票No197朝凪物産株式会社,10A100090,売掛金,9,朝凪物産株式会社,000,共通部門,0,840,10E200690,支払手数料,,,,,55823093,2021-04
83,1,266,Debit,2021-04-15,4月15日伝票No198星川商事株式会社,10A100020,普通預金,20,ABC銀行 本店,000,共通部門,2819432,0,10A100090,売掛金,,,,,118123458,2021-04
83,1,266,Credit,2021-04-15,4月15日伝票No198星川商事株式会社,10A100090,売掛金,13,星川商事株式会社,000,共通部門,0,2819432,10A100020,普通預金,,,,,53003661,2021-04
84,1,267,Debit,2021-04-15,4月15日伝票No199清和商事株式会社,10A100020,普通預金,40,JKL銀行 梅田,000,共通部門,2268756,0,10A100090,売掛金,,,,,120392214,2021-04
84,1,267,Credit,2021-04-15,4月15日伝票No199清和商事株式会社,10A100090,売掛金,20,清和商事株式会社,000,共通部門,0,2268756,10A100020,普通預金,,,,,50734905,2021-04
84,2,267,Debit,2021-04-15,4月15日伝票No199清和商事株式会社,10E200690,支払手数料,,,040,大阪支店,630,0,10A100090,売掛金,,,,,6562,2021-04
84,2,267,Credit,2021-04-15,4月15日伝票No199清和商事株式会社,10A100090,売掛金,20,清和商事株式会社,000,共通部門,0,630,10E200690,支払手数料,,,,,50734275,2021-04
85,1,268,Debit,2021-04-15,4月15日伝票No274株式会社北辰商事,10B100040,買掛金,1,株式会社北辰商事,000,共通部門,3557473,0,10A100020,普通預金,,,,,50760629,2021-04
85,1,268,Credit,2021-04-15,4月15日伝票No274株式会社北辰商事,10A100020,普通預金,20,ABC銀行 本店,000,共通部門,0,3557473,10B100040,買掛金,,,,,116834741,2021-04
73,1,4,Debit,2021-04-15,広告費,10E200050,広告宣伝費,,,010,札幌営業所,31500,0,10B100630,未払金,,,,,31500,2021-04
73,1,4,Credit,2021-04-15,広告費,10B100630,未払金,,,000,共通部門,0,31500,10E200050,広告宣伝費,,,,,7821092,2021-04
74,1,79,Debit,2021-04-15,景品代,10E200140,福利厚生費,,,030,名古屋支店,45477,0,10A100020,現金,,,,,157107,2021-04
74,1,79,Credit,2021-04-15,景品代,10A100020,現金,,,000,共通部門,0,45477,10E200140,福利厚生費,,,,,116789264,2021-04
87,1,103,Debit,2021-04-16,コーヒー代5名,10E200150,交際費,,,040,大阪支店,2680,0,10A100020,現金,,,,,212561,2021-04
87,1,103,Credit,2021-04-16,コーヒー代5名,10A100020,現金,,,000,共通部門,0,2680,10E200150,交際費,,,,,116786584,2021-04
88,1,136,Debit,2021-04-16,架空清掃会社A代,10E201270,雑費,,,040,大阪支店,16500,0,10A100020,現金,,,,,111785,2021-04
88,1,136,Credit,2021-04-16,架空清掃会社A代,10A100020,現金,,,000,共通部門,0,16500,10E201270,雑費,,,,,116770084,2021-04
86,1,61,Debit,2021-04-16,電話代,10E200180,通信費,,,020,東京支店,169334,0,10A100020,普通預金,,,,,986530,2021-04
86,1,61,Credit,2021-04-16,電話代,10A100020,普通預金,20,ABC銀行 本店,000,共通部門,0,169334,10E200180,通信費,,,,,116600750,2021-04
89,1,12,Debit,2021-04-17,ガソリン代,10E201120,車両費,,,010,札幌営業所,4456,0,10A100020,現金,,,,,162433,2021-04
89,1,12,Credit,2021-04-17,ガソリン代,10A100020,現金,,,000,共通部門,0,4456,10E201120,車両費,,,,,116596294,2021-04
89,2,12,Debit,2021-04-17,高速代,10E201120,車両費,,,010,札幌営業所,572,0,10A100020,現金,,,,,163005,2021-04
89,2,12,Credit,2021-04-17,高速代,10A100020,現金,,,000,共通部門,0,572,10E201120,車両費,,,,,116595722,2021-04
89,3,12,Debit,2021-04-17,駐車代,10E201120,車両費,,,010,札幌営業所,1143,0,10A100020,現金,,,,,164148,2021-04
89,3,12,Credit,2021-04-17,駐車代,10A100020,現金,,,000,共通部門,0,1143,10E201120,車両費,,,,,116594579,2021-04
90,1,47,Debit,2021-04-17,ガソリン代,10E201120,車両費,,,020,東京支店,2540,0,10A100020,現金,,,,,166688,2021-04
90,1,47,Credit,2021-04-17,ガソリン代,10A100020,現金,,,000,共通部門,0,2540,10E201120,車両費,,,,,116592039,2021-04
91,1,52,Debit,2021-04-17,ガソリン代,10E201120,車両費,,,020,東京支店,2191,0,10A100020,現金,,,,,168879,2021-04
91,1,52,Credit,2021-04-17,ガソリン代,10A100020,現金,,,000,共通部門,0,2191,10E201120,車両費,,,,,116589848,2021-04
91,2,52,Debit,2021-04-17,高速代,10E201120,車両費,,,020,東京支店,1096,0,10A100020,現金,,,,,169975,2021-04
91,2,52,Credit,2021-04-17,高速代,10A100020,現金,,,000,共通部門,0,1096,10E201120,車両費,,,,,116588752,2021-04
91,3,52,Debit,2021-04-17,駐車代,10E201120,車両費,,,020,東京支店,1143,0,10A100020,現金,,,,,171118,2021-04
91,3,52,Credit,2021-04-17,駐車代,10A100020,現金,,,000,共通部門,0,1143,10E201120,車両費,,,,,116587609,2021-04
92,1,237,Debit,2021-04-18,ゴルフプレー代,10E200150,交際費,,,020,東京支店,12000,0,10A100020,現金,,,,,224561,2021-04
92,1,237,Credit,2021-04-18,ゴルフプレー代,10A100020,現金,,,000,共通部門,0,12000,10E200150,交際費,,,,,116575609,2021-04
93,1,244,Debit,2021-04-19,ガソリン代,10E201120,車両費,,,040,大阪支店,7063,0,10A100020,現金,,,,,178181,2021-04
93,1,244,Credit,2021-04-19,ガソリン代,10A100020,現金,,,000,共通部門,0,7063,10E201120,車両費,,,,,116568546,2021-04
94,1,312,Debit,2021-04-19,資金移動,10A100020,普通預金,10,DEF銀行 駅前,000,共通部門,500000,0,10A100020,普通預金,,,,,117068546,2021-04
94,1,312,Credit,2021-04-19,資金移動,10A100020,普通預金,20,ABC銀行 本店,000,共通部門,0,500000,10A100020,普通預金,,,,,116568546,2021-04
95,1,1,Debit,2021-04-20,残業夜食　軽減税率,10E200140,福利厚生費,,,000,共通部門,21600,0,10A100020,現金,,,,,178707,2021-04
95,1,1,Credit,2021-04-20,残業夜食　軽減税率,10A100020,現金,,,000,共通部門,0,21600,10E200140,福利厚生費,,,,,116546946,2021-04
110,1,101,Debit,2021-04-20,広告料,10E200050,広告宣伝費,,,040,大阪支店,52500,0,10B100630,未払金,,,,,84000,2021-04
110,1,101,Credit,2021-04-20,広告料,10B100630,未払金,,,000,共通部門,0,52500,10E200050,広告宣伝費,,,,,7873592,2021-04
111,1,118,Debit,2021-04-20,コピー代,10E201110,事務用消耗品費,,,040,大阪支店,7011,0,10B100630,未払金,,,,,22611,2021-04
111,1,118,Credit,2021-04-20,コピー代,10B100630,未払金,,,000,共通部門,0,7011,10E201110,事務用消耗品費,,,,,7880603,2021-04
112,1,132,Debit,2021-04-20,電気代,10E201040,水道光熱費,,,040,大阪支店,113565,0,10A100020,普通預金,,,,,113565,2021-04
112,1,132,Credit,2021-04-20,電気代,10A100020,普通預金,40,JKL銀行 梅田,000,共通部門,0,113565,10E201040,水道光熱費,,,,,116433381,2021-04
112,2,132,Debit,2021-04-20,水道代,10E201040,水道光熱費,,,040,大阪支店,6229,0,10A100020,普通預金,,,,,119794,2021-04
112,2,132,Credit,2021-04-20,水道代,10A100020,普通預金,40,JKL銀行 梅田,000,共通部門,0,6229,10E201040,水道光熱費,,,,,116427152,2021-04
113,1,135,Debit,2021-04-20,事務用品,10E201110,事務用消耗品費,,,040,大阪支店,3120,0,10B100630,未払金,,,,,25731,2021-04
113,1,135,Credit,2021-04-20,事務用品,10B100630,未払金,,,000,共通部門,0,3120,10E201110,事務用消耗品費,,,,,7883723,2021-04
114,1,141,Debit,2021-04-20,手形割引 株式会社緑野百貨店 | 仮手形番号=U20210420-141-12;受取仕訳未特定,10A100020,当座預金,1,ABC銀行,000,共通部門,7736137,0,10A100060,受取手形,,,,,124163289,2021-04
114,1,141,Credit,2021-04-20,手形割引 株式会社緑野百貨店 | 仮手形番号=U20210420-141-12;受取仕訳未特定,10A100060,受取手形,,,000,共通部門,0,7736137,10A100020,当座預金,,,,,59660159,2021-04
114,2,141,Debit,2021-04-20,手形割引料 | 仮手形番号=U20210420-141-12,10E300020,支払利息,,,020,東京支店,58382,0,10A100060,受取手形,,,,,58382,2021-04
114,2,141,Credit,2021-04-20,手形割引料 | 仮手形番号=U20210420-141-12,10A100060,受取手形,,,000,共通部門,0,58382,10E300020,支払利息,,,,,59601777,2021-04
115,1,153,Debit,2021-04-20,コーヒー代他2名,10E200150,交際費,,,030,名古屋支店,1940,0,10A100020,現金,,,,,226501,2021-04
115,1,153,Credit,2021-04-20,コーヒー代他2名,10A100020,現金,,,000,共通部門,0,1940,10E200150,交際費,,,,,124161349,2021-04
116,1,163,Debit,2021-04-20,会費,10E201140,諸会費,,,050,九州営業所,18000,0,10A100020,現金,,,,,62000,2021-04
116,1,163,Credit,2021-04-20,会費,10A100020,現金,,,000,共通部門,0,18000,10E201140,諸会費,,,,,124143349,2021-04
117,1,169,Debit,2021-04-20,電気料,10E201040,水道光熱費,,,050,九州営業所,120483,0,10A100020,普通預金,,,,,240277,2021-04
117,1,169,Credit,2021-04-20,電気料,10A100020,普通預金,50,MNO銀行 北九州,000,共通部門,0,120483,10E201040,水道光熱費,,,,,124022866,2021-04
117,2,169,Debit,2021-04-20,水道料,10E201040,水道光熱費,,,050,九州営業所,5303,0,10A100020,普通預金,,,,,245580,2021-04
117,2,169,Credit,2021-04-20,水道料,10A100020,普通預金,50,MNO銀行 北九州,000,共通部門,0,5303,10E201040,水道光熱費,,,,,124017563,2021-04
118,1,235,Debit,2021-04-20,カウンター料金,10E201110,事務用消耗品費,,,050,九州営業所,6300,0,10B100630,未払金,,,,,32031,2021-04
118,1,235,Credit,2021-04-20,カウンター料金,10B100630,未払金,,,000,共通部門,0,6300,10E201110,事務用消耗品費,,,,,7890023,2021-04
98,1,24,Debit,2021-04-20,架空鉄道会社A回数券,10E201230,旅費及び交通費,,,010,札幌営業所,82620,0,10A100020,現金,,,,,636266,2021-04
98,1,24,Credit,2021-04-20,架空鉄道会社A回数券,10A100020,現金,,,000,共通部門,0,82620,10E201230,旅費及び交通費,,,,,123934943,2021-04
119,1,241,Debit,2021-04-20,ファイル等,10E200200,消耗品費,,,000,共通部門,33981,0,10B100630,未払金,,,,,33981,2021-04
119,1,241,Credit,2021-04-20,ファイル等,10B100630,未払金,,,000,共通部門,0,33981,10E200200,消耗品費,,,,,7924004,2021-04
119,2,241,Debit,2021-04-20,飲料水,10E200200,消耗品費,,,000,共通部門,239048,0,10B100630,未払金,,,,,273029,2021-04
119,2,241,Credit,2021-04-20,飲料水,10B100630,未払金,,,000,共通部門,0,239048,10E200200,消耗品費,,,,,8163052,2021-04
119,3,241,Debit,2021-04-20,名刺代,10E200200,消耗品費,,,000,共通部門,79048,0,10B100630,未払金,,,,,352077,2021-04
119,3,241,Credit,2021-04-20,名刺代,10B100630,未払金,,,000,共通部門,0,79048,10E200200,消耗品費,,,,,8242100,2021-04
120,1,269,Debit,2021-04-20,4月20日伝票No200株式会社彩雲トレーディング,10A100020,普通預金,20,ABC銀行 本店,000,共通部門,3190411,0,10A100090,売掛金,,,,,127125354,2021-04
120,1,269,Credit,2021-04-20,4月20日伝票No200株式会社彩雲トレーディング,10A100090,売掛金,30,株式会社彩雲トレーディング,000,共通部門,0,3190411,10A100020,普通預金,,,,,47543864,2021-04
120,2,269,Debit,2021-04-20,4月20日伝票No200株式会社彩雲トレーディング,10E200690,支払手数料,,,020,東京支店,735,0,10A100090,売掛金,,,,,7297,2021-04
120,2,269,Credit,2021-04-20,4月20日伝票No200株式会社彩雲トレーディング,10A100090,売掛金,30,株式会社彩雲トレーディング,000,共通部門,0,735,10E200690,支払手数料,,,,,47543129,2021-04
121,1,270,Debit,2021-04-20,4月20日伝票No275株式会社和泉流通,10B100040,買掛金,4,株式会社和泉流通,000,共通部門,1416910,0,10A100020,当座預金,,,,,49343719,2021-04
121,1,270,Credit,2021-04-20,4月20日伝票No275株式会社和泉流通,10A100020,当座預金,1,ABC銀行,000,共通部門,0,1416910,10B100040,買掛金,,,,,125708444,2021-04
122,1,271,Debit,2021-04-20,4月20日伝票No276株式会社日向産業,10B100040,買掛金,6,株式会社日向産業,000,共通部門,3596039,0,10A100020,普通預金,,,,,45747680,2021-04
122,1,271,Credit,2021-04-20,4月20日伝票No276株式会社日向産業,10A100020,普通預金,20,ABC銀行 本店,000,共通部門,0,3596039,10B100040,買掛金,,,,,122112405,2021-04
123,1,272,Debit,2021-04-20,4月20日伝票No278株式会社花園商会,10B100040,買掛金,11,株式会社花園商会,000,共通部門,6181724,0,10B100030,支払手形,,,,,39565956,2021-04
123,1,272,Credit,2021-04-20,4月20日伝票No278株式会社花園商会,10B100030,支払手形,,,000,共通部門,0,6181724,10B100040,買掛金,,,,,58478874,2021-04
124,1,299,Debit,2021-04-20,手形期日落日 株式会社花園商会,10B100030,支払手形,,,000,共通部門,5775130,0,10A100020,当座預金,,,,,52703744,2021-04
124,1,299,Credit,2021-04-20,手形期日落日 株式会社花園商会,10A100020,当座預金,1,ABC銀行,000,共通部門,0,5775130,10B100030,支払手形,,,,,116337275,2021-04
125,1,302,Debit,2021-04-20,手形満期 株式会社緑野百貨店 | 仮手形番号=U20210420-302-12;受取仕訳未特定,10A100020,当座預金,1,ABC銀行,000,共通部門,9873980,0,10A100060,受取手形,,,,,126211255,2021-04
125,1,302,Credit,2021-04-20,手形満期 株式会社緑野百貨店 | 仮手形番号=U20210420-302-12;受取仕訳未特定,10A100060,受取手形,,,000,共通部門,0,9873980,10A100020,当座預金,,,,,49727797,2021-04
126,1,307,Debit,2021-04-20,資金移動,10A100020,普通預金,20,ABC銀行 本店,000,共通部門,3500000,0,10A100020,当座預金,,,,,129711255,2021-04
126,1,307,Credit,2021-04-20,資金移動,10A100020,当座預金,1,ABC銀行,000,共通部門,0,3500000,10A100020,普通預金,,,,,126211255,2021-04
99,1,31,Debit,2021-04-20,コピー代,10E201110,事務用消耗品費,,,010,札幌営業所,2679,0,10B100630,未払金,,,,,34710,2021-04
99,1,31,Credit,2021-04-20,コピー代,10B100630,未払金,,,000,共通部門,0,2679,10E201110,事務用消耗品費,,,,,8244779,2021-04
100,1,34,Debit,2021-04-20,電気代,10E201040,水道光熱費,,,010,札幌営業所,91629,0,10A100020,普通預金,,,,,337209,2021-04
100,1,34,Credit,2021-04-20,電気代,10A100020,普通預金,10,DEF銀行 駅前,000,共通部門,0,91629,10E201040,水道光熱費,,,,,126119626,2021-04
100,2,34,Debit,2021-04-20,水道代,10E201040,水道光熱費,,,010,札幌営業所,4143,0,10A100020,普通預金,,,,,341352,2021-04
100,2,34,Credit,2021-04-20,水道代,10A100020,普通預金,10,DEF銀行 駅前,000,共通部門,0,4143,10E201040,水道光熱費,,,,,126115483,2021-04
101,1,45,Debit,2021-04-20,食事代 架空店舗030 4名,10E200150,交際費,,,020,東京支店,8260,0,10A100020,現金,,,,,234761,2021-04
101,1,45,Credit,2021-04-20,食事代 架空店舗030 4名,10A100020,現金,,,000,共通部門,0,8260,10E200150,交際費,,,,,126107223,2021-04
102,1,48,Debit,2021-04-20,ガソリン代,10E201120,車両費,,,020,東京支店,4303,0,10A100020,現金,,,,,182484,2021-04
102,1,48,Credit,2021-04-20,ガソリン代,10A100020,現金,,,000,共通部門,0,4303,10E201120,車両費,,,,,126102920,2021-04
103,1,53,Debit,2021-04-20,高速代,10E201120,車両費,,,020,東京支店,381,0,10A100020,現金,,,,,182865,2021-04
103,1,53,Credit,2021-04-20,高速代,10A100020,現金,,,000,共通部門,0,381,10E201120,車両費,,,,,126102539,2021-04
103,2,53,Debit,2021-04-20,駐車代,10E201120,車両費,,,020,東京支店,2000,0,10A100020,現金,,,,,184865,2021-04
103,2,53,Credit,2021-04-20,駐車代,10A100020,現金,,,000,共通部門,0,2000,10E201120,車両費,,,,,126100539,2021-04
103,3,53,Debit,2021-04-20,ガソリン代,10E201120,車両費,,,020,東京支店,6102,0,10A100020,現金,,,,,190967,2021-04
103,3,53,Credit,2021-04-20,ガソリン代,10A100020,現金,,,000,共通部門,0,6102,10E201120,車両費,,,,,126094437,2021-04
96,1,6,Debit,2021-04-20,広告料,10E200050,広告宣伝費,,,010,札幌営業所,5000,0,10A100020,現金,,,,,89000,2021-04
96,1,6,Credit,2021-04-20,広告料,10A100020,現金,,,000,共通部門,0,5000,10E200050,広告宣伝費,,,,,126089437,2021-04
104,1,64,Debit,2021-04-20,電気料,10E201040,水道光熱費,,,020,東京支店,174650,0,10A100020,普通預金,,,,,516002,2021-04
104,1,64,Credit,2021-04-20,電気料,10A100020,普通預金,20,ABC銀行 本店,000,共通部門,0,174650,10E201040,水道光熱費,,,,,125914787,2021-04
104,2,64,Debit,2021-04-20,水道料,10E201040,水道光熱費,,,020,東京支店,8991,0,10A100020,普通預金,,,,,524993,2021-04
104,2,64,Credit,2021-04-20,水道料,10A100020,普通預金,20,ABC銀行 本店,000,共通部門,0,8991,10E201040,水道光熱費,,,,,125905796,2021-04
97,1,7,Debit,2021-04-20,食事代,10E200150,交際費,,,010,札幌営業所,1429,0,10A100020,現金,,,,,236190,2021-04
97,1,7,Credit,2021-04-20,食事代,10A100020,現金,,,000,共通部門,0,1429,10E200150,交際費,,,,,125904367,2021-04
97,2,7,Debit,2021-04-20,食事代,10E200150,交際費,,,010,札幌営業所,1176,0,10A100020,現金,,,,,237366,2021-04
97,2,7,Credit,2021-04-20,食事代,10A100020,現金,,,000,共通部門,0,1176,10E200150,交際費,,,,,125903191,2021-04
105,1,71,Debit,2021-04-20,事務用品,10E201110,事務用消耗品費,,,020,東京支店,2458,0,10B100630,未払金,,,,,37168,2021-04
105,1,71,Credit,2021-04-20,事務用品,10B100630,未払金,,,000,共通部門,0,2458,10E201110,事務用消耗品費,,,,,8247237,2021-04
105,2,71,Debit,2021-04-20,事務用品,10E201110,事務用消耗品費,,,020,東京支店,16169,0,10B100630,未払金,,,,,53337,2021-04
105,2,71,Credit,2021-04-20,事務用品,10B100630,未払金,,,000,共通部門,0,16169,10E201110,事務用消耗品費,,,,,8263406,2021-04
105,3,71,Debit,2021-04-20,カウンター料金,10E201110,事務用消耗品費,,,020,東京支店,30464,0,10B100630,未払金,,,,,83801,2021-04
105,3,71,Credit,2021-04-20,カウンター料金,10B100630,未払金,,,000,共通部門,0,30464,10E201110,事務用消耗品費,,,,,8293870,2021-04
106,1,89,Debit,2021-04-20,電気料,10E201040,水道光熱費,,,030,名古屋支店,82388,0,10A100020,普通預金,,,,,607381,2021-04
106,1,89,Credit,2021-04-20,電気料,10A100020,普通預金,30,GHI銀行 名古屋,000,共通部門,0,82388,10E201040,水道光熱費,,,,,125820803,2021-04
106,2,89,Debit,2021-04-20,水道料,10E201040,水道光熱費,,,030,名古屋支店,3758,0,10A100020,普通預金,,,,,611139,2021-04
106,2,89,Credit,2021-04-20,水道料,10A100020,普通預金,30,GHI銀行 名古屋,000,共通部門,0,3758,10E201040,水道光熱費,,,,,125817045,2021-04
106,3,89,Debit,2021-04-20,ガス代,10E201040,水道光熱費,,,030,名古屋支店,3903,0,10A100020,普通預金,,,,,615042,2021-04
106,3,89,Credit,2021-04-20,ガス代,10A100020,普通預金,30,GHI銀行 名古屋,000,共通部門,0,3903,10E201040,水道光熱費,,,,,125813142,2021-04
107,1,94,Debit,2021-04-20,有線,10E201270,雑費,,,030,名古屋支店,5000,0,10B100630,未払金,,,,,116785,2021-04
107,1,94,Credit,2021-04-20,有線,10B100630,未払金,,,000,共通部門,0,5000,10E201270,雑費,,,,,8298870,2021-04
108,1,97,Debit,2021-04-20,コピー代,10E201110,事務用消耗品費,,,030,名古屋支店,39127,0,10B100630,未払金,,,,,122928,2021-04
108,1,97,Credit,2021-04-20,コピー代,10B100630,未払金,,,000,共通部門,0,39127,10E201110,事務用消耗品費,,,,,8337997,2021-04
109,1,98,Debit,2021-04-20,事務用品,10E201110,事務用消耗品費,,,030,名古屋支店,15750,0,10B100630,未払金,,,,,138678,2021-04
109,1,98,Credit,2021-04-20,事務用品,10B100630,未払金,,,000,共通部門,0,15750,10E201110,事務用消耗品費,,,,,8353747,2021-04
129,1,126,Debit,2021-04-21,収入印紙,10E200210,租税公課,,,020,東京支店,40000,0,10A100020,現金,,,,,46000,2021-04
129,1,126,Credit,2021-04-21,収入印紙,10A100020,現金,,,000,共通部門,0,40000,10E200210,租税公課,,,,,125773142,2021-04
130,1,160,Debit,2021-04-21,出張旅費,10E201230,旅費及び交通費,,,020,東京支店,70000,0,10A100020,現金,,,,,706266,2021-04
130,1,160,Credit,2021-04-21,出張旅費,10A100020,現金,,,000,共通部門,0,70000,10E201230,旅費及び交通費,,,,,125703142,2021-04
127,1,25,Debit,2021-04-21,旅費,10E201230,旅費及び交通費,,,010,札幌営業所,56000,0,10A100020,現金,,,,,762266,2021-04
127,1,25,Credit,2021-04-21,旅費,10A100020,現金,,,000,共通部門,0,56000,10E201230,旅費及び交通費,,,,,125647142,2021-04
128,1,59,Debit,2021-04-21,旅費,10E201230,旅費及び交通費,,,020,東京支店,30000,0,10A100020,現金,,,,,792266,2021-04
128,1,59,Credit,2021-04-21,旅費,10A100020,現金,,,000,共通部門,0,30000,10E201230,旅費及び交通費,,,,,125617142,2021-04
135,1,104,Debit,2021-04-22,食事代 架空店舗003 2名,10E200150,交際費,,,040,大阪支店,3330,0,10A100020,現金,,,,,240696,2021-04
135,1,104,Credit,2021-04-22,食事代 架空店舗003 2名,10A100020,現金,,,000,共通部門,0,3330,10E200150,交際費,,,,,125613812,2021-04
136,1,105,Debit,2021-04-22,飲食代　会費制2名,10E200150,交際費,,,040,大阪支店,19048,0,10A100020,現金,,,,,259744,2021-04
136,1,105,Credit,2021-04-22,飲食代　会費制2名,10A100020,現金,,,000,共通部門,0,19048,10E200150,交際費,,,,,125594764,2021-04
136,2,105,Debit,2021-04-22,飲食代 架空店舗085 5名,10E200150,交際費,,,040,大阪支店,21905,0,10A100020,現金,,,,,281649,2021-04
136,2,105,Credit,2021-04-22,飲食代 架空店舗085 5名,10A100020,現金,,,000,共通部門,0,21905,10E200150,交際費,,,,,125572859,2021-04
136,3,105,Debit,2021-04-22,食事代 架空店舗043 2名,10E200150,交際費,,,040,大阪支店,2858,0,10A100020,現金,,,,,284507,2021-04
136,3,105,Credit,2021-04-22,食事代 架空店舗043 2名,10A100020,現金,,,000,共通部門,0,2858,10E200150,交際費,,,,,125570001,2021-04
137,1,107,Debit,2021-04-22,お見舞い,10E200150,交際費,,,040,大阪支店,10000,0,10A100020,現金,,,,,294507,2021-04
137,1,107,Credit,2021-04-22,お見舞い,10A100020,現金,,,000,共通部門,0,10000,10E200150,交際費,,,,,125560001,2021-04
138,1,152,Debit,2021-04-22,飲食代 架空店舗070 3名,10E200150,交際費,,,050,九州営業所,13880,0,10A100020,現金,,,,,308387,2021-04
138,1,152,Credit,2021-04-22,飲食代 架空店舗070 3名,10A100020,現金,,,000,共通部門,0,13880,10E200150,交際費,,,,,125546121,2021-04
139,1,161,Debit,2021-04-22,旅費,10E201230,旅費及び交通費,,,050,九州営業所,10850,0,10A100020,現金,,,,,803116,2021-04
139,1,161,Credit,2021-04-22,旅費,10A100020,現金,,,000,共通部門,0,10850,10E201230,旅費及び交通費,,,,,125535271,2021-04
140,1,166,Debit,2021-04-22,架空清掃会社A代,10E201270,雑費,,,050,九州営業所,1890,0,10A100020,現金,,,,,118675,2021-04
140,1,166,Credit,2021-04-22,架空清掃会社A代,10A100020,現金,,,000,共通部門,0,1890,10E201270,雑費,,,,,125533381,2021-04
141,1,245,Debit,2021-04-22,駐車代,10E201120,車両費,,,040,大阪支店,572,0,10A100020,現金,,,,,191539,2021-04
141,1,245,Credit,2021-04-22,駐車代,10A100020,現金,,,000,共通部門,0,572,10E201120,車両費,,,,,125532809,2021-04
141,2,245,Debit,2021-04-22,高速代,10E201120,車両費,,,040,大阪支店,762,0,10A100020,現金,,,,,192301,2021-04
141,2,245,Credit,2021-04-22,高速代,10A100020,現金,,,000,共通部門,0,762,10E201120,車両費,,,,,125532047,2021-04
141,3,245,Debit,2021-04-22,ガソリン代,10E201120,車両費,,,040,大阪支店,5238,0,10A100020,現金,,,,,197539,2021-04
141,3,245,Credit,2021-04-22,ガソリン代,10A100020,現金,,,000,共通部門,0,5238,10E201120,車両費,,,,,125526809,2021-04
131,1,3,Debit,2021-04-22,宿泊代,10E200140,福利厚生費,,,010,札幌営業所,29913,0,10B100630,未払金,,,,,208620,2021-04
131,1,3,Credit,2021-04-22,宿泊代,10B100630,未払金,,,000,共通部門,0,29913,10E200140,福利厚生費,,,,,8383660,2021-04
132,1,38,Debit,2021-04-22,宿泊費,10E200140,福利厚生費,,,020,東京支店,48164,0,10B100630,未払金,,,,,256784,2021-04
132,1,38,Credit,2021-04-22,宿泊費,10B100630,未払金,,,000,共通部門,0,48164,10E200140,福利厚生費,,,,,8431824,2021-04
133,1,90,Debit,2021-04-22,架空清掃会社A代,10E201270,雑費,,,030,名古屋支店,10500,0,10A100020,現金,,,,,129175,2021-04
133,1,90,Credit,2021-04-22,架空清掃会社A代,10A100020,現金,,,000,共通部門,0,10500,10E201270,雑費,,,,,125516309,2021-04
134,1,95,Debit,2021-04-22,清掃料,10E201270,雑費,,,030,名古屋支店,71675,0,10B100630,未払金,,,,,200850,2021-04
134,1,95,Credit,2021-04-22,清掃料,10B100630,未払金,,,000,共通部門,0,71675,10E201270,雑費,,,,,8503499,2021-04
147,1,140,Debit,2021-04-23,旅費,10E201230,旅費及び交通費,,,040,大阪支店,10350,0,10A100020,現金,,,,,813466,2021-04
147,1,140,Credit,2021-04-23,旅費,10A100020,現金,,,000,共通部門,0,10350,10E201230,旅費及び交通費,,,,,125505959,2021-04
148,1,141,Debit,2021-04-23,架空鉄道会社A代,10E201230,旅費及び交通費,,,040,大阪支店,69500,0,10A100020,現金,,,,,882966,2021-04
148,1,141,Credit,2021-04-23,架空鉄道会社A代,10A100020,現金,,,000,共通部門,0,69500,10E201230,旅費及び交通費,,,,,125436459,2021-04
149,1,164,Debit,2021-04-23,事務用品,10E201110,事務用消耗品費,,,050,九州営業所,1580,0,10A100020,現金,,,,,140258,2021-04
149,1,164,Credit,2021-04-23,事務用品,10A100020,現金,,,000,共通部門,0,1580,10E201110,事務用消耗品費,,,,,125434879,2021-04
142,1,26,Debit,2021-04-23,旅費,10E201230,旅費及び交通費,,,010,札幌営業所,11000,0,10A100020,現金,,,,,893966,2021-04
142,1,26,Credit,2021-04-23,旅費,10A100020,現金,,,000,共通部門,0,11000,10E201230,旅費及び交通費,,,,,125423879,2021-04
143,1,28,Debit,2021-04-23,タクシー代,10E201230,旅費及び交通費,,,010,札幌営業所,2420,0,10B100630,未払金,,,,,896386,2021-04
143,1,28,Credit,2021-04-23,タクシー代,10B100630,未払金,,,000,共通部門,0,2420,10E201230,旅費及び交通費,,,,,8505919,2021-04
144,1,32,Debit,2021-04-23,事務用品費,10E201110,事務用消耗品費,,,010,札幌営業所,1850,0,10B100630,未払金,,,,,142108,2021-04
144,1,32,Credit,2021-04-23,事務用品費,10B100630,未払金,,,000,共通部門,0,1850,10E201110,事務用消耗品費,,,,,8507769,2021-04
145,1,54,Debit,2021-04-23,高速代,10E201120,車両費,,,020,東京支店,1810,0,10A100020,現金,,,,,199349,2021-04
145,1,54,Credit,2021-04-23,高速代,10A100020,現金,,,000,共通部門,0,1810,10E201120,車両費,,,,,125422069,2021-04
145,2,54,Debit,2021-04-23,駐車代,10E201120,車両費,,,020,東京支店,810,0,10A100020,現金,,,,,200159,2021-04
145,2,54,Credit,2021-04-23,駐車代,10A100020,現金,,,000,共通部門,0,810,10E201120,車両費,,,,,125421259,2021-04
146,1,86,Debit,2021-04-23,切手代,10E200180,通信費,,,030,名古屋支店,70000,0,10A100020,現金,,,,,1056530,2021-04
146,1,86,Credit,2021-04-23,切手代,10A100020,現金,,,000,共通部門,0,70000,10E200180,通信費,,,,,125351259,2021-04
151,1,108,Debit,2021-04-24,コーヒー代,10E200150,交際費,,,040,大阪支店,1360,0,10A100020,現金,,,,,309747,2021-04
151,1,108,Credit,2021-04-24,コーヒー代,10A100020,現金,,,000,共通部門,0,1360,10E200150,交際費,,,,,125349899,2021-04
152,1,159,Debit,2021-04-24,タクシー代,10E201230,旅費及び交通費,,,050,九州営業所,6450,0,10A100020,現金,,,,,902836,2021-04
152,1,159,Credit,2021-04-24,タクシー代,10A100020,現金,,,000,共通部門,0,6450,10E201230,旅費及び交通費,,,,,125343449,2021-04
150,1,8,Debit,2021-04-24,親睦会会費,10E200150,交際費,,,010,札幌営業所,28572,0,10A100020,現金,,,,,338319,2021-04
150,1,8,Credit,2021-04-24,親睦会会費,10A100020,現金,,,000,共通部門,0,28572,10E200150,交際費,,,,,125314877,2021-04
150,2,8,Debit,2021-04-24,差し入れ,10E200150,交際費,,,010,札幌営業所,3010,0,10A100020,現金,,,,,341329,2021-04
150,2,8,Credit,2021-04-24,差し入れ,10A100020,現金,,,000,共通部門,0,3010,10E200150,交際費,,,,,125311867,2021-04
157,1,111,Debit,2021-04-25,タクシー代,10E201230,旅費及び交通費,,,040,大阪支店,12400,0,10B100630,未払金,,,,,915236,2021-04
157,1,111,Credit,2021-04-25,タクシー代,10B100630,未払金,,,000,共通部門,0,12400,10E201230,旅費及び交通費,,,,,8520169,2021-04
158,1,113,Debit,2021-04-25,携帯代,10E200180,通信費,,,040,大阪支店,58532,0,10A100020,普通預金,,,,,1115062,2021-04
158,1,113,Credit,2021-04-25,携帯代,10A100020,普通預金,40,JKL銀行 梅田,000,共通部門,0,58532,10E200180,通信費,,,,,125253335,2021-04
159,1,114,Debit,2021-04-25,新聞代,10E201160,図書費,,,040,大阪支店,2540,0,10A100020,現金,,,,,2540,2021-04
159,1,114,Credit,2021-04-25,新聞代,10A100020,現金,,,000,共通部門,0,2540,10E201160,図書費,,,,,125250795,2021-04
159,2,114,Debit,2021-04-25,新聞代,10E201160,図書費,,,040,大阪支店,2864,0,10A100020,現金,,,,,5404,2021-04
159,2,114,Credit,2021-04-25,新聞代,10A100020,現金,,,000,共通部門,0,2864,10E201160,図書費,,,,,125247931,2021-04
160,1,121,Debit,2021-04-25,お茶代,10E200140,福利厚生費,,,040,大阪支店,10000,0,10A100020,現金,,,,,266784,2021-04
160,1,121,Credit,2021-04-25,お茶代,10A100020,現金,,,000,共通部門,0,10000,10E200140,福利厚生費,,,,,125237931,2021-04
161,1,131,Debit,2021-04-25,会費,10E201140,諸会費,,,040,大阪支店,24000,0,10A100020,普通預金,,,,,86000,2021-04
161,1,131,Credit,2021-04-25,会費,10A100020,普通預金,40,JKL銀行 梅田,000,共通部門,0,24000,10E201140,諸会費,,,,,125213931,2021-04
162,1,146,Debit,2021-04-25,業務委託費,10E200020,販売手数料,,,050,九州営業所,147000,0,10B100630,未払金,,,,,147000,2021-04
162,1,146,Credit,2021-04-25,業務委託費,10B100630,未払金,,,000,共通部門,0,147000,10E200020,販売手数料,,,,,8667169,2021-04
163,1,170,Debit,2021-04-25,新聞代,10E201160,図書費,,,050,九州営業所,3007,0,10A100020,現金,,,,,8411,2021-04
163,1,170,Credit,2021-04-25,新聞代,10A100020,現金,,,000,共通部門,0,3007,10E201160,図書費,,,,,125210924,2021-04
164,1,171,Debit,2021-04-25,携帯代,10E200180,通信費,,,050,九州営業所,42103,0,10A100020,普通預金,,,,,1157165,2021-04
164,1,171,Credit,2021-04-25,携帯代,10A100020,普通預金,50,MNO銀行 北九州,000,共通部門,0,42103,10E200180,通信費,,,,,125168821,2021-04
165,1,172,Debit,2021-04-25,業務委託費支払い,10E200020,販売手数料,,,010,札幌営業所,141000,0,10B100630,未払金,,,,,288000,2021-04
165,1,172,Credit,2021-04-25,業務委託費支払い,10B100630,未払金,,,000,共通部門,0,141000,10E200020,販売手数料,,,,,8808169,2021-04
166,1,238,Debit,2021-04-25,ゴルフプレー代,10E200150,交際費,,,020,東京支店,14200,0,10A100020,現金,,,,,355529,2021-04
166,1,238,Credit,2021-04-25,ゴルフプレー代,10A100020,現金,,,000,共通部門,0,14200,10E200150,交際費,,,,,125154621,2021-04
167,1,253,Debit,2021-04-25,4月給与その他 0001 役員,10E200090,役員報酬,,,020,東京支店,1131093,0,10A100020,普通預金,,,,,1131093,2021-04
167,1,253,Credit,2021-04-25,4月給与その他 0001 役員,10A100020,普通預金,20,ABC銀行 本店,000,共通部門,0,1131093,10E200090,役員報酬,,,,,124023528,2021-04
167,2,253,Debit,2021-04-25,4月給与その他 0001 役員,10E200090,役員報酬,,,020,東京支店,111192,0,10B100690,預り金,,,,,1242285,2021-04
167,2,253,Credit,2021-04-25,4月給与その他 0001 役員,10B100690,預り金,1,保険料,000,共通部門,0,111192,10E200090,役員報酬,,,,,1746594,2021-04
167,3,253,Debit,2021-04-25,4月給与その他 0001 役員,10E200090,役員報酬,,,020,東京支店,171200,0,10B100690,預り金,,,,,1413485,2021-04
167,3,253,Credit,2021-04-25,4月給与その他 0001 役員,10B100690,預り金,2,住民税,000,共通部門,0,171200,10E200090,役員報酬,,,,,1917794,2021-04
167,4,253,Debit,2021-04-25,4月給与その他 0001 役員,10E200090,役員報酬,,,020,東京支店,166823,0,10B100690,預り金,,,,,1580308,2021-04
167,4,253,Credit,2021-04-25,4月給与その他 0001 役員,10B100690,預り金,3,源泉税,000,共通部門,0,166823,10E200090,役員報酬,,,,,2084617,2021-04
167,5,253,Debit,2021-04-25,4月給与その他 0001 役員,10E200090,役員報酬,,,020,東京支店,133972,0,10B100690,預り金,,,,,1714280,2021-04
167,5,253,Credit,2021-04-25,4月給与その他 0001 役員,10B100690,預り金,4,貯蓄・保険,000,共通部門,0,133972,10E200090,役員報酬,,,,,2218589,2021-04
167,6,253,Debit,2021-04-25,4月給与その他 0001 役員,10E200090,役員報酬,,,020,東京支店,5720,0,10B100690,預り金,,,,,1720000,2021-04
167,6,253,Credit,2021-04-25,4月給与その他 0001 役員,10B100690,預り金,9,その他,000,共通部門,0,5720,10E200090,役員報酬,,,,,2224309,2021-04
167,7,253,Debit,2021-04-25,4月給与その他 0020 営業部,10E200370,給料及び手当,,,020,東京支店,1641623,0,10A100020,普通預金,,,,,1641623,2021-04
167,7,253,Credit,2021-04-25,4月給与その他 0020 営業部,10A100020,普通預金,20,ABC銀行 本店,000,共通部門,0,1641623,10E200370,給料及び手当,,,,,122381905,2021-04
167,8,253,Debit,2021-04-25,4月給与その他 0020 営業部,10E200370,給料及び手当,,,020,東京支店,236635,0,10B100690,預り金,,,,,1878258,2021-04
167,8,253,Credit,2021-04-25,4月給与その他 0020 営業部,10B100690,預り金,1,保険料,000,共通部門,0,236635,10E200370,給料及び手当,,,,,2460944,2021-04
167,9,253,Debit,2021-04-25,4月給与その他 0020 営業部,10E200370,給料及び手当,,,020,東京支店,117200,0,10B100690,預り金,,,,,1995458,2021-04
167,9,253,Credit,2021-04-25,4月給与その他 0020 営業部,10B100690,預り金,2,住民税,000,共通部門,0,117200,10E200370,給料及び手当,,,,,2578144,2021-04
167,10,253,Debit,2021-04-25,4月給与その他 0020 営業部,10E200370,給料及び手当,,,020,東京支店,39800,0,10B100690,預り金,,,,,2035258,2021-04
167,10,253,Credit,2021-04-25,4月給与その他 0020 営業部,10B100690,預り金,3,源泉税,000,共通部門,0,39800,10E200370,給料及び手当,,,,,2617944,2021-04
167,11,253,Debit,2021-04-25,4月給与その他 0020 営業部,10E200370,給料及び手当,,,020,東京支店,43305,0,10B100690,預り金,,,,,2078563,2021-04
167,11,253,Credit,2021-04-25,4月給与その他 0020 営業部,10B100690,預り金,4,貯蓄・保険,000,共通部門,0,43305,10E200370,給料及び手当,,,,,2661249,2021-04
167,12,253,Debit,2021-04-25,4月給与その他 0020 営業部,10E200370,給料及び手当,,,020,東京支店,68682,0,10B100690,預り金,,,,,2147245,2021-04
167,12,253,Credit,2021-04-25,4月給与その他 0020 営業部,10B100690,預り金,9,その他,000,共通部門,0,68682,10E200370,給料及び手当,,,,,2729931,2021-04
167,13,253,Debit,2021-04-25,4月給与その他 1000 札幌営業所,10E200370,給料及び手当,,,010,札幌営業所,625853,0,10A100020,普通預金,,,,,2773098,2021-04
167,13,253,Credit,2021-04-25,4月給与その他 1000 札幌営業所,10A100020,普通預金,20,ABC銀行 本店,000,共通部門,0,625853,10E200370,給料及び手当,,,,,121756052,2021-04
167,14,253,Debit,2021-04-25,4月給与その他 1000 札幌営業所,10E200370,給料及び手当,,,010,札幌営業所,100704,0,10B100690,預り金,,,,,2873802,2021-04
167,14,253,Credit,2021-04-25,4月給与その他 1000 札幌営業所,10B100690,預り金,1,保険料,000,共通部門,0,100704,10E200370,給料及び手当,,,,,2830635,2021-04
167,15,253,Debit,2021-04-25,4月給与その他 1000 札幌営業所,10E200370,給料及び手当,,,010,札幌営業所,46300,0,10B100690,預り金,,,,,2920102,2021-04
167,15,253,Credit,2021-04-25,4月給与その他 1000 札幌営業所,10B100690,預り金,2,住民税,000,共通部門,0,46300,10E200370,給料及び手当,,,,,2876935,2021-04
167,16,253,Debit,2021-04-25,4月給与その他 1000 札幌営業所,10E200370,給料及び手当,,,010,札幌営業所,13990,0,10B100690,預り金,,,,,2934092,2021-04
167,16,253,Credit,2021-04-25,4月給与その他 1000 札幌営業所,10B100690,預り金,3,源泉税,000,共通部門,0,13990,10E200370,給料及び手当,,,,,2890925,2021-04
167,17,253,Debit,2021-04-25,4月給与その他 1000 札幌営業所,10E200370,給料及び手当,,,010,札幌営業所,50648,0,10B100690,預り金,,,,,2984740,2021-04
167,17,253,Credit,2021-04-25,4月給与その他 1000 札幌営業所,10B100690,預り金,4,貯蓄・保険,000,共通部門,0,50648,10E200370,給料及び手当,,,,,2941573,2021-04
167,18,253,Debit,2021-04-25,4月給与その他 1000 札幌営業所,10E200370,給料及び手当,,,010,札幌営業所,28193,0,10B100690,預り金,,,,,3012933,2021-04
167,18,253,Credit,2021-04-25,4月給与その他 1000 札幌営業所,10B100690,預り金,9,その他,000,共通部門,0,28193,10E200370,給料及び手当,,,,,2969766,2021-04
167,19,253,Debit,2021-04-25,4月給与その他 3000 名古屋営業所,10E200370,給料及び手当,,,030,名古屋支店,538572,0,10A100020,普通預金,,,,,3551505,2021-04
167,19,253,Credit,2021-04-25,4月給与その他 3000 名古屋営業所,10A100020,普通預金,20,ABC銀行 本店,000,共通部門,0,538572,10E200370,給料及び手当,,,,,121217480,2021-04
167,20,253,Debit,2021-04-25,4月給与その他 3000 名古屋営業所,10E200370,給料及び手当,,,030,名古屋支店,92651,0,10B100690,預り金,,,,,3644156,2021-04
167,20,253,Credit,2021-04-25,4月給与その他 3000 名古屋営業所,10B100690,預り金,1,保険料,000,共通部門,0,92651,10E200370,給料及び手当,,,,,3062417,2021-04
167,21,253,Debit,2021-04-25,4月給与その他 3000 名古屋営業所,10E200370,給料及び手当,,,030,名古屋支店,42600,0,10B100690,預り金,,,,,3686756,2021-04
167,21,253,Credit,2021-04-25,4月給与その他 3000 名古屋営業所,10B100690,預り金,2,住民税,000,共通部門,0,42600,10E200370,給料及び手当,,,,,3105017,2021-04
167,22,253,Debit,2021-04-25,4月給与その他 3000 名古屋営業所,10E200370,給料及び手当,,,030,名古屋支店,7540,0,10B100690,預り金,,,,,3694296,2021-04
167,22,253,Credit,2021-04-25,4月給与その他 3000 名古屋営業所,10B100690,預り金,3,源泉税,000,共通部門,0,7540,10E200370,給料及び手当,,,,,3112557,2021-04
167,23,253,Debit,2021-04-25,4月給与その他 3000 名古屋営業所,10E200370,給料及び手当,,,030,名古屋支店,40759,0,10B100690,預り金,,,,,3735055,2021-04
167,23,253,Credit,2021-04-25,4月給与その他 3000 名古屋営業所,10B100690,預り金,4,貯蓄・保険,000,共通部門,0,40759,10E200370,給料及び手当,,,,,3153316,2021-04
167,24,253,Debit,2021-04-25,4月給与その他 3000 名古屋営業所,10E200370,給料及び手当,,,030,名古屋支店,41078,0,10B100690,預り金,,,,,3776133,2021-04
167,24,253,Credit,2021-04-25,4月給与その他 3000 名古屋営業所,10B100690,預り金,9,その他,000,共通部門,0,41078,10E200370,給料及び手当,,,,,3194394,2021-04
167,25,253,Debit,2021-04-25,4月給与その他 4000 大阪支店,10E200370,給料及び手当,,,040,大阪支店,1034075,0,10A100020,普通預金,,,,,4810208,2021-04
167,25,253,Credit,2021-04-25,4月給与その他 4000 大阪支店,10A100020,普通預金,20,ABC銀行 本店,000,共通部門,0,1034075,10E200370,給料及び手当,,,,,120183405,2021-04
167,26,253,Debit,2021-04-25,4月給与その他 4000 大阪支店,10E200370,給料及び手当,,,040,大阪支店,147384,0,10B100690,預り金,,,,,4957592,2021-04
167,26,253,Credit,2021-04-25,4月給与その他 4000 大阪支店,10B100690,預り金,1,保険料,000,共通部門,0,147384,10E200370,給料及び手当,,,,,3341778,2021-04
167,27,253,Debit,2021-04-25,4月給与その他 4000 大阪支店,10E200370,給料及び手当,,,040,大阪支店,66200,0,10B100690,預り金,,,,,5023792,2021-04
167,27,253,Credit,2021-04-25,4月給与その他 4000 大阪支店,10B100690,預り金,2,住民税,000,共通部門,0,66200,10E200370,給料及び手当,,,,,3407978,2021-04
167,28,253,Debit,2021-04-25,4月給与その他 4000 大阪支店,10E200370,給料及び手当,,,040,大阪支店,24960,0,10B100690,預り金,,,,,5048752,2021-04
167,28,253,Credit,2021-04-25,4月給与その他 4000 大阪支店,10B100690,預り金,3,源泉税,000,共通部門,0,24960,10E200370,給料及び手当,,,,,3432938,2021-04
167,29,253,Debit,2021-04-25,4月給与その他 4000 大阪支店,10E200370,給料及び手当,,,040,大阪支店,27117,0,10B100690,預り金,,,,,5075869,2021-04
167,29,253,Credit,2021-04-25,4月給与その他 4000 大阪支店,10B100690,預り金,4,貯蓄・保険,000,共通部門,0,27117,10E200370,給料及び手当,,,,,3460055,2021-04
167,30,253,Debit,2021-04-25,4月給与その他 4000 大阪支店,10E200370,給料及び手当,,,040,大阪支店,22532,0,10B100690,預り金,,,,,5098401,2021-04
167,30,253,Credit,2021-04-25,4月給与その他 4000 大阪支店,10B100690,預り金,9,その他,000,共通部門,0,22532,10E200370,給料及び手当,,,,,3482587,2021-04
167,31,253,Debit,2021-04-25,4月給与その他 5000 九州営業所,10E200370,給料及び手当,,,050,九州営業所,455817,0,10A100020,普通預金,,,,,5554218,2021-04
167,31,253,Credit,2021-04-25,4月給与その他 5000 九州営業所,10A100020,普通預金,20,ABC銀行 本店,000,共通部門,0,455817,10E200370,給料及び手当,,,,,119727588,2021-04
167,32,253,Debit,2021-04-25,4月給与その他 5000 九州営業所,10E200370,給料及び手当,,,050,九州営業所,66241,0,10B100690,預り金,,,,,5620459,2021-04
167,32,253,Credit,2021-04-25,4月給与その他 5000 九州営業所,10B100690,預り金,1,保険料,000,共通部門,0,66241,10E200370,給料及び手当,,,,,3548828,2021-04
167,33,253,Debit,2021-04-25,4月給与その他 5000 九州営業所,10E200370,給料及び手当,,,050,九州営業所,31700,0,10B100690,預り金,,,,,5652159,2021-04
167,33,253,Credit,2021-04-25,4月給与その他 5000 九州営業所,10B100690,預り金,2,住民税,000,共通部門,0,31700,10E200370,給料及び手当,,,,,3580528,2021-04
167,34,253,Debit,2021-04-25,4月給与その他 5000 九州営業所,10E200370,給料及び手当,,,050,九州営業所,8630,0,10B100690,預り金,,,,,5660789,2021-04
167,34,253,Credit,2021-04-25,4月給与その他 5000 九州営業所,10B100690,預り金,3,源泉税,000,共通部門,0,8630,10E200370,給料及び手当,,,,,3589158,2021-04
167,35,253,Debit,2021-04-25,4月給与その他 5000 九州営業所,10E200370,給料及び手当,,,050,九州営業所,18540,0,10B100690,預り金,,,,,5679329,2021-04
167,35,253,Credit,2021-04-25,4月給与その他 5000 九州営業所,10B100690,預り金,4,貯蓄・保険,000,共通部門,0,18540,10E200370,給料及び手当,,,,,3607698,2021-04
167,36,253,Debit,2021-04-25,4月給与その他 5000 九州営業所,10E200370,給料及び手当,,,050,九州営業所,23023,0,10B100690,預り金,,,,,5702352,2021-04
167,36,253,Credit,2021-04-25,4月給与その他 5000 九州営業所,10B100690,預り金,9,その他,000,共通部門,0,23023,10E200370,給料及び手当,,,,,3630721,2021-04
168,1,273,Debit,2021-04-25,4月25日伝票No201株式会社桜丘百貨店 | 売上伝票=202103分未収録;手形番号=R20210425-273-2,10A100060,受取手形,,,000,共通部門,20392404,0,10A100090,売掛金,,,,,70120201,2021-04
168,1,273,Credit,2021-04-25,4月25日伝票No201株式会社桜丘百貨店 | 売上伝票=202103分未収録;手形番号=R20210425-273-2,10A100090,売掛金,2,株式会社桜丘百貨店,000,共通部門,0,20392404,10A100060,受取手形,,,,,27150725,2021-04
169,1,274,Debit,2021-04-25,4月25日伝票No202株式会社光彩堂商事,10A100020,普通預金,30,GHI銀行 名古屋,000,共通部門,2186153,0,10A100090,売掛金,,,,,121913741,2021-04
169,1,274,Credit,2021-04-25,4月25日伝票No202株式会社光彩堂商事,10A100090,売掛金,7,株式会社光彩堂商事,000,共通部門,0,2186153,10A100020,普通預金,,,,,24964572,2021-04
169,2,274,Debit,2021-04-25,4月25日伝票No202株式会社光彩堂商事,10E200690,支払手数料,,,030,名古屋支店,735,0,10A100090,売掛金,,,,,8032,2021-04
169,2,274,Credit,2021-04-25,4月25日伝票No202株式会社光彩堂商事,10A100090,売掛金,7,株式会社光彩堂商事,000,共通部門,0,735,10E200690,支払手数料,,,,,24963837,2021-04
170,1,275,Debit,2021-04-25,4月25日伝票No203株式会社ほのかマート,10A100020,普通預金,10,DEF銀行 駅前,000,共通部門,6636909,0,10A100090,売掛金,,,,,128550650,2021-04
170,1,275,Credit,2021-04-25,4月25日伝票No203株式会社ほのかマート,10A100090,売掛金,25,株式会社ほのかマート,000,共通部門,0,6636909,10A100020,普通預金,,,,,18326928,2021-04
170,2,275,Debit,2021-04-25,4月25日伝票No203株式会社ほのかマート,10E200690,支払手数料,,,010,札幌営業所,840,0,10A100090,売掛金,,,,,8872,2021-04
170,2,275,Credit,2021-04-25,4月25日伝票No203株式会社ほのかマート,10A100090,売掛金,25,株式会社ほのかマート,000,共通部門,0,840,10E200690,支払手数料,,,,,18326088,2021-04
153,1,29,Debit,2021-04-25,携帯電話代,10E200180,通信費,,,010,札幌営業所,64724,0,10A100020,普通預金,,,,,1221889,2021-04
153,1,29,Credit,2021-04-25,携帯電話代,10A100020,普通預金,10,DEF銀行 駅前,000,共通部門,0,64724,10E200180,通信費,,,,,128485926,2021-04
154,1,35,Debit,2021-04-25,新聞代,10E201160,図書費,,,010,札幌営業所,3925,0,10A100020,現金,,,,,12336,2021-04
154,1,35,Credit,2021-04-25,新聞代,10A100020,現金,,,000,共通部門,0,3925,10E201160,図書費,,,,,128482001,2021-04
155,1,87,Debit,2021-04-25,携帯代,10E200180,通信費,,,030,名古屋支店,38206,0,10A100020,普通預金,,,,,1260095,2021-04
155,1,87,Credit,2021-04-25,携帯代,10A100020,普通預金,30,GHI銀行 名古屋,000,共通部門,0,38206,10E200180,通信費,,,,,128443795,2021-04
156,1,92,Debit,2021-04-25,コピー機修繕,10E201000,修繕維持費,,,010,札幌営業所,18000,0,10B100630,未払金,,,,,18000,2021-04
156,1,92,Credit,2021-04-25,コピー機修繕,10B100630,未払金,,,000,共通部門,0,18000,10E201000,修繕維持費,,,,,8826169,2021-04
174,1,109,Debit,2021-04-26,ガソリン代,10E201120,車両費,,,040,大阪支店,7108,0,10B100630,未払金,,,,,207267,2021-04
174,1,109,Credit,2021-04-26,ガソリン代,10B100630,未払金,,,000,共通部門,0,7108,10E201120,車両費,,,,,8833277,2021-04
175,1,120,Debit,2021-04-26,業務委託費,10E200020,販売手数料,,,040,大阪支店,525000,0,10B100630,未払金,,,,,813000,2021-04
175,1,120,Credit,2021-04-26,業務委託費,10B100630,未払金,,,000,共通部門,0,525000,10E200020,販売手数料,,,,,9358277,2021-04
176,1,148,Debit,2021-04-26,ガソリン代,10E201120,車両費,,,050,九州営業所,5500,0,10A100020,現金,,,,,212767,2021-04
176,1,148,Credit,2021-04-26,ガソリン代,10A100020,現金,,,000,共通部門,0,5500,10E201120,車両費,,,,,128438295,2021-04
176,2,148,Debit,2021-04-26,高速代,10E201120,車両費,,,050,九州営業所,1143,0,10A100020,現金,,,,,213910,2021-04
176,2,148,Credit,2021-04-26,高速代,10A100020,現金,,,000,共通部門,0,1143,10E201120,車両費,,,,,128437152,2021-04
177,1,304,Debit,2021-04-26,資金移動,10A100020,普通預金,20,ABC銀行 本店,000,共通部門,6000000,0,10A100020,普通預金,,,,,134437152,2021-04
177,1,304,Credit,2021-04-26,資金移動,10A100020,普通預金,10,DEF銀行 駅前,000,共通部門,0,6000000,10A100020,普通預金,,,,,128437152,2021-04
177,2,304,Debit,2021-04-26,資金移動,10A100020,普通預金,20,ABC銀行 本店,000,共通部門,6500000,0,10A100020,普通預金,,,,,134937152,2021-04
177,2,304,Credit,2021-04-26,資金移動,10A100020,普通預金,30,GHI銀行 名古屋,000,共通部門,0,6500000,10A100020,普通預金,,,,,128437152,2021-04
177,3,304,Debit,2021-04-26,資金移動,10A100020,普通預金,20,ABC銀行 本店,000,共通部門,5500000,0,10A100020,普通預金,,,,,133937152,2021-04
177,3,304,Credit,2021-04-26,資金移動,10A100020,普通預金,40,JKL銀行 梅田,000,共通部門,0,5500000,10A100020,普通預金,,,,,128437152,2021-04
177,4,304,Debit,2021-04-26,資金移動,10A100020,普通預金,20,ABC銀行 本店,000,共通部門,3500000,0,10A100020,普通預金,,,,,131937152,2021-04
177,4,304,Credit,2021-04-26,資金移動,10A100020,普通預金,50,MNO銀行 北九州,000,共通部門,0,3500000,10A100020,普通預金,,,,,128437152,2021-04
171,1,62,Debit,2021-04-26,携帯代,10E200180,通信費,,,020,東京支店,54356,0,10A100020,普通預金,,,,,1314451,2021-04
171,1,62,Credit,2021-04-26,携帯代,10A100020,普通預金,20,ABC銀行 本店,000,共通部門,0,54356,10E200180,通信費,,,,,128382796,2021-04
172,1,78,Debit,2021-04-26,業務委託費支払い,10E200020,販売手数料,,,030,名古屋支店,189000,0,10B100630,未払金,,,,,1002000,2021-04
172,1,78,Credit,2021-04-26,業務委託費支払い,10B100630,未払金,,,000,共通部門,0,189000,10E200020,販売手数料,,,,,9547277,2021-04
173,1,88,Debit,2021-04-26,新聞代,10E201160,図書費,,,030,名古屋支店,3568,0,10A100020,現金,,,,,15904,2021-04
173,1,88,Credit,2021-04-26,新聞代,10A100020,現金,,,000,共通部門,0,3568,10E201160,図書費,,,,,128379228,2021-04
178,1,1,Debit,2021-04-27,運賃 架空運送会社B,10E200870,運賃,,,010,札幌営業所,89820,0,10B100630,未払金,,,,,89820,2021-04
178,1,1,Credit,2021-04-27,運賃 架空運送会社B,10B100630,未払金,,,000,共通部門,0,89820,10E200870,運賃,,,,,9637097,2021-04
180,1,13,Debit,2021-04-27,ガソリン代,10E201120,車両費,,,010,札幌営業所,12589,0,10B100630,未払金,,,,,226499,2021-04
180,1,13,Credit,2021-04-27,ガソリン代,10B100630,未払金,,,000,共通部門,0,12589,10E201120,車両費,,,,,9649686,2021-04
181,1,14,Debit,2021-04-27,ガソリン代,10E201120,車両費,,,010,札幌営業所,3000,0,10A100020,現金,,,,,229499,2021-04
181,1,14,Credit,2021-04-27,ガソリン代,10A100020,現金,,,000,共通部門,0,3000,10E201120,車両費,,,,,128376228,2021-04
182,1,15,Debit,2021-04-27,車両管理費,10E201120,車両費,,,010,札幌営業所,25000,0,10A100020,現金,,,,,254499,2021-04
182,1,15,Credit,2021-04-27,車両管理費,10A100020,現金,,,000,共通部門,0,25000,10E201120,車両費,,,,,128351228,2021-04
183,1,30,Debit,2021-04-27,保険料支払,10E200240,保険料,,,010,札幌営業所,54320,0,10A100020,普通預金,,,,,54320,2021-04
183,1,30,Credit,2021-04-27,保険料支払,10A100020,普通預金,10,DEF銀行 駅前,000,共通部門,0,54320,10E200240,保険料,,,,,128296908,2021-04
184,1,37,Debit,2021-04-27,業務委託費,10E200020,販売手数料,,,020,東京支店,1264000,0,10B100630,未払金,,,,,2266000,2021-04
184,1,37,Credit,2021-04-27,業務委託費,10B100630,未払金,,,000,共通部門,0,1264000,10E200020,販売手数料,,,,,10913686,2021-04
185,1,39,Debit,2021-04-27,会費,10E200140,福利厚生費,,,020,東京支店,9000,0,10A100020,現金,,,,,275784,2021-04
185,1,39,Credit,2021-04-27,会費,10A100020,現金,,,000,共通部門,0,9000,10E200140,福利厚生費,,,,,128287908,2021-04
186,1,72,Debit,2021-04-27,新聞代,10E201160,図書費,,,020,東京支店,2864,0,10A100020,現金,,,,,18768,2021-04
186,1,72,Credit,2021-04-27,新聞代,10A100020,現金,,,000,共通部門,0,2864,10E201160,図書費,,,,,128285044,2021-04
186,2,72,Debit,2021-04-27,新聞代,10E201160,図書費,,,020,東京支店,2815,0,10A100020,現金,,,,,21583,2021-04
186,2,72,Credit,2021-04-27,新聞代,10A100020,現金,,,000,共通部門,0,2815,10E201160,図書費,,,,,128282229,2021-04
186,3,72,Debit,2021-04-27,新聞代,10E201160,図書費,,,020,東京支店,3399,0,10A100020,現金,,,,,24982,2021-04
186,3,72,Credit,2021-04-27,新聞代,10A100020,現金,,,000,共通部門,0,3399,10E201160,図書費,,,,,128278830,2021-04
179,1,9,Debit,2021-04-27,香典代,10E200150,交際費,,,010,札幌営業所,10000,0,10A100020,現金,,,,,365529,2021-04
179,1,9,Credit,2021-04-27,香典代,10A100020,現金,,,000,共通部門,0,10000,10E200150,交際費,,,,,128268830,2021-04
187,1,27,Debit,2021-04-28,旅費,10E201230,旅費及び交通費,,,010,札幌営業所,26667,0,10A100020,現金,,,,,941903,2021-04
187,1,27,Credit,2021-04-28,旅費,10A100020,現金,,,000,共通部門,0,26667,10E201230,旅費及び交通費,,,,,128242163,2021-04
187,2,27,Debit,2021-04-28,旅費,10E201230,旅費及び交通費,,,010,札幌営業所,29524,0,10A100020,現金,,,,,971427,2021-04
187,2,27,Credit,2021-04-28,旅費,10A100020,現金,,,000,共通部門,0,29524,10E201230,旅費及び交通費,,,,,128212639,2021-04
187,3,27,Debit,2021-04-28,旅費,10E201230,旅費及び交通費,,,010,札幌営業所,21429,0,10A100020,現金,,,,,992856,2021-04
187,3,27,Credit,2021-04-28,旅費,10A100020,現金,,,000,共通部門,0,21429,10E201230,旅費及び交通費,,,,,128191210,2021-04
189,1,315,Debit,2021-04-28,資金移動,10A100020,普通預金,20,ABC銀行 本店,000,共通部門,3000000,0,10A100020,当座預金,,,,,131191210,2021-04
189,1,315,Credit,2021-04-28,資金移動,10A100020,当座預金,1,ABC銀行,000,共通部門,0,3000000,10A100020,普通預金,,,,,128191210,2021-04
188,1,93,Debit,2021-04-28,修繕費,10E201000,修繕維持費,,,030,名古屋支店,17850,0,10B100630,未払金,,,,,35850,2021-04
188,1,93,Credit,2021-04-28,修繕費,10B100630,未払金,,,000,共通部門,0,17850,10E201000,修繕維持費,,,,,10931536,2021-04
206,1,100,Debit,2021-04-30,会費,10E200140,福利厚生費,,,040,大阪支店,6000,0,10A100020,現金,,,,,281784,2021-04
206,1,100,Credit,2021-04-30,会費,10A100020,現金,,,000,共通部門,0,6000,10E200140,福利厚生費,,,,,128185210,2021-04
207,1,115,Debit,2021-04-30,保険料,10E200240,保険料,,,040,大阪支店,64500,0,10A100020,普通預金,,,,,118820,2021-04
207,1,115,Credit,2021-04-30,保険料,10A100020,普通預金,40,JKL銀行 梅田,000,共通部門,0,64500,10E200240,保険料,,,,,128120710,2021-04
208,1,116,Debit,2021-04-30,リース料,10E200730,借地借家料,,,040,大阪支店,84000,0,10A100020,普通預金,,,,,84000,2021-04
208,1,116,Credit,2021-04-30,リース料,10A100020,普通預金,40,JKL銀行 梅田,000,共通部門,0,84000,10E200730,借地借家料,,,,,128036710,2021-04
209,1,128,Debit,2021-04-30,収入印紙,10E200210,租税公課,,,010,札幌営業所,10000,0,10A100020,現金,,,,,56000,2021-04
209,1,128,Credit,2021-04-30,収入印紙,10A100020,現金,,,000,共通部門,0,10000,10E200210,租税公課,,,,,128026710,2021-04
210,1,137,Debit,2021-04-30,有線,10E201270,雑費,,,040,大阪支店,6000,0,10B100630,未払金,,,,,206850,2021-04
210,1,137,Credit,2021-04-30,有線,10B100630,未払金,,,000,共通部門,0,6000,10E201270,雑費,,,,,10937536,2021-04
210,2,137,Debit,2021-04-30,警備料,10E201270,雑費,,,040,大阪支店,42858,0,10B100630,未払金,,,,,249708,2021-04
210,2,137,Credit,2021-04-30,警備料,10B100630,未払金,,,000,共通部門,0,42858,10E201270,雑費,,,,,10980394,2021-04
210,3,137,Debit,2021-04-30,高速料,10E201120,車両費,,,040,大阪支店,53315,0,10A100020,普通預金,,,,,307814,2021-04
210,3,137,Credit,2021-04-30,高速料,10A100020,普通預金,40,JKL銀行 梅田,000,共通部門,0,53315,10E201120,車両費,,,,,127973395,2021-04
210,4,137,Debit,2021-04-30,清掃料,10E201270,雑費,,,040,大阪支店,73500,0,10B100630,未払金,,,,,323208,2021-04
210,4,137,Credit,2021-04-30,清掃料,10B100630,未払金,,,000,共通部門,0,73500,10E201270,雑費,,,,,11053894,2021-04
211,1,138,Debit,2021-04-30,ガソリン代,10E201120,車両費,,,040,大阪支店,3410,0,10A100020,現金,,,,,311224,2021-04
211,1,138,Credit,2021-04-30,ガソリン代,10A100020,現金,,,000,共通部門,0,3410,10E201120,車両費,,,,,127969985,2021-04
211,2,138,Debit,2021-04-30,高速代,10E201120,車両費,,,040,大阪支店,2524,0,10A100020,現金,,,,,313748,2021-04
211,2,138,Credit,2021-04-30,高速代,10A100020,現金,,,000,共通部門,0,2524,10E201120,車両費,,,,,127967461,2021-04
212,1,145,Debit,2021-04-30,運賃,10E200870,運賃,,,050,九州営業所,152600,0,10B100630,未払金,,,,,242420,2021-04
212,1,145,Credit,2021-04-30,運賃,10B100630,未払金,,,000,共通部門,0,152600,10E200870,運賃,,,,,11206494,2021-04
213,1,154,Debit,2021-04-30,お花代,10E200150,交際費,,,050,九州営業所,12000,0,10B100630,未払金,,,,,377529,2021-04
213,1,154,Credit,2021-04-30,お花代,10B100630,未払金,,,000,共通部門,0,12000,10E200150,交際費,,,,,11218494,2021-04
213,2,154,Debit,2021-04-30,香典代,10E200150,交際費,,,050,九州営業所,10000,0,10B100630,未払金,,,,,387529,2021-04
213,2,154,Credit,2021-04-30,香典代,10B100630,未払金,,,000,共通部門,0,10000,10E200150,交際費,,,,,11228494,2021-04
214,1,230,Debit,2021-04-30,保険料預かり分,10B100690,預り金,1,保険料,000,共通部門,734249,0,10A100020,普通預金,,,,,2896472,2021-04
214,1,230,Credit,2021-04-30,保険料預かり分,10A100020,普通預金,20,ABC銀行 本店,000,共通部門,0,734249,10B100690,預り金,,,,,127233212,2021-04
214,2,230,Debit,2021-04-30,保険料　事業主負担分,10E200540,法定福利費,,,020,東京支店,111192,0,10A100020,普通預金,,,,,111192,2021-04
214,2,230,Credit,2021-04-30,保険料　事業主負担分,10A100020,普通預金,20,ABC銀行 本店,000,共通部門,0,111192,10E200540,法定福利費,,,,,127122020,2021-04
214,3,230,Debit,2021-04-30,保険料　事業主負担分,10E200540,法定福利費,,,020,東京支店,236635,0,10A100020,普通預金,,,,,347827,2021-04
214,3,230,Credit,2021-04-30,保険料　事業主負担分,10A100020,普通預金,20,ABC銀行 本店,000,共通部門,0,236635,10E200540,法定福利費,,,,,126885385,2021-04
214,4,230,Debit,2021-04-30,保険料　事業主負担分,10E200540,法定福利費,,,010,札幌営業所,100704,0,10A100020,普通預金,,,,,448531,2021-04
214,4,230,Credit,2021-04-30,保険料　事業主負担分,10A100020,普通預金,20,ABC銀行 本店,000,共通部門,0,100704,10E200540,法定福利費,,,,,126784681,2021-04
214,5,230,Debit,2021-04-30,保険料　事業主負担分,10E200540,法定福利費,,,030,名古屋支店,92652,0,10A100020,普通預金,,,,,541183,2021-04
214,5,230,Credit,2021-04-30,保険料　事業主負担分,10A100020,普通預金,20,ABC銀行 本店,000,共通部門,0,92652,10E200540,法定福利費,,,,,126692029,2021-04
214,6,230,Debit,2021-04-30,保険料　事業主負担分,10E200540,法定福利費,,,040,大阪支店,126826,0,10A100020,普通預金,,,,,668009,2021-04
214,6,230,Credit,2021-04-30,保険料　事業主負担分,10A100020,普通預金,20,ABC銀行 本店,000,共通部門,0,126826,10E200540,法定福利費,,,,,126565203,2021-04
214,7,230,Debit,2021-04-30,保険料　事業主負担分,10E200540,法定福利費,,,050,九州営業所,66245,0,10A100020,普通預金,,,,,734254,2021-04
214,7,230,Credit,2021-04-30,保険料　事業主負担分,10A100020,普通預金,20,ABC銀行 本店,000,共通部門,0,66245,10E200540,法定福利費,,,,,126498958,2021-04
214,8,230,Debit,2021-04-30,児童拠出金　事業主負担分,10E200540,法定福利費,,,020,東京支店,9672,0,10A100020,普通預金,,,,,743926,2021-04
214,8,230,Credit,2021-04-30,児童拠出金　事業主負担分,10A100020,普通預金,20,ABC銀行 本店,000,共通部門,0,9672,10E200540,法定福利費,,,,,126489286,2021-04
215,1,239,Debit,2021-04-30,保険料,10E200240,保険料,,,030,名古屋支店,62000,0,10A100020,普通預金,,,,,180820,2021-04
215,1,239,Credit,2021-04-30,保険料,10A100020,普通預金,30,GHI銀行 名古屋,000,共通部門,0,62000,10E200240,保険料,,,,,126427286,2021-04
216,1,240,Debit,2021-04-30,保険料支払い,10E200240,保険料,,,050,九州営業所,57000,0,10A100020,普通預金,,,,,237820,2021-04
216,1,240,Credit,2021-04-30,保険料支払い,10A100020,普通預金,50,MNO銀行 北九州,000,共通部門,0,57000,10E200240,保険料,,,,,126370286,2021-04
217,1,242,Debit,2021-04-30,消耗品費　部門配賦,10E200200,消耗品費,,,010,札幌営業所,38728,0,10E200200,消耗品費,,,,,390805,2021-04
217,1,242,Credit,2021-04-30,消耗品費　部門配賦,10E200200,消耗品費,,,000,共通部門,0,38728,10E200200,消耗品費,,,,,352077,2021-04
217,2,242,Debit,2021-04-30,消耗品費　部門配賦,10E200200,消耗品費,,,020,東京支店,168999,0,10E200200,消耗品費,,,,,521076,2021-04
217,2,242,Credit,2021-04-30,消耗品費　部門配賦,10E200200,消耗品費,,,000,共通部門,0,168999,10E200200,消耗品費,,,,,352077,2021-04
217,3,242,Debit,2021-04-30,消耗品費　部門配賦,10E200200,消耗品費,,,030,名古屋支店,35207,0,10E200200,消耗品費,,,,,387284,2021-04
217,3,242,Credit,2021-04-30,消耗品費　部門配賦,10E200200,消耗品費,,,000,共通部門,0,35207,10E200200,消耗品費,,,,,352077,2021-04
217,4,242,Debit,2021-04-30,消耗品費　部門配賦,10E200200,消耗品費,,,040,大阪支店,84498,0,10E200200,消耗品費,,,,,436575,2021-04
217,4,242,Credit,2021-04-30,消耗品費　部門配賦,10E200200,消耗品費,,,000,共通部門,0,84498,10E200200,消耗品費,,,,,352077,2021-04
217,5,242,Debit,2021-04-30,消耗品費　部門配賦,10E200200,消耗品費,,,050,九州営業所,24645,0,10E200200,消耗品費,,,,,376722,2021-04
217,5,242,Credit,2021-04-30,消耗品費　部門配賦,10E200200,消耗品費,,,000,共通部門,0,24645,10E200200,消耗品費,,,,,352077,2021-04
218,1,251,Debit,2021-04-30,旅費,10E201230,旅費及び交通費,,,030,名古屋支店,9800,0,10A100020,現金,,,,,1002656,2021-04
218,1,251,Credit,2021-04-30,旅費,10A100020,現金,,,000,共通部門,0,9800,10E201230,旅費及び交通費,,,,,126360486,2021-04
219,1,276,Debit,2021-04-30,4月1日～4月30日分売上,10A100090,売掛金,5,東雲商会株式会社,000,共通部門,1536384,0,10D100100,総売上高,,,,,19862472,2021-04
219,1,276,Credit,2021-04-30,4月1日～4月30日分売上,10D100100,総売上高,,,010,札幌営業所,0,1536384,10A100090,売掛金,,,,,1536384,2021-04
219,2,276,Debit,2021-04-30,4月1日～4月30日分売上,10A100090,売掛金,25,株式会社ほのかマート,000,共通部門,3664410,0,10D100100,総売上高,,,,,23526882,2021-04
219,2,276,Credit,2021-04-30,4月1日～4月30日分売上,10D100100,総売上高,,,010,札幌営業所,0,3664410,10A100090,売掛金,,,,,5200794,2021-04
219,3,276,Debit,2021-04-30,4月1日～4月30日分売上,10A100090,売掛金,14,株式会社花咲商事,000,共通部門,1418200,0,10D100100,総売上高,,,,,24945082,2021-04
219,3,276,Credit,2021-04-30,4月1日～4月30日分売上,10D100100,総売上高,,,010,札幌営業所,0,1418200,10A100090,売掛金,,,,,6618994,2021-04
220,1,277,Debit,2021-04-30,4月1日～4月30日分売上,10A100090,売掛金,2,株式会社桜丘百貨店,000,共通部門,13321782,0,10D100100,総売上高,,,,,38266864,2021-04
220,1,277,Credit,2021-04-30,4月1日～4月30日分売上,10D100100,総売上高,,,020,東京支店,0,13321782,10A100090,売掛金,,,,,19940776,2021-04
220,2,277,Debit,2021-04-30,4月1日～4月30日分売上,10A100090,売掛金,12,株式会社緑野百貨店,000,共通部門,10846514,0,10D100100,総売上高,,,,,49113378,2021-04
220,2,277,Credit,2021-04-30,4月1日～4月30日分売上,10D100100,総売上高,,,020,東京支店,0,10846514,10A100090,売掛金,,,,,30787290,2021-04
220,3,277,Debit,2021-04-30,4月1日～4月30日分売上,10A100090,売掛金,11,株式会社楓屋,000,共通部門,620476,0,10D100100,総売上高,,,,,49733854,2021-04
220,3,277,Credit,2021-04-30,4月1日～4月30日分売上,10D100100,総売上高,,,020,東京支店,0,620476,10A100090,売掛金,,,,,31407766,2021-04
220,4,277,Debit,2021-04-30,4月1日～4月30日分売上,10A100090,売掛金,13,星川商事株式会社,000,共通部門,1671612,0,10D100100,総売上高,,,,,51405466,2021-04
220,4,277,Credit,2021-04-30,4月1日～4月30日分売上,10D100100,総売上高,,,020,東京支店,0,1671612,10A100090,売掛金,,,,,33079378,2021-04
220,5,277,Debit,2021-04-30,4月1日～4月30日分売上,10A100090,売掛金,14,株式会社花咲商事,000,共通部門,2064894,0,10D100100,総売上高,,,,,53470360,2021-04
220,5,277,Credit,2021-04-30,4月1日～4月30日分売上,10D100100,総売上高,,,020,東京支店,0,2064894,10A100090,売掛金,,,,,35144272,2021-04
220,6,277,Debit,2021-04-30,4月1日～4月30日分売上,10A100090,売掛金,26,若松販売株式会社,000,共通部門,976504,0,10D100100,総売上高,,,,,54446864,2021-04
220,6,277,Credit,2021-04-30,4月1日～4月30日分売上,10D100100,総売上高,,,020,東京支店,0,976504,10A100090,売掛金,,,,,36120776,2021-04
220,7,277,Debit,2021-04-30,4月1日～4月30日分売上,10A100090,売掛金,30,株式会社彩雲トレーディング,000,共通部門,1104852,0,10D100100,総売上高,,,,,55551716,2021-04
220,7,277,Credit,2021-04-30,4月1日～4月30日分売上,10D100100,総売上高,,,020,東京支店,0,1104852,10A100090,売掛金,,,,,37225628,2021-04
220,8,277,Debit,2021-04-30,4月1日～4月30日分売上,10D100110,売上値引及び戻り高,,,020,東京支店,70720,0,10A100090,売掛金,,,,,70720,2021-04
220,8,277,Credit,2021-04-30,4月1日～4月30日分売上,10A100090,売掛金,13,星川商事株式会社,000,共通部門,0,70720,10D100110,売上値引及び戻り高,,,,,55480996,2021-04
220,9,277,Debit,2021-04-30,4月1日～4月30日分売上,10A100090,売掛金,10,合同会社こもれび商事,000,共通部門,359744,0,10D100100,総売上高,,,,,55840740,2021-04
220,9,277,Credit,2021-04-30,4月1日～4月30日分売上,10D100100,総売上高,,,020,東京支店,0,359744,10A100090,売掛金,,,,,37585372,2021-04
220,10,277,Debit,2021-04-30,4月1日～4月30日分売上,10D100110,売上値引及び戻り高,,,020,東京支店,38736,0,10A100090,売掛金,,,,,109456,2021-04
220,10,277,Credit,2021-04-30,4月1日～4月30日分売上,10A100090,売掛金,12,株式会社緑野百貨店,000,共通部門,0,38736,10D100110,売上値引及び戻り高,,,,,55802004,2021-04
220,11,277,Debit,2021-04-30,4月1日～4月30日分売上,10A100090,売掛金,24,白峰商事株式会社,000,共通部門,430032,0,10D100100,総売上高,,,,,56232036,2021-04
220,11,277,Credit,2021-04-30,4月1日～4月30日分売上,10D100100,総売上高,,,020,東京支店,0,430032,10A100090,売掛金,,,,,38015404,2021-04
221,1,278,Debit,2021-04-30,4月1日～4月30日分売上,10A100090,売掛金,6,株式会社瑞穂流通,000,共通部門,1054408,0,10D100100,総売上高,,,,,57286444,2021-04
221,1,278,Credit,2021-04-30,4月1日～4月30日分売上,10D100100,総売上高,,,030,名古屋支店,0,1054408,10A100090,売掛金,,,,,39069812,2021-04
221,2,278,Debit,2021-04-30,4月1日～4月30日分売上,10A100090,売掛金,7,株式会社光彩堂商事,000,共通部門,1246560,0,10D100100,総売上高,,,,,58533004,2021-04
221,2,278,Credit,2021-04-30,4月1日～4月30日分売上,10D100100,総売上高,,,030,名古屋支店,0,1246560,10A100090,売掛金,,,,,40316372,2021-04
221,3,278,Debit,2021-04-30,4月1日～4月30日分売上,10A100090,売掛金,14,株式会社花咲商事,000,共通部門,1260302,0,10D100100,総売上高,,,,,59793306,2021-04
221,3,278,Credit,2021-04-30,4月1日～4月30日分売上,10D100100,総売上高,,,030,名古屋支店,0,1260302,10A100090,売掛金,,,,,41576674,2021-04
221,4,278,Debit,2021-04-30,4月1日～4月30日分売上,10A100090,売掛金,19,株式会社南風商会,000,共通部門,818910,0,10D100100,総売上高,,,,,60612216,2021-04
221,4,278,Credit,2021-04-30,4月1日～4月30日分売上,10D100100,総売上高,,,030,名古屋支店,0,818910,10A100090,売掛金,,,,,42395584,2021-04
221,5,278,Debit,2021-04-30,4月1日～4月30日分売上,10A100090,売掛金,21,合同会社つばさ商店,000,共通部門,845757,0,10D100100,総売上高,,,,,61457973,2021-04
221,5,278,Credit,2021-04-30,4月1日～4月30日分売上,10D100100,総売上高,,,030,名古屋支店,0,845757,10A100090,売掛金,,,,,43241341,2021-04
221,6,278,Debit,2021-04-30,4月1日～4月30日分売上,10A100090,売掛金,27,晴海物産株式会社,000,共通部門,883909,0,10D100100,総売上高,,,,,62341882,2021-04
221,6,278,Credit,2021-04-30,4月1日～4月30日分売上,10D100100,総売上高,,,030,名古屋支店,0,883909,10A100090,売掛金,,,,,44125250,2021-04
221,7,278,Debit,2021-04-30,4月1日～4月30日分売上,10D100110,売上値引及び戻り高,,,030,名古屋支店,34000,0,10A100090,売掛金,,,,,143456,2021-04
221,7,278,Credit,2021-04-30,4月1日～4月30日分売上,10A100090,売掛金,6,株式会社瑞穂流通,000,共通部門,0,34000,10D100110,売上値引及び戻り高,,,,,62307882,2021-04
222,1,279,Debit,2021-04-30,4月1日～4月30日分売上,10A100090,売掛金,3,青凪商事株式会社,000,共通部門,736072,0,10D100100,総売上高,,,,,63043954,2021-04
222,1,279,Credit,2021-04-30,4月1日～4月30日分売上,10D100100,総売上高,,,040,大阪支店,0,736072,10A100090,売掛金,,,,,44861322,2021-04
222,2,279,Debit,2021-04-30,4月1日～4月30日分売上,10A100090,売掛金,4,株式会社ひなたマート,000,共通部門,1200768,0,10D100100,総売上高,,,,,64244722,2021-04
222,2,279,Credit,2021-04-30,4月1日～4月30日分売上,10D100100,総売上高,,,040,大阪支店,0,1200768,10A100090,売掛金,,,,,46062090,2021-04
222,3,279,Debit,2021-04-30,4月1日～4月30日分売上,10A100090,売掛金,8,株式会社高原マーケット,000,共通部門,942912,0,10D100100,総売上高,,,,,65187634,2021-04
222,3,279,Credit,2021-04-30,4月1日～4月30日分売上,10D100100,総売上高,,,040,大阪支店,0,942912,10A100090,売掛金,,,,,47005002,2021-04
222,4,279,Debit,2021-04-30,4月1日～4月30日分売上,10A100090,売掛金,9,朝凪物産株式会社,000,共通部門,1202528,0,10D100100,総売上高,,,,,66390162,2021-04
222,4,279,Credit,2021-04-30,4月1日～4月30日分売上,10D100100,総売上高,,,040,大阪支店,0,1202528,10A100090,売掛金,,,,,48207530,2021-04
222,5,279,Debit,2021-04-30,4月1日～4月30日分売上,10A100090,売掛金,14,株式会社花咲商事,000,共通部門,1526316,0,10D100100,総売上高,,,,,67916478,2021-04
222,5,279,Credit,2021-04-30,4月1日～4月30日分売上,10D100100,総売上高,,,040,大阪支店,0,1526316,10A100090,売掛金,,,,,49733846,2021-04
222,6,279,Debit,2021-04-30,4月1日～4月30日分売上,10A100090,売掛金,20,清和商事株式会社,000,共通部門,1136086,0,10D100100,総売上高,,,,,69052564,2021-04
222,6,279,Credit,2021-04-30,4月1日～4月30日分売上,10D100100,総売上高,,,040,大阪支店,0,1136086,10A100090,売掛金,,,,,50869932,2021-04
222,7,279,Debit,2021-04-30,4月1日～4月30日分売上,10A100090,売掛金,23,株式会社杉の木商店,000,共通部門,694821,0,10D100100,総売上高,,,,,69747385,2021-04
222,7,279,Credit,2021-04-30,4月1日～4月30日分売上,10D100100,総売上高,,,040,大阪支店,0,694821,10A100090,売掛金,,,,,51564753,2021-04
222,8,279,Debit,2021-04-30,4月1日～4月30日分売上,10A100090,売掛金,28,株式会社青葉百貨店,000,共通部門,4716787,0,10D100100,総売上高,,,,,74464172,2021-04
222,8,279,Credit,2021-04-30,4月1日～4月30日分売上,10D100100,総売上高,,,040,大阪支店,0,4716787,10A100090,売掛金,,,,,56281540,2021-04
222,9,279,Debit,2021-04-30,4月1日～4月30日分売上,10D100110,売上値引及び戻り高,,,040,大阪支店,24480,0,10A100090,売掛金,,,,,167936,2021-04
222,9,279,Credit,2021-04-30,4月1日～4月30日分売上,10A100090,売掛金,28,株式会社青葉百貨店,000,共通部門,0,24480,10D100110,売上値引及び戻り高,,,,,74439692,2021-04
223,1,280,Debit,2021-04-30,4月1日～4月30日分売上,10A100090,売掛金,1,株式会社若葉百貨店,000,共通部門,1476232,0,10D100100,総売上高,,,,,75915924,2021-04
223,1,280,Credit,2021-04-30,4月1日～4月30日分売上,10D100100,総売上高,,,050,九州営業所,0,1476232,10A100090,売掛金,,,,,57757772,2021-04
223,2,280,Debit,2021-04-30,4月1日～4月30日分売上,10A100090,売掛金,14,株式会社花咲商事,000,共通部門,1081720,0,10D100100,総売上高,,,,,76997644,2021-04
223,2,280,Credit,2021-04-30,4月1日～4月30日分売上,10D100100,総売上高,,,050,九州営業所,0,1081720,10A100090,売掛金,,,,,58839492,2021-04
223,3,280,Debit,2021-04-30,4月1日～4月30日分売上,10A100090,売掛金,22,株式会社豊原産業,000,共通部門,1041464,0,10D100100,総売上高,,,,,78039108,2021-04
223,3,280,Credit,2021-04-30,4月1日～4月30日分売上,10D100100,総売上高,,,050,九州営業所,0,1041464,10A100090,売掛金,,,,,59880956,2021-04
223,4,280,Debit,2021-04-30,4月1日～4月30日分売上,10A100090,売掛金,29,株式会社小春サービス,000,共通部門,456660,0,10D100100,総売上高,,,,,78495768,2021-04
223,4,280,Credit,2021-04-30,4月1日～4月30日分売上,10D100100,総売上高,,,050,九州営業所,0,456660,10A100090,売掛金,,,,,60337616,2021-04
224,1,281,Debit,2021-04-30,4月30日伝票No204株式会社ひなたマート,10A100020,普通預金,40,JKL銀行 梅田,000,共通部門,2874761,0,10A100090,売掛金,,,,,129235247,2021-04
224,1,281,Credit,2021-04-30,4月30日伝票No204株式会社ひなたマート,10A100090,売掛金,4,株式会社ひなたマート,000,共通部門,0,2874761,10A100020,普通預金,,,,,75621007,2021-04
224,2,281,Debit,2021-04-30,4月30日伝票No204株式会社ひなたマート,10E200690,支払手数料,,,040,大阪支店,840,0,10A100090,売掛金,,,,,9712,2021-04
224,2,281,Credit,2021-04-30,4月30日伝票No204株式会社ひなたマート,10A100090,売掛金,4,株式会社ひなたマート,000,共通部門,0,840,10E200690,支払手数料,,,,,75620167,2021-04
225,1,282,Debit,2021-04-30,4月30日伝票No205東雲商会株式会社,10A100020,普通預金,10,DEF銀行 駅前,000,共通部門,4014481,0,10A100090,売掛金,,,,,133249728,2021-04
225,1,282,Credit,2021-04-30,4月30日伝票No205東雲商会株式会社,10A100090,売掛金,5,東雲商会株式会社,000,共通部門,0,4014481,10A100020,普通預金,,,,,71605686,2021-04
225,2,282,Debit,2021-04-30,4月30日伝票No205東雲商会株式会社,10E200690,支払手数料,,,010,札幌営業所,840,0,10A100090,売掛金,,,,,10552,2021-04
225,2,282,Credit,2021-04-30,4月30日伝票No205東雲商会株式会社,10A100090,売掛金,5,東雲商会株式会社,000,共通部門,0,840,10E200690,支払手数料,,,,,71604846,2021-04
226,1,283,Debit,2021-04-30,4月30日伝票No206株式会社緑野百貨店 | 売上伝票=202103分未収録;手形番号=R20210430-283-12,10A100060,受取手形,,,000,共通部門,11435166,0,10A100090,売掛金,,,,,81555367,2021-04
226,1,283,Credit,2021-04-30,4月30日伝票No206株式会社緑野百貨店 | 売上伝票=202103分未収録;手形番号=R20210430-283-12,10A100090,売掛金,12,株式会社緑野百貨店,000,共通部門,0,11435166,10A100060,受取手形,,,,,60169680,2021-04
227,1,284,Debit,2021-04-30,4月1日～4月30日分仕入,10E100130,当期商品仕入高,,,010,札幌営業所,185975,0,10B100040,買掛金,,,,,185975,2021-04
227,1,284,Credit,2021-04-30,4月1日～4月30日分仕入,10B100040,買掛金,2,株式会社双葉物産,000,共通部門,0,185975,10E100130,当期商品仕入高,,,,,39751931,2021-04
227,2,284,Debit,2021-04-30,4月1日～4月30日分仕入,10E100130,当期商品仕入高,,,010,札幌営業所,23688,0,10B100040,買掛金,,,,,209663,2021-04
227,2,284,Credit,2021-04-30,4月1日～4月30日分仕入,10B100040,買掛金,8,株式会社白樺商事,000,共通部門,0,23688,10E100130,当期商品仕入高,,,,,39775619,2021-04
228,1,285,Debit,2021-04-30,4月1日～4月30日分仕入,10E100130,当期商品仕入高,,,020,東京支店,1263652,0,10B100040,買掛金,,,,,1473315,2021-04
228,1,285,Credit,2021-04-30,4月1日～4月30日分仕入,10B100040,買掛金,13,朝日野産業株式会社,000,共通部門,0,1263652,10E100130,当期商品仕入高,,,,,41039271,2021-04
228,2,285,Debit,2021-04-30,4月1日～4月30日分仕入,10E100130,当期商品仕入高,,,020,東京支店,6031869,0,10B100040,買掛金,,,,,7505184,2021-04
228,2,285,Credit,2021-04-30,4月1日～4月30日分仕入,10B100040,買掛金,1,株式会社北辰商事,000,共通部門,0,6031869,10E100130,当期商品仕入高,,,,,47071140,2021-04
228,3,285,Debit,2021-04-30,4月1日～4月30日分仕入,10E100130,当期商品仕入高,,,020,東京支店,4109548,0,10B100040,買掛金,,,,,11614732,2021-04
228,3,285,Credit,2021-04-30,4月1日～4月30日分仕入,10B100040,買掛金,11,株式会社花園商会,000,共通部門,0,4109548,10E100130,当期商品仕入高,,,,,51180688,2021-04
228,4,285,Debit,2021-04-30,4月1日～4月30日分仕入,10E100130,当期商品仕入高,,,020,東京支店,322812,0,10B100040,買掛金,,,,,11937544,2021-04
228,4,285,Credit,2021-04-30,4月1日～4月30日分仕入,10B100040,買掛金,12,株式会社泉川商事,000,共通部門,0,322812,10E100130,当期商品仕入高,,,,,51503500,2021-04
228,5,285,Debit,2021-04-30,4月1日～4月30日分仕入,10E100130,当期商品仕入高,,,020,東京支店,2915080,0,10B100040,買掛金,,,,,14852624,2021-04
228,5,285,Credit,2021-04-30,4月1日～4月30日分仕入,10B100040,買掛金,3,青凪商事株式会社,000,共通部門,0,2915080,10E100130,当期商品仕入高,,,,,54418580,2021-04
228,6,285,Debit,2021-04-30,4月1日～4月30日分仕入,10E100130,当期商品仕入高,,,020,東京支店,2584863,0,10B100040,買掛金,,,,,17437487,2021-04
228,6,285,Credit,2021-04-30,4月1日～4月30日分仕入,10B100040,買掛金,14,合同会社あかね商会,000,共通部門,0,2584863,10E100130,当期商品仕入高,,,,,57003443,2021-04
228,7,285,Debit,2021-04-30,4月1日～4月30日分仕入,10E100130,当期商品仕入高,,,020,東京支店,409145,0,10B100040,買掛金,,,,,17846632,2021-04
228,7,285,Credit,2021-04-30,4月1日～4月30日分仕入,10B100040,買掛金,2,株式会社双葉物産,000,共通部門,0,409145,10E100130,当期商品仕入高,,,,,57412588,2021-04
228,8,285,Debit,2021-04-30,4月1日～4月30日分仕入,10B100040,買掛金,1,株式会社北辰商事,000,共通部門,73207,0,10E100120,仕入値引及び戻し高,,,,,57339381,2021-04
228,8,285,Credit,2021-04-30,4月1日～4月30日分仕入,10E100120,仕入値引及び戻し高,,,020,東京支店,0,73207,10B100040,買掛金,,,,,73207,2021-04
228,9,285,Debit,2021-04-30,4月1日～4月30日分仕入,10E100130,当期商品仕入高,,,020,東京支店,189504,0,10B100040,買掛金,,,,,18036136,2021-04
228,9,285,Credit,2021-04-30,4月1日～4月30日分仕入,10B100040,買掛金,8,株式会社白樺商事,000,共通部門,0,189504,10E100130,当期商品仕入高,,,,,57528885,2021-04
228,10,285,Debit,2021-04-30,4月1日～4月30日分仕入,10B100040,買掛金,3,青凪商事株式会社,000,共通部門,21672,0,10E100120,仕入値引及び戻し高,,,,,57507213,2021-04
228,10,285,Credit,2021-04-30,4月1日～4月30日分仕入,10E100120,仕入値引及び戻し高,,,020,東京支店,0,21672,10B100040,買掛金,,,,,94879,2021-04
229,1,286,Debit,2021-04-30,4月1日～4月30日分仕入,10E100130,当期商品仕入高,,,030,名古屋支店,1733105,0,10B100040,買掛金,,,,,19769241,2021-04
229,1,286,Credit,2021-04-30,4月1日～4月30日分仕入,10B100040,買掛金,9,東原産業株式会社,000,共通部門,0,1733105,10E100130,当期商品仕入高,,,,,59240318,2021-04
229,2,286,Debit,2021-04-30,4月1日～4月30日分仕入,10E100130,当期商品仕入高,,,030,名古屋支店,1113366,0,10B100040,買掛金,,,,,20882607,2021-04
229,2,286,Credit,2021-04-30,4月1日～4月30日分仕入,10B100040,買掛金,15,株式会社麦穂商事,000,共通部門,0,1113366,10E100130,当期商品仕入高,,,,,60353684,2021-04
229,3,286,Debit,2021-04-30,4月1日～4月30日分仕入,10E100130,当期商品仕入高,,,030,名古屋支店,3387545,0,10B100040,買掛金,,,,,24270152,2021-04
229,3,286,Credit,2021-04-30,4月1日～4月30日分仕入,10B100040,買掛金,7,株式会社夕凪商会,000,共通部門,0,3387545,10E100130,当期商品仕入高,,,,,63741229,2021-04
229,4,286,Debit,2021-04-30,4月1日～4月30日分仕入,10E100130,当期商品仕入高,,,030,名古屋支店,152913,0,10B100040,買掛金,,,,,24423065,2021-04
229,4,286,Credit,2021-04-30,4月1日～4月30日分仕入,10B100040,買掛金,2,株式会社双葉物産,000,共通部門,0,152913,10E100130,当期商品仕入高,,,,,63894142,2021-04
229,5,286,Debit,2021-04-30,4月1日～4月30日分仕入,10B100040,買掛金,15,株式会社麦穂商事,000,共通部門,16968,0,10E100120,仕入値引及び戻し高,,,,,63877174,2021-04
229,5,286,Credit,2021-04-30,4月1日～4月30日分仕入,10E100120,仕入値引及び戻し高,,,030,名古屋支店,0,16968,10B100040,買掛金,,,,,111847,2021-04
229,6,286,Debit,2021-04-30,4月1日～4月30日分仕入,10E100130,当期商品仕入高,,,030,名古屋支店,42638,0,10B100040,買掛金,,,,,24465703,2021-04
229,6,286,Credit,2021-04-30,4月1日～4月30日分仕入,10B100040,買掛金,8,株式会社白樺商事,000,共通部門,0,42638,10E100130,当期商品仕入高,,,,,63919812,2021-04
229,7,286,Debit,2021-04-30,4月1日～4月30日分仕入,10B100040,買掛金,9,東原産業株式会社,000,共通部門,11793,0,10E100120,仕入値引及び戻し高,,,,,63908019,2021-04
229,7,286,Credit,2021-04-30,4月1日～4月30日分仕入,10E100120,仕入値引及び戻し高,,,030,名古屋支店,0,11793,10B100040,買掛金,,,,,123640,2021-04
230,1,287,Debit,2021-04-30,4月1日～4月30日分仕入,10E100130,当期商品仕入高,,,040,大阪支店,905555,0,10B100040,買掛金,,,,,25371258,2021-04
230,1,287,Credit,2021-04-30,4月1日～4月30日分仕入,10B100040,買掛金,4,株式会社和泉流通,000,共通部門,0,905555,10E100130,当期商品仕入高,,,,,64813574,2021-04
230,2,287,Debit,2021-04-30,4月1日～4月30日分仕入,10E100130,当期商品仕入高,,,040,大阪支店,2891993,0,10B100040,買掛金,,,,,28263251,2021-04
230,2,287,Credit,2021-04-30,4月1日～4月30日分仕入,10B100040,買掛金,10,光野販売株式会社,000,共通部門,0,2891993,10E100130,当期商品仕入高,,,,,67705567,2021-04
230,3,287,Debit,2021-04-30,4月1日～4月30日分仕入,10B100040,買掛金,10,光野販売株式会社,000,共通部門,34587,0,10E100120,仕入値引及び戻し高,,,,,67670980,2021-04
230,3,287,Credit,2021-04-30,4月1日～4月30日分仕入,10E100120,仕入値引及び戻し高,,,040,大阪支店,0,34587,10B100040,買掛金,,,,,158227,2021-04
230,4,287,Debit,2021-04-30,4月1日～4月30日分仕入,10E100130,当期商品仕入高,,,040,大阪支店,3320176,0,10B100040,買掛金,,,,,31583427,2021-04
230,4,287,Credit,2021-04-30,4月1日～4月30日分仕入,10B100040,買掛金,6,株式会社日向産業,000,共通部門,0,3320176,10E100130,当期商品仕入高,,,,,70991156,2021-04
230,5,287,Debit,2021-04-30,4月1日～4月30日分仕入,10E100130,当期商品仕入高,,,040,大阪支店,3445686,0,10B100040,買掛金,,,,,35029113,2021-04
230,5,287,Credit,2021-04-30,4月1日～4月30日分仕入,10B100040,買掛金,5,千草商事株式会社,000,共通部門,0,3445686,10E100130,当期商品仕入高,,,,,74436842,2021-04
230,6,287,Debit,2021-04-30,4月1日～4月30日分仕入,10E100130,当期商品仕入高,,,040,大阪支店,71064,0,10B100040,買掛金,,,,,35100177,2021-04
230,6,287,Credit,2021-04-30,4月1日～4月30日分仕入,10B100040,買掛金,8,株式会社白樺商事,000,共通部門,0,71064,10E100130,当期商品仕入高,,,,,74507906,2021-04
230,7,287,Debit,2021-04-30,4月1日～4月30日分仕入,10E100130,当期商品仕入高,,,040,大阪支店,293427,0,10B100040,買掛金,,,,,35393604,2021-04
230,7,287,Credit,2021-04-30,4月1日～4月30日分仕入,10B100040,買掛金,2,株式会社双葉物産,000,共通部門,0,293427,10E100130,当期商品仕入高,,,,,74801333,2021-04
230,8,287,Debit,2021-04-30,4月1日～4月30日分仕入,10B100040,買掛金,6,株式会社日向産業,000,共通部門,22478,0,10E100120,仕入値引及び戻し高,,,,,74778855,2021-04
230,8,287,Credit,2021-04-30,4月1日～4月30日分仕入,10E100120,仕入値引及び戻し高,,,040,大阪支店,0,22478,10B100040,買掛金,,,,,180705,2021-04
230,9,287,Debit,2021-04-30,4月1日～4月30日分仕入,10B100040,買掛金,5,千草商事株式会社,000,共通部門,21674,0,10E100120,仕入値引及び戻し高,,,,,74757181,2021-04
230,9,287,Credit,2021-04-30,4月1日～4月30日分仕入,10E100120,仕入値引及び戻し高,,,040,大阪支店,0,21674,10B100040,買掛金,,,,,202379,2021-04
231,1,288,Debit,2021-04-30,4月1日～4月30日分仕入,10E100130,当期商品仕入高,,,050,九州営業所,74390,0,10B100040,買掛金,,,,,35467994,2021-04
231,1,288,Credit,2021-04-30,4月1日～4月30日分仕入,10B100040,買掛金,2,株式会社双葉物産,000,共通部門,0,74390,10E100130,当期商品仕入高,,,,,74831571,2021-04
231,2,288,Debit,2021-04-30,4月1日～4月30日分仕入,10E100130,当期商品仕入高,,,050,九州営業所,23688,0,10B100040,買掛金,,,,,35491682,2021-04
231,2,288,Credit,2021-04-30,4月1日～4月30日分仕入,10B100040,買掛金,8,株式会社白樺商事,000,共通部門,0,23688,10E100130,当期商品仕入高,,,,,74855259,2021-04
232,1,289,Debit,2021-04-30,4月30日伝票No124光野販売株式会社,10B100040,買掛金,10,光野販売株式会社,000,共通部門,4640751,0,10B100030,支払手形,,,,,70214508,2021-04
232,1,289,Credit,2021-04-30,4月30日伝票No124光野販売株式会社,10B100030,支払手形,,,000,共通部門,0,4640751,10B100040,買掛金,,,,,57344495,2021-04
233,1,290,Debit,2021-04-30,4月30日伝票No125株式会社泉川商事,10B100040,買掛金,12,株式会社泉川商事,000,共通部門,497372,0,10A100020,普通預金,,,,,69717136,2021-04
233,1,290,Credit,2021-04-30,4月30日伝票No125株式会社泉川商事,10A100020,普通預金,20,ABC銀行 本店,000,共通部門,0,497372,10B100040,買掛金,,,,,132752356,2021-04
234,1,291,Debit,2021-04-30,4月30日伝票No128朝日野産業株式会社,10B100040,買掛金,13,朝日野産業株式会社,000,共通部門,1370598,0,10A100020,普通預金,,,,,68346538,2021-04
234,1,291,Credit,2021-04-30,4月30日伝票No128朝日野産業株式会社,10A100020,普通預金,20,ABC銀行 本店,000,共通部門,0,1370598,10B100040,買掛金,,,,,131381758,2021-04
235,1,292,Debit,2021-04-30,4月30日伝票No129合同会社あかね商会,10B100040,買掛金,14,合同会社あかね商会,000,共通部門,4036321,0,10A100020,普通預金,,,,,64310217,2021-04
235,1,292,Credit,2021-04-30,4月30日伝票No129合同会社あかね商会,10A100020,普通預金,20,ABC銀行 本店,000,共通部門,0,4036321,10B100040,買掛金,,,,,127345437,2021-04
236,1,293,Debit,2021-04-30,4月30日伝票No131株式会社麦穂商事,10B100040,買掛金,15,株式会社麦穂商事,000,共通部門,1710087,0,10A100020,普通預金,,,,,62600130,2021-04
236,1,293,Credit,2021-04-30,4月30日伝票No131株式会社麦穂商事,10A100020,普通預金,20,ABC銀行 本店,000,共通部門,0,1710087,10B100040,買掛金,,,,,125635350,2021-04
237,1,294,Debit,2021-04-30,4月30日伝票No279株式会社双葉物産,10B100040,買掛金,2,株式会社双葉物産,000,共通部門,1829520,0,10A100020,普通預金,,,,,60770610,2021-04
237,1,294,Credit,2021-04-30,4月30日伝票No279株式会社双葉物産,10A100020,普通預金,20,ABC銀行 本店,000,共通部門,0,1829520,10B100040,買掛金,,,,,123805830,2021-04
238,1,295,Debit,2021-04-30,4月30日伝票No282千草商事株式会社,10B100040,買掛金,5,千草商事株式会社,000,共通部門,5237507,0,10B100030,支払手形,,,,,55533103,2021-04
238,1,295,Credit,2021-04-30,4月30日伝票No282千草商事株式会社,10B100030,支払手形,,,000,共通部門,0,5237507,10B100040,買掛金,,,,,62582002,2021-04
239,1,296,Debit,2021-04-30,4月30日伝票No285株式会社夕凪商会,10B100040,買掛金,7,株式会社夕凪商会,000,共通部門,5522383,0,10A100020,普通預金,,,,,50010720,2021-04
239,1,296,Credit,2021-04-30,4月30日伝票No285株式会社夕凪商会,10A100020,普通預金,20,ABC銀行 本店,000,共通部門,0,5522383,10B100040,買掛金,,,,,118283447,2021-04
240,1,297,Debit,2021-04-30,4月30日伝票No286東原産業株式会社,10B100040,買掛金,9,東原産業株式会社,000,共通部門,2599235,0,10B100030,支払手形,,,,,47411485,2021-04
240,1,297,Credit,2021-04-30,4月30日伝票No286東原産業株式会社,10B100030,支払手形,,,000,共通部門,0,2599235,10B100040,買掛金,,,,,65181237,2021-04
241,1,300,Debit,2021-04-30,手形期日落日 千草商事株式会社,10B100030,支払手形,,,000,共通部門,4787688,0,10A100020,当座預金,,,,,60393549,2021-04
241,1,300,Credit,2021-04-30,手形期日落日 千草商事株式会社,10A100020,当座預金,1,ABC銀行,000,共通部門,0,4787688,10B100030,支払手形,,,,,113495759,2021-04
241,2,300,Debit,2021-04-30,手形期日落日 東原産業株式会社,10B100030,支払手形,,,000,共通部門,2317977,0,10A100020,当座預金,,,,,58075572,2021-04
241,2,300,Credit,2021-04-30,手形期日落日 東原産業株式会社,10A100020,当座預金,1,ABC銀行,000,共通部門,0,2317977,10B100030,支払手形,,,,,111177782,2021-04
241,3,300,Debit,2021-04-30,手形期日落日 光野販売株式会社,10B100030,支払手形,,,000,共通部門,3900829,0,10A100020,当座預金,,,,,54174743,2021-04
241,3,300,Credit,2021-04-30,手形期日落日 光野販売株式会社,10A100020,当座預金,1,ABC銀行,000,共通部門,0,3900829,10B100030,支払手形,,,,,107276953,2021-04
242,1,303,Debit,2021-04-30,手形満期 株式会社青葉百貨店 | 仮手形番号=U20210430-303-28;受取仕訳未特定,10A100020,当座預金,1,ABC銀行,000,共通部門,7022119,0,10A100060,受取手形,,,,,114299072,2021-04
242,1,303,Credit,2021-04-30,手形満期 株式会社青葉百貨店 | 仮手形番号=U20210430-303-28;受取仕訳未特定,10A100060,受取手形,,,000,共通部門,0,7022119,10A100020,当座預金,,,,,74533248,2021-04
243,1,306,Debit,2021-04-30,3月分支払,10B100630,未払金,,,000,共通部門,7584692,0,10A100020,普通預金,,,,,3643802,2021-04
243,1,306,Credit,2021-04-30,3月分支払,10A100020,普通預金,20,ABC銀行 本店,000,共通部門,0,7584692,10B100630,未払金,,,,,106714380,2021-04
244,1,308,Debit,2021-04-30,貸付金返済,10A100020,普通預金,20,ABC銀行 本店,000,共通部門,40000,0,10A100610,短期貸付金,,,,,106754380,2021-04
244,1,308,Credit,2021-04-30,貸付金返済,10A100610,短期貸付金,,,000,共通部門,0,40000,10A100020,普通預金,,,,,440000,2021-04
245,1,313,Debit,2021-04-30,定期積立金,10A100020,定期積金,,,000,共通部門,500000,0,10A100020,普通預金,,,,,107254380,2021-04
245,1,313,Credit,2021-04-30,定期積立金,10A100020,普通預金,20,ABC銀行 本店,000,共通部門,0,500000,10A100020,定期積金,,,,,106754380,2021-04
245,2,313,Debit,2021-04-30,保険積立金,10A230570,保険積立金,,,000,共通部門,125000,0,10A100020,普通預金,,,,,1653000,2021-04
245,2,313,Credit,2021-04-30,保険積立金,10A100020,普通預金,20,ABC銀行 本店,000,共通部門,0,125000,10A230570,保険積立金,,,,,106629380,2021-04
246,1,314,Debit,2021-04-30,借入金返済,10B100790,短期借入金,,,000,共通部門,653500,0,10A100020,当座預金,,,,,7188500,2021-04
246,1,314,Credit,2021-04-30,借入金返済,10A100020,当座預金,1,ABC銀行,000,共通部門,0,653500,10B100790,短期借入金,,,,,105975880,2021-04
246,2,314,Debit,2021-04-30,利息,10E300020,支払利息,,,020,東京支店,32675,0,10A100020,当座預金,,,,,91057,2021-04
246,2,314,Credit,2021-04-30,利息,10A100020,当座預金,1,ABC銀行,000,共通部門,0,32675,10E300020,支払利息,,,,,105943205,2021-04
191,1,36,Debit,2021-04-30,運賃 架空運送会社A,10E200870,運賃,,,020,東京支店,1536351,0,10B100630,未払金,,,,,1778771,2021-04
191,1,36,Credit,2021-04-30,運賃 架空運送会社A,10B100630,未払金,,,000,共通部門,0,1536351,10E200870,運賃,,,,,5180153,2021-04
191,2,36,Debit,2021-04-30,運賃 架空運送会社B,10E200870,運賃,,,020,東京支店,1041181,0,10B100630,未払金,,,,,2819952,2021-04
191,2,36,Credit,2021-04-30,運賃 架空運送会社B,10B100630,未払金,,,000,共通部門,0,1041181,10E200870,運賃,,,,,6221334,2021-04
192,1,40,Debit,2021-04-30,広告掲載,10E200050,広告宣伝費,,,020,東京支店,50000,0,10B100630,未払金,,,,,139000,2021-04
192,1,40,Credit,2021-04-30,広告掲載,10B100630,未払金,,,000,共通部門,0,50000,10E200050,広告宣伝費,,,,,6271334,2021-04
193,1,49,Debit,2021-04-30,ガソリン代,10E201120,車両費,,,020,東京支店,163470,0,10B100630,未払金,,,,,477218,2021-04
193,1,49,Credit,2021-04-30,ガソリン代,10B100630,未払金,,,000,共通部門,0,163470,10E201120,車両費,,,,,6434804,2021-04
193,2,49,Debit,2021-04-30,高速代,10E201120,車両費,,,020,東京支店,3381,0,10A100020,現金,,,,,480599,2021-04
193,2,49,Credit,2021-04-30,高速代,10A100020,現金,,,000,共通部門,0,3381,10E201120,車両費,,,,,105939824,2021-04
193,3,49,Debit,2021-04-30,駐車代,10E201120,車両費,,,020,東京支店,762,0,10A100020,現金,,,,,481361,2021-04
193,3,49,Credit,2021-04-30,駐車代,10A100020,現金,,,000,共通部門,0,762,10E201120,車両費,,,,,105939062,2021-04
190,1,5,Debit,2021-04-30,広告費,10E200050,広告宣伝費,,,010,札幌営業所,52500,0,10A100020,普通預金,,,,,191500,2021-04
190,1,5,Credit,2021-04-30,広告費,10A100020,普通預金,10,DEF銀行 駅前,000,共通部門,0,52500,10E200050,広告宣伝費,,,,,105886562,2021-04
194,1,55,Debit,2021-04-30,車両管理費,10E201120,車両費,,,020,東京支店,25000,0,10A100020,現金,,,,,506361,2021-04
194,1,55,Credit,2021-04-30,車両管理費,10A100020,現金,,,000,共通部門,0,25000,10E201120,車両費,,,,,105861562,2021-04
194,2,55,Debit,2021-04-30,車両管理費,10E201120,車両費,,,020,東京支店,28000,0,10A100020,現金,,,,,534361,2021-04
194,2,55,Credit,2021-04-30,車両管理費,10A100020,現金,,,000,共通部門,0,28000,10E201120,車両費,,,,,105833562,2021-04
194,3,55,Debit,2021-04-30,高速代,10E201120,車両費,,,020,東京支店,8050,0,10A100020,現金,,,,,542411,2021-04
194,3,55,Credit,2021-04-30,高速代,10A100020,現金,,,000,共通部門,0,8050,10E201120,車両費,,,,,105825512,2021-04
195,1,60,Debit,2021-04-30,旅費,10E201230,旅費及び交通費,,,020,東京支店,9750,0,10A100020,現金,,,,,1012406,2021-04
195,1,60,Credit,2021-04-30,旅費,10A100020,現金,,,000,共通部門,0,9750,10E201230,旅費及び交通費,,,,,105815762,2021-04
196,1,63,Debit,2021-04-30,保険料,10E200240,保険料,,,020,東京支店,81000,0,10A100020,普通預金,,,,,318820,2021-04
196,1,63,Credit,2021-04-30,保険料,10A100020,普通預金,20,ABC銀行 本店,000,共通部門,0,81000,10E200240,保険料,,,,,105734762,2021-04
197,1,66,Debit,2021-04-30,リース料,10E200730,借地借家料,,,020,東京支店,209850,0,10A100020,普通預金,,,,,293850,2021-04
197,1,66,Credit,2021-04-30,リース料,10A100020,普通預金,20,ABC銀行 本店,000,共通部門,0,209850,10E200730,借地借家料,,,,,105524912,2021-04
198,1,67,Debit,2021-04-30,会費支払い,10E201140,諸会費,,,020,東京支店,30000,0,10A100020,現金,,,,,116000,2021-04
198,1,67,Credit,2021-04-30,会費支払い,10A100020,現金,,,000,共通部門,0,30000,10E201140,諸会費,,,,,105494912,2021-04
199,1,70,Debit,2021-04-30,有線,10E201270,雑費,,,020,東京支店,6000,0,10B100630,未払金,,,,,329208,2021-04
199,1,70,Credit,2021-04-30,有線,10B100630,未払金,,,000,共通部門,0,6000,10E201270,雑費,,,,,6440804,2021-04
199,2,70,Debit,2021-04-30,警備料,10E201270,雑費,,,020,東京支店,52381,0,10B100630,未払金,,,,,381589,2021-04
199,2,70,Credit,2021-04-30,警備料,10B100630,未払金,,,000,共通部門,0,52381,10E201270,雑費,,,,,6493185,2021-04
199,3,70,Debit,2021-04-30,清掃料,10E201270,雑費,,,020,東京支店,73500,0,10B100630,未払金,,,,,455089,2021-04
199,3,70,Credit,2021-04-30,清掃料,10B100630,未払金,,,000,共通部門,0,73500,10E201270,雑費,,,,,6566685,2021-04
200,1,77,Debit,2021-04-30,運賃,10E200870,運賃,,,030,名古屋支店,175565,0,10B100630,未払金,,,,,2995517,2021-04
200,1,77,Credit,2021-04-30,運賃,10B100630,未払金,,,000,共通部門,0,175565,10E200870,運賃,,,,,6742250,2021-04
201,1,81,Debit,2021-04-30,お茶代,10E200140,福利厚生費,,,030,名古屋支店,21000,0,10B100630,未払金,,,,,302784,2021-04
201,1,81,Credit,2021-04-30,お茶代,10B100630,未払金,,,000,共通部門,0,21000,10E200140,福利厚生費,,,,,6763250,2021-04
202,1,82,Debit,2021-04-30,ガソリン代,10E201120,車両費,,,030,名古屋支店,22066,0,10B100630,未払金,,,,,564477,2021-04
202,1,82,Credit,2021-04-30,ガソリン代,10B100630,未払金,,,000,共通部門,0,22066,10E201120,車両費,,,,,6785316,2021-04
203,1,83,Debit,2021-04-30,車両管理費,10E201120,車両費,,,030,名古屋支店,50000,0,10A100020,現金,,,,,614477,2021-04
203,1,83,Credit,2021-04-30,車両管理費,10A100020,現金,,,000,共通部門,0,50000,10E201120,車両費,,,,,105444912,2021-04
204,1,96,Debit,2021-04-30,警備料,10E201270,雑費,,,030,名古屋支店,22470,0,10A100020,普通預金,,,,,477559,2021-04
204,1,96,Credit,2021-04-30,警備料,10A100020,普通預金,30,GHI銀行 名古屋,000,共通部門,0,22470,10E201270,雑費,,,,,105422442,2021-04
205,1,99,Debit,2021-04-30,運賃,10E200870,運賃,,,040,大阪支店,584630,0,10B100630,未払金,,,,,3580147,2021-04
205,1,99,Credit,2021-04-30,運賃,10B100630,未払金,,,000,共通部門,0,584630,10E200870,運賃,,,,,7369946,2021-04
247,1,990001,Debit,2021-04-30,サンプル定義：賞与半年均等引当 202104 部門010,10E200130,賞与,,,010,札幌営業所,110000,0,10B100320,賞与引当金,,,,,110000,2021-04
247,1,990001,Credit,2021-04-30,サンプル定義：賞与半年均等引当 202104 部門010,10B100320,賞与引当金,,,010,札幌営業所,0,110000,10E200130,賞与,,,,,2131000,2021-04
247,2,990001,Debit,2021-04-30,サンプル定義：賞与半年均等引当 202104 部門020,10E200130,賞与,,,020,東京支店,261667,0,10B100320,賞与引当金,,,,,371667,2021-04
247,2,990001,Credit,2021-04-30,サンプル定義：賞与半年均等引当 202104 部門020,10B100320,賞与引当金,,,020,東京支店,0,261667,10E200130,賞与,,,,,2392667,2021-04
247,3,990001,Debit,2021-04-30,サンプル定義：賞与半年均等引当 202104 部門030,10E200130,賞与,,,030,名古屋支店,102667,0,10B100320,賞与引当金,,,,,474334,2021-04
247,3,990001,Credit,2021-04-30,サンプル定義：賞与半年均等引当 202104 部門030,10B100320,賞与引当金,,,030,名古屋支店,0,102667,10E200130,賞与,,,,,2495334,2021-04
247,4,990001,Debit,2021-04-30,サンプル定義：賞与半年均等引当 202104 部門040,10E200130,賞与,,,040,大阪支店,120333,0,10B100320,賞与引当金,,,,,594667,2021-04
247,4,990001,Credit,2021-04-30,サンプル定義：賞与半年均等引当 202104 部門040,10B100320,賞与引当金,,,040,大阪支店,0,120333,10E200130,賞与,,,,,2615667,2021-04
247,5,990001,Debit,2021-04-30,サンプル定義：賞与半年均等引当 202104 部門050,10E200130,賞与,,,050,九州営業所,79000,0,10B100320,賞与引当金,,,,,673667,2021-04
247,5,990001,Credit,2021-04-30,サンプル定義：賞与半年均等引当 202104 部門050,10B100320,賞与引当金,,,050,九州営業所,0,79000,10E200130,賞与,,,,,2694667,2021-04
