Transaction_ID,Line_ID,Entry_ID,Ledger_Side,Transaction_Date,Description,Ledger_Account_Number,Ledger_Account_Name,Subaccount_Code,Subaccount_Name,Department_Code,Department_Name,Debit_Amount,Credit_Amount,Counterpart_Account_Number,Counterpart_Account_Name,Counterpart_Subaccount_Code,Counterpart_Subaccount_Name,Counterpart_Department_Code,Counterpart_Department_Name,Balance,Month
,,,Opening,2021-12-01,* 月初残高,10A100020,普通預金,,,,,0,0,,,,,,,75535780,2021-12
,,,Opening,2021-12-01,* 月初残高,10A100040,貸倒引当金,,,,,0,0,,,,,,,1758018,2021-12
,,,Opening,2021-12-01,* 月初残高,10A100060,受取手形,,,,,0,0,,,,,,,71614132,2021-12
,,,Opening,2021-12-01,* 月初残高,10A100090,売掛金,,,,,0,0,,,,,,,70833354,2021-12
,,,Opening,2021-12-01,* 月初残高,10A100200,電子記録債権,,,,,0,0,,,,,,,40000,2021-12
,,,Opening,2021-12-01,* 月初残高,10A100230,有価証券,,,,,0,0,,,,,,,1271350,2021-12
,,,Opening,2021-12-01,* 月初残高,10A100280,商品,,,,,0,0,,,,,,,63013226,2021-12
,,,Opening,2021-12-01,* 月初残高,10A100610,短期貸付金,,,,,0,0,,,,,,,760000,2021-12
,,,Opening,2021-12-01,* 月初残高,10A100800,差入保証金,,,,,0,0,,,,,,,1200000,2021-12
,,,Opening,2021-12-01,* 月初残高,10A100850,仮払消費税等,,,,,0,0,,,,,,,2762581,2021-12
,,,Opening,2021-12-01,* 月初残高,10A210130,構築物,,,,,0,0,,,,,,,3280000,2021-12
,,,Opening,2021-12-01,* 月初残高,10A210410,工具、器具及び備品,,,,,0,0,,,,,,,4779810,2021-12
,,,Opening,2021-12-01,* 月初残高,10A220190,電話加入権,,,,,0,0,,,,,,,512000,2021-12
,,,Opening,2021-12-01,* 月初残高,10A230570,保険積立金,,,,,0,0,,,,,,,2528000,2021-12
,,,Opening,2021-12-01,* 月初残高,10A230650,敷金,,,,,0,0,,,,,,,3140000,2021-12
,,,Opening,2021-12-01,* 月初残高,10B100030,支払手形,,,,,0,0,,,,,,,34939075,2021-12
,,,Opening,2021-12-01,* 月初残高,10B100040,買掛金,,,,,0,0,,,,,,,58320969,2021-12
,,,Opening,2021-12-01,* 月初残高,10B100320,賞与引当金,,,,,0,0,,,,,,,5866666,2021-12
,,,Opening,2021-12-01,* 月初残高,10B100630,未払金,,,,,0,0,,,,,,,7644630,2021-12
,,,Opening,2021-12-01,* 月初残高,10B100640,未払法人税等,,,,,0,0,,,,,,,0,2021-12
,,,Opening,2021-12-01,* 月初残高,10B100660,未払消費税等,,,,,0,0,,,,,,,0,2021-12
,,,Opening,2021-12-01,* 月初残高,10B100670,未払事業税等,,,,,0,0,,,,,,,0,2021-12
,,,Opening,2021-12-01,* 月初残高,10B100690,預り金,,,,,0,0,,,,,,,5600441,2021-12
,,,Opening,2021-12-01,* 月初残高,10B100790,短期借入金,,,,,0,0,,,,,,,2614000,2021-12
,,,Opening,2021-12-01,* 月初残高,10B100890,仮受消費税等,,,,,0,0,,,,,,,6540636,2021-12
,,,Opening,2021-12-01,* 月初残高,10B200080,長期借入金,,,,,0,0,,,,,,,37343150,2021-12
,,,Opening,2021-12-01,* 月初残高,10B200120,退職給付引当金,,,,,0,0,,,,,,,18560000,2021-12
,,,Opening,2021-12-01,* 月初残高,10B200130,役員退職慰労引当金,,,,,0,0,,,,,,,22000000,2021-12
,,,Opening,2021-12-01,* 月初残高,10C110010,資本金,,,,,0,0,,,,,,,10000000,2021-12
,,,Opening,2021-12-01,* 月初残高,10C120020,資本準備金,,,,,0,0,,,,,,,0,2021-12
,,,Opening,2021-12-01,* 月初残高,10C130020,利益準備金,,,,,0,0,,,,,,,7200000,2021-12
,,,Opening,2021-12-01,* 月初残高,10C130360,別途積立金,,,,,0,0,,,,,,,4830000,2021-12
,,,Opening,2021-12-01,* 月初残高,10C130370,繰越利益剰余金,,,,,0,0,,,,,,,82709171,2021-12
,,,Opening,2021-12-01,* 月初残高,10D100100,総売上高,,,,,0,0,,,,,,,502815431,2021-12
,,,Opening,2021-12-01,* 月初残高,10D100110,売上値引及び戻り高,,,,,0,0,,,,,,,1267444,2021-12
,,,Opening,2021-12-01,* 月初残高,10E100100,商品期首たな卸高,,,,,0,0,,,,,,,0,2021-12
,,,Opening,2021-12-01,* 月初残高,10E100120,仕入値引及び戻し高,,,,,0,0,,,,,,,733583,2021-12
,,,Opening,2021-12-01,* 月初残高,10E100130,当期商品仕入高,,,,,0,0,,,,,,,309005826,2021-12
,,,Opening,2021-12-01,* 月初残高,10E100140,商品期末たな卸高,,,,,0,0,,,,,,,0,2021-12
,,,Opening,2021-12-01,* 月初残高,10E200020,販売手数料,,,,,0,0,,,,,,,16844267,2021-12
,,,Opening,2021-12-01,* 月初残高,10E200050,広告宣伝費,,,,,0,0,,,,,,,1412700,2021-12
,,,Opening,2021-12-01,* 月初残高,10E200090,役員報酬,,,,,0,0,,,,,,,13760000,2021-12
,,,Opening,2021-12-01,* 月初残高,10E200130,賞与,,,,,0,0,,,,,,,7887666,2021-12
,,,Opening,2021-12-01,* 月初残高,10E200140,福利厚生費,,,,,0,0,,,,,,,3452674,2021-12
,,,Opening,2021-12-01,* 月初残高,10E200150,交際費,,,,,0,0,,,,,,,2515574,2021-12
,,,Opening,2021-12-01,* 月初残高,10E200180,通信費,,,,,0,0,,,,,,,8778402,2021-12
,,,Opening,2021-12-01,* 月初残高,10E200200,消耗品費,,,,,0,0,,,,,,,2210874,2021-12
,,,Opening,2021-12-01,* 月初残高,10E200210,租税公課,,,,,0,0,,,,,,,187000,2021-12
,,,Opening,2021-12-01,* 月初残高,10E200220,減価償却費,,,,,0,0,,,,,,,0,2021-12
,,,Opening,2021-12-01,* 月初残高,10E200240,保険料,,,,,0,0,,,,,,,2550560,2021-12
,,,Opening,2021-12-01,* 月初残高,10E200370,給料及び手当,,,,,0,0,,,,,,,42249348,2021-12
,,,Opening,2021-12-01,* 月初残高,10E200520,雑給,,,,,0,0,,,,,,,3366497,2021-12
,,,Opening,2021-12-01,* 月初残高,10E200540,法定福利費,,,,,0,0,,,,,,,6245651,2021-12
,,,Opening,2021-12-01,* 月初残高,10E200600,支払報酬,,,,,0,0,,,,,,,1117680,2021-12
,,,Opening,2021-12-01,* 月初残高,10E200690,支払手数料,,,,,0,0,,,,,,,95909,2021-12
,,,Opening,2021-12-01,* 月初残高,10E200720,地代家賃,,,,,0,0,,,,,,,27562000,2021-12
,,,Opening,2021-12-01,* 月初残高,10E200730,借地借家料,,,,,0,0,,,,,,,2350800,2021-12
,,,Opening,2021-12-01,* 月初残高,10E200870,運賃,,,,,0,0,,,,,,,30054941,2021-12
,,,Opening,2021-12-01,* 月初残高,10E201000,修繕維持費,,,,,0,0,,,,,,,301650,2021-12
,,,Opening,2021-12-01,* 月初残高,10E201040,水道光熱費,,,,,0,0,,,,,,,4675489,2021-12
,,,Opening,2021-12-01,* 月初残高,10E201110,事務用消耗品費,,,,,0,0,,,,,,,1010870,2021-12
,,,Opening,2021-12-01,* 月初残高,10E201120,車両費,,,,,0,0,,,,,,,4966918,2021-12
,,,Opening,2021-12-01,* 月初残高,10E201130,会議費,,,,,0,0,,,,,,,230439,2021-12
,,,Opening,2021-12-01,* 月初残高,10E201140,諸会費,,,,,0,0,,,,,,,928000,2021-12
,,,Opening,2021-12-01,* 月初残高,10E201160,図書費,,,,,0,0,,,,,,,199856,2021-12
,,,Opening,2021-12-01,* 月初残高,10E201230,旅費及び交通費,,,,,0,0,,,,,,,8166970,2021-12
,,,Opening,2021-12-01,* 月初残高,10E201270,雑費,,,,,0,0,,,,,,,3838489,2021-12
,,,Opening,2021-12-01,* 月初残高,10E300020,支払利息,,,,,0,0,,,,,,,971043,2021-12
,,,Opening,2021-12-01,* 月初残高,10F100070,法人税、住民税及び事業税,,,,,0,0,,,,,,,0,2021-12
1887,1,10,Debit,2021-12-01,洗車代,10E201120,車両費,,,010,札幌営業所,3000,0,10A100020,現金,,,,,4969918,2021-12
1887,1,10,Credit,2021-12-01,洗車代,10A100020,現金,,,000,共通部門,0,3000,10E201120,車両費,,,,,75532780,2021-12
1891,1,143,Debit,2021-12-01,点検作業料,10E201120,車両費,,,040,大阪支店,29400,0,10A100020,現金,,,,,4999318,2021-12
1891,1,143,Credit,2021-12-01,点検作業料,10A100020,現金,,,000,共通部門,0,29400,10E201120,車両費,,,,,75503380,2021-12
1888,1,18,Debit,2021-12-01,旅費,10E201230,旅費及び交通費,,,010,札幌営業所,29500,0,10A100020,現金,,,,,8196470,2021-12
1888,1,18,Credit,2021-12-01,旅費,10A100020,現金,,,000,共通部門,0,29500,10E201230,旅費及び交通費,,,,,75473880,2021-12
1889,1,56,Debit,2021-12-01,旅費,10E201230,旅費及び交通費,,,020,東京支店,653500,0,10A100020,現金,,,,,8849970,2021-12
1889,1,56,Credit,2021-12-01,旅費,10A100020,現金,,,000,共通部門,0,653500,10E201230,旅費及び交通費,,,,,74820380,2021-12
1889,2,56,Debit,2021-12-01,架空鉄道会社A代,10E201230,旅費及び交通費,,,020,東京支店,32675,0,10A100020,現金,,,,,8882645,2021-12
1889,2,56,Credit,2021-12-01,架空鉄道会社A代,10A100020,現金,,,000,共通部門,0,32675,10E201230,旅費及び交通費,,,,,74787705,2021-12
1890,1,85,Debit,2021-12-01,旅費,10E201230,旅費及び交通費,,,030,名古屋支店,19800,0,10A100020,現金,,,,,8902445,2021-12
1890,1,85,Credit,2021-12-01,旅費,10A100020,現金,,,000,共通部門,0,19800,10E201230,旅費及び交通費,,,,,74767905,2021-12
1892,1,19,Debit,2021-12-02,旅費,10E201230,旅費及び交通費,,,010,札幌営業所,22000,0,10A100020,現金,,,,,8924445,2021-12
1892,1,19,Credit,2021-12-02,旅費,10A100020,現金,,,000,共通部門,0,22000,10E201230,旅費及び交通費,,,,,74745905,2021-12
1893,1,134,Debit,2021-12-03,用紙,10E201110,事務用消耗品費,,,030,名古屋支店,14600,0,10A100020,現金,,,,,1025470,2021-12
1893,1,134,Credit,2021-12-03,用紙,10A100020,現金,,,000,共通部門,0,14600,10E201110,事務用消耗品費,,,,,74731305,2021-12
1894,1,147,Debit,2021-12-03,ガソリン代,10E201120,車両費,,,050,九州営業所,6240,0,10B100630,未払金,,,,,5005558,2021-12
1894,1,147,Credit,2021-12-03,ガソリン代,10B100630,未払金,,,000,共通部門,0,6240,10E201120,車両費,,,,,7650870,2021-12
1895,1,41,Debit,2021-12-04,お歳暮 架空店舗058,10E200150,交際費,,,020,東京支店,69191,0,10A100020,現金,,,,,2584765,2021-12
1895,1,41,Credit,2021-12-04,お歳暮 架空店舗058,10A100020,現金,,,000,共通部門,0,69191,10E200150,交際費,,,,,74662114,2021-12
1895,2,41,Debit,2021-12-04,お歳暮 株式会社桜丘百貨店,10E200150,交際費,,,020,東京支店,40629,0,10A100020,現金,,,,,2625394,2021-12
1895,2,41,Credit,2021-12-04,お歳暮 株式会社桜丘百貨店,10A100020,現金,,,000,共通部門,0,40629,10E200150,交際費,,,,,74621485,2021-12
1895,3,41,Debit,2021-12-04,お歳暮 架空店舗087,10E200150,交際費,,,020,東京支店,15953,0,10A100020,現金,,,,,2641347,2021-12
1895,3,41,Credit,2021-12-04,お歳暮 架空店舗087,10A100020,現金,,,000,共通部門,0,15953,10E200150,交際費,,,,,74605532,2021-12
1901,1,133,Debit,2021-12-05,税理士報酬,10E200600,支払報酬,,,020,東京支店,139710,0,10A100020,普通預金,,,,,1257390,2021-12
1901,1,133,Credit,2021-12-05,税理士報酬,10A100020,普通預金,20,ABC銀行 本店,000,共通部門,0,139710,10E200600,支払報酬,,,,,74465822,2021-12
1896,1,50,Debit,2021-12-05,高速代,10E201120,車両費,,,020,東京支店,3500,0,10A100020,現金,,,,,5009058,2021-12
1896,1,50,Credit,2021-12-05,高速代,10A100020,現金,,,000,共通部門,0,3500,10E201120,車両費,,,,,74462322,2021-12
1897,1,86,Debit,2021-12-05,架空鉄道会社A代,10E201230,旅費及び交通費,,,030,名古屋支店,12000,0,10A100020,現金,,,,,8936445,2021-12
1897,1,86,Credit,2021-12-05,架空鉄道会社A代,10A100020,現金,,,000,共通部門,0,12000,10E201230,旅費及び交通費,,,,,74450322,2021-12
1898,1,95,Debit,2021-12-05,12月5日伝票No380株式会社豊原産業,10A100020,普通預金,50,MNO銀行 北九州,000,共通部門,986352,0,10A100090,売掛金,,,,,75436674,2021-12
1898,1,95,Credit,2021-12-05,12月5日伝票No380株式会社豊原産業,10A100090,売掛金,22,株式会社豊原産業,000,共通部門,0,986352,10A100020,普通預金,,,,,69847002,2021-12
1898,2,95,Debit,2021-12-05,12月5日伝票No380株式会社豊原産業,10E200690,支払手数料,,,050,九州営業所,472,0,10A100090,売掛金,,,,,96381,2021-12
1898,2,95,Credit,2021-12-05,12月5日伝票No380株式会社豊原産業,10A100090,売掛金,22,株式会社豊原産業,000,共通部門,0,472,10E200690,支払手数料,,,,,69846530,2021-12
1899,1,96,Debit,2021-12-05,12月5日伝票No381若松販売株式会社,10A100020,普通預金,20,ABC銀行 本店,000,共通部門,778048,0,10A100090,売掛金,,,,,76214722,2021-12
1899,1,96,Credit,2021-12-05,12月5日伝票No381若松販売株式会社,10A100090,売掛金,26,若松販売株式会社,000,共通部門,0,778048,10A100020,普通預金,,,,,69068482,2021-12
1899,2,96,Debit,2021-12-05,12月5日伝票No381若松販売株式会社,10E200690,支払手数料,,,020,東京支店,472,0,10A100090,売掛金,,,,,96853,2021-12
1899,2,96,Credit,2021-12-05,12月5日伝票No381若松販売株式会社,10A100090,売掛金,26,若松販売株式会社,000,共通部門,0,472,10E200690,支払手数料,,,,,69068010,2021-12
1900,1,97,Debit,2021-12-05,12月5日伝票No382晴海物産株式会社,10A100020,普通預金,30,GHI銀行 名古屋,000,共通部門,1176124,0,10A100090,売掛金,,,,,77390846,2021-12
1900,1,97,Credit,2021-12-05,12月5日伝票No382晴海物産株式会社,10A100090,売掛金,27,晴海物産株式会社,000,共通部門,0,1176124,10A100020,普通預金,,,,,67891886,2021-12
1903,1,106,Debit,2021-12-06,お歳暮 架空店舗058,10E200150,交際費,,,040,大阪支店,71810,0,10A100020,現金,,,,,2713157,2021-12
1903,1,106,Credit,2021-12-06,お歳暮 架空店舗058,10A100020,現金,,,000,共通部門,0,71810,10E200150,交際費,,,,,77319036,2021-12
1903,2,106,Debit,2021-12-06,お歳暮 株式会社桜丘百貨店,10E200150,交際費,,,040,大阪支店,40629,0,10A100020,現金,,,,,2753786,2021-12
1903,2,106,Credit,2021-12-06,お歳暮 株式会社桜丘百貨店,10A100020,現金,,,000,共通部門,0,40629,10E200150,交際費,,,,,77278407,2021-12
1904,1,110,Debit,2021-12-06,タクシー代,10E201230,旅費及び交通費,,,040,大阪支店,2290,0,10A100020,現金,,,,,8938735,2021-12
1904,1,110,Credit,2021-12-06,タクシー代,10A100020,現金,,,000,共通部門,0,2290,10E201230,旅費及び交通費,,,,,77276117,2021-12
1905,1,159,Debit,2021-12-06,タクシー代,10E201230,旅費及び交通費,,,050,九州営業所,10500,0,10A100020,現金,,,,,8949235,2021-12
1905,1,159,Credit,2021-12-06,タクシー代,10A100020,現金,,,000,共通部門,0,10500,10E201230,旅費及び交通費,,,,,77265617,2021-12
1902,1,87,Debit,2021-12-06,タクシー代,10E201230,旅費及び交通費,,,030,名古屋支店,4500,0,10A100020,現金,,,,,8953735,2021-12
1902,1,87,Credit,2021-12-06,タクシー代,10A100020,現金,,,000,共通部門,0,4500,10E201230,旅費及び交通費,,,,,77261117,2021-12
1912,1,102,Debit,2021-12-07,お歳暮 架空店舗089,10E200150,交際費,,,040,大阪支店,18300,0,10A100020,現金,,,,,2772086,2021-12
1912,1,102,Credit,2021-12-07,お歳暮 架空店舗089,10A100020,現金,,,000,共通部門,0,18300,10E200150,交際費,,,,,77242817,2021-12
1906,1,16,Debit,2021-12-07,ガソリン代,10E201120,車両費,,,010,札幌営業所,2858,0,10A100020,現金,,,,,5011916,2021-12
1906,1,16,Credit,2021-12-07,ガソリン代,10A100020,現金,,,000,共通部門,0,2858,10E201120,車両費,,,,,77239959,2021-12
1906,2,16,Debit,2021-12-07,駐車代,10E201120,車両費,,,010,札幌営業所,378,0,10A100020,現金,,,,,5012294,2021-12
1906,2,16,Credit,2021-12-07,駐車代,10A100020,現金,,,000,共通部門,0,378,10E201120,車両費,,,,,77239581,2021-12
1907,1,20,Debit,2021-12-07,旅費,10E201230,旅費及び交通費,,,010,札幌営業所,39000,0,10A100020,現金,,,,,8992735,2021-12
1907,1,20,Credit,2021-12-07,旅費,10A100020,現金,,,000,共通部門,0,39000,10E201230,旅費及び交通費,,,,,77200581,2021-12
1908,1,21,Debit,2021-12-07,架空鉄道会社A代,10E201230,旅費及び交通費,,,010,札幌営業所,69500,0,10A100020,現金,,,,,9062235,2021-12
1908,1,21,Credit,2021-12-07,架空鉄道会社A代,10A100020,現金,,,000,共通部門,0,69500,10E201230,旅費及び交通費,,,,,77131081,2021-12
1909,1,22,Debit,2021-12-07,旅費,10E201230,旅費及び交通費,,,010,札幌営業所,50000,0,10A100020,現金,,,,,9112235,2021-12
1909,1,22,Credit,2021-12-07,旅費,10A100020,現金,,,000,共通部門,0,50000,10E201230,旅費及び交通費,,,,,77081081,2021-12
1910,1,58,Debit,2021-12-07,旅費,10E201230,旅費及び交通費,,,020,東京支店,70000,0,10A100020,現金,,,,,9182235,2021-12
1910,1,58,Credit,2021-12-07,旅費,10A100020,現金,,,000,共通部門,0,70000,10E201230,旅費及び交通費,,,,,77011081,2021-12
1911,1,69,Debit,2021-12-07,洗剤代,10E201270,雑費,,,010,札幌営業所,380,0,10A100020,現金,,,,,3838869,2021-12
1911,1,69,Credit,2021-12-07,洗剤代,10A100020,現金,,,000,共通部門,0,380,10E201270,雑費,,,,,77010701,2021-12
1911,2,69,Debit,2021-12-07,台所用品,10E201270,雑費,,,010,札幌営業所,2710,0,10A100020,現金,,,,,3841579,2021-12
1911,2,69,Credit,2021-12-07,台所用品,10A100020,現金,,,000,共通部門,0,2710,10E201270,雑費,,,,,77007991,2021-12
1911,3,69,Debit,2021-12-07,洗剤代,10E201270,雑費,,,020,東京支店,898,0,10A100020,現金,,,,,3842477,2021-12
1911,3,69,Credit,2021-12-07,洗剤代,10A100020,現金,,,000,共通部門,0,898,10E201270,雑費,,,,,77007093,2021-12
1915,1,142,Debit,2021-12-08,高速代,10E201120,車両費,,,040,大阪支店,3102,0,10A100020,現金,,,,,5015396,2021-12
1915,1,142,Credit,2021-12-08,高速代,10A100020,現金,,,000,共通部門,0,3102,10E201120,車両費,,,,,77003991,2021-12
1915,2,142,Debit,2021-12-08,高速代,10E201120,車両費,,,040,大阪支店,9373,0,10A100020,現金,,,,,5024769,2021-12
1915,2,142,Credit,2021-12-08,高速代,10A100020,現金,,,000,共通部門,0,9373,10E201120,車両費,,,,,76994618,2021-12
1915,3,142,Debit,2021-12-08,高速代,10E201120,車両費,,,040,大阪支店,3404,0,10A100020,現金,,,,,5028173,2021-12
1915,3,142,Credit,2021-12-08,高速代,10A100020,現金,,,000,共通部門,0,3404,10E201120,車両費,,,,,76991214,2021-12
1915,4,142,Debit,2021-12-08,高速代,10E201120,車両費,,,040,大阪支店,6229,0,10A100020,現金,,,,,5034402,2021-12
1915,4,142,Credit,2021-12-08,高速代,10A100020,現金,,,000,共通部門,0,6229,10E201120,車両費,,,,,76984985,2021-12
1915,5,142,Debit,2021-12-08,高速代,10E201120,車両費,,,040,大阪支店,4353,0,10A100020,現金,,,,,5038755,2021-12
1915,5,142,Credit,2021-12-08,高速代,10A100020,現金,,,000,共通部門,0,4353,10E201120,車両費,,,,,76980632,2021-12
1915,6,142,Debit,2021-12-08,ガソリン代,10E201120,車両費,,,040,大阪支店,5715,0,10A100020,現金,,,,,5044470,2021-12
1915,6,142,Credit,2021-12-08,ガソリン代,10A100020,現金,,,000,共通部門,0,5715,10E201120,車両費,,,,,76974917,2021-12
1913,1,76,Debit,2021-12-08,社員夜食代,10E200140,福利厚生費,,,020,東京支店,75801,0,10B100630,未払金,,,,,3528475,2021-12
1913,1,76,Credit,2021-12-08,社員夜食代,10B100630,未払金,,,000,共通部門,0,75801,10E200140,福利厚生費,,,,,7726671,2021-12
1914,1,77,Debit,2021-12-08,ゴルフプレー代2名,10E200150,交際費,,,010,札幌営業所,14800,0,10A100020,現金,,,,,2786886,2021-12
1914,1,77,Credit,2021-12-08,ゴルフプレー代2名,10A100020,現金,,,000,共通部門,0,14800,10E200150,交際費,,,,,76960117,2021-12
1917,1,112,Debit,2021-12-09,電話代,10E200180,通信費,,,040,大阪支店,173616,0,10A100020,普通預金,,,,,8952018,2021-12
1917,1,112,Credit,2021-12-09,電話代,10A100020,普通預金,40,JKL銀行 梅田,000,共通部門,0,173616,10E200180,通信費,,,,,76786501,2021-12
1918,1,150,Debit,2021-12-09,お歳暮 架空店舗058,10E200150,交際費,,,050,九州営業所,61058,0,10A100020,現金,,,,,2847944,2021-12
1918,1,150,Credit,2021-12-09,お歳暮 架空店舗058,10A100020,現金,,,000,共通部門,0,61058,10E200150,交際費,,,,,76725443,2021-12
1918,2,150,Debit,2021-12-09,お歳暮 株式会社桜丘百貨店,10E200150,交際費,,,050,九州営業所,25115,0,10A100020,現金,,,,,2873059,2021-12
1918,2,150,Credit,2021-12-09,お歳暮 株式会社桜丘百貨店,10A100020,現金,,,000,共通部門,0,25115,10E200150,交際費,,,,,76700328,2021-12
1916,1,44,Debit,2021-12-09,食事代 架空店舗051 3名,10E200150,交際費,,,020,東京支店,6260,0,10A100020,現金,,,,,2879319,2021-12
1916,1,44,Credit,2021-12-09,食事代 架空店舗051 3名,10A100020,現金,,,000,共通部門,0,6260,10E200150,交際費,,,,,76694068,2021-12
1930,1,100,Debit,2021-12-10,12月10日伝票No385株式会社南風商会,10A100020,普通預金,30,GHI銀行 名古屋,000,共通部門,726780,0,10A100090,売掛金,,,,,77420848,2021-12
1930,1,100,Credit,2021-12-10,12月10日伝票No385株式会社南風商会,10A100090,売掛金,19,株式会社南風商会,000,共通部門,0,726780,10A100020,普通預金,,,,,67165106,2021-12
1930,2,100,Debit,2021-12-10,12月10日伝票No385株式会社南風商会,10E200690,支払手数料,,,030,名古屋支店,735,0,10A100090,売掛金,,,,,97588,2021-12
1930,2,100,Credit,2021-12-10,12月10日伝票No385株式会社南風商会,10A100090,売掛金,19,株式会社南風商会,000,共通部門,0,735,10E200690,支払手数料,,,,,67164371,2021-12
1931,1,101,Debit,2021-12-10,12月10日伝票No386株式会社青葉百貨店 | 売上伝票=20211130-114;手形番号=R20211210-101-28,10A100060,受取手形,,,000,共通部門,6004022,0,10A100090,売掛金,,,,,77618154,2021-12
1931,1,101,Credit,2021-12-10,12月10日伝票No386株式会社青葉百貨店 | 売上伝票=20211130-114;手形番号=R20211210-101-28,10A100090,売掛金,28,株式会社青葉百貨店,000,共通部門,0,6004022,10A100060,受取手形,,,,,61160349,2021-12
1932,1,102,Debit,2021-12-10,12月10日伝票No303青凪商事株式会社,10B100040,買掛金,3,青凪商事株式会社,000,共通部門,3003306,0,10B100030,支払手形,,,,,55317663,2021-12
1932,1,102,Credit,2021-12-10,12月10日伝票No303青凪商事株式会社,10B100030,支払手形,,,000,共通部門,0,3003306,10B100040,買掛金,,,,,37942381,2021-12
1933,1,103,Debit,2021-12-10,コーヒー代 架空店舗065,10E200150,交際費,,,040,大阪支店,2680,0,10A100020,現金,,,,,2881999,2021-12
1933,1,103,Credit,2021-12-10,コーヒー代 架空店舗065,10A100020,現金,,,000,共通部門,0,2680,10E200150,交際費,,,,,77418168,2021-12
1933,2,103,Debit,2021-12-10,12月10日伝票No304株式会社白樺商事,10B100040,買掛金,8,株式会社白樺商事,000,共通部門,423360,0,10A100020,普通預金,,,,,54894303,2021-12
1933,2,103,Credit,2021-12-10,12月10日伝票No304株式会社白樺商事,10A100020,普通預金,20,ABC銀行 本店,000,共通部門,0,423360,10B100040,買掛金,,,,,76994808,2021-12
1934,1,110,Debit,2021-12-10,家賃支払,10E200720,地代家賃,,,020,東京支店,1260000,0,10A100020,普通預金,,,,,28822000,2021-12
1934,1,110,Credit,2021-12-10,家賃支払,10A100020,普通預金,20,ABC銀行 本店,000,共通部門,0,1260000,10E200720,地代家賃,,,,,75734808,2021-12
1935,1,129,Debit,2021-12-10,家賃支払い,10E200720,地代家賃,,,030,名古屋支店,399000,0,10A100020,普通預金,,,,,29221000,2021-12
1935,1,129,Credit,2021-12-10,家賃支払い,10A100020,普通預金,30,GHI銀行 名古屋,000,共通部門,0,399000,10E200720,地代家賃,,,,,75335808,2021-12
1936,1,146,Debit,2021-12-10,手形期日落日 青凪商事株式会社,10B100030,支払手形,,,000,共通部門,2623516,0,10A100020,当座預金,,,,,35318865,2021-12
1936,1,146,Credit,2021-12-10,手形期日落日 青凪商事株式会社,10A100020,当座預金,1,ABC銀行,000,共通部門,0,2623516,10B100030,支払手形,,,,,72712292,2021-12
1937,1,162,Debit,2021-12-10,会議　食事代,10E201130,会議費,,,020,東京支店,24995,0,10A100020,現金,,,,,255434,2021-12
1937,1,162,Credit,2021-12-10,会議　食事代,10A100020,現金,,,000,共通部門,0,24995,10E201130,会議費,,,,,72687297,2021-12
1938,1,167,Debit,2021-12-10,家賃支払い,10E200720,地代家賃,,,050,九州営業所,630000,0,10A100020,普通預金,,,,,29851000,2021-12
1938,1,167,Credit,2021-12-10,家賃支払い,10A100020,普通預金,50,MNO銀行 北九州,000,共通部門,0,630000,10E200720,地代家賃,,,,,72057297,2021-12
1938,2,167,Debit,2021-12-10,電話代,10E200180,通信費,,,050,九州営業所,200642,0,10A100020,普通預金,,,,,9152660,2021-12
1938,2,167,Credit,2021-12-10,電話代,10A100020,普通預金,50,MNO銀行 北九州,000,共通部門,0,200642,10E200180,通信費,,,,,71856655,2021-12
1939,1,168,Debit,2021-12-10,有線,10E201270,雑費,,,050,九州営業所,6000,0,10B100630,未払金,,,,,3848477,2021-12
1939,1,168,Credit,2021-12-10,有線,10B100630,未払金,,,000,共通部門,0,6000,10E201270,雑費,,,,,7732671,2021-12
1939,2,168,Debit,2021-12-10,警備料,10E201270,雑費,,,050,九州営業所,42858,0,10B100630,未払金,,,,,3891335,2021-12
1939,2,168,Credit,2021-12-10,警備料,10B100630,未払金,,,000,共通部門,0,42858,10E201270,雑費,,,,,7775529,2021-12
1920,1,33,Debit,2021-12-10,家賃支払い,10E200720,地代家賃,,,010,札幌営業所,320000,0,10A100020,普通預金,,,,,30171000,2021-12
1920,1,33,Credit,2021-12-10,家賃支払い,10A100020,普通預金,10,DEF銀行 駅前,000,共通部門,0,320000,10E200720,地代家賃,,,,,71536655,2021-12
1920,2,33,Debit,2021-12-10,電話代,10E200180,通信費,,,010,札幌営業所,138505,0,10A100020,普通預金,,,,,9291165,2021-12
1920,2,33,Credit,2021-12-10,電話代,10A100020,普通預金,10,DEF銀行 駅前,000,共通部門,0,138505,10E200180,通信費,,,,,71398150,2021-12
1921,1,62,Debit,2021-12-10,引き出し,10A100020,現金,,,000,共通部門,1500000,0,10A100020,当座預金,,,,,72898150,2021-12
1921,1,62,Credit,2021-12-10,引き出し,10A100020,当座預金,1,ABC銀行,000,共通部門,0,1500000,10A100020,現金,,,,,71398150,2021-12
1922,1,66,Debit,2021-12-10,源泉税支払,10B100690,預り金,3,源泉税,000,共通部門,256142,0,10A100020,普通預金,,,,,5344299,2021-12
1922,1,66,Credit,2021-12-10,源泉税支払,10A100020,普通預金,20,ABC銀行 本店,000,共通部門,0,256142,10B100690,預り金,,,,,71142008,2021-12
1922,2,66,Debit,2021-12-10,住民税支払,10B100690,預り金,2,住民税,000,共通部門,449500,0,10A100020,普通預金,,,,,4894799,2021-12
1922,2,66,Credit,2021-12-10,住民税支払,10A100020,普通預金,20,ABC銀行 本店,000,共通部門,0,449500,10B100690,預り金,,,,,70692508,2021-12
1923,1,68,Debit,2021-12-10,家賃支払,10E200720,地代家賃,,,040,大阪支店,840000,0,10A100020,普通預金,,,,,31011000,2021-12
1923,1,68,Credit,2021-12-10,家賃支払,10A100020,普通預金,40,JKL銀行 梅田,000,共通部門,0,840000,10E200720,地代家賃,,,,,69852508,2021-12
1924,1,69,Debit,2021-12-10,有線,10E201270,雑費,,,010,札幌営業所,5000,0,10B100630,未払金,,,,,3896335,2021-12
1924,1,69,Credit,2021-12-10,有線,10B100630,未払金,,,000,共通部門,0,5000,10E201270,雑費,,,,,7780529,2021-12
1924,2,69,Debit,2021-12-10,警備料,10E201270,雑費,,,010,札幌営業所,34286,0,10B100630,未払金,,,,,3930621,2021-12
1924,2,69,Credit,2021-12-10,警備料,10B100630,未払金,,,000,共通部門,0,34286,10E201270,雑費,,,,,7814815,2021-12
1925,1,82,Debit,2021-12-10,ガソリン代,10E201120,車両費,,,030,名古屋支店,17064,0,10B100630,未払金,,,,,5061534,2021-12
1925,1,82,Credit,2021-12-10,ガソリン代,10B100630,未払金,,,000,共通部門,0,17064,10E201120,車両費,,,,,7831879,2021-12
1926,1,85,Debit,2021-12-10,電話代,10E200180,通信費,,,030,名古屋支店,81236,0,10A100020,普通預金,,,,,9372401,2021-12
1926,1,85,Credit,2021-12-10,電話代,10A100020,普通預金,30,GHI銀行 名古屋,000,共通部門,0,81236,10E200180,通信費,,,,,69771272,2021-12
1927,1,88,Debit,2021-12-10,タクシー代,10E201230,旅費及び交通費,,,030,名古屋支店,8000,0,10A100020,現金,,,,,9190235,2021-12
1927,1,88,Credit,2021-12-10,タクシー代,10A100020,現金,,,000,共通部門,0,8000,10E201230,旅費及び交通費,,,,,69763272,2021-12
1919,1,9,Debit,2021-12-10,お歳暮 株式会社緑野百貨店,10E200150,交際費,,,010,札幌営業所,78400,0,10A100020,現金,,,,,2960399,2021-12
1919,1,9,Credit,2021-12-10,お歳暮 株式会社緑野百貨店,10A100020,現金,,,000,共通部門,0,78400,10E200150,交際費,,,,,69684872,2021-12
1928,1,98,Debit,2021-12-10,12月10日伝票No383青凪商事株式会社,10B100040,買掛金,3,青凪商事株式会社,000,共通部門,1074280,0,10A100090,売掛金,,,,,53820023,2021-12
1928,1,98,Credit,2021-12-10,12月10日伝票No383青凪商事株式会社,10A100090,売掛金,3,青凪商事株式会社,000,共通部門,0,1074280,10B100040,買掛金,,,,,60086069,2021-12
1929,1,99,Debit,2021-12-10,12月10日伝票No384株式会社花咲商事東京本社,10A100020,普通預金,20,ABC銀行 本店,000,共通部門,8595710,0,10A100090,売掛金,,,,,78280582,2021-12
1929,1,99,Credit,2021-12-10,12月10日伝票No384株式会社花咲商事東京本社,10A100090,売掛金,14,株式会社花咲商事,000,共通部門,0,8595710,10A100020,普通預金,,,,,51490359,2021-12
1929,2,99,Debit,2021-12-10,12月10日伝票No384株式会社花咲商事東京本社,10E200690,支払手数料,,,020,東京支店,735,0,10A100090,売掛金,,,,,98323,2021-12
1929,2,99,Credit,2021-12-10,12月10日伝票No384株式会社花咲商事東京本社,10A100090,売掛金,14,株式会社花咲商事,000,共通部門,0,735,10E200690,支払手数料,,,,,51489624,2021-12
1941,1,127,Debit,2021-12-11,収入印紙,10E200210,租税公課,,,030,名古屋支店,2000,0,10A100020,現金,,,,,189000,2021-12
1941,1,127,Credit,2021-12-11,収入印紙,10A100020,現金,,,000,共通部門,0,2000,10E200210,租税公課,,,,,78278582,2021-12
1940,1,82,Debit,2021-12-11,ガソリン代,10E201120,車両費,,,050,九州営業所,4014,0,10A100020,現金,,,,,5065548,2021-12
1940,1,82,Credit,2021-12-11,ガソリン代,10A100020,現金,,,000,共通部門,0,4014,10E201120,車両費,,,,,78274568,2021-12
1940,2,82,Debit,2021-12-11,高速代,10E201120,車両費,,,050,九州営業所,572,0,10A100020,現金,,,,,5066120,2021-12
1940,2,82,Credit,2021-12-11,高速代,10A100020,現金,,,000,共通部門,0,572,10E201120,車両費,,,,,78273996,2021-12
1942,1,70,Debit,2021-12-12,お歳暮 架空店舗058,10E200150,交際費,,,030,名古屋支店,27267,0,10A100020,現金,,,,,2987666,2021-12
1942,1,70,Credit,2021-12-12,お歳暮 架空店舗058,10A100020,現金,,,000,共通部門,0,27267,10E200150,交際費,,,,,78246729,2021-12
1942,2,70,Debit,2021-12-12,お歳暮 株式会社桜丘百貨店,10E200150,交際費,,,030,名古屋支店,10953,0,10A100020,現金,,,,,2998619,2021-12
1942,2,70,Credit,2021-12-12,お歳暮 株式会社桜丘百貨店,10A100020,現金,,,000,共通部門,0,10953,10E200150,交際費,,,,,78235776,2021-12
1944,1,11,Debit,2021-12-13,高速代,10E201120,車両費,,,010,札幌営業所,2800,0,10A100020,現金,,,,,5068920,2021-12
1944,1,11,Credit,2021-12-13,高速代,10A100020,現金,,,000,共通部門,0,2800,10E201120,車両費,,,,,78232976,2021-12
1944,2,11,Debit,2021-12-13,ガソリン代,10E201120,車両費,,,010,札幌営業所,4600,0,10A100020,現金,,,,,5073520,2021-12
1944,2,11,Credit,2021-12-13,ガソリン代,10A100020,現金,,,000,共通部門,0,4600,10E201120,車両費,,,,,78228376,2021-12
1945,1,141,Debit,2021-12-13,架空鉄道会社A代,10E201230,旅費及び交通費,,,040,大阪支店,23500,0,10A100020,現金,,,,,9213735,2021-12
1945,1,141,Credit,2021-12-13,架空鉄道会社A代,10A100020,現金,,,000,共通部門,0,23500,10E201230,旅費及び交通費,,,,,78204876,2021-12
1946,1,158,Debit,2021-12-13,航空券,10E201230,旅費及び交通費,,,040,大阪支店,34000,0,10A100020,現金,,,,,9247735,2021-12
1946,1,158,Credit,2021-12-13,航空券,10A100020,現金,,,000,共通部門,0,34000,10E201230,旅費及び交通費,,,,,78170876,2021-12
1943,1,7,Debit,2021-12-13,飲食代 架空店舗090 3名,10E200150,交際費,,,010,札幌営業所,15115,0,10A100020,現金,,,,,3013734,2021-12
1943,1,7,Credit,2021-12-13,飲食代 架空店舗090 3名,10A100020,現金,,,000,共通部門,0,15115,10E200150,交際費,,,,,78155761,2021-12
1943,2,7,Debit,2021-12-13,飲食代 架空店舗014 3名,10E200150,交際費,,,010,札幌営業所,17486,0,10A100020,現金,,,,,3031220,2021-12
1943,2,7,Credit,2021-12-13,飲食代 架空店舗014 3名,10A100020,現金,,,000,共通部門,0,17486,10E200150,交際費,,,,,78138275,2021-12
1947,1,23,Debit,2021-12-14,旅費,10E201230,旅費及び交通費,,,010,札幌営業所,26667,0,10A100020,現金,,,,,9274402,2021-12
1947,1,23,Credit,2021-12-14,旅費,10A100020,現金,,,000,共通部門,0,26667,10E201230,旅費及び交通費,,,,,78111608,2021-12
1947,2,23,Debit,2021-12-14,旅費,10E201230,旅費及び交通費,,,010,札幌営業所,29524,0,10A100020,現金,,,,,9303926,2021-12
1947,2,23,Credit,2021-12-14,旅費,10A100020,現金,,,000,共通部門,0,29524,10E201230,旅費及び交通費,,,,,78082084,2021-12
1947,3,23,Debit,2021-12-14,旅費,10E201230,旅費及び交通費,,,010,札幌営業所,36667,0,10A100020,現金,,,,,9340593,2021-12
1947,3,23,Credit,2021-12-14,旅費,10A100020,現金,,,000,共通部門,0,36667,10E201230,旅費及び交通費,,,,,78045417,2021-12
1948,1,46,Debit,2021-12-14,ガソリン代,10E201120,車両費,,,020,東京支店,7429,0,10A100020,現金,,,,,5080949,2021-12
1948,1,46,Credit,2021-12-14,ガソリン代,10A100020,現金,,,000,共通部門,0,7429,10E201120,車両費,,,,,78037988,2021-12
1948,2,46,Debit,2021-12-14,駐車代,10E201120,車両費,,,020,東京支店,1239,0,10A100020,現金,,,,,5082188,2021-12
1948,2,46,Credit,2021-12-14,駐車代,10A100020,現金,,,000,共通部門,0,1239,10E201120,車両費,,,,,78036749,2021-12
1948,3,46,Debit,2021-12-14,高速代,10E201120,車両費,,,020,東京支店,3334,0,10A100020,現金,,,,,5085522,2021-12
1948,3,46,Credit,2021-12-14,高速代,10A100020,現金,,,000,共通部門,0,3334,10E201120,車両費,,,,,78033415,2021-12
1949,1,51,Debit,2021-12-14,高速代,10E201120,車両費,,,020,東京支店,5096,0,10A100020,現金,,,,,5090618,2021-12
1949,1,51,Credit,2021-12-14,高速代,10A100020,現金,,,000,共通部門,0,5096,10E201120,車両費,,,,,78028319,2021-12
1949,2,51,Debit,2021-12-14,ガソリン代,10E201120,車両費,,,020,東京支店,6381,0,10A100020,現金,,,,,5096999,2021-12
1949,2,51,Credit,2021-12-14,ガソリン代,10A100020,現金,,,000,共通部門,0,6381,10E201120,車両費,,,,,78021938,2021-12
1949,3,51,Debit,2021-12-14,駐車代,10E201120,車両費,,,020,東京支店,2191,0,10A100020,現金,,,,,5099190,2021-12
1949,3,51,Credit,2021-12-14,駐車代,10A100020,現金,,,000,共通部門,0,2191,10E201120,車両費,,,,,78019747,2021-12
1950,1,73,Debit,2021-12-14,忘年会会費,10E200150,交際費,,,020,東京支店,8000,0,10A100020,現金,,,,,3039220,2021-12
1950,1,73,Credit,2021-12-14,忘年会会費,10A100020,現金,,,000,共通部門,0,8000,10E200150,交際費,,,,,78011747,2021-12
1954,1,104,Debit,2021-12-15,12月15日伝票No387株式会社若葉百貨店,10A100020,普通預金,50,MNO銀行 北九州,000,共通部門,1614480,0,10A100090,売掛金,,,,,79626227,2021-12
1954,1,104,Credit,2021-12-15,12月15日伝票No387株式会社若葉百貨店,10A100090,売掛金,1,株式会社若葉百貨店,000,共通部門,0,1614480,10A100020,普通預金,,,,,49875144,2021-12
1954,2,104,Debit,2021-12-15,12月15日伝票No387株式会社若葉百貨店,10E200690,支払手数料,,,050,九州営業所,840,0,10A100090,売掛金,,,,,99163,2021-12
1954,2,104,Credit,2021-12-15,12月15日伝票No387株式会社若葉百貨店,10A100090,売掛金,1,株式会社若葉百貨店,000,共通部門,0,840,10E200690,支払手数料,,,,,49874304,2021-12
1955,1,105,Debit,2021-12-15,12月15日伝票No388株式会社瑞穂流通,10A100020,普通預金,30,GHI銀行 名古屋,000,共通部門,2098212,0,10A100090,売掛金,,,,,81724439,2021-12
1955,1,105,Credit,2021-12-15,12月15日伝票No388株式会社瑞穂流通,10A100090,売掛金,6,株式会社瑞穂流通,000,共通部門,0,2098212,10A100020,普通預金,,,,,47776092,2021-12
1955,2,105,Debit,2021-12-15,12月15日伝票No388株式会社瑞穂流通,10E200690,支払手数料,,,030,名古屋支店,840,0,10A100090,売掛金,,,,,100003,2021-12
1955,2,105,Credit,2021-12-15,12月15日伝票No388株式会社瑞穂流通,10A100090,売掛金,6,株式会社瑞穂流通,000,共通部門,0,840,10E200690,支払手数料,,,,,47775252,2021-12
1956,1,106,Debit,2021-12-15,12月15日伝票No389株式会社高原マーケット,10A100020,普通預金,40,JKL銀行 梅田,000,共通部門,1447664,0,10A100090,売掛金,,,,,83172103,2021-12
1956,1,106,Credit,2021-12-15,12月15日伝票No389株式会社高原マーケット,10A100090,売掛金,8,株式会社高原マーケット,000,共通部門,0,1447664,10A100020,普通預金,,,,,46327588,2021-12
1956,2,106,Debit,2021-12-15,12月15日伝票No389株式会社高原マーケット,10E200690,支払手数料,,,040,大阪支店,840,0,10A100090,売掛金,,,,,100843,2021-12
1956,2,106,Credit,2021-12-15,12月15日伝票No389株式会社高原マーケット,10A100090,売掛金,8,株式会社高原マーケット,000,共通部門,0,840,10E200690,支払手数料,,,,,46326748,2021-12
1957,1,107,Debit,2021-12-15,12月15日伝票No390朝凪物産株式会社,10A100020,普通預金,40,JKL銀行 梅田,000,共通部門,1302584,0,10A100090,売掛金,,,,,84474687,2021-12
1957,1,107,Credit,2021-12-15,12月15日伝票No390朝凪物産株式会社,10A100090,売掛金,9,朝凪物産株式会社,000,共通部門,0,1302584,10A100020,普通預金,,,,,45024164,2021-12
1957,2,107,Debit,2021-12-15,12月15日伝票No390朝凪物産株式会社,10E200690,支払手数料,,,040,大阪支店,840,0,10A100090,売掛金,,,,,101683,2021-12
1957,2,107,Credit,2021-12-15,12月15日伝票No390朝凪物産株式会社,10A100090,売掛金,9,朝凪物産株式会社,000,共通部門,0,840,10E200690,支払手数料,,,,,45023324,2021-12
1958,1,108,Debit,2021-12-15,12月15日伝票No391星川商事株式会社,10A100020,普通預金,20,ABC銀行 本店,000,共通部門,1108516,0,10A100090,売掛金,,,,,85583203,2021-12
1958,1,108,Credit,2021-12-15,12月15日伝票No391星川商事株式会社,10A100090,売掛金,13,星川商事株式会社,000,共通部門,0,1108516,10A100020,普通預金,,,,,43914808,2021-12
1959,1,109,Debit,2021-12-15,12月15日伝票No392清和商事株式会社,10A100020,普通預金,40,JKL銀行 梅田,000,共通部門,1210299,0,10A100090,売掛金,,,,,86793502,2021-12
1959,1,109,Credit,2021-12-15,12月15日伝票No392清和商事株式会社,10A100090,売掛金,20,清和商事株式会社,000,共通部門,0,1210299,10A100020,普通預金,,,,,42704509,2021-12
1959,2,109,Debit,2021-12-15,12月15日伝票No392清和商事株式会社,10E200690,支払手数料,,,040,大阪支店,315,0,10A100090,売掛金,,,,,101998,2021-12
1959,2,109,Credit,2021-12-15,12月15日伝票No392清和商事株式会社,10A100090,売掛金,20,清和商事株式会社,000,共通部門,0,315,10E200690,支払手数料,,,,,42704194,2021-12
1960,1,110,Debit,2021-12-15,12月15日伝票No305株式会社北辰商事,10B100040,買掛金,1,株式会社北辰商事,000,共通部門,6139437,0,10A100020,普通預金,,,,,47680586,2021-12
1960,1,110,Credit,2021-12-15,12月15日伝票No305株式会社北辰商事,10A100020,普通預金,20,ABC銀行 本店,000,共通部門,0,6139437,10B100040,買掛金,,,,,80654065,2021-12
1961,1,117,Debit,2021-12-15,会費,10E201140,諸会費,,,040,大阪支店,20000,0,10A100020,現金,,,,,948000,2021-12
1961,1,117,Credit,2021-12-15,会費,10A100020,現金,,,000,共通部門,0,20000,10E201140,諸会費,,,,,80634065,2021-12
1962,1,130,Debit,2021-12-15,会費,10E201140,諸会費,,,040,大阪支店,24000,0,10A100020,普通預金,,,,,972000,2021-12
1962,1,130,Credit,2021-12-15,会費,10A100020,普通預金,40,JKL銀行 梅田,000,共通部門,0,24000,10E201140,諸会費,,,,,80610065,2021-12
1951,1,4,Debit,2021-12-15,広告費,10E200050,広告宣伝費,,,010,札幌営業所,31500,0,10B100630,未払金,,,,,1444200,2021-12
1951,1,4,Credit,2021-12-15,広告費,10B100630,未払金,,,000,共通部門,0,31500,10E200050,広告宣伝費,,,,,7863379,2021-12
1952,1,83,Debit,2021-12-15,ガソリン代,10E201120,車両費,,,050,九州営業所,6229,0,10A100020,現金,,,,,5105419,2021-12
1952,1,83,Credit,2021-12-15,ガソリン代,10A100020,現金,,,000,共通部門,0,6229,10E201120,車両費,,,,,80603836,2021-12
1952,2,83,Debit,2021-12-15,高速代,10E201120,車両費,,,050,九州営業所,4020,0,10A100020,現金,,,,,5109439,2021-12
1952,2,83,Credit,2021-12-15,高速代,10A100020,現金,,,000,共通部門,0,4020,10E201120,車両費,,,,,80599816,2021-12
1952,3,83,Debit,2021-12-15,駐車代,10E201120,車両費,,,050,九州営業所,800,0,10A100020,現金,,,,,5110239,2021-12
1952,3,83,Credit,2021-12-15,駐車代,10A100020,現金,,,000,共通部門,0,800,10E201120,車両費,,,,,80599016,2021-12
1953,1,91,Debit,2021-12-15,12月給与その他 0060 パート･アルバイト,10E200520,雑給,,,020,東京支店,400068,0,10A100020,現金,,,,,3766565,2021-12
1953,1,91,Credit,2021-12-15,12月給与その他 0060 パート･アルバイト,10A100020,現金,,,000,共通部門,0,400068,10E200520,雑給,,,,,80198948,2021-12
1953,2,91,Debit,2021-12-15,12月給与その他 0060 パート･アルバイト,10E200520,雑給,,,020,東京支店,11330,0,10B100690,預り金,,,,,3777895,2021-12
1953,2,91,Credit,2021-12-15,12月給与その他 0060 パート･アルバイト,10B100690,預り金,3,源泉税,000,共通部門,0,11330,10E200520,雑給,,,,,4906129,2021-12
1953,3,91,Debit,2021-12-15,12月給与その他 0060 パート･アルバイト,10E200520,雑給,,,020,東京支店,12442,0,10B100690,預り金,,,,,3790337,2021-12
1953,3,91,Credit,2021-12-15,12月給与その他 0060 パート･アルバイト,10B100690,預り金,9,その他,000,共通部門,0,12442,10E200520,雑給,,,,,4918571,2021-12
1966,1,136,Debit,2021-12-16,架空清掃会社A代,10E201270,雑費,,,040,大阪支店,16500,0,10A100020,現金,,,,,3947121,2021-12
1966,1,136,Credit,2021-12-16,架空清掃会社A代,10A100020,現金,,,000,共通部門,0,16500,10E201270,雑費,,,,,80182448,2021-12
1967,1,144,Debit,2021-12-16,ウォッシャー液代,10E201120,車両費,,,040,大阪支店,572,0,10A100020,現金,,,,,5110811,2021-12
1967,1,144,Credit,2021-12-16,ウォッシャー液代,10A100020,現金,,,000,共通部門,0,572,10E201120,車両費,,,,,80181876,2021-12
1967,2,144,Debit,2021-12-16,ガソリン代,10E201120,車両費,,,040,大阪支店,6229,0,10A100020,現金,,,,,5117040,2021-12
1967,2,144,Credit,2021-12-16,ガソリン代,10A100020,現金,,,000,共通部門,0,6229,10E201120,車両費,,,,,80175647,2021-12
1967,3,144,Debit,2021-12-16,ガソリン代,10E201120,車両費,,,040,大阪支店,8096,0,10A100020,現金,,,,,5125136,2021-12
1967,3,144,Credit,2021-12-16,ガソリン代,10A100020,現金,,,000,共通部門,0,8096,10E201120,車両費,,,,,80167551,2021-12
1968,1,149,Debit,2021-12-16,忘年会会費,10E200150,交際費,,,030,名古屋支店,10000,0,10A100020,現金,,,,,3049220,2021-12
1968,1,149,Credit,2021-12-16,忘年会会費,10A100020,現金,,,000,共通部門,0,10000,10E200150,交際費,,,,,80157551,2021-12
1969,1,152,Debit,2021-12-16,忘年会会費,10E200150,交際費,,,050,九州営業所,10000,0,10A100020,現金,,,,,3059220,2021-12
1969,1,152,Credit,2021-12-16,忘年会会費,10A100020,現金,,,000,共通部門,0,10000,10E200150,交際費,,,,,80147551,2021-12
1970,1,156,Debit,2021-12-16,出張旅費,10E201230,旅費及び交通費,,,050,九州営業所,8600,0,10A100020,現金,,,,,9349193,2021-12
1970,1,156,Credit,2021-12-16,出張旅費,10A100020,現金,,,000,共通部門,0,8600,10E201230,旅費及び交通費,,,,,80138951,2021-12
1963,1,57,Debit,2021-12-16,架空鉄道会社A代,10E201230,旅費及び交通費,,,020,東京支店,110650,0,10A100020,現金,,,,,9459843,2021-12
1963,1,57,Credit,2021-12-16,架空鉄道会社A代,10A100020,現金,,,000,共通部門,0,110650,10E201230,旅費及び交通費,,,,,80028301,2021-12
1964,1,61,Debit,2021-12-16,電話代,10E200180,通信費,,,020,東京支店,141699,0,10A100020,普通預金,,,,,9514100,2021-12
1964,1,61,Credit,2021-12-16,電話代,10A100020,普通預金,20,ABC銀行 本店,000,共通部門,0,141699,10E200180,通信費,,,,,79886602,2021-12
1965,1,74,Debit,2021-12-16,忘年会会費,10E200150,交際費,,,020,東京支店,10000,0,10A100020,現金,,,,,3069220,2021-12
1965,1,74,Credit,2021-12-16,忘年会会費,10A100020,現金,,,000,共通部門,0,10000,10E200150,交際費,,,,,79876602,2021-12
1971,1,12,Debit,2021-12-17,ガソリン代,10E201120,車両費,,,010,札幌営業所,7473,0,10A100020,現金,,,,,5132609,2021-12
1971,1,12,Credit,2021-12-17,ガソリン代,10A100020,現金,,,000,共通部門,0,7473,10E201120,車両費,,,,,79869129,2021-12
1971,2,12,Debit,2021-12-17,ガソリン代,10E201120,車両費,,,010,札幌営業所,2858,0,10A100020,現金,,,,,5135467,2021-12
1971,2,12,Credit,2021-12-17,ガソリン代,10A100020,現金,,,000,共通部門,0,2858,10E201120,車両費,,,,,79866271,2021-12
1971,3,12,Debit,2021-12-17,ガソリン代,10E201120,車両費,,,010,札幌営業所,6174,0,10A100020,現金,,,,,5141641,2021-12
1971,3,12,Credit,2021-12-17,ガソリン代,10A100020,現金,,,000,共通部門,0,6174,10E201120,車両費,,,,,79860097,2021-12
1971,4,12,Debit,2021-12-17,高速代,10E201120,車両費,,,010,札幌営業所,2000,0,10A100020,現金,,,,,5143641,2021-12
1971,4,12,Credit,2021-12-17,高速代,10A100020,現金,,,000,共通部門,0,2000,10E201120,車両費,,,,,79858097,2021-12
1975,1,164,Debit,2021-12-17,事務用品,10E201110,事務用消耗品費,,,050,九州営業所,11960,0,10A100020,現金,,,,,1037430,2021-12
1975,1,164,Credit,2021-12-17,事務用品,10A100020,現金,,,000,共通部門,0,11960,10E201110,事務用消耗品費,,,,,79846137,2021-12
1972,1,32,Debit,2021-12-17,事務用品費,10E201110,事務用消耗品費,,,010,札幌営業所,1426,0,10B100630,未払金,,,,,1038856,2021-12
1972,1,32,Credit,2021-12-17,事務用品費,10B100630,未払金,,,000,共通部門,0,1426,10E201110,事務用消耗品費,,,,,7864805,2021-12
1973,1,45,Debit,2021-12-17,忘年会会費2名,10E200150,交際費,,,020,東京支店,20000,0,10A100020,現金,,,,,3089220,2021-12
1973,1,45,Credit,2021-12-17,忘年会会費2名,10A100020,現金,,,000,共通部門,0,20000,10E200150,交際費,,,,,79826137,2021-12
1974,1,52,Debit,2021-12-17,高速代,10E201120,車両費,,,020,東京支店,1096,0,10A100020,現金,,,,,5144737,2021-12
1974,1,52,Credit,2021-12-17,高速代,10A100020,現金,,,000,共通部門,0,1096,10E201120,車両費,,,,,79825041,2021-12
1974,2,52,Debit,2021-12-17,高速代,10E201120,車両費,,,020,東京支店,1096,0,10A100020,現金,,,,,5145833,2021-12
1974,2,52,Credit,2021-12-17,高速代,10A100020,現金,,,000,共通部門,0,1096,10E201120,車両費,,,,,79823945,2021-12
1974,3,52,Debit,2021-12-17,高速代,10E201120,車両費,,,020,東京支店,1429,0,10A100020,現金,,,,,5147262,2021-12
1974,3,52,Credit,2021-12-17,高速代,10A100020,現金,,,000,共通部門,0,1429,10E201120,車両費,,,,,79822516,2021-12
1978,1,104,Debit,2021-12-18,忘年会会費,10E200150,交際費,,,040,大阪支店,8000,0,10A100020,現金,,,,,3097220,2021-12
1978,1,104,Credit,2021-12-18,忘年会会費,10A100020,現金,,,000,共通部門,0,8000,10E200150,交際費,,,,,79814516,2021-12
1979,1,153,Debit,2021-12-18,忘年会会費,10E200150,交際費,,,030,名古屋支店,8000,0,10A100020,現金,,,,,3105220,2021-12
1979,1,153,Credit,2021-12-18,忘年会会費,10A100020,現金,,,000,共通部門,0,8000,10E200150,交際費,,,,,79806516,2021-12
1976,1,8,Debit,2021-12-18,定例ミーティング会費,10E200150,交際費,,,010,札幌営業所,20000,0,10A100020,現金,,,,,3125220,2021-12
1976,1,8,Credit,2021-12-18,定例ミーティング会費,10A100020,現金,,,000,共通部門,0,20000,10E200150,交際費,,,,,79786516,2021-12
1977,1,86,Debit,2021-12-18,切手代,10E200180,通信費,,,050,九州営業所,16000,0,10A100020,現金,,,,,9530100,2021-12
1977,1,86,Credit,2021-12-18,切手代,10A100020,現金,,,000,共通部門,0,16000,10E200180,通信費,,,,,79770516,2021-12
1984,1,148,Debit,2021-12-19,ガソリン代,10E201120,車両費,,,050,九州営業所,5291,0,10A100020,現金,,,,,5152553,2021-12
1984,1,148,Credit,2021-12-19,ガソリン代,10A100020,現金,,,000,共通部門,0,5291,10E201120,車両費,,,,,79765225,2021-12
1981,1,47,Debit,2021-12-19,ガソリン代,10E201120,車両費,,,020,東京支店,2540,0,10A100020,現金,,,,,5155093,2021-12
1981,1,47,Credit,2021-12-19,ガソリン代,10A100020,現金,,,000,共通部門,0,2540,10E201120,車両費,,,,,79762685,2021-12
1982,1,59,Debit,2021-12-19,旅費,10E201230,旅費及び交通費,,,020,東京支店,50000,0,10A100020,現金,,,,,9509843,2021-12
1982,1,59,Credit,2021-12-19,旅費,10A100020,現金,,,000,共通部門,0,50000,10E201230,旅費及び交通費,,,,,79712685,2021-12
1980,1,6,Debit,2021-12-19,広告料,10E200050,広告宣伝費,,,010,札幌営業所,5000,0,10A100020,現金,,,,,1449200,2021-12
1980,1,6,Credit,2021-12-19,広告料,10A100020,現金,,,000,共通部門,0,5000,10E200050,広告宣伝費,,,,,79707685,2021-12
1983,1,89,Debit,2021-12-19,旅費,10E201230,旅費及び交通費,,,030,名古屋支店,20000,0,10A100020,現金,,,,,9529843,2021-12
1983,1,89,Credit,2021-12-19,旅費,10A100020,現金,,,000,共通部門,0,20000,10E201230,旅費及び交通費,,,,,79687685,2021-12
1985,1,1,Debit,2021-12-20,残業夜食　軽減税率,10E200140,福利厚生費,,,000,共通部門,43200,0,10A100020,現金,,,,,3571675,2021-12
1985,1,1,Credit,2021-12-20,残業夜食　軽減税率,10A100020,現金,,,000,共通部門,0,43200,10E200140,福利厚生費,,,,,79644485,2021-12
1996,1,100,Debit,2021-12-20,資金移動,10A100020,普通預金,20,ABC銀行 本店,000,共通部門,20000000,0,10A100020,当座預金,,,,,99644485,2021-12
1996,1,100,Credit,2021-12-20,資金移動,10A100020,当座預金,1,ABC銀行,000,共通部門,0,20000000,10A100020,普通預金,,,,,79644485,2021-12
1997,1,101,Debit,2021-12-20,広告料,10E200050,広告宣伝費,,,040,大阪支店,52500,0,10B100630,未払金,,,,,1501700,2021-12
1997,1,101,Credit,2021-12-20,広告料,10B100630,未払金,,,000,共通部門,0,52500,10E200050,広告宣伝費,,,,,7917305,2021-12
1998,1,105,Debit,2021-12-20,忘年会会費,10E200150,交際費,,,040,大阪支店,9524,0,10A100020,現金,,,,,3134744,2021-12
1998,1,105,Credit,2021-12-20,忘年会会費,10A100020,現金,,,000,共通部門,0,9524,10E200150,交際費,,,,,79634961,2021-12
1998,2,105,Debit,2021-12-20,景品代 架空店舗089,10E200150,交際費,,,040,大阪支店,10000,0,10A100020,現金,,,,,3144744,2021-12
1998,2,105,Credit,2021-12-20,景品代 架空店舗089,10A100020,現金,,,000,共通部門,0,10000,10E200150,交際費,,,,,79624961,2021-12
1999,1,111,Debit,2021-12-20,12月20日伝票No393株式会社楓屋,10A100020,現金,,,000,共通部門,1158996,0,10A100090,売掛金,,,,,80783957,2021-12
1999,1,111,Credit,2021-12-20,12月20日伝票No393株式会社楓屋,10A100090,売掛金,11,株式会社楓屋,000,共通部門,0,1158996,10A100020,現金,,,,,41545198,2021-12
2000,1,112,Debit,2021-12-20,12月20日伝票No394合同会社つばさ商店,10A100020,普通預金,30,GHI銀行 名古屋,000,共通部門,570875,0,10A100090,売掛金,,,,,81354832,2021-12
2000,1,112,Credit,2021-12-20,12月20日伝票No394合同会社つばさ商店,10A100090,売掛金,21,合同会社つばさ商店,000,共通部門,0,570875,10A100020,普通預金,,,,,40974323,2021-12
2000,2,112,Debit,2021-12-20,12月20日伝票No394合同会社つばさ商店,10E200690,支払手数料,,,030,名古屋支店,472,0,10A100090,売掛金,,,,,102470,2021-12
2000,2,112,Credit,2021-12-20,12月20日伝票No394合同会社つばさ商店,10A100090,売掛金,21,合同会社つばさ商店,000,共通部門,0,472,10E200690,支払手数料,,,,,40973851,2021-12
2001,1,113,Debit,2021-12-20,12月20日伝票No395株式会社彩雲トレーディング,10A100020,普通預金,20,ABC銀行 本店,000,共通部門,1326942,0,10A100090,売掛金,,,,,82681774,2021-12
2001,1,113,Credit,2021-12-20,12月20日伝票No395株式会社彩雲トレーディング,10A100090,売掛金,30,株式会社彩雲トレーディング,000,共通部門,0,1326942,10A100020,普通預金,,,,,39646909,2021-12
2001,2,113,Debit,2021-12-20,12月20日伝票No395株式会社彩雲トレーディング,10E200690,支払手数料,,,020,東京支店,735,0,10A100090,売掛金,,,,,103205,2021-12
2001,2,113,Credit,2021-12-20,12月20日伝票No395株式会社彩雲トレーディング,10A100090,売掛金,30,株式会社彩雲トレーディング,000,共通部門,0,735,10E200690,支払手数料,,,,,39646174,2021-12
2002,1,114,Debit,2021-12-20,12月20日伝票No306株式会社和泉流通,10B100040,買掛金,4,株式会社和泉流通,000,共通部門,1155555,0,10A100020,当座預金,,,,,46525031,2021-12
2002,1,114,Credit,2021-12-20,12月20日伝票No306株式会社和泉流通,10A100020,当座預金,1,ABC銀行,000,共通部門,0,1155555,10B100040,買掛金,,,,,81526219,2021-12
2003,1,115,Debit,2021-12-20,12月20日伝票No307株式会社日向産業,10B100040,買掛金,6,株式会社日向産業,000,共通部門,3677354,0,10A100020,普通預金,,,,,42847677,2021-12
2003,1,115,Credit,2021-12-20,12月20日伝票No307株式会社日向産業,10A100020,普通預金,20,ABC銀行 本店,000,共通部門,0,3677354,10B100040,買掛金,,,,,77848865,2021-12
2004,1,116,Debit,2021-12-20,12月20日伝票No308株式会社花園商会,10B100040,買掛金,11,株式会社花園商会,000,共通部門,5286009,0,10A100020,普通預金,,,,,37561668,2021-12
2004,1,116,Credit,2021-12-20,12月20日伝票No308株式会社花園商会,10A100020,普通預金,20,ABC銀行 本店,000,共通部門,0,5286009,10B100040,買掛金,,,,,72562856,2021-12
2005,1,118,Debit,2021-12-20,コピー代,10E201110,事務用消耗品費,,,040,大阪支店,8230,0,10B100630,未払金,,,,,1047086,2021-12
2005,1,118,Credit,2021-12-20,コピー代,10B100630,未払金,,,000,共通部門,0,8230,10E201110,事務用消耗品費,,,,,7925535,2021-12
2006,1,135,Debit,2021-12-20,事務用品,10E201110,事務用消耗品費,,,040,大阪支店,4732,0,10B100630,未払金,,,,,1051818,2021-12
2006,1,135,Credit,2021-12-20,事務用品,10B100630,未払金,,,000,共通部門,0,4732,10E201110,事務用消耗品費,,,,,7930267,2021-12
2007,1,141,Debit,2021-12-20,手形割引 株式会社青葉百貨店 | 手形番号=R20211110-90-28;受取額に決済額を訂正,10A100020,当座預金,1,ABC銀行,000,共通部門,6875000,0,10A100060,受取手形,,,,,79437856,2021-12
2007,1,141,Credit,2021-12-20,手形割引 株式会社青葉百貨店 | 手形番号=R20211110-90-28;受取額に決済額を訂正,10A100060,受取手形,,,000,共通部門,0,6875000,10A100020,当座預金,,,,,70743154,2021-12
2007,2,141,Debit,2021-12-20,手形割引料 | 手形番号=R20211110-90-28,10E300020,支払利息,,,020,東京支店,46367,0,10A100060,受取手形,,,,,1017410,2021-12
2007,2,141,Credit,2021-12-20,手形割引料 | 手形番号=R20211110-90-28,10A100060,受取手形,,,000,共通部門,0,46367,10E300020,支払利息,,,,,70696787,2021-12
2008,1,148,Debit,2021-12-20,手形満期 株式会社緑野百貨店 | 手形番号=R20211031-116-12;受取額に決済額を訂正,10A100020,当座預金,1,ABC銀行,000,共通部門,9607109,0,10A100060,受取手形,,,,,89044965,2021-12
2008,1,148,Credit,2021-12-20,手形満期 株式会社緑野百貨店 | 手形番号=R20211031-116-12;受取額に決済額を訂正,10A100060,受取手形,,,000,共通部門,0,9607109,10A100020,当座預金,,,,,61089678,2021-12
2009,1,163,Debit,2021-12-20,会費,10E201140,諸会費,,,050,九州営業所,18000,0,10A100020,現金,,,,,990000,2021-12
2009,1,163,Credit,2021-12-20,会費,10A100020,現金,,,000,共通部門,0,18000,10E201140,諸会費,,,,,89026965,2021-12
1986,1,24,Debit,2021-12-20,架空鉄道会社A回数券,10E201230,旅費及び交通費,,,010,札幌営業所,82620,0,10A100020,現金,,,,,9612463,2021-12
1986,1,24,Credit,2021-12-20,架空鉄道会社A回数券,10A100020,現金,,,000,共通部門,0,82620,10E201230,旅費及び交通費,,,,,88944345,2021-12
1987,1,31,Debit,2021-12-20,コピー代,10E201110,事務用消耗品費,,,010,札幌営業所,3288,0,10B100630,未払金,,,,,1055106,2021-12
1987,1,31,Credit,2021-12-20,コピー代,10B100630,未払金,,,000,共通部門,0,3288,10E201110,事務用消耗品費,,,,,7933555,2021-12
1988,1,48,Debit,2021-12-20,ガソリン代,10E201120,車両費,,,020,東京支店,4303,0,10A100020,現金,,,,,5159396,2021-12
1988,1,48,Credit,2021-12-20,ガソリン代,10A100020,現金,,,000,共通部門,0,4303,10E201120,車両費,,,,,88940042,2021-12
1989,1,71,Debit,2021-12-20,カウンター料金,10E201110,事務用消耗品費,,,020,東京支店,36741,0,10B100630,未払金,,,,,1091847,2021-12
1989,1,71,Credit,2021-12-20,カウンター料金,10B100630,未払金,,,000,共通部門,0,36741,10E201110,事務用消耗品費,,,,,7970296,2021-12
1990,1,73,Debit,2021-12-20,有線,10E201270,雑費,,,030,名古屋支店,5000,0,10B100630,未払金,,,,,3952121,2021-12
1990,1,73,Credit,2021-12-20,有線,10B100630,未払金,,,000,共通部門,0,5000,10E201270,雑費,,,,,7975296,2021-12
1991,1,75,Debit,2021-12-20,ガソリン代,10E201120,車両費,,,010,札幌営業所,2858,0,10A100020,現金,,,,,5162254,2021-12
1991,1,75,Credit,2021-12-20,ガソリン代,10A100020,現金,,,000,共通部門,0,2858,10E201120,車両費,,,,,88937184,2021-12
1991,2,75,Debit,2021-12-20,駐車代,10E201120,車両費,,,010,札幌営業所,286,0,10A100020,現金,,,,,5162540,2021-12
1991,2,75,Credit,2021-12-20,駐車代,10A100020,現金,,,000,共通部門,0,286,10E201120,車両費,,,,,88936898,2021-12
1991,3,75,Debit,2021-12-20,駐車代,10E201120,車両費,,,010,札幌営業所,381,0,10A100020,現金,,,,,5162921,2021-12
1991,3,75,Credit,2021-12-20,駐車代,10A100020,現金,,,000,共通部門,0,381,10E201120,車両費,,,,,88936517,2021-12
1992,1,76,Debit,2021-12-20,カウンター料金,10E201110,事務用消耗品費,,,050,九州営業所,6300,0,10B100630,未払金,,,,,1098147,2021-12
1992,1,76,Credit,2021-12-20,カウンター料金,10B100630,未払金,,,000,共通部門,0,6300,10E201110,事務用消耗品費,,,,,7981596,2021-12
1993,1,80,Debit,2021-12-20,会費支払い,10E200140,福利厚生費,,,030,名古屋支店,417375,0,10B100630,未払金,,,,,3989050,2021-12
1993,1,80,Credit,2021-12-20,会費支払い,10B100630,未払金,,,000,共通部門,0,417375,10E200140,福利厚生費,,,,,8398971,2021-12
1993,2,80,Debit,2021-12-20,ファイル等,10E200200,消耗品費,,,000,共通部門,9320,0,10B100630,未払金,,,,,2220194,2021-12
1993,2,80,Credit,2021-12-20,ファイル等,10B100630,未払金,,,000,共通部門,0,9320,10E200200,消耗品費,,,,,8408291,2021-12
1993,3,80,Debit,2021-12-20,飲料水,10E200200,消耗品費,,,000,共通部門,210161,0,10B100630,未払金,,,,,2430355,2021-12
1993,3,80,Credit,2021-12-20,飲料水,10B100630,未払金,,,000,共通部門,0,210161,10E200200,消耗品費,,,,,8618452,2021-12
1993,4,80,Debit,2021-12-20,名刺代,10E200200,消耗品費,,,000,共通部門,9420,0,10B100630,未払金,,,,,2439775,2021-12
1993,4,80,Credit,2021-12-20,名刺代,10B100630,未払金,,,000,共通部門,0,9420,10E200200,消耗品費,,,,,8627872,2021-12
1994,1,97,Debit,2021-12-20,コピー代,10E201110,事務用消耗品費,,,030,名古屋支店,39226,0,10B100630,未払金,,,,,1137373,2021-12
1994,1,97,Credit,2021-12-20,コピー代,10B100630,未払金,,,000,共通部門,0,39226,10E201110,事務用消耗品費,,,,,8667098,2021-12
1995,1,98,Debit,2021-12-20,事務用品,10E201110,事務用消耗品費,,,030,名古屋支店,10058,0,10B100630,未払金,,,,,1147431,2021-12
1995,1,98,Credit,2021-12-20,事務用品,10B100630,未払金,,,000,共通部門,0,10058,10E201110,事務用消耗品費,,,,,8677156,2021-12
2017,1,114,Debit,2021-12-21,新聞代,10E201160,図書費,,,040,大阪支店,2540,0,10A100020,現金,,,,,202396,2021-12
2017,1,114,Credit,2021-12-21,新聞代,10A100020,現金,,,000,共通部門,0,2540,10E201160,図書費,,,,,88933977,2021-12
2017,2,114,Debit,2021-12-21,新聞代,10E201160,図書費,,,040,大阪支店,2864,0,10A100020,現金,,,,,205260,2021-12
2017,2,114,Credit,2021-12-21,新聞代,10A100020,現金,,,000,共通部門,0,2864,10E201160,図書費,,,,,88931113,2021-12
2018,1,126,Debit,2021-12-21,収入印紙,10E200210,租税公課,,,020,東京支店,40000,0,10A100020,現金,,,,,229000,2021-12
2018,1,126,Credit,2021-12-21,収入印紙,10A100020,現金,,,000,共通部門,0,40000,10E200210,租税公課,,,,,88891113,2021-12
2019,1,132,Debit,2021-12-21,電気代,10E201040,水道光熱費,,,040,大阪支店,139580,0,10A100020,普通預金,,,,,4815069,2021-12
2019,1,132,Credit,2021-12-21,電気代,10A100020,普通預金,40,JKL銀行 梅田,000,共通部門,0,139580,10E201040,水道光熱費,,,,,88751533,2021-12
2019,2,132,Debit,2021-12-21,水道代,10E201040,水道光熱費,,,040,大阪支店,7730,0,10A100020,普通預金,,,,,4822799,2021-12
2019,2,132,Credit,2021-12-21,水道代,10A100020,普通預金,40,JKL銀行 梅田,000,共通部門,0,7730,10E201040,水道光熱費,,,,,88743803,2021-12
2020,1,169,Debit,2021-12-21,電気料,10E201040,水道光熱費,,,050,九州営業所,139580,0,10A100020,普通預金,,,,,4962379,2021-12
2020,1,169,Credit,2021-12-21,電気料,10A100020,普通預金,50,MNO銀行 北九州,000,共通部門,0,139580,10E201040,水道光熱費,,,,,88604223,2021-12
2020,2,169,Debit,2021-12-21,水道料,10E201040,水道光熱費,,,050,九州営業所,7730,0,10A100020,普通預金,,,,,4970109,2021-12
2020,2,169,Credit,2021-12-21,水道料,10A100020,普通預金,50,MNO銀行 北九州,000,共通部門,0,7730,10E201040,水道光熱費,,,,,88596493,2021-12
2011,1,25,Debit,2021-12-21,旅費,10E201230,旅費及び交通費,,,010,札幌営業所,56000,0,10A100020,現金,,,,,9668463,2021-12
2011,1,25,Credit,2021-12-21,旅費,10A100020,現金,,,000,共通部門,0,56000,10E201230,旅費及び交通費,,,,,88540493,2021-12
2010,1,3,Debit,2021-12-21,宿泊代,10E200140,福利厚生費,,,010,札幌営業所,30125,0,10B100630,未払金,,,,,4019175,2021-12
2010,1,3,Credit,2021-12-21,宿泊代,10B100630,未払金,,,000,共通部門,0,30125,10E200140,福利厚生費,,,,,8707281,2021-12
2012,1,34,Debit,2021-12-21,電気代,10E201040,水道光熱費,,,010,札幌営業所,94721,0,10A100020,普通預金,,,,,5064830,2021-12
2012,1,34,Credit,2021-12-21,電気代,10A100020,普通預金,10,DEF銀行 駅前,000,共通部門,0,94721,10E201040,水道光熱費,,,,,88445772,2021-12
2012,2,34,Debit,2021-12-21,水道代,10E201040,水道光熱費,,,010,札幌営業所,3840,0,10A100020,普通預金,,,,,5068670,2021-12
2012,2,34,Credit,2021-12-21,水道代,10A100020,普通預金,10,DEF銀行 駅前,000,共通部門,0,3840,10E201040,水道光熱費,,,,,88441932,2021-12
2013,1,64,Debit,2021-12-21,電気料,10E201040,水道光熱費,,,020,東京支店,215755,0,10A100020,普通預金,,,,,5284425,2021-12
2013,1,64,Credit,2021-12-21,電気料,10A100020,普通預金,20,ABC銀行 本店,000,共通部門,0,215755,10E201040,水道光熱費,,,,,88226177,2021-12
2013,2,64,Debit,2021-12-21,水道料,10E201040,水道光熱費,,,020,東京支店,9092,0,10A100020,普通預金,,,,,5293517,2021-12
2013,2,64,Credit,2021-12-21,水道料,10A100020,普通預金,20,ABC銀行 本店,000,共通部門,0,9092,10E201040,水道光熱費,,,,,88217085,2021-12
2014,1,75,Debit,2021-12-21,忘年会会費,10E200150,交際費,,,020,東京支店,8000,0,10A100020,現金,,,,,3152744,2021-12
2014,1,75,Credit,2021-12-21,忘年会会費,10A100020,現金,,,000,共通部門,0,8000,10E200150,交際費,,,,,88209085,2021-12
2015,1,89,Debit,2021-12-21,電気料,10E201040,水道光熱費,,,030,名古屋支店,110700,0,10A100020,普通預金,,,,,5404217,2021-12
2015,1,89,Credit,2021-12-21,電気料,10A100020,普通預金,30,GHI銀行 名古屋,000,共通部門,0,110700,10E201040,水道光熱費,,,,,88098385,2021-12
2015,2,89,Debit,2021-12-21,水道料,10E201040,水道光熱費,,,030,名古屋支店,4730,0,10A100020,普通預金,,,,,5408947,2021-12
2015,2,89,Credit,2021-12-21,水道料,10A100020,普通預金,30,GHI銀行 名古屋,000,共通部門,0,4730,10E201040,水道光熱費,,,,,88093655,2021-12
2015,3,89,Debit,2021-12-21,ガス代,10E201040,水道光熱費,,,030,名古屋支店,4990,0,10A100020,普通預金,,,,,5413937,2021-12
2015,3,89,Credit,2021-12-21,ガス代,10A100020,普通預金,30,GHI銀行 名古屋,000,共通部門,0,4990,10E201040,水道光熱費,,,,,88088665,2021-12
2016,1,94,Debit,2021-12-21,しめ飾り他,10E201270,雑費,,,030,名古屋支店,5377,0,10A100020,現金,,,,,3957498,2021-12
2016,1,94,Credit,2021-12-21,しめ飾り他,10A100020,現金,,,000,共通部門,0,5377,10E201270,雑費,,,,,88083288,2021-12
2029,1,107,Debit,2021-12-22,忘年会会費3名,10E200150,交際費,,,040,大阪支店,24000,0,10A100020,現金,,,,,3176744,2021-12
2029,1,107,Credit,2021-12-22,忘年会会費3名,10A100020,現金,,,000,共通部門,0,24000,10E200150,交際費,,,,,88059288,2021-12
2030,1,131,Debit,2021-12-22,会費,10E201140,諸会費,,,040,大阪支店,24000,0,10A100020,普通預金,,,,,1014000,2021-12
2030,1,131,Credit,2021-12-22,会費,10A100020,普通預金,40,JKL銀行 梅田,000,共通部門,0,24000,10E201140,諸会費,,,,,88035288,2021-12
2031,1,151,Debit,2021-12-22,忘年会会費3名,10E200150,交際費,,,040,大阪支店,30000,0,10A100020,現金,,,,,3206744,2021-12
2031,1,151,Credit,2021-12-22,忘年会会費3名,10A100020,現金,,,000,共通部門,0,30000,10E200150,交際費,,,,,88005288,2021-12
2032,1,166,Debit,2021-12-22,架空清掃会社A代,10E201270,雑費,,,050,九州営業所,1890,0,10A100020,現金,,,,,3959388,2021-12
2032,1,166,Credit,2021-12-22,架空清掃会社A代,10A100020,現金,,,000,共通部門,0,1890,10E201270,雑費,,,,,88003398,2021-12
2033,1,170,Debit,2021-12-22,新聞代,10E201160,図書費,,,050,九州営業所,3007,0,10A100020,現金,,,,,208267,2021-12
2033,1,170,Credit,2021-12-22,新聞代,10A100020,現金,,,000,共通部門,0,3007,10E201160,図書費,,,,,88000391,2021-12
2021,1,35,Debit,2021-12-22,新聞代,10E201160,図書費,,,010,札幌営業所,3925,0,10A100020,現金,,,,,212192,2021-12
2021,1,35,Credit,2021-12-22,新聞代,10A100020,現金,,,000,共通部門,0,3925,10E201160,図書費,,,,,87996466,2021-12
2022,1,53,Debit,2021-12-22,高速代,10E201120,車両費,,,020,東京支店,381,0,10A100020,現金,,,,,5163302,2021-12
2022,1,53,Credit,2021-12-22,高速代,10A100020,現金,,,000,共通部門,0,381,10E201120,車両費,,,,,87996085,2021-12
2022,2,53,Debit,2021-12-22,駐車代,10E201120,車両費,,,020,東京支店,1762,0,10A100020,現金,,,,,5165064,2021-12
2022,2,53,Credit,2021-12-22,駐車代,10A100020,現金,,,000,共通部門,0,1762,10E201120,車両費,,,,,87994323,2021-12
2023,1,72,Debit,2021-12-22,新聞代,10E201160,図書費,,,020,東京支店,2864,0,10A100020,現金,,,,,215056,2021-12
2023,1,72,Credit,2021-12-22,新聞代,10A100020,現金,,,000,共通部門,0,2864,10E201160,図書費,,,,,87991459,2021-12
2023,2,72,Debit,2021-12-22,新聞代,10E201160,図書費,,,020,東京支店,2815,0,10A100020,現金,,,,,217871,2021-12
2023,2,72,Credit,2021-12-22,新聞代,10A100020,現金,,,000,共通部門,0,2815,10E201160,図書費,,,,,87988644,2021-12
2023,3,72,Debit,2021-12-22,新聞代,10E201160,図書費,,,020,東京支店,3399,0,10A100020,現金,,,,,221270,2021-12
2023,3,72,Credit,2021-12-22,新聞代,10A100020,現金,,,000,共通部門,0,3399,10E201160,図書費,,,,,87985245,2021-12
2023,4,72,Debit,2021-12-22,しめ飾り、鏡もち他,10E201270,雑費,,,020,東京支店,9018,0,10A100020,現金,,,,,3968406,2021-12
2023,4,72,Credit,2021-12-22,しめ飾り、鏡もち他,10A100020,現金,,,000,共通部門,0,9018,10E201270,雑費,,,,,87976227,2021-12
2024,1,74,Debit,2021-12-22,しめ飾り他,10E201270,雑費,,,040,大阪支店,4688,0,10A100020,現金,,,,,3973094,2021-12
2024,1,74,Credit,2021-12-22,しめ飾り他,10A100020,現金,,,000,共通部門,0,4688,10E201270,雑費,,,,,87971539,2021-12
2025,1,84,Debit,2021-12-22,ガソリン代,10E201120,車両費,,,050,九州営業所,6826,0,10A100020,現金,,,,,5171890,2021-12
2025,1,84,Credit,2021-12-22,ガソリン代,10A100020,現金,,,000,共通部門,0,6826,10E201120,車両費,,,,,87964713,2021-12
2026,1,88,Debit,2021-12-22,新聞代,10E201160,図書費,,,030,名古屋支店,3568,0,10A100020,現金,,,,,224838,2021-12
2026,1,88,Credit,2021-12-22,新聞代,10A100020,現金,,,000,共通部門,0,3568,10E201160,図書費,,,,,87961145,2021-12
2027,1,90,Debit,2021-12-22,架空清掃会社A代,10E201270,雑費,,,030,名古屋支店,10500,0,10A100020,現金,,,,,3983594,2021-12
2027,1,90,Credit,2021-12-22,架空清掃会社A代,10A100020,現金,,,000,共通部門,0,10500,10E201270,雑費,,,,,87950645,2021-12
2028,1,95,Debit,2021-12-22,清掃料,10E201270,雑費,,,030,名古屋支店,71675,0,10B100630,未払金,,,,,4055269,2021-12
2028,1,95,Credit,2021-12-22,清掃料,10B100630,未払金,,,000,共通部門,0,71675,10E201270,雑費,,,,,8778956,2021-12
2038,1,140,Debit,2021-12-23,旅費,10E201230,旅費及び交通費,,,040,大阪支店,9870,0,10A100020,現金,,,,,9678333,2021-12
2038,1,140,Credit,2021-12-23,旅費,10A100020,現金,,,000,共通部門,0,9870,10E201230,旅費及び交通費,,,,,87940775,2021-12
2034,1,26,Debit,2021-12-23,旅費,10E201230,旅費及び交通費,,,010,札幌営業所,25000,0,10A100020,現金,,,,,9703333,2021-12
2034,1,26,Credit,2021-12-23,旅費,10A100020,現金,,,000,共通部門,0,25000,10E201230,旅費及び交通費,,,,,87915775,2021-12
2035,1,28,Debit,2021-12-23,タクシー代,10E201230,旅費及び交通費,,,010,札幌営業所,2420,0,10B100630,未払金,,,,,9705753,2021-12
2035,1,28,Credit,2021-12-23,タクシー代,10B100630,未払金,,,000,共通部門,0,2420,10E201230,旅費及び交通費,,,,,8781376,2021-12
2036,1,64,Debit,2021-12-23,お茶代,10E200140,福利厚生費,,,050,九州営業所,18700,0,10B100630,未払金,,,,,4037875,2021-12
2036,1,64,Credit,2021-12-23,お茶代,10B100630,未払金,,,000,共通部門,0,18700,10E200140,福利厚生費,,,,,8800076,2021-12
2037,1,71,Debit,2021-12-23,しめ飾り他,10E201270,雑費,,,010,札幌営業所,4800,0,10A100020,現金,,,,,4060069,2021-12
2037,1,71,Credit,2021-12-23,しめ飾り他,10A100020,現金,,,000,共通部門,0,4800,10E201270,雑費,,,,,87910975,2021-12
2043,1,120,Debit,2021-12-24,業務委託費,10E200020,販売手数料,,,040,大阪支店,735000,0,10B100630,未払金,,,,,17579267,2021-12
2043,1,120,Credit,2021-12-24,業務委託費,10B100630,未払金,,,000,共通部門,0,735000,10E200020,販売手数料,,,,,9535076,2021-12
2044,1,146,Debit,2021-12-24,業務委託費,10E200020,販売手数料,,,050,九州営業所,168000,0,10B100630,未払金,,,,,17747267,2021-12
2044,1,146,Credit,2021-12-24,業務委託費,10B100630,未払金,,,000,共通部門,0,168000,10E200020,販売手数料,,,,,9703076,2021-12
2045,1,154,Debit,2021-12-24,忘年会会費2名,10E200150,交際費,,,050,九州営業所,11429,0,10B100630,未払金,,,,,3218173,2021-12
2045,1,154,Credit,2021-12-24,忘年会会費2名,10B100630,未払金,,,000,共通部門,0,11429,10E200150,交際費,,,,,9714505,2021-12
2045,2,154,Debit,2021-12-24,飲食代 架空店舗015,10E200150,交際費,,,050,九州営業所,30410,0,10B100630,未払金,,,,,3248583,2021-12
2045,2,154,Credit,2021-12-24,飲食代 架空店舗015,10B100630,未払金,,,000,共通部門,0,30410,10E200150,交際費,,,,,9744915,2021-12
2039,1,38,Debit,2021-12-24,宿泊費,10E200140,福利厚生費,,,020,東京支店,58974,0,10B100630,未払金,,,,,4096849,2021-12
2039,1,38,Credit,2021-12-24,宿泊費,10B100630,未払金,,,000,共通部門,0,58974,10E200140,福利厚生費,,,,,9803889,2021-12
2040,1,54,Debit,2021-12-24,高速代,10E201120,車両費,,,020,東京支店,1810,0,10A100020,現金,,,,,5173700,2021-12
2040,1,54,Credit,2021-12-24,高速代,10A100020,現金,,,000,共通部門,0,1810,10E201120,車両費,,,,,87909165,2021-12
2040,2,54,Debit,2021-12-24,ガソリン代,10E201120,車両費,,,020,東京支店,2572,0,10A100020,現金,,,,,5176272,2021-12
2040,2,54,Credit,2021-12-24,ガソリン代,10A100020,現金,,,000,共通部門,0,2572,10E201120,車両費,,,,,87906593,2021-12
2041,1,78,Debit,2021-12-24,業務委託費支払い,10E200020,販売手数料,,,030,名古屋支店,189000,0,10B100630,未払金,,,,,17936267,2021-12
2041,1,78,Credit,2021-12-24,業務委託費支払い,10B100630,未払金,,,000,共通部門,0,189000,10E200020,販売手数料,,,,,9992889,2021-12
2042,1,87,Debit,2021-12-24,携帯代,10E200180,通信費,,,030,名古屋支店,69154,0,10A100020,普通預金,,,,,9599254,2021-12
2042,1,87,Credit,2021-12-24,携帯代,10A100020,普通預金,30,GHI銀行 名古屋,000,共通部門,0,69154,10E200180,通信費,,,,,87837439,2021-12
2052,1,111,Debit,2021-12-25,タクシー代,10E201230,旅費及び交通費,,,040,大阪支店,15000,0,10B100630,未払金,,,,,9720753,2021-12
2052,1,111,Credit,2021-12-25,タクシー代,10B100630,未払金,,,000,共通部門,0,15000,10E201230,旅費及び交通費,,,,,10007889,2021-12
2053,1,117,Debit,2021-12-25,12月25日伝票No396株式会社桜丘百貨店 | 売上伝票=20211130-112;手形番号=R20211225-117-2,10A100060,受取手形,,,000,共通部門,17254140,0,10A100090,売掛金,,,,,78343818,2021-12
2053,1,117,Credit,2021-12-25,12月25日伝票No396株式会社桜丘百貨店 | 売上伝票=20211130-112;手形番号=R20211225-117-2,10A100090,売掛金,2,株式会社桜丘百貨店,000,共通部門,0,17254140,10A100060,受取手形,,,,,22392034,2021-12
2054,1,118,Debit,2021-12-25,12月25日伝票No397株式会社光彩堂商事,10A100020,普通預金,30,GHI銀行 名古屋,000,共通部門,1747797,0,10A100090,売掛金,,,,,89585236,2021-12
2054,1,118,Credit,2021-12-25,12月25日伝票No397株式会社光彩堂商事,10A100090,売掛金,7,株式会社光彩堂商事,000,共通部門,0,1747797,10A100020,普通預金,,,,,20644237,2021-12
2054,2,118,Debit,2021-12-25,12月25日伝票No397株式会社光彩堂商事,10E200690,支払手数料,,,030,名古屋支店,735,0,10A100090,売掛金,,,,,103940,2021-12
2054,2,118,Credit,2021-12-25,12月25日伝票No397株式会社光彩堂商事,10A100090,売掛金,7,株式会社光彩堂商事,000,共通部門,0,735,10E200690,支払手数料,,,,,20643502,2021-12
2055,1,119,Debit,2021-12-25,12月25日伝票No398株式会社杉の木商店,10A100020,普通預金,40,JKL銀行 梅田,000,共通部門,835059,0,10A100090,売掛金,,,,,90420295,2021-12
2055,1,119,Credit,2021-12-25,12月25日伝票No398株式会社杉の木商店,10A100090,売掛金,23,株式会社杉の木商店,000,共通部門,0,835059,10A100020,普通預金,,,,,19808443,2021-12
2055,2,119,Debit,2021-12-25,12月25日伝票No398株式会社杉の木商店,10E200690,支払手数料,,,040,大阪支店,630,0,10A100090,売掛金,,,,,104570,2021-12
2055,2,119,Credit,2021-12-25,12月25日伝票No398株式会社杉の木商店,10A100090,売掛金,23,株式会社杉の木商店,000,共通部門,0,630,10E200690,支払手数料,,,,,19807813,2021-12
2056,1,120,Debit,2021-12-25,12月25日伝票No399株式会社ほのかマート,10A100020,普通預金,10,DEF銀行 駅前,000,共通部門,4566466,0,10A100090,売掛金,,,,,94986761,2021-12
2056,1,120,Credit,2021-12-25,12月25日伝票No399株式会社ほのかマート,10A100090,売掛金,25,株式会社ほのかマート,000,共通部門,0,4566466,10A100020,普通預金,,,,,15241347,2021-12
2056,2,120,Debit,2021-12-25,12月25日伝票No399株式会社ほのかマート,10E200690,支払手数料,,,010,札幌営業所,840,0,10A100090,売掛金,,,,,105410,2021-12
2056,2,120,Credit,2021-12-25,12月25日伝票No399株式会社ほのかマート,10A100090,売掛金,25,株式会社ほのかマート,000,共通部門,0,840,10E200690,支払手数料,,,,,15240507,2021-12
2057,1,121,Debit,2021-12-25,お茶代,10E200140,福利厚生費,,,040,大阪支店,18050,0,10A100020,現金,,,,,4114899,2021-12
2057,1,121,Credit,2021-12-25,お茶代,10A100020,現金,,,000,共通部門,0,18050,10E200140,福利厚生費,,,,,94968711,2021-12
2058,1,139,Debit,2021-12-25,社員夜食代,10E200140,福利厚生費,,,040,大阪支店,68045,0,10B100630,未払金,,,,,4182944,2021-12
2058,1,139,Credit,2021-12-25,社員夜食代,10B100630,未払金,,,000,共通部門,0,68045,10E200140,福利厚生費,,,,,10075934,2021-12
2059,1,160,Debit,2021-12-25,出張旅費,10E201230,旅費及び交通費,,,020,東京支店,73000,0,10A100020,現金,,,,,9793753,2021-12
2059,1,160,Credit,2021-12-25,出張旅費,10A100020,現金,,,000,共通部門,0,73000,10E201230,旅費及び交通費,,,,,94895711,2021-12
2060,1,172,Debit,2021-12-25,業務委託費支払い,10E200020,販売手数料,,,010,札幌営業所,215000,0,10B100630,未払金,,,,,18151267,2021-12
2060,1,172,Credit,2021-12-25,業務委託費支払い,10B100630,未払金,,,000,共通部門,0,215000,10E200020,販売手数料,,,,,10290934,2021-12
2046,1,29,Debit,2021-12-25,携帯電話代,10E200180,通信費,,,010,札幌営業所,49768,0,10A100020,普通預金,,,,,9649022,2021-12
2046,1,29,Credit,2021-12-25,携帯電話代,10A100020,普通預金,10,DEF銀行 駅前,000,共通部門,0,49768,10E200180,通信費,,,,,94845943,2021-12
2047,1,37,Debit,2021-12-25,業務委託費,10E200020,販売手数料,,,020,東京支店,1849000,0,10B100630,未払金,,,,,20000267,2021-12
2047,1,37,Credit,2021-12-25,業務委託費,10B100630,未払金,,,000,共通部門,0,1849000,10E200020,販売手数料,,,,,12139934,2021-12
2048,1,79,Debit,2021-12-25,景品代,10E200140,福利厚生費,,,030,名古屋支店,75983,0,10A100020,現金,,,,,4258927,2021-12
2048,1,79,Credit,2021-12-25,景品代,10A100020,現金,,,000,共通部門,0,75983,10E200140,福利厚生費,,,,,94769960,2021-12
2049,1,90,Debit,2021-12-25,旅費,10E201230,旅費及び交通費,,,030,名古屋支店,15000,0,10A100020,現金,,,,,9808753,2021-12
2049,1,90,Credit,2021-12-25,旅費,10A100020,現金,,,000,共通部門,0,15000,10E201230,旅費及び交通費,,,,,94754960,2021-12
2050,1,92,Debit,2021-12-25,12月給与その他 0001 役員,10E200090,役員報酬,,,020,東京支店,1332869,0,10A100020,普通預金,,,,,15092869,2021-12
2050,1,92,Credit,2021-12-25,12月給与その他 0001 役員,10A100020,普通預金,20,ABC銀行 本店,000,共通部門,0,1332869,10E200090,役員報酬,,,,,93422091,2021-12
2050,2,92,Debit,2021-12-25,12月給与その他 0001 役員,10E200090,役員報酬,,,020,東京支店,120411,0,10B100690,預り金,,,,,15213280,2021-12
2050,2,92,Credit,2021-12-25,12月給与その他 0001 役員,10B100690,預り金,1,保険料,000,共通部門,0,120411,10E200090,役員報酬,,,,,5038982,2021-12
2050,3,92,Debit,2021-12-25,12月給与その他 0001 役員,10E200090,役員報酬,,,020,東京支店,171200,0,10B100690,預り金,,,,,15384480,2021-12
2050,3,92,Credit,2021-12-25,12月給与その他 0001 役員,10B100690,預り金,2,住民税,000,共通部門,0,171200,10E200090,役員報酬,,,,,5210182,2021-12
2050,4,92,Debit,2021-12-25,12月給与その他 0001 役員,10E200090,役員報酬,,,020,東京支店,-44172,0,10B100690,預り金,,,,,15340308,2021-12
2050,4,92,Credit,2021-12-25,12月給与その他 0001 役員,10B100690,預り金,3,源泉税,000,共通部門,0,-44172,10E200090,役員報酬,,,,,5166010,2021-12
2050,5,92,Debit,2021-12-25,12月給与その他 0001 役員,10E200090,役員報酬,,,020,東京支店,133972,0,10B100690,預り金,,,,,15474280,2021-12
2050,5,92,Credit,2021-12-25,12月給与その他 0001 役員,10B100690,預り金,4,貯蓄・保険,000,共通部門,0,133972,10E200090,役員報酬,,,,,5299982,2021-12
2050,6,92,Debit,2021-12-25,12月給与その他 0001 役員,10E200090,役員報酬,,,020,東京支店,5720,0,10B100690,預り金,,,,,15480000,2021-12
2050,6,92,Credit,2021-12-25,12月給与その他 0001 役員,10B100690,預り金,9,その他,000,共通部門,0,5720,10E200090,役員報酬,,,,,5305702,2021-12
2050,7,92,Debit,2021-12-25,12月給与その他 0020 営業部,10E200370,給料及び手当,,,020,東京支店,1423786,0,10A100020,普通預金,,,,,43673134,2021-12
2050,7,92,Credit,2021-12-25,12月給与その他 0020 営業部,10A100020,普通預金,20,ABC銀行 本店,000,共通部門,0,1423786,10E200370,給料及び手当,,,,,91998305,2021-12
2050,8,92,Debit,2021-12-25,12月給与その他 0020 営業部,10E200370,給料及び手当,,,020,東京支店,236045,0,10B100690,預り金,,,,,43909179,2021-12
2050,8,92,Credit,2021-12-25,12月給与その他 0020 営業部,10B100690,預り金,1,保険料,000,共通部門,0,236045,10E200370,給料及び手当,,,,,5541747,2021-12
2050,9,92,Debit,2021-12-25,12月給与その他 0020 営業部,10E200370,給料及び手当,,,020,東京支店,104300,0,10B100690,預り金,,,,,44013479,2021-12
2050,9,92,Credit,2021-12-25,12月給与その他 0020 営業部,10B100690,預り金,2,住民税,000,共通部門,0,104300,10E200370,給料及び手当,,,,,5646047,2021-12
2050,10,92,Debit,2021-12-25,12月給与その他 0020 営業部,10E200370,給料及び手当,,,020,東京支店,-69671,0,10B100690,預り金,,,,,43943808,2021-12
2050,10,92,Credit,2021-12-25,12月給与その他 0020 営業部,10B100690,預り金,3,源泉税,000,共通部門,0,-69671,10E200370,給料及び手当,,,,,5576376,2021-12
2050,11,92,Debit,2021-12-25,12月給与その他 0020 営業部,10E200370,給料及び手当,,,020,東京支店,43305,0,10B100690,預り金,,,,,43987113,2021-12
2050,11,92,Credit,2021-12-25,12月給与その他 0020 営業部,10B100690,預り金,4,貯蓄・保険,000,共通部門,0,43305,10E200370,給料及び手当,,,,,5619681,2021-12
2050,12,92,Debit,2021-12-25,12月給与その他 0020 営業部,10E200370,給料及び手当,,,020,東京支店,54754,0,10B100690,預り金,,,,,44041867,2021-12
2050,12,92,Credit,2021-12-25,12月給与その他 0020 営業部,10B100690,預り金,9,その他,000,共通部門,0,54754,10E200370,給料及び手当,,,,,5674435,2021-12
2050,13,92,Debit,2021-12-25,12月給与その他 1000 札幌営業所,10E200370,給料及び手当,,,010,札幌営業所,586972,0,10A100020,普通預金,,,,,44628839,2021-12
2050,13,92,Credit,2021-12-25,12月給与その他 1000 札幌営業所,10A100020,普通預金,20,ABC銀行 本店,000,共通部門,0,586972,10E200370,給料及び手当,,,,,91411333,2021-12
2050,14,92,Debit,2021-12-25,12月給与その他 1000 札幌営業所,10E200370,給料及び手当,,,010,札幌営業所,103424,0,10B100690,預り金,,,,,44732263,2021-12
2050,14,92,Credit,2021-12-25,12月給与その他 1000 札幌営業所,10B100690,預り金,1,保険料,000,共通部門,0,103424,10E200370,給料及び手当,,,,,5777859,2021-12
2050,15,92,Debit,2021-12-25,12月給与その他 1000 札幌営業所,10E200370,給料及び手当,,,010,札幌営業所,46300,0,10B100690,預り金,,,,,44778563,2021-12
2050,15,92,Credit,2021-12-25,12月給与その他 1000 札幌営業所,10B100690,預り金,2,住民税,000,共通部門,0,46300,10E200370,給料及び手当,,,,,5824159,2021-12
2050,16,92,Debit,2021-12-25,12月給与その他 1000 札幌営業所,10E200370,給料及び手当,,,010,札幌営業所,-19810,0,10B100690,預り金,,,,,44758753,2021-12
2050,16,92,Credit,2021-12-25,12月給与その他 1000 札幌営業所,10B100690,預り金,3,源泉税,000,共通部門,0,-19810,10E200370,給料及び手当,,,,,5804349,2021-12
2050,17,92,Debit,2021-12-25,12月給与その他 1000 札幌営業所,10E200370,給料及び手当,,,010,札幌営業所,50648,0,10B100690,預り金,,,,,44809401,2021-12
2050,17,92,Credit,2021-12-25,12月給与その他 1000 札幌営業所,10B100690,預り金,4,貯蓄・保険,000,共通部門,0,50648,10E200370,給料及び手当,,,,,5854997,2021-12
2050,18,92,Debit,2021-12-25,12月給与その他 1000 札幌営業所,10E200370,給料及び手当,,,010,札幌営業所,38032,0,10B100690,預り金,,,,,44847433,2021-12
2050,18,92,Credit,2021-12-25,12月給与その他 1000 札幌営業所,10B100690,預り金,9,その他,000,共通部門,0,38032,10E200370,給料及び手当,,,,,5893029,2021-12
2050,19,92,Debit,2021-12-25,12月給与その他 3000 名古屋営業所,10E200370,給料及び手当,,,030,名古屋支店,610049,0,10A100020,普通預金,,,,,45457482,2021-12
2050,19,92,Credit,2021-12-25,12月給与その他 3000 名古屋営業所,10A100020,普通預金,20,ABC銀行 本店,000,共通部門,0,610049,10E200370,給料及び手当,,,,,90801284,2021-12
2050,20,92,Debit,2021-12-25,12月給与その他 3000 名古屋営業所,10E200370,給料及び手当,,,030,名古屋支店,96352,0,10B100690,預り金,,,,,45553834,2021-12
2050,20,92,Credit,2021-12-25,12月給与その他 3000 名古屋営業所,10B100690,預り金,1,保険料,000,共通部門,0,96352,10E200370,給料及び手当,,,,,5989381,2021-12
2050,21,92,Debit,2021-12-25,12月給与その他 3000 名古屋営業所,10E200370,給料及び手当,,,030,名古屋支店,42600,0,10B100690,預り金,,,,,45596434,2021-12
2050,21,92,Credit,2021-12-25,12月給与その他 3000 名古屋営業所,10B100690,預り金,2,住民税,000,共通部門,0,42600,10E200370,給料及び手当,,,,,6031981,2021-12
2050,22,92,Debit,2021-12-25,12月給与その他 3000 名古屋営業所,10E200370,給料及び手当,,,030,名古屋支店,-88150,0,10B100690,預り金,,,,,45508284,2021-12
2050,22,92,Credit,2021-12-25,12月給与その他 3000 名古屋営業所,10B100690,預り金,3,源泉税,000,共通部門,0,-88150,10E200370,給料及び手当,,,,,5943831,2021-12
2050,23,92,Debit,2021-12-25,12月給与その他 3000 名古屋営業所,10E200370,給料及び手当,,,030,名古屋支店,40759,0,10B100690,預り金,,,,,45549043,2021-12
2050,23,92,Credit,2021-12-25,12月給与その他 3000 名古屋営業所,10B100690,預り金,4,貯蓄・保険,000,共通部門,0,40759,10E200370,給料及び手当,,,,,5984590,2021-12
2050,24,92,Debit,2021-12-25,12月給与その他 3000 名古屋営業所,10E200370,給料及び手当,,,030,名古屋支店,32905,0,10B100690,預り金,,,,,45581948,2021-12
2050,24,92,Credit,2021-12-25,12月給与その他 3000 名古屋営業所,10B100690,預り金,9,その他,000,共通部門,0,32905,10E200370,給料及び手当,,,,,6017495,2021-12
2050,25,92,Debit,2021-12-25,12月給与その他 4000 大阪支店,10E200370,給料及び手当,,,040,大阪支店,724185,0,10A100020,普通預金,,,,,46306133,2021-12
2050,25,92,Credit,2021-12-25,12月給与その他 4000 大阪支店,10A100020,普通預金,20,ABC銀行 本店,000,共通部門,0,724185,10E200370,給料及び手当,,,,,90077099,2021-12
2050,26,92,Debit,2021-12-25,12月給与その他 4000 大阪支店,10E200370,給料及び手当,,,040,大阪支店,119477,0,10B100690,預り金,,,,,46425610,2021-12
2050,26,92,Credit,2021-12-25,12月給与その他 4000 大阪支店,10B100690,預り金,1,保険料,000,共通部門,0,119477,10E200370,給料及び手当,,,,,6136972,2021-12
2050,27,92,Debit,2021-12-25,12月給与その他 4000 大阪支店,10E200370,給料及び手当,,,040,大阪支店,53400,0,10B100690,預り金,,,,,46479010,2021-12
2050,27,92,Credit,2021-12-25,12月給与その他 4000 大阪支店,10B100690,預り金,2,住民税,000,共通部門,0,53400,10E200370,給料及び手当,,,,,6190372,2021-12
2050,28,92,Debit,2021-12-25,12月給与その他 4000 大阪支店,10E200370,給料及び手当,,,040,大阪支店,-10135,0,10B100690,預り金,,,,,46468875,2021-12
2050,28,92,Credit,2021-12-25,12月給与その他 4000 大阪支店,10B100690,預り金,3,源泉税,000,共通部門,0,-10135,10E200370,給料及び手当,,,,,6180237,2021-12
2050,29,92,Debit,2021-12-25,12月給与その他 4000 大阪支店,10E200370,給料及び手当,,,040,大阪支店,13570,0,10B100690,預り金,,,,,46482445,2021-12
2050,29,92,Credit,2021-12-25,12月給与その他 4000 大阪支店,10B100690,預り金,4,貯蓄・保険,000,共通部門,0,13570,10E200370,給料及び手当,,,,,6193807,2021-12
2050,30,92,Debit,2021-12-25,12月給与その他 4000 大阪支店,10E200370,給料及び手当,,,040,大阪支店,16703,0,10B100690,預り金,,,,,46499148,2021-12
2050,30,92,Credit,2021-12-25,12月給与その他 4000 大阪支店,10B100690,預り金,9,その他,000,共通部門,0,16703,10E200370,給料及び手当,,,,,6210510,2021-12
2050,31,92,Debit,2021-12-25,12月給与その他 5000 九州営業所,10E200370,給料及び手当,,,050,九州営業所,473197,0,10A100020,普通預金,,,,,46972345,2021-12
2050,31,92,Credit,2021-12-25,12月給与その他 5000 九州営業所,10A100020,普通預金,20,ABC銀行 本店,000,共通部門,0,473197,10E200370,給料及び手当,,,,,89603902,2021-12
2050,32,92,Debit,2021-12-25,12月給与その他 5000 九州営業所,10E200370,給料及び手当,,,050,九州営業所,67268,0,10B100690,預り金,,,,,47039613,2021-12
2050,32,92,Credit,2021-12-25,12月給与その他 5000 九州営業所,10B100690,預り金,1,保険料,000,共通部門,0,67268,10E200370,給料及び手当,,,,,6277778,2021-12
2050,33,92,Debit,2021-12-25,12月給与その他 5000 九州営業所,10E200370,給料及び手当,,,050,九州営業所,31700,0,10B100690,預り金,,,,,47071313,2021-12
2050,33,92,Credit,2021-12-25,12月給与その他 5000 九州営業所,10B100690,預り金,2,住民税,000,共通部門,0,31700,10E200370,給料及び手当,,,,,6309478,2021-12
2050,34,92,Debit,2021-12-25,12月給与その他 5000 九州営業所,10E200370,給料及び手当,,,050,九州営業所,-44039,0,10B100690,預り金,,,,,47027274,2021-12
2050,34,92,Credit,2021-12-25,12月給与その他 5000 九州営業所,10B100690,預り金,3,源泉税,000,共通部門,0,-44039,10E200370,給料及び手当,,,,,6265439,2021-12
2050,35,92,Debit,2021-12-25,12月給与その他 5000 九州営業所,10E200370,給料及び手当,,,050,九州営業所,18540,0,10B100690,預り金,,,,,47045814,2021-12
2050,35,92,Credit,2021-12-25,12月給与その他 5000 九州営業所,10B100690,預り金,4,貯蓄・保険,000,共通部門,0,18540,10E200370,給料及び手当,,,,,6283979,2021-12
2050,36,92,Debit,2021-12-25,12月給与その他 5000 九州営業所,10E200370,給料及び手当,,,050,九州営業所,13158,0,10B100690,預り金,,,,,47058972,2021-12
2050,36,92,Credit,2021-12-25,12月給与その他 5000 九州営業所,10B100690,預り金,9,その他,000,共通部門,0,13158,10E200370,給料及び手当,,,,,6297137,2021-12
2051,1,93,Debit,2021-12-25,12月賞与その他 0020 営業部,10B100320,賞与引当金,,,020,東京支店,2083153,0,10A100020,普通預金,,,,,3783513,2021-12
2051,1,93,Credit,2021-12-25,12月賞与その他 0020 営業部,10A100020,普通預金,20,ABC銀行 本店,000,共通部門,0,2083153,10B100320,賞与引当金,,,,,87520749,2021-12
2051,2,93,Debit,2021-12-25,12月賞与その他 0020 営業部,10B100320,賞与引当金,,,020,東京支店,324331,0,10B100690,預り金,,,,,3459182,2021-12
2051,2,93,Credit,2021-12-25,12月賞与その他 0020 営業部,10B100690,預り金,1,保険料,000,共通部門,0,324331,10B100320,賞与引当金,,,,,6621468,2021-12
2051,3,93,Debit,2021-12-25,12月賞与その他 0020 営業部,10B100320,賞与引当金,,,020,東京支店,286256,0,10B100690,預り金,,,,,3172926,2021-12
2051,3,93,Credit,2021-12-25,12月賞与その他 0020 営業部,10B100690,預り金,3,源泉税,000,共通部門,0,286256,10B100320,賞与引当金,,,,,6907724,2021-12
2051,4,93,Debit,2021-12-25,12月賞与その他 0020 営業部,10B100320,賞与引当金,,,020,東京支店,16260,0,10B100690,預り金,,,,,3156666,2021-12
2051,4,93,Credit,2021-12-25,12月賞与その他 0020 営業部,10B100690,預り金,9,その他,000,共通部門,0,16260,10B100320,賞与引当金,,,,,6923984,2021-12
2051,5,93,Debit,2021-12-25,12月賞与その他 1000 札幌営業所,10B100320,賞与引当金,,,010,札幌営業所,904516,0,10A100020,普通預金,,,,,2252150,2021-12
2051,5,93,Credit,2021-12-25,12月賞与その他 1000 札幌営業所,10A100020,普通預金,20,ABC銀行 本店,000,共通部門,0,904516,10B100320,賞与引当金,,,,,86616233,2021-12
2051,6,93,Debit,2021-12-25,12月賞与その他 1000 札幌営業所,10B100320,賞与引当金,,,010,札幌営業所,135169,0,10B100690,預り金,,,,,2116981,2021-12
2051,6,93,Credit,2021-12-25,12月賞与その他 1000 札幌営業所,10B100690,預り金,1,保険料,000,共通部門,0,135169,10B100320,賞与引当金,,,,,7059153,2021-12
2051,7,93,Debit,2021-12-25,12月賞与その他 1000 札幌営業所,10B100320,賞与引当金,,,010,札幌営業所,93475,0,10B100690,預り金,,,,,2023506,2021-12
2051,7,93,Credit,2021-12-25,12月賞与その他 1000 札幌営業所,10B100690,預り金,3,源泉税,000,共通部門,0,93475,10B100320,賞与引当金,,,,,7152628,2021-12
2051,8,93,Debit,2021-12-25,12月賞与その他 1000 札幌営業所,10B100320,賞与引当金,,,010,札幌営業所,6840,0,10B100690,預り金,,,,,2016666,2021-12
2051,8,93,Credit,2021-12-25,12月賞与その他 1000 札幌営業所,10B100690,預り金,9,その他,000,共通部門,0,6840,10B100320,賞与引当金,,,,,7159468,2021-12
2051,9,93,Debit,2021-12-25,12月賞与その他 3000 名古屋営業所,10B100320,賞与引当金,,,030,名古屋支店,841345,0,10A100020,普通預金,,,,,1175321,2021-12
2051,9,93,Credit,2021-12-25,12月賞与その他 3000 名古屋営業所,10A100020,普通預金,20,ABC銀行 本店,000,共通部門,0,841345,10B100320,賞与引当金,,,,,85774888,2021-12
2051,10,93,Debit,2021-12-25,12月賞与その他 3000 名古屋営業所,10B100320,賞与引当金,,,030,名古屋支店,128711,0,10B100690,預り金,,,,,1046610,2021-12
2051,10,93,Credit,2021-12-25,12月賞与その他 3000 名古屋営業所,10B100690,預り金,1,保険料,000,共通部門,0,128711,10B100320,賞与引当金,,,,,7288179,2021-12
2051,11,93,Debit,2021-12-25,12月賞与その他 3000 名古屋営業所,10B100320,賞与引当金,,,030,名古屋支店,93524,0,10B100690,預り金,,,,,953086,2021-12
2051,11,93,Credit,2021-12-25,12月賞与その他 3000 名古屋営業所,10B100690,預り金,3,源泉税,000,共通部門,0,93524,10B100320,賞与引当金,,,,,7381703,2021-12
2051,12,93,Debit,2021-12-25,12月賞与その他 3000 名古屋営業所,10B100320,賞与引当金,,,030,名古屋支店,6420,0,10B100690,預り金,,,,,946666,2021-12
2051,12,93,Credit,2021-12-25,12月賞与その他 3000 名古屋営業所,10B100690,預り金,9,その他,000,共通部門,0,6420,10B100320,賞与引当金,,,,,7388123,2021-12
2051,13,93,Debit,2021-12-25,12月賞与その他 4000 大阪支店,10B100320,賞与引当金,,,040,大阪支店,986621,0,10A100020,普通預金,,,,,-39955,2021-12
2051,13,93,Credit,2021-12-25,12月賞与その他 4000 大阪支店,10A100020,普通預金,20,ABC銀行 本店,000,共通部門,0,986621,10B100320,賞与引当金,,,,,84788267,2021-12
2051,14,93,Debit,2021-12-25,12月賞与その他 4000 大阪支店,10B100320,賞与引当金,,,040,大阪支店,154156,0,10B100690,預り金,,,,,-194111,2021-12
2051,14,93,Credit,2021-12-25,12月賞与その他 4000 大阪支店,10B100690,預り金,1,保険料,000,共通部門,0,154156,10B100320,賞与引当金,,,,,7542279,2021-12
2051,15,93,Debit,2021-12-25,12月賞与その他 4000 大阪支店,10B100320,賞与引当金,,,040,大阪支店,151423,0,10B100690,預り金,,,,,-345534,2021-12
2051,15,93,Credit,2021-12-25,12月賞与その他 4000 大阪支店,10B100690,預り金,3,源泉税,000,共通部門,0,151423,10B100320,賞与引当金,,,,,7693702,2021-12
2051,16,93,Debit,2021-12-25,12月賞与その他 4000 大阪支店,10B100320,賞与引当金,,,040,大阪支店,7800,0,10B100690,預り金,,,,,-353334,2021-12
2051,16,93,Credit,2021-12-25,12月賞与その他 4000 大阪支店,10B100690,預り金,9,その他,000,共通部門,0,7800,10B100320,賞与引当金,,,,,7701502,2021-12
2051,17,93,Debit,2021-12-25,12月賞与その他 5000 九州営業所,10B100320,賞与引当金,,,050,九州営業所,641658,0,10A100020,普通預金,,,,,-994992,2021-12
2051,17,93,Credit,2021-12-25,12月賞与その他 5000 九州営業所,10A100020,普通預金,20,ABC銀行 本店,000,共通部門,0,641658,10B100320,賞与引当金,,,,,84146609,2021-12
2051,18,93,Debit,2021-12-25,12月賞与その他 5000 九州営業所,10B100320,賞与引当金,,,050,九州営業所,95104,0,10B100690,預り金,,,,,-1090096,2021-12
2051,18,93,Credit,2021-12-25,12月賞与その他 5000 九州営業所,10B100690,預り金,1,保険料,000,共通部門,0,95104,10B100320,賞与引当金,,,,,7796606,2021-12
2051,19,93,Debit,2021-12-25,12月賞与その他 5000 九州営業所,10B100320,賞与引当金,,,050,九州営業所,78318,0,10B100690,預り金,,,,,-1168414,2021-12
2051,19,93,Credit,2021-12-25,12月賞与その他 5000 九州営業所,10B100690,預り金,3,源泉税,000,共通部門,0,78318,10B100320,賞与引当金,,,,,7874924,2021-12
2051,20,93,Debit,2021-12-25,12月賞与その他 5000 九州営業所,10B100320,賞与引当金,,,050,九州営業所,4920,0,10B100690,預り金,,,,,-1173334,2021-12
2051,20,93,Credit,2021-12-25,12月賞与その他 5000 九州営業所,10B100690,預り金,9,その他,000,共通部門,0,4920,10B100320,賞与引当金,,,,,7879844,2021-12
2061,1,990009,Debit,2021-12-25,サンプル定義：賞与半年均等引当 202112 部門010,10E200130,賞与,,,010,札幌営業所,190000,0,10B100320,賞与引当金,,,,,8077666,2021-12
2061,1,990009,Credit,2021-12-25,サンプル定義：賞与半年均等引当 202112 部門010,10B100320,賞与引当金,,,010,札幌営業所,0,190000,10E200130,賞与,,,,,-983334,2021-12
2061,2,990009,Debit,2021-12-25,サンプル定義：賞与半年均等引当 202112 部門020,10E200130,賞与,,,020,東京支店,451667,0,10B100320,賞与引当金,,,,,8529333,2021-12
2061,2,990009,Credit,2021-12-25,サンプル定義：賞与半年均等引当 202112 部門020,10B100320,賞与引当金,,,020,東京支店,0,451667,10E200130,賞与,,,,,-531667,2021-12
2061,3,990009,Debit,2021-12-25,サンプル定義：賞与半年均等引当 202112 部門030,10E200130,賞与,,,030,名古屋支店,178333,0,10B100320,賞与引当金,,,,,8707666,2021-12
2061,3,990009,Credit,2021-12-25,サンプル定義：賞与半年均等引当 202112 部門030,10B100320,賞与引当金,,,030,名古屋支店,0,178333,10E200130,賞与,,,,,-353334,2021-12
2061,4,990009,Debit,2021-12-25,サンプル定義：賞与半年均等引当 202112 部門040,10E200130,賞与,,,040,大阪支店,216667,0,10B100320,賞与引当金,,,,,8924333,2021-12
2061,4,990009,Credit,2021-12-25,サンプル定義：賞与半年均等引当 202112 部門040,10B100320,賞与引当金,,,040,大阪支店,0,216667,10E200130,賞与,,,,,-136667,2021-12
2061,5,990009,Debit,2021-12-25,サンプル定義：賞与半年均等引当 202112 部門050,10E200130,賞与,,,050,九州営業所,136667,0,10B100320,賞与引当金,,,,,9061000,2021-12
2061,5,990009,Credit,2021-12-25,サンプル定義：賞与半年均等引当 202112 部門050,10B100320,賞与引当金,,,050,九州営業所,0,136667,10E200130,賞与,,,,,0,2021-12
2066,1,113,Debit,2021-12-26,携帯代,10E200180,通信費,,,040,大阪支店,90583,0,10A100020,普通預金,,,,,9739605,2021-12
2066,1,113,Credit,2021-12-26,携帯代,10A100020,普通預金,40,JKL銀行 梅田,000,共通部門,0,90583,10E200180,通信費,,,,,84056026,2021-12
2067,1,165,Debit,2021-12-26,しめ飾り代他,10E201270,雑費,,,050,九州営業所,4762,0,10A100020,現金,,,,,4064831,2021-12
2067,1,165,Credit,2021-12-26,しめ飾り代他,10A100020,現金,,,000,共通部門,0,4762,10E201270,雑費,,,,,84051264,2021-12
2067,2,165,Debit,2021-12-26,洗剤他,10E201270,雑費,,,050,九州営業所,1146,0,10A100020,現金,,,,,4065977,2021-12
2067,2,165,Credit,2021-12-26,洗剤他,10A100020,現金,,,000,共通部門,0,1146,10E201270,雑費,,,,,84050118,2021-12
2062,1,39,Debit,2021-12-26,会費,10E200140,福利厚生費,,,020,東京支店,9000,0,10A100020,現金,,,,,4267927,2021-12
2062,1,39,Credit,2021-12-26,会費,10A100020,現金,,,000,共通部門,0,9000,10E200140,福利厚生費,,,,,84041118,2021-12
2063,1,49,Debit,2021-12-26,ガソリン代,10E201120,車両費,,,020,東京支店,123000,0,10A100020,現金,,,,,5299272,2021-12
2063,1,49,Credit,2021-12-26,ガソリン代,10A100020,現金,,,000,共通部門,0,123000,10E201120,車両費,,,,,83918118,2021-12
2063,2,49,Debit,2021-12-26,駐車代,10E201120,車両費,,,020,東京支店,2620,0,10A100020,現金,,,,,5301892,2021-12
2063,2,49,Credit,2021-12-26,駐車代,10A100020,現金,,,000,共通部門,0,2620,10E201120,車両費,,,,,83915498,2021-12
2063,3,49,Debit,2021-12-26,高速代,10E201120,車両費,,,020,東京支店,1191,0,10A100020,現金,,,,,5303083,2021-12
2063,3,49,Credit,2021-12-26,高速代,10A100020,現金,,,000,共通部門,0,1191,10E201120,車両費,,,,,83914307,2021-12
2064,1,62,Debit,2021-12-26,携帯代,10E200180,通信費,,,020,東京支店,93574,0,10A100020,普通預金,,,,,9833179,2021-12
2064,1,62,Credit,2021-12-26,携帯代,10A100020,普通預金,20,ABC銀行 本店,000,共通部門,0,93574,10E200180,通信費,,,,,83820733,2021-12
2065,1,81,Debit,2021-12-26,お茶代,10E200140,福利厚生費,,,030,名古屋支店,26540,0,10B100630,未払金,,,,,4294467,2021-12
2065,1,81,Credit,2021-12-26,お茶代,10B100630,未払金,,,000,共通部門,0,26540,10E200140,福利厚生費,,,,,12166474,2021-12
2068,1,13,Debit,2021-12-27,ガソリン代,10E201120,車両費,,,010,札幌営業所,13000,0,10A100020,現金,,,,,5316083,2021-12
2068,1,13,Credit,2021-12-27,ガソリン代,10A100020,現金,,,000,共通部門,0,13000,10E201120,車両費,,,,,83807733,2021-12
2069,1,14,Debit,2021-12-27,洗車代,10E201120,車両費,,,010,札幌営業所,3000,0,10A100020,現金,,,,,5319083,2021-12
2069,1,14,Credit,2021-12-27,洗車代,10A100020,現金,,,000,共通部門,0,3000,10E201120,車両費,,,,,83804733,2021-12
2071,1,148,Debit,2021-12-27,ガソリン代,10E201120,車両費,,,050,九州営業所,5422,0,10A100020,現金,,,,,5324505,2021-12
2071,1,148,Credit,2021-12-27,ガソリン代,10A100020,現金,,,000,共通部門,0,5422,10E201120,車両費,,,,,83799311,2021-12
2071,2,148,Debit,2021-12-27,洗車代,10E201120,車両費,,,050,九州営業所,1000,0,10A100020,現金,,,,,5325505,2021-12
2071,2,148,Credit,2021-12-27,洗車代,10A100020,現金,,,000,共通部門,0,1000,10E201120,車両費,,,,,83798311,2021-12
2072,1,161,Debit,2021-12-27,旅費,10E201230,旅費及び交通費,,,050,九州営業所,9750,0,10A100020,現金,,,,,9818503,2021-12
2072,1,161,Credit,2021-12-27,旅費,10A100020,現金,,,000,共通部門,0,9750,10E201230,旅費及び交通費,,,,,83788561,2021-12
2073,1,171,Debit,2021-12-27,携帯代,10E200180,通信費,,,050,九州営業所,96473,0,10A100020,普通預金,,,,,9929652,2021-12
2073,1,171,Credit,2021-12-27,携帯代,10A100020,普通預金,50,MNO銀行 北九州,000,共通部門,0,96473,10E200180,通信費,,,,,83692088,2021-12
2070,1,30,Debit,2021-12-27,保険料支払,10E200240,保険料,,,010,札幌営業所,54320,0,10A100020,普通預金,,,,,2604880,2021-12
2070,1,30,Credit,2021-12-27,保険料支払,10A100020,普通預金,10,DEF銀行 駅前,000,共通部門,0,54320,10E200240,保険料,,,,,83637768,2021-12
2074,1,1,Debit,2021-12-28,運賃 架空運送会社B,10E200870,運賃,,,010,札幌営業所,582300,0,10B100630,未払金,,,,,30637241,2021-12
2074,1,1,Credit,2021-12-28,運賃 架空運送会社B,10B100630,未払金,,,000,共通部門,0,582300,10E200870,運賃,,,,,12748774,2021-12
2084,1,108,Debit,2021-12-28,食事代 架空店舗005 3名,10E200150,交際費,,,040,大阪支店,2260,0,10A100020,現金,,,,,3250843,2021-12
2084,1,108,Credit,2021-12-28,食事代 架空店舗005 3名,10A100020,現金,,,000,共通部門,0,2260,10E200150,交際費,,,,,83635508,2021-12
2085,1,145,Debit,2021-12-28,運賃,10E200870,運賃,,,050,九州営業所,325200,0,10B100630,未払金,,,,,30962441,2021-12
2085,1,145,Credit,2021-12-28,運賃,10B100630,未払金,,,000,共通部門,0,325200,10E200870,運賃,,,,,13073974,2021-12
2076,1,27,Debit,2021-12-28,旅費,10E201230,旅費及び交通費,,,010,札幌営業所,26667,0,10A100020,現金,,,,,9845170,2021-12
2076,1,27,Credit,2021-12-28,旅費,10A100020,現金,,,000,共通部門,0,26667,10E201230,旅費及び交通費,,,,,83608841,2021-12
2076,2,27,Debit,2021-12-28,旅費,10E201230,旅費及び交通費,,,010,札幌営業所,29524,0,10A100020,現金,,,,,9874694,2021-12
2076,2,27,Credit,2021-12-28,旅費,10A100020,現金,,,000,共通部門,0,29524,10E201230,旅費及び交通費,,,,,83579317,2021-12
2076,3,27,Debit,2021-12-28,旅費,10E201230,旅費及び交通費,,,010,札幌営業所,21429,0,10A100020,現金,,,,,9896123,2021-12
2076,3,27,Credit,2021-12-28,旅費,10A100020,現金,,,000,共通部門,0,21429,10E201230,旅費及び交通費,,,,,83557888,2021-12
2077,1,36,Debit,2021-12-28,運賃 架空運送会社A,10E200870,運賃,,,020,東京支店,2737239,0,10B100630,未払金,,,,,33699680,2021-12
2077,1,36,Credit,2021-12-28,運賃 架空運送会社A,10B100630,未払金,,,000,共通部門,0,2737239,10E200870,運賃,,,,,15811213,2021-12
2077,2,36,Debit,2021-12-28,運賃 架空運送会社B,10E200870,運賃,,,020,東京支店,1669467,0,10B100630,未払金,,,,,35369147,2021-12
2077,2,36,Credit,2021-12-28,運賃 架空運送会社B,10B100630,未払金,,,000,共通部門,0,1669467,10E200870,運賃,,,,,17480680,2021-12
2078,1,40,Debit,2021-12-28,広告掲載,10E200050,広告宣伝費,,,020,東京支店,50000,0,10B100630,未払金,,,,,1551700,2021-12
2078,1,40,Credit,2021-12-28,広告掲載,10B100630,未払金,,,000,共通部門,0,50000,10E200050,広告宣伝費,,,,,17530680,2021-12
2075,1,5,Debit,2021-12-28,広告費,10E200050,広告宣伝費,,,010,札幌営業所,52500,0,10A100020,普通預金,,,,,1604200,2021-12
2075,1,5,Credit,2021-12-28,広告費,10A100020,普通預金,10,DEF銀行 駅前,000,共通部門,0,52500,10E200050,広告宣伝費,,,,,83505388,2021-12
2079,1,55,Debit,2021-12-28,車両管理費,10E201120,車両費,,,020,東京支店,12000,0,10A100020,現金,,,,,5337505,2021-12
2079,1,55,Credit,2021-12-28,車両管理費,10A100020,現金,,,000,共通部門,0,12000,10E201120,車両費,,,,,83493388,2021-12
2080,1,67,Debit,2021-12-28,会費支払い,10E201140,諸会費,,,020,東京支店,30000,0,10A100020,現金,,,,,1044000,2021-12
2080,1,67,Credit,2021-12-28,会費支払い,10A100020,現金,,,000,共通部門,0,30000,10E201140,諸会費,,,,,83463388,2021-12
2081,1,77,Debit,2021-12-28,運賃,10E200870,運賃,,,030,名古屋支店,351350,0,10B100630,未払金,,,,,35720497,2021-12
2081,1,77,Credit,2021-12-28,運賃,10B100630,未払金,,,000,共通部門,0,351350,10E200870,運賃,,,,,17882030,2021-12
2082,1,83,Debit,2021-12-28,車両管理費,10E201120,車両費,,,030,名古屋支店,48762,0,10A100020,現金,,,,,5386267,2021-12
2082,1,83,Credit,2021-12-28,車両管理費,10A100020,現金,,,000,共通部門,0,48762,10E201120,車両費,,,,,83414626,2021-12
2082,2,83,Debit,2021-12-28,ガソリン代,10E201120,車両費,,,030,名古屋支店,18573,0,10A100020,現金,,,,,5404840,2021-12
2082,2,83,Credit,2021-12-28,ガソリン代,10A100020,現金,,,000,共通部門,0,18573,10E201120,車両費,,,,,83396053,2021-12
2083,1,99,Debit,2021-12-28,運賃,10E200870,運賃,,,040,大阪支店,1645710,0,10B100630,未払金,,,,,37366207,2021-12
2083,1,99,Credit,2021-12-28,運賃,10B100630,未払金,,,000,共通部門,0,1645710,10E200870,運賃,,,,,19527740,2021-12
2086,1,151,Debit,2021-12-29,資金移動,10A100020,普通預金,20,ABC銀行 本店,000,共通部門,5000000,0,10A100020,普通預金,,,,,88396053,2021-12
2086,1,151,Credit,2021-12-29,資金移動,10A100020,普通預金,10,DEF銀行 駅前,000,共通部門,0,5000000,10A100020,普通預金,,,,,83396053,2021-12
2086,2,151,Debit,2021-12-29,資金移動,10A100020,普通預金,20,ABC銀行 本店,000,共通部門,6000000,0,10A100020,普通預金,,,,,89396053,2021-12
2086,2,151,Credit,2021-12-29,資金移動,10A100020,普通預金,30,GHI銀行 名古屋,000,共通部門,0,6000000,10A100020,普通預金,,,,,83396053,2021-12
2086,3,151,Debit,2021-12-29,資金移動,10A100020,普通預金,20,ABC銀行 本店,000,共通部門,4500000,0,10A100020,普通預金,,,,,87896053,2021-12
2086,3,151,Credit,2021-12-29,資金移動,10A100020,普通預金,40,JKL銀行 梅田,000,共通部門,0,4500000,10A100020,普通預金,,,,,83396053,2021-12
2086,4,151,Debit,2021-12-29,資金移動,10A100020,普通預金,20,ABC銀行 本店,000,共通部門,2500000,0,10A100020,普通預金,,,,,85896053,2021-12
2086,4,151,Credit,2021-12-29,資金移動,10A100020,普通預金,50,MNO銀行 北九州,000,共通部門,0,2500000,10A100020,普通預金,,,,,83396053,2021-12
2089,1,100,Debit,2021-12-30,会費,10E200140,福利厚生費,,,040,大阪支店,6000,0,10A100020,現金,,,,,4300467,2021-12
2089,1,100,Credit,2021-12-30,会費,10A100020,現金,,,000,共通部門,0,6000,10E200140,福利厚生費,,,,,83390053,2021-12
2090,1,109,Debit,2021-12-30,ガソリン代,10E201120,車両費,,,040,大阪支店,61694,0,10B100630,未払金,,,,,5466534,2021-12
2090,1,109,Credit,2021-12-30,ガソリン代,10B100630,未払金,,,000,共通部門,0,61694,10E201120,車両費,,,,,19589434,2021-12
2091,1,115,Debit,2021-12-30,保険料,10E200240,保険料,,,040,大阪支店,64500,0,10A100020,普通預金,,,,,2669380,2021-12
2091,1,115,Credit,2021-12-30,保険料,10A100020,普通預金,40,JKL銀行 梅田,000,共通部門,0,64500,10E200240,保険料,,,,,83325553,2021-12
2092,1,128,Debit,2021-12-30,収入印紙,10E200210,租税公課,,,010,札幌営業所,10000,0,10A100020,現金,,,,,239000,2021-12
2092,1,128,Credit,2021-12-30,収入印紙,10A100020,現金,,,000,共通部門,0,10000,10E200210,租税公課,,,,,83315553,2021-12
2093,1,137,Debit,2021-12-30,有線,10E201270,雑費,,,040,大阪支店,6000,0,10B100630,未払金,,,,,4071977,2021-12
2093,1,137,Credit,2021-12-30,有線,10B100630,未払金,,,000,共通部門,0,6000,10E201270,雑費,,,,,19595434,2021-12
2093,2,137,Debit,2021-12-30,警備料,10E201270,雑費,,,040,大阪支店,42858,0,10B100630,未払金,,,,,4114835,2021-12
2093,2,137,Credit,2021-12-30,警備料,10B100630,未払金,,,000,共通部門,0,42858,10E201270,雑費,,,,,19638292,2021-12
2093,3,137,Debit,2021-12-30,高速料,10E201120,車両費,,,040,大阪支店,53315,0,10A100020,普通預金,,,,,5519849,2021-12
2093,3,137,Credit,2021-12-30,高速料,10A100020,普通預金,40,JKL銀行 梅田,000,共通部門,0,53315,10E201120,車両費,,,,,83262238,2021-12
2093,4,137,Debit,2021-12-30,清掃料,10E201270,雑費,,,040,大阪支店,73500,0,10B100630,未払金,,,,,4188335,2021-12
2093,4,137,Credit,2021-12-30,清掃料,10B100630,未払金,,,000,共通部門,0,73500,10E201270,雑費,,,,,19711792,2021-12
2094,1,138,Debit,2021-12-30,駐車場代,10E201120,車両費,,,040,大阪支店,3410,0,10A100020,現金,,,,,5523259,2021-12
2094,1,138,Credit,2021-12-30,駐車場代,10A100020,現金,,,000,共通部門,0,3410,10E201120,車両費,,,,,83258828,2021-12
2094,2,138,Debit,2021-12-30,高速代,10E201120,車両費,,,040,大阪支店,2524,0,10A100020,現金,,,,,5525783,2021-12
2094,2,138,Credit,2021-12-30,高速代,10A100020,現金,,,000,共通部門,0,2524,10E201120,車両費,,,,,83256304,2021-12
2094,3,138,Debit,2021-12-30,高速代,10E201120,車両費,,,040,大阪支店,3667,0,10A100020,現金,,,,,5529450,2021-12
2094,3,138,Credit,2021-12-30,高速代,10A100020,現金,,,000,共通部門,0,3667,10E201120,車両費,,,,,83252637,2021-12
2094,4,138,Debit,2021-12-30,高速代,10E201120,車両費,,,040,大阪支店,1096,0,10A100020,現金,,,,,5530546,2021-12
2094,4,138,Credit,2021-12-30,高速代,10A100020,現金,,,000,共通部門,0,1096,10E201120,車両費,,,,,83251541,2021-12
2094,5,138,Debit,2021-12-30,高速代,10E201120,車両費,,,040,大阪支店,3000,0,10A100020,現金,,,,,5533546,2021-12
2094,5,138,Credit,2021-12-30,高速代,10A100020,現金,,,000,共通部門,0,3000,10E201120,車両費,,,,,83248541,2021-12
2094,6,138,Debit,2021-12-30,高速代,10E201120,車両費,,,040,大阪支店,1096,0,10A100020,現金,,,,,5534642,2021-12
2094,6,138,Credit,2021-12-30,高速代,10A100020,現金,,,000,共通部門,0,1096,10E201120,車両費,,,,,83247445,2021-12
2094,7,138,Debit,2021-12-30,ガソリン代,10E201120,車両費,,,040,大阪支店,3810,0,10A100020,現金,,,,,5538452,2021-12
2094,7,138,Credit,2021-12-30,ガソリン代,10A100020,現金,,,000,共通部門,0,3810,10E201120,車両費,,,,,83243635,2021-12
2095,1,155,Debit,2021-12-30,車両管理費,10E201120,車両費,,,050,九州営業所,25000,0,10A100020,現金,,,,,5563452,2021-12
2095,1,155,Credit,2021-12-30,車両管理費,10A100020,現金,,,000,共通部門,0,25000,10E201120,車両費,,,,,83218635,2021-12
2087,1,70,Debit,2021-12-30,有線,10E201270,雑費,,,020,東京支店,6000,0,10B100630,未払金,,,,,4194335,2021-12
2087,1,70,Credit,2021-12-30,有線,10B100630,未払金,,,000,共通部門,0,6000,10E201270,雑費,,,,,19717792,2021-12
2087,2,70,Debit,2021-12-30,警備料,10E201270,雑費,,,020,東京支店,52381,0,10B100630,未払金,,,,,4246716,2021-12
2087,2,70,Credit,2021-12-30,警備料,10B100630,未払金,,,000,共通部門,0,52381,10E201270,雑費,,,,,19770173,2021-12
2087,3,70,Debit,2021-12-30,高速料,10E201120,車両費,,,020,東京支店,53600,0,10A100020,普通預金,,,,,5617052,2021-12
2087,3,70,Credit,2021-12-30,高速料,10A100020,普通預金,20,ABC銀行 本店,000,共通部門,0,53600,10E201120,車両費,,,,,83165035,2021-12
2087,4,70,Debit,2021-12-30,清掃料,10E201270,雑費,,,020,東京支店,73500,0,10B100630,未払金,,,,,4320216,2021-12
2087,4,70,Credit,2021-12-30,清掃料,10B100630,未払金,,,000,共通部門,0,73500,10E201270,雑費,,,,,19843673,2021-12
2088,1,96,Debit,2021-12-30,警備料,10E201270,雑費,,,030,名古屋支店,22470,0,10A100020,普通預金,,,,,4342686,2021-12
2088,1,96,Credit,2021-12-30,警備料,10A100020,普通預金,30,GHI銀行 名古屋,000,共通部門,0,22470,10E201270,雑費,,,,,83142565,2021-12
2102,1,121,Debit,2021-12-31,12月1日～12月31日分売上,10A100090,売掛金,14,株式会社花咲商事,000,共通部門,2823042,0,10D100100,総売上高,,,,,18063549,2021-12
2102,1,121,Credit,2021-12-31,12月1日～12月31日分売上,10D100100,総売上高,,,010,札幌営業所,0,2823042,10A100090,売掛金,,,,,505638473,2021-12
2102,2,121,Debit,2021-12-31,12月1日～12月31日分売上,10A100090,売掛金,25,株式会社ほのかマート,000,共通部門,6207618,0,10D100100,総売上高,,,,,24271167,2021-12
2102,2,121,Credit,2021-12-31,12月1日～12月31日分売上,10D100100,総売上高,,,010,札幌営業所,0,6207618,10A100090,売掛金,,,,,511846091,2021-12
2102,3,121,Debit,2021-12-31,12月1日～12月31日分売上,10A100090,売掛金,5,東雲商会株式会社,000,共通部門,1585172,0,10D100100,総売上高,,,,,25856339,2021-12
2102,3,121,Credit,2021-12-31,12月1日～12月31日分売上,10D100100,総売上高,,,010,札幌営業所,0,1585172,10A100090,売掛金,,,,,513431263,2021-12
2103,1,122,Debit,2021-12-31,12月1日～12月31日分売上,10A100090,売掛金,2,株式会社桜丘百貨店,000,共通部門,20467436,0,10D100100,総売上高,,,,,46323775,2021-12
2103,1,122,Credit,2021-12-31,12月1日～12月31日分売上,10D100100,総売上高,,,020,東京支店,0,20467436,10A100090,売掛金,,,,,533898699,2021-12
2103,2,122,Debit,2021-12-31,12月1日～12月31日分売上,10A100090,売掛金,12,株式会社緑野百貨店,000,共通部門,17510543,0,10D100100,総売上高,,,,,63834318,2021-12
2103,2,122,Credit,2021-12-31,12月1日～12月31日分売上,10D100100,総売上高,,,020,東京支店,0,17510543,10A100090,売掛金,,,,,551409242,2021-12
2103,3,122,Debit,2021-12-31,12月1日～12月31日分売上,10A100090,売掛金,13,星川商事株式会社,000,共通部門,1632272,0,10D100100,総売上高,,,,,65466590,2021-12
2103,3,122,Credit,2021-12-31,12月1日～12月31日分売上,10D100100,総売上高,,,020,東京支店,0,1632272,10A100090,売掛金,,,,,553041514,2021-12
2103,4,122,Debit,2021-12-31,12月1日～12月31日分売上,10A100090,売掛金,30,株式会社彩雲トレーディング,000,共通部門,2107935,0,10D100100,総売上高,,,,,67574525,2021-12
2103,4,122,Credit,2021-12-31,12月1日～12月31日分売上,10D100100,総売上高,,,020,東京支店,0,2107935,10A100090,売掛金,,,,,555149449,2021-12
2103,5,122,Debit,2021-12-31,12月1日～12月31日分売上,10A100090,売掛金,14,株式会社花咲商事,000,共通部門,3452470,0,10D100100,総売上高,,,,,71026995,2021-12
2103,5,122,Credit,2021-12-31,12月1日～12月31日分売上,10D100100,総売上高,,,020,東京支店,0,3452470,10A100090,売掛金,,,,,558601919,2021-12
2103,6,122,Debit,2021-12-31,12月1日～12月31日分売上,10A100090,売掛金,26,若松販売株式会社,000,共通部門,2366012,0,10D100100,総売上高,,,,,73393007,2021-12
2103,6,122,Credit,2021-12-31,12月1日～12月31日分売上,10D100100,総売上高,,,020,東京支店,0,2366012,10A100090,売掛金,,,,,560967931,2021-12
2103,7,122,Debit,2021-12-31,12月1日～12月31日分売上,10A100090,売掛金,11,株式会社楓屋,000,共通部門,1182012,0,10D100100,総売上高,,,,,74575019,2021-12
2103,7,122,Credit,2021-12-31,12月1日～12月31日分売上,10D100100,総売上高,,,020,東京支店,0,1182012,10A100090,売掛金,,,,,562149943,2021-12
2103,8,122,Debit,2021-12-31,12月1日～12月31日分売上,10A100090,売掛金,24,白峰商事株式会社,000,共通部門,600724,0,10D100100,総売上高,,,,,75175743,2021-12
2103,8,122,Credit,2021-12-31,12月1日～12月31日分売上,10D100100,総売上高,,,020,東京支店,0,600724,10A100090,売掛金,,,,,562750667,2021-12
2103,9,122,Debit,2021-12-31,12月1日～12月31日分売上,10A100090,売掛金,10,合同会社こもれび商事,000,共通部門,458172,0,10D100100,総売上高,,,,,75633915,2021-12
2103,9,122,Credit,2021-12-31,12月1日～12月31日分売上,10D100100,総売上高,,,020,東京支店,0,458172,10A100090,売掛金,,,,,563208839,2021-12
2104,1,123,Debit,2021-12-31,12月1日～12月31日分売上,10A100090,売掛金,14,株式会社花咲商事,000,共通部門,3544224,0,10D100100,総売上高,,,,,79178139,2021-12
2104,1,123,Credit,2021-12-31,12月1日～12月31日分売上,10D100100,総売上高,,,030,名古屋支店,0,3544224,10A100090,売掛金,,,,,566753063,2021-12
2104,2,123,Debit,2021-12-31,12月1日～12月31日分売上,10A100090,売掛金,7,株式会社光彩堂商事,000,共通部門,1478159,0,10D100100,総売上高,,,,,80656298,2021-12
2104,2,123,Credit,2021-12-31,12月1日～12月31日分売上,10D100100,総売上高,,,030,名古屋支店,0,1478159,10A100090,売掛金,,,,,568231222,2021-12
2104,3,123,Debit,2021-12-31,12月1日～12月31日分売上,10A100090,売掛金,27,晴海物産株式会社,000,共通部門,1655306,0,10D100100,総売上高,,,,,82311604,2021-12
2104,3,123,Credit,2021-12-31,12月1日～12月31日分売上,10D100100,総売上高,,,030,名古屋支店,0,1655306,10A100090,売掛金,,,,,569886528,2021-12
2104,4,123,Debit,2021-12-31,12月1日～12月31日分売上,10A100090,売掛金,6,株式会社瑞穂流通,000,共通部門,1852360,0,10D100100,総売上高,,,,,84163964,2021-12
2104,4,123,Credit,2021-12-31,12月1日～12月31日分売上,10D100100,総売上高,,,030,名古屋支店,0,1852360,10A100090,売掛金,,,,,571738888,2021-12
2104,5,123,Debit,2021-12-31,12月1日～12月31日分売上,10A100090,売掛金,19,株式会社南風商会,000,共通部門,906784,0,10D100100,総売上高,,,,,85070748,2021-12
2104,5,123,Credit,2021-12-31,12月1日～12月31日分売上,10D100100,総売上高,,,030,名古屋支店,0,906784,10A100090,売掛金,,,,,572645672,2021-12
2104,6,123,Debit,2021-12-31,12月1日～12月31日分売上,10A100090,売掛金,21,合同会社つばさ商店,000,共通部門,1839420,0,10D100100,総売上高,,,,,86910168,2021-12
2104,6,123,Credit,2021-12-31,12月1日～12月31日分売上,10D100100,総売上高,,,030,名古屋支店,0,1839420,10A100090,売掛金,,,,,574485092,2021-12
2105,1,124,Debit,2021-12-31,12月1日～12月31日分売上,10A100090,売掛金,8,株式会社高原マーケット,000,共通部門,1218968,0,10D100100,総売上高,,,,,88129136,2021-12
2105,1,124,Credit,2021-12-31,12月1日～12月31日分売上,10D100100,総売上高,,,040,大阪支店,0,1218968,10A100090,売掛金,,,,,575704060,2021-12
2105,2,124,Debit,2021-12-31,12月1日～12月31日分売上,10A100090,売掛金,9,朝凪物産株式会社,000,共通部門,1347272,0,10D100100,総売上高,,,,,89476408,2021-12
2105,2,124,Credit,2021-12-31,12月1日～12月31日分売上,10D100100,総売上高,,,040,大阪支店,0,1347272,10A100090,売掛金,,,,,577051332,2021-12
2105,3,124,Debit,2021-12-31,12月1日～12月31日分売上,10A100090,売掛金,14,株式会社花咲商事,000,共通部門,14867459,0,10D100100,総売上高,,,,,104343867,2021-12
2105,3,124,Credit,2021-12-31,12月1日～12月31日分売上,10D100100,総売上高,,,040,大阪支店,0,14867459,10A100090,売掛金,,,,,591918791,2021-12
2105,4,124,Debit,2021-12-31,12月1日～12月31日分売上,10A100090,売掛金,28,株式会社青葉百貨店,000,共通部門,11930631,0,10D100100,総売上高,,,,,116274498,2021-12
2105,4,124,Credit,2021-12-31,12月1日～12月31日分売上,10D100100,総売上高,,,040,大阪支店,0,11930631,10A100090,売掛金,,,,,603849422,2021-12
2105,5,124,Debit,2021-12-31,12月1日～12月31日分売上,10A100090,売掛金,23,株式会社杉の木商店,000,共通部門,1420364,0,10D100100,総売上高,,,,,117694862,2021-12
2105,5,124,Credit,2021-12-31,12月1日～12月31日分売上,10D100100,総売上高,,,040,大阪支店,0,1420364,10A100090,売掛金,,,,,605269786,2021-12
2105,6,124,Debit,2021-12-31,12月1日～12月31日分売上,10A100090,売掛金,3,青凪商事株式会社,000,共通部門,12141144,0,10D100100,総売上高,,,,,129836006,2021-12
2105,6,124,Credit,2021-12-31,12月1日～12月31日分売上,10D100100,総売上高,,,040,大阪支店,0,12141144,10A100090,売掛金,,,,,617410930,2021-12
2105,7,124,Debit,2021-12-31,12月1日～12月31日分売上,10A100090,売掛金,20,清和商事株式会社,000,共通部門,2361484,0,10D100100,総売上高,,,,,132197490,2021-12
2105,7,124,Credit,2021-12-31,12月1日～12月31日分売上,10D100100,総売上高,,,040,大阪支店,0,2361484,10A100090,売掛金,,,,,619772414,2021-12
2105,8,124,Debit,2021-12-31,12月1日～12月31日分売上,10A100090,売掛金,4,株式会社ひなたマート,000,共通部門,1435084,0,10D100100,総売上高,,,,,133632574,2021-12
2105,8,124,Credit,2021-12-31,12月1日～12月31日分売上,10D100100,総売上高,,,040,大阪支店,0,1435084,10A100090,売掛金,,,,,621207498,2021-12
2106,1,125,Debit,2021-12-31,12月1日～12月31日分売上,10A100090,売掛金,14,株式会社花咲商事,000,共通部門,2089558,0,10D100100,総売上高,,,,,135722132,2021-12
2106,1,125,Credit,2021-12-31,12月1日～12月31日分売上,10D100100,総売上高,,,050,九州営業所,0,2089558,10A100090,売掛金,,,,,623297056,2021-12
2106,2,125,Debit,2021-12-31,12月1日～12月31日分売上,10A100090,売掛金,22,株式会社豊原産業,000,共通部門,2036596,0,10D100100,総売上高,,,,,137758728,2021-12
2106,2,125,Credit,2021-12-31,12月1日～12月31日分売上,10D100100,総売上高,,,050,九州営業所,0,2036596,10A100090,売掛金,,,,,625333652,2021-12
2106,3,125,Debit,2021-12-31,12月1日～12月31日分売上,10A100090,売掛金,1,株式会社若葉百貨店,000,共通部門,1949895,0,10D100100,総売上高,,,,,139708623,2021-12
2106,3,125,Credit,2021-12-31,12月1日～12月31日分売上,10D100100,総売上高,,,050,九州営業所,0,1949895,10A100090,売掛金,,,,,627283547,2021-12
2106,4,125,Debit,2021-12-31,12月1日～12月31日分売上,10A100090,売掛金,29,株式会社小春サービス,000,共通部門,1633676,0,10D100100,総売上高,,,,,141342299,2021-12
2106,4,125,Credit,2021-12-31,12月1日～12月31日分売上,10D100100,総売上高,,,050,九州営業所,0,1633676,10A100090,売掛金,,,,,628917223,2021-12
2107,1,126,Debit,2021-12-31,12月31日伝票No400株式会社ひなたマート,10A100020,普通預金,40,JKL銀行 梅田,000,共通部門,1299992,0,10A100090,売掛金,,,,,84442557,2021-12
2107,1,126,Credit,2021-12-31,12月31日伝票No400株式会社ひなたマート,10A100090,売掛金,4,株式会社ひなたマート,000,共通部門,0,1299992,10A100020,普通預金,,,,,140042307,2021-12
2107,2,126,Debit,2021-12-31,12月31日伝票No400株式会社ひなたマート,10E200690,支払手数料,,,040,大阪支店,840,0,10A100090,売掛金,,,,,106250,2021-12
2107,2,126,Credit,2021-12-31,12月31日伝票No400株式会社ひなたマート,10A100090,売掛金,4,株式会社ひなたマート,000,共通部門,0,840,10E200690,支払手数料,,,,,140041467,2021-12
2108,1,127,Debit,2021-12-31,12月31日伝票No401東雲商会株式会社,10A100020,普通預金,10,DEF銀行 駅前,000,共通部門,2041108,0,10A100090,売掛金,,,,,86483665,2021-12
2108,1,127,Credit,2021-12-31,12月31日伝票No401東雲商会株式会社,10A100090,売掛金,5,東雲商会株式会社,000,共通部門,0,2041108,10A100020,普通預金,,,,,138000359,2021-12
2108,2,127,Debit,2021-12-31,12月31日伝票No401東雲商会株式会社,10E200690,支払手数料,,,010,札幌営業所,840,0,10A100090,売掛金,,,,,107090,2021-12
2108,2,127,Credit,2021-12-31,12月31日伝票No401東雲商会株式会社,10A100090,売掛金,5,東雲商会株式会社,000,共通部門,0,840,10E200690,支払手数料,,,,,137999519,2021-12
2109,1,128,Debit,2021-12-31,12月31日伝票No402合同会社こもれび商事,10A100020,現金,,,000,共通部門,320480,0,10A100090,売掛金,,,,,86804145,2021-12
2109,1,128,Credit,2021-12-31,12月31日伝票No402合同会社こもれび商事,10A100090,売掛金,10,合同会社こもれび商事,000,共通部門,0,320480,10A100020,現金,,,,,137679039,2021-12
2110,1,129,Debit,2021-12-31,12月31日伝票No403株式会社緑野百貨店 | 売上伝票=20211130-112;手形番号=R20211231-129-12,10A100060,受取手形,,,000,共通部門,10629137,0,10A100090,売掛金,,,,,88972955,2021-12
2110,1,129,Credit,2021-12-31,12月31日伝票No403株式会社緑野百貨店 | 売上伝票=20211130-112;手形番号=R20211231-129-12,10A100090,売掛金,12,株式会社緑野百貨店,000,共通部門,0,10629137,10A100060,受取手形,,,,,127049902,2021-12
2111,1,130,Debit,2021-12-31,12月31日伝票No404白峰商事株式会社,10A100020,普通預金,20,ABC銀行 本店,000,共通部門,458582,0,10A100090,売掛金,,,,,87262727,2021-12
2111,1,130,Credit,2021-12-31,12月31日伝票No404白峰商事株式会社,10A100090,売掛金,24,白峰商事株式会社,000,共通部門,0,458582,10A100020,普通預金,,,,,126591320,2021-12
2111,2,130,Debit,2021-12-31,12月31日伝票No404白峰商事株式会社,10E200690,支払手数料,,,020,東京支店,630,0,10A100090,売掛金,,,,,107720,2021-12
2111,2,130,Credit,2021-12-31,12月31日伝票No404白峰商事株式会社,10A100090,売掛金,24,白峰商事株式会社,000,共通部門,0,630,10E200690,支払手数料,,,,,126590690,2021-12
2112,1,131,Debit,2021-12-31,12月31日伝票No405株式会社小春サービス,10A100020,普通預金,50,MNO銀行 北九州,000,共通部門,488688,0,10A100090,売掛金,,,,,87751415,2021-12
2112,1,131,Credit,2021-12-31,12月31日伝票No405株式会社小春サービス,10A100090,売掛金,29,株式会社小春サービス,000,共通部門,0,488688,10A100020,普通預金,,,,,126102002,2021-12
2112,2,131,Debit,2021-12-31,12月31日伝票No405株式会社小春サービス,10E200690,支払手数料,,,050,九州営業所,210,0,10A100090,売掛金,,,,,107930,2021-12
2112,2,131,Credit,2021-12-31,12月31日伝票No405株式会社小春サービス,10A100090,売掛金,29,株式会社小春サービス,000,共通部門,0,210,10E200690,支払手数料,,,,,126101792,2021-12
2113,1,132,Debit,2021-12-31,12月1日～12月31日分仕入,10E100130,当期商品仕入高,,,010,札幌営業所,102816,0,10B100040,買掛金,,,,,309108642,2021-12
2113,1,132,Credit,2021-12-31,12月1日～12月31日分仕入,10B100040,買掛金,8,株式会社白樺商事,000,共通部門,0,102816,10E100130,当期商品仕入高,,,,,37664484,2021-12
2113,2,132,Debit,2021-12-31,12月1日～12月31日分仕入,10E100130,当期商品仕入高,,,010,札幌営業所,363331,0,10B100040,買掛金,,,,,309471973,2021-12
2113,2,132,Credit,2021-12-31,12月1日～12月31日分仕入,10B100040,買掛金,2,株式会社双葉物産,000,共通部門,0,363331,10E100130,当期商品仕入高,,,,,38027815,2021-12
2114,1,133,Debit,2021-12-31,12月1日～12月31日分仕入,10E100130,当期商品仕入高,,,020,東京支店,4570569,0,10B100040,買掛金,,,,,314042542,2021-12
2114,1,133,Credit,2021-12-31,12月1日～12月31日分仕入,10B100040,買掛金,14,合同会社あかね商会,000,共通部門,0,4570569,10E100130,当期商品仕入高,,,,,42598384,2021-12
2114,2,133,Debit,2021-12-31,12月1日～12月31日分仕入,10E100130,当期商品仕入高,,,020,東京支店,5031519,0,10B100040,買掛金,,,,,319074061,2021-12
2114,2,133,Credit,2021-12-31,12月1日～12月31日分仕入,10B100040,買掛金,3,青凪商事株式会社,000,共通部門,0,5031519,10E100130,当期商品仕入高,,,,,47629903,2021-12
2114,3,133,Debit,2021-12-31,12月1日～12月31日分仕入,10E100130,当期商品仕入高,,,020,東京支店,2069835,0,10B100040,買掛金,,,,,321143896,2021-12
2114,3,133,Credit,2021-12-31,12月1日～12月31日分仕入,10B100040,買掛金,13,朝日野産業株式会社,000,共通部門,0,2069835,10E100130,当期商品仕入高,,,,,49699738,2021-12
2114,4,133,Debit,2021-12-31,12月1日～12月31日分仕入,10E100130,当期商品仕入高,,,020,東京支店,10823612,0,10B100040,買掛金,,,,,331967508,2021-12
2114,4,133,Credit,2021-12-31,12月1日～12月31日分仕入,10B100040,買掛金,1,株式会社北辰商事,000,共通部門,0,10823612,10E100130,当期商品仕入高,,,,,60523350,2021-12
2114,5,133,Debit,2021-12-31,12月1日～12月31日分仕入,10E100130,当期商品仕入高,,,020,東京支店,8378109,0,10B100040,買掛金,,,,,340345617,2021-12
2114,5,133,Credit,2021-12-31,12月1日～12月31日分仕入,10B100040,買掛金,11,株式会社花園商会,000,共通部門,0,8378109,10E100130,当期商品仕入高,,,,,68901459,2021-12
2114,6,133,Debit,2021-12-31,12月1日～12月31日分仕入,10E100130,当期商品仕入高,,,020,東京支店,1085505,0,10B100040,買掛金,,,,,341431122,2021-12
2114,6,133,Credit,2021-12-31,12月1日～12月31日分仕入,10B100040,買掛金,2,株式会社双葉物産,000,共通部門,0,1085505,10E100130,当期商品仕入高,,,,,69986964,2021-12
2114,7,133,Debit,2021-12-31,12月1日～12月31日分仕入,10E100130,当期商品仕入高,,,020,東京支店,658954,0,10B100040,買掛金,,,,,342090076,2021-12
2114,7,133,Credit,2021-12-31,12月1日～12月31日分仕入,10B100040,買掛金,12,株式会社泉川商事,000,共通部門,0,658954,10E100130,当期商品仕入高,,,,,70645918,2021-12
2114,8,133,Debit,2021-12-31,12月1日～12月31日分仕入,10E100130,当期商品仕入高,,,020,東京支店,251899,0,10B100040,買掛金,,,,,342341975,2021-12
2114,8,133,Credit,2021-12-31,12月1日～12月31日分仕入,10B100040,買掛金,8,株式会社白樺商事,000,共通部門,0,251899,10E100130,当期商品仕入高,,,,,70897817,2021-12
2115,1,134,Debit,2021-12-31,12月1日～12月31日分仕入,10E100130,当期商品仕入高,,,030,名古屋支店,2897127,0,10B100040,買掛金,,,,,345239102,2021-12
2115,1,134,Credit,2021-12-31,12月1日～12月31日分仕入,10B100040,買掛金,9,東原産業株式会社,000,共通部門,0,2897127,10E100130,当期商品仕入高,,,,,73794944,2021-12
2115,2,134,Debit,2021-12-31,12月1日～12月31日分仕入,10E100130,当期商品仕入高,,,030,名古屋支店,1840617,0,10B100040,買掛金,,,,,347079719,2021-12
2115,2,134,Credit,2021-12-31,12月1日～12月31日分仕入,10B100040,買掛金,15,株式会社麦穂商事,000,共通部門,0,1840617,10E100130,当期商品仕入高,,,,,75635561,2021-12
2115,3,134,Debit,2021-12-31,12月1日～12月31日分仕入,10E100130,当期商品仕入高,,,030,名古屋支店,6922413,0,10B100040,買掛金,,,,,354002132,2021-12
2115,3,134,Credit,2021-12-31,12月1日～12月31日分仕入,10B100040,買掛金,7,株式会社夕凪商会,000,共通部門,0,6922413,10E100130,当期商品仕入高,,,,,82557974,2021-12
2115,4,134,Debit,2021-12-31,12月1日～12月31日分仕入,10E100130,当期商品仕入高,,,030,名古屋支店,183908,0,10B100040,買掛金,,,,,354186040,2021-12
2115,4,134,Credit,2021-12-31,12月1日～12月31日分仕入,10B100040,買掛金,2,株式会社双葉物産,000,共通部門,0,183908,10E100130,当期商品仕入高,,,,,82741882,2021-12
2115,5,134,Debit,2021-12-31,12月1日～12月31日分仕入,10E100130,当期商品仕入高,,,030,名古屋支店,25704,0,10B100040,買掛金,,,,,354211744,2021-12
2115,5,134,Credit,2021-12-31,12月1日～12月31日分仕入,10B100040,買掛金,8,株式会社白樺商事,000,共通部門,0,25704,10E100130,当期商品仕入高,,,,,82767586,2021-12
2116,1,135,Debit,2021-12-31,12月1日～12月31日分仕入,10E100130,当期商品仕入高,,,040,大阪支店,6301802,0,10B100040,買掛金,,,,,360513546,2021-12
2116,1,135,Credit,2021-12-31,12月1日～12月31日分仕入,10B100040,買掛金,5,千草商事株式会社,000,共通部門,0,6301802,10E100130,当期商品仕入高,,,,,89069388,2021-12
2116,2,135,Debit,2021-12-31,12月1日～12月31日分仕入,10E100130,当期商品仕入高,,,040,大阪支店,1503036,0,10B100040,買掛金,,,,,362016582,2021-12
2116,2,135,Credit,2021-12-31,12月1日～12月31日分仕入,10B100040,買掛金,4,株式会社和泉流通,000,共通部門,0,1503036,10E100130,当期商品仕入高,,,,,90572424,2021-12
2116,3,135,Debit,2021-12-31,12月1日～12月31日分仕入,10E100130,当期商品仕入高,,,040,大阪支店,5798593,0,10B100040,買掛金,,,,,367815175,2021-12
2116,3,135,Credit,2021-12-31,12月1日～12月31日分仕入,10B100040,買掛金,10,光野販売株式会社,000,共通部門,0,5798593,10E100130,当期商品仕入高,,,,,96371017,2021-12
2116,4,135,Debit,2021-12-31,12月1日～12月31日分仕入,10E100130,当期商品仕入高,,,040,大阪支店,6893004,0,10B100040,買掛金,,,,,374708179,2021-12
2116,4,135,Credit,2021-12-31,12月1日～12月31日分仕入,10B100040,買掛金,6,株式会社日向産業,000,共通部門,0,6893004,10E100130,当期商品仕入高,,,,,103264021,2021-12
2116,5,135,Debit,2021-12-31,12月1日～12月31日分仕入,10E100130,当期商品仕入高,,,040,大阪支店,102816,0,10B100040,買掛金,,,,,374810995,2021-12
2116,5,135,Credit,2021-12-31,12月1日～12月31日分仕入,10B100040,買掛金,8,株式会社白樺商事,000,共通部門,0,102816,10E100130,当期商品仕入高,,,,,103366837,2021-12
2116,6,135,Debit,2021-12-31,12月1日～12月31日分仕入,10E100130,当期商品仕入高,,,040,大阪支店,183908,0,10B100040,買掛金,,,,,374994903,2021-12
2116,6,135,Credit,2021-12-31,12月1日～12月31日分仕入,10B100040,買掛金,2,株式会社双葉物産,000,共通部門,0,183908,10E100130,当期商品仕入高,,,,,103550745,2021-12
2117,1,136,Debit,2021-12-31,12月1日～12月31日分仕入,10E100130,当期商品仕入高,,,050,九州営業所,77112,0,10B100040,買掛金,,,,,375072015,2021-12
2117,1,136,Credit,2021-12-31,12月1日～12月31日分仕入,10B100040,買掛金,8,株式会社白樺商事,000,共通部門,0,77112,10E100130,当期商品仕入高,,,,,103627857,2021-12
2117,2,136,Debit,2021-12-31,12月1日～12月31日分仕入,10E100130,当期商品仕入高,,,050,九州営業所,80740,0,10B100040,買掛金,,,,,375152755,2021-12
2117,2,136,Credit,2021-12-31,12月1日～12月31日分仕入,10B100040,買掛金,2,株式会社双葉物産,000,共通部門,0,80740,10E100130,当期商品仕入高,,,,,103708597,2021-12
2118,1,137,Debit,2021-12-31,12月31日伝票No309株式会社双葉物産,10B100040,買掛金,2,株式会社双葉物産,000,共通部門,1314468,0,10A100020,普通預金,,,,,102394129,2021-12
2118,1,137,Credit,2021-12-31,12月31日伝票No309株式会社双葉物産,10A100020,普通預金,20,ABC銀行 本店,000,共通部門,0,1314468,10B100040,買掛金,,,,,86436947,2021-12
2119,1,138,Debit,2021-12-31,12月31日伝票No310千草商事株式会社,10B100040,買掛金,5,千草商事株式会社,000,共通部門,4897778,0,10B100030,支払手形,,,,,97496351,2021-12
2119,1,138,Credit,2021-12-31,12月31日伝票No310千草商事株式会社,10B100030,支払手形,,,000,共通部門,0,4897778,10B100040,買掛金,,,,,40216643,2021-12
2120,1,139,Debit,2021-12-31,12月31日伝票No311株式会社夕凪商会,10B100040,買掛金,7,株式会社夕凪商会,000,共通部門,4597303,0,10A100020,普通預金,,,,,92899048,2021-12
2120,1,139,Credit,2021-12-31,12月31日伝票No311株式会社夕凪商会,10A100020,普通預金,20,ABC銀行 本店,000,共通部門,0,4597303,10B100040,買掛金,,,,,81839644,2021-12
2121,1,140,Debit,2021-12-31,12月31日伝票No312東原産業株式会社,10B100040,買掛金,9,東原産業株式会社,000,共通部門,2224739,0,10B100030,支払手形,,,,,90674309,2021-12
2121,1,140,Credit,2021-12-31,12月31日伝票No312東原産業株式会社,10B100030,支払手形,,,000,共通部門,0,2224739,10B100040,買掛金,,,,,42441382,2021-12
2122,1,141,Debit,2021-12-31,12月31日伝票No313光野販売株式会社,10B100040,買掛金,10,光野販売株式会社,000,共通部門,3791833,0,10B100030,支払手形,,,,,86882476,2021-12
2122,1,141,Credit,2021-12-31,12月31日伝票No313光野販売株式会社,10B100030,支払手形,,,000,共通部門,0,3791833,10B100040,買掛金,,,,,46233215,2021-12
2122,2,141,Debit,2021-12-31,手形満期 株式会社桜丘百貨店 | 手形番号=R20210925-113-2;受取額に決済額を訂正,10A100020,当座預金,1,ABC銀行,000,共通部門,13866393,0,10A100060,受取手形,,,,,95706037,2021-12
2122,2,141,Credit,2021-12-31,手形満期 株式会社桜丘百貨店 | 手形番号=R20210925-113-2;受取額に決済額を訂正,10A100060,受取手形,,,000,共通部門,0,13866393,10A100020,当座預金,,,,,75106562,2021-12
2123,1,142,Debit,2021-12-31,12月31日伝票No314株式会社泉川商事,10B100040,買掛金,12,株式会社泉川商事,000,共通部門,433742,0,10A100020,普通預金,,,,,86448734,2021-12
2123,1,142,Credit,2021-12-31,12月31日伝票No314株式会社泉川商事,10A100020,普通預金,20,ABC銀行 本店,000,共通部門,0,433742,10B100040,買掛金,,,,,95272295,2021-12
2124,1,143,Debit,2021-12-31,12月31日伝票No315朝日野産業株式会社,10B100040,買掛金,13,朝日野産業株式会社,000,共通部門,1345680,0,10A100020,普通預金,,,,,85103054,2021-12
2124,1,143,Credit,2021-12-31,12月31日伝票No315朝日野産業株式会社,10A100020,普通預金,20,ABC銀行 本店,000,共通部門,0,1345680,10B100040,買掛金,,,,,93926615,2021-12
2125,1,144,Debit,2021-12-31,12月31日伝票No316合同会社あかね商会,10B100040,買掛金,14,合同会社あかね商会,000,共通部門,3875434,0,10A100020,普通預金,,,,,81227620,2021-12
2125,1,144,Credit,2021-12-31,12月31日伝票No316合同会社あかね商会,10A100020,普通預金,20,ABC銀行 本店,000,共通部門,0,3875434,10B100040,買掛金,,,,,90051181,2021-12
2126,1,145,Debit,2021-12-31,12月31日伝票No317株式会社麦穂商事,10B100040,買掛金,15,株式会社麦穂商事,000,共通部門,1543059,0,10A100020,普通預金,,,,,79684561,2021-12
2126,1,145,Credit,2021-12-31,12月31日伝票No317株式会社麦穂商事,10A100020,普通預金,20,ABC銀行 本店,000,共通部門,0,1543059,10B100040,買掛金,,,,,88508122,2021-12
2127,1,147,Debit,2021-12-31,手形期日落日 千草商事株式会社,10B100030,支払手形,,,000,共通部門,3841014,0,10A100020,当座預金,,,,,42392201,2021-12
2127,1,147,Credit,2021-12-31,手形期日落日 千草商事株式会社,10A100020,当座預金,1,ABC銀行,000,共通部門,0,3841014,10B100030,支払手形,,,,,84667108,2021-12
2127,2,147,Debit,2021-12-31,手形期日落日 東原産業株式会社,10B100030,支払手形,,,000,共通部門,1819272,0,10A100020,当座預金,,,,,40572929,2021-12
2127,2,147,Credit,2021-12-31,手形期日落日 東原産業株式会社,10A100020,当座預金,1,ABC銀行,000,共通部門,0,1819272,10B100030,支払手形,,,,,82847836,2021-12
2127,3,147,Debit,2021-12-31,手形期日落日 光野販売株式会社,10B100030,支払手形,,,000,共通部門,3148603,0,10A100020,当座預金,,,,,37424326,2021-12
2127,3,147,Credit,2021-12-31,手形期日落日 光野販売株式会社,10A100020,当座預金,1,ABC銀行,000,共通部門,0,3148603,10B100030,支払手形,,,,,79699233,2021-12
2128,1,152,Debit,2021-12-31,貸付金返済,10A100020,普通預金,20,ABC銀行 本店,000,共通部門,40000,0,10A100610,短期貸付金,,,,,79739233,2021-12
2128,1,152,Credit,2021-12-31,貸付金返済,10A100610,短期貸付金,,,000,共通部門,0,40000,10A100020,普通預金,,,,,720000,2021-12
2128,2,152,Debit,2021-12-31,貸付金返済,10A100020,普通預金,20,ABC銀行 本店,000,共通部門,50000,0,10A100610,短期貸付金,,,,,79789233,2021-12
2128,2,152,Credit,2021-12-31,貸付金返済,10A100610,短期貸付金,,,000,共通部門,0,50000,10A100020,普通預金,,,,,670000,2021-12
2129,1,153,Debit,2021-12-31,定期積立金,10A100020,定期積金,,,000,共通部門,500000,0,10A100020,普通預金,,,,,80289233,2021-12
2129,1,153,Credit,2021-12-31,定期積立金,10A100020,普通預金,20,ABC銀行 本店,000,共通部門,0,500000,10A100020,定期積金,,,,,79789233,2021-12
2129,2,153,Debit,2021-12-31,保険積立金,10A230570,保険積立金,,,000,共通部門,125000,0,10A100020,普通預金,,,,,2653000,2021-12
2129,2,153,Credit,2021-12-31,保険積立金,10A100020,普通預金,20,ABC銀行 本店,000,共通部門,0,125000,10A230570,保険積立金,,,,,79664233,2021-12
2130,1,154,Debit,2021-12-31,借入金返済,10B100790,短期借入金,,,000,共通部門,653500,0,10A100020,当座預金,,,,,1960500,2021-12
2130,1,154,Credit,2021-12-31,借入金返済,10A100020,当座預金,1,ABC銀行,000,共通部門,0,653500,10B100790,短期借入金,,,,,79010733,2021-12
2130,2,154,Debit,2021-12-31,利息,10E300020,支払利息,,,020,東京支店,32675,0,10A100020,当座預金,,,,,1050085,2021-12
2130,2,154,Credit,2021-12-31,利息,10A100020,当座預金,1,ABC銀行,000,共通部門,0,32675,10E300020,支払利息,,,,,78978058,2021-12
2096,1,63,Debit,2021-12-31,保険料,10E200240,保険料,,,020,東京支店,81000,0,10A100020,普通預金,,,,,2750380,2021-12
2096,1,63,Credit,2021-12-31,保険料,10A100020,普通預金,20,ABC銀行 本店,000,共通部門,0,81000,10E200240,保険料,,,,,78897058,2021-12
2097,1,78,Debit,2021-12-31,保険料,10E200240,保険料,,,030,名古屋支店,62000,0,10A100020,普通預金,,,,,2812380,2021-12
2097,1,78,Credit,2021-12-31,保険料,10A100020,普通預金,30,GHI銀行 名古屋,000,共通部門,0,62000,10E200240,保険料,,,,,78835058,2021-12
2098,1,79,Debit,2021-12-31,保険料支払い,10E200240,保険料,,,050,九州営業所,57000,0,10A100020,普通預金,,,,,2869380,2021-12
2098,1,79,Credit,2021-12-31,保険料支払い,10A100020,普通預金,50,MNO銀行 北九州,000,共通部門,0,57000,10E200240,保険料,,,,,78778058,2021-12
2099,1,81,Debit,2021-12-31,消耗品費　部門配賦,10E200200,消耗品費,,,010,札幌営業所,25179,0,10E200200,消耗品費,,,,,2464954,2021-12
2099,1,81,Credit,2021-12-31,消耗品費　部門配賦,10E200200,消耗品費,,,000,共通部門,0,25179,10E200200,消耗品費,,,,,2439775,2021-12
2099,2,81,Debit,2021-12-31,消耗品費　部門配賦,10E200200,消耗品費,,,020,東京支店,109873,0,10E200200,消耗品費,,,,,2549648,2021-12
2099,2,81,Credit,2021-12-31,消耗品費　部門配賦,10E200200,消耗品費,,,000,共通部門,0,109873,10E200200,消耗品費,,,,,2439775,2021-12
2099,3,81,Debit,2021-12-31,消耗品費　部門配賦,10E200200,消耗品費,,,030,名古屋支店,22890,0,10E200200,消耗品費,,,,,2462665,2021-12
2099,3,81,Credit,2021-12-31,消耗品費　部門配賦,10E200200,消耗品費,,,000,共通部門,0,22890,10E200200,消耗品費,,,,,2439775,2021-12
2099,4,81,Debit,2021-12-31,消耗品費　部門配賦,10E200200,消耗品費,,,040,大阪支店,54936,0,10E200200,消耗品費,,,,,2494711,2021-12
2099,4,81,Credit,2021-12-31,消耗品費　部門配賦,10E200200,消耗品費,,,000,共通部門,0,54936,10E200200,消耗品費,,,,,2439775,2021-12
2099,5,81,Debit,2021-12-31,消耗品費　部門配賦,10E200200,消耗品費,,,050,九州営業所,16023,0,10E200200,消耗品費,,,,,2455798,2021-12
2099,5,81,Credit,2021-12-31,消耗品費　部門配賦,10E200200,消耗品費,,,000,共通部門,0,16023,10E200200,消耗品費,,,,,2439775,2021-12
2100,1,93,Debit,2021-12-31,保険料預かり分,10B100690,預り金,1,保険料,000,共通部門,1515566,0,10A100020,普通預金,,,,,6364278,2021-12
2100,1,93,Credit,2021-12-31,保険料預かり分,10A100020,普通預金,20,ABC銀行 本店,000,共通部門,0,1515566,10B100690,預り金,,,,,77262492,2021-12
2100,2,93,Debit,2021-12-31,保険料　事業主負担分,10E200540,法定福利費,,,020,東京支店,120411,0,10A100020,普通預金,,,,,6366062,2021-12
2100,2,93,Credit,2021-12-31,保険料　事業主負担分,10A100020,普通預金,20,ABC銀行 本店,000,共通部門,0,120411,10E200540,法定福利費,,,,,77142081,2021-12
2100,3,93,Debit,2021-12-31,保険料　事業主負担分,10E200540,法定福利費,,,020,東京支店,236045,0,10A100020,普通預金,,,,,6602107,2021-12
2100,3,93,Credit,2021-12-31,保険料　事業主負担分,10A100020,普通預金,20,ABC銀行 本店,000,共通部門,0,236045,10E200540,法定福利費,,,,,76906036,2021-12
2100,4,93,Debit,2021-12-31,保険料　事業主負担分,10E200540,法定福利費,,,010,札幌営業所,103424,0,10A100020,普通預金,,,,,6705531,2021-12
2100,4,93,Credit,2021-12-31,保険料　事業主負担分,10A100020,普通預金,20,ABC銀行 本店,000,共通部門,0,103424,10E200540,法定福利費,,,,,76802612,2021-12
2100,5,93,Debit,2021-12-31,保険料　事業主負担分,10E200540,法定福利費,,,030,名古屋支店,96352,0,10A100020,普通預金,,,,,6801883,2021-12
2100,5,93,Credit,2021-12-31,保険料　事業主負担分,10A100020,普通預金,20,ABC銀行 本店,000,共通部門,0,96352,10E200540,法定福利費,,,,,76706260,2021-12
2100,6,93,Debit,2021-12-31,保険料　事業主負担分,10E200540,法定福利費,,,040,大阪支店,128755,0,10A100020,普通預金,,,,,6930638,2021-12
2100,6,93,Credit,2021-12-31,保険料　事業主負担分,10A100020,普通預金,20,ABC銀行 本店,000,共通部門,0,128755,10E200540,法定福利費,,,,,76577505,2021-12
2100,7,93,Debit,2021-12-31,保険料　事業主負担分,10E200540,法定福利費,,,050,九州営業所,67268,0,10A100020,普通預金,,,,,6997906,2021-12
2100,7,93,Credit,2021-12-31,保険料　事業主負担分,10A100020,普通預金,20,ABC銀行 本店,000,共通部門,0,67268,10E200540,法定福利費,,,,,76510237,2021-12
2100,8,93,Debit,2021-12-31,児童拠出金　事業主負担分,10E200540,法定福利費,,,020,東京支店,11056,0,10A100020,普通預金,,,,,7008962,2021-12
2100,8,93,Credit,2021-12-31,児童拠出金　事業主負担分,10A100020,普通預金,20,ABC銀行 本店,000,共通部門,0,11056,10E200540,法定福利費,,,,,76499181,2021-12
2101,1,94,Debit,2021-12-31,11月分支払,10B100630,未払金,,,000,共通部門,7644630,0,10A100020,普通預金,,,,,12199043,2021-12
2101,1,94,Credit,2021-12-31,11月分支払,10A100020,普通預金,20,ABC銀行 本店,000,共通部門,0,7644630,10B100630,未払金,,,,,68854551,2021-12
