JP07a,JP08a,Month,JP07a_GL03_03,JP07a_GL03_01,JP08a_GL04_03,JP06e_GE24_01,JP06e_GE24_02,Debit_Amount,JP02j_BS09_01,JP02j_BS09_02,GE05kw_01,JP05a_01,JP05a_02,BS04fb_01,BS04fb_02,JP06f_GE24_01,JP06f_GE24_02,Credit_Amount,JP02k_BS09_01,JP02k_BS09_02,GE05kB_01,JP05b_01,JP05b_02,BS04fc_01,BS04fc_02,Source_Row,Entry_Key,Debit_Occurrence,Credit_Occurrence,Semantic_Path,Binding_Path
RB001,1,2021-02,2021-02-10,REF-BF-AR-001,Reference-before customer invoice,1200,Demo Accounts Receivable,600000,,,,C001,Demo Customer Aurora,,,,,0,,,,,,,,REF-RB001,"[""20210210"",""REF-BF-AR-001""]",1-D,,$.cor_AccountingEntries.cor_EntryHeader.cor_EntryDetail.cor_MonetaryAmount,"{""detail"":""1-D""}"
RB001,2,2021-02,2021-02-10,REF-BF-AR-001,Reference-before customer invoice,,,0,,,,,,,,4000,Demo Product Sales,600000,,,,,,,,REF-RB001,"[""20210210"",""REF-BF-AR-001""]",,2-C,$.cor_AccountingEntries.cor_EntryHeader.cor_EntryDetail.cor_MonetaryAmount,"{""detail"":""2-C""}"
RB002,1,2021-02,2021-02-15,REF-BF-AP-001,Reference-before vendor invoice,6000,Demo Salaries,1200000,,,,,,,,,,0,,,,,,,,REF-RB002,"[""20210215"",""REF-BF-AP-001""]",1-D,,$.cor_AccountingEntries.cor_EntryHeader.cor_EntryDetail.cor_MonetaryAmount,"{""detail"":""1-D""}"
RB002,2,2021-02,2021-02-15,REF-BF-AP-001,Reference-before vendor invoice,,,0,,,,,,,,2000,Demo Accounts Payable,1200000,,,,V001,Demo Vendor Keystone,,,REF-RB002,"[""20210215"",""REF-BF-AP-001""]",,2-C,$.cor_AccountingEntries.cor_EntryHeader.cor_EntryDetail.cor_MonetaryAmount,"{""detail"":""2-C""}"
RB003,1,2021-03,2021-03-05,REF-BF-AR-SET-001,Reference-before customer receipt,1120,Demo Harbor Ordinary Deposit,100000,,,,,,,,,,0,,,,,,,,REF-RB003,"[""20210305"",""REF-BF-AR-SET-001""]",1-D,,$.cor_AccountingEntries.cor_EntryHeader.cor_EntryDetail.cor_MonetaryAmount,"{""detail"":""1-D""}"
RB003,2,2021-03,2021-03-05,REF-BF-AR-SET-001,Reference-before customer receipt,,,0,,,,,,,,1200,Demo Accounts Receivable,100000,,,,C001,Demo Customer Aurora,,,REF-RB003,"[""20210305"",""REF-BF-AR-SET-001""]",,2-C,$.cor_AccountingEntries.cor_EntryHeader.cor_EntryDetail.cor_MonetaryAmount,"{""detail"":""2-C""}"
RB004,1,2021-03,2021-03-08,REF-BF-AP-SET-001,Reference-before vendor payment,2000,Demo Accounts Payable,200000,,,,V001,Demo Vendor Keystone,,,,,0,,,,,,,,REF-RB004,"[""20210308"",""REF-BF-AP-SET-001""]",1-D,,$.cor_AccountingEntries.cor_EntryHeader.cor_EntryDetail.cor_MonetaryAmount,"{""detail"":""1-D""}"
RB004,2,2021-03,2021-03-08,REF-BF-AP-SET-001,Reference-before vendor payment,,,0,,,,,,,,1120,Demo Harbor Ordinary Deposit,200000,,,,,,,,REF-RB004,"[""20210308"",""REF-BF-AP-SET-001""]",,2-C,$.cor_AccountingEntries.cor_EntryHeader.cor_EntryDetail.cor_MonetaryAmount,"{""detail"":""2-C""}"
RB005,1,2021-03,2021-03-15,REF-BF-AR-002,Reference-before customer invoice,1200,Demo Accounts Receivable,1000000,,,,C001,Demo Customer Aurora,,,,,0,,,,,,,,REF-RB005,"[""20210315"",""REF-BF-AR-002""]",1-D,,$.cor_AccountingEntries.cor_EntryHeader.cor_EntryDetail.cor_MonetaryAmount,"{""detail"":""1-D""}"
RB005,2,2021-03,2021-03-15,REF-BF-AR-002,Reference-before customer invoice,,,0,,,,,,,,4000,Demo Product Sales,1000000,,,,,,,,REF-RB005,"[""20210315"",""REF-BF-AR-002""]",,2-C,$.cor_AccountingEntries.cor_EntryHeader.cor_EntryDetail.cor_MonetaryAmount,"{""detail"":""2-C""}"
RB006,1,2021-03,2021-03-20,REF-BF-AP-002,Reference-before vendor invoice,6000,Demo Salaries,2423720,,,,,,,,,,0,,,,,,,,REF-RB006,"[""20210320"",""REF-BF-AP-002""]",1-D,,$.cor_AccountingEntries.cor_EntryHeader.cor_EntryDetail.cor_MonetaryAmount,"{""detail"":""1-D""}"
RB006,2,2021-03,2021-03-20,REF-BF-AP-002,Reference-before vendor invoice,,,0,,,,,,,,2000,Demo Accounts Payable,2423720,,,,V001,Demo Vendor Keystone,,,REF-RB006,"[""20210320"",""REF-BF-AP-002""]",,2-C,$.cor_AccountingEntries.cor_EntryHeader.cor_EntryDetail.cor_MonetaryAmount,"{""detail"":""2-C""}"
1,1,2021-04,2021-04-02,900050,Synthetic demo credit sale 900050,,,0,,,0,,,,,4020,Demo Other Operating Revenue,427020,B5,B5,38820,C001,Demo Customer Aurora,D01,Demo Sales,1,"[""20210402"",""900050""]",,1-C,cor:monetaryAmount,"{""d_cor_accountingEntries"":""1"",""d_cor_entryDetail"":""1-C"",""d_cor_entryHeader"":""[\""20210402\"",\""900050\""]""}"
1,2,2021-04,2021-04-02,900050,Synthetic demo credit sale 900050,1200,Demo Accounts Receivable,427020,00,00,0,C001,Demo Customer Aurora,D01,Demo Sales,,,0,,,0,,,,,1,"[""20210402"",""900050""]",1-D,,cor:monetaryAmount,"{""d_cor_accountingEntries"":""1"",""d_cor_entryDetail"":""1-D"",""d_cor_entryHeader"":""[\""20210402\"",\""900050\""]""}"
2,1,2021-04,2021-04-03,900001,Synthetic demo credit sale 900001,,,0,,,0,,,,,4010,Demo Service Revenue,355310,B5,B5,32301,C004,Demo Customer Dawn,D01,Demo Sales,2,"[""20210403"",""900001""]",,2-C,cor:monetaryAmount,"{""d_cor_accountingEntries"":""1"",""d_cor_entryDetail"":""2-C"",""d_cor_entryHeader"":""[\""20210403\"",\""900001\""]""}"
2,2,2021-04,2021-04-03,900001,Synthetic demo credit sale 900001,1200,Demo Accounts Receivable,355310,00,00,0,C001,Demo Customer Aurora,D01,Demo Sales,,,0,,,0,,,,,2,"[""20210403"",""900001""]",2-D,,cor:monetaryAmount,"{""d_cor_accountingEntries"":""1"",""d_cor_entryDetail"":""2-D"",""d_cor_entryHeader"":""[\""20210403\"",\""900001\""]""}"
3,1,2021-04,2021-04-03,900012,Synthetic demo credit sale 900012,,,0,,,0,,,,,4000,Demo Product Sales,555650,B5,B5,50514,C007,Demo Customer Grove,D01,Demo Sales,3,"[""20210403"",""900012""]",,3-C,cor:monetaryAmount,"{""d_cor_accountingEntries"":""1"",""d_cor_entryDetail"":""3-C"",""d_cor_entryHeader"":""[\""20210403\"",\""900012\""]""}"
3,2,2021-04,2021-04-03,900012,Synthetic demo credit sale 900012,1200,Demo Accounts Receivable,555650,00,00,0,C001,Demo Customer Aurora,D01,Demo Sales,,,0,,,0,,,,,3,"[""20210403"",""900012""]",3-D,,cor:monetaryAmount,"{""d_cor_accountingEntries"":""1"",""d_cor_entryDetail"":""3-D"",""d_cor_entryHeader"":""[\""20210403\"",\""900012\""]""}"
4,1,2021-04,2021-04-04,900017,Synthetic demo vendor settlement 900017,,,0,,,0,,,,,1120,Demo Harbor Ordinary Deposit,336970,00,00,0,B003,Harbor Demo Bank,D04,Demo Logistics,4,"[""20210404"",""900017""]",,4-C,cor:monetaryAmount,"{""d_cor_accountingEntries"":""1"",""d_cor_entryDetail"":""4-C"",""d_cor_entryHeader"":""[\""20210404\"",\""900017\""]""}"
4,2,2021-04,2021-04-04,900017,Synthetic demo vendor settlement 900017,2000,Demo Accounts Payable,336970,00,00,0,V001,Demo Vendor Keystone,D04,Demo Logistics,,,0,,,0,,,,,4,"[""20210404"",""900017""]",4-D,,cor:monetaryAmount,"{""d_cor_accountingEntries"":""1"",""d_cor_entryDetail"":""4-D"",""d_cor_entryHeader"":""[\""20210404\"",\""900017\""]""}"
5,1,2021-04,2021-04-06,900006,Synthetic demo purchase on account 900006,,,0,,,0,,,,,2000,Demo Accounts Payable,367850,00,00,0,V001,Demo Vendor Keystone,D04,Demo Logistics,5,"[""20210406"",""900006""]",,5-C,cor:monetaryAmount,"{""d_cor_accountingEntries"":""1"",""d_cor_entryDetail"":""5-C"",""d_cor_entryHeader"":""[\""20210406\"",\""900006\""]""}"
5,2,2021-04,2021-04-06,900006,Synthetic demo purchase on account 900006,5000,Demo Purchases,367850,Q5,Q5,33441,V001,Demo Vendor Keystone,D04,Demo Logistics,,,0,,,0,,,,,5,"[""20210406"",""900006""]",5-D,,cor:monetaryAmount,"{""d_cor_accountingEntries"":""1"",""d_cor_entryDetail"":""5-D"",""d_cor_entryHeader"":""[\""20210406\"",\""900006\""]""}"
6,1,2021-04,2021-04-06,900010,Synthetic demo credit sale 900010,,,0,,,0,,,,,4010,Demo Service Revenue,228470,B5,B5,20770,C001,Demo Customer Aurora,D01,Demo Sales,6,"[""20210406"",""900010""]",,6-C,cor:monetaryAmount,"{""d_cor_accountingEntries"":""1"",""d_cor_entryDetail"":""6-C"",""d_cor_entryHeader"":""[\""20210406\"",\""900010\""]""}"
6,2,2021-04,2021-04-06,900010,Synthetic demo credit sale 900010,1200,Demo Accounts Receivable,228470,00,00,0,C001,Demo Customer Aurora,D01,Demo Sales,,,0,,,0,,,,,6,"[""20210406"",""900010""]",6-D,,cor:monetaryAmount,"{""d_cor_accountingEntries"":""1"",""d_cor_entryDetail"":""6-D"",""d_cor_entryHeader"":""[\""20210406\"",\""900010\""]""}"
7,1,2021-04,2021-04-06,900024,Synthetic demo monthly payroll bundle 900024,,,0,,,0,,,,,1100,Demo Central Ordinary Deposit,686450,00,00,0,B001,Demo Central Bank,D02,Demo Administration,7,"[""20210406"",""900024""]",,7-C,cor:monetaryAmount,"{""d_cor_accountingEntries"":""1"",""d_cor_entryDetail"":""7-C"",""d_cor_entryHeader"":""[\""20210406\"",\""900024\""]""}"
7,2,2021-04,2021-04-06,900024,Synthetic demo monthly payroll bundle 900024,6000,Demo Salaries,260850,00,00,0,,,D02,Demo Administration,,,0,,,0,,,,,7,"[""20210406"",""900024""]",7-D,,cor:monetaryAmount,"{""d_cor_accountingEntries"":""1"",""d_cor_entryDetail"":""7-D"",""d_cor_entryHeader"":""[\""20210406\"",\""900024\""]""}"
7,3,2021-04,2021-04-06,900024,Synthetic demo monthly payroll bundle 900024,6010,Demo Statutory Welfare,253980,00,00,0,,,D02,Demo Administration,,,0,,,0,,,,,8,"[""20210406"",""900024""]",8-D,,cor:monetaryAmount,"{""d_cor_accountingEntries"":""1"",""d_cor_entryDetail"":""8-D"",""d_cor_entryHeader"":""[\""20210406\"",\""900024\""]""}"
7,4,2021-04,2021-04-06,900024,Synthetic demo monthly payroll bundle 900024,2110,Demo Payroll Withholding,171620,00,00,0,,,D02,Demo Administration,,,0,,,0,,,,,9,"[""20210406"",""900024""]",9-D,,cor:monetaryAmount,"{""d_cor_accountingEntries"":""1"",""d_cor_entryDetail"":""9-D"",""d_cor_entryHeader"":""[\""20210406\"",\""900024\""]""}"
8,1,2021-04,2021-04-06,900027,Synthetic demo vendor settlement 900027,,,0,,,0,,,,,1100,Demo Central Ordinary Deposit,110390,00,00,0,B001,Demo Central Bank,D04,Demo Logistics,10,"[""20210406"",""900027""]",,10-C,cor:monetaryAmount,"{""d_cor_accountingEntries"":""1"",""d_cor_entryDetail"":""10-C"",""d_cor_entryHeader"":""[\""20210406\"",\""900027\""]""}"
8,2,2021-04,2021-04-06,900027,Synthetic demo vendor settlement 900027,2000,Demo Accounts Payable,110390,00,00,0,V001,Demo Vendor Keystone,D04,Demo Logistics,,,0,,,0,,,,,10,"[""20210406"",""900027""]",10-D,,cor:monetaryAmount,"{""d_cor_accountingEntries"":""1"",""d_cor_entryDetail"":""10-D"",""d_cor_entryHeader"":""[\""20210406\"",\""900027\""]""}"
9,1,2021-04,2021-04-07,900045,Synthetic demo purchase on account 900045,,,0,,,0,,,,,2000,Demo Accounts Payable,95580,00,00,0,V001,Demo Vendor Keystone,D04,Demo Logistics,11,"[""20210407"",""900045""]",,11-C,cor:monetaryAmount,"{""d_cor_accountingEntries"":""1"",""d_cor_entryDetail"":""11-C"",""d_cor_entryHeader"":""[\""20210407\"",\""900045\""]""}"
9,2,2021-04,2021-04-07,900045,Synthetic demo purchase on account 900045,5000,Demo Purchases,95580,Q5,Q5,8689,V006,Demo Vendor Prairie,D04,Demo Logistics,,,0,,,0,,,,,11,"[""20210407"",""900045""]",11-D,,cor:monetaryAmount,"{""d_cor_accountingEntries"":""1"",""d_cor_entryDetail"":""11-D"",""d_cor_entryHeader"":""[\""20210407\"",\""900045\""]""}"
10,1,2021-04,2021-04-07,900056,Synthetic demo purchase on account 900056,,,0,,,0,,,,,2000,Demo Accounts Payable,222250,00,00,0,V001,Demo Vendor Keystone,D04,Demo Logistics,12,"[""20210407"",""900056""]",,12-C,cor:monetaryAmount,"{""d_cor_accountingEntries"":""1"",""d_cor_entryDetail"":""12-C"",""d_cor_entryHeader"":""[\""20210407\"",\""900056\""]""}"
10,2,2021-04,2021-04-07,900056,Synthetic demo purchase on account 900056,5020,Demo Inventory Adjustment,222250,Q5,Q5,20205,V001,Demo Vendor Keystone,D04,Demo Logistics,,,0,,,0,,,,,12,"[""20210407"",""900056""]",12-D,,cor:monetaryAmount,"{""d_cor_accountingEntries"":""1"",""d_cor_entryDetail"":""12-D"",""d_cor_entryHeader"":""[\""20210407\"",\""900056\""]""}"
11,1,2021-04,2021-04-08,900020,Synthetic demo credit sale 900020,,,0,,,0,,,,,4020,Demo Other Operating Revenue,65230,B5,B5,5930,C001,Demo Customer Aurora,D01,Demo Sales,13,"[""20210408"",""900020""]",,13-C,cor:monetaryAmount,"{""d_cor_accountingEntries"":""1"",""d_cor_entryDetail"":""13-C"",""d_cor_entryHeader"":""[\""20210408\"",\""900020\""]""}"
11,2,2021-04,2021-04-08,900020,Synthetic demo credit sale 900020,1200,Demo Accounts Receivable,65230,00,00,0,C001,Demo Customer Aurora,D01,Demo Sales,,,0,,,0,,,,,13,"[""20210408"",""900020""]",13-D,,cor:monetaryAmount,"{""d_cor_accountingEntries"":""1"",""d_cor_entryDetail"":""13-D"",""d_cor_entryHeader"":""[\""20210408\"",\""900020\""]""}"
12,1,2021-04,2021-04-08,900028,Synthetic demo mixed sales and receipt 900028,1110,Demo North Current Deposit,418510,00,00,0,B002,North Demo Bank,D01,Demo Sales,,,0,,,0,,,,,14,"[""20210408"",""900028""]",14-D,,cor:monetaryAmount,"{""d_cor_accountingEntries"":""1"",""d_cor_entryDetail"":""14-D"",""d_cor_entryHeader"":""[\""20210408\"",\""900028\""]""}"
12,2,2021-04,2021-04-08,900028,Synthetic demo mixed sales and receipt 900028,1200,Demo Accounts Receivable,290830,00,00,0,C001,Demo Customer Aurora,D01,Demo Sales,,,0,,,0,,,,,15,"[""20210408"",""900028""]",15-D,,cor:monetaryAmount,"{""d_cor_accountingEntries"":""1"",""d_cor_entryDetail"":""15-D"",""d_cor_entryHeader"":""[\""20210408\"",\""900028\""]""}"
12,3,2021-04,2021-04-08,900028,Synthetic demo mixed sales and receipt 900028,,,0,,,0,,,,,4000,Demo Product Sales,397230,B5,B5,36112,C010,Demo Customer Juniper,D01,Demo Sales,16,"[""20210408"",""900028""]",,16-C,cor:monetaryAmount,"{""d_cor_accountingEntries"":""1"",""d_cor_entryDetail"":""16-C"",""d_cor_entryHeader"":""[\""20210408\"",\""900028\""]""}"
12,4,2021-04,2021-04-08,900028,Synthetic demo mixed sales and receipt 900028,,,0,,,0,,,,,4010,Demo Service Revenue,312110,B5,B5,28374,C001,Demo Customer Aurora,D01,Demo Sales,17,"[""20210408"",""900028""]",,17-C,cor:monetaryAmount,"{""d_cor_accountingEntries"":""1"",""d_cor_entryDetail"":""17-C"",""d_cor_entryHeader"":""[\""20210408\"",\""900028\""]""}"
13,1,2021-04,2021-04-09,900037,Synthetic demo operating cost bundle 900037,,,0,,,0,,,,,1110,Demo North Current Deposit,558900,00,00,0,B002,North Demo Bank,D03,Demo Operations,18,"[""20210409"",""900037""]",,18-C,cor:monetaryAmount,"{""d_cor_accountingEntries"":""1"",""d_cor_entryDetail"":""18-C"",""d_cor_entryHeader"":""[\""20210409\"",\""900037\""]""}"
13,2,2021-04,2021-04-09,900037,Synthetic demo operating cost bundle 900037,6030,Demo Utilities,374460,Q5,Q5,34042,S002,Demo Energy Services,D03,Demo Operations,,,0,,,0,,,,,18,"[""20210409"",""900037""]",18-D,,cor:monetaryAmount,"{""d_cor_accountingEntries"":""1"",""d_cor_entryDetail"":""18-D"",""d_cor_entryHeader"":""[\""20210409\"",\""900037\""]""}"
13,3,2021-04,2021-04-09,900037,Synthetic demo operating cost bundle 900037,6040,Demo Communication,22350,Q5,Q5,2032,S003,Demo Network Services,D03,Demo Operations,,,0,,,0,,,,,19,"[""20210409"",""900037""]",19-D,,cor:monetaryAmount,"{""d_cor_accountingEntries"":""1"",""d_cor_entryDetail"":""19-D"",""d_cor_entryHeader"":""[\""20210409\"",\""900037\""]""}"
13,4,2021-04,2021-04-09,900037,Synthetic demo operating cost bundle 900037,6060,Demo Office Supplies,162090,Q5,Q5,14735,V008,Demo Vendor Rivulet,D03,Demo Operations,,,0,,,0,,,,,20,"[""20210409"",""900037""]",20-D,,cor:monetaryAmount,"{""d_cor_accountingEntries"":""1"",""d_cor_entryDetail"":""20-D"",""d_cor_entryHeader"":""[\""20210409\"",\""900037\""]""}"
14,1,2021-04,2021-04-10,900004,Synthetic demo customer receipt 900004,,,0,,,0,,,,,1200,Demo Accounts Receivable,200680,00,00,0,C001,Demo Customer Aurora,D01,Demo Sales,21,"[""20210410"",""900004""]",,21-C,cor:monetaryAmount,"{""d_cor_accountingEntries"":""1"",""d_cor_entryDetail"":""21-C"",""d_cor_entryHeader"":""[\""20210410\"",\""900004\""]""}"
14,2,2021-04,2021-04-10,900004,Synthetic demo customer receipt 900004,1110,Demo North Current Deposit,200680,00,00,0,B002,North Demo Bank,D01,Demo Sales,,,0,,,0,,,,,21,"[""20210410"",""900004""]",21-D,,cor:monetaryAmount,"{""d_cor_accountingEntries"":""1"",""d_cor_entryDetail"":""21-D"",""d_cor_entryHeader"":""[\""20210410\"",\""900004\""]""}"
15,1,2021-04,2021-04-11,900035,Synthetic demo purchase on account 900035,,,0,,,0,,,,,2000,Demo Accounts Payable,181350,00,00,0,V001,Demo Vendor Keystone,D04,Demo Logistics,22,"[""20210411"",""900035""]",,22-C,cor:monetaryAmount,"{""d_cor_accountingEntries"":""1"",""d_cor_entryDetail"":""22-C"",""d_cor_entryHeader"":""[\""20210411\"",\""900035\""]""}"
15,2,2021-04,2021-04-11,900035,Synthetic demo purchase on account 900035,5020,Demo Inventory Adjustment,181350,Q5,Q5,16486,V006,Demo Vendor Prairie,D04,Demo Logistics,,,0,,,0,,,,,22,"[""20210411"",""900035""]",22-D,,cor:monetaryAmount,"{""d_cor_accountingEntries"":""1"",""d_cor_entryDetail"":""22-D"",""d_cor_entryHeader"":""[\""20210411\"",\""900035\""]""}"
16,1,2021-04,2021-04-12,900003,Synthetic demo multi-vendor settlement 900003,2000,Demo Accounts Payable,298830,00,00,0,V001,Demo Vendor Keystone,D01,Demo Sales,,,0,,,0,,,,,23,"[""20210412"",""900003""]",23-D,,cor:monetaryAmount,"{""d_cor_accountingEntries"":""1"",""d_cor_entryDetail"":""23-D"",""d_cor_entryHeader"":""[\""20210412\"",\""900003\""]""}"
16,2,2021-04,2021-04-12,900003,Synthetic demo multi-vendor settlement 900003,2100,Demo Accrued Payables,380340,00,00,0,V007,Demo Vendor Quartz,D01,Demo Sales,,,0,,,0,,,,,24,"[""20210412"",""900003""]",24-D,,cor:monetaryAmount,"{""d_cor_accountingEntries"":""1"",""d_cor_entryDetail"":""24-D"",""d_cor_entryHeader"":""[\""20210412\"",\""900003\""]""}"
16,3,2021-04,2021-04-12,900003,Synthetic demo multi-vendor settlement 900003,,,0,,,0,,,,,1100,Demo Central Ordinary Deposit,516160,00,00,0,B001,Demo Central Bank,D01,Demo Sales,25,"[""20210412"",""900003""]",,25-C,cor:monetaryAmount,"{""d_cor_accountingEntries"":""1"",""d_cor_entryDetail"":""25-C"",""d_cor_entryHeader"":""[\""20210412\"",\""900003\""]""}"
16,4,2021-04,2021-04-12,900003,Synthetic demo multi-vendor settlement 900003,,,0,,,0,,,,,1110,Demo North Current Deposit,163010,00,00,0,B002,North Demo Bank,D01,Demo Sales,26,"[""20210412"",""900003""]",,26-C,cor:monetaryAmount,"{""d_cor_accountingEntries"":""1"",""d_cor_entryDetail"":""26-C"",""d_cor_entryHeader"":""[\""20210412\"",\""900003\""]""}"
17,1,2021-04,2021-04-12,900043,Synthetic demo operating cost bundle 900043,,,0,,,0,,,,,1110,Demo North Current Deposit,402120,00,00,0,B002,North Demo Bank,D03,Demo Operations,27,"[""20210412"",""900043""]",,27-C,cor:monetaryAmount,"{""d_cor_accountingEntries"":""1"",""d_cor_entryDetail"":""27-C"",""d_cor_entryHeader"":""[\""20210412\"",\""900043\""]""}"
17,2,2021-04,2021-04-12,900043,Synthetic demo operating cost bundle 900043,6030,Demo Utilities,108570,Q5,Q5,9870,S002,Demo Energy Services,D03,Demo Operations,,,0,,,0,,,,,27,"[""20210412"",""900043""]",27-D,,cor:monetaryAmount,"{""d_cor_accountingEntries"":""1"",""d_cor_entryDetail"":""27-D"",""d_cor_entryHeader"":""[\""20210412\"",\""900043\""]""}"
17,3,2021-04,2021-04-12,900043,Synthetic demo operating cost bundle 900043,6040,Demo Communication,80420,Q5,Q5,7311,S003,Demo Network Services,D03,Demo Operations,,,0,,,0,,,,,28,"[""20210412"",""900043""]",28-D,,cor:monetaryAmount,"{""d_cor_accountingEntries"":""1"",""d_cor_entryDetail"":""28-D"",""d_cor_entryHeader"":""[\""20210412\"",\""900043\""]""}"
17,4,2021-04,2021-04-12,900043,Synthetic demo operating cost bundle 900043,6060,Demo Office Supplies,213130,Q5,Q5,19375,V004,Demo Vendor Nimbus,D03,Demo Operations,,,0,,,0,,,,,29,"[""20210412"",""900043""]",29-D,,cor:monetaryAmount,"{""d_cor_accountingEntries"":""1"",""d_cor_entryDetail"":""29-D"",""d_cor_entryHeader"":""[\""20210412\"",\""900043\""]""}"
18,1,2021-04,2021-04-12,900060,Synthetic demo credit sale 900060,,,0,,,0,,,,,4000,Demo Product Sales,227480,B5,B5,20680,C001,Demo Customer Aurora,D01,Demo Sales,30,"[""20210412"",""900060""]",,30-C,cor:monetaryAmount,"{""d_cor_accountingEntries"":""1"",""d_cor_entryDetail"":""30-C"",""d_cor_entryHeader"":""[\""20210412\"",\""900060\""]""}"
18,2,2021-04,2021-04-12,900060,Synthetic demo credit sale 900060,1200,Demo Accounts Receivable,227480,00,00,0,C001,Demo Customer Aurora,D01,Demo Sales,,,0,,,0,,,,,30,"[""20210412"",""900060""]",30-D,,cor:monetaryAmount,"{""d_cor_accountingEntries"":""1"",""d_cor_entryDetail"":""30-D"",""d_cor_entryHeader"":""[\""20210412\"",\""900060\""]""}"
19,1,2021-04,2021-04-14,900026,Synthetic demo purchase on account 900026,,,0,,,0,,,,,2000,Demo Accounts Payable,78360,00,00,0,V001,Demo Vendor Keystone,D04,Demo Logistics,31,"[""20210414"",""900026""]",,31-C,cor:monetaryAmount,"{""d_cor_accountingEntries"":""1"",""d_cor_entryDetail"":""31-C"",""d_cor_entryHeader"":""[\""20210414\"",\""900026\""]""}"
19,2,2021-04,2021-04-14,900026,Synthetic demo purchase on account 900026,5020,Demo Inventory Adjustment,78360,Q5,Q5,7124,V001,Demo Vendor Keystone,D04,Demo Logistics,,,0,,,0,,,,,31,"[""20210414"",""900026""]",31-D,,cor:monetaryAmount,"{""d_cor_accountingEntries"":""1"",""d_cor_entryDetail"":""31-D"",""d_cor_entryHeader"":""[\""20210414\"",\""900026\""]""}"
20,1,2021-04,2021-04-14,900044,Synthetic demo customer receipt 900044,,,0,,,0,,,,,1200,Demo Accounts Receivable,489180,00,00,0,C001,Demo Customer Aurora,D01,Demo Sales,32,"[""20210414"",""900044""]",,32-C,cor:monetaryAmount,"{""d_cor_accountingEntries"":""1"",""d_cor_entryDetail"":""32-C"",""d_cor_entryHeader"":""[\""20210414\"",\""900044\""]""}"
20,2,2021-04,2021-04-14,900044,Synthetic demo customer receipt 900044,1120,Demo Harbor Ordinary Deposit,489180,00,00,0,B003,Harbor Demo Bank,D01,Demo Sales,,,0,,,0,,,,,32,"[""20210414"",""900044""]",32-D,,cor:monetaryAmount,"{""d_cor_accountingEntries"":""1"",""d_cor_entryDetail"":""32-D"",""d_cor_entryHeader"":""[\""20210414\"",\""900044\""]""}"
21,1,2021-04,2021-04-15,900031,Synthetic demo credit sale 900031,,,0,,,0,,,,,4010,Demo Service Revenue,372520,B5,B5,33865,C004,Demo Customer Dawn,D01,Demo Sales,33,"[""20210415"",""900031""]",,33-C,cor:monetaryAmount,"{""d_cor_accountingEntries"":""1"",""d_cor_entryDetail"":""33-C"",""d_cor_entryHeader"":""[\""20210415\"",\""900031\""]""}"
21,2,2021-04,2021-04-15,900031,Synthetic demo credit sale 900031,1200,Demo Accounts Receivable,372520,00,00,0,C001,Demo Customer Aurora,D01,Demo Sales,,,0,,,0,,,,,33,"[""20210415"",""900031""]",33-D,,cor:monetaryAmount,"{""d_cor_accountingEntries"":""1"",""d_cor_entryDetail"":""33-D"",""d_cor_entryHeader"":""[\""20210415\"",\""900031\""]""}"
22,1,2021-04,2021-04-15,900033,Synthetic demo customer receipt 900033,,,0,,,0,,,,,1200,Demo Accounts Receivable,341050,00,00,0,C001,Demo Customer Aurora,D01,Demo Sales,34,"[""20210415"",""900033""]",,34-C,cor:monetaryAmount,"{""d_cor_accountingEntries"":""1"",""d_cor_entryDetail"":""34-C"",""d_cor_entryHeader"":""[\""20210415\"",\""900033\""]""}"
22,2,2021-04,2021-04-15,900033,Synthetic demo customer receipt 900033,1100,Demo Central Ordinary Deposit,341050,00,00,0,B001,Demo Central Bank,D01,Demo Sales,,,0,,,0,,,,,34,"[""20210415"",""900033""]",34-D,,cor:monetaryAmount,"{""d_cor_accountingEntries"":""1"",""d_cor_entryDetail"":""34-D"",""d_cor_entryHeader"":""[\""20210415\"",\""900033\""]""}"
23,1,2021-04,2021-04-15,900048,Synthetic demo operating expense 900048,,,0,,,0,,,,,1100,Demo Central Ordinary Deposit,132570,00,00,0,B001,Demo Central Bank,D02,Demo Administration,35,"[""20210415"",""900048""]",,35-C,cor:monetaryAmount,"{""d_cor_accountingEntries"":""1"",""d_cor_entryDetail"":""35-C"",""d_cor_entryHeader"":""[\""20210415\"",\""900048\""]""}"
23,2,2021-04,2021-04-15,900048,Synthetic demo operating expense 900048,6140,Demo Vehicle Expense,132570,Q5,Q5,12052,V001,Demo Vendor Keystone,D02,Demo Administration,,,0,,,0,,,,,35,"[""20210415"",""900048""]",35-D,,cor:monetaryAmount,"{""d_cor_accountingEntries"":""1"",""d_cor_entryDetail"":""35-D"",""d_cor_entryHeader"":""[\""20210415\"",\""900048\""]""}"
24,1,2021-04,2021-04-15,900049,Synthetic demo multi-vendor settlement 900049,2000,Demo Accounts Payable,146320,00,00,0,V001,Demo Vendor Keystone,D01,Demo Sales,,,0,,,0,,,,,36,"[""20210415"",""900049""]",36-D,,cor:monetaryAmount,"{""d_cor_accountingEntries"":""1"",""d_cor_entryDetail"":""36-D"",""d_cor_entryHeader"":""[\""20210415\"",\""900049\""]""}"
24,2,2021-04,2021-04-15,900049,Synthetic demo multi-vendor settlement 900049,2100,Demo Accrued Payables,54120,00,00,0,V003,Demo Vendor Mosaic,D01,Demo Sales,,,0,,,0,,,,,37,"[""20210415"",""900049""]",37-D,,cor:monetaryAmount,"{""d_cor_accountingEntries"":""1"",""d_cor_entryDetail"":""37-D"",""d_cor_entryHeader"":""[\""20210415\"",\""900049\""]""}"
24,3,2021-04,2021-04-15,900049,Synthetic demo multi-vendor settlement 900049,,,0,,,0,,,,,1110,Demo North Current Deposit,156340,00,00,0,B002,North Demo Bank,D01,Demo Sales,38,"[""20210415"",""900049""]",,38-C,cor:monetaryAmount,"{""d_cor_accountingEntries"":""1"",""d_cor_entryDetail"":""38-C"",""d_cor_entryHeader"":""[\""20210415\"",\""900049\""]""}"
24,4,2021-04,2021-04-15,900049,Synthetic demo multi-vendor settlement 900049,,,0,,,0,,,,,1120,Demo Harbor Ordinary Deposit,44100,00,00,0,B003,Harbor Demo Bank,D01,Demo Sales,39,"[""20210415"",""900049""]",,39-C,cor:monetaryAmount,"{""d_cor_accountingEntries"":""1"",""d_cor_entryDetail"":""39-C"",""d_cor_entryHeader"":""[\""20210415\"",\""900049\""]""}"
25,1,2021-04,2021-04-16,900014,Synthetic demo customer receipt 900014,,,0,,,0,,,,,1200,Demo Accounts Receivable,270050,00,00,0,C001,Demo Customer Aurora,D01,Demo Sales,40,"[""20210416"",""900014""]",,40-C,cor:monetaryAmount,"{""d_cor_accountingEntries"":""1"",""d_cor_entryDetail"":""40-C"",""d_cor_entryHeader"":""[\""20210416\"",\""900014\""]""}"
25,2,2021-04,2021-04-16,900014,Synthetic demo customer receipt 900014,1120,Demo Harbor Ordinary Deposit,270050,00,00,0,B003,Harbor Demo Bank,D01,Demo Sales,,,0,,,0,,,,,40,"[""20210416"",""900014""]",40-D,,cor:monetaryAmount,"{""d_cor_accountingEntries"":""1"",""d_cor_entryDetail"":""40-D"",""d_cor_entryHeader"":""[\""20210416\"",\""900014\""]""}"
26,1,2021-04,2021-04-16,900034,Synthetic demo mixed sales and receipt 900034,1110,Demo North Current Deposit,388000,00,00,0,B002,North Demo Bank,D01,Demo Sales,,,0,,,0,,,,,41,"[""20210416"",""900034""]",41-D,,cor:monetaryAmount,"{""d_cor_accountingEntries"":""1"",""d_cor_entryDetail"":""41-D"",""d_cor_entryHeader"":""[\""20210416\"",\""900034\""]""}"
26,2,2021-04,2021-04-16,900034,Synthetic demo mixed sales and receipt 900034,1200,Demo Accounts Receivable,280970,00,00,0,C001,Demo Customer Aurora,D01,Demo Sales,,,0,,,0,,,,,42,"[""20210416"",""900034""]",42-D,,cor:monetaryAmount,"{""d_cor_accountingEntries"":""1"",""d_cor_entryDetail"":""42-D"",""d_cor_entryHeader"":""[\""20210416\"",\""900034\""]""}"
26,3,2021-04,2021-04-16,900034,Synthetic demo mixed sales and receipt 900034,,,0,,,0,,,,,4000,Demo Product Sales,247510,B5,B5,22501,C006,Demo Customer Fjord,D01,Demo Sales,43,"[""20210416"",""900034""]",,43-C,cor:monetaryAmount,"{""d_cor_accountingEntries"":""1"",""d_cor_entryDetail"":""43-C"",""d_cor_entryHeader"":""[\""20210416\"",\""900034\""]""}"
26,4,2021-04,2021-04-16,900034,Synthetic demo mixed sales and receipt 900034,,,0,,,0,,,,,4010,Demo Service Revenue,421460,R5,R5,31219,C007,Demo Customer Grove,D01,Demo Sales,44,"[""20210416"",""900034""]",,44-C,cor:monetaryAmount,"{""d_cor_accountingEntries"":""1"",""d_cor_entryDetail"":""44-C"",""d_cor_entryHeader"":""[\""20210416\"",\""900034\""]""}"
27,1,2021-04,2021-04-16,900046,Synthetic demo combined customer receipt 900046,,,0,,,0,,,,,1200,Demo Accounts Receivable,254860,00,00,0,C001,Demo Customer Aurora,D01,Demo Sales,45,"[""20210416"",""900046""]",,45-C,cor:monetaryAmount,"{""d_cor_accountingEntries"":""1"",""d_cor_entryDetail"":""45-C"",""d_cor_entryHeader"":""[\""20210416\"",\""900046\""]""}"
27,2,2021-04,2021-04-16,900046,Synthetic demo combined customer receipt 900046,1110,Demo North Current Deposit,424770,00,00,0,B002,North Demo Bank,D01,Demo Sales,,,0,,,0,,,,,45,"[""20210416"",""900046""]",45-D,,cor:monetaryAmount,"{""d_cor_accountingEntries"":""1"",""d_cor_entryDetail"":""45-D"",""d_cor_entryHeader"":""[\""20210416\"",\""900046\""]""}"
27,3,2021-04,2021-04-16,900046,Synthetic demo combined customer receipt 900046,,,0,,,0,,,,,1200,Demo Accounts Receivable,33980,00,00,0,C001,Demo Customer Aurora,D01,Demo Sales,46,"[""20210416"",""900046""]",,46-C,cor:monetaryAmount,"{""d_cor_accountingEntries"":""1"",""d_cor_entryDetail"":""46-C"",""d_cor_entryHeader"":""[\""20210416\"",\""900046\""]""}"
27,4,2021-04,2021-04-16,900046,Synthetic demo combined customer receipt 900046,,,0,,,0,,,,,1200,Demo Accounts Receivable,135930,00,00,0,C001,Demo Customer Aurora,D01,Demo Sales,47,"[""20210416"",""900046""]",,47-C,cor:monetaryAmount,"{""d_cor_accountingEntries"":""1"",""d_cor_entryDetail"":""47-C"",""d_cor_entryHeader"":""[\""20210416\"",\""900046\""]""}"
28,1,2021-04,2021-04-16,900058,Synthetic demo operating cost bundle 900058,,,0,,,0,,,,,1110,Demo North Current Deposit,515790,00,00,0,B002,North Demo Bank,D03,Demo Operations,48,"[""20210416"",""900058""]",,48-C,cor:monetaryAmount,"{""d_cor_accountingEntries"":""1"",""d_cor_entryDetail"":""48-C"",""d_cor_entryHeader"":""[\""20210416\"",\""900058\""]""}"
28,2,2021-04,2021-04-16,900058,Synthetic demo operating cost bundle 900058,6030,Demo Utilities,92840,Q5,Q5,8440,S002,Demo Energy Services,D03,Demo Operations,,,0,,,0,,,,,48,"[""20210416"",""900058""]",48-D,,cor:monetaryAmount,"{""d_cor_accountingEntries"":""1"",""d_cor_entryDetail"":""48-D"",""d_cor_entryHeader"":""[\""20210416\"",\""900058\""]""}"
28,3,2021-04,2021-04-16,900058,Synthetic demo operating cost bundle 900058,6040,Demo Communication,154730,Q5,Q5,14066,S003,Demo Network Services,D03,Demo Operations,,,0,,,0,,,,,49,"[""20210416"",""900058""]",49-D,,cor:monetaryAmount,"{""d_cor_accountingEntries"":""1"",""d_cor_entryDetail"":""49-D"",""d_cor_entryHeader"":""[\""20210416\"",\""900058\""]""}"
28,4,2021-04,2021-04-16,900058,Synthetic demo operating cost bundle 900058,6060,Demo Office Supplies,268220,Q5,Q5,24384,V009,Demo Vendor Summit,D03,Demo Operations,,,0,,,0,,,,,50,"[""20210416"",""900058""]",50-D,,cor:monetaryAmount,"{""d_cor_accountingEntries"":""1"",""d_cor_entryDetail"":""50-D"",""d_cor_entryHeader"":""[\""20210416\"",\""900058\""]""}"
29,1,2021-04,2021-04-17,900007,Synthetic demo vendor settlement 900007,,,0,,,0,,,,,1110,Demo North Current Deposit,106280,00,00,0,B002,North Demo Bank,D04,Demo Logistics,51,"[""20210417"",""900007""]",,51-C,cor:monetaryAmount,"{""d_cor_accountingEntries"":""1"",""d_cor_entryDetail"":""51-C"",""d_cor_entryHeader"":""[\""20210417\"",\""900007\""]""}"
29,2,2021-04,2021-04-17,900007,Synthetic demo vendor settlement 900007,2000,Demo Accounts Payable,106280,00,00,0,V001,Demo Vendor Keystone,D04,Demo Logistics,,,0,,,0,,,,,51,"[""20210417"",""900007""]",51-D,,cor:monetaryAmount,"{""d_cor_accountingEntries"":""1"",""d_cor_entryDetail"":""51-D"",""d_cor_entryHeader"":""[\""20210417\"",\""900007\""]""}"
30,1,2021-04,2021-04-17,900051,Synthetic demo credit sale 900051,,,0,,,0,,,,,4000,Demo Product Sales,496230,B5,B5,45112,C004,Demo Customer Dawn,D01,Demo Sales,52,"[""20210417"",""900051""]",,52-C,cor:monetaryAmount,"{""d_cor_accountingEntries"":""1"",""d_cor_entryDetail"":""52-C"",""d_cor_entryHeader"":""[\""20210417\"",\""900051\""]""}"
30,2,2021-04,2021-04-17,900051,Synthetic demo credit sale 900051,1200,Demo Accounts Receivable,496230,00,00,0,C001,Demo Customer Aurora,D01,Demo Sales,,,0,,,0,,,,,52,"[""20210417"",""900051""]",52-D,,cor:monetaryAmount,"{""d_cor_accountingEntries"":""1"",""d_cor_entryDetail"":""52-D"",""d_cor_entryHeader"":""[\""20210417\"",\""900051\""]""}"
31,1,2021-04,2021-04-18,900008,Synthetic demo operating expense 900008,,,0,,,0,,,,,1120,Demo Harbor Ordinary Deposit,71340,00,00,0,B003,Harbor Demo Bank,D05,Demo Digital Services,53,"[""20210418"",""900008""]",,53-C,cor:monetaryAmount,"{""d_cor_accountingEntries"":""1"",""d_cor_entryDetail"":""53-C"",""d_cor_entryHeader"":""[\""20210418\"",\""900008\""]""}"
31,2,2021-04,2021-04-18,900008,Synthetic demo operating expense 900008,6100,Demo Repairs,71340,Q5,Q5,6485,V001,Demo Vendor Keystone,D05,Demo Digital Services,,,0,,,0,,,,,53,"[""20210418"",""900008""]",53-D,,cor:monetaryAmount,"{""d_cor_accountingEntries"":""1"",""d_cor_entryDetail"":""53-D"",""d_cor_entryHeader"":""[\""20210418\"",\""900008\""]""}"
32,1,2021-04,2021-04-18,900023,Synthetic demo customer receipt 900023,,,0,,,0,,,,,1200,Demo Accounts Receivable,323360,00,00,0,C001,Demo Customer Aurora,D01,Demo Sales,54,"[""20210418"",""900023""]",,54-C,cor:monetaryAmount,"{""d_cor_accountingEntries"":""1"",""d_cor_entryDetail"":""54-C"",""d_cor_entryHeader"":""[\""20210418\"",\""900023\""]""}"
32,2,2021-04,2021-04-18,900023,Synthetic demo customer receipt 900023,1120,Demo Harbor Ordinary Deposit,323360,00,00,0,B003,Harbor Demo Bank,D01,Demo Sales,,,0,,,0,,,,,54,"[""20210418"",""900023""]",54-D,,cor:monetaryAmount,"{""d_cor_accountingEntries"":""1"",""d_cor_entryDetail"":""54-D"",""d_cor_entryHeader"":""[\""20210418\"",\""900023\""]""}"
33,1,2021-04,2021-04-19,900030,Synthetic demo monthly payroll bundle 900030,,,0,,,0,,,,,1100,Demo Central Ordinary Deposit,660970,00,00,0,B001,Demo Central Bank,D02,Demo Administration,55,"[""20210419"",""900030""]",,55-C,cor:monetaryAmount,"{""d_cor_accountingEntries"":""1"",""d_cor_entryDetail"":""55-C"",""d_cor_entryHeader"":""[\""20210419\"",\""900030\""]""}"
33,2,2021-04,2021-04-19,900030,Synthetic demo monthly payroll bundle 900030,6000,Demo Salaries,277600,00,00,0,,,D02,Demo Administration,,,0,,,0,,,,,55,"[""20210419"",""900030""]",55-D,,cor:monetaryAmount,"{""d_cor_accountingEntries"":""1"",""d_cor_entryDetail"":""55-D"",""d_cor_entryHeader"":""[\""20210419\"",\""900030\""]""}"
33,3,2021-04,2021-04-19,900030,Synthetic demo monthly payroll bundle 900030,6010,Demo Statutory Welfare,112360,00,00,0,,,D02,Demo Administration,,,0,,,0,,,,,56,"[""20210419"",""900030""]",56-D,,cor:monetaryAmount,"{""d_cor_accountingEntries"":""1"",""d_cor_entryDetail"":""56-D"",""d_cor_entryHeader"":""[\""20210419\"",\""900030\""]""}"
33,4,2021-04,2021-04-19,900030,Synthetic demo monthly payroll bundle 900030,2110,Demo Payroll Withholding,271010,00,00,0,,,D02,Demo Administration,,,0,,,0,,,,,57,"[""20210419"",""900030""]",57-D,,cor:monetaryAmount,"{""d_cor_accountingEntries"":""1"",""d_cor_entryDetail"":""57-D"",""d_cor_entryHeader"":""[\""20210419\"",\""900030\""]""}"
34,1,2021-04,2021-04-19,900032,Synthetic demo credit sale 900032,,,0,,,0,,,,,4020,Demo Other Operating Revenue,104340,B5,B5,9485,C007,Demo Customer Grove,D01,Demo Sales,58,"[""20210419"",""900032""]",,58-C,cor:monetaryAmount,"{""d_cor_accountingEntries"":""1"",""d_cor_entryDetail"":""58-C"",""d_cor_entryHeader"":""[\""20210419\"",\""900032\""]""}"
34,2,2021-04,2021-04-19,900032,Synthetic demo credit sale 900032,1200,Demo Accounts Receivable,104340,00,00,0,C001,Demo Customer Aurora,D01,Demo Sales,,,0,,,0,,,,,58,"[""20210419"",""900032""]",58-D,,cor:monetaryAmount,"{""d_cor_accountingEntries"":""1"",""d_cor_entryDetail"":""58-D"",""d_cor_entryHeader"":""[\""20210419\"",\""900032\""]""}"
35,1,2021-04,2021-04-19,900036,Synthetic demo purchase on account 900036,,,0,,,0,,,,,2000,Demo Accounts Payable,68760,00,00,0,V001,Demo Vendor Keystone,D04,Demo Logistics,59,"[""20210419"",""900036""]",,59-C,cor:monetaryAmount,"{""d_cor_accountingEntries"":""1"",""d_cor_entryDetail"":""59-C"",""d_cor_entryHeader"":""[\""20210419\"",\""900036\""]""}"
35,2,2021-04,2021-04-19,900036,Synthetic demo purchase on account 900036,5000,Demo Purchases,68760,Q5,Q5,6251,V001,Demo Vendor Keystone,D04,Demo Logistics,,,0,,,0,,,,,59,"[""20210419"",""900036""]",59-D,,cor:monetaryAmount,"{""d_cor_accountingEntries"":""1"",""d_cor_entryDetail"":""59-D"",""d_cor_entryHeader"":""[\""20210419\"",\""900036\""]""}"
36,1,2021-04,2021-04-19,900055,Synthetic demo multi-vendor settlement 900055,2000,Demo Accounts Payable,87280,00,00,0,V001,Demo Vendor Keystone,D01,Demo Sales,,,0,,,0,,,,,60,"[""20210419"",""900055""]",60-D,,cor:monetaryAmount,"{""d_cor_accountingEntries"":""1"",""d_cor_entryDetail"":""60-D"",""d_cor_entryHeader"":""[\""20210419\"",\""900055\""]""}"
36,2,2021-04,2021-04-19,900055,Synthetic demo multi-vendor settlement 900055,2100,Demo Accrued Payables,194270,00,00,0,V009,Demo Vendor Summit,D01,Demo Sales,,,0,,,0,,,,,61,"[""20210419"",""900055""]",61-D,,cor:monetaryAmount,"{""d_cor_accountingEntries"":""1"",""d_cor_entryDetail"":""61-D"",""d_cor_entryHeader"":""[\""20210419\"",\""900055\""]""}"
36,3,2021-04,2021-04-19,900055,Synthetic demo multi-vendor settlement 900055,,,0,,,0,,,,,1110,Demo North Current Deposit,219600,00,00,0,B002,North Demo Bank,D01,Demo Sales,62,"[""20210419"",""900055""]",,62-C,cor:monetaryAmount,"{""d_cor_accountingEntries"":""1"",""d_cor_entryDetail"":""62-C"",""d_cor_entryHeader"":""[\""20210419\"",\""900055\""]""}"
36,4,2021-04,2021-04-19,900055,Synthetic demo multi-vendor settlement 900055,,,0,,,0,,,,,1120,Demo Harbor Ordinary Deposit,61950,00,00,0,B003,Harbor Demo Bank,D01,Demo Sales,63,"[""20210419"",""900055""]",,63-C,cor:monetaryAmount,"{""d_cor_accountingEntries"":""1"",""d_cor_entryDetail"":""63-C"",""d_cor_entryHeader"":""[\""20210419\"",\""900055\""]""}"
37,1,2021-04,2021-04-20,900005,Synthetic demo financing settlement 900005,,,0,,,0,,,,,1120,Demo Harbor Ordinary Deposit,398610,00,00,0,B003,Harbor Demo Bank,D06,Demo Management,64,"[""20210420"",""900005""]",,64-C,cor:monetaryAmount,"{""d_cor_accountingEntries"":""1"",""d_cor_entryDetail"":""64-C"",""d_cor_entryHeader"":""[\""20210420\"",\""900005\""]""}"
37,2,2021-04,2021-04-20,900005,Synthetic demo financing settlement 900005,2200,Demo Short-term Loans,127550,00,00,0,,,D06,Demo Management,,,0,,,0,,,,,64,"[""20210420"",""900005""]",64-D,,cor:monetaryAmount,"{""d_cor_accountingEntries"":""1"",""d_cor_entryDetail"":""64-D"",""d_cor_entryHeader"":""[\""20210420\"",\""900005\""]""}"
37,3,2021-04,2021-04-20,900005,Synthetic demo financing settlement 900005,6070,Demo Bank Fees,187340,00,00,0,B003,Harbor Demo Bank,D06,Demo Management,,,0,,,0,,,,,65,"[""20210420"",""900005""]",65-D,,cor:monetaryAmount,"{""d_cor_accountingEntries"":""1"",""d_cor_entryDetail"":""65-D"",""d_cor_entryHeader"":""[\""20210420\"",\""900005\""]""}"
37,4,2021-04,2021-04-20,900005,Synthetic demo financing settlement 900005,7000,Demo Taxes and Dues,83720,P0,P0,0,,,D06,Demo Management,,,0,,,0,,,,,66,"[""20210420"",""900005""]",66-D,,cor:monetaryAmount,"{""d_cor_accountingEntries"":""1"",""d_cor_entryDetail"":""66-D"",""d_cor_entryHeader"":""[\""20210420\"",\""900005\""]""}"
38,1,2021-04,2021-04-20,900015,Synthetic demo multi-vendor settlement 900015,2000,Demo Accounts Payable,479460,00,00,0,V001,Demo Vendor Keystone,D01,Demo Sales,,,0,,,0,,,,,67,"[""20210420"",""900015""]",67-D,,cor:monetaryAmount,"{""d_cor_accountingEntries"":""1"",""d_cor_entryDetail"":""67-D"",""d_cor_entryHeader"":""[\""20210420\"",\""900015\""]""}"
38,2,2021-04,2021-04-20,900015,Synthetic demo multi-vendor settlement 900015,2100,Demo Accrued Payables,135240,00,00,0,V009,Demo Vendor Summit,D01,Demo Sales,,,0,,,0,,,,,68,"[""20210420"",""900015""]",68-D,,cor:monetaryAmount,"{""d_cor_accountingEntries"":""1"",""d_cor_entryDetail"":""68-D"",""d_cor_entryHeader"":""[\""20210420\"",\""900015\""]""}"
38,3,2021-04,2021-04-20,900015,Synthetic demo multi-vendor settlement 900015,,,0,,,0,,,,,1100,Demo Central Ordinary Deposit,116790,00,00,0,B001,Demo Central Bank,D01,Demo Sales,69,"[""20210420"",""900015""]",,69-C,cor:monetaryAmount,"{""d_cor_accountingEntries"":""1"",""d_cor_entryDetail"":""69-C"",""d_cor_entryHeader"":""[\""20210420\"",\""900015\""]""}"
38,4,2021-04,2021-04-20,900015,Synthetic demo multi-vendor settlement 900015,,,0,,,0,,,,,1110,Demo North Current Deposit,497910,00,00,0,B002,North Demo Bank,D01,Demo Sales,70,"[""20210420"",""900015""]",,70-C,cor:monetaryAmount,"{""d_cor_accountingEntries"":""1"",""d_cor_entryDetail"":""70-C"",""d_cor_entryHeader"":""[\""20210420\"",\""900015\""]""}"
39,1,2021-04,2021-04-20,900029,Synthetic demo prepaid service 900029,,,0,,,0,,,,,1120,Demo Harbor Ordinary Deposit,183370,00,00,0,B003,Harbor Demo Bank,D05,Demo Digital Services,71,"[""20210420"",""900029""]",,71-C,cor:monetaryAmount,"{""d_cor_accountingEntries"":""1"",""d_cor_entryDetail"":""71-C"",""d_cor_entryHeader"":""[\""20210420\"",\""900029\""]""}"
39,2,2021-04,2021-04-20,900029,Synthetic demo prepaid service 900029,1400,Demo Prepaid Expenses,183370,00,00,0,S001,Demo Property Services,D05,Demo Digital Services,,,0,,,0,,,,,71,"[""20210420"",""900029""]",71-D,,cor:monetaryAmount,"{""d_cor_accountingEntries"":""1"",""d_cor_entryDetail"":""71-D"",""d_cor_entryHeader"":""[\""20210420\"",\""900029\""]""}"
40,1,2021-04,2021-04-20,900039,Synthetic demo prepaid service 900039,,,0,,,0,,,,,1100,Demo Central Ordinary Deposit,83970,00,00,0,B001,Demo Central Bank,D05,Demo Digital Services,72,"[""20210420"",""900039""]",,72-C,cor:monetaryAmount,"{""d_cor_accountingEntries"":""1"",""d_cor_entryDetail"":""72-C"",""d_cor_entryHeader"":""[\""20210420\"",\""900039\""]""}"
40,2,2021-04,2021-04-20,900039,Synthetic demo prepaid service 900039,1400,Demo Prepaid Expenses,83970,00,00,0,S005,Demo Professional Services,D05,Demo Digital Services,,,0,,,0,,,,,72,"[""20210420"",""900039""]",72-D,,cor:monetaryAmount,"{""d_cor_accountingEntries"":""1"",""d_cor_entryDetail"":""72-D"",""d_cor_entryHeader"":""[\""20210420\"",\""900039\""]""}"
41,1,2021-04,2021-04-22,900016,Synthetic demo purchase on account 900016,,,0,,,0,,,,,2000,Demo Accounts Payable,241670,00,00,0,V001,Demo Vendor Keystone,D04,Demo Logistics,73,"[""20210422"",""900016""]",,73-C,cor:monetaryAmount,"{""d_cor_accountingEntries"":""1"",""d_cor_entryDetail"":""73-C"",""d_cor_entryHeader"":""[\""20210422\"",\""900016\""]""}"
41,2,2021-04,2021-04-22,900016,Synthetic demo purchase on account 900016,5010,Demo Freight-in,241670,Q5,Q5,21970,V001,Demo Vendor Keystone,D04,Demo Logistics,,,0,,,0,,,,,73,"[""20210422"",""900016""]",73-D,,cor:monetaryAmount,"{""d_cor_accountingEntries"":""1"",""d_cor_entryDetail"":""73-D"",""d_cor_entryHeader"":""[\""20210422\"",\""900016\""]""}"
42,1,2021-04,2021-04-22,900021,Synthetic demo multi-vendor settlement 900021,2000,Demo Accounts Payable,189620,00,00,0,V001,Demo Vendor Keystone,D01,Demo Sales,,,0,,,0,,,,,74,"[""20210422"",""900021""]",74-D,,cor:monetaryAmount,"{""d_cor_accountingEntries"":""1"",""d_cor_entryDetail"":""74-D"",""d_cor_entryHeader"":""[\""20210422\"",\""900021\""]""}"
42,2,2021-04,2021-04-22,900021,Synthetic demo multi-vendor settlement 900021,2100,Demo Accrued Payables,93400,00,00,0,V005,Demo Vendor Orchid,D01,Demo Sales,,,0,,,0,,,,,75,"[""20210422"",""900021""]",75-D,,cor:monetaryAmount,"{""d_cor_accountingEntries"":""1"",""d_cor_entryDetail"":""75-D"",""d_cor_entryHeader"":""[\""20210422\"",\""900021\""]""}"
42,3,2021-04,2021-04-22,900021,Synthetic demo multi-vendor settlement 900021,,,0,,,0,,,,,1100,Demo Central Ordinary Deposit,90560,00,00,0,B001,Demo Central Bank,D01,Demo Sales,76,"[""20210422"",""900021""]",,76-C,cor:monetaryAmount,"{""d_cor_accountingEntries"":""1"",""d_cor_entryDetail"":""76-C"",""d_cor_entryHeader"":""[\""20210422\"",\""900021\""]""}"
42,4,2021-04,2021-04-22,900021,Synthetic demo multi-vendor settlement 900021,,,0,,,0,,,,,1110,Demo North Current Deposit,192460,00,00,0,B002,North Demo Bank,D01,Demo Sales,77,"[""20210422"",""900021""]",,77-C,cor:monetaryAmount,"{""d_cor_accountingEntries"":""1"",""d_cor_entryDetail"":""77-C"",""d_cor_entryHeader"":""[\""20210422\"",\""900021\""]""}"
43,1,2021-04,2021-04-22,900025,Synthetic demo purchase on account 900025,,,0,,,0,,,,,2000,Demo Accounts Payable,187410,00,00,0,V001,Demo Vendor Keystone,D04,Demo Logistics,78,"[""20210422"",""900025""]",,78-C,cor:monetaryAmount,"{""d_cor_accountingEntries"":""1"",""d_cor_entryDetail"":""78-C"",""d_cor_entryHeader"":""[\""20210422\"",\""900025\""]""}"
43,2,2021-04,2021-04-22,900025,Synthetic demo purchase on account 900025,5010,Demo Freight-in,187410,Q5,Q5,17037,V006,Demo Vendor Prairie,D04,Demo Logistics,,,0,,,0,,,,,78,"[""20210422"",""900025""]",78-D,,cor:monetaryAmount,"{""d_cor_accountingEntries"":""1"",""d_cor_entryDetail"":""78-D"",""d_cor_entryHeader"":""[\""20210422\"",\""900025\""]""}"
44,1,2021-04,2021-04-22,900040,Synthetic demo mixed sales and receipt 900040,1110,Demo North Current Deposit,43800,00,00,0,B002,North Demo Bank,D01,Demo Sales,,,0,,,0,,,,,79,"[""20210422"",""900040""]",79-D,,cor:monetaryAmount,"{""d_cor_accountingEntries"":""1"",""d_cor_entryDetail"":""79-D"",""d_cor_entryHeader"":""[\""20210422\"",\""900040\""]""}"
44,2,2021-04,2021-04-22,900040,Synthetic demo mixed sales and receipt 900040,1200,Demo Accounts Receivable,164790,00,00,0,C001,Demo Customer Aurora,D01,Demo Sales,,,0,,,0,,,,,80,"[""20210422"",""900040""]",80-D,,cor:monetaryAmount,"{""d_cor_accountingEntries"":""1"",""d_cor_entryDetail"":""80-D"",""d_cor_entryHeader"":""[\""20210422\"",\""900040\""]""}"
44,3,2021-04,2021-04-22,900040,Synthetic demo mixed sales and receipt 900040,,,0,,,0,,,,,4000,Demo Product Sales,60490,B5,B5,5499,C002,Demo Customer Birch,D01,Demo Sales,81,"[""20210422"",""900040""]",,81-C,cor:monetaryAmount,"{""d_cor_accountingEntries"":""1"",""d_cor_entryDetail"":""81-C"",""d_cor_entryHeader"":""[\""20210422\"",\""900040\""]""}"
44,4,2021-04,2021-04-22,900040,Synthetic demo mixed sales and receipt 900040,,,0,,,0,,,,,4010,Demo Service Revenue,148100,B5,B5,13464,C003,Demo Customer Cobalt,D01,Demo Sales,82,"[""20210422"",""900040""]",,82-C,cor:monetaryAmount,"{""d_cor_accountingEntries"":""1"",""d_cor_entryDetail"":""82-C"",""d_cor_entryHeader"":""[\""20210422\"",\""900040\""]""}"
45,1,2021-04,2021-04-23,900002,Synthetic demo credit sale 900002,,,0,,,0,,,,,4020,Demo Other Operating Revenue,152170,B5,B5,13834,C007,Demo Customer Grove,D01,Demo Sales,83,"[""20210423"",""900002""]",,83-C,cor:monetaryAmount,"{""d_cor_accountingEntries"":""1"",""d_cor_entryDetail"":""83-C"",""d_cor_entryHeader"":""[\""20210423\"",\""900002\""]""}"
45,2,2021-04,2021-04-23,900002,Synthetic demo credit sale 900002,1200,Demo Accounts Receivable,152170,00,00,0,C001,Demo Customer Aurora,D01,Demo Sales,,,0,,,0,,,,,83,"[""20210423"",""900002""]",83-D,,cor:monetaryAmount,"{""d_cor_accountingEntries"":""1"",""d_cor_entryDetail"":""83-D"",""d_cor_entryHeader"":""[\""20210423\"",\""900002\""]""}"
46,1,2021-04,2021-04-23,900041,Synthetic demo credit sale 900041,,,0,,,0,,,,,4020,Demo Other Operating Revenue,97700,B5,B5,8882,C004,Demo Customer Dawn,D01,Demo Sales,84,"[""20210423"",""900041""]",,84-C,cor:monetaryAmount,"{""d_cor_accountingEntries"":""1"",""d_cor_entryDetail"":""84-C"",""d_cor_entryHeader"":""[\""20210423\"",\""900041\""]""}"
46,2,2021-04,2021-04-23,900041,Synthetic demo credit sale 900041,1200,Demo Accounts Receivable,97700,00,00,0,C001,Demo Customer Aurora,D01,Demo Sales,,,0,,,0,,,,,84,"[""20210423"",""900041""]",84-D,,cor:monetaryAmount,"{""d_cor_accountingEntries"":""1"",""d_cor_entryDetail"":""84-D"",""d_cor_entryHeader"":""[\""20210423\"",\""900041\""]""}"
47,1,2021-04,2021-04-23,900052,Synthetic demo operating cost bundle 900052,,,0,,,0,,,,,1110,Demo North Current Deposit,246630,00,00,0,B002,North Demo Bank,D03,Demo Operations,85,"[""20210423"",""900052""]",,85-C,cor:monetaryAmount,"{""d_cor_accountingEntries"":""1"",""d_cor_entryDetail"":""85-C"",""d_cor_entryHeader"":""[\""20210423\"",\""900052\""]""}"
47,2,2021-04,2021-04-23,900052,Synthetic demo operating cost bundle 900052,6030,Demo Utilities,96180,Q5,Q5,8744,S002,Demo Energy Services,D03,Demo Operations,,,0,,,0,,,,,85,"[""20210423"",""900052""]",85-D,,cor:monetaryAmount,"{""d_cor_accountingEntries"":""1"",""d_cor_entryDetail"":""85-D"",""d_cor_entryHeader"":""[\""20210423\"",\""900052\""]""}"
47,3,2021-04,2021-04-23,900052,Synthetic demo operating cost bundle 900052,6040,Demo Communication,59190,Q5,Q5,5381,S003,Demo Network Services,D03,Demo Operations,,,0,,,0,,,,,86,"[""20210423"",""900052""]",86-D,,cor:monetaryAmount,"{""d_cor_accountingEntries"":""1"",""d_cor_entryDetail"":""86-D"",""d_cor_entryHeader"":""[\""20210423\"",\""900052\""]""}"
47,4,2021-04,2021-04-23,900052,Synthetic demo operating cost bundle 900052,6060,Demo Office Supplies,91260,Q5,Q5,8296,V003,Demo Vendor Mosaic,D03,Demo Operations,,,0,,,0,,,,,87,"[""20210423"",""900052""]",87-D,,cor:monetaryAmount,"{""d_cor_accountingEntries"":""1"",""d_cor_entryDetail"":""87-D"",""d_cor_entryHeader"":""[\""20210423\"",\""900052\""]""}"
48,1,2021-04,2021-04-24,900009,Synthetic demo multi-vendor settlement 900009,2000,Demo Accounts Payable,206960,00,00,0,V001,Demo Vendor Keystone,D01,Demo Sales,,,0,,,0,,,,,88,"[""20210424"",""900009""]",88-D,,cor:monetaryAmount,"{""d_cor_accountingEntries"":""1"",""d_cor_entryDetail"":""88-D"",""d_cor_entryHeader"":""[\""20210424\"",\""900009\""]""}"
48,2,2021-04,2021-04-24,900009,Synthetic demo multi-vendor settlement 900009,2100,Demo Accrued Payables,101950,00,00,0,V003,Demo Vendor Mosaic,D01,Demo Sales,,,0,,,0,,,,,89,"[""20210424"",""900009""]",89-D,,cor:monetaryAmount,"{""d_cor_accountingEntries"":""1"",""d_cor_entryDetail"":""89-D"",""d_cor_entryHeader"":""[\""20210424\"",\""900009\""]""}"
48,3,2021-04,2021-04-24,900009,Synthetic demo multi-vendor settlement 900009,,,0,,,0,,,,,1100,Demo Central Ordinary Deposit,52510,00,00,0,B001,Demo Central Bank,D01,Demo Sales,90,"[""20210424"",""900009""]",,90-C,cor:monetaryAmount,"{""d_cor_accountingEntries"":""1"",""d_cor_entryDetail"":""90-C"",""d_cor_entryHeader"":""[\""20210424\"",\""900009\""]""}"
48,4,2021-04,2021-04-24,900009,Synthetic demo multi-vendor settlement 900009,,,0,,,0,,,,,1110,Demo North Current Deposit,256400,00,00,0,B002,North Demo Bank,D01,Demo Sales,91,"[""20210424"",""900009""]",,91-C,cor:monetaryAmount,"{""d_cor_accountingEntries"":""1"",""d_cor_entryDetail"":""91-C"",""d_cor_entryHeader"":""[\""20210424\"",\""900009\""]""}"
49,1,2021-04,2021-04-24,900019,Synthetic demo prepaid service 900019,,,0,,,0,,,,,1110,Demo North Current Deposit,83490,00,00,0,B002,North Demo Bank,D05,Demo Digital Services,92,"[""20210424"",""900019""]",,92-C,cor:monetaryAmount,"{""d_cor_accountingEntries"":""1"",""d_cor_entryDetail"":""92-C"",""d_cor_entryHeader"":""[\""20210424\"",\""900019\""]""}"
49,2,2021-04,2021-04-24,900019,Synthetic demo prepaid service 900019,1400,Demo Prepaid Expenses,83490,00,00,0,S002,Demo Energy Services,D05,Demo Digital Services,,,0,,,0,,,,,92,"[""20210424"",""900019""]",92-D,,cor:monetaryAmount,"{""d_cor_accountingEntries"":""1"",""d_cor_entryDetail"":""92-D"",""d_cor_entryHeader"":""[\""20210424\"",\""900019\""]""}"
50,1,2021-04,2021-04-24,900038,Synthetic demo operating expense 900038,,,0,,,0,,,,,1120,Demo Harbor Ordinary Deposit,34930,00,00,0,B003,Harbor Demo Bank,D05,Demo Digital Services,93,"[""20210424"",""900038""]",,93-C,cor:monetaryAmount,"{""d_cor_accountingEntries"":""1"",""d_cor_entryDetail"":""93-C"",""d_cor_entryHeader"":""[\""20210424\"",\""900038\""]""}"
50,2,2021-04,2021-04-24,900038,Synthetic demo operating expense 900038,6040,Demo Communication,34930,Q5,Q5,3175,V001,Demo Vendor Keystone,D05,Demo Digital Services,,,0,,,0,,,,,93,"[""20210424"",""900038""]",93-D,,cor:monetaryAmount,"{""d_cor_accountingEntries"":""1"",""d_cor_entryDetail"":""93-D"",""d_cor_entryHeader"":""[\""20210424\"",\""900038\""]""}"
51,1,2021-04,2021-04-25,900042,Synthetic demo credit sale 900042,,,0,,,0,,,,,4000,Demo Product Sales,70700,B5,B5,6427,C007,Demo Customer Grove,D01,Demo Sales,94,"[""20210425"",""900042""]",,94-C,cor:monetaryAmount,"{""d_cor_accountingEntries"":""1"",""d_cor_entryDetail"":""94-C"",""d_cor_entryHeader"":""[\""20210425\"",\""900042\""]""}"
51,2,2021-04,2021-04-25,900042,Synthetic demo credit sale 900042,1200,Demo Accounts Receivable,70700,00,00,0,C001,Demo Customer Aurora,D01,Demo Sales,,,0,,,0,,,,,94,"[""20210425"",""900042""]",94-D,,cor:monetaryAmount,"{""d_cor_accountingEntries"":""1"",""d_cor_entryDetail"":""94-D"",""d_cor_entryHeader"":""[\""20210425\"",\""900042\""]""}"
52,1,2021-04,2021-04-26,900057,Synthetic demo vendor settlement 900057,,,0,,,0,,,,,1100,Demo Central Ordinary Deposit,122790,00,00,0,B001,Demo Central Bank,D04,Demo Logistics,95,"[""20210426"",""900057""]",,95-C,cor:monetaryAmount,"{""d_cor_accountingEntries"":""1"",""d_cor_entryDetail"":""95-C"",""d_cor_entryHeader"":""[\""20210426\"",\""900057\""]""}"
52,2,2021-04,2021-04-26,900057,Synthetic demo vendor settlement 900057,2000,Demo Accounts Payable,122790,00,00,0,V001,Demo Vendor Keystone,D04,Demo Logistics,,,0,,,0,,,,,95,"[""20210426"",""900057""]",95-D,,cor:monetaryAmount,"{""d_cor_accountingEntries"":""1"",""d_cor_entryDetail"":""95-D"",""d_cor_entryHeader"":""[\""20210426\"",\""900057\""]""}"
53,1,2021-04,2021-04-26,900059,Synthetic demo prepaid service 900059,,,0,,,0,,,,,1120,Demo Harbor Ordinary Deposit,249310,00,00,0,B003,Harbor Demo Bank,D05,Demo Digital Services,96,"[""20210426"",""900059""]",,96-C,cor:monetaryAmount,"{""d_cor_accountingEntries"":""1"",""d_cor_entryDetail"":""96-C"",""d_cor_entryHeader"":""[\""20210426\"",\""900059\""]""}"
53,2,2021-04,2021-04-26,900059,Synthetic demo prepaid service 900059,1400,Demo Prepaid Expenses,249310,00,00,0,S006,Demo Insurance Services,D05,Demo Digital Services,,,0,,,0,,,,,96,"[""20210426"",""900059""]",96-D,,cor:monetaryAmount,"{""d_cor_accountingEntries"":""1"",""d_cor_entryDetail"":""96-D"",""d_cor_entryHeader"":""[\""20210426\"",\""900059\""]""}"
54,1,2021-04,2021-04-27,900022,Synthetic demo credit sale 900022,,,0,,,0,,,,,4010,Demo Service Revenue,545850,B5,B5,49623,C007,Demo Customer Grove,D01,Demo Sales,97,"[""20210427"",""900022""]",,97-C,cor:monetaryAmount,"{""d_cor_accountingEntries"":""1"",""d_cor_entryDetail"":""97-C"",""d_cor_entryHeader"":""[\""20210427\"",\""900022\""]""}"
54,2,2021-04,2021-04-27,900022,Synthetic demo credit sale 900022,1200,Demo Accounts Receivable,545850,00,00,0,C001,Demo Customer Aurora,D01,Demo Sales,,,0,,,0,,,,,97,"[""20210427"",""900022""]",97-D,,cor:monetaryAmount,"{""d_cor_accountingEntries"":""1"",""d_cor_entryDetail"":""97-D"",""d_cor_entryHeader"":""[\""20210427\"",\""900022\""]""}"
55,1,2021-04,2021-04-27,900061,Synthetic demo multi-vendor settlement 900061,2000,Demo Accounts Payable,174850,00,00,0,V001,Demo Vendor Keystone,D01,Demo Sales,,,0,,,0,,,,,98,"[""20210427"",""900061""]",98-D,,cor:monetaryAmount,"{""d_cor_accountingEntries"":""1"",""d_cor_entryDetail"":""98-D"",""d_cor_entryHeader"":""[\""20210427\"",\""900061\""]""}"
55,2,2021-04,2021-04-27,900061,Synthetic demo multi-vendor settlement 900061,2100,Demo Accrued Payables,35820,00,00,0,V005,Demo Vendor Orchid,D01,Demo Sales,,,0,,,0,,,,,99,"[""20210427"",""900061""]",99-D,,cor:monetaryAmount,"{""d_cor_accountingEntries"":""1"",""d_cor_entryDetail"":""99-D"",""d_cor_entryHeader"":""[\""20210427\"",\""900061\""]""}"
55,3,2021-04,2021-04-27,900061,Synthetic demo multi-vendor settlement 900061,,,0,,,0,,,,,1110,Demo North Current Deposit,61090,00,00,0,B002,North Demo Bank,D01,Demo Sales,100,"[""20210427"",""900061""]",,100-C,cor:monetaryAmount,"{""d_cor_accountingEntries"":""1"",""d_cor_entryDetail"":""100-C"",""d_cor_entryHeader"":""[\""20210427\"",\""900061\""]""}"
55,4,2021-04,2021-04-27,900061,Synthetic demo multi-vendor settlement 900061,,,0,,,0,,,,,1120,Demo Harbor Ordinary Deposit,149580,00,00,0,B003,Harbor Demo Bank,D01,Demo Sales,101,"[""20210427"",""900061""]",,101-C,cor:monetaryAmount,"{""d_cor_accountingEntries"":""1"",""d_cor_entryDetail"":""101-C"",""d_cor_entryHeader"":""[\""20210427\"",\""900061\""]""}"
56,1,2021-04,2021-04-28,900053,Synthetic demo customer receipt 900053,,,0,,,0,,,,,1200,Demo Accounts Receivable,326610,00,00,0,C001,Demo Customer Aurora,D01,Demo Sales,102,"[""20210428"",""900053""]",,102-C,cor:monetaryAmount,"{""d_cor_accountingEntries"":""1"",""d_cor_entryDetail"":""102-C"",""d_cor_entryHeader"":""[\""20210428\"",\""900053\""]""}"
56,2,2021-04,2021-04-28,900053,Synthetic demo customer receipt 900053,1120,Demo Harbor Ordinary Deposit,326610,00,00,0,B003,Harbor Demo Bank,D01,Demo Sales,,,0,,,0,,,,,102,"[""20210428"",""900053""]",102-D,,cor:monetaryAmount,"{""d_cor_accountingEntries"":""1"",""d_cor_entryDetail"":""102-D"",""d_cor_entryHeader"":""[\""20210428\"",\""900053\""]""}"
57,1,2021-04,2021-04-29,900013,Synthetic demo customer receipt 900013,,,0,,,0,,,,,1200,Demo Accounts Receivable,151030,00,00,0,C001,Demo Customer Aurora,D01,Demo Sales,103,"[""20210429"",""900013""]",,103-C,cor:monetaryAmount,"{""d_cor_accountingEntries"":""1"",""d_cor_entryDetail"":""103-C"",""d_cor_entryHeader"":""[\""20210429\"",\""900013\""]""}"
57,2,2021-04,2021-04-29,900013,Synthetic demo customer receipt 900013,1110,Demo North Current Deposit,151030,00,00,0,B002,North Demo Bank,D01,Demo Sales,,,0,,,0,,,,,103,"[""20210429"",""900013""]",103-D,,cor:monetaryAmount,"{""d_cor_accountingEntries"":""1"",""d_cor_entryDetail"":""103-D"",""d_cor_entryHeader"":""[\""20210429\"",\""900013\""]""}"
58,1,2021-04,2021-04-29,900018,Synthetic demo monthly payroll bundle 900018,,,0,,,0,,,,,1100,Demo Central Ordinary Deposit,296470,00,00,0,B001,Demo Central Bank,D02,Demo Administration,104,"[""20210429"",""900018""]",,104-C,cor:monetaryAmount,"{""d_cor_accountingEntries"":""1"",""d_cor_entryDetail"":""104-C"",""d_cor_entryHeader"":""[\""20210429\"",\""900018\""]""}"
58,2,2021-04,2021-04-29,900018,Synthetic demo monthly payroll bundle 900018,6000,Demo Salaries,91900,00,00,0,,,D02,Demo Administration,,,0,,,0,,,,,104,"[""20210429"",""900018""]",104-D,,cor:monetaryAmount,"{""d_cor_accountingEntries"":""1"",""d_cor_entryDetail"":""104-D"",""d_cor_entryHeader"":""[\""20210429\"",\""900018\""]""}"
58,3,2021-04,2021-04-29,900018,Synthetic demo monthly payroll bundle 900018,6010,Demo Statutory Welfare,44470,00,00,0,,,D02,Demo Administration,,,0,,,0,,,,,105,"[""20210429"",""900018""]",105-D,,cor:monetaryAmount,"{""d_cor_accountingEntries"":""1"",""d_cor_entryDetail"":""105-D"",""d_cor_entryHeader"":""[\""20210429\"",\""900018\""]""}"
58,4,2021-04,2021-04-29,900018,Synthetic demo monthly payroll bundle 900018,2110,Demo Payroll Withholding,160100,00,00,0,,,D02,Demo Administration,,,0,,,0,,,,,106,"[""20210429"",""900018""]",106-D,,cor:monetaryAmount,"{""d_cor_accountingEntries"":""1"",""d_cor_entryDetail"":""106-D"",""d_cor_entryHeader"":""[\""20210429\"",\""900018\""]""}"
59,1,2021-04,2021-04-29,900047,Synthetic demo vendor settlement 900047,,,0,,,0,,,,,1120,Demo Harbor Ordinary Deposit,338130,00,00,0,B003,Harbor Demo Bank,D04,Demo Logistics,107,"[""20210429"",""900047""]",,107-C,cor:monetaryAmount,"{""d_cor_accountingEntries"":""1"",""d_cor_entryDetail"":""107-C"",""d_cor_entryHeader"":""[\""20210429\"",\""900047\""]""}"
59,2,2021-04,2021-04-29,900047,Synthetic demo vendor settlement 900047,2000,Demo Accounts Payable,338130,00,00,0,V001,Demo Vendor Keystone,D04,Demo Logistics,,,0,,,0,,,,,107,"[""20210429"",""900047""]",107-D,,cor:monetaryAmount,"{""d_cor_accountingEntries"":""1"",""d_cor_entryDetail"":""107-D"",""d_cor_entryHeader"":""[\""20210429\"",\""900047\""]""}"
60,1,2021-04,2021-04-30,900011,Synthetic demo financing settlement 900011,,,0,,,0,,,,,1120,Demo Harbor Ordinary Deposit,360350,00,00,0,B003,Harbor Demo Bank,D06,Demo Management,108,"[""20210430"",""900011""]",,108-C,cor:monetaryAmount,"{""d_cor_accountingEntries"":""1"",""d_cor_entryDetail"":""108-C"",""d_cor_entryHeader"":""[\""20210430\"",\""900011\""]""}"
60,2,2021-04,2021-04-30,900011,Synthetic demo financing settlement 900011,2200,Demo Short-term Loans,82880,00,00,0,,,D06,Demo Management,,,0,,,0,,,,,108,"[""20210430"",""900011""]",108-D,,cor:monetaryAmount,"{""d_cor_accountingEntries"":""1"",""d_cor_entryDetail"":""108-D"",""d_cor_entryHeader"":""[\""20210430\"",\""900011\""]""}"
60,3,2021-04,2021-04-30,900011,Synthetic demo financing settlement 900011,6070,Demo Bank Fees,21620,00,00,0,B003,Harbor Demo Bank,D06,Demo Management,,,0,,,0,,,,,109,"[""20210430"",""900011""]",109-D,,cor:monetaryAmount,"{""d_cor_accountingEntries"":""1"",""d_cor_entryDetail"":""109-D"",""d_cor_entryHeader"":""[\""20210430\"",\""900011\""]""}"
60,4,2021-04,2021-04-30,900011,Synthetic demo financing settlement 900011,7000,Demo Taxes and Dues,255850,P0,P0,0,,,D06,Demo Management,,,0,,,0,,,,,110,"[""20210430"",""900011""]",110-D,,cor:monetaryAmount,"{""d_cor_accountingEntries"":""1"",""d_cor_entryDetail"":""110-D"",""d_cor_entryHeader"":""[\""20210430\"",\""900011\""]""}"
61,1,2021-04,2021-04-30,900054,Synthetic demo customer receipt 900054,,,0,,,0,,,,,1200,Demo Accounts Receivable,163850,00,00,0,C001,Demo Customer Aurora,D01,Demo Sales,111,"[""20210430"",""900054""]",,111-C,cor:monetaryAmount,"{""d_cor_accountingEntries"":""1"",""d_cor_entryDetail"":""111-C"",""d_cor_entryHeader"":""[\""20210430\"",\""900054\""]""}"
61,2,2021-04,2021-04-30,900054,Synthetic demo customer receipt 900054,1100,Demo Central Ordinary Deposit,163850,00,00,0,B001,Demo Central Bank,D01,Demo Sales,,,0,,,0,,,,,111,"[""20210430"",""900054""]",111-D,,cor:monetaryAmount,"{""d_cor_accountingEntries"":""1"",""d_cor_entryDetail"":""111-D"",""d_cor_entryHeader"":""[\""20210430\"",\""900054\""]""}"
62,1,2021-04,2021-04-30,900062,Synthetic demo credit sale 900062,,,0,,,0,,,,,4020,Demo Other Operating Revenue,525670,B5,B5,47788,C007,Demo Customer Grove,D01,Demo Sales,112,"[""20210430"",""900062""]",,112-C,cor:monetaryAmount,"{""d_cor_accountingEntries"":""1"",""d_cor_entryDetail"":""112-C"",""d_cor_entryHeader"":""[\""20210430\"",\""900062\""]""}"
62,2,2021-04,2021-04-30,900062,Synthetic demo credit sale 900062,1200,Demo Accounts Receivable,525670,00,00,0,C001,Demo Customer Aurora,D01,Demo Sales,,,0,,,0,,,,,112,"[""20210430"",""900062""]",112-D,,cor:monetaryAmount,"{""d_cor_accountingEntries"":""1"",""d_cor_entryDetail"":""112-D"",""d_cor_entryHeader"":""[\""20210430\"",\""900062\""]""}"
1,1,2021-05,2021-05-01,900065,Synthetic demo financing settlement 900065,,,0,,,0,,,,,1120,Demo Harbor Ordinary Deposit,462890,00,00,0,B003,Harbor Demo Bank,D06,Demo Management,113,"[""20210501"",""900065""]",,113-C,cor:monetaryAmount,"{""d_cor_accountingEntries"":""1"",""d_cor_entryDetail"":""113-C"",""d_cor_entryHeader"":""[\""20210501\"",\""900065\""]""}"
1,2,2021-05,2021-05-01,900065,Synthetic demo financing settlement 900065,2200,Demo Short-term Loans,78690,00,00,0,,,D06,Demo Management,,,0,,,0,,,,,113,"[""20210501"",""900065""]",113-D,,cor:monetaryAmount,"{""d_cor_accountingEntries"":""1"",""d_cor_entryDetail"":""113-D"",""d_cor_entryHeader"":""[\""20210501\"",\""900065\""]""}"
1,3,2021-05,2021-05-01,900065,Synthetic demo financing settlement 900065,6070,Demo Bank Fees,78690,00,00,0,B003,Harbor Demo Bank,D06,Demo Management,,,0,,,0,,,,,114,"[""20210501"",""900065""]",114-D,,cor:monetaryAmount,"{""d_cor_accountingEntries"":""1"",""d_cor_entryDetail"":""114-D"",""d_cor_entryHeader"":""[\""20210501\"",\""900065\""]""}"
1,4,2021-05,2021-05-01,900065,Synthetic demo financing settlement 900065,7000,Demo Taxes and Dues,305510,P0,P0,0,,,D06,Demo Management,,,0,,,0,,,,,115,"[""20210501"",""900065""]",115-D,,cor:monetaryAmount,"{""d_cor_accountingEntries"":""1"",""d_cor_entryDetail"":""115-D"",""d_cor_entryHeader"":""[\""20210501\"",\""900065\""]""}"
2,1,2021-05,2021-05-01,900121,Synthetic demo credit sale 900121,,,0,,,0,,,,,4010,Demo Service Revenue,440700,B5,B5,40064,C004,Demo Customer Dawn,D01,Demo Sales,116,"[""20210501"",""900121""]",,116-C,cor:monetaryAmount,"{""d_cor_accountingEntries"":""1"",""d_cor_entryDetail"":""116-C"",""d_cor_entryHeader"":""[\""20210501\"",\""900121\""]""}"
2,2,2021-05,2021-05-01,900121,Synthetic demo credit sale 900121,1200,Demo Accounts Receivable,440700,00,00,0,C001,Demo Customer Aurora,D01,Demo Sales,,,0,,,0,,,,,116,"[""20210501"",""900121""]",116-D,,cor:monetaryAmount,"{""d_cor_accountingEntries"":""1"",""d_cor_entryDetail"":""116-D"",""d_cor_entryHeader"":""[\""20210501\"",\""900121\""]""}"
3,1,2021-05,2021-05-02,900119,Synthetic demo prepaid service 900119,,,0,,,0,,,,,1120,Demo Harbor Ordinary Deposit,184270,00,00,0,B003,Harbor Demo Bank,D05,Demo Digital Services,117,"[""20210502"",""900119""]",,117-C,cor:monetaryAmount,"{""d_cor_accountingEntries"":""1"",""d_cor_entryDetail"":""117-C"",""d_cor_entryHeader"":""[\""20210502\"",\""900119\""]""}"
3,2,2021-05,2021-05-02,900119,Synthetic demo prepaid service 900119,1400,Demo Prepaid Expenses,184270,00,00,0,S006,Demo Insurance Services,D05,Demo Digital Services,,,0,,,0,,,,,117,"[""20210502"",""900119""]",117-D,,cor:monetaryAmount,"{""d_cor_accountingEntries"":""1"",""d_cor_entryDetail"":""117-D"",""d_cor_entryHeader"":""[\""20210502\"",\""900119\""]""}"
4,1,2021-05,2021-05-03,900069,Synthetic demo prepaid service 900069,,,0,,,0,,,,,1100,Demo Central Ordinary Deposit,42190,00,00,0,B001,Demo Central Bank,D05,Demo Digital Services,118,"[""20210503"",""900069""]",,118-C,cor:monetaryAmount,"{""d_cor_accountingEntries"":""1"",""d_cor_entryDetail"":""118-C"",""d_cor_entryHeader"":""[\""20210503\"",\""900069\""]""}"
4,2,2021-05,2021-05-03,900069,Synthetic demo prepaid service 900069,1400,Demo Prepaid Expenses,42190,00,00,0,S004,Demo Logistics Services,D05,Demo Digital Services,,,0,,,0,,,,,118,"[""20210503"",""900069""]",118-D,,cor:monetaryAmount,"{""d_cor_accountingEntries"":""1"",""d_cor_entryDetail"":""118-D"",""d_cor_entryHeader"":""[\""20210503\"",\""900069\""]""}"
5,1,2021-05,2021-05-04,900079,Synthetic demo prepaid service 900079,,,0,,,0,,,,,1110,Demo North Current Deposit,96050,00,00,0,B002,North Demo Bank,D05,Demo Digital Services,119,"[""20210504"",""900079""]",,119-C,cor:monetaryAmount,"{""d_cor_accountingEntries"":""1"",""d_cor_entryDetail"":""119-C"",""d_cor_entryHeader"":""[\""20210504\"",\""900079\""]""}"
5,2,2021-05,2021-05-04,900079,Synthetic demo prepaid service 900079,1400,Demo Prepaid Expenses,96050,00,00,0,S002,Demo Energy Services,D05,Demo Digital Services,,,0,,,0,,,,,119,"[""20210504"",""900079""]",119-D,,cor:monetaryAmount,"{""d_cor_accountingEntries"":""1"",""d_cor_entryDetail"":""119-D"",""d_cor_entryHeader"":""[\""20210504\"",\""900079\""]""}"
6,1,2021-05,2021-05-04,900086,Synthetic demo mixed sales and receipt 900086,1120,Demo Harbor Ordinary Deposit,169060,00,00,0,B003,Harbor Demo Bank,D01,Demo Sales,,,0,,,0,,,,,120,"[""20210504"",""900086""]",120-D,,cor:monetaryAmount,"{""d_cor_accountingEntries"":""1"",""d_cor_entryDetail"":""120-D"",""d_cor_entryHeader"":""[\""20210504\"",\""900086\""]""}"
6,2,2021-05,2021-05-04,900086,Synthetic demo mixed sales and receipt 900086,1200,Demo Accounts Receivable,535390,00,00,0,C001,Demo Customer Aurora,D01,Demo Sales,,,0,,,0,,,,,121,"[""20210504"",""900086""]",121-D,,cor:monetaryAmount,"{""d_cor_accountingEntries"":""1"",""d_cor_entryDetail"":""121-D"",""d_cor_entryHeader"":""[\""20210504\"",\""900086\""]""}"
6,3,2021-05,2021-05-04,900086,Synthetic demo mixed sales and receipt 900086,,,0,,,0,,,,,4000,Demo Product Sales,521290,B5,B5,47390,C008,Demo Customer Halo,D01,Demo Sales,122,"[""20210504"",""900086""]",,122-C,cor:monetaryAmount,"{""d_cor_accountingEntries"":""1"",""d_cor_entryDetail"":""122-C"",""d_cor_entryHeader"":""[\""20210504\"",\""900086\""]""}"
6,4,2021-05,2021-05-04,900086,Synthetic demo mixed sales and receipt 900086,,,0,,,0,,,,,4010,Demo Service Revenue,183160,B5,B5,16651,C009,Demo Customer Indigo,D01,Demo Sales,123,"[""20210504"",""900086""]",,123-C,cor:monetaryAmount,"{""d_cor_accountingEntries"":""1"",""d_cor_entryDetail"":""123-C"",""d_cor_entryHeader"":""[\""20210504\"",\""900086\""]""}"
7,1,2021-05,2021-05-04,900090,Synthetic demo monthly payroll bundle 900090,,,0,,,0,,,,,1100,Demo Central Ordinary Deposit,481970,00,00,0,B001,Demo Central Bank,D02,Demo Administration,124,"[""20210504"",""900090""]",,124-C,cor:monetaryAmount,"{""d_cor_accountingEntries"":""1"",""d_cor_entryDetail"":""124-C"",""d_cor_entryHeader"":""[\""20210504\"",\""900090\""]""}"
7,2,2021-05,2021-05-04,900090,Synthetic demo monthly payroll bundle 900090,6000,Demo Salaries,183140,00,00,0,,,D02,Demo Administration,,,0,,,0,,,,,124,"[""20210504"",""900090""]",124-D,,cor:monetaryAmount,"{""d_cor_accountingEntries"":""1"",""d_cor_entryDetail"":""124-D"",""d_cor_entryHeader"":""[\""20210504\"",\""900090\""]""}"
7,3,2021-05,2021-05-04,900090,Synthetic demo monthly payroll bundle 900090,6010,Demo Statutory Welfare,154230,00,00,0,,,D02,Demo Administration,,,0,,,0,,,,,125,"[""20210504"",""900090""]",125-D,,cor:monetaryAmount,"{""d_cor_accountingEntries"":""1"",""d_cor_entryDetail"":""125-D"",""d_cor_entryHeader"":""[\""20210504\"",\""900090\""]""}"
7,4,2021-05,2021-05-04,900090,Synthetic demo monthly payroll bundle 900090,2110,Demo Payroll Withholding,144600,00,00,0,,,D02,Demo Administration,,,0,,,0,,,,,126,"[""20210504"",""900090""]",126-D,,cor:monetaryAmount,"{""d_cor_accountingEntries"":""1"",""d_cor_entryDetail"":""126-D"",""d_cor_entryHeader"":""[\""20210504\"",\""900090\""]""}"
8,1,2021-05,2021-05-04,900097,Synthetic demo operating cost bundle 900097,,,0,,,0,,,,,1110,Demo North Current Deposit,673710,00,00,0,B002,North Demo Bank,D03,Demo Operations,127,"[""20210504"",""900097""]",,127-C,cor:monetaryAmount,"{""d_cor_accountingEntries"":""1"",""d_cor_entryDetail"":""127-C"",""d_cor_entryHeader"":""[\""20210504\"",\""900097\""]""}"
8,2,2021-05,2021-05-04,900097,Synthetic demo operating cost bundle 900097,6030,Demo Utilities,323380,Q5,Q5,29398,S002,Demo Energy Services,D03,Demo Operations,,,0,,,0,,,,,127,"[""20210504"",""900097""]",127-D,,cor:monetaryAmount,"{""d_cor_accountingEntries"":""1"",""d_cor_entryDetail"":""127-D"",""d_cor_entryHeader"":""[\""20210504\"",\""900097\""]""}"
8,3,2021-05,2021-05-04,900097,Synthetic demo operating cost bundle 900097,6040,Demo Communication,188630,Q5,Q5,17148,S003,Demo Network Services,D03,Demo Operations,,,0,,,0,,,,,128,"[""20210504"",""900097""]",128-D,,cor:monetaryAmount,"{""d_cor_accountingEntries"":""1"",""d_cor_entryDetail"":""128-D"",""d_cor_entryHeader"":""[\""20210504\"",\""900097\""]""}"
8,4,2021-05,2021-05-04,900097,Synthetic demo operating cost bundle 900097,6060,Demo Office Supplies,161700,Q5,Q5,14700,V008,Demo Vendor Rivulet,D03,Demo Operations,,,0,,,0,,,,,129,"[""20210504"",""900097""]",129-D,,cor:monetaryAmount,"{""d_cor_accountingEntries"":""1"",""d_cor_entryDetail"":""129-D"",""d_cor_entryHeader"":""[\""20210504\"",\""900097\""]""}"
9,1,2021-05,2021-05-04,900101,Synthetic demo credit sale 900101,,,0,,,0,,,,,4020,Demo Other Operating Revenue,266140,B5,B5,24195,C004,Demo Customer Dawn,D01,Demo Sales,130,"[""20210504"",""900101""]",,130-C,cor:monetaryAmount,"{""d_cor_accountingEntries"":""1"",""d_cor_entryDetail"":""130-C"",""d_cor_entryHeader"":""[\""20210504\"",\""900101\""]""}"
9,2,2021-05,2021-05-04,900101,Synthetic demo credit sale 900101,1200,Demo Accounts Receivable,266140,00,00,0,C001,Demo Customer Aurora,D01,Demo Sales,,,0,,,0,,,,,130,"[""20210504"",""900101""]",130-D,,cor:monetaryAmount,"{""d_cor_accountingEntries"":""1"",""d_cor_entryDetail"":""130-D"",""d_cor_entryHeader"":""[\""20210504\"",\""900101\""]""}"
10,1,2021-05,2021-05-05,900094,Synthetic demo customer receipt 900094,,,0,,,0,,,,,1200,Demo Accounts Receivable,467140,00,00,0,C001,Demo Customer Aurora,D01,Demo Sales,131,"[""20210505"",""900094""]",,131-C,cor:monetaryAmount,"{""d_cor_accountingEntries"":""1"",""d_cor_entryDetail"":""131-C"",""d_cor_entryHeader"":""[\""20210505\"",\""900094\""]""}"
10,2,2021-05,2021-05-05,900094,Synthetic demo customer receipt 900094,1110,Demo North Current Deposit,467140,00,00,0,B002,North Demo Bank,D01,Demo Sales,,,0,,,0,,,,,131,"[""20210505"",""900094""]",131-D,,cor:monetaryAmount,"{""d_cor_accountingEntries"":""1"",""d_cor_entryDetail"":""131-D"",""d_cor_entryHeader"":""[\""20210505\"",\""900094\""]""}"
11,1,2021-05,2021-05-06,900091,Synthetic demo credit sale 900091,,,0,,,0,,,,,4010,Demo Service Revenue,124120,B5,B5,11284,C004,Demo Customer Dawn,D01,Demo Sales,132,"[""20210506"",""900091""]",,132-C,cor:monetaryAmount,"{""d_cor_accountingEntries"":""1"",""d_cor_entryDetail"":""132-C"",""d_cor_entryHeader"":""[\""20210506\"",\""900091\""]""}"
11,2,2021-05,2021-05-06,900091,Synthetic demo credit sale 900091,1200,Demo Accounts Receivable,124120,00,00,0,C001,Demo Customer Aurora,D01,Demo Sales,,,0,,,0,,,,,132,"[""20210506"",""900091""]",132-D,,cor:monetaryAmount,"{""d_cor_accountingEntries"":""1"",""d_cor_entryDetail"":""132-D"",""d_cor_entryHeader"":""[\""20210506\"",\""900091\""]""}"
12,1,2021-05,2021-05-07,900095,Synthetic demo purchase on account 900095,,,0,,,0,,,,,2000,Demo Accounts Payable,350590,00,00,0,V001,Demo Vendor Keystone,D04,Demo Logistics,133,"[""20210507"",""900095""]",,133-C,cor:monetaryAmount,"{""d_cor_accountingEntries"":""1"",""d_cor_entryDetail"":""133-C"",""d_cor_entryHeader"":""[\""20210507\"",\""900095\""]""}"
12,2,2021-05,2021-05-07,900095,Synthetic demo purchase on account 900095,5020,Demo Inventory Adjustment,350590,Q5,Q5,31872,V006,Demo Vendor Prairie,D04,Demo Logistics,,,0,,,0,,,,,133,"[""20210507"",""900095""]",133-D,,cor:monetaryAmount,"{""d_cor_accountingEntries"":""1"",""d_cor_entryDetail"":""133-D"",""d_cor_entryHeader"":""[\""20210507\"",\""900095\""]""}"
13,1,2021-05,2021-05-07,900100,Synthetic demo credit sale 900100,,,0,,,0,,,,,4010,Demo Service Revenue,536790,B5,B5,48799,C001,Demo Customer Aurora,D01,Demo Sales,134,"[""20210507"",""900100""]",,134-C,cor:monetaryAmount,"{""d_cor_accountingEntries"":""1"",""d_cor_entryDetail"":""134-C"",""d_cor_entryHeader"":""[\""20210507\"",\""900100\""]""}"
13,2,2021-05,2021-05-07,900100,Synthetic demo credit sale 900100,1200,Demo Accounts Receivable,536790,00,00,0,C001,Demo Customer Aurora,D01,Demo Sales,,,0,,,0,,,,,134,"[""20210507"",""900100""]",134-D,,cor:monetaryAmount,"{""d_cor_accountingEntries"":""1"",""d_cor_entryDetail"":""134-D"",""d_cor_entryHeader"":""[\""20210507\"",\""900100\""]""}"
14,1,2021-05,2021-05-08,900092,Synthetic demo credit sale 900092,,,0,,,0,,,,,4020,Demo Other Operating Revenue,569760,B5,B5,51796,C007,Demo Customer Grove,D01,Demo Sales,135,"[""20210508"",""900092""]",,135-C,cor:monetaryAmount,"{""d_cor_accountingEntries"":""1"",""d_cor_entryDetail"":""135-C"",""d_cor_entryHeader"":""[\""20210508\"",\""900092\""]""}"
14,2,2021-05,2021-05-08,900092,Synthetic demo credit sale 900092,1200,Demo Accounts Receivable,569760,00,00,0,C001,Demo Customer Aurora,D01,Demo Sales,,,0,,,0,,,,,135,"[""20210508"",""900092""]",135-D,,cor:monetaryAmount,"{""d_cor_accountingEntries"":""1"",""d_cor_entryDetail"":""135-D"",""d_cor_entryHeader"":""[\""20210508\"",\""900092\""]""}"
15,1,2021-05,2021-05-08,900111,Synthetic demo credit sale 900111,,,0,,,0,,,,,4000,Demo Product Sales,311690,R5,R5,23088,C004,Demo Customer Dawn,D01,Demo Sales,136,"[""20210508"",""900111""]",,136-C,cor:monetaryAmount,"{""d_cor_accountingEntries"":""1"",""d_cor_entryDetail"":""136-C"",""d_cor_entryHeader"":""[\""20210508\"",\""900111\""]""}"
15,2,2021-05,2021-05-08,900111,Synthetic demo credit sale 900111,1200,Demo Accounts Receivable,311690,00,00,0,C001,Demo Customer Aurora,D01,Demo Sales,,,0,,,0,,,,,136,"[""20210508"",""900111""]",136-D,,cor:monetaryAmount,"{""d_cor_accountingEntries"":""1"",""d_cor_entryDetail"":""136-D"",""d_cor_entryHeader"":""[\""20210508\"",\""900111\""]""}"
16,1,2021-05,2021-05-09,900066,Synthetic demo purchase on account 900066,,,0,,,0,,,,,2000,Demo Accounts Payable,51360,00,00,0,V001,Demo Vendor Keystone,D04,Demo Logistics,137,"[""20210509"",""900066""]",,137-C,cor:monetaryAmount,"{""d_cor_accountingEntries"":""1"",""d_cor_entryDetail"":""137-C"",""d_cor_entryHeader"":""[\""20210509\"",\""900066\""]""}"
16,2,2021-05,2021-05-09,900066,Synthetic demo purchase on account 900066,5000,Demo Purchases,51360,Q5,Q5,4669,V001,Demo Vendor Keystone,D04,Demo Logistics,,,0,,,0,,,,,137,"[""20210509"",""900066""]",137-D,,cor:monetaryAmount,"{""d_cor_accountingEntries"":""1"",""d_cor_entryDetail"":""137-D"",""d_cor_entryHeader"":""[\""20210509\"",\""900066\""]""}"
17,1,2021-05,2021-05-09,900068,Synthetic demo mixed sales and receipt 900068,1120,Demo Harbor Ordinary Deposit,273730,00,00,0,B003,Harbor Demo Bank,D01,Demo Sales,,,0,,,0,,,,,138,"[""20210509"",""900068""]",138-D,,cor:monetaryAmount,"{""d_cor_accountingEntries"":""1"",""d_cor_entryDetail"":""138-D"",""d_cor_entryHeader"":""[\""20210509\"",\""900068\""]""}"
17,2,2021-05,2021-05-09,900068,Synthetic demo mixed sales and receipt 900068,1200,Demo Accounts Receivable,91250,00,00,0,C001,Demo Customer Aurora,D01,Demo Sales,,,0,,,0,,,,,139,"[""20210509"",""900068""]",139-D,,cor:monetaryAmount,"{""d_cor_accountingEntries"":""1"",""d_cor_entryDetail"":""139-D"",""d_cor_entryHeader"":""[\""20210509\"",\""900068\""]""}"
17,3,2021-05,2021-05-09,900068,Synthetic demo mixed sales and receipt 900068,,,0,,,0,,,,,4000,Demo Product Sales,138690,B5,B5,12608,C010,Demo Customer Juniper,D01,Demo Sales,140,"[""20210509"",""900068""]",,140-C,cor:monetaryAmount,"{""d_cor_accountingEntries"":""1"",""d_cor_entryDetail"":""140-C"",""d_cor_entryHeader"":""[\""20210509\"",\""900068\""]""}"
17,4,2021-05,2021-05-09,900068,Synthetic demo mixed sales and receipt 900068,,,0,,,0,,,,,4010,Demo Service Revenue,226290,B5,B5,20572,C001,Demo Customer Aurora,D01,Demo Sales,141,"[""20210509"",""900068""]",,141-C,cor:monetaryAmount,"{""d_cor_accountingEntries"":""1"",""d_cor_entryDetail"":""141-C"",""d_cor_entryHeader"":""[\""20210509\"",\""900068\""]""}"
18,1,2021-05,2021-05-09,900075,Synthetic demo purchase on account 900075,,,0,,,0,,,,,2000,Demo Accounts Payable,379290,00,00,0,V001,Demo Vendor Keystone,D04,Demo Logistics,142,"[""20210509"",""900075""]",,142-C,cor:monetaryAmount,"{""d_cor_accountingEntries"":""1"",""d_cor_entryDetail"":""142-C"",""d_cor_entryHeader"":""[\""20210509\"",\""900075\""]""}"
18,2,2021-05,2021-05-09,900075,Synthetic demo purchase on account 900075,5000,Demo Purchases,379290,Q5,Q5,34481,V006,Demo Vendor Prairie,D04,Demo Logistics,,,0,,,0,,,,,142,"[""20210509"",""900075""]",142-D,,cor:monetaryAmount,"{""d_cor_accountingEntries"":""1"",""d_cor_entryDetail"":""142-D"",""d_cor_entryHeader"":""[\""20210509\"",\""900075\""]""}"
19,1,2021-05,2021-05-09,900082,Synthetic demo credit sale 900082,,,0,,,0,,,,,4010,Demo Service Revenue,355510,B5,B5,32319,C007,Demo Customer Grove,D01,Demo Sales,143,"[""20210509"",""900082""]",,143-C,cor:monetaryAmount,"{""d_cor_accountingEntries"":""1"",""d_cor_entryDetail"":""143-C"",""d_cor_entryHeader"":""[\""20210509\"",\""900082\""]""}"
19,2,2021-05,2021-05-09,900082,Synthetic demo credit sale 900082,1200,Demo Accounts Receivable,355510,00,00,0,C001,Demo Customer Aurora,D01,Demo Sales,,,0,,,0,,,,,143,"[""20210509"",""900082""]",143-D,,cor:monetaryAmount,"{""d_cor_accountingEntries"":""1"",""d_cor_entryDetail"":""143-D"",""d_cor_entryHeader"":""[\""20210509\"",\""900082\""]""}"
20,1,2021-05,2021-05-09,900099,Synthetic demo multi-vendor settlement 900099,2000,Demo Accounts Payable,176880,00,00,0,V001,Demo Vendor Keystone,D01,Demo Sales,,,0,,,0,,,,,144,"[""20210509"",""900099""]",144-D,,cor:monetaryAmount,"{""d_cor_accountingEntries"":""1"",""d_cor_entryDetail"":""144-D"",""d_cor_entryHeader"":""[\""20210509\"",\""900099\""]""}"
20,2,2021-05,2021-05-09,900099,Synthetic demo multi-vendor settlement 900099,2100,Demo Accrued Payables,95250,00,00,0,V003,Demo Vendor Mosaic,D01,Demo Sales,,,0,,,0,,,,,145,"[""20210509"",""900099""]",145-D,,cor:monetaryAmount,"{""d_cor_accountingEntries"":""1"",""d_cor_entryDetail"":""145-D"",""d_cor_entryHeader"":""[\""20210509\"",\""900099\""]""}"
20,3,2021-05,2021-05-09,900099,Synthetic demo multi-vendor settlement 900099,,,0,,,0,,,,,1100,Demo Central Ordinary Deposit,73470,00,00,0,B001,Demo Central Bank,D01,Demo Sales,146,"[""20210509"",""900099""]",,146-C,cor:monetaryAmount,"{""d_cor_accountingEntries"":""1"",""d_cor_entryDetail"":""146-C"",""d_cor_entryHeader"":""[\""20210509\"",\""900099\""]""}"
20,4,2021-05,2021-05-09,900099,Synthetic demo multi-vendor settlement 900099,,,0,,,0,,,,,1110,Demo North Current Deposit,198660,00,00,0,B002,North Demo Bank,D01,Demo Sales,147,"[""20210509"",""900099""]",,147-C,cor:monetaryAmount,"{""d_cor_accountingEntries"":""1"",""d_cor_entryDetail"":""147-C"",""d_cor_entryHeader"":""[\""20210509\"",\""900099\""]""}"
21,1,2021-05,2021-05-10,900076,Synthetic demo purchase on account 900076,,,0,,,0,,,,,2000,Demo Accounts Payable,161300,00,00,0,V001,Demo Vendor Keystone,D04,Demo Logistics,148,"[""20210510"",""900076""]",,148-C,cor:monetaryAmount,"{""d_cor_accountingEntries"":""1"",""d_cor_entryDetail"":""148-C"",""d_cor_entryHeader"":""[\""20210510\"",\""900076\""]""}"
21,2,2021-05,2021-05-10,900076,Synthetic demo purchase on account 900076,5010,Demo Freight-in,161300,Q5,Q5,14664,V001,Demo Vendor Keystone,D04,Demo Logistics,,,0,,,0,,,,,148,"[""20210510"",""900076""]",148-D,,cor:monetaryAmount,"{""d_cor_accountingEntries"":""1"",""d_cor_entryDetail"":""148-D"",""d_cor_entryHeader"":""[\""20210510\"",\""900076\""]""}"
22,1,2021-05,2021-05-10,900077,Synthetic demo vendor settlement 900077,,,0,,,0,,,,,1120,Demo Harbor Ordinary Deposit,147100,00,00,0,B003,Harbor Demo Bank,D04,Demo Logistics,149,"[""20210510"",""900077""]",,149-C,cor:monetaryAmount,"{""d_cor_accountingEntries"":""1"",""d_cor_entryDetail"":""149-C"",""d_cor_entryHeader"":""[\""20210510\"",\""900077\""]""}"
22,2,2021-05,2021-05-10,900077,Synthetic demo vendor settlement 900077,2000,Demo Accounts Payable,147100,00,00,0,V001,Demo Vendor Keystone,D04,Demo Logistics,,,0,,,0,,,,,149,"[""20210510"",""900077""]",149-D,,cor:monetaryAmount,"{""d_cor_accountingEntries"":""1"",""d_cor_entryDetail"":""149-D"",""d_cor_entryHeader"":""[\""20210510\"",\""900077\""]""}"
23,1,2021-05,2021-05-10,900106,Synthetic demo purchase on account 900106,,,0,,,0,,,,,2000,Demo Accounts Payable,182290,00,00,0,V001,Demo Vendor Keystone,D04,Demo Logistics,150,"[""20210510"",""900106""]",,150-C,cor:monetaryAmount,"{""d_cor_accountingEntries"":""1"",""d_cor_entryDetail"":""150-C"",""d_cor_entryHeader"":""[\""20210510\"",\""900106\""]""}"
23,2,2021-05,2021-05-10,900106,Synthetic demo purchase on account 900106,5010,Demo Freight-in,182290,Q5,Q5,16572,V001,Demo Vendor Keystone,D04,Demo Logistics,,,0,,,0,,,,,150,"[""20210510"",""900106""]",150-D,,cor:monetaryAmount,"{""d_cor_accountingEntries"":""1"",""d_cor_entryDetail"":""150-D"",""d_cor_entryHeader"":""[\""20210510\"",\""900106\""]""}"
24,1,2021-05,2021-05-11,900089,Synthetic demo prepaid service 900089,,,0,,,0,,,,,1120,Demo Harbor Ordinary Deposit,29040,00,00,0,B003,Harbor Demo Bank,D05,Demo Digital Services,151,"[""20210511"",""900089""]",,151-C,cor:monetaryAmount,"{""d_cor_accountingEntries"":""1"",""d_cor_entryDetail"":""151-C"",""d_cor_entryHeader"":""[\""20210511\"",\""900089\""]""}"
24,2,2021-05,2021-05-11,900089,Synthetic demo prepaid service 900089,1400,Demo Prepaid Expenses,29040,00,00,0,S006,Demo Insurance Services,D05,Demo Digital Services,,,0,,,0,,,,,151,"[""20210511"",""900089""]",151-D,,cor:monetaryAmount,"{""d_cor_accountingEntries"":""1"",""d_cor_entryDetail"":""151-D"",""d_cor_entryHeader"":""[\""20210511\"",\""900089\""]""}"
25,1,2021-05,2021-05-12,900074,Synthetic demo mixed sales and receipt 900074,1120,Demo Harbor Ordinary Deposit,103280,00,00,0,B003,Harbor Demo Bank,D01,Demo Sales,,,0,,,0,,,,,152,"[""20210512"",""900074""]",152-D,,cor:monetaryAmount,"{""d_cor_accountingEntries"":""1"",""d_cor_entryDetail"":""152-D"",""d_cor_entryHeader"":""[\""20210512\"",\""900074\""]""}"
25,2,2021-05,2021-05-12,900074,Synthetic demo mixed sales and receipt 900074,1200,Demo Accounts Receivable,71780,00,00,0,C001,Demo Customer Aurora,D01,Demo Sales,,,0,,,0,,,,,153,"[""20210512"",""900074""]",153-D,,cor:monetaryAmount,"{""d_cor_accountingEntries"":""1"",""d_cor_entryDetail"":""153-D"",""d_cor_entryHeader"":""[\""20210512\"",\""900074\""]""}"
25,3,2021-05,2021-05-12,900074,Synthetic demo mixed sales and receipt 900074,,,0,,,0,,,,,4000,Demo Product Sales,28000,B5,B5,2545,C006,Demo Customer Fjord,D01,Demo Sales,154,"[""20210512"",""900074""]",,154-C,cor:monetaryAmount,"{""d_cor_accountingEntries"":""1"",""d_cor_entryDetail"":""154-C"",""d_cor_entryHeader"":""[\""20210512\"",\""900074\""]""}"
25,4,2021-05,2021-05-12,900074,Synthetic demo mixed sales and receipt 900074,,,0,,,0,,,,,4010,Demo Service Revenue,147060,B5,B5,13369,C007,Demo Customer Grove,D01,Demo Sales,155,"[""20210512"",""900074""]",,155-C,cor:monetaryAmount,"{""d_cor_accountingEntries"":""1"",""d_cor_entryDetail"":""155-C"",""d_cor_entryHeader"":""[\""20210512\"",\""900074\""]""}"
26,1,2021-05,2021-05-12,900112,Synthetic demo operating cost bundle 900112,,,0,,,0,,,,,1110,Demo North Current Deposit,249790,00,00,0,B002,North Demo Bank,D03,Demo Operations,156,"[""20210512"",""900112""]",,156-C,cor:monetaryAmount,"{""d_cor_accountingEntries"":""1"",""d_cor_entryDetail"":""156-C"",""d_cor_entryHeader"":""[\""20210512\"",\""900112\""]""}"
26,2,2021-05,2021-05-12,900112,Synthetic demo operating cost bundle 900112,6030,Demo Utilities,74930,Q5,Q5,6812,S002,Demo Energy Services,D03,Demo Operations,,,0,,,0,,,,,156,"[""20210512"",""900112""]",156-D,,cor:monetaryAmount,"{""d_cor_accountingEntries"":""1"",""d_cor_entryDetail"":""156-D"",""d_cor_entryHeader"":""[\""20210512\"",\""900112\""]""}"
26,3,2021-05,2021-05-12,900112,Synthetic demo operating cost bundle 900112,6040,Demo Communication,112400,Q5,Q5,10218,S003,Demo Network Services,D03,Demo Operations,,,0,,,0,,,,,157,"[""20210512"",""900112""]",157-D,,cor:monetaryAmount,"{""d_cor_accountingEntries"":""1"",""d_cor_entryDetail"":""157-D"",""d_cor_entryHeader"":""[\""20210512\"",\""900112\""]""}"
26,4,2021-05,2021-05-12,900112,Synthetic demo operating cost bundle 900112,6060,Demo Office Supplies,62460,Q5,Q5,5678,V003,Demo Vendor Mosaic,D03,Demo Operations,,,0,,,0,,,,,158,"[""20210512"",""900112""]",158-D,,cor:monetaryAmount,"{""d_cor_accountingEntries"":""1"",""d_cor_entryDetail"":""158-D"",""d_cor_entryHeader"":""[\""20210512\"",\""900112\""]""}"
27,1,2021-05,2021-05-13,900096,Synthetic demo purchase on account 900096,,,0,,,0,,,,,2000,Demo Accounts Payable,183300,00,00,0,V001,Demo Vendor Keystone,D04,Demo Logistics,159,"[""20210513"",""900096""]",,159-C,cor:monetaryAmount,"{""d_cor_accountingEntries"":""1"",""d_cor_entryDetail"":""159-C"",""d_cor_entryHeader"":""[\""20210513\"",\""900096\""]""}"
27,2,2021-05,2021-05-13,900096,Synthetic demo purchase on account 900096,5000,Demo Purchases,183300,Q5,Q5,16664,V001,Demo Vendor Keystone,D04,Demo Logistics,,,0,,,0,,,,,159,"[""20210513"",""900096""]",159-D,,cor:monetaryAmount,"{""d_cor_accountingEntries"":""1"",""d_cor_entryDetail"":""159-D"",""d_cor_entryHeader"":""[\""20210513\"",\""900096\""]""}"
28,1,2021-05,2021-05-14,900073,Synthetic demo customer receipt 900073,,,0,,,0,,,,,1200,Demo Accounts Receivable,289520,00,00,0,C001,Demo Customer Aurora,D01,Demo Sales,160,"[""20210514"",""900073""]",,160-C,cor:monetaryAmount,"{""d_cor_accountingEntries"":""1"",""d_cor_entryDetail"":""160-C"",""d_cor_entryHeader"":""[\""20210514\"",\""900073\""]""}"
28,2,2021-05,2021-05-14,900073,Synthetic demo customer receipt 900073,1110,Demo North Current Deposit,289520,00,00,0,B002,North Demo Bank,D01,Demo Sales,,,0,,,0,,,,,160,"[""20210514"",""900073""]",160-D,,cor:monetaryAmount,"{""d_cor_accountingEntries"":""1"",""d_cor_entryDetail"":""160-D"",""d_cor_entryHeader"":""[\""20210514\"",\""900073\""]""}"
29,1,2021-05,2021-05-15,900067,Synthetic demo vendor settlement 900067,,,0,,,0,,,,,1110,Demo North Current Deposit,134370,00,00,0,B002,North Demo Bank,D04,Demo Logistics,161,"[""20210515"",""900067""]",,161-C,cor:monetaryAmount,"{""d_cor_accountingEntries"":""1"",""d_cor_entryDetail"":""161-C"",""d_cor_entryHeader"":""[\""20210515\"",\""900067\""]""}"
29,2,2021-05,2021-05-15,900067,Synthetic demo vendor settlement 900067,2000,Demo Accounts Payable,134370,00,00,0,V001,Demo Vendor Keystone,D04,Demo Logistics,,,0,,,0,,,,,161,"[""20210515"",""900067""]",161-D,,cor:monetaryAmount,"{""d_cor_accountingEntries"":""1"",""d_cor_entryDetail"":""161-D"",""d_cor_entryHeader"":""[\""20210515\"",\""900067\""]""}"
30,1,2021-05,2021-05-15,900108,Synthetic demo operating expense 900108,,,0,,,0,,,,,1100,Demo Central Ordinary Deposit,6210,00,00,0,B001,Demo Central Bank,D02,Demo Administration,162,"[""20210515"",""900108""]",,162-C,cor:monetaryAmount,"{""d_cor_accountingEntries"":""1"",""d_cor_entryDetail"":""162-C"",""d_cor_entryHeader"":""[\""20210515\"",\""900108\""]""}"
30,2,2021-05,2021-05-15,900108,Synthetic demo operating expense 900108,6020,Demo Office Rent,6210,Q5,Q5,565,V001,Demo Vendor Keystone,D02,Demo Administration,,,0,,,0,,,,,162,"[""20210515"",""900108""]",162-D,,cor:monetaryAmount,"{""d_cor_accountingEntries"":""1"",""d_cor_entryDetail"":""162-D"",""d_cor_entryHeader"":""[\""20210515\"",\""900108\""]""}"
31,1,2021-05,2021-05-15,900117,Synthetic demo vendor settlement 900117,,,0,,,0,,,,,1100,Demo Central Ordinary Deposit,103780,00,00,0,B001,Demo Central Bank,D04,Demo Logistics,163,"[""20210515"",""900117""]",,163-C,cor:monetaryAmount,"{""d_cor_accountingEntries"":""1"",""d_cor_entryDetail"":""163-C"",""d_cor_entryHeader"":""[\""20210515\"",\""900117\""]""}"
31,2,2021-05,2021-05-15,900117,Synthetic demo vendor settlement 900117,2000,Demo Accounts Payable,103780,00,00,0,V001,Demo Vendor Keystone,D04,Demo Logistics,,,0,,,0,,,,,163,"[""20210515"",""900117""]",163-D,,cor:monetaryAmount,"{""d_cor_accountingEntries"":""1"",""d_cor_entryDetail"":""163-D"",""d_cor_entryHeader"":""[\""20210515\"",\""900117\""]""}"
32,1,2021-05,2021-05-16,900080,Synthetic demo mixed sales and receipt 900080,1120,Demo Harbor Ordinary Deposit,132500,00,00,0,B003,Harbor Demo Bank,D01,Demo Sales,,,0,,,0,,,,,164,"[""20210516"",""900080""]",164-D,,cor:monetaryAmount,"{""d_cor_accountingEntries"":""1"",""d_cor_entryDetail"":""164-D"",""d_cor_entryHeader"":""[\""20210516\"",\""900080\""]""}"
32,2,2021-05,2021-05-16,900080,Synthetic demo mixed sales and receipt 900080,1200,Demo Accounts Receivable,324430,00,00,0,C001,Demo Customer Aurora,D01,Demo Sales,,,0,,,0,,,,,165,"[""20210516"",""900080""]",165-D,,cor:monetaryAmount,"{""d_cor_accountingEntries"":""1"",""d_cor_entryDetail"":""165-D"",""d_cor_entryHeader"":""[\""20210516\"",\""900080\""]""}"
32,3,2021-05,2021-05-16,900080,Synthetic demo mixed sales and receipt 900080,,,0,,,0,,,,,4000,Demo Product Sales,379250,B5,B5,34477,C002,Demo Customer Birch,D01,Demo Sales,166,"[""20210516"",""900080""]",,166-C,cor:monetaryAmount,"{""d_cor_accountingEntries"":""1"",""d_cor_entryDetail"":""166-C"",""d_cor_entryHeader"":""[\""20210516\"",\""900080\""]""}"
32,4,2021-05,2021-05-16,900080,Synthetic demo mixed sales and receipt 900080,,,0,,,0,,,,,4010,Demo Service Revenue,77680,B5,B5,7062,C003,Demo Customer Cobalt,D01,Demo Sales,167,"[""20210516"",""900080""]",,167-C,cor:monetaryAmount,"{""d_cor_accountingEntries"":""1"",""d_cor_entryDetail"":""167-C"",""d_cor_entryHeader"":""[\""20210516\"",\""900080\""]""}"
33,1,2021-05,2021-05-16,900116,Synthetic demo mixed sales and receipt 900116,1120,Demo Harbor Ordinary Deposit,126090,00,00,0,B003,Harbor Demo Bank,D01,Demo Sales,,,0,,,0,,,,,168,"[""20210516"",""900116""]",168-D,,cor:monetaryAmount,"{""d_cor_accountingEntries"":""1"",""d_cor_entryDetail"":""168-D"",""d_cor_entryHeader"":""[\""20210516\"",\""900116\""]""}"
33,2,2021-05,2021-05-16,900116,Synthetic demo mixed sales and receipt 900116,1200,Demo Accounts Receivable,181470,00,00,0,C001,Demo Customer Aurora,D01,Demo Sales,,,0,,,0,,,,,169,"[""20210516"",""900116""]",169-D,,cor:monetaryAmount,"{""d_cor_accountingEntries"":""1"",""d_cor_entryDetail"":""169-D"",""d_cor_entryHeader"":""[\""20210516\"",\""900116\""]""}"
33,3,2021-05,2021-05-16,900116,Synthetic demo mixed sales and receipt 900116,,,0,,,0,,,,,4000,Demo Product Sales,172230,B5,B5,15657,C008,Demo Customer Halo,D01,Demo Sales,170,"[""20210516"",""900116""]",,170-C,cor:monetaryAmount,"{""d_cor_accountingEntries"":""1"",""d_cor_entryDetail"":""170-C"",""d_cor_entryHeader"":""[\""20210516\"",\""900116\""]""}"
33,4,2021-05,2021-05-16,900116,Synthetic demo mixed sales and receipt 900116,,,0,,,0,,,,,4010,Demo Service Revenue,135330,B5,B5,12303,C009,Demo Customer Indigo,D01,Demo Sales,171,"[""20210516"",""900116""]",,171-C,cor:monetaryAmount,"{""d_cor_accountingEntries"":""1"",""d_cor_entryDetail"":""171-C"",""d_cor_entryHeader"":""[\""20210516\"",\""900116\""]""}"
34,1,2021-05,2021-05-16,900122,Synthetic demo mixed sales and receipt 900122,1120,Demo Harbor Ordinary Deposit,158780,00,00,0,B003,Harbor Demo Bank,D01,Demo Sales,,,0,,,0,,,,,172,"[""20210516"",""900122""]",172-D,,cor:monetaryAmount,"{""d_cor_accountingEntries"":""1"",""d_cor_entryDetail"":""172-D"",""d_cor_entryHeader"":""[\""20210516\"",\""900122\""]""}"
34,2,2021-05,2021-05-16,900122,Synthetic demo mixed sales and receipt 900122,1200,Demo Accounts Receivable,114980,00,00,0,C001,Demo Customer Aurora,D01,Demo Sales,,,0,,,0,,,,,173,"[""20210516"",""900122""]",173-D,,cor:monetaryAmount,"{""d_cor_accountingEntries"":""1"",""d_cor_entryDetail"":""173-D"",""d_cor_entryHeader"":""[\""20210516\"",\""900122\""]""}"
34,3,2021-05,2021-05-16,900122,Synthetic demo mixed sales and receipt 900122,,,0,,,0,,,,,4000,Demo Product Sales,65700,B5,B5,5973,C004,Demo Customer Dawn,D01,Demo Sales,174,"[""20210516"",""900122""]",,174-C,cor:monetaryAmount,"{""d_cor_accountingEntries"":""1"",""d_cor_entryDetail"":""174-C"",""d_cor_entryHeader"":""[\""20210516\"",\""900122\""]""}"
34,4,2021-05,2021-05-16,900122,Synthetic demo mixed sales and receipt 900122,,,0,,,0,,,,,4010,Demo Service Revenue,208060,B5,B5,18915,C005,Demo Customer Elm,D01,Demo Sales,175,"[""20210516"",""900122""]",,175-C,cor:monetaryAmount,"{""d_cor_accountingEntries"":""1"",""d_cor_entryDetail"":""175-C"",""d_cor_entryHeader"":""[\""20210516\"",\""900122\""]""}"
35,1,2021-05,2021-05-17,900081,Synthetic demo credit sale 900081,,,0,,,0,,,,,4000,Demo Product Sales,267410,B5,B5,24310,C004,Demo Customer Dawn,D01,Demo Sales,176,"[""20210517"",""900081""]",,176-C,cor:monetaryAmount,"{""d_cor_accountingEntries"":""1"",""d_cor_entryDetail"":""176-C"",""d_cor_entryHeader"":""[\""20210517\"",\""900081\""]""}"
35,2,2021-05,2021-05-17,900081,Synthetic demo credit sale 900081,1200,Demo Accounts Receivable,267410,00,00,0,C001,Demo Customer Aurora,D01,Demo Sales,,,0,,,0,,,,,176,"[""20210517"",""900081""]",176-D,,cor:monetaryAmount,"{""d_cor_accountingEntries"":""1"",""d_cor_entryDetail"":""176-D"",""d_cor_entryHeader"":""[\""20210517\"",\""900081\""]""}"
36,1,2021-05,2021-05-17,900118,Synthetic demo operating cost bundle 900118,,,0,,,0,,,,,1110,Demo North Current Deposit,699350,00,00,0,B002,North Demo Bank,D03,Demo Operations,177,"[""20210517"",""900118""]",,177-C,cor:monetaryAmount,"{""d_cor_accountingEntries"":""1"",""d_cor_entryDetail"":""177-C"",""d_cor_entryHeader"":""[\""20210517\"",\""900118\""]""}"
36,2,2021-05,2021-05-17,900118,Synthetic demo operating cost bundle 900118,6030,Demo Utilities,440590,Q5,Q5,40054,S002,Demo Energy Services,D03,Demo Operations,,,0,,,0,,,,,177,"[""20210517"",""900118""]",177-D,,cor:monetaryAmount,"{""d_cor_accountingEntries"":""1"",""d_cor_entryDetail"":""177-D"",""d_cor_entryHeader"":""[\""20210517\"",\""900118\""]""}"
36,3,2021-05,2021-05-17,900118,Synthetic demo operating cost bundle 900118,6040,Demo Communication,55940,Q5,Q5,5085,S003,Demo Network Services,D03,Demo Operations,,,0,,,0,,,,,178,"[""20210517"",""900118""]",178-D,,cor:monetaryAmount,"{""d_cor_accountingEntries"":""1"",""d_cor_entryDetail"":""178-D"",""d_cor_entryHeader"":""[\""20210517\"",\""900118\""]""}"
36,4,2021-05,2021-05-17,900118,Synthetic demo operating cost bundle 900118,6060,Demo Office Supplies,202820,Q5,Q5,18438,V009,Demo Vendor Summit,D03,Demo Operations,,,0,,,0,,,,,179,"[""20210517"",""900118""]",179-D,,cor:monetaryAmount,"{""d_cor_accountingEntries"":""1"",""d_cor_entryDetail"":""179-D"",""d_cor_entryHeader"":""[\""20210517\"",\""900118\""]""}"
37,1,2021-05,2021-05-18,900113,Synthetic demo customer receipt 900113,,,0,,,0,,,,,1200,Demo Accounts Receivable,343570,00,00,0,C001,Demo Customer Aurora,D01,Demo Sales,180,"[""20210518"",""900113""]",,180-C,cor:monetaryAmount,"{""d_cor_accountingEntries"":""1"",""d_cor_entryDetail"":""180-C"",""d_cor_entryHeader"":""[\""20210518\"",\""900113\""]""}"
37,2,2021-05,2021-05-18,900113,Synthetic demo customer receipt 900113,1120,Demo Harbor Ordinary Deposit,343570,00,00,0,B003,Harbor Demo Bank,D01,Demo Sales,,,0,,,0,,,,,180,"[""20210518"",""900113""]",180-D,,cor:monetaryAmount,"{""d_cor_accountingEntries"":""1"",""d_cor_entryDetail"":""180-D"",""d_cor_entryHeader"":""[\""20210518\"",\""900113\""]""}"
38,1,2021-05,2021-05-19,900105,Synthetic demo monthly payroll bundle 900105,,,0,,,0,,,,,1100,Demo Central Ordinary Deposit,399660,00,00,0,B001,Demo Central Bank,D02,Demo Administration,181,"[""20210519"",""900105""]",,181-C,cor:monetaryAmount,"{""d_cor_accountingEntries"":""1"",""d_cor_entryDetail"":""181-C"",""d_cor_entryHeader"":""[\""20210519\"",\""900105\""]""}"
38,2,2021-05,2021-05-19,900105,Synthetic demo monthly payroll bundle 900105,6000,Demo Salaries,319720,00,00,0,,,D02,Demo Administration,,,0,,,0,,,,,181,"[""20210519"",""900105""]",181-D,,cor:monetaryAmount,"{""d_cor_accountingEntries"":""1"",""d_cor_entryDetail"":""181-D"",""d_cor_entryHeader"":""[\""20210519\"",\""900105\""]""}"
38,3,2021-05,2021-05-19,900105,Synthetic demo monthly payroll bundle 900105,6010,Demo Statutory Welfare,19980,00,00,0,,,D02,Demo Administration,,,0,,,0,,,,,182,"[""20210519"",""900105""]",182-D,,cor:monetaryAmount,"{""d_cor_accountingEntries"":""1"",""d_cor_entryDetail"":""182-D"",""d_cor_entryHeader"":""[\""20210519\"",\""900105\""]""}"
38,4,2021-05,2021-05-19,900105,Synthetic demo monthly payroll bundle 900105,2110,Demo Payroll Withholding,59960,00,00,0,,,D02,Demo Administration,,,0,,,0,,,,,183,"[""20210519"",""900105""]",183-D,,cor:monetaryAmount,"{""d_cor_accountingEntries"":""1"",""d_cor_entryDetail"":""183-D"",""d_cor_entryHeader"":""[\""20210519\"",\""900105\""]""}"
39,1,2021-05,2021-05-20,900085,Synthetic demo purchase on account 900085,,,0,,,0,,,,,2000,Demo Accounts Payable,209540,00,00,0,V001,Demo Vendor Keystone,D04,Demo Logistics,184,"[""20210520"",""900085""]",,184-C,cor:monetaryAmount,"{""d_cor_accountingEntries"":""1"",""d_cor_entryDetail"":""184-C"",""d_cor_entryHeader"":""[\""20210520\"",\""900085\""]""}"
39,2,2021-05,2021-05-20,900085,Synthetic demo purchase on account 900085,5010,Demo Freight-in,209540,Q5,Q5,19049,V006,Demo Vendor Prairie,D04,Demo Logistics,,,0,,,0,,,,,184,"[""20210520"",""900085""]",184-D,,cor:monetaryAmount,"{""d_cor_accountingEntries"":""1"",""d_cor_entryDetail"":""184-D"",""d_cor_entryHeader"":""[\""20210520\"",\""900085\""]""}"
40,1,2021-05,2021-05-21,900087,Synthetic demo vendor settlement 900087,,,0,,,0,,,,,1100,Demo Central Ordinary Deposit,25360,00,00,0,B001,Demo Central Bank,D04,Demo Logistics,185,"[""20210521"",""900087""]",,185-C,cor:monetaryAmount,"{""d_cor_accountingEntries"":""1"",""d_cor_entryDetail"":""185-C"",""d_cor_entryHeader"":""[\""20210521\"",\""900087\""]""}"
40,2,2021-05,2021-05-21,900087,Synthetic demo vendor settlement 900087,2000,Demo Accounts Payable,25360,00,00,0,V001,Demo Vendor Keystone,D04,Demo Logistics,,,0,,,0,,,,,185,"[""20210521"",""900087""]",185-D,,cor:monetaryAmount,"{""d_cor_accountingEntries"":""1"",""d_cor_entryDetail"":""185-D"",""d_cor_entryHeader"":""[\""20210521\"",\""900087\""]""}"
41,1,2021-05,2021-05-22,900064,Synthetic demo customer receipt 900064,,,0,,,0,,,,,1200,Demo Accounts Receivable,497600,00,00,0,C001,Demo Customer Aurora,D01,Demo Sales,186,"[""20210522"",""900064""]",,186-C,cor:monetaryAmount,"{""d_cor_accountingEntries"":""1"",""d_cor_entryDetail"":""186-C"",""d_cor_entryHeader"":""[\""20210522\"",\""900064\""]""}"
41,2,2021-05,2021-05-22,900064,Synthetic demo customer receipt 900064,1110,Demo North Current Deposit,497600,00,00,0,B002,North Demo Bank,D01,Demo Sales,,,0,,,0,,,,,186,"[""20210522"",""900064""]",186-D,,cor:monetaryAmount,"{""d_cor_accountingEntries"":""1"",""d_cor_entryDetail"":""186-D"",""d_cor_entryHeader"":""[\""20210522\"",\""900064\""]""}"
42,1,2021-05,2021-05-22,900084,Synthetic demo monthly payroll bundle 900084,,,0,,,0,,,,,1100,Demo Central Ordinary Deposit,271820,00,00,0,B001,Demo Central Bank,D02,Demo Administration,187,"[""20210522"",""900084""]",,187-C,cor:monetaryAmount,"{""d_cor_accountingEntries"":""1"",""d_cor_entryDetail"":""187-C"",""d_cor_entryHeader"":""[\""20210522\"",\""900084\""]""}"
42,2,2021-05,2021-05-22,900084,Synthetic demo monthly payroll bundle 900084,6000,Demo Salaries,201140,00,00,0,,,D02,Demo Administration,,,0,,,0,,,,,187,"[""20210522"",""900084""]",187-D,,cor:monetaryAmount,"{""d_cor_accountingEntries"":""1"",""d_cor_entryDetail"":""187-D"",""d_cor_entryHeader"":""[\""20210522\"",\""900084\""]""}"
42,3,2021-05,2021-05-22,900084,Synthetic demo monthly payroll bundle 900084,6010,Demo Statutory Welfare,13590,00,00,0,,,D02,Demo Administration,,,0,,,0,,,,,188,"[""20210522"",""900084""]",188-D,,cor:monetaryAmount,"{""d_cor_accountingEntries"":""1"",""d_cor_entryDetail"":""188-D"",""d_cor_entryHeader"":""[\""20210522\"",\""900084\""]""}"
42,4,2021-05,2021-05-22,900084,Synthetic demo monthly payroll bundle 900084,2110,Demo Payroll Withholding,57090,00,00,0,,,D02,Demo Administration,,,0,,,0,,,,,189,"[""20210522"",""900084""]",189-D,,cor:monetaryAmount,"{""d_cor_accountingEntries"":""1"",""d_cor_entryDetail"":""189-D"",""d_cor_entryHeader"":""[\""20210522\"",\""900084\""]""}"
43,1,2021-05,2021-05-22,900104,Synthetic demo customer receipt 900104,,,0,,,0,,,,,1200,Demo Accounts Receivable,106650,00,00,0,C001,Demo Customer Aurora,D01,Demo Sales,190,"[""20210522"",""900104""]",,190-C,cor:monetaryAmount,"{""d_cor_accountingEntries"":""1"",""d_cor_entryDetail"":""190-C"",""d_cor_entryHeader"":""[\""20210522\"",\""900104\""]""}"
43,2,2021-05,2021-05-22,900104,Synthetic demo customer receipt 900104,1120,Demo Harbor Ordinary Deposit,106650,00,00,0,B003,Harbor Demo Bank,D01,Demo Sales,,,0,,,0,,,,,190,"[""20210522"",""900104""]",190-D,,cor:monetaryAmount,"{""d_cor_accountingEntries"":""1"",""d_cor_entryDetail"":""190-D"",""d_cor_entryHeader"":""[\""20210522\"",\""900104\""]""}"
44,1,2021-05,2021-05-23,900078,Synthetic demo monthly payroll bundle 900078,,,0,,,0,,,,,1100,Demo Central Ordinary Deposit,574360,00,00,0,B001,Demo Central Bank,D02,Demo Administration,191,"[""20210523"",""900078""]",,191-C,cor:monetaryAmount,"{""d_cor_accountingEntries"":""1"",""d_cor_entryDetail"":""191-C"",""d_cor_entryHeader"":""[\""20210523\"",\""900078\""]""}"
44,2,2021-05,2021-05-23,900078,Synthetic demo monthly payroll bundle 900078,6000,Demo Salaries,367590,00,00,0,,,D02,Demo Administration,,,0,,,0,,,,,191,"[""20210523"",""900078""]",191-D,,cor:monetaryAmount,"{""d_cor_accountingEntries"":""1"",""d_cor_entryDetail"":""191-D"",""d_cor_entryHeader"":""[\""20210523\"",\""900078\""]""}"
44,3,2021-05,2021-05-23,900078,Synthetic demo monthly payroll bundle 900078,6010,Demo Statutory Welfare,40200,00,00,0,,,D02,Demo Administration,,,0,,,0,,,,,192,"[""20210523"",""900078""]",192-D,,cor:monetaryAmount,"{""d_cor_accountingEntries"":""1"",""d_cor_entryDetail"":""192-D"",""d_cor_entryHeader"":""[\""20210523\"",\""900078\""]""}"
44,4,2021-05,2021-05-23,900078,Synthetic demo monthly payroll bundle 900078,2110,Demo Payroll Withholding,166570,00,00,0,,,D02,Demo Administration,,,0,,,0,,,,,193,"[""20210523"",""900078""]",193-D,,cor:monetaryAmount,"{""d_cor_accountingEntries"":""1"",""d_cor_entryDetail"":""193-D"",""d_cor_entryHeader"":""[\""20210523\"",\""900078\""]""}"
45,1,2021-05,2021-05-23,900083,Synthetic demo customer receipt 900083,,,0,,,0,,,,,1200,Demo Accounts Receivable,192450,00,00,0,C001,Demo Customer Aurora,D01,Demo Sales,194,"[""20210523"",""900083""]",,194-C,cor:monetaryAmount,"{""d_cor_accountingEntries"":""1"",""d_cor_entryDetail"":""194-C"",""d_cor_entryHeader"":""[\""20210523\"",\""900083\""]""}"
45,2,2021-05,2021-05-23,900083,Synthetic demo customer receipt 900083,1120,Demo Harbor Ordinary Deposit,192450,00,00,0,B003,Harbor Demo Bank,D01,Demo Sales,,,0,,,0,,,,,194,"[""20210523"",""900083""]",194-D,,cor:monetaryAmount,"{""d_cor_accountingEntries"":""1"",""d_cor_entryDetail"":""194-D"",""d_cor_entryHeader"":""[\""20210523\"",\""900083\""]""}"
46,1,2021-05,2021-05-23,900107,Synthetic demo vendor settlement 900107,,,0,,,0,,,,,1120,Demo Harbor Ordinary Deposit,182360,00,00,0,B003,Harbor Demo Bank,D04,Demo Logistics,195,"[""20210523"",""900107""]",,195-C,cor:monetaryAmount,"{""d_cor_accountingEntries"":""1"",""d_cor_entryDetail"":""195-C"",""d_cor_entryHeader"":""[\""20210523\"",\""900107\""]""}"
46,2,2021-05,2021-05-23,900107,Synthetic demo vendor settlement 900107,2000,Demo Accounts Payable,182360,00,00,0,V001,Demo Vendor Keystone,D04,Demo Logistics,,,0,,,0,,,,,195,"[""20210523"",""900107""]",195-D,,cor:monetaryAmount,"{""d_cor_accountingEntries"":""1"",""d_cor_entryDetail"":""195-D"",""d_cor_entryHeader"":""[\""20210523\"",\""900107\""]""}"
47,1,2021-05,2021-05-24,900063,Synthetic demo customer receipt 900063,,,0,,,0,,,,,1200,Demo Accounts Receivable,348220,00,00,0,C001,Demo Customer Aurora,D01,Demo Sales,196,"[""20210524"",""900063""]",,196-C,cor:monetaryAmount,"{""d_cor_accountingEntries"":""1"",""d_cor_entryDetail"":""196-C"",""d_cor_entryHeader"":""[\""20210524\"",\""900063\""]""}"
47,2,2021-05,2021-05-24,900063,Synthetic demo customer receipt 900063,1100,Demo Central Ordinary Deposit,348220,00,00,0,B001,Demo Central Bank,D01,Demo Sales,,,0,,,0,,,,,196,"[""20210524"",""900063""]",196-D,,cor:monetaryAmount,"{""d_cor_accountingEntries"":""1"",""d_cor_entryDetail"":""196-D"",""d_cor_entryHeader"":""[\""20210524\"",\""900063\""]""}"
48,1,2021-05,2021-05-24,900114,Synthetic demo customer receipt 900114,,,0,,,0,,,,,1200,Demo Accounts Receivable,254150,00,00,0,C001,Demo Customer Aurora,D01,Demo Sales,197,"[""20210524"",""900114""]",,197-C,cor:monetaryAmount,"{""d_cor_accountingEntries"":""1"",""d_cor_entryDetail"":""197-C"",""d_cor_entryHeader"":""[\""20210524\"",\""900114\""]""}"
48,2,2021-05,2021-05-24,900114,Synthetic demo customer receipt 900114,1100,Demo Central Ordinary Deposit,254150,00,00,0,B001,Demo Central Bank,D01,Demo Sales,,,0,,,0,,,,,197,"[""20210524"",""900114""]",197-D,,cor:monetaryAmount,"{""d_cor_accountingEntries"":""1"",""d_cor_entryDetail"":""197-D"",""d_cor_entryHeader"":""[\""20210524\"",\""900114\""]""}"
49,1,2021-05,2021-05-25,900109,Synthetic demo multi-vendor settlement 900109,2000,Demo Accounts Payable,120280,00,00,0,V001,Demo Vendor Keystone,D01,Demo Sales,,,0,,,0,,,,,198,"[""20210525"",""900109""]",198-D,,cor:monetaryAmount,"{""d_cor_accountingEntries"":""1"",""d_cor_entryDetail"":""198-D"",""d_cor_entryHeader"":""[\""20210525\"",\""900109\""]""}"
49,2,2021-05,2021-05-25,900109,Synthetic demo multi-vendor settlement 900109,2100,Demo Accrued Payables,244220,00,00,0,V003,Demo Vendor Mosaic,D01,Demo Sales,,,0,,,0,,,,,199,"[""20210525"",""900109""]",199-D,,cor:monetaryAmount,"{""d_cor_accountingEntries"":""1"",""d_cor_entryDetail"":""199-D"",""d_cor_entryHeader"":""[\""20210525\"",\""900109\""]""}"
49,3,2021-05,2021-05-25,900109,Synthetic demo multi-vendor settlement 900109,,,0,,,0,,,,,1110,Demo North Current Deposit,193180,00,00,0,B002,North Demo Bank,D01,Demo Sales,200,"[""20210525"",""900109""]",,200-C,cor:monetaryAmount,"{""d_cor_accountingEntries"":""1"",""d_cor_entryDetail"":""200-C"",""d_cor_entryHeader"":""[\""20210525\"",\""900109\""]""}"
49,4,2021-05,2021-05-25,900109,Synthetic demo multi-vendor settlement 900109,,,0,,,0,,,,,1120,Demo Harbor Ordinary Deposit,171320,00,00,0,B003,Harbor Demo Bank,D01,Demo Sales,201,"[""20210525"",""900109""]",,201-C,cor:monetaryAmount,"{""d_cor_accountingEntries"":""1"",""d_cor_entryDetail"":""201-C"",""d_cor_entryHeader"":""[\""20210525\"",\""900109\""]""}"
50,1,2021-05,2021-05-26,900070,Synthetic demo credit sale 900070,,,0,,,0,,,,,4010,Demo Service Revenue,237630,B5,B5,21603,C001,Demo Customer Aurora,D01,Demo Sales,202,"[""20210526"",""900070""]",,202-C,cor:monetaryAmount,"{""d_cor_accountingEntries"":""1"",""d_cor_entryDetail"":""202-C"",""d_cor_entryHeader"":""[\""20210526\"",\""900070\""]""}"
50,2,2021-05,2021-05-26,900070,Synthetic demo credit sale 900070,1200,Demo Accounts Receivable,237630,00,00,0,C001,Demo Customer Aurora,D01,Demo Sales,,,0,,,0,,,,,202,"[""20210526"",""900070""]",202-D,,cor:monetaryAmount,"{""d_cor_accountingEntries"":""1"",""d_cor_entryDetail"":""202-D"",""d_cor_entryHeader"":""[\""20210526\"",\""900070\""]""}"
51,1,2021-05,2021-05-26,900102,Synthetic demo credit sale 900102,,,0,,,0,,,,,4000,Demo Product Sales,482460,B5,B5,43860,C007,Demo Customer Grove,D01,Demo Sales,203,"[""20210526"",""900102""]",,203-C,cor:monetaryAmount,"{""d_cor_accountingEntries"":""1"",""d_cor_entryDetail"":""203-C"",""d_cor_entryHeader"":""[\""20210526\"",\""900102\""]""}"
51,2,2021-05,2021-05-26,900102,Synthetic demo credit sale 900102,1200,Demo Accounts Receivable,482460,00,00,0,C001,Demo Customer Aurora,D01,Demo Sales,,,0,,,0,,,,,203,"[""20210526"",""900102""]",203-D,,cor:monetaryAmount,"{""d_cor_accountingEntries"":""1"",""d_cor_entryDetail"":""203-D"",""d_cor_entryHeader"":""[\""20210526\"",\""900102\""]""}"
52,1,2021-05,2021-05-26,900103,Synthetic demo multi-vendor settlement 900103,2000,Demo Accounts Payable,347920,00,00,0,V001,Demo Vendor Keystone,D01,Demo Sales,,,0,,,0,,,,,204,"[""20210526"",""900103""]",204-D,,cor:monetaryAmount,"{""d_cor_accountingEntries"":""1"",""d_cor_entryDetail"":""204-D"",""d_cor_entryHeader"":""[\""20210526\"",\""900103\""]""}"
52,2,2021-05,2021-05-26,900103,Synthetic demo multi-vendor settlement 900103,2100,Demo Accrued Payables,76380,00,00,0,V007,Demo Vendor Quartz,D01,Demo Sales,,,0,,,0,,,,,205,"[""20210526"",""900103""]",205-D,,cor:monetaryAmount,"{""d_cor_accountingEntries"":""1"",""d_cor_entryDetail"":""205-D"",""d_cor_entryHeader"":""[\""20210526\"",\""900103\""]""}"
52,3,2021-05,2021-05-26,900103,Synthetic demo multi-vendor settlement 900103,,,0,,,0,,,,,1110,Demo North Current Deposit,190930,00,00,0,B002,North Demo Bank,D01,Demo Sales,206,"[""20210526"",""900103""]",,206-C,cor:monetaryAmount,"{""d_cor_accountingEntries"":""1"",""d_cor_entryDetail"":""206-C"",""d_cor_entryHeader"":""[\""20210526\"",\""900103\""]""}"
52,4,2021-05,2021-05-26,900103,Synthetic demo multi-vendor settlement 900103,,,0,,,0,,,,,1120,Demo Harbor Ordinary Deposit,233370,00,00,0,B003,Harbor Demo Bank,D01,Demo Sales,207,"[""20210526"",""900103""]",,207-C,cor:monetaryAmount,"{""d_cor_accountingEntries"":""1"",""d_cor_entryDetail"":""207-C"",""d_cor_entryHeader"":""[\""20210526\"",\""900103\""]""}"
53,1,2021-05,2021-05-27,900072,Synthetic demo credit sale 900072,,,0,,,0,,,,,4000,Demo Product Sales,396750,B5,B5,36068,C007,Demo Customer Grove,D01,Demo Sales,208,"[""20210527"",""900072""]",,208-C,cor:monetaryAmount,"{""d_cor_accountingEntries"":""1"",""d_cor_entryDetail"":""208-C"",""d_cor_entryHeader"":""[\""20210527\"",\""900072\""]""}"
53,2,2021-05,2021-05-27,900072,Synthetic demo credit sale 900072,1200,Demo Accounts Receivable,396750,00,00,0,C001,Demo Customer Aurora,D01,Demo Sales,,,0,,,0,,,,,208,"[""20210527"",""900072""]",208-D,,cor:monetaryAmount,"{""d_cor_accountingEntries"":""1"",""d_cor_entryDetail"":""208-D"",""d_cor_entryHeader"":""[\""20210527\"",\""900072\""]""}"
54,1,2021-05,2021-05-27,900098,Synthetic demo operating expense 900098,,,0,,,0,,,,,1120,Demo Harbor Ordinary Deposit,147960,00,00,0,B003,Harbor Demo Bank,D05,Demo Digital Services,209,"[""20210527"",""900098""]",,209-C,cor:monetaryAmount,"{""d_cor_accountingEntries"":""1"",""d_cor_entryDetail"":""209-C"",""d_cor_entryHeader"":""[\""20210527\"",\""900098\""]""}"
54,2,2021-05,2021-05-27,900098,Synthetic demo operating expense 900098,6100,Demo Repairs,147960,Q5,Q5,13451,V001,Demo Vendor Keystone,D05,Demo Digital Services,,,0,,,0,,,,,209,"[""20210527"",""900098""]",209-D,,cor:monetaryAmount,"{""d_cor_accountingEntries"":""1"",""d_cor_entryDetail"":""209-D"",""d_cor_entryHeader"":""[\""20210527\"",\""900098\""]""}"
55,1,2021-05,2021-05-27,900120,Synthetic demo credit sale 900120,,,0,,,0,,,,,4000,Demo Product Sales,97300,B5,B5,8845,C001,Demo Customer Aurora,D01,Demo Sales,210,"[""20210527"",""900120""]",,210-C,cor:monetaryAmount,"{""d_cor_accountingEntries"":""1"",""d_cor_entryDetail"":""210-C"",""d_cor_entryHeader"":""[\""20210527\"",\""900120\""]""}"
55,2,2021-05,2021-05-27,900120,Synthetic demo credit sale 900120,1200,Demo Accounts Receivable,97300,00,00,0,C001,Demo Customer Aurora,D01,Demo Sales,,,0,,,0,,,,,210,"[""20210527"",""900120""]",210-D,,cor:monetaryAmount,"{""d_cor_accountingEntries"":""1"",""d_cor_entryDetail"":""210-D"",""d_cor_entryHeader"":""[\""20210527\"",\""900120\""]""}"
56,1,2021-05,2021-05-28,900110,Synthetic demo credit sale 900110,,,0,,,0,,,,,4020,Demo Other Operating Revenue,240910,B5,B5,21901,C001,Demo Customer Aurora,D01,Demo Sales,211,"[""20210528"",""900110""]",,211-C,cor:monetaryAmount,"{""d_cor_accountingEntries"":""1"",""d_cor_entryDetail"":""211-C"",""d_cor_entryHeader"":""[\""20210528\"",\""900110\""]""}"
56,2,2021-05,2021-05-28,900110,Synthetic demo credit sale 900110,1200,Demo Accounts Receivable,240910,00,00,0,C001,Demo Customer Aurora,D01,Demo Sales,,,0,,,0,,,,,211,"[""20210528"",""900110""]",211-D,,cor:monetaryAmount,"{""d_cor_accountingEntries"":""1"",""d_cor_entryDetail"":""211-D"",""d_cor_entryHeader"":""[\""20210528\"",\""900110\""]""}"
57,1,2021-05,2021-05-29,900071,Synthetic demo financing settlement 900071,,,0,,,0,,,,,1120,Demo Harbor Ordinary Deposit,533310,00,00,0,B003,Harbor Demo Bank,D06,Demo Management,212,"[""20210529"",""900071""]",,212-C,cor:monetaryAmount,"{""d_cor_accountingEntries"":""1"",""d_cor_entryDetail"":""212-C"",""d_cor_entryHeader"":""[\""20210529\"",\""900071\""]""}"
57,2,2021-05,2021-05-29,900071,Synthetic demo financing settlement 900071,2200,Demo Short-term Loans,330650,00,00,0,,,D06,Demo Management,,,0,,,0,,,,,212,"[""20210529"",""900071""]",212-D,,cor:monetaryAmount,"{""d_cor_accountingEntries"":""1"",""d_cor_entryDetail"":""212-D"",""d_cor_entryHeader"":""[\""20210529\"",\""900071\""]""}"
57,3,2021-05,2021-05-29,900071,Synthetic demo financing settlement 900071,6070,Demo Bank Fees,31990,00,00,0,B003,Harbor Demo Bank,D06,Demo Management,,,0,,,0,,,,,213,"[""20210529"",""900071""]",213-D,,cor:monetaryAmount,"{""d_cor_accountingEntries"":""1"",""d_cor_entryDetail"":""213-D"",""d_cor_entryHeader"":""[\""20210529\"",\""900071\""]""}"
57,4,2021-05,2021-05-29,900071,Synthetic demo financing settlement 900071,7000,Demo Taxes and Dues,170670,P0,P0,0,,,D06,Demo Management,,,0,,,0,,,,,214,"[""20210529"",""900071""]",214-D,,cor:monetaryAmount,"{""d_cor_accountingEntries"":""1"",""d_cor_entryDetail"":""214-D"",""d_cor_entryHeader"":""[\""20210529\"",\""900071\""]""}"
58,1,2021-05,2021-05-29,900093,Synthetic demo multi-vendor settlement 900093,2000,Demo Accounts Payable,135240,00,00,0,V001,Demo Vendor Keystone,D01,Demo Sales,,,0,,,0,,,,,215,"[""20210529"",""900093""]",215-D,,cor:monetaryAmount,"{""d_cor_accountingEntries"":""1"",""d_cor_entryDetail"":""215-D"",""d_cor_entryHeader"":""[\""20210529\"",\""900093\""]""}"
58,2,2021-05,2021-05-29,900093,Synthetic demo multi-vendor settlement 900093,2100,Demo Accrued Payables,274600,00,00,0,V007,Demo Vendor Quartz,D01,Demo Sales,,,0,,,0,,,,,216,"[""20210529"",""900093""]",216-D,,cor:monetaryAmount,"{""d_cor_accountingEntries"":""1"",""d_cor_entryDetail"":""216-D"",""d_cor_entryHeader"":""[\""20210529\"",\""900093\""]""}"
58,3,2021-05,2021-05-29,900093,Synthetic demo multi-vendor settlement 900093,,,0,,,0,,,,,1100,Demo Central Ordinary Deposit,331970,00,00,0,B001,Demo Central Bank,D01,Demo Sales,217,"[""20210529"",""900093""]",,217-C,cor:monetaryAmount,"{""d_cor_accountingEntries"":""1"",""d_cor_entryDetail"":""217-C"",""d_cor_entryHeader"":""[\""20210529\"",\""900093\""]""}"
58,4,2021-05,2021-05-29,900093,Synthetic demo multi-vendor settlement 900093,,,0,,,0,,,,,1110,Demo North Current Deposit,77870,00,00,0,B002,North Demo Bank,D01,Demo Sales,218,"[""20210529"",""900093""]",,218-C,cor:monetaryAmount,"{""d_cor_accountingEntries"":""1"",""d_cor_entryDetail"":""218-C"",""d_cor_entryHeader"":""[\""20210529\"",\""900093\""]""}"
59,1,2021-05,2021-05-30,900088,Synthetic demo operating expense 900088,,,0,,,0,,,,,1110,Demo North Current Deposit,167270,00,00,0,B002,North Demo Bank,D03,Demo Operations,219,"[""20210530"",""900088""]",,219-C,cor:monetaryAmount,"{""d_cor_accountingEntries"":""1"",""d_cor_entryDetail"":""219-C"",""d_cor_entryHeader"":""[\""20210530\"",\""900088\""]""}"
59,2,2021-05,2021-05-30,900088,Synthetic demo operating expense 900088,7000,Demo Taxes and Dues,167270,P0,P0,0,V001,Demo Vendor Keystone,D03,Demo Operations,,,0,,,0,,,,,219,"[""20210530"",""900088""]",219-D,,cor:monetaryAmount,"{""d_cor_accountingEntries"":""1"",""d_cor_entryDetail"":""219-D"",""d_cor_entryHeader"":""[\""20210530\"",\""900088\""]""}"
60,1,2021-05,2021-05-31,900115,Synthetic demo purchase on account 900115,,,0,,,0,,,,,2000,Demo Accounts Payable,36650,00,00,0,V001,Demo Vendor Keystone,D04,Demo Logistics,220,"[""20210531"",""900115""]",,220-C,cor:monetaryAmount,"{""d_cor_accountingEntries"":""1"",""d_cor_entryDetail"":""220-C"",""d_cor_entryHeader"":""[\""20210531\"",\""900115\""]""}"
60,2,2021-05,2021-05-31,900115,Synthetic demo purchase on account 900115,5010,Demo Freight-in,36650,Q6,Q6,2715,V006,Demo Vendor Prairie,D04,Demo Logistics,,,0,,,0,,,,,220,"[""20210531"",""900115""]",220-D,,cor:monetaryAmount,"{""d_cor_accountingEntries"":""1"",""d_cor_entryDetail"":""220-D"",""d_cor_entryHeader"":""[\""20210531\"",\""900115\""]""}"
1,1,2021-06,2021-06-01,900143,Synthetic demo customer receipt 900143,,,0,,,0,,,,,1200,Demo Accounts Receivable,163200,00,00,0,C001,Demo Customer Aurora,D01,Demo Sales,221,"[""20210601"",""900143""]",,221-C,cor:monetaryAmount,"{""d_cor_accountingEntries"":""1"",""d_cor_entryDetail"":""221-C"",""d_cor_entryHeader"":""[\""20210601\"",\""900143\""]""}"
1,2,2021-06,2021-06-01,900143,Synthetic demo customer receipt 900143,1120,Demo Harbor Ordinary Deposit,163200,00,00,0,B003,Harbor Demo Bank,D01,Demo Sales,,,0,,,0,,,,,221,"[""20210601"",""900143""]",221-D,,cor:monetaryAmount,"{""d_cor_accountingEntries"":""1"",""d_cor_entryDetail"":""221-D"",""d_cor_entryHeader"":""[\""20210601\"",\""900143\""]""}"
2,1,2021-06,2021-06-01,900158,Synthetic demo operating expense 900158,,,0,,,0,,,,,1120,Demo Harbor Ordinary Deposit,119830,00,00,0,B003,Harbor Demo Bank,D05,Demo Digital Services,222,"[""20210601"",""900158""]",,222-C,cor:monetaryAmount,"{""d_cor_accountingEntries"":""1"",""d_cor_entryDetail"":""222-C"",""d_cor_entryHeader"":""[\""20210601\"",\""900158\""]""}"
2,2,2021-06,2021-06-01,900158,Synthetic demo operating expense 900158,6160,Demo Shipping,119830,Q5,Q5,10894,V001,Demo Vendor Keystone,D05,Demo Digital Services,,,0,,,0,,,,,222,"[""20210601"",""900158""]",222-D,,cor:monetaryAmount,"{""d_cor_accountingEntries"":""1"",""d_cor_entryDetail"":""222-D"",""d_cor_entryHeader"":""[\""20210601\"",\""900158\""]""}"
3,1,2021-06,2021-06-01,900170,Synthetic demo credit sale 900170,,,0,,,0,,,,,4020,Demo Other Operating Revenue,431450,B5,B5,39223,C001,Demo Customer Aurora,D01,Demo Sales,223,"[""20210601"",""900170""]",,223-C,cor:monetaryAmount,"{""d_cor_accountingEntries"":""1"",""d_cor_entryDetail"":""223-C"",""d_cor_entryHeader"":""[\""20210601\"",\""900170\""]""}"
3,2,2021-06,2021-06-01,900170,Synthetic demo credit sale 900170,1200,Demo Accounts Receivable,431450,00,00,0,C001,Demo Customer Aurora,D01,Demo Sales,,,0,,,0,,,,,223,"[""20210601"",""900170""]",223-D,,cor:monetaryAmount,"{""d_cor_accountingEntries"":""1"",""d_cor_entryDetail"":""223-D"",""d_cor_entryHeader"":""[\""20210601\"",\""900170\""]""}"
4,1,2021-06,2021-06-02,900124,Synthetic demo customer receipt 900124,,,0,,,0,,,,,1200,Demo Accounts Receivable,100030,00,00,0,C001,Demo Customer Aurora,D01,Demo Sales,224,"[""20210602"",""900124""]",,224-C,cor:monetaryAmount,"{""d_cor_accountingEntries"":""1"",""d_cor_entryDetail"":""224-C"",""d_cor_entryHeader"":""[\""20210602\"",\""900124\""]""}"
4,2,2021-06,2021-06-02,900124,Synthetic demo customer receipt 900124,1110,Demo North Current Deposit,100030,00,00,0,B002,North Demo Bank,D01,Demo Sales,,,0,,,0,,,,,224,"[""20210602"",""900124""]",224-D,,cor:monetaryAmount,"{""d_cor_accountingEntries"":""1"",""d_cor_entryDetail"":""224-D"",""d_cor_entryHeader"":""[\""20210602\"",\""900124\""]""}"
5,1,2021-06,2021-06-02,900133,Synthetic demo customer receipt 900133,,,0,,,0,,,,,1200,Demo Accounts Receivable,211410,00,00,0,C001,Demo Customer Aurora,D01,Demo Sales,225,"[""20210602"",""900133""]",,225-C,cor:monetaryAmount,"{""d_cor_accountingEntries"":""1"",""d_cor_entryDetail"":""225-C"",""d_cor_entryHeader"":""[\""20210602\"",\""900133\""]""}"
5,2,2021-06,2021-06-02,900133,Synthetic demo customer receipt 900133,1110,Demo North Current Deposit,211410,00,00,0,B002,North Demo Bank,D01,Demo Sales,,,0,,,0,,,,,225,"[""20210602"",""900133""]",225-D,,cor:monetaryAmount,"{""d_cor_accountingEntries"":""1"",""d_cor_entryDetail"":""225-D"",""d_cor_entryHeader"":""[\""20210602\"",\""900133\""]""}"
6,1,2021-06,2021-06-02,900167,Synthetic demo vendor settlement 900167,,,0,,,0,,,,,1120,Demo Harbor Ordinary Deposit,98770,00,00,0,B003,Harbor Demo Bank,D04,Demo Logistics,226,"[""20210602"",""900167""]",,226-C,cor:monetaryAmount,"{""d_cor_accountingEntries"":""1"",""d_cor_entryDetail"":""226-C"",""d_cor_entryHeader"":""[\""20210602\"",\""900167\""]""}"
6,2,2021-06,2021-06-02,900167,Synthetic demo vendor settlement 900167,2000,Demo Accounts Payable,98770,00,00,0,V001,Demo Vendor Keystone,D04,Demo Logistics,,,0,,,0,,,,,226,"[""20210602"",""900167""]",226-D,,cor:monetaryAmount,"{""d_cor_accountingEntries"":""1"",""d_cor_entryDetail"":""226-D"",""d_cor_entryHeader"":""[\""20210602\"",\""900167\""]""}"
7,1,2021-06,2021-06-02,900169,Synthetic demo combined customer receipt 900169,,,0,,,0,,,,,1200,Demo Accounts Receivable,153850,00,00,0,C001,Demo Customer Aurora,D01,Demo Sales,227,"[""20210602"",""900169""]",,227-C,cor:monetaryAmount,"{""d_cor_accountingEntries"":""1"",""d_cor_entryDetail"":""227-C"",""d_cor_entryHeader"":""[\""20210602\"",\""900169\""]""}"
7,2,2021-06,2021-06-02,900169,Synthetic demo combined customer receipt 900169,1110,Demo North Current Deposit,307700,00,00,0,B002,North Demo Bank,D01,Demo Sales,,,0,,,0,,,,,227,"[""20210602"",""900169""]",227-D,,cor:monetaryAmount,"{""d_cor_accountingEntries"":""1"",""d_cor_entryDetail"":""227-D"",""d_cor_entryHeader"":""[\""20210602\"",\""900169\""]""}"
7,3,2021-06,2021-06-02,900169,Synthetic demo combined customer receipt 900169,,,0,,,0,,,,,1200,Demo Accounts Receivable,12300,00,00,0,C001,Demo Customer Aurora,D01,Demo Sales,228,"[""20210602"",""900169""]",,228-C,cor:monetaryAmount,"{""d_cor_accountingEntries"":""1"",""d_cor_entryDetail"":""228-C"",""d_cor_entryHeader"":""[\""20210602\"",\""900169\""]""}"
7,4,2021-06,2021-06-02,900169,Synthetic demo combined customer receipt 900169,,,0,,,0,,,,,1200,Demo Accounts Receivable,141550,00,00,0,C001,Demo Customer Aurora,D01,Demo Sales,229,"[""20210602"",""900169""]",,229-C,cor:monetaryAmount,"{""d_cor_accountingEntries"":""1"",""d_cor_entryDetail"":""229-C"",""d_cor_entryHeader"":""[\""20210602\"",\""900169\""]""}"
8,1,2021-06,2021-06-03,900154,Synthetic demo customer receipt 900154,,,0,,,0,,,,,1200,Demo Accounts Receivable,126120,00,00,0,C001,Demo Customer Aurora,D01,Demo Sales,230,"[""20210603"",""900154""]",,230-C,cor:monetaryAmount,"{""d_cor_accountingEntries"":""1"",""d_cor_entryDetail"":""230-C"",""d_cor_entryHeader"":""[\""20210603\"",\""900154\""]""}"
8,2,2021-06,2021-06-03,900154,Synthetic demo customer receipt 900154,1110,Demo North Current Deposit,126120,00,00,0,B002,North Demo Bank,D01,Demo Sales,,,0,,,0,,,,,230,"[""20210603"",""900154""]",230-D,,cor:monetaryAmount,"{""d_cor_accountingEntries"":""1"",""d_cor_entryDetail"":""230-D"",""d_cor_entryHeader"":""[\""20210603\"",\""900154\""]""}"
9,1,2021-06,2021-06-04,900128,Synthetic demo mixed sales and receipt 900128,1120,Demo Harbor Ordinary Deposit,67510,00,00,0,B003,Harbor Demo Bank,D01,Demo Sales,,,0,,,0,,,,,231,"[""20210604"",""900128""]",231-D,,cor:monetaryAmount,"{""d_cor_accountingEntries"":""1"",""d_cor_entryDetail"":""231-D"",""d_cor_entryHeader"":""[\""20210604\"",\""900128\""]""}"
9,2,2021-06,2021-06-04,900128,Synthetic demo mixed sales and receipt 900128,1200,Demo Accounts Receivable,131050,00,00,0,C001,Demo Customer Aurora,D01,Demo Sales,,,0,,,0,,,,,232,"[""20210604"",""900128""]",232-D,,cor:monetaryAmount,"{""d_cor_accountingEntries"":""1"",""d_cor_entryDetail"":""232-D"",""d_cor_entryHeader"":""[\""20210604\"",\""900128\""]""}"
9,3,2021-06,2021-06-04,900128,Synthetic demo mixed sales and receipt 900128,,,0,,,0,,,,,4000,Demo Product Sales,133030,B5,B5,12094,C010,Demo Customer Juniper,D01,Demo Sales,233,"[""20210604"",""900128""]",,233-C,cor:monetaryAmount,"{""d_cor_accountingEntries"":""1"",""d_cor_entryDetail"":""233-C"",""d_cor_entryHeader"":""[\""20210604\"",\""900128\""]""}"
9,4,2021-06,2021-06-04,900128,Synthetic demo mixed sales and receipt 900128,,,0,,,0,,,,,4010,Demo Service Revenue,65530,B5,B5,5957,C001,Demo Customer Aurora,D01,Demo Sales,234,"[""20210604"",""900128""]",,234-C,cor:monetaryAmount,"{""d_cor_accountingEntries"":""1"",""d_cor_entryDetail"":""234-C"",""d_cor_entryHeader"":""[\""20210604\"",\""900128\""]""}"
10,1,2021-06,2021-06-05,900146,Synthetic demo purchase on account 900146,,,0,,,0,,,,,2000,Demo Accounts Payable,321220,00,00,0,V001,Demo Vendor Keystone,D04,Demo Logistics,235,"[""20210605"",""900146""]",,235-C,cor:monetaryAmount,"{""d_cor_accountingEntries"":""1"",""d_cor_entryDetail"":""235-C"",""d_cor_entryHeader"":""[\""20210605\"",\""900146\""]""}"
10,2,2021-06,2021-06-05,900146,Synthetic demo purchase on account 900146,5020,Demo Inventory Adjustment,321220,Q5,Q5,29202,V001,Demo Vendor Keystone,D04,Demo Logistics,,,0,,,0,,,,,235,"[""20210605"",""900146""]",235-D,,cor:monetaryAmount,"{""d_cor_accountingEntries"":""1"",""d_cor_entryDetail"":""235-D"",""d_cor_entryHeader"":""[\""20210605\"",\""900146\""]""}"
11,1,2021-06,2021-06-05,900157,Synthetic demo operating cost bundle 900157,,,0,,,0,,,,,1110,Demo North Current Deposit,314400,00,00,0,B002,North Demo Bank,D03,Demo Operations,236,"[""20210605"",""900157""]",,236-C,cor:monetaryAmount,"{""d_cor_accountingEntries"":""1"",""d_cor_entryDetail"":""236-C"",""d_cor_entryHeader"":""[\""20210605\"",\""900157\""]""}"
11,2,2021-06,2021-06-05,900157,Synthetic demo operating cost bundle 900157,6030,Demo Utilities,84880,Q5,Q5,7716,S002,Demo Energy Services,D03,Demo Operations,,,0,,,0,,,,,236,"[""20210605"",""900157""]",236-D,,cor:monetaryAmount,"{""d_cor_accountingEntries"":""1"",""d_cor_entryDetail"":""236-D"",""d_cor_entryHeader"":""[\""20210605\"",\""900157\""]""}"
11,3,2021-06,2021-06-05,900157,Synthetic demo operating cost bundle 900157,6040,Demo Communication,125760,Q5,Q5,11433,S003,Demo Network Services,D03,Demo Operations,,,0,,,0,,,,,237,"[""20210605"",""900157""]",237-D,,cor:monetaryAmount,"{""d_cor_accountingEntries"":""1"",""d_cor_entryDetail"":""237-D"",""d_cor_entryHeader"":""[\""20210605\"",\""900157\""]""}"
11,4,2021-06,2021-06-05,900157,Synthetic demo operating cost bundle 900157,6060,Demo Office Supplies,103760,Q5,Q5,9433,V008,Demo Vendor Rivulet,D03,Demo Operations,,,0,,,0,,,,,238,"[""20210605"",""900157""]",238-D,,cor:monetaryAmount,"{""d_cor_accountingEntries"":""1"",""d_cor_entryDetail"":""238-D"",""d_cor_entryHeader"":""[\""20210605\"",\""900157\""]""}"
12,1,2021-06,2021-06-06,900129,Synthetic demo prepaid service 900129,,,0,,,0,,,,,1100,Demo Central Ordinary Deposit,35480,00,00,0,B001,Demo Central Bank,D05,Demo Digital Services,239,"[""20210606"",""900129""]",,239-C,cor:monetaryAmount,"{""d_cor_accountingEntries"":""1"",""d_cor_entryDetail"":""239-C"",""d_cor_entryHeader"":""[\""20210606\"",\""900129\""]""}"
12,2,2021-06,2021-06-06,900129,Synthetic demo prepaid service 900129,1400,Demo Prepaid Expenses,35480,00,00,0,S004,Demo Logistics Services,D05,Demo Digital Services,,,0,,,0,,,,,239,"[""20210606"",""900129""]",239-D,,cor:monetaryAmount,"{""d_cor_accountingEntries"":""1"",""d_cor_entryDetail"":""239-D"",""d_cor_entryHeader"":""[\""20210606\"",\""900129\""]""}"
13,1,2021-06,2021-06-06,900155,Synthetic demo purchase on account 900155,,,0,,,0,,,,,2000,Demo Accounts Payable,308680,00,00,0,V001,Demo Vendor Keystone,D04,Demo Logistics,240,"[""20210606"",""900155""]",,240-C,cor:monetaryAmount,"{""d_cor_accountingEntries"":""1"",""d_cor_entryDetail"":""240-C"",""d_cor_entryHeader"":""[\""20210606\"",\""900155\""]""}"
13,2,2021-06,2021-06-06,900155,Synthetic demo purchase on account 900155,5020,Demo Inventory Adjustment,308680,Q5,Q5,28062,V006,Demo Vendor Prairie,D04,Demo Logistics,,,0,,,0,,,,,240,"[""20210606"",""900155""]",240-D,,cor:monetaryAmount,"{""d_cor_accountingEntries"":""1"",""d_cor_entryDetail"":""240-D"",""d_cor_entryHeader"":""[\""20210606\"",\""900155\""]""}"
14,1,2021-06,2021-06-07,900140,Synthetic demo credit sale 900140,,,0,,,0,,,,,4020,Demo Other Operating Revenue,470070,B5,B5,42734,C001,Demo Customer Aurora,D01,Demo Sales,241,"[""20210607"",""900140""]",,241-C,cor:monetaryAmount,"{""d_cor_accountingEntries"":""1"",""d_cor_entryDetail"":""241-C"",""d_cor_entryHeader"":""[\""20210607\"",\""900140\""]""}"
14,2,2021-06,2021-06-07,900140,Synthetic demo credit sale 900140,1200,Demo Accounts Receivable,470070,00,00,0,C001,Demo Customer Aurora,D01,Demo Sales,,,0,,,0,,,,,241,"[""20210607"",""900140""]",241-D,,cor:monetaryAmount,"{""d_cor_accountingEntries"":""1"",""d_cor_entryDetail"":""241-D"",""d_cor_entryHeader"":""[\""20210607\"",\""900140\""]""}"
15,1,2021-06,2021-06-07,900173,Synthetic demo customer receipt 900173,,,0,,,0,,,,,1200,Demo Accounts Receivable,70630,00,00,0,C001,Demo Customer Aurora,D01,Demo Sales,242,"[""20210607"",""900173""]",,242-C,cor:monetaryAmount,"{""d_cor_accountingEntries"":""1"",""d_cor_entryDetail"":""242-C"",""d_cor_entryHeader"":""[\""20210607\"",\""900173\""]""}"
15,2,2021-06,2021-06-07,900173,Synthetic demo customer receipt 900173,1120,Demo Harbor Ordinary Deposit,70630,00,00,0,B003,Harbor Demo Bank,D01,Demo Sales,,,0,,,0,,,,,242,"[""20210607"",""900173""]",242-D,,cor:monetaryAmount,"{""d_cor_accountingEntries"":""1"",""d_cor_entryDetail"":""242-D"",""d_cor_entryHeader"":""[\""20210607\"",\""900173\""]""}"
16,1,2021-06,2021-06-08,900145,Synthetic demo purchase on account 900145,,,0,,,0,,,,,2000,Demo Accounts Payable,295460,00,00,0,V001,Demo Vendor Keystone,D04,Demo Logistics,243,"[""20210608"",""900145""]",,243-C,cor:monetaryAmount,"{""d_cor_accountingEntries"":""1"",""d_cor_entryDetail"":""243-C"",""d_cor_entryHeader"":""[\""20210608\"",\""900145\""]""}"
16,2,2021-06,2021-06-08,900145,Synthetic demo purchase on account 900145,5010,Demo Freight-in,295460,Q5,Q5,26860,V006,Demo Vendor Prairie,D04,Demo Logistics,,,0,,,0,,,,,243,"[""20210608"",""900145""]",243-D,,cor:monetaryAmount,"{""d_cor_accountingEntries"":""1"",""d_cor_entryDetail"":""243-D"",""d_cor_entryHeader"":""[\""20210608\"",\""900145\""]""}"
17,1,2021-06,2021-06-08,900174,Synthetic demo mixed sales and receipt 900174,1100,Demo Central Ordinary Deposit,113080,00,00,0,B001,Demo Central Bank,D01,Demo Sales,,,0,,,0,,,,,244,"[""20210608"",""900174""]",244-D,,cor:monetaryAmount,"{""d_cor_accountingEntries"":""1"",""d_cor_entryDetail"":""244-D"",""d_cor_entryHeader"":""[\""20210608\"",\""900174\""]""}"
17,2,2021-06,2021-06-08,900174,Synthetic demo mixed sales and receipt 900174,1200,Demo Accounts Receivable,169640,00,00,0,C001,Demo Customer Aurora,D01,Demo Sales,,,0,,,0,,,,,245,"[""20210608"",""900174""]",245-D,,cor:monetaryAmount,"{""d_cor_accountingEntries"":""1"",""d_cor_entryDetail"":""245-D"",""d_cor_entryHeader"":""[\""20210608\"",\""900174\""]""}"
17,3,2021-06,2021-06-08,900174,Synthetic demo mixed sales and receipt 900174,,,0,,,0,,,,,4000,Demo Product Sales,189420,B5,B5,17220,C006,Demo Customer Fjord,D01,Demo Sales,246,"[""20210608"",""900174""]",,246-C,cor:monetaryAmount,"{""d_cor_accountingEntries"":""1"",""d_cor_entryDetail"":""246-C"",""d_cor_entryHeader"":""[\""20210608\"",\""900174\""]""}"
17,4,2021-06,2021-06-08,900174,Synthetic demo mixed sales and receipt 900174,,,0,,,0,,,,,4010,Demo Service Revenue,93300,B5,B5,8482,C007,Demo Customer Grove,D01,Demo Sales,247,"[""20210608"",""900174""]",,247-C,cor:monetaryAmount,"{""d_cor_accountingEntries"":""1"",""d_cor_entryDetail"":""247-C"",""d_cor_entryHeader"":""[\""20210608\"",\""900174\""]""}"
18,1,2021-06,2021-06-09,900132,Synthetic demo credit sale 900132,,,0,,,0,,,,,4000,Demo Product Sales,593870,B5,B5,53988,C007,Demo Customer Grove,D01,Demo Sales,248,"[""20210609"",""900132""]",,248-C,cor:monetaryAmount,"{""d_cor_accountingEntries"":""1"",""d_cor_entryDetail"":""248-C"",""d_cor_entryHeader"":""[\""20210609\"",\""900132\""]""}"
18,2,2021-06,2021-06-09,900132,Synthetic demo credit sale 900132,1200,Demo Accounts Receivable,593870,00,00,0,C001,Demo Customer Aurora,D01,Demo Sales,,,0,,,0,,,,,248,"[""20210609"",""900132""]",248-D,,cor:monetaryAmount,"{""d_cor_accountingEntries"":""1"",""d_cor_entryDetail"":""248-D"",""d_cor_entryHeader"":""[\""20210609\"",\""900132\""]""}"
19,1,2021-06,2021-06-09,900153,Synthetic demo multi-vendor settlement 900153,2000,Demo Accounts Payable,156360,00,00,0,V001,Demo Vendor Keystone,D01,Demo Sales,,,0,,,0,,,,,249,"[""20210609"",""900153""]",249-D,,cor:monetaryAmount,"{""d_cor_accountingEntries"":""1"",""d_cor_entryDetail"":""249-D"",""d_cor_entryHeader"":""[\""20210609\"",\""900153\""]""}"
19,2,2021-06,2021-06-09,900153,Synthetic demo multi-vendor settlement 900153,2100,Demo Accrued Payables,364860,00,00,0,V007,Demo Vendor Quartz,D01,Demo Sales,,,0,,,0,,,,,250,"[""20210609"",""900153""]",250-D,,cor:monetaryAmount,"{""d_cor_accountingEntries"":""1"",""d_cor_entryDetail"":""250-D"",""d_cor_entryHeader"":""[\""20210609\"",\""900153\""]""}"
19,3,2021-06,2021-06-09,900153,Synthetic demo multi-vendor settlement 900153,,,0,,,0,,,,,1100,Demo Central Ordinary Deposit,218910,00,00,0,B001,Demo Central Bank,D01,Demo Sales,251,"[""20210609"",""900153""]",,251-C,cor:monetaryAmount,"{""d_cor_accountingEntries"":""1"",""d_cor_entryDetail"":""251-C"",""d_cor_entryHeader"":""[\""20210609\"",\""900153\""]""}"
19,4,2021-06,2021-06-09,900153,Synthetic demo multi-vendor settlement 900153,,,0,,,0,,,,,1110,Demo North Current Deposit,302310,00,00,0,B002,North Demo Bank,D01,Demo Sales,252,"[""20210609"",""900153""]",,252-C,cor:monetaryAmount,"{""d_cor_accountingEntries"":""1"",""d_cor_entryDetail"":""252-C"",""d_cor_entryHeader"":""[\""20210609\"",\""900153\""]""}"
20,1,2021-06,2021-06-09,900163,Synthetic demo operating cost bundle 900163,,,0,,,0,,,,,1110,Demo North Current Deposit,570350,00,00,0,B002,North Demo Bank,D03,Demo Operations,253,"[""20210609"",""900163""]",,253-C,cor:monetaryAmount,"{""d_cor_accountingEntries"":""1"",""d_cor_entryDetail"":""253-C"",""d_cor_entryHeader"":""[\""20210609\"",\""900163\""]""}"
20,2,2021-06,2021-06-09,900163,Synthetic demo operating cost bundle 900163,6030,Demo Utilities,119770,Q5,Q5,10888,S002,Demo Energy Services,D03,Demo Operations,,,0,,,0,,,,,253,"[""20210609"",""900163""]",253-D,,cor:monetaryAmount,"{""d_cor_accountingEntries"":""1"",""d_cor_entryDetail"":""253-D"",""d_cor_entryHeader"":""[\""20210609\"",\""900163\""]""}"
20,3,2021-06,2021-06-09,900163,Synthetic demo operating cost bundle 900163,6040,Demo Communication,131180,C5,C5,11925,S003,Demo Network Services,D03,Demo Operations,,,0,,,0,,,,,254,"[""20210609"",""900163""]",254-D,,cor:monetaryAmount,"{""d_cor_accountingEntries"":""1"",""d_cor_entryDetail"":""254-D"",""d_cor_entryHeader"":""[\""20210609\"",\""900163\""]""}"
20,4,2021-06,2021-06-09,900163,Synthetic demo operating cost bundle 900163,6060,Demo Office Supplies,319400,Q5,Q5,29036,V004,Demo Vendor Nimbus,D03,Demo Operations,,,0,,,0,,,,,255,"[""20210609"",""900163""]",255-D,,cor:monetaryAmount,"{""d_cor_accountingEntries"":""1"",""d_cor_entryDetail"":""255-D"",""d_cor_entryHeader"":""[\""20210609\"",\""900163\""]""}"
21,1,2021-06,2021-06-10,900141,Synthetic demo multi-vendor settlement 900141,2000,Demo Accounts Payable,163090,00,00,0,V001,Demo Vendor Keystone,D01,Demo Sales,,,0,,,0,,,,,256,"[""20210610"",""900141""]",256-D,,cor:monetaryAmount,"{""d_cor_accountingEntries"":""1"",""d_cor_entryDetail"":""256-D"",""d_cor_entryHeader"":""[\""20210610\"",\""900141\""]""}"
21,2,2021-06,2021-06-10,900141,Synthetic demo multi-vendor settlement 900141,2100,Demo Accrued Payables,80340,00,00,0,V005,Demo Vendor Orchid,D01,Demo Sales,,,0,,,0,,,,,257,"[""20210610"",""900141""]",257-D,,cor:monetaryAmount,"{""d_cor_accountingEntries"":""1"",""d_cor_entryDetail"":""257-D"",""d_cor_entryHeader"":""[\""20210610\"",\""900141\""]""}"
21,3,2021-06,2021-06-10,900141,Synthetic demo multi-vendor settlement 900141,,,0,,,0,,,,,1100,Demo Central Ordinary Deposit,204480,00,00,0,B001,Demo Central Bank,D01,Demo Sales,258,"[""20210610"",""900141""]",,258-C,cor:monetaryAmount,"{""d_cor_accountingEntries"":""1"",""d_cor_entryDetail"":""258-C"",""d_cor_entryHeader"":""[\""20210610\"",\""900141\""]""}"
21,4,2021-06,2021-06-10,900141,Synthetic demo multi-vendor settlement 900141,,,0,,,0,,,,,1110,Demo North Current Deposit,38950,00,00,0,B002,North Demo Bank,D01,Demo Sales,259,"[""20210610"",""900141""]",,259-C,cor:monetaryAmount,"{""d_cor_accountingEntries"":""1"",""d_cor_entryDetail"":""259-C"",""d_cor_entryHeader"":""[\""20210610\"",\""900141\""]""}"
22,1,2021-06,2021-06-10,900149,Synthetic demo prepaid service 900149,,,0,,,0,,,,,1120,Demo Harbor Ordinary Deposit,136940,00,00,0,B003,Harbor Demo Bank,D05,Demo Digital Services,260,"[""20210610"",""900149""]",,260-C,cor:monetaryAmount,"{""d_cor_accountingEntries"":""1"",""d_cor_entryDetail"":""260-C"",""d_cor_entryHeader"":""[\""20210610\"",\""900149\""]""}"
22,2,2021-06,2021-06-10,900149,Synthetic demo prepaid service 900149,1400,Demo Prepaid Expenses,136940,00,00,0,S006,Demo Insurance Services,D05,Demo Digital Services,,,0,,,0,,,,,260,"[""20210610"",""900149""]",260-D,,cor:monetaryAmount,"{""d_cor_accountingEntries"":""1"",""d_cor_entryDetail"":""260-D"",""d_cor_entryHeader"":""[\""20210610\"",\""900149\""]""}"
23,1,2021-06,2021-06-10,900162,Synthetic demo credit sale 900162,,,0,,,0,,,,,4000,Demo Product Sales,412360,B5,B5,37487,C007,Demo Customer Grove,D01,Demo Sales,261,"[""20210610"",""900162""]",,261-C,cor:monetaryAmount,"{""d_cor_accountingEntries"":""1"",""d_cor_entryDetail"":""261-C"",""d_cor_entryHeader"":""[\""20210610\"",\""900162\""]""}"
23,2,2021-06,2021-06-10,900162,Synthetic demo credit sale 900162,1200,Demo Accounts Receivable,412360,00,00,0,C001,Demo Customer Aurora,D01,Demo Sales,,,0,,,0,,,,,261,"[""20210610"",""900162""]",261-D,,cor:monetaryAmount,"{""d_cor_accountingEntries"":""1"",""d_cor_entryDetail"":""261-D"",""d_cor_entryHeader"":""[\""20210610\"",\""900162\""]""}"
24,1,2021-06,2021-06-10,900168,Synthetic demo operating expense 900168,,,0,,,0,,,,,1100,Demo Central Ordinary Deposit,146860,00,00,0,B001,Demo Central Bank,D02,Demo Administration,262,"[""20210610"",""900168""]",,262-C,cor:monetaryAmount,"{""d_cor_accountingEntries"":""1"",""d_cor_entryDetail"":""262-C"",""d_cor_entryHeader"":""[\""20210610\"",\""900168\""]""}"
24,2,2021-06,2021-06-10,900168,Synthetic demo operating expense 900168,6080,Demo Advertising,146860,Q5,Q5,13351,V001,Demo Vendor Keystone,D02,Demo Administration,,,0,,,0,,,,,262,"[""20210610"",""900168""]",262-D,,cor:monetaryAmount,"{""d_cor_accountingEntries"":""1"",""d_cor_entryDetail"":""262-D"",""d_cor_entryHeader"":""[\""20210610\"",\""900168\""]""}"
25,1,2021-06,2021-06-11,900136,Synthetic demo purchase on account 900136,,,0,,,0,,,,,2000,Demo Accounts Payable,311910,00,00,0,V001,Demo Vendor Keystone,D04,Demo Logistics,263,"[""20210611"",""900136""]",,263-C,cor:monetaryAmount,"{""d_cor_accountingEntries"":""1"",""d_cor_entryDetail"":""263-C"",""d_cor_entryHeader"":""[\""20210611\"",\""900136\""]""}"
25,2,2021-06,2021-06-11,900136,Synthetic demo purchase on account 900136,5010,Demo Freight-in,311910,Q5,Q5,28355,V001,Demo Vendor Keystone,D04,Demo Logistics,,,0,,,0,,,,,263,"[""20210611"",""900136""]",263-D,,cor:monetaryAmount,"{""d_cor_accountingEntries"":""1"",""d_cor_entryDetail"":""263-D"",""d_cor_entryHeader"":""[\""20210611\"",\""900136\""]""}"
26,1,2021-06,2021-06-11,900164,Synthetic demo customer receipt 900164,,,0,,,0,,,,,1200,Demo Accounts Receivable,172860,00,00,0,C001,Demo Customer Aurora,D01,Demo Sales,264,"[""20210611"",""900164""]",,264-C,cor:monetaryAmount,"{""d_cor_accountingEntries"":""1"",""d_cor_entryDetail"":""264-C"",""d_cor_entryHeader"":""[\""20210611\"",\""900164\""]""}"
26,2,2021-06,2021-06-11,900164,Synthetic demo customer receipt 900164,1120,Demo Harbor Ordinary Deposit,172860,00,00,0,B003,Harbor Demo Bank,D01,Demo Sales,,,0,,,0,,,,,264,"[""20210611"",""900164""]",264-D,,cor:monetaryAmount,"{""d_cor_accountingEntries"":""1"",""d_cor_entryDetail"":""264-D"",""d_cor_entryHeader"":""[\""20210611\"",\""900164\""]""}"
27,1,2021-06,2021-06-12,900130,Synthetic demo credit sale 900130,,,0,,,0,,,,,4010,Demo Service Revenue,196610,B5,B5,17874,C001,Demo Customer Aurora,D01,Demo Sales,265,"[""20210612"",""900130""]",,265-C,cor:monetaryAmount,"{""d_cor_accountingEntries"":""1"",""d_cor_entryDetail"":""265-C"",""d_cor_entryHeader"":""[\""20210612\"",\""900130\""]""}"
27,2,2021-06,2021-06-12,900130,Synthetic demo credit sale 900130,1200,Demo Accounts Receivable,196610,00,00,0,C001,Demo Customer Aurora,D01,Demo Sales,,,0,,,0,,,,,265,"[""20210612"",""900130""]",265-D,,cor:monetaryAmount,"{""d_cor_accountingEntries"":""1"",""d_cor_entryDetail"":""265-D"",""d_cor_entryHeader"":""[\""20210612\"",\""900130\""]""}"
28,1,2021-06,2021-06-12,900138,Synthetic demo operating expense 900138,,,0,,,0,,,,,1100,Demo Central Ordinary Deposit,167560,00,00,0,B001,Demo Central Bank,D02,Demo Administration,266,"[""20210612"",""900138""]",,266-C,cor:monetaryAmount,"{""d_cor_accountingEntries"":""1"",""d_cor_entryDetail"":""266-C"",""d_cor_entryHeader"":""[\""20210612\"",\""900138\""]""}"
28,2,2021-06,2021-06-12,900138,Synthetic demo operating expense 900138,6140,Demo Vehicle Expense,167560,Q6,Q6,12412,V001,Demo Vendor Keystone,D02,Demo Administration,,,0,,,0,,,,,266,"[""20210612"",""900138""]",266-D,,cor:monetaryAmount,"{""d_cor_accountingEntries"":""1"",""d_cor_entryDetail"":""266-D"",""d_cor_entryHeader"":""[\""20210612\"",\""900138\""]""}"
29,1,2021-06,2021-06-12,900148,Synthetic demo operating expense 900148,,,0,,,0,,,,,1110,Demo North Current Deposit,144520,00,00,0,B002,North Demo Bank,D03,Demo Operations,267,"[""20210612"",""900148""]",,267-C,cor:monetaryAmount,"{""d_cor_accountingEntries"":""1"",""d_cor_entryDetail"":""267-C"",""d_cor_entryHeader"":""[\""20210612\"",\""900148\""]""}"
29,2,2021-06,2021-06-12,900148,Synthetic demo operating expense 900148,6060,Demo Office Supplies,144520,Q5,Q5,13138,V001,Demo Vendor Keystone,D03,Demo Operations,,,0,,,0,,,,,267,"[""20210612"",""900148""]",267-D,,cor:monetaryAmount,"{""d_cor_accountingEntries"":""1"",""d_cor_entryDetail"":""267-D"",""d_cor_entryHeader"":""[\""20210612\"",\""900148\""]""}"
30,1,2021-06,2021-06-13,900123,Synthetic demo customer receipt 900123,,,0,,,0,,,,,1200,Demo Accounts Receivable,276130,00,00,0,C001,Demo Customer Aurora,D01,Demo Sales,268,"[""20210613"",""900123""]",,268-C,cor:monetaryAmount,"{""d_cor_accountingEntries"":""1"",""d_cor_entryDetail"":""268-C"",""d_cor_entryHeader"":""[\""20210613\"",\""900123\""]""}"
30,2,2021-06,2021-06-13,900123,Synthetic demo customer receipt 900123,1100,Demo Central Ordinary Deposit,276130,00,00,0,B001,Demo Central Bank,D01,Demo Sales,,,0,,,0,,,,,268,"[""20210613"",""900123""]",268-D,,cor:monetaryAmount,"{""d_cor_accountingEntries"":""1"",""d_cor_entryDetail"":""268-D"",""d_cor_entryHeader"":""[\""20210613\"",\""900123\""]""}"
31,1,2021-06,2021-06-13,900178,Synthetic demo operating cost bundle 900178,,,0,,,0,,,,,1110,Demo North Current Deposit,608990,00,00,0,B002,North Demo Bank,D03,Demo Operations,269,"[""20210613"",""900178""]",,269-C,cor:monetaryAmount,"{""d_cor_accountingEntries"":""1"",""d_cor_entryDetail"":""269-C"",""d_cor_entryHeader"":""[\""20210613\"",\""900178\""]""}"
31,2,2021-06,2021-06-13,900178,Synthetic demo operating cost bundle 900178,6030,Demo Utilities,91340,Q5,Q5,8304,S002,Demo Energy Services,D03,Demo Operations,,,0,,,0,,,,,269,"[""20210613"",""900178""]",269-D,,cor:monetaryAmount,"{""d_cor_accountingEntries"":""1"",""d_cor_entryDetail"":""269-D"",""d_cor_entryHeader"":""[\""20210613\"",\""900178\""]""}"
31,3,2021-06,2021-06-13,900178,Synthetic demo operating cost bundle 900178,6040,Demo Communication,115700,Q5,Q5,10518,S003,Demo Network Services,D03,Demo Operations,,,0,,,0,,,,,270,"[""20210613"",""900178""]",270-D,,cor:monetaryAmount,"{""d_cor_accountingEntries"":""1"",""d_cor_entryDetail"":""270-D"",""d_cor_entryHeader"":""[\""20210613\"",\""900178\""]""}"
31,4,2021-06,2021-06-13,900178,Synthetic demo operating cost bundle 900178,6060,Demo Office Supplies,401950,Q5,Q5,36541,V009,Demo Vendor Summit,D03,Demo Operations,,,0,,,0,,,,,271,"[""20210613"",""900178""]",271-D,,cor:monetaryAmount,"{""d_cor_accountingEntries"":""1"",""d_cor_entryDetail"":""271-D"",""d_cor_entryHeader"":""[\""20210613\"",\""900178\""]""}"
32,1,2021-06,2021-06-14,900176,Synthetic demo purchase on account 900176,,,0,,,0,,,,,2000,Demo Accounts Payable,78180,00,00,0,V001,Demo Vendor Keystone,D04,Demo Logistics,272,"[""20210614"",""900176""]",,272-C,cor:monetaryAmount,"{""d_cor_accountingEntries"":""1"",""d_cor_entryDetail"":""272-C"",""d_cor_entryHeader"":""[\""20210614\"",\""900176\""]""}"
32,2,2021-06,2021-06-14,900176,Synthetic demo purchase on account 900176,5020,Demo Inventory Adjustment,78180,Q5,Q5,7107,V001,Demo Vendor Keystone,D04,Demo Logistics,,,0,,,0,,,,,272,"[""20210614"",""900176""]",272-D,,cor:monetaryAmount,"{""d_cor_accountingEntries"":""1"",""d_cor_entryDetail"":""272-D"",""d_cor_entryHeader"":""[\""20210614\"",\""900176\""]""}"
33,1,2021-06,2021-06-15,900125,Synthetic demo financing settlement 900125,,,0,,,0,,,,,1120,Demo Harbor Ordinary Deposit,263560,00,00,0,B003,Harbor Demo Bank,D06,Demo Management,273,"[""20210615"",""900125""]",,273-C,cor:monetaryAmount,"{""d_cor_accountingEntries"":""1"",""d_cor_entryDetail"":""273-C"",""d_cor_entryHeader"":""[\""20210615\"",\""900125\""]""}"
33,2,2021-06,2021-06-15,900125,Synthetic demo financing settlement 900125,2200,Demo Short-term Loans,129140,00,00,0,,,D06,Demo Management,,,0,,,0,,,,,273,"[""20210615"",""900125""]",273-D,,cor:monetaryAmount,"{""d_cor_accountingEntries"":""1"",""d_cor_entryDetail"":""273-D"",""d_cor_entryHeader"":""[\""20210615\"",\""900125\""]""}"
33,3,2021-06,2021-06-15,900125,Synthetic demo financing settlement 900125,6070,Demo Bank Fees,23720,00,00,0,B003,Harbor Demo Bank,D06,Demo Management,,,0,,,0,,,,,274,"[""20210615"",""900125""]",274-D,,cor:monetaryAmount,"{""d_cor_accountingEntries"":""1"",""d_cor_entryDetail"":""274-D"",""d_cor_entryHeader"":""[\""20210615\"",\""900125\""]""}"
33,4,2021-06,2021-06-15,900125,Synthetic demo financing settlement 900125,7000,Demo Taxes and Dues,110700,P0,P0,0,,,D06,Demo Management,,,0,,,0,,,,,275,"[""20210615"",""900125""]",275-D,,cor:monetaryAmount,"{""d_cor_accountingEntries"":""1"",""d_cor_entryDetail"":""275-D"",""d_cor_entryHeader"":""[\""20210615\"",\""900125\""]""}"
34,1,2021-06,2021-06-15,900126,Synthetic demo purchase on account 900126,,,0,,,0,,,,,2000,Demo Accounts Payable,99670,00,00,0,V001,Demo Vendor Keystone,D04,Demo Logistics,276,"[""20210615"",""900126""]",,276-C,cor:monetaryAmount,"{""d_cor_accountingEntries"":""1"",""d_cor_entryDetail"":""276-C"",""d_cor_entryHeader"":""[\""20210615\"",\""900126\""]""}"
34,2,2021-06,2021-06-15,900126,Synthetic demo purchase on account 900126,5000,Demo Purchases,99670,Q5,Q5,9061,V001,Demo Vendor Keystone,D04,Demo Logistics,,,0,,,0,,,,,276,"[""20210615"",""900126""]",276-D,,cor:monetaryAmount,"{""d_cor_accountingEntries"":""1"",""d_cor_entryDetail"":""276-D"",""d_cor_entryHeader"":""[\""20210615\"",\""900126\""]""}"
35,1,2021-06,2021-06-17,900160,Synthetic demo mixed sales and receipt 900160,1110,Demo North Current Deposit,366180,00,00,0,B002,North Demo Bank,D01,Demo Sales,,,0,,,0,,,,,277,"[""20210617"",""900160""]",277-D,,cor:monetaryAmount,"{""d_cor_accountingEntries"":""1"",""d_cor_entryDetail"":""277-D"",""d_cor_entryHeader"":""[\""20210617\"",\""900160\""]""}"
35,2,2021-06,2021-06-17,900160,Synthetic demo mixed sales and receipt 900160,1200,Demo Accounts Receivable,172330,00,00,0,C001,Demo Customer Aurora,D01,Demo Sales,,,0,,,0,,,,,278,"[""20210617"",""900160""]",278-D,,cor:monetaryAmount,"{""d_cor_accountingEntries"":""1"",""d_cor_entryDetail"":""278-D"",""d_cor_entryHeader"":""[\""20210617\"",\""900160\""]""}"
35,3,2021-06,2021-06-17,900160,Synthetic demo mixed sales and receipt 900160,,,0,,,0,,,,,4000,Demo Product Sales,296180,B5,B5,26925,C002,Demo Customer Birch,D01,Demo Sales,279,"[""20210617"",""900160""]",,279-C,cor:monetaryAmount,"{""d_cor_accountingEntries"":""1"",""d_cor_entryDetail"":""279-C"",""d_cor_entryHeader"":""[\""20210617\"",\""900160\""]""}"
35,4,2021-06,2021-06-17,900160,Synthetic demo mixed sales and receipt 900160,,,0,,,0,,,,,4010,Demo Service Revenue,242330,B5,B5,22030,C003,Demo Customer Cobalt,D01,Demo Sales,280,"[""20210617"",""900160""]",,280-C,cor:monetaryAmount,"{""d_cor_accountingEntries"":""1"",""d_cor_entryDetail"":""280-C"",""d_cor_entryHeader"":""[\""20210617\"",\""900160\""]""}"
36,1,2021-06,2021-06-19,900134,Synthetic demo customer receipt 900134,,,0,,,0,,,,,1200,Demo Accounts Receivable,145720,00,00,0,C001,Demo Customer Aurora,D01,Demo Sales,281,"[""20210619"",""900134""]",,281-C,cor:monetaryAmount,"{""d_cor_accountingEntries"":""1"",""d_cor_entryDetail"":""281-C"",""d_cor_entryHeader"":""[\""20210619\"",\""900134\""]""}"
36,2,2021-06,2021-06-19,900134,Synthetic demo customer receipt 900134,1120,Demo Harbor Ordinary Deposit,145720,00,00,0,B003,Harbor Demo Bank,D01,Demo Sales,,,0,,,0,,,,,281,"[""20210619"",""900134""]",281-D,,cor:monetaryAmount,"{""d_cor_accountingEntries"":""1"",""d_cor_entryDetail"":""281-D"",""d_cor_entryHeader"":""[\""20210619\"",\""900134\""]""}"
37,1,2021-06,2021-06-19,900147,Synthetic demo multi-vendor settlement 900147,2000,Demo Accounts Payable,219780,00,00,0,V001,Demo Vendor Keystone,D01,Demo Sales,,,0,,,0,,,,,282,"[""20210619"",""900147""]",282-D,,cor:monetaryAmount,"{""d_cor_accountingEntries"":""1"",""d_cor_entryDetail"":""282-D"",""d_cor_entryHeader"":""[\""20210619\"",\""900147\""]""}"
37,2,2021-06,2021-06-19,900147,Synthetic demo multi-vendor settlement 900147,2100,Demo Accrued Payables,194910,00,00,0,V001,Demo Vendor Keystone,D01,Demo Sales,,,0,,,0,,,,,283,"[""20210619"",""900147""]",283-D,,cor:monetaryAmount,"{""d_cor_accountingEntries"":""1"",""d_cor_entryDetail"":""283-D"",""d_cor_entryHeader"":""[\""20210619\"",\""900147\""]""}"
37,3,2021-06,2021-06-19,900147,Synthetic demo multi-vendor settlement 900147,,,0,,,0,,,,,1100,Demo Central Ordinary Deposit,265400,00,00,0,B001,Demo Central Bank,D01,Demo Sales,284,"[""20210619"",""900147""]",,284-C,cor:monetaryAmount,"{""d_cor_accountingEntries"":""1"",""d_cor_entryDetail"":""284-C"",""d_cor_entryHeader"":""[\""20210619\"",\""900147\""]""}"
37,4,2021-06,2021-06-19,900147,Synthetic demo multi-vendor settlement 900147,,,0,,,0,,,,,1110,Demo North Current Deposit,149290,00,00,0,B002,North Demo Bank,D01,Demo Sales,285,"[""20210619"",""900147""]",,285-C,cor:monetaryAmount,"{""d_cor_accountingEntries"":""1"",""d_cor_entryDetail"":""285-C"",""d_cor_entryHeader"":""[\""20210619\"",\""900147\""]""}"
38,1,2021-06,2021-06-19,900175,Synthetic demo purchase on account 900175,,,0,,,0,,,,,2000,Demo Accounts Payable,123750,00,00,0,V001,Demo Vendor Keystone,D04,Demo Logistics,286,"[""20210619"",""900175""]",,286-C,cor:monetaryAmount,"{""d_cor_accountingEntries"":""1"",""d_cor_entryDetail"":""286-C"",""d_cor_entryHeader"":""[\""20210619\"",\""900175\""]""}"
38,2,2021-06,2021-06-19,900175,Synthetic demo purchase on account 900175,5010,Demo Freight-in,123750,Q5,Q5,11250,V006,Demo Vendor Prairie,D04,Demo Logistics,,,0,,,0,,,,,286,"[""20210619"",""900175""]",286-D,,cor:monetaryAmount,"{""d_cor_accountingEntries"":""1"",""d_cor_entryDetail"":""286-D"",""d_cor_entryHeader"":""[\""20210619\"",\""900175\""]""}"
39,1,2021-06,2021-06-20,900144,Synthetic demo monthly payroll bundle 900144,,,0,,,0,,,,,1100,Demo Central Ordinary Deposit,639440,00,00,0,B001,Demo Central Bank,D02,Demo Administration,287,"[""20210620"",""900144""]",,287-C,cor:monetaryAmount,"{""d_cor_accountingEntries"":""1"",""d_cor_entryDetail"":""287-C"",""d_cor_entryHeader"":""[\""20210620\"",\""900144\""]""}"
39,2,2021-06,2021-06-20,900144,Synthetic demo monthly payroll bundle 900144,6000,Demo Salaries,185430,00,00,0,,,D02,Demo Administration,,,0,,,0,,,,,287,"[""20210620"",""900144""]",287-D,,cor:monetaryAmount,"{""d_cor_accountingEntries"":""1"",""d_cor_entryDetail"":""287-D"",""d_cor_entryHeader"":""[\""20210620\"",\""900144\""]""}"
39,3,2021-06,2021-06-20,900144,Synthetic demo monthly payroll bundle 900144,6010,Demo Statutory Welfare,38360,00,00,0,,,D02,Demo Administration,,,0,,,0,,,,,288,"[""20210620"",""900144""]",288-D,,cor:monetaryAmount,"{""d_cor_accountingEntries"":""1"",""d_cor_entryDetail"":""288-D"",""d_cor_entryHeader"":""[\""20210620\"",\""900144\""]""}"
39,4,2021-06,2021-06-20,900144,Synthetic demo monthly payroll bundle 900144,2110,Demo Payroll Withholding,415650,00,00,0,,,D02,Demo Administration,,,0,,,0,,,,,289,"[""20210620"",""900144""]",289-D,,cor:monetaryAmount,"{""d_cor_accountingEntries"":""1"",""d_cor_entryDetail"":""289-D"",""d_cor_entryHeader"":""[\""20210620\"",\""900144\""]""}"
40,1,2021-06,2021-06-22,900135,Synthetic demo multi-vendor settlement 900135,2000,Demo Accounts Payable,406490,00,00,0,V001,Demo Vendor Keystone,D01,Demo Sales,,,0,,,0,,,,,290,"[""20210622"",""900135""]",290-D,,cor:monetaryAmount,"{""d_cor_accountingEntries"":""1"",""d_cor_entryDetail"":""290-D"",""d_cor_entryHeader"":""[\""20210622\"",\""900135\""]""}"
40,2,2021-06,2021-06-22,900135,Synthetic demo multi-vendor settlement 900135,2100,Demo Accrued Payables,332590,00,00,0,V009,Demo Vendor Summit,D01,Demo Sales,,,0,,,0,,,,,291,"[""20210622"",""900135""]",291-D,,cor:monetaryAmount,"{""d_cor_accountingEntries"":""1"",""d_cor_entryDetail"":""291-D"",""d_cor_entryHeader"":""[\""20210622\"",\""900135\""]""}"
40,3,2021-06,2021-06-22,900135,Synthetic demo multi-vendor settlement 900135,,,0,,,0,,,,,1100,Demo Central Ordinary Deposit,502570,00,00,0,B001,Demo Central Bank,D01,Demo Sales,292,"[""20210622"",""900135""]",,292-C,cor:monetaryAmount,"{""d_cor_accountingEntries"":""1"",""d_cor_entryDetail"":""292-C"",""d_cor_entryHeader"":""[\""20210622\"",\""900135\""]""}"
40,4,2021-06,2021-06-22,900135,Synthetic demo multi-vendor settlement 900135,,,0,,,0,,,,,1110,Demo North Current Deposit,236510,00,00,0,B002,North Demo Bank,D01,Demo Sales,293,"[""20210622"",""900135""]",,293-C,cor:monetaryAmount,"{""d_cor_accountingEntries"":""1"",""d_cor_entryDetail"":""293-C"",""d_cor_entryHeader"":""[\""20210622\"",\""900135\""]""}"
41,1,2021-06,2021-06-22,900137,Synthetic demo financing settlement 900137,,,0,,,0,,,,,1120,Demo Harbor Ordinary Deposit,274110,00,00,0,B003,Harbor Demo Bank,D06,Demo Management,294,"[""20210622"",""900137""]",,294-C,cor:monetaryAmount,"{""d_cor_accountingEntries"":""1"",""d_cor_entryDetail"":""294-C"",""d_cor_entryHeader"":""[\""20210622\"",\""900137\""]""}"
41,2,2021-06,2021-06-22,900137,Synthetic demo financing settlement 900137,2200,Demo Short-term Loans,74000,00,00,0,,,D06,Demo Management,,,0,,,0,,,,,294,"[""20210622"",""900137""]",294-D,,cor:monetaryAmount,"{""d_cor_accountingEntries"":""1"",""d_cor_entryDetail"":""294-D"",""d_cor_entryHeader"":""[\""20210622\"",\""900137\""]""}"
41,3,2021-06,2021-06-22,900137,Synthetic demo financing settlement 900137,6070,Demo Bank Fees,24660,00,00,0,B003,Harbor Demo Bank,D06,Demo Management,,,0,,,0,,,,,295,"[""20210622"",""900137""]",295-D,,cor:monetaryAmount,"{""d_cor_accountingEntries"":""1"",""d_cor_entryDetail"":""295-D"",""d_cor_entryHeader"":""[\""20210622\"",\""900137\""]""}"
41,4,2021-06,2021-06-22,900137,Synthetic demo financing settlement 900137,7000,Demo Taxes and Dues,175450,P0,P0,0,,,D06,Demo Management,,,0,,,0,,,,,296,"[""20210622"",""900137""]",296-D,,cor:monetaryAmount,"{""d_cor_accountingEntries"":""1"",""d_cor_entryDetail"":""296-D"",""d_cor_entryHeader"":""[\""20210622\"",\""900137\""]""}"
42,1,2021-06,2021-06-23,900177,Synthetic demo vendor settlement 900177,,,0,,,0,,,,,1100,Demo Central Ordinary Deposit,211780,00,00,0,B001,Demo Central Bank,D04,Demo Logistics,297,"[""20210623"",""900177""]",,297-C,cor:monetaryAmount,"{""d_cor_accountingEntries"":""1"",""d_cor_entryDetail"":""297-C"",""d_cor_entryHeader"":""[\""20210623\"",\""900177\""]""}"
42,2,2021-06,2021-06-23,900177,Synthetic demo vendor settlement 900177,2000,Demo Accounts Payable,211780,00,00,0,V001,Demo Vendor Keystone,D04,Demo Logistics,,,0,,,0,,,,,297,"[""20210623"",""900177""]",297-D,,cor:monetaryAmount,"{""d_cor_accountingEntries"":""1"",""d_cor_entryDetail"":""297-D"",""d_cor_entryHeader"":""[\""20210623\"",\""900177\""]""}"
43,1,2021-06,2021-06-25,900150,Synthetic demo monthly payroll bundle 900150,,,0,,,0,,,,,1100,Demo Central Ordinary Deposit,746950,00,00,0,B001,Demo Central Bank,D02,Demo Administration,298,"[""20210625"",""900150""]",,298-C,cor:monetaryAmount,"{""d_cor_accountingEntries"":""1"",""d_cor_entryDetail"":""298-C"",""d_cor_entryHeader"":""[\""20210625\"",\""900150\""]""}"
43,2,2021-06,2021-06-25,900150,Synthetic demo monthly payroll bundle 900150,6000,Demo Salaries,343590,00,00,0,,,D02,Demo Administration,,,0,,,0,,,,,298,"[""20210625"",""900150""]",298-D,,cor:monetaryAmount,"{""d_cor_accountingEntries"":""1"",""d_cor_entryDetail"":""298-D"",""d_cor_entryHeader"":""[\""20210625\"",\""900150\""]""}"
43,3,2021-06,2021-06-25,900150,Synthetic demo monthly payroll bundle 900150,6010,Demo Statutory Welfare,179260,00,00,0,,,D02,Demo Administration,,,0,,,0,,,,,299,"[""20210625"",""900150""]",299-D,,cor:monetaryAmount,"{""d_cor_accountingEntries"":""1"",""d_cor_entryDetail"":""299-D"",""d_cor_entryHeader"":""[\""20210625\"",\""900150\""]""}"
43,4,2021-06,2021-06-25,900150,Synthetic demo monthly payroll bundle 900150,2110,Demo Payroll Withholding,224100,00,00,0,,,D02,Demo Administration,,,0,,,0,,,,,300,"[""20210625"",""900150""]",300-D,,cor:monetaryAmount,"{""d_cor_accountingEntries"":""1"",""d_cor_entryDetail"":""300-D"",""d_cor_entryHeader"":""[\""20210625\"",\""900150\""]""}"
44,1,2021-06,2021-06-25,900152,Synthetic demo credit sale 900152,,,0,,,0,,,,,4020,Demo Other Operating Revenue,503860,B5,B5,45805,C007,Demo Customer Grove,D01,Demo Sales,301,"[""20210625"",""900152""]",,301-C,cor:monetaryAmount,"{""d_cor_accountingEntries"":""1"",""d_cor_entryDetail"":""301-C"",""d_cor_entryHeader"":""[\""20210625\"",\""900152\""]""}"
44,2,2021-06,2021-06-25,900152,Synthetic demo credit sale 900152,1200,Demo Accounts Receivable,503860,00,00,0,C001,Demo Customer Aurora,D01,Demo Sales,,,0,,,0,,,,,301,"[""20210625"",""900152""]",301-D,,cor:monetaryAmount,"{""d_cor_accountingEntries"":""1"",""d_cor_entryDetail"":""301-D"",""d_cor_entryHeader"":""[\""20210625\"",\""900152\""]""}"
45,1,2021-06,2021-06-25,900156,Synthetic demo purchase on account 900156,,,0,,,0,,,,,2000,Demo Accounts Payable,207690,00,00,0,V001,Demo Vendor Keystone,D04,Demo Logistics,302,"[""20210625"",""900156""]",,302-C,cor:monetaryAmount,"{""d_cor_accountingEntries"":""1"",""d_cor_entryDetail"":""302-C"",""d_cor_entryHeader"":""[\""20210625\"",\""900156\""]""}"
45,2,2021-06,2021-06-25,900156,Synthetic demo purchase on account 900156,5000,Demo Purchases,207690,Q5,Q5,18881,V001,Demo Vendor Keystone,D04,Demo Logistics,,,0,,,0,,,,,302,"[""20210625"",""900156""]",302-D,,cor:monetaryAmount,"{""d_cor_accountingEntries"":""1"",""d_cor_entryDetail"":""302-D"",""d_cor_entryHeader"":""[\""20210625\"",\""900156\""]""}"
46,1,2021-06,2021-06-25,900159,Synthetic demo prepaid service 900159,,,0,,,0,,,,,1100,Demo Central Ordinary Deposit,25040,00,00,0,B001,Demo Central Bank,D05,Demo Digital Services,303,"[""20210625"",""900159""]",,303-C,cor:monetaryAmount,"{""d_cor_accountingEntries"":""1"",""d_cor_entryDetail"":""303-C"",""d_cor_entryHeader"":""[\""20210625\"",\""900159\""]""}"
46,2,2021-06,2021-06-25,900159,Synthetic demo prepaid service 900159,1400,Demo Prepaid Expenses,25040,00,00,0,S004,Demo Logistics Services,D05,Demo Digital Services,,,0,,,0,,,,,303,"[""20210625"",""900159""]",303-D,,cor:monetaryAmount,"{""d_cor_accountingEntries"":""1"",""d_cor_entryDetail"":""303-D"",""d_cor_entryHeader"":""[\""20210625\"",\""900159\""]""}"
47,1,2021-06,2021-06-25,900161,Synthetic demo credit sale 900161,,,0,,,0,,,,,4020,Demo Other Operating Revenue,98340,B5,B5,8940,C004,Demo Customer Dawn,D01,Demo Sales,304,"[""20210625"",""900161""]",,304-C,cor:monetaryAmount,"{""d_cor_accountingEntries"":""1"",""d_cor_entryDetail"":""304-C"",""d_cor_entryHeader"":""[\""20210625\"",\""900161\""]""}"
47,2,2021-06,2021-06-25,900161,Synthetic demo credit sale 900161,1200,Demo Accounts Receivable,98340,00,00,0,C001,Demo Customer Aurora,D01,Demo Sales,,,0,,,0,,,,,304,"[""20210625"",""900161""]",304-D,,cor:monetaryAmount,"{""d_cor_accountingEntries"":""1"",""d_cor_entryDetail"":""304-D"",""d_cor_entryHeader"":""[\""20210625\"",\""900161\""]""}"
48,1,2021-06,2021-06-26,900151,Synthetic demo credit sale 900151,,,0,,,0,,,,,4010,Demo Service Revenue,102260,B5,B5,9296,C004,Demo Customer Dawn,D01,Demo Sales,305,"[""20210626"",""900151""]",,305-C,cor:monetaryAmount,"{""d_cor_accountingEntries"":""1"",""d_cor_entryDetail"":""305-C"",""d_cor_entryHeader"":""[\""20210626\"",\""900151\""]""}"
48,2,2021-06,2021-06-26,900151,Synthetic demo credit sale 900151,1200,Demo Accounts Receivable,102260,00,00,0,C001,Demo Customer Aurora,D01,Demo Sales,,,0,,,0,,,,,305,"[""20210626"",""900151""]",305-D,,cor:monetaryAmount,"{""d_cor_accountingEntries"":""1"",""d_cor_entryDetail"":""305-D"",""d_cor_entryHeader"":""[\""20210626\"",\""900151\""]""}"
49,1,2021-06,2021-06-26,900166,Synthetic demo mixed sales and receipt 900166,1110,Demo North Current Deposit,175070,00,00,0,B002,North Demo Bank,D01,Demo Sales,,,0,,,0,,,,,306,"[""20210626"",""900166""]",306-D,,cor:monetaryAmount,"{""d_cor_accountingEntries"":""1"",""d_cor_entryDetail"":""306-D"",""d_cor_entryHeader"":""[\""20210626\"",\""900166\""]""}"
49,2,2021-06,2021-06-26,900166,Synthetic demo mixed sales and receipt 900166,1200,Demo Accounts Receivable,175070,00,00,0,C001,Demo Customer Aurora,D01,Demo Sales,,,0,,,0,,,,,307,"[""20210626"",""900166""]",307-D,,cor:monetaryAmount,"{""d_cor_accountingEntries"":""1"",""d_cor_entryDetail"":""307-D"",""d_cor_entryHeader"":""[\""20210626\"",\""900166\""]""}"
49,3,2021-06,2021-06-26,900166,Synthetic demo mixed sales and receipt 900166,,,0,,,0,,,,,4000,Demo Product Sales,266100,B5,B5,24191,C008,Demo Customer Halo,D01,Demo Sales,308,"[""20210626"",""900166""]",,308-C,cor:monetaryAmount,"{""d_cor_accountingEntries"":""1"",""d_cor_entryDetail"":""308-C"",""d_cor_entryHeader"":""[\""20210626\"",\""900166\""]""}"
49,4,2021-06,2021-06-26,900166,Synthetic demo mixed sales and receipt 900166,,,0,,,0,,,,,4010,Demo Service Revenue,84040,B5,B5,7640,C009,Demo Customer Indigo,D01,Demo Sales,309,"[""20210626"",""900166""]",,309-C,cor:monetaryAmount,"{""d_cor_accountingEntries"":""1"",""d_cor_entryDetail"":""309-C"",""d_cor_entryHeader"":""[\""20210626\"",\""900166\""]""}"
50,1,2021-06,2021-06-27,900171,Synthetic demo credit sale 900171,,,0,,,0,,,,,4000,Demo Product Sales,168530,B5,B5,15321,C004,Demo Customer Dawn,D01,Demo Sales,310,"[""20210627"",""900171""]",,310-C,cor:monetaryAmount,"{""d_cor_accountingEntries"":""1"",""d_cor_entryDetail"":""310-C"",""d_cor_entryHeader"":""[\""20210627\"",\""900171\""]""}"
50,2,2021-06,2021-06-27,900171,Synthetic demo credit sale 900171,1200,Demo Accounts Receivable,168530,00,00,0,C001,Demo Customer Aurora,D01,Demo Sales,,,0,,,0,,,,,310,"[""20210627"",""900171""]",310-D,,cor:monetaryAmount,"{""d_cor_accountingEntries"":""1"",""d_cor_entryDetail"":""310-D"",""d_cor_entryHeader"":""[\""20210627\"",\""900171\""]""}"
51,1,2021-06,2021-06-29,900131,Synthetic demo financing settlement 900131,,,0,,,0,,,,,1120,Demo Harbor Ordinary Deposit,470220,00,00,0,B003,Harbor Demo Bank,D06,Demo Management,311,"[""20210629"",""900131""]",,311-C,cor:monetaryAmount,"{""d_cor_accountingEntries"":""1"",""d_cor_entryDetail"":""311-C"",""d_cor_entryHeader"":""[\""20210629\"",\""900131\""]""}"
51,2,2021-06,2021-06-29,900131,Synthetic demo financing settlement 900131,2200,Demo Short-term Loans,117550,00,00,0,,,D06,Demo Management,,,0,,,0,,,,,311,"[""20210629"",""900131""]",311-D,,cor:monetaryAmount,"{""d_cor_accountingEntries"":""1"",""d_cor_entryDetail"":""311-D"",""d_cor_entryHeader"":""[\""20210629\"",\""900131\""]""}"
51,3,2021-06,2021-06-29,900131,Synthetic demo financing settlement 900131,6070,Demo Bank Fees,103440,00,00,0,B003,Harbor Demo Bank,D06,Demo Management,,,0,,,0,,,,,312,"[""20210629"",""900131""]",312-D,,cor:monetaryAmount,"{""d_cor_accountingEntries"":""1"",""d_cor_entryDetail"":""312-D"",""d_cor_entryHeader"":""[\""20210629\"",\""900131\""]""}"
51,4,2021-06,2021-06-29,900131,Synthetic demo financing settlement 900131,7000,Demo Taxes and Dues,249230,P0,P0,0,,,D06,Demo Management,,,0,,,0,,,,,313,"[""20210629"",""900131""]",313-D,,cor:monetaryAmount,"{""d_cor_accountingEntries"":""1"",""d_cor_entryDetail"":""313-D"",""d_cor_entryHeader"":""[\""20210629\"",\""900131\""]""}"
52,1,2021-06,2021-06-29,900139,Synthetic demo prepaid service 900139,,,0,,,0,,,,,1110,Demo North Current Deposit,205380,00,00,0,B002,North Demo Bank,D05,Demo Digital Services,314,"[""20210629"",""900139""]",,314-C,cor:monetaryAmount,"{""d_cor_accountingEntries"":""1"",""d_cor_entryDetail"":""314-C"",""d_cor_entryHeader"":""[\""20210629\"",\""900139\""]""}"
52,2,2021-06,2021-06-29,900139,Synthetic demo prepaid service 900139,1400,Demo Prepaid Expenses,205380,00,00,0,S002,Demo Energy Services,D05,Demo Digital Services,,,0,,,0,,,,,314,"[""20210629"",""900139""]",314-D,,cor:monetaryAmount,"{""d_cor_accountingEntries"":""1"",""d_cor_entryDetail"":""314-D"",""d_cor_entryHeader"":""[\""20210629\"",\""900139\""]""}"
53,1,2021-06,2021-06-30,900127,Synthetic demo vendor settlement 900127,,,0,,,0,,,,,1110,Demo North Current Deposit,357230,00,00,0,B002,North Demo Bank,D04,Demo Logistics,315,"[""20210630"",""900127""]",,315-C,cor:monetaryAmount,"{""d_cor_accountingEntries"":""1"",""d_cor_entryDetail"":""315-C"",""d_cor_entryHeader"":""[\""20210630\"",\""900127\""]""}"
53,2,2021-06,2021-06-30,900127,Synthetic demo vendor settlement 900127,2000,Demo Accounts Payable,357230,00,00,0,V001,Demo Vendor Keystone,D04,Demo Logistics,,,0,,,0,,,,,315,"[""20210630"",""900127""]",315-D,,cor:monetaryAmount,"{""d_cor_accountingEntries"":""1"",""d_cor_entryDetail"":""315-D"",""d_cor_entryHeader"":""[\""20210630\"",\""900127\""]""}"
54,1,2021-06,2021-06-30,900142,Synthetic demo credit sale 900142,,,0,,,0,,,,,4010,Demo Service Revenue,399260,B5,B5,36296,C007,Demo Customer Grove,D01,Demo Sales,316,"[""20210630"",""900142""]",,316-C,cor:monetaryAmount,"{""d_cor_accountingEntries"":""1"",""d_cor_entryDetail"":""316-C"",""d_cor_entryHeader"":""[\""20210630\"",\""900142\""]""}"
54,2,2021-06,2021-06-30,900142,Synthetic demo credit sale 900142,1200,Demo Accounts Receivable,399260,00,00,0,C001,Demo Customer Aurora,D01,Demo Sales,,,0,,,0,,,,,316,"[""20210630"",""900142""]",316-D,,cor:monetaryAmount,"{""d_cor_accountingEntries"":""1"",""d_cor_entryDetail"":""316-D"",""d_cor_entryHeader"":""[\""20210630\"",\""900142\""]""}"
55,1,2021-06,2021-06-30,900165,Synthetic demo purchase on account 900165,,,0,,,0,,,,,2000,Demo Accounts Payable,129600,00,00,0,V001,Demo Vendor Keystone,D04,Demo Logistics,317,"[""20210630"",""900165""]",,317-C,cor:monetaryAmount,"{""d_cor_accountingEntries"":""1"",""d_cor_entryDetail"":""317-C"",""d_cor_entryHeader"":""[\""20210630\"",\""900165\""]""}"
55,2,2021-06,2021-06-30,900165,Synthetic demo purchase on account 900165,5000,Demo Purchases,129600,Q5,Q5,11782,V006,Demo Vendor Prairie,D04,Demo Logistics,,,0,,,0,,,,,317,"[""20210630"",""900165""]",317-D,,cor:monetaryAmount,"{""d_cor_accountingEntries"":""1"",""d_cor_entryDetail"":""317-D"",""d_cor_entryHeader"":""[\""20210630\"",\""900165\""]""}"
56,1,2021-06,2021-06-30,900172,Synthetic demo operating cost bundle 900172,,,0,,,0,,,,,1110,Demo North Current Deposit,467140,00,00,0,B002,North Demo Bank,D03,Demo Operations,318,"[""20210630"",""900172""]",,318-C,cor:monetaryAmount,"{""d_cor_accountingEntries"":""1"",""d_cor_entryDetail"":""318-C"",""d_cor_entryHeader"":""[\""20210630\"",\""900172\""]""}"
56,2,2021-06,2021-06-30,900172,Synthetic demo operating cost bundle 900172,6030,Demo Utilities,121450,Q5,Q5,11041,S002,Demo Energy Services,D03,Demo Operations,,,0,,,0,,,,,318,"[""20210630"",""900172""]",318-D,,cor:monetaryAmount,"{""d_cor_accountingEntries"":""1"",""d_cor_entryDetail"":""318-D"",""d_cor_entryHeader"":""[\""20210630\"",\""900172\""]""}"
56,3,2021-06,2021-06-30,900172,Synthetic demo operating cost bundle 900172,6040,Demo Communication,74740,Q5,Q5,6795,S003,Demo Network Services,D03,Demo Operations,,,0,,,0,,,,,319,"[""20210630"",""900172""]",319-D,,cor:monetaryAmount,"{""d_cor_accountingEntries"":""1"",""d_cor_entryDetail"":""319-D"",""d_cor_entryHeader"":""[\""20210630\"",\""900172\""]""}"
56,4,2021-06,2021-06-30,900172,Synthetic demo operating cost bundle 900172,6060,Demo Office Supplies,270950,Q5,Q5,24632,V003,Demo Vendor Mosaic,D03,Demo Operations,,,0,,,0,,,,,320,"[""20210630"",""900172""]",320-D,,cor:monetaryAmount,"{""d_cor_accountingEntries"":""1"",""d_cor_entryDetail"":""320-D"",""d_cor_entryHeader"":""[\""20210630\"",\""900172\""]""}"
1,1,2021-07,2021-07-01,900184,Synthetic demo operating cost bundle 900184,,,0,,,0,,,,,1110,Demo North Current Deposit,559040,00,00,0,B002,North Demo Bank,D03,Demo Operations,321,"[""20210701"",""900184""]",,321-C,cor:monetaryAmount,"{""d_cor_accountingEntries"":""1"",""d_cor_entryDetail"":""321-C"",""d_cor_entryHeader"":""[\""20210701\"",\""900184\""]""}"
1,2,2021-07,2021-07-01,900184,Synthetic demo operating cost bundle 900184,6030,Demo Utilities,234790,Q6,Q6,17392,S002,Demo Energy Services,D03,Demo Operations,,,0,,,0,,,,,321,"[""20210701"",""900184""]",321-D,,cor:monetaryAmount,"{""d_cor_accountingEntries"":""1"",""d_cor_entryDetail"":""321-D"",""d_cor_entryHeader"":""[\""20210701\"",\""900184\""]""}"
1,3,2021-07,2021-07-01,900184,Synthetic demo operating cost bundle 900184,6040,Demo Communication,150940,Q5,Q5,13722,S003,Demo Network Services,D03,Demo Operations,,,0,,,0,,,,,322,"[""20210701"",""900184""]",322-D,,cor:monetaryAmount,"{""d_cor_accountingEntries"":""1"",""d_cor_entryDetail"":""322-D"",""d_cor_entryHeader"":""[\""20210701\"",\""900184\""]""}"
1,4,2021-07,2021-07-01,900184,Synthetic demo operating cost bundle 900184,6060,Demo Office Supplies,173310,Q5,Q5,15755,V005,Demo Vendor Orchid,D03,Demo Operations,,,0,,,0,,,,,323,"[""20210701"",""900184""]",323-D,,cor:monetaryAmount,"{""d_cor_accountingEntries"":""1"",""d_cor_entryDetail"":""323-D"",""d_cor_entryHeader"":""[\""20210701\"",\""900184\""]""}"
2,1,2021-07,2021-07-01,900190,Synthetic demo credit sale 900190,,,0,,,0,,,,,4010,Demo Service Revenue,322010,B5,B5,29274,C001,Demo Customer Aurora,D01,Demo Sales,324,"[""20210701"",""900190""]",,324-C,cor:monetaryAmount,"{""d_cor_accountingEntries"":""1"",""d_cor_entryDetail"":""324-C"",""d_cor_entryHeader"":""[\""20210701\"",\""900190\""]""}"
2,2,2021-07,2021-07-01,900190,Synthetic demo credit sale 900190,1200,Demo Accounts Receivable,322010,00,00,0,C001,Demo Customer Aurora,D01,Demo Sales,,,0,,,0,,,,,324,"[""20210701"",""900190""]",324-D,,cor:monetaryAmount,"{""d_cor_accountingEntries"":""1"",""d_cor_entryDetail"":""324-D"",""d_cor_entryHeader"":""[\""20210701\"",\""900190\""]""}"
3,1,2021-07,2021-07-03,900211,Synthetic demo credit sale 900211,,,0,,,0,,,,,4010,Demo Service Revenue,417160,B5,B5,37924,C004,Demo Customer Dawn,D01,Demo Sales,325,"[""20210703"",""900211""]",,325-C,cor:monetaryAmount,"{""d_cor_accountingEntries"":""1"",""d_cor_entryDetail"":""325-C"",""d_cor_entryHeader"":""[\""20210703\"",\""900211\""]""}"
3,2,2021-07,2021-07-03,900211,Synthetic demo credit sale 900211,1200,Demo Accounts Receivable,417160,00,00,0,C001,Demo Customer Aurora,D01,Demo Sales,,,0,,,0,,,,,325,"[""20210703"",""900211""]",325-D,,cor:monetaryAmount,"{""d_cor_accountingEntries"":""1"",""d_cor_entryDetail"":""325-D"",""d_cor_entryHeader"":""[\""20210703\"",\""900211\""]""}"
4,1,2021-07,2021-07-03,900226,Synthetic demo purchase on account 900226,,,0,,,0,,,,,2000,Demo Accounts Payable,84120,00,00,0,V001,Demo Vendor Keystone,D04,Demo Logistics,326,"[""20210703"",""900226""]",,326-C,cor:monetaryAmount,"{""d_cor_accountingEntries"":""1"",""d_cor_entryDetail"":""326-C"",""d_cor_entryHeader"":""[\""20210703\"",\""900226\""]""}"
4,2,2021-07,2021-07-03,900226,Synthetic demo purchase on account 900226,5010,Demo Freight-in,84120,Q5,Q5,7647,V001,Demo Vendor Keystone,D04,Demo Logistics,,,0,,,0,,,,,326,"[""20210703"",""900226""]",326-D,,cor:monetaryAmount,"{""d_cor_accountingEntries"":""1"",""d_cor_entryDetail"":""326-D"",""d_cor_entryHeader"":""[\""20210703\"",\""900226\""]""}"
5,1,2021-07,2021-07-04,900235,Synthetic demo multi-vendor settlement 900235,2000,Demo Accounts Payable,135020,00,00,0,V001,Demo Vendor Keystone,D01,Demo Sales,,,0,,,0,,,,,327,"[""20210704"",""900235""]",327-D,,cor:monetaryAmount,"{""d_cor_accountingEntries"":""1"",""d_cor_entryDetail"":""327-D"",""d_cor_entryHeader"":""[\""20210704\"",\""900235\""]""}"
5,2,2021-07,2021-07-04,900235,Synthetic demo multi-vendor settlement 900235,2100,Demo Accrued Payables,124640,00,00,0,V009,Demo Vendor Summit,D01,Demo Sales,,,0,,,0,,,,,328,"[""20210704"",""900235""]",328-D,,cor:monetaryAmount,"{""d_cor_accountingEntries"":""1"",""d_cor_entryDetail"":""328-D"",""d_cor_entryHeader"":""[\""20210704\"",\""900235\""]""}"
5,3,2021-07,2021-07-04,900235,Synthetic demo multi-vendor settlement 900235,,,0,,,0,,,,,1110,Demo North Current Deposit,163580,00,00,0,B002,North Demo Bank,D01,Demo Sales,329,"[""20210704"",""900235""]",,329-C,cor:monetaryAmount,"{""d_cor_accountingEntries"":""1"",""d_cor_entryDetail"":""329-C"",""d_cor_entryHeader"":""[\""20210704\"",\""900235\""]""}"
5,4,2021-07,2021-07-04,900235,Synthetic demo multi-vendor settlement 900235,,,0,,,0,,,,,1120,Demo Harbor Ordinary Deposit,96080,00,00,0,B003,Harbor Demo Bank,D01,Demo Sales,330,"[""20210704"",""900235""]",,330-C,cor:monetaryAmount,"{""d_cor_accountingEntries"":""1"",""d_cor_entryDetail"":""330-C"",""d_cor_entryHeader"":""[\""20210704\"",\""900235\""]""}"
6,1,2021-07,2021-07-05,900218,Synthetic demo operating expense 900218,,,0,,,0,,,,,1120,Demo Harbor Ordinary Deposit,3900,00,00,0,B003,Harbor Demo Bank,D05,Demo Digital Services,331,"[""20210705"",""900218""]",,331-C,cor:monetaryAmount,"{""d_cor_accountingEntries"":""1"",""d_cor_entryDetail"":""331-C"",""d_cor_entryHeader"":""[\""20210705\"",\""900218\""]""}"
6,2,2021-07,2021-07-05,900218,Synthetic demo operating expense 900218,6040,Demo Communication,3900,Q5,Q5,355,V001,Demo Vendor Keystone,D05,Demo Digital Services,,,0,,,0,,,,,331,"[""20210705"",""900218""]",331-D,,cor:monetaryAmount,"{""d_cor_accountingEntries"":""1"",""d_cor_entryDetail"":""331-D"",""d_cor_entryHeader"":""[\""20210705\"",\""900218\""]""}"
7,1,2021-07,2021-07-06,900188,Synthetic demo operating expense 900188,,,0,,,0,,,,,1120,Demo Harbor Ordinary Deposit,97330,00,00,0,B003,Harbor Demo Bank,D05,Demo Digital Services,332,"[""20210706"",""900188""]",,332-C,cor:monetaryAmount,"{""d_cor_accountingEntries"":""1"",""d_cor_entryDetail"":""332-C"",""d_cor_entryHeader"":""[\""20210706\"",\""900188\""]""}"
7,2,2021-07,2021-07-06,900188,Synthetic demo operating expense 900188,6100,Demo Repairs,97330,Q5,Q5,8848,V001,Demo Vendor Keystone,D05,Demo Digital Services,,,0,,,0,,,,,332,"[""20210706"",""900188""]",332-D,,cor:monetaryAmount,"{""d_cor_accountingEntries"":""1"",""d_cor_entryDetail"":""332-D"",""d_cor_entryHeader"":""[\""20210706\"",\""900188\""]""}"
8,1,2021-07,2021-07-06,900194,Synthetic demo customer receipt 900194,,,0,,,0,,,,,1200,Demo Accounts Receivable,426780,00,00,0,C001,Demo Customer Aurora,D01,Demo Sales,333,"[""20210706"",""900194""]",,333-C,cor:monetaryAmount,"{""d_cor_accountingEntries"":""1"",""d_cor_entryDetail"":""333-C"",""d_cor_entryHeader"":""[\""20210706\"",\""900194\""]""}"
8,2,2021-07,2021-07-06,900194,Synthetic demo customer receipt 900194,1120,Demo Harbor Ordinary Deposit,426780,00,00,0,B003,Harbor Demo Bank,D01,Demo Sales,,,0,,,0,,,,,333,"[""20210706"",""900194""]",333-D,,cor:monetaryAmount,"{""d_cor_accountingEntries"":""1"",""d_cor_entryDetail"":""333-D"",""d_cor_entryHeader"":""[\""20210706\"",\""900194\""]""}"
9,1,2021-07,2021-07-06,900201,Synthetic demo credit sale 900201,,,0,,,0,,,,,4000,Demo Product Sales,452220,B5,B5,41111,C004,Demo Customer Dawn,D01,Demo Sales,334,"[""20210706"",""900201""]",,334-C,cor:monetaryAmount,"{""d_cor_accountingEntries"":""1"",""d_cor_entryDetail"":""334-C"",""d_cor_entryHeader"":""[\""20210706\"",\""900201\""]""}"
9,2,2021-07,2021-07-06,900201,Synthetic demo credit sale 900201,1200,Demo Accounts Receivable,452220,00,00,0,C001,Demo Customer Aurora,D01,Demo Sales,,,0,,,0,,,,,334,"[""20210706"",""900201""]",334-D,,cor:monetaryAmount,"{""d_cor_accountingEntries"":""1"",""d_cor_entryDetail"":""334-D"",""d_cor_entryHeader"":""[\""20210706\"",\""900201\""]""}"
10,1,2021-07,2021-07-10,900225,Synthetic demo monthly payroll bundle 900225,,,0,,,0,,,,,1100,Demo Central Ordinary Deposit,531540,00,00,0,B001,Demo Central Bank,D02,Demo Administration,335,"[""20210710"",""900225""]",,335-C,cor:monetaryAmount,"{""d_cor_accountingEntries"":""1"",""d_cor_entryDetail"":""335-C"",""d_cor_entryHeader"":""[\""20210710\"",\""900225\""]""}"
10,2,2021-07,2021-07-10,900225,Synthetic demo monthly payroll bundle 900225,6000,Demo Salaries,164770,00,00,0,,,D02,Demo Administration,,,0,,,0,,,,,335,"[""20210710"",""900225""]",335-D,,cor:monetaryAmount,"{""d_cor_accountingEntries"":""1"",""d_cor_entryDetail"":""335-D"",""d_cor_entryHeader"":""[\""20210710\"",\""900225\""]""}"
10,3,2021-07,2021-07-10,900225,Synthetic demo monthly payroll bundle 900225,6010,Demo Statutory Welfare,191350,00,00,0,,,D02,Demo Administration,,,0,,,0,,,,,336,"[""20210710"",""900225""]",336-D,,cor:monetaryAmount,"{""d_cor_accountingEntries"":""1"",""d_cor_entryDetail"":""336-D"",""d_cor_entryHeader"":""[\""20210710\"",\""900225\""]""}"
10,4,2021-07,2021-07-10,900225,Synthetic demo monthly payroll bundle 900225,2110,Demo Payroll Withholding,175420,00,00,0,,,D02,Demo Administration,,,0,,,0,,,,,337,"[""20210710"",""900225""]",337-D,,cor:monetaryAmount,"{""d_cor_accountingEntries"":""1"",""d_cor_entryDetail"":""337-D"",""d_cor_entryHeader"":""[\""20210710\"",\""900225\""]""}"
11,1,2021-07,2021-07-10,900231,Synthetic demo credit sale 900231,,,0,,,0,,,,,4000,Demo Product Sales,292430,B5,B5,26585,C004,Demo Customer Dawn,D01,Demo Sales,338,"[""20210710"",""900231""]",,338-C,cor:monetaryAmount,"{""d_cor_accountingEntries"":""1"",""d_cor_entryDetail"":""338-C"",""d_cor_entryHeader"":""[\""20210710\"",\""900231\""]""}"
11,2,2021-07,2021-07-10,900231,Synthetic demo credit sale 900231,1200,Demo Accounts Receivable,292430,00,00,0,C001,Demo Customer Aurora,D01,Demo Sales,,,0,,,0,,,,,338,"[""20210710"",""900231""]",338-D,,cor:monetaryAmount,"{""d_cor_accountingEntries"":""1"",""d_cor_entryDetail"":""338-D"",""d_cor_entryHeader"":""[\""20210710\"",\""900231\""]""}"
12,1,2021-07,2021-07-11,900199,Synthetic demo multi-vendor settlement 900199,2000,Demo Accounts Payable,72970,00,00,0,V001,Demo Vendor Keystone,D01,Demo Sales,,,0,,,0,,,,,339,"[""20210711"",""900199""]",339-D,,cor:monetaryAmount,"{""d_cor_accountingEntries"":""1"",""d_cor_entryDetail"":""339-D"",""d_cor_entryHeader"":""[\""20210711\"",\""900199\""]""}"
12,2,2021-07,2021-07-11,900199,Synthetic demo multi-vendor settlement 900199,2100,Demo Accrued Payables,311120,00,00,0,V003,Demo Vendor Mosaic,D01,Demo Sales,,,0,,,0,,,,,340,"[""20210711"",""900199""]",340-D,,cor:monetaryAmount,"{""d_cor_accountingEntries"":""1"",""d_cor_entryDetail"":""340-D"",""d_cor_entryHeader"":""[\""20210711\"",\""900199\""]""}"
12,3,2021-07,2021-07-11,900199,Synthetic demo multi-vendor settlement 900199,,,0,,,0,,,,,1110,Demo North Current Deposit,238130,00,00,0,B002,North Demo Bank,D01,Demo Sales,341,"[""20210711"",""900199""]",,341-C,cor:monetaryAmount,"{""d_cor_accountingEntries"":""1"",""d_cor_entryDetail"":""341-C"",""d_cor_entryHeader"":""[\""20210711\"",\""900199\""]""}"
12,4,2021-07,2021-07-11,900199,Synthetic demo multi-vendor settlement 900199,,,0,,,0,,,,,1120,Demo Harbor Ordinary Deposit,145960,00,00,0,B003,Harbor Demo Bank,D01,Demo Sales,342,"[""20210711"",""900199""]",,342-C,cor:monetaryAmount,"{""d_cor_accountingEntries"":""1"",""d_cor_entryDetail"":""342-C"",""d_cor_entryHeader"":""[\""20210711\"",\""900199\""]""}"
13,1,2021-07,2021-07-12,900181,Synthetic demo multi-vendor settlement 900181,2000,Demo Accounts Payable,248190,00,00,0,V001,Demo Vendor Keystone,D01,Demo Sales,,,0,,,0,,,,,343,"[""20210712"",""900181""]",343-D,,cor:monetaryAmount,"{""d_cor_accountingEntries"":""1"",""d_cor_entryDetail"":""343-D"",""d_cor_entryHeader"":""[\""20210712\"",\""900181\""]""}"
13,2,2021-07,2021-07-12,900181,Synthetic demo multi-vendor settlement 900181,2100,Demo Accrued Payables,82730,00,00,0,V005,Demo Vendor Orchid,D01,Demo Sales,,,0,,,0,,,,,344,"[""20210712"",""900181""]",344-D,,cor:monetaryAmount,"{""d_cor_accountingEntries"":""1"",""d_cor_entryDetail"":""344-D"",""d_cor_entryHeader"":""[\""20210712\"",\""900181\""]""}"
13,3,2021-07,2021-07-12,900181,Synthetic demo multi-vendor settlement 900181,,,0,,,0,,,,,1110,Demo North Current Deposit,86030,00,00,0,B002,North Demo Bank,D01,Demo Sales,345,"[""20210712"",""900181""]",,345-C,cor:monetaryAmount,"{""d_cor_accountingEntries"":""1"",""d_cor_entryDetail"":""345-C"",""d_cor_entryHeader"":""[\""20210712\"",\""900181\""]""}"
13,4,2021-07,2021-07-12,900181,Synthetic demo multi-vendor settlement 900181,,,0,,,0,,,,,1120,Demo Harbor Ordinary Deposit,244890,00,00,0,B003,Harbor Demo Bank,D01,Demo Sales,346,"[""20210712"",""900181""]",,346-C,cor:monetaryAmount,"{""d_cor_accountingEntries"":""1"",""d_cor_entryDetail"":""346-C"",""d_cor_entryHeader"":""[\""20210712\"",\""900181\""]""}"
14,1,2021-07,2021-07-12,900192,Synthetic demo credit sale 900192,,,0,,,0,,,,,4000,Demo Product Sales,264960,B5,B5,24087,C007,Demo Customer Grove,D01,Demo Sales,347,"[""20210712"",""900192""]",,347-C,cor:monetaryAmount,"{""d_cor_accountingEntries"":""1"",""d_cor_entryDetail"":""347-C"",""d_cor_entryHeader"":""[\""20210712\"",\""900192\""]""}"
14,2,2021-07,2021-07-12,900192,Synthetic demo credit sale 900192,1200,Demo Accounts Receivable,264960,00,00,0,C001,Demo Customer Aurora,D01,Demo Sales,,,0,,,0,,,,,347,"[""20210712"",""900192""]",347-D,,cor:monetaryAmount,"{""d_cor_accountingEntries"":""1"",""d_cor_entryDetail"":""347-D"",""d_cor_entryHeader"":""[\""20210712\"",\""900192\""]""}"
15,1,2021-07,2021-07-13,900186,Synthetic demo purchase on account 900186,,,0,,,0,,,,,2000,Demo Accounts Payable,272140,00,00,0,V001,Demo Vendor Keystone,D04,Demo Logistics,348,"[""20210713"",""900186""]",,348-C,cor:monetaryAmount,"{""d_cor_accountingEntries"":""1"",""d_cor_entryDetail"":""348-C"",""d_cor_entryHeader"":""[\""20210713\"",\""900186\""]""}"
15,2,2021-07,2021-07-13,900186,Synthetic demo purchase on account 900186,5000,Demo Purchases,272140,Q5,Q5,24740,V001,Demo Vendor Keystone,D04,Demo Logistics,,,0,,,0,,,,,348,"[""20210713"",""900186""]",348-D,,cor:monetaryAmount,"{""d_cor_accountingEntries"":""1"",""d_cor_entryDetail"":""348-D"",""d_cor_entryHeader"":""[\""20210713\"",\""900186\""]""}"
16,1,2021-07,2021-07-13,900189,Synthetic demo prepaid service 900189,,,0,,,0,,,,,1100,Demo Central Ordinary Deposit,136230,00,00,0,B001,Demo Central Bank,D05,Demo Digital Services,349,"[""20210713"",""900189""]",,349-C,cor:monetaryAmount,"{""d_cor_accountingEntries"":""1"",""d_cor_entryDetail"":""349-C"",""d_cor_entryHeader"":""[\""20210713\"",\""900189\""]""}"
16,2,2021-07,2021-07-13,900189,Synthetic demo prepaid service 900189,1400,Demo Prepaid Expenses,136230,00,00,0,S004,Demo Logistics Services,D05,Demo Digital Services,,,0,,,0,,,,,349,"[""20210713"",""900189""]",349-D,,cor:monetaryAmount,"{""d_cor_accountingEntries"":""1"",""d_cor_entryDetail"":""349-D"",""d_cor_entryHeader"":""[\""20210713\"",\""900189\""]""}"
17,1,2021-07,2021-07-13,900234,Synthetic demo customer receipt 900234,,,0,,,0,,,,,1200,Demo Accounts Receivable,398450,00,00,0,C001,Demo Customer Aurora,D01,Demo Sales,350,"[""20210713"",""900234""]",,350-C,cor:monetaryAmount,"{""d_cor_accountingEntries"":""1"",""d_cor_entryDetail"":""350-C"",""d_cor_entryHeader"":""[\""20210713\"",\""900234\""]""}"
17,2,2021-07,2021-07-13,900234,Synthetic demo customer receipt 900234,1100,Demo Central Ordinary Deposit,398450,00,00,0,B001,Demo Central Bank,D01,Demo Sales,,,0,,,0,,,,,350,"[""20210713"",""900234""]",350-D,,cor:monetaryAmount,"{""d_cor_accountingEntries"":""1"",""d_cor_entryDetail"":""350-D"",""d_cor_entryHeader"":""[\""20210713\"",\""900234\""]""}"
18,1,2021-07,2021-07-14,900212,Synthetic demo financing settlement 900212,,,0,,,0,,,,,1120,Demo Harbor Ordinary Deposit,216910,00,00,0,B003,Harbor Demo Bank,D06,Demo Management,351,"[""20210714"",""900212""]",,351-C,cor:monetaryAmount,"{""d_cor_accountingEntries"":""1"",""d_cor_entryDetail"":""351-C"",""d_cor_entryHeader"":""[\""20210714\"",\""900212\""]""}"
18,2,2021-07,2021-07-14,900212,Synthetic demo financing settlement 900212,2200,Demo Short-term Loans,82420,00,00,0,,,D06,Demo Management,,,0,,,0,,,,,351,"[""20210714"",""900212""]",351-D,,cor:monetaryAmount,"{""d_cor_accountingEntries"":""1"",""d_cor_entryDetail"":""351-D"",""d_cor_entryHeader"":""[\""20210714\"",\""900212\""]""}"
18,3,2021-07,2021-07-14,900212,Synthetic demo financing settlement 900212,6070,Demo Bank Fees,17350,00,00,0,B003,Harbor Demo Bank,D06,Demo Management,,,0,,,0,,,,,352,"[""20210714"",""900212""]",352-D,,cor:monetaryAmount,"{""d_cor_accountingEntries"":""1"",""d_cor_entryDetail"":""352-D"",""d_cor_entryHeader"":""[\""20210714\"",\""900212\""]""}"
18,4,2021-07,2021-07-14,900212,Synthetic demo financing settlement 900212,7000,Demo Taxes and Dues,117140,P0,P0,0,,,D06,Demo Management,,,0,,,0,,,,,353,"[""20210714"",""900212""]",353-D,,cor:monetaryAmount,"{""d_cor_accountingEntries"":""1"",""d_cor_entryDetail"":""353-D"",""d_cor_entryHeader"":""[\""20210714\"",\""900212\""]""}"
19,1,2021-07,2021-07-14,900221,Synthetic demo credit sale 900221,,,0,,,0,,,,,4020,Demo Other Operating Revenue,383150,B5,B5,34832,C004,Demo Customer Dawn,D01,Demo Sales,354,"[""20210714"",""900221""]",,354-C,cor:monetaryAmount,"{""d_cor_accountingEntries"":""1"",""d_cor_entryDetail"":""354-C"",""d_cor_entryHeader"":""[\""20210714\"",\""900221\""]""}"
19,2,2021-07,2021-07-14,900221,Synthetic demo credit sale 900221,1200,Demo Accounts Receivable,383150,00,00,0,C001,Demo Customer Aurora,D01,Demo Sales,,,0,,,0,,,,,354,"[""20210714"",""900221""]",354-D,,cor:monetaryAmount,"{""d_cor_accountingEntries"":""1"",""d_cor_entryDetail"":""354-D"",""d_cor_entryHeader"":""[\""20210714\"",\""900221\""]""}"
20,1,2021-07,2021-07-15,900195,Synthetic demo purchase on account 900195,,,0,,,0,,,,,2000,Demo Accounts Payable,106450,00,00,0,V001,Demo Vendor Keystone,D04,Demo Logistics,355,"[""20210715"",""900195""]",,355-C,cor:monetaryAmount,"{""d_cor_accountingEntries"":""1"",""d_cor_entryDetail"":""355-C"",""d_cor_entryHeader"":""[\""20210715\"",\""900195\""]""}"
20,2,2021-07,2021-07-15,900195,Synthetic demo purchase on account 900195,5000,Demo Purchases,106450,Q5,Q5,9677,V006,Demo Vendor Prairie,D04,Demo Logistics,,,0,,,0,,,,,355,"[""20210715"",""900195""]",355-D,,cor:monetaryAmount,"{""d_cor_accountingEntries"":""1"",""d_cor_entryDetail"":""355-D"",""d_cor_entryHeader"":""[\""20210715\"",\""900195\""]""}"
21,1,2021-07,2021-07-15,900200,Synthetic demo credit sale 900200,,,0,,,0,,,,,4020,Demo Other Operating Revenue,269950,B5,B5,24541,C001,Demo Customer Aurora,D01,Demo Sales,356,"[""20210715"",""900200""]",,356-C,cor:monetaryAmount,"{""d_cor_accountingEntries"":""1"",""d_cor_entryDetail"":""356-C"",""d_cor_entryHeader"":""[\""20210715\"",\""900200\""]""}"
21,2,2021-07,2021-07-15,900200,Synthetic demo credit sale 900200,1200,Demo Accounts Receivable,269950,00,00,0,C001,Demo Customer Aurora,D01,Demo Sales,,,0,,,0,,,,,356,"[""20210715"",""900200""]",356-D,,cor:monetaryAmount,"{""d_cor_accountingEntries"":""1"",""d_cor_entryDetail"":""356-D"",""d_cor_entryHeader"":""[\""20210715\"",\""900200\""]""}"
22,1,2021-07,2021-07-16,900204,Synthetic demo mixed sales and receipt 900204,1100,Demo Central Ordinary Deposit,144640,00,00,0,B001,Demo Central Bank,D01,Demo Sales,,,0,,,0,,,,,357,"[""20210716"",""900204""]",357-D,,cor:monetaryAmount,"{""d_cor_accountingEntries"":""1"",""d_cor_entryDetail"":""357-D"",""d_cor_entryHeader"":""[\""20210716\"",\""900204\""]""}"
22,2,2021-07,2021-07-16,900204,Synthetic demo mixed sales and receipt 900204,1200,Demo Accounts Receivable,56250,00,00,0,C001,Demo Customer Aurora,D01,Demo Sales,,,0,,,0,,,,,358,"[""20210716"",""900204""]",358-D,,cor:monetaryAmount,"{""d_cor_accountingEntries"":""1"",""d_cor_entryDetail"":""358-D"",""d_cor_entryHeader"":""[\""20210716\"",\""900204\""]""}"
22,3,2021-07,2021-07-16,900204,Synthetic demo mixed sales and receipt 900204,,,0,,,0,,,,,4000,Demo Product Sales,38160,B5,B5,3469,C006,Demo Customer Fjord,D01,Demo Sales,359,"[""20210716"",""900204""]",,359-C,cor:monetaryAmount,"{""d_cor_accountingEntries"":""1"",""d_cor_entryDetail"":""359-C"",""d_cor_entryHeader"":""[\""20210716\"",\""900204\""]""}"
22,4,2021-07,2021-07-16,900204,Synthetic demo mixed sales and receipt 900204,,,0,,,0,,,,,4010,Demo Service Revenue,162730,B5,B5,14794,C007,Demo Customer Grove,D01,Demo Sales,360,"[""20210716"",""900204""]",,360-C,cor:monetaryAmount,"{""d_cor_accountingEntries"":""1"",""d_cor_entryDetail"":""360-C"",""d_cor_entryHeader"":""[\""20210716\"",\""900204\""]""}"
23,1,2021-07,2021-07-16,900228,Synthetic demo operating expense 900228,,,0,,,0,,,,,1100,Demo Central Ordinary Deposit,71370,00,00,0,B001,Demo Central Bank,D02,Demo Administration,361,"[""20210716"",""900228""]",,361-C,cor:monetaryAmount,"{""d_cor_accountingEntries"":""1"",""d_cor_entryDetail"":""361-C"",""d_cor_entryHeader"":""[\""20210716\"",\""900228\""]""}"
23,2,2021-07,2021-07-16,900228,Synthetic demo operating expense 900228,6140,Demo Vehicle Expense,71370,Q5,Q5,6488,V001,Demo Vendor Keystone,D02,Demo Administration,,,0,,,0,,,,,361,"[""20210716"",""900228""]",361-D,,cor:monetaryAmount,"{""d_cor_accountingEntries"":""1"",""d_cor_entryDetail"":""361-D"",""d_cor_entryHeader"":""[\""20210716\"",\""900228\""]""}"
24,1,2021-07,2021-07-17,900182,Synthetic demo credit sale 900182,,,0,,,0,,,,,4020,Demo Other Operating Revenue,303390,B5,B5,27581,C007,Demo Customer Grove,D01,Demo Sales,362,"[""20210717"",""900182""]",,362-C,cor:monetaryAmount,"{""d_cor_accountingEntries"":""1"",""d_cor_entryDetail"":""362-C"",""d_cor_entryHeader"":""[\""20210717\"",\""900182\""]""}"
24,2,2021-07,2021-07-17,900182,Synthetic demo credit sale 900182,1200,Demo Accounts Receivable,303390,00,00,0,C001,Demo Customer Aurora,D01,Demo Sales,,,0,,,0,,,,,362,"[""20210717"",""900182""]",362-D,,cor:monetaryAmount,"{""d_cor_accountingEntries"":""1"",""d_cor_entryDetail"":""362-D"",""d_cor_entryHeader"":""[\""20210717\"",\""900182\""]""}"
25,1,2021-07,2021-07-17,900215,Synthetic demo purchase on account 900215,,,0,,,0,,,,,2000,Demo Accounts Payable,289860,00,00,0,V001,Demo Vendor Keystone,D04,Demo Logistics,363,"[""20210717"",""900215""]",,363-C,cor:monetaryAmount,"{""d_cor_accountingEntries"":""1"",""d_cor_entryDetail"":""363-C"",""d_cor_entryHeader"":""[\""20210717\"",\""900215\""]""}"
25,2,2021-07,2021-07-17,900215,Synthetic demo purchase on account 900215,5020,Demo Inventory Adjustment,289860,Q5,Q5,26351,V006,Demo Vendor Prairie,D04,Demo Logistics,,,0,,,0,,,,,363,"[""20210717"",""900215""]",363-D,,cor:monetaryAmount,"{""d_cor_accountingEntries"":""1"",""d_cor_entryDetail"":""363-D"",""d_cor_entryHeader"":""[\""20210717\"",\""900215\""]""}"
26,1,2021-07,2021-07-17,900233,Synthetic demo customer receipt 900233,,,0,,,0,,,,,1200,Demo Accounts Receivable,368740,00,00,0,C001,Demo Customer Aurora,D01,Demo Sales,364,"[""20210717"",""900233""]",,364-C,cor:monetaryAmount,"{""d_cor_accountingEntries"":""1"",""d_cor_entryDetail"":""364-C"",""d_cor_entryHeader"":""[\""20210717\"",\""900233\""]""}"
26,2,2021-07,2021-07-17,900233,Synthetic demo customer receipt 900233,1120,Demo Harbor Ordinary Deposit,368740,00,00,0,B003,Harbor Demo Bank,D01,Demo Sales,,,0,,,0,,,,,364,"[""20210717"",""900233""]",364-D,,cor:monetaryAmount,"{""d_cor_accountingEntries"":""1"",""d_cor_entryDetail"":""364-D"",""d_cor_entryHeader"":""[\""20210717\"",\""900233\""]""}"
27,1,2021-07,2021-07-18,900180,Synthetic demo credit sale 900180,,,0,,,0,,,,,4000,Demo Product Sales,399270,B5,B5,36297,C001,Demo Customer Aurora,D01,Demo Sales,365,"[""20210718"",""900180""]",,365-C,cor:monetaryAmount,"{""d_cor_accountingEntries"":""1"",""d_cor_entryDetail"":""365-C"",""d_cor_entryHeader"":""[\""20210718\"",\""900180\""]""}"
27,2,2021-07,2021-07-18,900180,Synthetic demo credit sale 900180,1200,Demo Accounts Receivable,399270,00,00,0,C001,Demo Customer Aurora,D01,Demo Sales,,,0,,,0,,,,,365,"[""20210718"",""900180""]",365-D,,cor:monetaryAmount,"{""d_cor_accountingEntries"":""1"",""d_cor_entryDetail"":""365-D"",""d_cor_entryHeader"":""[\""20210718\"",\""900180\""]""}"
28,1,2021-07,2021-07-18,900193,Synthetic demo multi-vendor settlement 900193,2000,Demo Accounts Payable,228590,00,00,0,V001,Demo Vendor Keystone,D01,Demo Sales,,,0,,,0,,,,,366,"[""20210718"",""900193""]",366-D,,cor:monetaryAmount,"{""d_cor_accountingEntries"":""1"",""d_cor_entryDetail"":""366-D"",""d_cor_entryHeader"":""[\""20210718\"",\""900193\""]""}"
28,2,2021-07,2021-07-18,900193,Synthetic demo multi-vendor settlement 900193,2100,Demo Accrued Payables,303020,00,00,0,V007,Demo Vendor Quartz,D01,Demo Sales,,,0,,,0,,,,,367,"[""20210718"",""900193""]",367-D,,cor:monetaryAmount,"{""d_cor_accountingEntries"":""1"",""d_cor_entryDetail"":""367-D"",""d_cor_entryHeader"":""[\""20210718\"",\""900193\""]""}"
28,3,2021-07,2021-07-18,900193,Synthetic demo multi-vendor settlement 900193,,,0,,,0,,,,,1110,Demo North Current Deposit,255170,00,00,0,B002,North Demo Bank,D01,Demo Sales,368,"[""20210718"",""900193""]",,368-C,cor:monetaryAmount,"{""d_cor_accountingEntries"":""1"",""d_cor_entryDetail"":""368-C"",""d_cor_entryHeader"":""[\""20210718\"",\""900193\""]""}"
28,4,2021-07,2021-07-18,900193,Synthetic demo multi-vendor settlement 900193,,,0,,,0,,,,,1120,Demo Harbor Ordinary Deposit,276440,00,00,0,B003,Harbor Demo Bank,D01,Demo Sales,369,"[""20210718"",""900193""]",,369-C,cor:monetaryAmount,"{""d_cor_accountingEntries"":""1"",""d_cor_entryDetail"":""369-C"",""d_cor_entryHeader"":""[\""20210718\"",\""900193\""]""}"
29,1,2021-07,2021-07-18,900197,Synthetic demo financing settlement 900197,,,0,,,0,,,,,1120,Demo Harbor Ordinary Deposit,573920,00,00,0,B003,Harbor Demo Bank,D06,Demo Management,370,"[""20210718"",""900197""]",,370-C,cor:monetaryAmount,"{""d_cor_accountingEntries"":""1"",""d_cor_entryDetail"":""370-C"",""d_cor_entryHeader"":""[\""20210718\"",\""900197\""]""}"
29,2,2021-07,2021-07-18,900197,Synthetic demo financing settlement 900197,2200,Demo Short-term Loans,246780,00,00,0,,,D06,Demo Management,,,0,,,0,,,,,370,"[""20210718"",""900197""]",370-D,,cor:monetaryAmount,"{""d_cor_accountingEntries"":""1"",""d_cor_entryDetail"":""370-D"",""d_cor_entryHeader"":""[\""20210718\"",\""900197\""]""}"
29,3,2021-07,2021-07-18,900197,Synthetic demo financing settlement 900197,6070,Demo Bank Fees,126260,00,00,0,B003,Harbor Demo Bank,D06,Demo Management,,,0,,,0,,,,,371,"[""20210718"",""900197""]",371-D,,cor:monetaryAmount,"{""d_cor_accountingEntries"":""1"",""d_cor_entryDetail"":""371-D"",""d_cor_entryHeader"":""[\""20210718\"",\""900197\""]""}"
29,4,2021-07,2021-07-18,900197,Synthetic demo financing settlement 900197,7000,Demo Taxes and Dues,200880,P0,P0,0,,,D06,Demo Management,,,0,,,0,,,,,372,"[""20210718"",""900197""]",372-D,,cor:monetaryAmount,"{""d_cor_accountingEntries"":""1"",""d_cor_entryDetail"":""372-D"",""d_cor_entryHeader"":""[\""20210718\"",\""900197\""]""}"
30,1,2021-07,2021-07-18,900206,Synthetic demo financing settlement 900206,,,0,,,0,,,,,1120,Demo Harbor Ordinary Deposit,248100,00,00,0,B003,Harbor Demo Bank,D06,Demo Management,373,"[""20210718"",""900206""]",,373-C,cor:monetaryAmount,"{""d_cor_accountingEntries"":""1"",""d_cor_entryDetail"":""373-C"",""d_cor_entryHeader"":""[\""20210718\"",\""900206\""]""}"
30,2,2021-07,2021-07-18,900206,Synthetic demo financing settlement 900206,2200,Demo Short-term Loans,181110,00,00,0,,,D06,Demo Management,,,0,,,0,,,,,373,"[""20210718"",""900206""]",373-D,,cor:monetaryAmount,"{""d_cor_accountingEntries"":""1"",""d_cor_entryDetail"":""373-D"",""d_cor_entryHeader"":""[\""20210718\"",\""900206\""]""}"
30,3,2021-07,2021-07-18,900206,Synthetic demo financing settlement 900206,6070,Demo Bank Fees,7440,00,00,0,B003,Harbor Demo Bank,D06,Demo Management,,,0,,,0,,,,,374,"[""20210718"",""900206""]",374-D,,cor:monetaryAmount,"{""d_cor_accountingEntries"":""1"",""d_cor_entryDetail"":""374-D"",""d_cor_entryHeader"":""[\""20210718\"",\""900206\""]""}"
30,4,2021-07,2021-07-18,900206,Synthetic demo financing settlement 900206,7000,Demo Taxes and Dues,59550,P0,P0,0,,,D06,Demo Management,,,0,,,0,,,,,375,"[""20210718"",""900206""]",375-D,,cor:monetaryAmount,"{""d_cor_accountingEntries"":""1"",""d_cor_entryDetail"":""375-D"",""d_cor_entryHeader"":""[\""20210718\"",\""900206\""]""}"
31,1,2021-07,2021-07-19,900209,Synthetic demo prepaid service 900209,,,0,,,0,,,,,1120,Demo Harbor Ordinary Deposit,132930,00,00,0,B003,Harbor Demo Bank,D05,Demo Digital Services,376,"[""20210719"",""900209""]",,376-C,cor:monetaryAmount,"{""d_cor_accountingEntries"":""1"",""d_cor_entryDetail"":""376-C"",""d_cor_entryHeader"":""[\""20210719\"",\""900209\""]""}"
31,2,2021-07,2021-07-19,900209,Synthetic demo prepaid service 900209,1400,Demo Prepaid Expenses,132930,00,00,0,S006,Demo Insurance Services,D05,Demo Digital Services,,,0,,,0,,,,,376,"[""20210719"",""900209""]",376-D,,cor:monetaryAmount,"{""d_cor_accountingEntries"":""1"",""d_cor_entryDetail"":""376-D"",""d_cor_entryHeader"":""[\""20210719\"",\""900209\""]""}"
32,1,2021-07,2021-07-19,900210,Synthetic demo mixed sales and receipt 900210,1100,Demo Central Ordinary Deposit,271330,00,00,0,B001,Demo Central Bank,D01,Demo Sales,,,0,,,0,,,,,377,"[""20210719"",""900210""]",377-D,,cor:monetaryAmount,"{""d_cor_accountingEntries"":""1"",""d_cor_entryDetail"":""377-D"",""d_cor_entryHeader"":""[\""20210719\"",\""900210\""]""}"
32,2,2021-07,2021-07-19,900210,Synthetic demo mixed sales and receipt 900210,1200,Demo Accounts Receivable,240630,00,00,0,C001,Demo Customer Aurora,D01,Demo Sales,,,0,,,0,,,,,378,"[""20210719"",""900210""]",378-D,,cor:monetaryAmount,"{""d_cor_accountingEntries"":""1"",""d_cor_entryDetail"":""378-D"",""d_cor_entryHeader"":""[\""20210719\"",\""900210\""]""}"
32,3,2021-07,2021-07-19,900210,Synthetic demo mixed sales and receipt 900210,,,0,,,0,,,,,4000,Demo Product Sales,225260,B5,B5,20478,C002,Demo Customer Birch,D01,Demo Sales,379,"[""20210719"",""900210""]",,379-C,cor:monetaryAmount,"{""d_cor_accountingEntries"":""1"",""d_cor_entryDetail"":""379-C"",""d_cor_entryHeader"":""[\""20210719\"",\""900210\""]""}"
32,4,2021-07,2021-07-19,900210,Synthetic demo mixed sales and receipt 900210,,,0,,,0,,,,,4010,Demo Service Revenue,286700,B5,B5,26064,C003,Demo Customer Cobalt,D01,Demo Sales,380,"[""20210719"",""900210""]",,380-C,cor:monetaryAmount,"{""d_cor_accountingEntries"":""1"",""d_cor_entryDetail"":""380-C"",""d_cor_entryHeader"":""[\""20210719\"",\""900210\""]""}"
33,1,2021-07,2021-07-20,900196,Synthetic demo purchase on account 900196,,,0,,,0,,,,,2000,Demo Accounts Payable,263010,00,00,0,V001,Demo Vendor Keystone,D04,Demo Logistics,381,"[""20210720"",""900196""]",,381-C,cor:monetaryAmount,"{""d_cor_accountingEntries"":""1"",""d_cor_entryDetail"":""381-C"",""d_cor_entryHeader"":""[\""20210720\"",\""900196\""]""}"
33,2,2021-07,2021-07-20,900196,Synthetic demo purchase on account 900196,5010,Demo Freight-in,263010,Q5,Q5,23910,V001,Demo Vendor Keystone,D04,Demo Logistics,,,0,,,0,,,,,381,"[""20210720"",""900196""]",381-D,,cor:monetaryAmount,"{""d_cor_accountingEntries"":""1"",""d_cor_entryDetail"":""381-D"",""d_cor_entryHeader"":""[\""20210720\"",\""900196\""]""}"
34,1,2021-07,2021-07-20,900198,Synthetic demo operating expense 900198,,,0,,,0,,,,,1100,Demo Central Ordinary Deposit,126430,00,00,0,B001,Demo Central Bank,D02,Demo Administration,382,"[""20210720"",""900198""]",,382-C,cor:monetaryAmount,"{""d_cor_accountingEntries"":""1"",""d_cor_entryDetail"":""382-C"",""d_cor_entryHeader"":""[\""20210720\"",\""900198\""]""}"
34,2,2021-07,2021-07-20,900198,Synthetic demo operating expense 900198,6020,Demo Office Rent,126430,Q5,Q5,11494,V001,Demo Vendor Keystone,D02,Demo Administration,,,0,,,0,,,,,382,"[""20210720"",""900198""]",382-D,,cor:monetaryAmount,"{""d_cor_accountingEntries"":""1"",""d_cor_entryDetail"":""382-D"",""d_cor_entryHeader"":""[\""20210720\"",\""900198\""]""}"
35,1,2021-07,2021-07-20,900213,Synthetic demo customer receipt 900213,,,0,,,0,,,,,1200,Demo Accounts Receivable,170730,00,00,0,C001,Demo Customer Aurora,D01,Demo Sales,383,"[""20210720"",""900213""]",,383-C,cor:monetaryAmount,"{""d_cor_accountingEntries"":""1"",""d_cor_entryDetail"":""383-C"",""d_cor_entryHeader"":""[\""20210720\"",\""900213\""]""}"
35,2,2021-07,2021-07-20,900213,Synthetic demo customer receipt 900213,1100,Demo Central Ordinary Deposit,170730,00,00,0,B001,Demo Central Bank,D01,Demo Sales,,,0,,,0,,,,,383,"[""20210720"",""900213""]",383-D,,cor:monetaryAmount,"{""d_cor_accountingEntries"":""1"",""d_cor_entryDetail"":""383-D"",""d_cor_entryHeader"":""[\""20210720\"",\""900213\""]""}"
36,1,2021-07,2021-07-20,900224,Synthetic demo customer receipt 900224,,,0,,,0,,,,,1200,Demo Accounts Receivable,316120,00,00,0,C001,Demo Customer Aurora,D01,Demo Sales,384,"[""20210720"",""900224""]",,384-C,cor:monetaryAmount,"{""d_cor_accountingEntries"":""1"",""d_cor_entryDetail"":""384-C"",""d_cor_entryHeader"":""[\""20210720\"",\""900224\""]""}"
36,2,2021-07,2021-07-20,900224,Synthetic demo customer receipt 900224,1120,Demo Harbor Ordinary Deposit,316120,00,00,0,B003,Harbor Demo Bank,D01,Demo Sales,,,0,,,0,,,,,384,"[""20210720"",""900224""]",384-D,,cor:monetaryAmount,"{""d_cor_accountingEntries"":""1"",""d_cor_entryDetail"":""384-D"",""d_cor_entryHeader"":""[\""20210720\"",\""900224\""]""}"
37,1,2021-07,2021-07-20,900236,Synthetic demo purchase on account 900236,,,0,,,0,,,,,2000,Demo Accounts Payable,58120,00,00,0,V001,Demo Vendor Keystone,D04,Demo Logistics,385,"[""20210720"",""900236""]",,385-C,cor:monetaryAmount,"{""d_cor_accountingEntries"":""1"",""d_cor_entryDetail"":""385-C"",""d_cor_entryHeader"":""[\""20210720\"",\""900236\""]""}"
37,2,2021-07,2021-07-20,900236,Synthetic demo purchase on account 900236,5020,Demo Inventory Adjustment,58120,Q5,Q5,5284,V001,Demo Vendor Keystone,D04,Demo Logistics,,,0,,,0,,,,,385,"[""20210720"",""900236""]",385-D,,cor:monetaryAmount,"{""d_cor_accountingEntries"":""1"",""d_cor_entryDetail"":""385-D"",""d_cor_entryHeader"":""[\""20210720\"",\""900236\""]""}"
38,1,2021-07,2021-07-23,900237,Synthetic demo vendor settlement 900237,,,0,,,0,,,,,1100,Demo Central Ordinary Deposit,84300,00,00,0,B001,Demo Central Bank,D04,Demo Logistics,386,"[""20210723"",""900237""]",,386-C,cor:monetaryAmount,"{""d_cor_accountingEntries"":""1"",""d_cor_entryDetail"":""386-C"",""d_cor_entryHeader"":""[\""20210723\"",\""900237\""]""}"
38,2,2021-07,2021-07-23,900237,Synthetic demo vendor settlement 900237,2000,Demo Accounts Payable,84300,00,00,0,V001,Demo Vendor Keystone,D04,Demo Logistics,,,0,,,0,,,,,386,"[""20210723"",""900237""]",386-D,,cor:monetaryAmount,"{""d_cor_accountingEntries"":""1"",""d_cor_entryDetail"":""386-D"",""d_cor_entryHeader"":""[\""20210723\"",\""900237\""]""}"
39,1,2021-07,2021-07-24,900183,Synthetic demo customer receipt 900183,,,0,,,0,,,,,1200,Demo Accounts Receivable,405780,00,00,0,C001,Demo Customer Aurora,D01,Demo Sales,387,"[""20210724"",""900183""]",,387-C,cor:monetaryAmount,"{""d_cor_accountingEntries"":""1"",""d_cor_entryDetail"":""387-C"",""d_cor_entryHeader"":""[\""20210724\"",\""900183\""]""}"
39,2,2021-07,2021-07-24,900183,Synthetic demo customer receipt 900183,1100,Demo Central Ordinary Deposit,405780,00,00,0,B001,Demo Central Bank,D01,Demo Sales,,,0,,,0,,,,,387,"[""20210724"",""900183""]",387-D,,cor:monetaryAmount,"{""d_cor_accountingEntries"":""1"",""d_cor_entryDetail"":""387-D"",""d_cor_entryHeader"":""[\""20210724\"",\""900183\""]""}"
40,1,2021-07,2021-07-24,900187,Synthetic demo multi-vendor settlement 900187,2000,Demo Accounts Payable,92020,00,00,0,V001,Demo Vendor Keystone,D01,Demo Sales,,,0,,,0,,,,,388,"[""20210724"",""900187""]",388-D,,cor:monetaryAmount,"{""d_cor_accountingEntries"":""1"",""d_cor_entryDetail"":""388-D"",""d_cor_entryHeader"":""[\""20210724\"",\""900187\""]""}"
40,2,2021-07,2021-07-24,900187,Synthetic demo multi-vendor settlement 900187,2100,Demo Accrued Payables,132420,00,00,0,V001,Demo Vendor Keystone,D01,Demo Sales,,,0,,,0,,,,,389,"[""20210724"",""900187""]",389-D,,cor:monetaryAmount,"{""d_cor_accountingEntries"":""1"",""d_cor_entryDetail"":""389-D"",""d_cor_entryHeader"":""[\""20210724\"",\""900187\""]""}"
40,3,2021-07,2021-07-24,900187,Synthetic demo multi-vendor settlement 900187,,,0,,,0,,,,,1110,Demo North Current Deposit,107730,00,00,0,B002,North Demo Bank,D01,Demo Sales,390,"[""20210724"",""900187""]",,390-C,cor:monetaryAmount,"{""d_cor_accountingEntries"":""1"",""d_cor_entryDetail"":""390-C"",""d_cor_entryHeader"":""[\""20210724\"",\""900187\""]""}"
40,4,2021-07,2021-07-24,900187,Synthetic demo multi-vendor settlement 900187,,,0,,,0,,,,,1120,Demo Harbor Ordinary Deposit,116710,00,00,0,B003,Harbor Demo Bank,D01,Demo Sales,391,"[""20210724"",""900187""]",,391-C,cor:monetaryAmount,"{""d_cor_accountingEntries"":""1"",""d_cor_entryDetail"":""391-C"",""d_cor_entryHeader"":""[\""20210724\"",\""900187\""]""}"
41,1,2021-07,2021-07-24,900223,Synthetic demo multi-vendor settlement 900223,2000,Demo Accounts Payable,243940,00,00,0,V001,Demo Vendor Keystone,D01,Demo Sales,,,0,,,0,,,,,392,"[""20210724"",""900223""]",392-D,,cor:monetaryAmount,"{""d_cor_accountingEntries"":""1"",""d_cor_entryDetail"":""392-D"",""d_cor_entryHeader"":""[\""20210724\"",\""900223\""]""}"
41,2,2021-07,2021-07-24,900223,Synthetic demo multi-vendor settlement 900223,2100,Demo Accrued Payables,298170,00,00,0,V007,Demo Vendor Quartz,D01,Demo Sales,,,0,,,0,,,,,393,"[""20210724"",""900223""]",393-D,,cor:monetaryAmount,"{""d_cor_accountingEntries"":""1"",""d_cor_entryDetail"":""393-D"",""d_cor_entryHeader"":""[\""20210724\"",\""900223\""]""}"
41,3,2021-07,2021-07-24,900223,Synthetic demo multi-vendor settlement 900223,,,0,,,0,,,,,1110,Demo North Current Deposit,119260,00,00,0,B002,North Demo Bank,D01,Demo Sales,394,"[""20210724"",""900223""]",,394-C,cor:monetaryAmount,"{""d_cor_accountingEntries"":""1"",""d_cor_entryDetail"":""394-C"",""d_cor_entryHeader"":""[\""20210724\"",\""900223\""]""}"
41,4,2021-07,2021-07-24,900223,Synthetic demo multi-vendor settlement 900223,,,0,,,0,,,,,1120,Demo Harbor Ordinary Deposit,422850,00,00,0,B003,Harbor Demo Bank,D01,Demo Sales,395,"[""20210724"",""900223""]",,395-C,cor:monetaryAmount,"{""d_cor_accountingEntries"":""1"",""d_cor_entryDetail"":""395-C"",""d_cor_entryHeader"":""[\""20210724\"",\""900223\""]""}"
42,1,2021-07,2021-07-25,900179,Synthetic demo prepaid service 900179,,,0,,,0,,,,,1120,Demo Harbor Ordinary Deposit,150410,00,00,0,B003,Harbor Demo Bank,D05,Demo Digital Services,396,"[""20210725"",""900179""]",,396-C,cor:monetaryAmount,"{""d_cor_accountingEntries"":""1"",""d_cor_entryDetail"":""396-C"",""d_cor_entryHeader"":""[\""20210725\"",\""900179\""]""}"
42,2,2021-07,2021-07-25,900179,Synthetic demo prepaid service 900179,1400,Demo Prepaid Expenses,150410,00,00,0,S006,Demo Insurance Services,D05,Demo Digital Services,,,0,,,0,,,,,396,"[""20210725"",""900179""]",396-D,,cor:monetaryAmount,"{""d_cor_accountingEntries"":""1"",""d_cor_entryDetail"":""396-D"",""d_cor_entryHeader"":""[\""20210725\"",\""900179\""]""}"
43,1,2021-07,2021-07-25,900214,Synthetic demo customer receipt 900214,,,0,,,0,,,,,1200,Demo Accounts Receivable,214710,00,00,0,C001,Demo Customer Aurora,D01,Demo Sales,397,"[""20210725"",""900214""]",,397-C,cor:monetaryAmount,"{""d_cor_accountingEntries"":""1"",""d_cor_entryDetail"":""397-C"",""d_cor_entryHeader"":""[\""20210725\"",\""900214\""]""}"
43,2,2021-07,2021-07-25,900214,Synthetic demo customer receipt 900214,1110,Demo North Current Deposit,214710,00,00,0,B002,North Demo Bank,D01,Demo Sales,,,0,,,0,,,,,397,"[""20210725"",""900214""]",397-D,,cor:monetaryAmount,"{""d_cor_accountingEntries"":""1"",""d_cor_entryDetail"":""397-D"",""d_cor_entryHeader"":""[\""20210725\"",\""900214\""]""}"
44,1,2021-07,2021-07-26,900203,Synthetic demo customer receipt 900203,,,0,,,0,,,,,1200,Demo Accounts Receivable,411010,00,00,0,C001,Demo Customer Aurora,D01,Demo Sales,398,"[""20210726"",""900203""]",,398-C,cor:monetaryAmount,"{""d_cor_accountingEntries"":""1"",""d_cor_entryDetail"":""398-C"",""d_cor_entryHeader"":""[\""20210726\"",\""900203\""]""}"
44,2,2021-07,2021-07-26,900203,Synthetic demo customer receipt 900203,1120,Demo Harbor Ordinary Deposit,411010,00,00,0,B003,Harbor Demo Bank,D01,Demo Sales,,,0,,,0,,,,,398,"[""20210726"",""900203""]",398-D,,cor:monetaryAmount,"{""d_cor_accountingEntries"":""1"",""d_cor_entryDetail"":""398-D"",""d_cor_entryHeader"":""[\""20210726\"",\""900203\""]""}"
45,1,2021-07,2021-07-26,900230,Synthetic demo credit sale 900230,,,0,,,0,,,,,4020,Demo Other Operating Revenue,233380,B5,B5,21216,C001,Demo Customer Aurora,D01,Demo Sales,399,"[""20210726"",""900230""]",,399-C,cor:monetaryAmount,"{""d_cor_accountingEntries"":""1"",""d_cor_entryDetail"":""399-C"",""d_cor_entryHeader"":""[\""20210726\"",\""900230\""]""}"
45,2,2021-07,2021-07-26,900230,Synthetic demo credit sale 900230,1200,Demo Accounts Receivable,233380,00,00,0,C001,Demo Customer Aurora,D01,Demo Sales,,,0,,,0,,,,,399,"[""20210726"",""900230""]",399-D,,cor:monetaryAmount,"{""d_cor_accountingEntries"":""1"",""d_cor_entryDetail"":""399-D"",""d_cor_entryHeader"":""[\""20210726\"",\""900230\""]""}"
46,1,2021-07,2021-07-28,900191,Synthetic demo financing settlement 900191,,,0,,,0,,,,,1120,Demo Harbor Ordinary Deposit,474420,00,00,0,B003,Harbor Demo Bank,D06,Demo Management,400,"[""20210728"",""900191""]",,400-C,cor:monetaryAmount,"{""d_cor_accountingEntries"":""1"",""d_cor_entryDetail"":""400-C"",""d_cor_entryHeader"":""[\""20210728\"",\""900191\""]""}"
46,2,2021-07,2021-07-28,900191,Synthetic demo financing settlement 900191,2200,Demo Short-term Loans,284650,00,00,0,,,D06,Demo Management,,,0,,,0,,,,,400,"[""20210728"",""900191""]",400-D,,cor:monetaryAmount,"{""d_cor_accountingEntries"":""1"",""d_cor_entryDetail"":""400-D"",""d_cor_entryHeader"":""[\""20210728\"",\""900191\""]""}"
46,3,2021-07,2021-07-28,900191,Synthetic demo financing settlement 900191,6070,Demo Bank Fees,14230,00,00,0,B003,Harbor Demo Bank,D06,Demo Management,,,0,,,0,,,,,401,"[""20210728"",""900191""]",401-D,,cor:monetaryAmount,"{""d_cor_accountingEntries"":""1"",""d_cor_entryDetail"":""401-D"",""d_cor_entryHeader"":""[\""20210728\"",\""900191\""]""}"
46,4,2021-07,2021-07-28,900191,Synthetic demo financing settlement 900191,7000,Demo Taxes and Dues,175540,P0,P0,0,,,D06,Demo Management,,,0,,,0,,,,,402,"[""20210728"",""900191""]",402-D,,cor:monetaryAmount,"{""d_cor_accountingEntries"":""1"",""d_cor_entryDetail"":""402-D"",""d_cor_entryHeader"":""[\""20210728\"",\""900191\""]""}"
47,1,2021-07,2021-07-28,900216,Synthetic demo mixed sales and receipt 900216,1100,Demo Central Ordinary Deposit,125450,00,00,0,B001,Demo Central Bank,D01,Demo Sales,,,0,,,0,,,,,403,"[""20210728"",""900216""]",403-D,,cor:monetaryAmount,"{""d_cor_accountingEntries"":""1"",""d_cor_entryDetail"":""403-D"",""d_cor_entryHeader"":""[\""20210728\"",\""900216\""]""}"
47,2,2021-07,2021-07-28,900216,Synthetic demo mixed sales and receipt 900216,1200,Demo Accounts Receivable,420010,00,00,0,C001,Demo Customer Aurora,D01,Demo Sales,,,0,,,0,,,,,404,"[""20210728"",""900216""]",404-D,,cor:monetaryAmount,"{""d_cor_accountingEntries"":""1"",""d_cor_entryDetail"":""404-D"",""d_cor_entryHeader"":""[\""20210728\"",\""900216\""]""}"
47,3,2021-07,2021-07-28,900216,Synthetic demo mixed sales and receipt 900216,,,0,,,0,,,,,4000,Demo Product Sales,387270,B5,B5,35206,C008,Demo Customer Halo,D01,Demo Sales,405,"[""20210728"",""900216""]",,405-C,cor:monetaryAmount,"{""d_cor_accountingEntries"":""1"",""d_cor_entryDetail"":""405-C"",""d_cor_entryHeader"":""[\""20210728\"",\""900216\""]""}"
47,4,2021-07,2021-07-28,900216,Synthetic demo mixed sales and receipt 900216,,,0,,,0,,,,,4010,Demo Service Revenue,158190,B5,B5,14381,C009,Demo Customer Indigo,D01,Demo Sales,406,"[""20210728"",""900216""]",,406-C,cor:monetaryAmount,"{""d_cor_accountingEntries"":""1"",""d_cor_entryDetail"":""406-C"",""d_cor_entryHeader"":""[\""20210728\"",\""900216\""]""}"
48,1,2021-07,2021-07-28,900220,Synthetic demo credit sale 900220,,,0,,,0,,,,,4010,Demo Service Revenue,458600,B5,B5,41691,C001,Demo Customer Aurora,D01,Demo Sales,407,"[""20210728"",""900220""]",,407-C,cor:monetaryAmount,"{""d_cor_accountingEntries"":""1"",""d_cor_entryDetail"":""407-C"",""d_cor_entryHeader"":""[\""20210728\"",\""900220\""]""}"
48,2,2021-07,2021-07-28,900220,Synthetic demo credit sale 900220,1200,Demo Accounts Receivable,458600,00,00,0,C001,Demo Customer Aurora,D01,Demo Sales,,,0,,,0,,,,,407,"[""20210728"",""900220""]",407-D,,cor:monetaryAmount,"{""d_cor_accountingEntries"":""1"",""d_cor_entryDetail"":""407-D"",""d_cor_entryHeader"":""[\""20210728\"",\""900220\""]""}"
49,1,2021-07,2021-07-28,900222,Synthetic demo credit sale 900222,,,0,,,0,,,,,4000,Demo Product Sales,597180,R5,R5,44236,C007,Demo Customer Grove,D01,Demo Sales,408,"[""20210728"",""900222""]",,408-C,cor:monetaryAmount,"{""d_cor_accountingEntries"":""1"",""d_cor_entryDetail"":""408-C"",""d_cor_entryHeader"":""[\""20210728\"",\""900222\""]""}"
49,2,2021-07,2021-07-28,900222,Synthetic demo credit sale 900222,1200,Demo Accounts Receivable,597180,00,00,0,C001,Demo Customer Aurora,D01,Demo Sales,,,0,,,0,,,,,408,"[""20210728"",""900222""]",408-D,,cor:monetaryAmount,"{""d_cor_accountingEntries"":""1"",""d_cor_entryDetail"":""408-D"",""d_cor_entryHeader"":""[\""20210728\"",\""900222\""]""}"
50,1,2021-07,2021-07-28,900227,Synthetic demo vendor settlement 900227,,,0,,,0,,,,,1120,Demo Harbor Ordinary Deposit,336990,00,00,0,B003,Harbor Demo Bank,D04,Demo Logistics,409,"[""20210728"",""900227""]",,409-C,cor:monetaryAmount,"{""d_cor_accountingEntries"":""1"",""d_cor_entryDetail"":""409-C"",""d_cor_entryHeader"":""[\""20210728\"",\""900227\""]""}"
50,2,2021-07,2021-07-28,900227,Synthetic demo vendor settlement 900227,2000,Demo Accounts Payable,336990,00,00,0,V001,Demo Vendor Keystone,D04,Demo Logistics,,,0,,,0,,,,,409,"[""20210728"",""900227""]",409-D,,cor:monetaryAmount,"{""d_cor_accountingEntries"":""1"",""d_cor_entryDetail"":""409-D"",""d_cor_entryHeader"":""[\""20210728\"",\""900227\""]""}"
51,1,2021-07,2021-07-29,900202,Synthetic demo credit sale 900202,,,0,,,0,,,,,4010,Demo Service Revenue,317450,B5,B5,28859,C007,Demo Customer Grove,D01,Demo Sales,410,"[""20210729"",""900202""]",,410-C,cor:monetaryAmount,"{""d_cor_accountingEntries"":""1"",""d_cor_entryDetail"":""410-C"",""d_cor_entryHeader"":""[\""20210729\"",\""900202\""]""}"
51,2,2021-07,2021-07-29,900202,Synthetic demo credit sale 900202,1200,Demo Accounts Receivable,317450,00,00,0,C001,Demo Customer Aurora,D01,Demo Sales,,,0,,,0,,,,,410,"[""20210729"",""900202""]",410-D,,cor:monetaryAmount,"{""d_cor_accountingEntries"":""1"",""d_cor_entryDetail"":""410-D"",""d_cor_entryHeader"":""[\""20210729\"",\""900202\""]""}"
52,1,2021-07,2021-07-29,900205,Synthetic demo purchase on account 900205,,,0,,,0,,,,,2000,Demo Accounts Payable,62220,00,00,0,V001,Demo Vendor Keystone,D04,Demo Logistics,411,"[""20210729"",""900205""]",,411-C,cor:monetaryAmount,"{""d_cor_accountingEntries"":""1"",""d_cor_entryDetail"":""411-C"",""d_cor_entryHeader"":""[\""20210729\"",\""900205\""]""}"
52,2,2021-07,2021-07-29,900205,Synthetic demo purchase on account 900205,5010,Demo Freight-in,62220,C5,C5,5656,V006,Demo Vendor Prairie,D04,Demo Logistics,,,0,,,0,,,,,411,"[""20210729"",""900205""]",411-D,,cor:monetaryAmount,"{""d_cor_accountingEntries"":""1"",""d_cor_entryDetail"":""411-D"",""d_cor_entryHeader"":""[\""20210729\"",\""900205\""]""}"
53,1,2021-07,2021-07-29,900207,Synthetic demo vendor settlement 900207,,,0,,,0,,,,,1100,Demo Central Ordinary Deposit,142340,00,00,0,B001,Demo Central Bank,D04,Demo Logistics,412,"[""20210729"",""900207""]",,412-C,cor:monetaryAmount,"{""d_cor_accountingEntries"":""1"",""d_cor_entryDetail"":""412-C"",""d_cor_entryHeader"":""[\""20210729\"",\""900207\""]""}"
53,2,2021-07,2021-07-29,900207,Synthetic demo vendor settlement 900207,2000,Demo Accounts Payable,142340,00,00,0,V001,Demo Vendor Keystone,D04,Demo Logistics,,,0,,,0,,,,,412,"[""20210729"",""900207""]",412-D,,cor:monetaryAmount,"{""d_cor_accountingEntries"":""1"",""d_cor_entryDetail"":""412-D"",""d_cor_entryHeader"":""[\""20210729\"",\""900207\""]""}"
54,1,2021-07,2021-07-30,900219,Synthetic demo monthly payroll bundle 900219,,,0,,,0,,,,,1100,Demo Central Ordinary Deposit,509620,00,00,0,B001,Demo Central Bank,D02,Demo Administration,413,"[""20210730"",""900219""]",,413-C,cor:monetaryAmount,"{""d_cor_accountingEntries"":""1"",""d_cor_entryDetail"":""413-C"",""d_cor_entryHeader"":""[\""20210730\"",\""900219\""]""}"
54,2,2021-07,2021-07-30,900219,Synthetic demo monthly payroll bundle 900219,6000,Demo Salaries,214040,00,00,0,,,D02,Demo Administration,,,0,,,0,,,,,413,"[""20210730"",""900219""]",413-D,,cor:monetaryAmount,"{""d_cor_accountingEntries"":""1"",""d_cor_entryDetail"":""413-D"",""d_cor_entryHeader"":""[\""20210730\"",\""900219\""]""}"
54,3,2021-07,2021-07-30,900219,Synthetic demo monthly payroll bundle 900219,6010,Demo Statutory Welfare,117210,00,00,0,,,D02,Demo Administration,,,0,,,0,,,,,414,"[""20210730"",""900219""]",414-D,,cor:monetaryAmount,"{""d_cor_accountingEntries"":""1"",""d_cor_entryDetail"":""414-D"",""d_cor_entryHeader"":""[\""20210730\"",\""900219\""]""}"
54,4,2021-07,2021-07-30,900219,Synthetic demo monthly payroll bundle 900219,2110,Demo Payroll Withholding,178370,00,00,0,,,D02,Demo Administration,,,0,,,0,,,,,415,"[""20210730"",""900219""]",415-D,,cor:monetaryAmount,"{""d_cor_accountingEntries"":""1"",""d_cor_entryDetail"":""415-D"",""d_cor_entryHeader"":""[\""20210730\"",\""900219\""]""}"
55,1,2021-07,2021-07-30,900232,Synthetic demo operating cost bundle 900232,,,0,,,0,,,,,1110,Demo North Current Deposit,445020,00,00,0,B002,North Demo Bank,D03,Demo Operations,416,"[""20210730"",""900232""]",,416-C,cor:monetaryAmount,"{""d_cor_accountingEntries"":""1"",""d_cor_entryDetail"":""416-C"",""d_cor_entryHeader"":""[\""20210730\"",\""900232\""]""}"
55,2,2021-07,2021-07-30,900232,Synthetic demo operating cost bundle 900232,6030,Demo Utilities,244760,Q5,Q5,22251,S002,Demo Energy Services,D03,Demo Operations,,,0,,,0,,,,,416,"[""20210730"",""900232""]",416-D,,cor:monetaryAmount,"{""d_cor_accountingEntries"":""1"",""d_cor_entryDetail"":""416-D"",""d_cor_entryHeader"":""[\""20210730\"",\""900232\""]""}"
55,3,2021-07,2021-07-30,900232,Synthetic demo operating cost bundle 900232,6040,Demo Communication,80100,Q5,Q5,7282,S003,Demo Network Services,D03,Demo Operations,,,0,,,0,,,,,417,"[""20210730"",""900232""]",417-D,,cor:monetaryAmount,"{""d_cor_accountingEntries"":""1"",""d_cor_entryDetail"":""417-D"",""d_cor_entryHeader"":""[\""20210730\"",\""900232\""]""}"
55,4,2021-07,2021-07-30,900232,Synthetic demo operating cost bundle 900232,6060,Demo Office Supplies,120160,Q5,Q5,10924,V003,Demo Vendor Mosaic,D03,Demo Operations,,,0,,,0,,,,,418,"[""20210730"",""900232""]",418-D,,cor:monetaryAmount,"{""d_cor_accountingEntries"":""1"",""d_cor_entryDetail"":""418-D"",""d_cor_entryHeader"":""[\""20210730\"",\""900232\""]""}"
56,1,2021-07,2021-07-31,900185,Synthetic demo purchase on account 900185,,,0,,,0,,,,,2000,Demo Accounts Payable,252490,00,00,0,V001,Demo Vendor Keystone,D04,Demo Logistics,419,"[""20210731"",""900185""]",,419-C,cor:monetaryAmount,"{""d_cor_accountingEntries"":""1"",""d_cor_entryDetail"":""419-C"",""d_cor_entryHeader"":""[\""20210731\"",\""900185\""]""}"
56,2,2021-07,2021-07-31,900185,Synthetic demo purchase on account 900185,5020,Demo Inventory Adjustment,252490,Q5,Q5,22954,V006,Demo Vendor Prairie,D04,Demo Logistics,,,0,,,0,,,,,419,"[""20210731"",""900185""]",419-D,,cor:monetaryAmount,"{""d_cor_accountingEntries"":""1"",""d_cor_entryDetail"":""419-D"",""d_cor_entryHeader"":""[\""20210731\"",\""900185\""]""}"
57,1,2021-07,2021-07-31,900208,Synthetic demo operating expense 900208,,,0,,,0,,,,,1110,Demo North Current Deposit,124060,00,00,0,B002,North Demo Bank,D03,Demo Operations,420,"[""20210731"",""900208""]",,420-C,cor:monetaryAmount,"{""d_cor_accountingEntries"":""1"",""d_cor_entryDetail"":""420-C"",""d_cor_entryHeader"":""[\""20210731\"",\""900208\""]""}"
57,2,2021-07,2021-07-31,900208,Synthetic demo operating expense 900208,6120,Demo Professional Fees,124060,Q5,Q5,11278,V001,Demo Vendor Keystone,D03,Demo Operations,,,0,,,0,,,,,420,"[""20210731"",""900208""]",420-D,,cor:monetaryAmount,"{""d_cor_accountingEntries"":""1"",""d_cor_entryDetail"":""420-D"",""d_cor_entryHeader"":""[\""20210731\"",\""900208\""]""}"
58,1,2021-07,2021-07-31,900217,Synthetic demo vendor settlement 900217,,,0,,,0,,,,,1110,Demo North Current Deposit,99660,00,00,0,B002,North Demo Bank,D04,Demo Logistics,421,"[""20210731"",""900217""]",,421-C,cor:monetaryAmount,"{""d_cor_accountingEntries"":""1"",""d_cor_entryDetail"":""421-C"",""d_cor_entryHeader"":""[\""20210731\"",\""900217\""]""}"
58,2,2021-07,2021-07-31,900217,Synthetic demo vendor settlement 900217,2000,Demo Accounts Payable,99660,00,00,0,V001,Demo Vendor Keystone,D04,Demo Logistics,,,0,,,0,,,,,421,"[""20210731"",""900217""]",421-D,,cor:monetaryAmount,"{""d_cor_accountingEntries"":""1"",""d_cor_entryDetail"":""421-D"",""d_cor_entryHeader"":""[\""20210731\"",\""900217\""]""}"
59,1,2021-07,2021-07-31,900229,Synthetic demo multi-vendor settlement 900229,2000,Demo Accounts Payable,469810,00,00,0,V001,Demo Vendor Keystone,D01,Demo Sales,,,0,,,0,,,,,422,"[""20210731"",""900229""]",422-D,,cor:monetaryAmount,"{""d_cor_accountingEntries"":""1"",""d_cor_entryDetail"":""422-D"",""d_cor_entryHeader"":""[\""20210731\"",\""900229\""]""}"
59,2,2021-07,2021-07-31,900229,Synthetic demo multi-vendor settlement 900229,2100,Demo Accrued Payables,287950,00,00,0,V003,Demo Vendor Mosaic,D01,Demo Sales,,,0,,,0,,,,,423,"[""20210731"",""900229""]",423-D,,cor:monetaryAmount,"{""d_cor_accountingEntries"":""1"",""d_cor_entryDetail"":""423-D"",""d_cor_entryHeader"":""[\""20210731\"",\""900229\""]""}"
59,3,2021-07,2021-07-31,900229,Synthetic demo multi-vendor settlement 900229,,,0,,,0,,,,,1110,Demo North Current Deposit,409190,00,00,0,B002,North Demo Bank,D01,Demo Sales,424,"[""20210731"",""900229""]",,424-C,cor:monetaryAmount,"{""d_cor_accountingEntries"":""1"",""d_cor_entryDetail"":""424-C"",""d_cor_entryHeader"":""[\""20210731\"",\""900229\""]""}"
59,4,2021-07,2021-07-31,900229,Synthetic demo multi-vendor settlement 900229,,,0,,,0,,,,,1120,Demo Harbor Ordinary Deposit,348570,00,00,0,B003,Harbor Demo Bank,D01,Demo Sales,425,"[""20210731"",""900229""]",,425-C,cor:monetaryAmount,"{""d_cor_accountingEntries"":""1"",""d_cor_entryDetail"":""425-C"",""d_cor_entryHeader"":""[\""20210731\"",\""900229\""]""}"
1,1,2021-08,2021-08-01,900274,Synthetic demo customer receipt 900274,,,0,,,0,,,,,1200,Demo Accounts Receivable,417370,00,00,0,C001,Demo Customer Aurora,D01,Demo Sales,426,"[""20210801"",""900274""]",,426-C,cor:monetaryAmount,"{""d_cor_accountingEntries"":""1"",""d_cor_entryDetail"":""426-C"",""d_cor_entryHeader"":""[\""20210801\"",\""900274\""]""}"
1,2,2021-08,2021-08-01,900274,Synthetic demo customer receipt 900274,1110,Demo North Current Deposit,417370,00,00,0,B002,North Demo Bank,D01,Demo Sales,,,0,,,0,,,,,426,"[""20210801"",""900274""]",426-D,,cor:monetaryAmount,"{""d_cor_accountingEntries"":""1"",""d_cor_entryDetail"":""426-D"",""d_cor_entryHeader"":""[\""20210801\"",\""900274\""]""}"
2,1,2021-08,2021-08-02,900241,Synthetic demo multi-vendor settlement 900241,2000,Demo Accounts Payable,90560,00,00,0,V001,Demo Vendor Keystone,D01,Demo Sales,,,0,,,0,,,,,427,"[""20210802"",""900241""]",427-D,,cor:monetaryAmount,"{""d_cor_accountingEntries"":""1"",""d_cor_entryDetail"":""427-D"",""d_cor_entryHeader"":""[\""20210802\"",\""900241\""]""}"
2,2,2021-08,2021-08-02,900241,Synthetic demo multi-vendor settlement 900241,2100,Demo Accrued Payables,102140,00,00,0,V005,Demo Vendor Orchid,D01,Demo Sales,,,0,,,0,,,,,428,"[""20210802"",""900241""]",428-D,,cor:monetaryAmount,"{""d_cor_accountingEntries"":""1"",""d_cor_entryDetail"":""428-D"",""d_cor_entryHeader"":""[\""20210802\"",\""900241\""]""}"
2,3,2021-08,2021-08-02,900241,Synthetic demo multi-vendor settlement 900241,,,0,,,0,,,,,1110,Demo North Current Deposit,131030,00,00,0,B002,North Demo Bank,D01,Demo Sales,429,"[""20210802"",""900241""]",,429-C,cor:monetaryAmount,"{""d_cor_accountingEntries"":""1"",""d_cor_entryDetail"":""429-C"",""d_cor_entryHeader"":""[\""20210802\"",\""900241\""]""}"
2,4,2021-08,2021-08-02,900241,Synthetic demo multi-vendor settlement 900241,,,0,,,0,,,,,1120,Demo Harbor Ordinary Deposit,61670,00,00,0,B003,Harbor Demo Bank,D01,Demo Sales,430,"[""20210802"",""900241""]",,430-C,cor:monetaryAmount,"{""d_cor_accountingEntries"":""1"",""d_cor_entryDetail"":""430-C"",""d_cor_entryHeader"":""[\""20210802\"",\""900241\""]""}"
3,1,2021-08,2021-08-02,900250,Synthetic demo credit sale 900250,,,0,,,0,,,,,4010,Demo Service Revenue,366950,B5,B5,33359,C001,Demo Customer Aurora,D01,Demo Sales,431,"[""20210802"",""900250""]",,431-C,cor:monetaryAmount,"{""d_cor_accountingEntries"":""1"",""d_cor_entryDetail"":""431-C"",""d_cor_entryHeader"":""[\""20210802\"",\""900250\""]""}"
3,2,2021-08,2021-08-02,900250,Synthetic demo credit sale 900250,1200,Demo Accounts Receivable,366950,00,00,0,C001,Demo Customer Aurora,D01,Demo Sales,,,0,,,0,,,,,431,"[""20210802"",""900250""]",431-D,,cor:monetaryAmount,"{""d_cor_accountingEntries"":""1"",""d_cor_entryDetail"":""431-D"",""d_cor_entryHeader"":""[\""20210802\"",\""900250\""]""}"
4,1,2021-08,2021-08-02,900252,Synthetic demo credit sale 900252,,,0,,,0,,,,,4000,Demo Product Sales,583320,B5,B5,53029,C007,Demo Customer Grove,D01,Demo Sales,432,"[""20210802"",""900252""]",,432-C,cor:monetaryAmount,"{""d_cor_accountingEntries"":""1"",""d_cor_entryDetail"":""432-C"",""d_cor_entryHeader"":""[\""20210802\"",\""900252\""]""}"
4,2,2021-08,2021-08-02,900252,Synthetic demo credit sale 900252,1200,Demo Accounts Receivable,583320,00,00,0,C001,Demo Customer Aurora,D01,Demo Sales,,,0,,,0,,,,,432,"[""20210802"",""900252""]",432-D,,cor:monetaryAmount,"{""d_cor_accountingEntries"":""1"",""d_cor_entryDetail"":""432-D"",""d_cor_entryHeader"":""[\""20210802\"",\""900252\""]""}"
5,1,2021-08,2021-08-02,900269,Synthetic demo prepaid service 900269,,,0,,,0,,,,,1120,Demo Harbor Ordinary Deposit,192880,00,00,0,B003,Harbor Demo Bank,D05,Demo Digital Services,433,"[""20210802"",""900269""]",,433-C,cor:monetaryAmount,"{""d_cor_accountingEntries"":""1"",""d_cor_entryDetail"":""433-C"",""d_cor_entryHeader"":""[\""20210802\"",\""900269\""]""}"
5,2,2021-08,2021-08-02,900269,Synthetic demo prepaid service 900269,1400,Demo Prepaid Expenses,192880,00,00,0,S006,Demo Insurance Services,D05,Demo Digital Services,,,0,,,0,,,,,433,"[""20210802"",""900269""]",433-D,,cor:monetaryAmount,"{""d_cor_accountingEntries"":""1"",""d_cor_entryDetail"":""433-D"",""d_cor_entryHeader"":""[\""20210802\"",\""900269\""]""}"
6,1,2021-08,2021-08-04,900240,Synthetic demo credit sale 900240,,,0,,,0,,,,,4000,Demo Product Sales,378250,B5,B5,34386,C001,Demo Customer Aurora,D01,Demo Sales,434,"[""20210804"",""900240""]",,434-C,cor:monetaryAmount,"{""d_cor_accountingEntries"":""1"",""d_cor_entryDetail"":""434-C"",""d_cor_entryHeader"":""[\""20210804\"",\""900240\""]""}"
6,2,2021-08,2021-08-04,900240,Synthetic demo credit sale 900240,1200,Demo Accounts Receivable,378250,00,00,0,C001,Demo Customer Aurora,D01,Demo Sales,,,0,,,0,,,,,434,"[""20210804"",""900240""]",434-D,,cor:monetaryAmount,"{""d_cor_accountingEntries"":""1"",""d_cor_entryDetail"":""434-D"",""d_cor_entryHeader"":""[\""20210804\"",\""900240\""]""}"
7,1,2021-08,2021-08-04,900257,Synthetic demo financing settlement 900257,,,0,,,0,,,,,1120,Demo Harbor Ordinary Deposit,626720,00,00,0,B003,Harbor Demo Bank,D06,Demo Management,435,"[""20210804"",""900257""]",,435-C,cor:monetaryAmount,"{""d_cor_accountingEntries"":""1"",""d_cor_entryDetail"":""435-C"",""d_cor_entryHeader"":""[\""20210804\"",\""900257\""]""}"
7,2,2021-08,2021-08-04,900257,Synthetic demo financing settlement 900257,2200,Demo Short-term Loans,188010,00,00,0,,,D06,Demo Management,,,0,,,0,,,,,435,"[""20210804"",""900257""]",435-D,,cor:monetaryAmount,"{""d_cor_accountingEntries"":""1"",""d_cor_entryDetail"":""435-D"",""d_cor_entryHeader"":""[\""20210804\"",\""900257\""]""}"
7,3,2021-08,2021-08-04,900257,Synthetic demo financing settlement 900257,6070,Demo Bank Fees,238150,00,00,0,B003,Harbor Demo Bank,D06,Demo Management,,,0,,,0,,,,,436,"[""20210804"",""900257""]",436-D,,cor:monetaryAmount,"{""d_cor_accountingEntries"":""1"",""d_cor_entryDetail"":""436-D"",""d_cor_entryHeader"":""[\""20210804\"",\""900257\""]""}"
7,4,2021-08,2021-08-04,900257,Synthetic demo financing settlement 900257,7000,Demo Taxes and Dues,200560,P0,P0,0,,,D06,Demo Management,,,0,,,0,,,,,437,"[""20210804"",""900257""]",437-D,,cor:monetaryAmount,"{""d_cor_accountingEntries"":""1"",""d_cor_entryDetail"":""437-D"",""d_cor_entryHeader"":""[\""20210804\"",\""900257\""]""}"
8,1,2021-08,2021-08-04,900259,Synthetic demo prepaid service 900259,,,0,,,0,,,,,1110,Demo North Current Deposit,139150,00,00,0,B002,North Demo Bank,D05,Demo Digital Services,438,"[""20210804"",""900259""]",,438-C,cor:monetaryAmount,"{""d_cor_accountingEntries"":""1"",""d_cor_entryDetail"":""438-C"",""d_cor_entryHeader"":""[\""20210804\"",\""900259\""]""}"
8,2,2021-08,2021-08-04,900259,Synthetic demo prepaid service 900259,1400,Demo Prepaid Expenses,139150,00,00,0,S002,Demo Energy Services,D05,Demo Digital Services,,,0,,,0,,,,,438,"[""20210804"",""900259""]",438-D,,cor:monetaryAmount,"{""d_cor_accountingEntries"":""1"",""d_cor_entryDetail"":""438-D"",""d_cor_entryHeader"":""[\""20210804\"",\""900259\""]""}"
9,1,2021-08,2021-08-04,900277,Synthetic demo vendor settlement 900277,,,0,,,0,,,,,1110,Demo North Current Deposit,34910,00,00,0,B002,North Demo Bank,D04,Demo Logistics,439,"[""20210804"",""900277""]",,439-C,cor:monetaryAmount,"{""d_cor_accountingEntries"":""1"",""d_cor_entryDetail"":""439-C"",""d_cor_entryHeader"":""[\""20210804\"",\""900277\""]""}"
9,2,2021-08,2021-08-04,900277,Synthetic demo vendor settlement 900277,2000,Demo Accounts Payable,34910,00,00,0,V001,Demo Vendor Keystone,D04,Demo Logistics,,,0,,,0,,,,,439,"[""20210804"",""900277""]",439-D,,cor:monetaryAmount,"{""d_cor_accountingEntries"":""1"",""d_cor_entryDetail"":""439-D"",""d_cor_entryHeader"":""[\""20210804\"",\""900277\""]""}"
10,1,2021-08,2021-08-05,900273,Synthetic demo multi-vendor settlement 900273,2000,Demo Accounts Payable,184040,00,00,0,V001,Demo Vendor Keystone,D01,Demo Sales,,,0,,,0,,,,,440,"[""20210805"",""900273""]",440-D,,cor:monetaryAmount,"{""d_cor_accountingEntries"":""1"",""d_cor_entryDetail"":""440-D"",""d_cor_entryHeader"":""[\""20210805\"",\""900273\""]""}"
10,2,2021-08,2021-08-05,900273,Synthetic demo multi-vendor settlement 900273,2100,Demo Accrued Payables,40400,00,00,0,V007,Demo Vendor Quartz,D01,Demo Sales,,,0,,,0,,,,,441,"[""20210805"",""900273""]",441-D,,cor:monetaryAmount,"{""d_cor_accountingEntries"":""1"",""d_cor_entryDetail"":""441-D"",""d_cor_entryHeader"":""[\""20210805\"",\""900273\""]""}"
10,3,2021-08,2021-08-05,900273,Synthetic demo multi-vendor settlement 900273,,,0,,,0,,,,,1100,Demo Central Ordinary Deposit,141390,00,00,0,B001,Demo Central Bank,D01,Demo Sales,442,"[""20210805"",""900273""]",,442-C,cor:monetaryAmount,"{""d_cor_accountingEntries"":""1"",""d_cor_entryDetail"":""442-C"",""d_cor_entryHeader"":""[\""20210805\"",\""900273\""]""}"
10,4,2021-08,2021-08-05,900273,Synthetic demo multi-vendor settlement 900273,,,0,,,0,,,,,1110,Demo North Current Deposit,83050,00,00,0,B002,North Demo Bank,D01,Demo Sales,443,"[""20210805"",""900273""]",,443-C,cor:monetaryAmount,"{""d_cor_accountingEntries"":""1"",""d_cor_entryDetail"":""443-C"",""d_cor_entryHeader"":""[\""20210805\"",\""900273\""]""}"
11,1,2021-08,2021-08-06,900255,Synthetic demo purchase on account 900255,,,0,,,0,,,,,2000,Demo Accounts Payable,149650,00,00,0,V001,Demo Vendor Keystone,D04,Demo Logistics,444,"[""20210806"",""900255""]",,444-C,cor:monetaryAmount,"{""d_cor_accountingEntries"":""1"",""d_cor_entryDetail"":""444-C"",""d_cor_entryHeader"":""[\""20210806\"",\""900255\""]""}"
11,2,2021-08,2021-08-06,900255,Synthetic demo purchase on account 900255,5000,Demo Purchases,149650,Q5,Q5,13605,V006,Demo Vendor Prairie,D04,Demo Logistics,,,0,,,0,,,,,444,"[""20210806"",""900255""]",444-D,,cor:monetaryAmount,"{""d_cor_accountingEntries"":""1"",""d_cor_entryDetail"":""444-D"",""d_cor_entryHeader"":""[\""20210806\"",\""900255\""]""}"
12,1,2021-08,2021-08-06,900270,Synthetic demo monthly payroll bundle 900270,,,0,,,0,,,,,1100,Demo Central Ordinary Deposit,569590,00,00,0,B001,Demo Central Bank,D02,Demo Administration,445,"[""20210806"",""900270""]",,445-C,cor:monetaryAmount,"{""d_cor_accountingEntries"":""1"",""d_cor_entryDetail"":""445-C"",""d_cor_entryHeader"":""[\""20210806\"",\""900270\""]""}"
12,2,2021-08,2021-08-06,900270,Synthetic demo monthly payroll bundle 900270,6000,Demo Salaries,244920,00,00,0,,,D02,Demo Administration,,,0,,,0,,,,,445,"[""20210806"",""900270""]",445-D,,cor:monetaryAmount,"{""d_cor_accountingEntries"":""1"",""d_cor_entryDetail"":""445-D"",""d_cor_entryHeader"":""[\""20210806\"",\""900270\""]""}"
12,3,2021-08,2021-08-06,900270,Synthetic demo monthly payroll bundle 900270,6010,Demo Statutory Welfare,11390,00,00,0,,,D02,Demo Administration,,,0,,,0,,,,,446,"[""20210806"",""900270""]",446-D,,cor:monetaryAmount,"{""d_cor_accountingEntries"":""1"",""d_cor_entryDetail"":""446-D"",""d_cor_entryHeader"":""[\""20210806\"",\""900270\""]""}"
12,4,2021-08,2021-08-06,900270,Synthetic demo monthly payroll bundle 900270,2110,Demo Payroll Withholding,313280,00,00,0,,,D02,Demo Administration,,,0,,,0,,,,,447,"[""20210806"",""900270""]",447-D,,cor:monetaryAmount,"{""d_cor_accountingEntries"":""1"",""d_cor_entryDetail"":""447-D"",""d_cor_entryHeader"":""[\""20210806\"",\""900270\""]""}"
13,1,2021-08,2021-08-07,900279,Synthetic demo monthly payroll bundle 900279,,,0,,,0,,,,,1100,Demo Central Ordinary Deposit,700610,00,00,0,B001,Demo Central Bank,D02,Demo Administration,448,"[""20210807"",""900279""]",,448-C,cor:monetaryAmount,"{""d_cor_accountingEntries"":""1"",""d_cor_entryDetail"":""448-C"",""d_cor_entryHeader"":""[\""20210807\"",\""900279\""]""}"
13,2,2021-08,2021-08-07,900279,Synthetic demo monthly payroll bundle 900279,6000,Demo Salaries,112090,00,00,0,,,D02,Demo Administration,,,0,,,0,,,,,448,"[""20210807"",""900279""]",448-D,,cor:monetaryAmount,"{""d_cor_accountingEntries"":""1"",""d_cor_entryDetail"":""448-D"",""d_cor_entryHeader"":""[\""20210807\"",\""900279\""]""}"
13,3,2021-08,2021-08-07,900279,Synthetic demo monthly payroll bundle 900279,6010,Demo Statutory Welfare,245210,00,00,0,,,D02,Demo Administration,,,0,,,0,,,,,449,"[""20210807"",""900279""]",449-D,,cor:monetaryAmount,"{""d_cor_accountingEntries"":""1"",""d_cor_entryDetail"":""449-D"",""d_cor_entryHeader"":""[\""20210807\"",\""900279\""]""}"
13,4,2021-08,2021-08-07,900279,Synthetic demo monthly payroll bundle 900279,2110,Demo Payroll Withholding,343310,00,00,0,,,D02,Demo Administration,,,0,,,0,,,,,450,"[""20210807"",""900279""]",450-D,,cor:monetaryAmount,"{""d_cor_accountingEntries"":""1"",""d_cor_entryDetail"":""450-D"",""d_cor_entryHeader"":""[\""20210807\"",\""900279\""]""}"
14,1,2021-08,2021-08-08,900245,Synthetic demo purchase on account 900245,,,0,,,0,,,,,2000,Demo Accounts Payable,189000,00,00,0,V001,Demo Vendor Keystone,D04,Demo Logistics,451,"[""20210808"",""900245""]",,451-C,cor:monetaryAmount,"{""d_cor_accountingEntries"":""1"",""d_cor_entryDetail"":""451-C"",""d_cor_entryHeader"":""[\""20210808\"",\""900245\""]""}"
14,2,2021-08,2021-08-08,900245,Synthetic demo purchase on account 900245,5020,Demo Inventory Adjustment,189000,Q5,Q5,17182,V006,Demo Vendor Prairie,D04,Demo Logistics,,,0,,,0,,,,,451,"[""20210808"",""900245""]",451-D,,cor:monetaryAmount,"{""d_cor_accountingEntries"":""1"",""d_cor_entryDetail"":""451-D"",""d_cor_entryHeader"":""[\""20210808\"",\""900245\""]""}"
15,1,2021-08,2021-08-09,900264,Synthetic demo monthly payroll bundle 900264,,,0,,,0,,,,,1100,Demo Central Ordinary Deposit,418120,00,00,0,B001,Demo Central Bank,D02,Demo Administration,452,"[""20210809"",""900264""]",,452-C,cor:monetaryAmount,"{""d_cor_accountingEntries"":""1"",""d_cor_entryDetail"":""452-C"",""d_cor_entryHeader"":""[\""20210809\"",\""900264\""]""}"
15,2,2021-08,2021-08-09,900264,Synthetic demo monthly payroll bundle 900264,6000,Demo Salaries,62710,00,00,0,,,D02,Demo Administration,,,0,,,0,,,,,452,"[""20210809"",""900264""]",452-D,,cor:monetaryAmount,"{""d_cor_accountingEntries"":""1"",""d_cor_entryDetail"":""452-D"",""d_cor_entryHeader"":""[\""20210809\"",\""900264\""]""}"
15,3,2021-08,2021-08-09,900264,Synthetic demo monthly payroll bundle 900264,6010,Demo Statutory Welfare,121250,00,00,0,,,D02,Demo Administration,,,0,,,0,,,,,453,"[""20210809"",""900264""]",453-D,,cor:monetaryAmount,"{""d_cor_accountingEntries"":""1"",""d_cor_entryDetail"":""453-D"",""d_cor_entryHeader"":""[\""20210809\"",\""900264\""]""}"
15,4,2021-08,2021-08-09,900264,Synthetic demo monthly payroll bundle 900264,2110,Demo Payroll Withholding,234160,00,00,0,,,D02,Demo Administration,,,0,,,0,,,,,454,"[""20210809"",""900264""]",454-D,,cor:monetaryAmount,"{""d_cor_accountingEntries"":""1"",""d_cor_entryDetail"":""454-D"",""d_cor_entryHeader"":""[\""20210809\"",\""900264\""]""}"
16,1,2021-08,2021-08-09,900280,Synthetic demo credit sale 900280,,,0,,,0,,,,,4010,Demo Service Revenue,532330,B5,B5,48394,C001,Demo Customer Aurora,D01,Demo Sales,455,"[""20210809"",""900280""]",,455-C,cor:monetaryAmount,"{""d_cor_accountingEntries"":""1"",""d_cor_entryDetail"":""455-C"",""d_cor_entryHeader"":""[\""20210809\"",\""900280\""]""}"
16,2,2021-08,2021-08-09,900280,Synthetic demo credit sale 900280,1200,Demo Accounts Receivable,532330,00,00,0,C001,Demo Customer Aurora,D01,Demo Sales,,,0,,,0,,,,,455,"[""20210809"",""900280""]",455-D,,cor:monetaryAmount,"{""d_cor_accountingEntries"":""1"",""d_cor_entryDetail"":""455-D"",""d_cor_entryHeader"":""[\""20210809\"",\""900280\""]""}"
17,1,2021-08,2021-08-11,900291,Synthetic demo monthly payroll bundle 900291,,,0,,,0,,,,,1100,Demo Central Ordinary Deposit,197380,00,00,0,B001,Demo Central Bank,D02,Demo Administration,456,"[""20210811"",""900291""]",,456-C,cor:monetaryAmount,"{""d_cor_accountingEntries"":""1"",""d_cor_entryDetail"":""456-C"",""d_cor_entryHeader"":""[\""20210811\"",\""900291\""]""}"
17,2,2021-08,2021-08-11,900291,Synthetic demo monthly payroll bundle 900291,6000,Demo Salaries,96710,00,00,0,,,D02,Demo Administration,,,0,,,0,,,,,456,"[""20210811"",""900291""]",456-D,,cor:monetaryAmount,"{""d_cor_accountingEntries"":""1"",""d_cor_entryDetail"":""456-D"",""d_cor_entryHeader"":""[\""20210811\"",\""900291\""]""}"
17,3,2021-08,2021-08-11,900291,Synthetic demo monthly payroll bundle 900291,6010,Demo Statutory Welfare,59210,00,00,0,,,D02,Demo Administration,,,0,,,0,,,,,457,"[""20210811"",""900291""]",457-D,,cor:monetaryAmount,"{""d_cor_accountingEntries"":""1"",""d_cor_entryDetail"":""457-D"",""d_cor_entryHeader"":""[\""20210811\"",\""900291\""]""}"
17,4,2021-08,2021-08-11,900291,Synthetic demo monthly payroll bundle 900291,2110,Demo Payroll Withholding,41460,00,00,0,,,D02,Demo Administration,,,0,,,0,,,,,458,"[""20210811"",""900291""]",458-D,,cor:monetaryAmount,"{""d_cor_accountingEntries"":""1"",""d_cor_entryDetail"":""458-D"",""d_cor_entryHeader"":""[\""20210811\"",\""900291\""]""}"
18,1,2021-08,2021-08-11,900292,Synthetic demo credit sale 900292,,,0,,,0,,,,,4010,Demo Service Revenue,282820,B5,B5,25711,C007,Demo Customer Grove,D01,Demo Sales,459,"[""20210811"",""900292""]",,459-C,cor:monetaryAmount,"{""d_cor_accountingEntries"":""1"",""d_cor_entryDetail"":""459-C"",""d_cor_entryHeader"":""[\""20210811\"",\""900292\""]""}"
18,2,2021-08,2021-08-11,900292,Synthetic demo credit sale 900292,1200,Demo Accounts Receivable,282820,00,00,0,C001,Demo Customer Aurora,D01,Demo Sales,,,0,,,0,,,,,459,"[""20210811"",""900292""]",459-D,,cor:monetaryAmount,"{""d_cor_accountingEntries"":""1"",""d_cor_entryDetail"":""459-D"",""d_cor_entryHeader"":""[\""20210811\"",\""900292\""]""}"
19,1,2021-08,2021-08-12,900249,Synthetic demo prepaid service 900249,,,0,,,0,,,,,1100,Demo Central Ordinary Deposit,172120,00,00,0,B001,Demo Central Bank,D05,Demo Digital Services,460,"[""20210812"",""900249""]",,460-C,cor:monetaryAmount,"{""d_cor_accountingEntries"":""1"",""d_cor_entryDetail"":""460-C"",""d_cor_entryHeader"":""[\""20210812\"",\""900249\""]""}"
19,2,2021-08,2021-08-12,900249,Synthetic demo prepaid service 900249,1400,Demo Prepaid Expenses,172120,00,00,0,S004,Demo Logistics Services,D05,Demo Digital Services,,,0,,,0,,,,,460,"[""20210812"",""900249""]",460-D,,cor:monetaryAmount,"{""d_cor_accountingEntries"":""1"",""d_cor_entryDetail"":""460-D"",""d_cor_entryHeader"":""[\""20210812\"",\""900249\""]""}"
20,1,2021-08,2021-08-12,900287,Synthetic demo multi-vendor settlement 900287,2000,Demo Accounts Payable,262520,00,00,0,V001,Demo Vendor Keystone,D01,Demo Sales,,,0,,,0,,,,,461,"[""20210812"",""900287""]",461-D,,cor:monetaryAmount,"{""d_cor_accountingEntries"":""1"",""d_cor_entryDetail"":""461-D"",""d_cor_entryHeader"":""[\""20210812\"",\""900287\""]""}"
20,2,2021-08,2021-08-12,900287,Synthetic demo multi-vendor settlement 900287,2100,Demo Accrued Payables,447020,00,00,0,V001,Demo Vendor Keystone,D01,Demo Sales,,,0,,,0,,,,,462,"[""20210812"",""900287""]",462-D,,cor:monetaryAmount,"{""d_cor_accountingEntries"":""1"",""d_cor_entryDetail"":""462-D"",""d_cor_entryHeader"":""[\""20210812\"",\""900287\""]""}"
20,3,2021-08,2021-08-12,900287,Synthetic demo multi-vendor settlement 900287,,,0,,,0,,,,,1120,Demo Harbor Ordinary Deposit,546340,00,00,0,B003,Harbor Demo Bank,D01,Demo Sales,463,"[""20210812"",""900287""]",,463-C,cor:monetaryAmount,"{""d_cor_accountingEntries"":""1"",""d_cor_entryDetail"":""463-C"",""d_cor_entryHeader"":""[\""20210812\"",\""900287\""]""}"
20,4,2021-08,2021-08-12,900287,Synthetic demo multi-vendor settlement 900287,,,0,,,0,,,,,1100,Demo Central Ordinary Deposit,163200,00,00,0,B001,Demo Central Bank,D01,Demo Sales,464,"[""20210812"",""900287""]",,464-C,cor:monetaryAmount,"{""d_cor_accountingEntries"":""1"",""d_cor_entryDetail"":""464-C"",""d_cor_entryHeader"":""[\""20210812\"",\""900287\""]""}"
21,1,2021-08,2021-08-13,900253,Synthetic demo customer receipt 900253,,,0,,,0,,,,,1200,Demo Accounts Receivable,179710,00,00,0,C001,Demo Customer Aurora,D01,Demo Sales,465,"[""20210813"",""900253""]",,465-C,cor:monetaryAmount,"{""d_cor_accountingEntries"":""1"",""d_cor_entryDetail"":""465-C"",""d_cor_entryHeader"":""[\""20210813\"",\""900253\""]""}"
21,2,2021-08,2021-08-13,900253,Synthetic demo customer receipt 900253,1110,Demo North Current Deposit,179710,00,00,0,B002,North Demo Bank,D01,Demo Sales,,,0,,,0,,,,,465,"[""20210813"",""900253""]",465-D,,cor:monetaryAmount,"{""d_cor_accountingEntries"":""1"",""d_cor_entryDetail"":""465-D"",""d_cor_entryHeader"":""[\""20210813\"",\""900253\""]""}"
22,1,2021-08,2021-08-13,900278,Synthetic demo operating expense 900278,,,0,,,0,,,,,1120,Demo Harbor Ordinary Deposit,103020,00,00,0,B003,Harbor Demo Bank,D05,Demo Digital Services,466,"[""20210813"",""900278""]",,466-C,cor:monetaryAmount,"{""d_cor_accountingEntries"":""1"",""d_cor_entryDetail"":""466-C"",""d_cor_entryHeader"":""[\""20210813\"",\""900278\""]""}"
22,2,2021-08,2021-08-13,900278,Synthetic demo operating expense 900278,6100,Demo Repairs,103020,Q5,Q5,9365,V001,Demo Vendor Keystone,D05,Demo Digital Services,,,0,,,0,,,,,466,"[""20210813"",""900278""]",466-D,,cor:monetaryAmount,"{""d_cor_accountingEntries"":""1"",""d_cor_entryDetail"":""466-D"",""d_cor_entryHeader"":""[\""20210813\"",\""900278\""]""}"
23,1,2021-08,2021-08-13,900283,Synthetic demo customer receipt 900283,,,0,,,0,,,,,1200,Demo Accounts Receivable,237520,00,00,0,C001,Demo Customer Aurora,D01,Demo Sales,467,"[""20210813"",""900283""]",,467-C,cor:monetaryAmount,"{""d_cor_accountingEntries"":""1"",""d_cor_entryDetail"":""467-C"",""d_cor_entryHeader"":""[\""20210813\"",\""900283\""]""}"
23,2,2021-08,2021-08-13,900283,Synthetic demo customer receipt 900283,1110,Demo North Current Deposit,237520,00,00,0,B002,North Demo Bank,D01,Demo Sales,,,0,,,0,,,,,467,"[""20210813"",""900283""]",467-D,,cor:monetaryAmount,"{""d_cor_accountingEntries"":""1"",""d_cor_entryDetail"":""467-D"",""d_cor_entryHeader"":""[\""20210813\"",\""900283\""]""}"
24,1,2021-08,2021-08-13,900294,Synthetic demo mixed sales and receipt 900294,1100,Demo Central Ordinary Deposit,555460,00,00,0,B001,Demo Central Bank,D01,Demo Sales,,,0,,,0,,,,,468,"[""20210813"",""900294""]",468-D,,cor:monetaryAmount,"{""d_cor_accountingEntries"":""1"",""d_cor_entryDetail"":""468-D"",""d_cor_entryHeader"":""[\""20210813\"",\""900294\""]""}"
24,2,2021-08,2021-08-13,900294,Synthetic demo mixed sales and receipt 900294,1200,Demo Accounts Receivable,130300,00,00,0,C001,Demo Customer Aurora,D01,Demo Sales,,,0,,,0,,,,,469,"[""20210813"",""900294""]",469-D,,cor:monetaryAmount,"{""d_cor_accountingEntries"":""1"",""d_cor_entryDetail"":""469-D"",""d_cor_entryHeader"":""[\""20210813\"",\""900294\""]""}"
24,3,2021-08,2021-08-13,900294,Synthetic demo mixed sales and receipt 900294,,,0,,,0,,,,,4000,Demo Product Sales,205720,R5,R5,15239,C006,Demo Customer Fjord,D01,Demo Sales,470,"[""20210813"",""900294""]",,470-C,cor:monetaryAmount,"{""d_cor_accountingEntries"":""1"",""d_cor_entryDetail"":""470-C"",""d_cor_entryHeader"":""[\""20210813\"",\""900294\""]""}"
24,4,2021-08,2021-08-13,900294,Synthetic demo mixed sales and receipt 900294,,,0,,,0,,,,,4010,Demo Service Revenue,480040,B5,B5,43640,C007,Demo Customer Grove,D01,Demo Sales,471,"[""20210813"",""900294""]",,471-C,cor:monetaryAmount,"{""d_cor_accountingEntries"":""1"",""d_cor_entryDetail"":""471-C"",""d_cor_entryHeader"":""[\""20210813\"",\""900294\""]""}"
25,1,2021-08,2021-08-14,900272,Synthetic demo credit sale 900272,,,0,,,0,,,,,4020,Demo Other Operating Revenue,284960,B5,B5,25905,C007,Demo Customer Grove,D01,Demo Sales,472,"[""20210814"",""900272""]",,472-C,cor:monetaryAmount,"{""d_cor_accountingEntries"":""1"",""d_cor_entryDetail"":""472-C"",""d_cor_entryHeader"":""[\""20210814\"",\""900272\""]""}"
25,2,2021-08,2021-08-14,900272,Synthetic demo credit sale 900272,1200,Demo Accounts Receivable,284960,00,00,0,C001,Demo Customer Aurora,D01,Demo Sales,,,0,,,0,,,,,472,"[""20210814"",""900272""]",472-D,,cor:monetaryAmount,"{""d_cor_accountingEntries"":""1"",""d_cor_entryDetail"":""472-D"",""d_cor_entryHeader"":""[\""20210814\"",\""900272\""]""}"
26,1,2021-08,2021-08-15,900238,Synthetic demo operating cost bundle 900238,,,0,,,0,,,,,1110,Demo North Current Deposit,229780,00,00,0,B002,North Demo Bank,D03,Demo Operations,473,"[""20210815"",""900238""]",,473-C,cor:monetaryAmount,"{""d_cor_accountingEntries"":""1"",""d_cor_entryDetail"":""473-C"",""d_cor_entryHeader"":""[\""20210815\"",\""900238\""]""}"
26,2,2021-08,2021-08-15,900238,Synthetic demo operating cost bundle 900238,6030,Demo Utilities,179220,Q5,Q5,16293,S002,Demo Energy Services,D03,Demo Operations,,,0,,,0,,,,,473,"[""20210815"",""900238""]",473-D,,cor:monetaryAmount,"{""d_cor_accountingEntries"":""1"",""d_cor_entryDetail"":""473-D"",""d_cor_entryHeader"":""[\""20210815\"",\""900238\""]""}"
26,3,2021-08,2021-08-15,900238,Synthetic demo operating cost bundle 900238,6040,Demo Communication,13780,Q5,Q5,1253,S003,Demo Network Services,D03,Demo Operations,,,0,,,0,,,,,474,"[""20210815"",""900238""]",474-D,,cor:monetaryAmount,"{""d_cor_accountingEntries"":""1"",""d_cor_entryDetail"":""474-D"",""d_cor_entryHeader"":""[\""20210815\"",\""900238\""]""}"
26,4,2021-08,2021-08-15,900238,Synthetic demo operating cost bundle 900238,6060,Demo Office Supplies,36780,Q5,Q5,3344,V009,Demo Vendor Summit,D03,Demo Operations,,,0,,,0,,,,,475,"[""20210815"",""900238""]",475-D,,cor:monetaryAmount,"{""d_cor_accountingEntries"":""1"",""d_cor_entryDetail"":""475-D"",""d_cor_entryHeader"":""[\""20210815\"",\""900238\""]""}"
27,1,2021-08,2021-08-15,900248,Synthetic demo mixed sales and receipt 900248,1120,Demo Harbor Ordinary Deposit,393100,00,00,0,B003,Harbor Demo Bank,D01,Demo Sales,,,0,,,0,,,,,476,"[""20210815"",""900248""]",476-D,,cor:monetaryAmount,"{""d_cor_accountingEntries"":""1"",""d_cor_entryDetail"":""476-D"",""d_cor_entryHeader"":""[\""20210815\"",\""900248\""]""}"
27,2,2021-08,2021-08-15,900248,Synthetic demo mixed sales and receipt 900248,1200,Demo Accounts Receivable,104500,00,00,0,C001,Demo Customer Aurora,D01,Demo Sales,,,0,,,0,,,,,477,"[""20210815"",""900248""]",477-D,,cor:monetaryAmount,"{""d_cor_accountingEntries"":""1"",""d_cor_entryDetail"":""477-D"",""d_cor_entryHeader"":""[\""20210815\"",\""900248\""]""}"
27,3,2021-08,2021-08-15,900248,Synthetic demo mixed sales and receipt 900248,,,0,,,0,,,,,4000,Demo Product Sales,144300,B5,B5,13118,C010,Demo Customer Juniper,D01,Demo Sales,478,"[""20210815"",""900248""]",,478-C,cor:monetaryAmount,"{""d_cor_accountingEntries"":""1"",""d_cor_entryDetail"":""478-C"",""d_cor_entryHeader"":""[\""20210815\"",\""900248\""]""}"
27,4,2021-08,2021-08-15,900248,Synthetic demo mixed sales and receipt 900248,,,0,,,0,,,,,4010,Demo Service Revenue,353300,B5,B5,32118,C001,Demo Customer Aurora,D01,Demo Sales,479,"[""20210815"",""900248""]",,479-C,cor:monetaryAmount,"{""d_cor_accountingEntries"":""1"",""d_cor_entryDetail"":""479-C"",""d_cor_entryHeader"":""[\""20210815\"",\""900248\""]""}"
28,1,2021-08,2021-08-15,900254,Synthetic demo mixed sales and receipt 900254,1120,Demo Harbor Ordinary Deposit,343440,00,00,0,B003,Harbor Demo Bank,D01,Demo Sales,,,0,,,0,,,,,480,"[""20210815"",""900254""]",480-D,,cor:monetaryAmount,"{""d_cor_accountingEntries"":""1"",""d_cor_entryDetail"":""480-D"",""d_cor_entryHeader"":""[\""20210815\"",\""900254\""]""}"
28,2,2021-08,2021-08-15,900254,Synthetic demo mixed sales and receipt 900254,1200,Demo Accounts Receivable,85870,00,00,0,C001,Demo Customer Aurora,D01,Demo Sales,,,0,,,0,,,,,481,"[""20210815"",""900254""]",481-D,,cor:monetaryAmount,"{""d_cor_accountingEntries"":""1"",""d_cor_entryDetail"":""481-D"",""d_cor_entryHeader"":""[\""20210815\"",\""900254\""]""}"
28,3,2021-08,2021-08-15,900254,Synthetic demo mixed sales and receipt 900254,,,0,,,0,,,,,4000,Demo Product Sales,141670,B5,B5,12879,C006,Demo Customer Fjord,D01,Demo Sales,482,"[""20210815"",""900254""]",,482-C,cor:monetaryAmount,"{""d_cor_accountingEntries"":""1"",""d_cor_entryDetail"":""482-C"",""d_cor_entryHeader"":""[\""20210815\"",\""900254\""]""}"
28,4,2021-08,2021-08-15,900254,Synthetic demo mixed sales and receipt 900254,,,0,,,0,,,,,4010,Demo Service Revenue,287640,B5,B5,26149,C007,Demo Customer Grove,D01,Demo Sales,483,"[""20210815"",""900254""]",,483-C,cor:monetaryAmount,"{""d_cor_accountingEntries"":""1"",""d_cor_entryDetail"":""483-C"",""d_cor_entryHeader"":""[\""20210815\"",\""900254\""]""}"
29,1,2021-08,2021-08-15,900261,Synthetic demo credit sale 900261,,,0,,,0,,,,,4000,Demo Product Sales,268900,B5,B5,24445,C004,Demo Customer Dawn,D01,Demo Sales,484,"[""20210815"",""900261""]",,484-C,cor:monetaryAmount,"{""d_cor_accountingEntries"":""1"",""d_cor_entryDetail"":""484-C"",""d_cor_entryHeader"":""[\""20210815\"",\""900261\""]""}"
29,2,2021-08,2021-08-15,900261,Synthetic demo credit sale 900261,1200,Demo Accounts Receivable,268900,00,00,0,C001,Demo Customer Aurora,D01,Demo Sales,,,0,,,0,,,,,484,"[""20210815"",""900261""]",484-D,,cor:monetaryAmount,"{""d_cor_accountingEntries"":""1"",""d_cor_entryDetail"":""484-D"",""d_cor_entryHeader"":""[\""20210815\"",\""900261\""]""}"
30,1,2021-08,2021-08-16,900260,Synthetic demo mixed sales and receipt 900260,1120,Demo Harbor Ordinary Deposit,53760,00,00,0,B003,Harbor Demo Bank,D01,Demo Sales,,,0,,,0,,,,,485,"[""20210816"",""900260""]",485-D,,cor:monetaryAmount,"{""d_cor_accountingEntries"":""1"",""d_cor_entryDetail"":""485-D"",""d_cor_entryHeader"":""[\""20210816\"",\""900260\""]""}"
30,2,2021-08,2021-08-16,900260,Synthetic demo mixed sales and receipt 900260,1200,Demo Accounts Receivable,109160,00,00,0,C001,Demo Customer Aurora,D01,Demo Sales,,,0,,,0,,,,,486,"[""20210816"",""900260""]",486-D,,cor:monetaryAmount,"{""d_cor_accountingEntries"":""1"",""d_cor_entryDetail"":""486-D"",""d_cor_entryHeader"":""[\""20210816\"",\""900260\""]""}"
30,3,2021-08,2021-08-16,900260,Synthetic demo mixed sales and receipt 900260,,,0,,,0,,,,,4000,Demo Product Sales,26060,B5,B5,2369,C002,Demo Customer Birch,D01,Demo Sales,487,"[""20210816"",""900260""]",,487-C,cor:monetaryAmount,"{""d_cor_accountingEntries"":""1"",""d_cor_entryDetail"":""487-C"",""d_cor_entryHeader"":""[\""20210816\"",\""900260\""]""}"
30,4,2021-08,2021-08-16,900260,Synthetic demo mixed sales and receipt 900260,,,0,,,0,,,,,4010,Demo Service Revenue,136860,B5,B5,12442,C003,Demo Customer Cobalt,D01,Demo Sales,488,"[""20210816"",""900260""]",,488-C,cor:monetaryAmount,"{""d_cor_accountingEntries"":""1"",""d_cor_entryDetail"":""488-C"",""d_cor_entryHeader"":""[\""20210816\"",\""900260\""]""}"
31,1,2021-08,2021-08-16,900282,Synthetic demo credit sale 900282,,,0,,,0,,,,,4000,Demo Product Sales,146210,B5,B5,13292,C007,Demo Customer Grove,D01,Demo Sales,489,"[""20210816"",""900282""]",,489-C,cor:monetaryAmount,"{""d_cor_accountingEntries"":""1"",""d_cor_entryDetail"":""489-C"",""d_cor_entryHeader"":""[\""20210816\"",\""900282\""]""}"
31,2,2021-08,2021-08-16,900282,Synthetic demo credit sale 900282,1200,Demo Accounts Receivable,146210,00,00,0,C001,Demo Customer Aurora,D01,Demo Sales,,,0,,,0,,,,,489,"[""20210816"",""900282""]",489-D,,cor:monetaryAmount,"{""d_cor_accountingEntries"":""1"",""d_cor_entryDetail"":""489-D"",""d_cor_entryHeader"":""[\""20210816\"",\""900282\""]""}"
32,1,2021-08,2021-08-17,900239,Synthetic demo prepaid service 900239,,,0,,,0,,,,,1120,Demo Harbor Ordinary Deposit,208130,00,00,0,B003,Harbor Demo Bank,D05,Demo Digital Services,490,"[""20210817"",""900239""]",,490-C,cor:monetaryAmount,"{""d_cor_accountingEntries"":""1"",""d_cor_entryDetail"":""490-C"",""d_cor_entryHeader"":""[\""20210817\"",\""900239\""]""}"
32,2,2021-08,2021-08-17,900239,Synthetic demo prepaid service 900239,1400,Demo Prepaid Expenses,208130,00,00,0,S006,Demo Insurance Services,D05,Demo Digital Services,,,0,,,0,,,,,490,"[""20210817"",""900239""]",490-D,,cor:monetaryAmount,"{""d_cor_accountingEntries"":""1"",""d_cor_entryDetail"":""490-D"",""d_cor_entryHeader"":""[\""20210817\"",\""900239\""]""}"
33,1,2021-08,2021-08-17,900271,Synthetic demo credit sale 900271,,,0,,,0,,,,,4010,Demo Service Revenue,316370,B5,B5,28761,C004,Demo Customer Dawn,D01,Demo Sales,491,"[""20210817"",""900271""]",,491-C,cor:monetaryAmount,"{""d_cor_accountingEntries"":""1"",""d_cor_entryDetail"":""491-C"",""d_cor_entryHeader"":""[\""20210817\"",\""900271\""]""}"
33,2,2021-08,2021-08-17,900271,Synthetic demo credit sale 900271,1200,Demo Accounts Receivable,316370,00,00,0,C001,Demo Customer Aurora,D01,Demo Sales,,,0,,,0,,,,,491,"[""20210817"",""900271""]",491-D,,cor:monetaryAmount,"{""d_cor_accountingEntries"":""1"",""d_cor_entryDetail"":""491-D"",""d_cor_entryHeader"":""[\""20210817\"",\""900271\""]""}"
34,1,2021-08,2021-08-17,900284,Synthetic demo customer receipt 900284,,,0,,,0,,,,,1200,Demo Accounts Receivable,182170,00,00,0,C001,Demo Customer Aurora,D01,Demo Sales,492,"[""20210817"",""900284""]",,492-C,cor:monetaryAmount,"{""d_cor_accountingEntries"":""1"",""d_cor_entryDetail"":""492-C"",""d_cor_entryHeader"":""[\""20210817\"",\""900284\""]""}"
34,2,2021-08,2021-08-17,900284,Synthetic demo customer receipt 900284,1120,Demo Harbor Ordinary Deposit,182170,00,00,0,B003,Harbor Demo Bank,D01,Demo Sales,,,0,,,0,,,,,492,"[""20210817"",""900284""]",492-D,,cor:monetaryAmount,"{""d_cor_accountingEntries"":""1"",""d_cor_entryDetail"":""492-D"",""d_cor_entryHeader"":""[\""20210817\"",\""900284\""]""}"
35,1,2021-08,2021-08-17,900288,Synthetic demo operating expense 900288,,,0,,,0,,,,,1100,Demo Central Ordinary Deposit,75170,00,00,0,B001,Demo Central Bank,D02,Demo Administration,493,"[""20210817"",""900288""]",,493-C,cor:monetaryAmount,"{""d_cor_accountingEntries"":""1"",""d_cor_entryDetail"":""493-C"",""d_cor_entryHeader"":""[\""20210817\"",\""900288\""]""}"
35,2,2021-08,2021-08-17,900288,Synthetic demo operating expense 900288,6020,Demo Office Rent,75170,Q5,Q5,6834,V001,Demo Vendor Keystone,D02,Demo Administration,,,0,,,0,,,,,493,"[""20210817"",""900288""]",493-D,,cor:monetaryAmount,"{""d_cor_accountingEntries"":""1"",""d_cor_entryDetail"":""493-D"",""d_cor_entryHeader"":""[\""20210817\"",\""900288\""]""}"
36,1,2021-08,2021-08-18,900247,Synthetic demo vendor settlement 900247,,,0,,,0,,,,,1110,Demo North Current Deposit,120360,00,00,0,B002,North Demo Bank,D04,Demo Logistics,494,"[""20210818"",""900247""]",,494-C,cor:monetaryAmount,"{""d_cor_accountingEntries"":""1"",""d_cor_entryDetail"":""494-C"",""d_cor_entryHeader"":""[\""20210818\"",\""900247\""]""}"
36,2,2021-08,2021-08-18,900247,Synthetic demo vendor settlement 900247,2000,Demo Accounts Payable,120360,00,00,0,V001,Demo Vendor Keystone,D04,Demo Logistics,,,0,,,0,,,,,494,"[""20210818"",""900247""]",494-D,,cor:monetaryAmount,"{""d_cor_accountingEntries"":""1"",""d_cor_entryDetail"":""494-D"",""d_cor_entryHeader"":""[\""20210818\"",\""900247\""]""}"
37,1,2021-08,2021-08-18,900276,Synthetic demo combined customer receipt 900276,,,0,,,0,,,,,1200,Demo Accounts Receivable,148340,00,00,0,C001,Demo Customer Aurora,D01,Demo Sales,495,"[""20210818"",""900276""]",,495-C,cor:monetaryAmount,"{""d_cor_accountingEntries"":""1"",""d_cor_entryDetail"":""495-C"",""d_cor_entryHeader"":""[\""20210818\"",\""900276\""]""}"
37,2,2021-08,2021-08-18,900276,Synthetic demo combined customer receipt 900276,1100,Demo Central Ordinary Deposit,593370,00,00,0,B001,Demo Central Bank,D01,Demo Sales,,,0,,,0,,,,,495,"[""20210818"",""900276""]",495-D,,cor:monetaryAmount,"{""d_cor_accountingEntries"":""1"",""d_cor_entryDetail"":""495-D"",""d_cor_entryHeader"":""[\""20210818\"",\""900276\""]""}"
37,3,2021-08,2021-08-18,900276,Synthetic demo combined customer receipt 900276,,,0,,,0,,,,,1200,Demo Accounts Receivable,35600,00,00,0,C001,Demo Customer Aurora,D01,Demo Sales,496,"[""20210818"",""900276""]",,496-C,cor:monetaryAmount,"{""d_cor_accountingEntries"":""1"",""d_cor_entryDetail"":""496-C"",""d_cor_entryHeader"":""[\""20210818\"",\""900276\""]""}"
37,4,2021-08,2021-08-18,900276,Synthetic demo combined customer receipt 900276,,,0,,,0,,,,,1200,Demo Accounts Receivable,409430,00,00,0,C001,Demo Customer Aurora,D01,Demo Sales,497,"[""20210818"",""900276""]",,497-C,cor:monetaryAmount,"{""d_cor_accountingEntries"":""1"",""d_cor_entryDetail"":""497-C"",""d_cor_entryHeader"":""[\""20210818\"",\""900276\""]""}"
38,1,2021-08,2021-08-18,900281,Synthetic demo multi-vendor settlement 900281,2000,Demo Accounts Payable,360210,00,00,0,V001,Demo Vendor Keystone,D01,Demo Sales,,,0,,,0,,,,,498,"[""20210818"",""900281""]",498-D,,cor:monetaryAmount,"{""d_cor_accountingEntries"":""1"",""d_cor_entryDetail"":""498-D"",""d_cor_entryHeader"":""[\""20210818\"",\""900281\""]""}"
38,2,2021-08,2021-08-18,900281,Synthetic demo multi-vendor settlement 900281,2100,Demo Accrued Payables,101610,00,00,0,V005,Demo Vendor Orchid,D01,Demo Sales,,,0,,,0,,,,,499,"[""20210818"",""900281""]",499-D,,cor:monetaryAmount,"{""d_cor_accountingEntries"":""1"",""d_cor_entryDetail"":""499-D"",""d_cor_entryHeader"":""[\""20210818\"",\""900281\""]""}"
38,3,2021-08,2021-08-18,900281,Synthetic demo multi-vendor settlement 900281,,,0,,,0,,,,,1120,Demo Harbor Ordinary Deposit,193960,00,00,0,B003,Harbor Demo Bank,D01,Demo Sales,500,"[""20210818"",""900281""]",,500-C,cor:monetaryAmount,"{""d_cor_accountingEntries"":""1"",""d_cor_entryDetail"":""500-C"",""d_cor_entryHeader"":""[\""20210818\"",\""900281\""]""}"
38,4,2021-08,2021-08-18,900281,Synthetic demo multi-vendor settlement 900281,,,0,,,0,,,,,1100,Demo Central Ordinary Deposit,267860,00,00,0,B001,Demo Central Bank,D01,Demo Sales,501,"[""20210818"",""900281""]",,501-C,cor:monetaryAmount,"{""d_cor_accountingEntries"":""1"",""d_cor_entryDetail"":""501-C"",""d_cor_entryHeader"":""[\""20210818\"",\""900281\""]""}"
39,1,2021-08,2021-08-18,900285,Synthetic demo monthly payroll bundle 900285,,,0,,,0,,,,,1100,Demo Central Ordinary Deposit,653300,00,00,0,B001,Demo Central Bank,D02,Demo Administration,502,"[""20210818"",""900285""]",,502-C,cor:monetaryAmount,"{""d_cor_accountingEntries"":""1"",""d_cor_entryDetail"":""502-C"",""d_cor_entryHeader"":""[\""20210818\"",\""900285\""]""}"
39,2,2021-08,2021-08-18,900285,Synthetic demo monthly payroll bundle 900285,6000,Demo Salaries,169850,00,00,0,,,D02,Demo Administration,,,0,,,0,,,,,502,"[""20210818"",""900285""]",502-D,,cor:monetaryAmount,"{""d_cor_accountingEntries"":""1"",""d_cor_entryDetail"":""502-D"",""d_cor_entryHeader"":""[\""20210818\"",\""900285\""]""}"
39,3,2021-08,2021-08-18,900285,Synthetic demo monthly payroll bundle 900285,6010,Demo Statutory Welfare,287450,00,00,0,,,D02,Demo Administration,,,0,,,0,,,,,503,"[""20210818"",""900285""]",503-D,,cor:monetaryAmount,"{""d_cor_accountingEntries"":""1"",""d_cor_entryDetail"":""503-D"",""d_cor_entryHeader"":""[\""20210818\"",\""900285\""]""}"
39,4,2021-08,2021-08-18,900285,Synthetic demo monthly payroll bundle 900285,2110,Demo Payroll Withholding,196000,00,00,0,,,D02,Demo Administration,,,0,,,0,,,,,504,"[""20210818"",""900285""]",504-D,,cor:monetaryAmount,"{""d_cor_accountingEntries"":""1"",""d_cor_entryDetail"":""504-D"",""d_cor_entryHeader"":""[\""20210818\"",\""900285\""]""}"
40,1,2021-08,2021-08-19,900265,Synthetic demo purchase on account 900265,,,0,,,0,,,,,2000,Demo Accounts Payable,96540,00,00,0,V001,Demo Vendor Keystone,D04,Demo Logistics,505,"[""20210819"",""900265""]",,505-C,cor:monetaryAmount,"{""d_cor_accountingEntries"":""1"",""d_cor_entryDetail"":""505-C"",""d_cor_entryHeader"":""[\""20210819\"",\""900265\""]""}"
40,2,2021-08,2021-08-19,900265,Synthetic demo purchase on account 900265,5010,Demo Freight-in,96540,Q5,Q5,8776,V006,Demo Vendor Prairie,D04,Demo Logistics,,,0,,,0,,,,,505,"[""20210819"",""900265""]",505-D,,cor:monetaryAmount,"{""d_cor_accountingEntries"":""1"",""d_cor_entryDetail"":""505-D"",""d_cor_entryHeader"":""[\""20210819\"",\""900265\""]""}"
41,1,2021-08,2021-08-19,900275,Synthetic demo purchase on account 900275,,,0,,,0,,,,,2000,Demo Accounts Payable,330660,00,00,0,V001,Demo Vendor Keystone,D04,Demo Logistics,506,"[""20210819"",""900275""]",,506-C,cor:monetaryAmount,"{""d_cor_accountingEntries"":""1"",""d_cor_entryDetail"":""506-C"",""d_cor_entryHeader"":""[\""20210819\"",\""900275\""]""}"
41,2,2021-08,2021-08-19,900275,Synthetic demo purchase on account 900275,5020,Demo Inventory Adjustment,330660,Q5,Q5,30060,V006,Demo Vendor Prairie,D04,Demo Logistics,,,0,,,0,,,,,506,"[""20210819"",""900275""]",506-D,,cor:monetaryAmount,"{""d_cor_accountingEntries"":""1"",""d_cor_entryDetail"":""506-D"",""d_cor_entryHeader"":""[\""20210819\"",\""900275\""]""}"
42,1,2021-08,2021-08-19,900286,Synthetic demo purchase on account 900286,,,0,,,0,,,,,2000,Demo Accounts Payable,63790,00,00,0,V001,Demo Vendor Keystone,D04,Demo Logistics,507,"[""20210819"",""900286""]",,507-C,cor:monetaryAmount,"{""d_cor_accountingEntries"":""1"",""d_cor_entryDetail"":""507-C"",""d_cor_entryHeader"":""[\""20210819\"",\""900286\""]""}"
42,2,2021-08,2021-08-19,900286,Synthetic demo purchase on account 900286,5010,Demo Freight-in,63790,Q5,Q5,5799,V001,Demo Vendor Keystone,D04,Demo Logistics,,,0,,,0,,,,,507,"[""20210819"",""900286""]",507-D,,cor:monetaryAmount,"{""d_cor_accountingEntries"":""1"",""d_cor_entryDetail"":""507-D"",""d_cor_entryHeader"":""[\""20210819\"",\""900286\""]""}"
43,1,2021-08,2021-08-19,900289,Synthetic demo prepaid service 900289,,,0,,,0,,,,,1110,Demo North Current Deposit,135110,00,00,0,B002,North Demo Bank,D05,Demo Digital Services,508,"[""20210819"",""900289""]",,508-C,cor:monetaryAmount,"{""d_cor_accountingEntries"":""1"",""d_cor_entryDetail"":""508-C"",""d_cor_entryHeader"":""[\""20210819\"",\""900289\""]""}"
43,2,2021-08,2021-08-19,900289,Synthetic demo prepaid service 900289,1400,Demo Prepaid Expenses,135110,00,00,0,S002,Demo Energy Services,D05,Demo Digital Services,,,0,,,0,,,,,508,"[""20210819"",""900289""]",508-D,,cor:monetaryAmount,"{""d_cor_accountingEntries"":""1"",""d_cor_entryDetail"":""508-D"",""d_cor_entryHeader"":""[\""20210819\"",\""900289\""]""}"
44,1,2021-08,2021-08-22,900243,Synthetic demo customer receipt 900243,,,0,,,0,,,,,1200,Demo Accounts Receivable,511200,00,00,0,C001,Demo Customer Aurora,D01,Demo Sales,509,"[""20210822"",""900243""]",,509-C,cor:monetaryAmount,"{""d_cor_accountingEntries"":""1"",""d_cor_entryDetail"":""509-C"",""d_cor_entryHeader"":""[\""20210822\"",\""900243\""]""}"
44,2,2021-08,2021-08-22,900243,Synthetic demo customer receipt 900243,1100,Demo Central Ordinary Deposit,511200,00,00,0,B001,Demo Central Bank,D01,Demo Sales,,,0,,,0,,,,,509,"[""20210822"",""900243""]",509-D,,cor:monetaryAmount,"{""d_cor_accountingEntries"":""1"",""d_cor_entryDetail"":""509-D"",""d_cor_entryHeader"":""[\""20210822\"",\""900243\""]""}"
45,1,2021-08,2021-08-22,900244,Synthetic demo operating cost bundle 900244,,,0,,,0,,,,,1110,Demo North Current Deposit,289950,00,00,0,B002,North Demo Bank,D03,Demo Operations,510,"[""20210822"",""900244""]",,510-C,cor:monetaryAmount,"{""d_cor_accountingEntries"":""1"",""d_cor_entryDetail"":""510-C"",""d_cor_entryHeader"":""[\""20210822\"",\""900244\""]""}"
45,2,2021-08,2021-08-22,900244,Synthetic demo operating cost bundle 900244,6030,Demo Utilities,142070,Q5,Q5,12915,S002,Demo Energy Services,D03,Demo Operations,,,0,,,0,,,,,510,"[""20210822"",""900244""]",510-D,,cor:monetaryAmount,"{""d_cor_accountingEntries"":""1"",""d_cor_entryDetail"":""510-D"",""d_cor_entryHeader"":""[\""20210822\"",\""900244\""]""}"
45,3,2021-08,2021-08-22,900244,Synthetic demo operating cost bundle 900244,6040,Demo Communication,14490,Q5,Q5,1317,S003,Demo Network Services,D03,Demo Operations,,,0,,,0,,,,,511,"[""20210822"",""900244""]",511-D,,cor:monetaryAmount,"{""d_cor_accountingEntries"":""1"",""d_cor_entryDetail"":""511-D"",""d_cor_entryHeader"":""[\""20210822\"",\""900244\""]""}"
45,4,2021-08,2021-08-22,900244,Synthetic demo operating cost bundle 900244,6060,Demo Office Supplies,133390,C5,C5,12126,V005,Demo Vendor Orchid,D03,Demo Operations,,,0,,,0,,,,,512,"[""20210822"",""900244""]",512-D,,cor:monetaryAmount,"{""d_cor_accountingEntries"":""1"",""d_cor_entryDetail"":""512-D"",""d_cor_entryHeader"":""[\""20210822\"",\""900244\""]""}"
46,1,2021-08,2021-08-22,900263,Synthetic demo customer receipt 900263,,,0,,,0,,,,,1200,Demo Accounts Receivable,415340,00,00,0,C001,Demo Customer Aurora,D01,Demo Sales,513,"[""20210822"",""900263""]",,513-C,cor:monetaryAmount,"{""d_cor_accountingEntries"":""1"",""d_cor_entryDetail"":""513-C"",""d_cor_entryHeader"":""[\""20210822\"",\""900263\""]""}"
46,2,2021-08,2021-08-22,900263,Synthetic demo customer receipt 900263,1120,Demo Harbor Ordinary Deposit,415340,00,00,0,B003,Harbor Demo Bank,D01,Demo Sales,,,0,,,0,,,,,513,"[""20210822"",""900263""]",513-D,,cor:monetaryAmount,"{""d_cor_accountingEntries"":""1"",""d_cor_entryDetail"":""513-D"",""d_cor_entryHeader"":""[\""20210822\"",\""900263\""]""}"
47,1,2021-08,2021-08-22,900293,Synthetic demo customer receipt 900293,,,0,,,0,,,,,1200,Demo Accounts Receivable,434210,00,00,0,C001,Demo Customer Aurora,D01,Demo Sales,514,"[""20210822"",""900293""]",,514-C,cor:monetaryAmount,"{""d_cor_accountingEntries"":""1"",""d_cor_entryDetail"":""514-C"",""d_cor_entryHeader"":""[\""20210822\"",\""900293\""]""}"
47,2,2021-08,2021-08-22,900293,Synthetic demo customer receipt 900293,1120,Demo Harbor Ordinary Deposit,434210,00,00,0,B003,Harbor Demo Bank,D01,Demo Sales,,,0,,,0,,,,,514,"[""20210822"",""900293""]",514-D,,cor:monetaryAmount,"{""d_cor_accountingEntries"":""1"",""d_cor_entryDetail"":""514-D"",""d_cor_entryHeader"":""[\""20210822\"",\""900293\""]""}"
48,1,2021-08,2021-08-24,900246,Synthetic demo purchase on account 900246,,,0,,,0,,,,,2000,Demo Accounts Payable,31780,00,00,0,V001,Demo Vendor Keystone,D04,Demo Logistics,515,"[""20210824"",""900246""]",,515-C,cor:monetaryAmount,"{""d_cor_accountingEntries"":""1"",""d_cor_entryDetail"":""515-C"",""d_cor_entryHeader"":""[\""20210824\"",\""900246\""]""}"
48,2,2021-08,2021-08-24,900246,Synthetic demo purchase on account 900246,5000,Demo Purchases,31780,C5,C5,2889,V001,Demo Vendor Keystone,D04,Demo Logistics,,,0,,,0,,,,,515,"[""20210824"",""900246""]",515-D,,cor:monetaryAmount,"{""d_cor_accountingEntries"":""1"",""d_cor_entryDetail"":""515-D"",""d_cor_entryHeader"":""[\""20210824\"",\""900246\""]""}"
49,1,2021-08,2021-08-24,900267,Synthetic demo multi-vendor settlement 900267,2000,Demo Accounts Payable,334530,00,00,0,V001,Demo Vendor Keystone,D01,Demo Sales,,,0,,,0,,,,,516,"[""20210824"",""900267""]",516-D,,cor:monetaryAmount,"{""d_cor_accountingEntries"":""1"",""d_cor_entryDetail"":""516-D"",""d_cor_entryHeader"":""[\""20210824\"",\""900267\""]""}"
49,2,2021-08,2021-08-24,900267,Synthetic demo multi-vendor settlement 900267,2100,Demo Accrued Payables,392720,00,00,0,V001,Demo Vendor Keystone,D01,Demo Sales,,,0,,,0,,,,,517,"[""20210824"",""900267""]",517-D,,cor:monetaryAmount,"{""d_cor_accountingEntries"":""1"",""d_cor_entryDetail"":""517-D"",""d_cor_entryHeader"":""[\""20210824\"",\""900267\""]""}"
49,3,2021-08,2021-08-24,900267,Synthetic demo multi-vendor settlement 900267,,,0,,,0,,,,,1100,Demo Central Ordinary Deposit,421800,00,00,0,B001,Demo Central Bank,D01,Demo Sales,518,"[""20210824"",""900267""]",,518-C,cor:monetaryAmount,"{""d_cor_accountingEntries"":""1"",""d_cor_entryDetail"":""518-C"",""d_cor_entryHeader"":""[\""20210824\"",\""900267\""]""}"
49,4,2021-08,2021-08-24,900267,Synthetic demo multi-vendor settlement 900267,,,0,,,0,,,,,1110,Demo North Current Deposit,305450,00,00,0,B002,North Demo Bank,D01,Demo Sales,519,"[""20210824"",""900267""]",,519-C,cor:monetaryAmount,"{""d_cor_accountingEntries"":""1"",""d_cor_entryDetail"":""519-C"",""d_cor_entryHeader"":""[\""20210824\"",\""900267\""]""}"
50,1,2021-08,2021-08-26,900290,Synthetic demo credit sale 900290,,,0,,,0,,,,,4020,Demo Other Operating Revenue,444700,B5,B5,40427,C001,Demo Customer Aurora,D01,Demo Sales,520,"[""20210826"",""900290""]",,520-C,cor:monetaryAmount,"{""d_cor_accountingEntries"":""1"",""d_cor_entryDetail"":""520-C"",""d_cor_entryHeader"":""[\""20210826\"",\""900290\""]""}"
50,2,2021-08,2021-08-26,900290,Synthetic demo credit sale 900290,1200,Demo Accounts Receivable,444700,00,00,0,C001,Demo Customer Aurora,D01,Demo Sales,,,0,,,0,,,,,520,"[""20210826"",""900290""]",520-D,,cor:monetaryAmount,"{""d_cor_accountingEntries"":""1"",""d_cor_entryDetail"":""520-D"",""d_cor_entryHeader"":""[\""20210826\"",\""900290\""]""}"
51,1,2021-08,2021-08-27,900251,Synthetic demo financing settlement 900251,,,0,,,0,,,,,1120,Demo Harbor Ordinary Deposit,700360,00,00,0,B003,Harbor Demo Bank,D06,Demo Management,521,"[""20210827"",""900251""]",,521-C,cor:monetaryAmount,"{""d_cor_accountingEntries"":""1"",""d_cor_entryDetail"":""521-C"",""d_cor_entryHeader"":""[\""20210827\"",\""900251\""]""}"
51,2,2021-08,2021-08-27,900251,Synthetic demo financing settlement 900251,2200,Demo Short-term Loans,147070,00,00,0,,,D06,Demo Management,,,0,,,0,,,,,521,"[""20210827"",""900251""]",521-D,,cor:monetaryAmount,"{""d_cor_accountingEntries"":""1"",""d_cor_entryDetail"":""521-D"",""d_cor_entryHeader"":""[\""20210827\"",\""900251\""]""}"
51,3,2021-08,2021-08-27,900251,Synthetic demo financing settlement 900251,6070,Demo Bank Fees,70030,00,00,0,B003,Harbor Demo Bank,D06,Demo Management,,,0,,,0,,,,,522,"[""20210827"",""900251""]",522-D,,cor:monetaryAmount,"{""d_cor_accountingEntries"":""1"",""d_cor_entryDetail"":""522-D"",""d_cor_entryHeader"":""[\""20210827\"",\""900251\""]""}"
51,4,2021-08,2021-08-27,900251,Synthetic demo financing settlement 900251,7000,Demo Taxes and Dues,483260,P0,P0,0,,,D06,Demo Management,,,0,,,0,,,,,523,"[""20210827"",""900251""]",523-D,,cor:monetaryAmount,"{""d_cor_accountingEntries"":""1"",""d_cor_entryDetail"":""523-D"",""d_cor_entryHeader"":""[\""20210827\"",\""900251\""]""}"
52,1,2021-08,2021-08-27,900295,Synthetic demo purchase on account 900295,,,0,,,0,,,,,2000,Demo Accounts Payable,334370,00,00,0,V001,Demo Vendor Keystone,D04,Demo Logistics,524,"[""20210827"",""900295""]",,524-C,cor:monetaryAmount,"{""d_cor_accountingEntries"":""1"",""d_cor_entryDetail"":""524-C"",""d_cor_entryHeader"":""[\""20210827\"",\""900295\""]""}"
52,2,2021-08,2021-08-27,900295,Synthetic demo purchase on account 900295,5010,Demo Freight-in,334370,Q5,Q5,30397,V006,Demo Vendor Prairie,D04,Demo Logistics,,,0,,,0,,,,,524,"[""20210827"",""900295""]",524-D,,cor:monetaryAmount,"{""d_cor_accountingEntries"":""1"",""d_cor_entryDetail"":""524-D"",""d_cor_entryHeader"":""[\""20210827\"",\""900295\""]""}"
53,1,2021-08,2021-08-28,900268,Synthetic demo operating expense 900268,,,0,,,0,,,,,1110,Demo North Current Deposit,31250,00,00,0,B002,North Demo Bank,D03,Demo Operations,525,"[""20210828"",""900268""]",,525-C,cor:monetaryAmount,"{""d_cor_accountingEntries"":""1"",""d_cor_entryDetail"":""525-C"",""d_cor_entryHeader"":""[\""20210828\"",\""900268\""]""}"
53,2,2021-08,2021-08-28,900268,Synthetic demo operating expense 900268,7000,Demo Taxes and Dues,31250,P0,P0,0,V001,Demo Vendor Keystone,D03,Demo Operations,,,0,,,0,,,,,525,"[""20210828"",""900268""]",525-D,,cor:monetaryAmount,"{""d_cor_accountingEntries"":""1"",""d_cor_entryDetail"":""525-D"",""d_cor_entryHeader"":""[\""20210828\"",\""900268\""]""}"
54,1,2021-08,2021-08-30,900256,Synthetic demo purchase on account 900256,,,0,,,0,,,,,2000,Demo Accounts Payable,333720,00,00,0,V001,Demo Vendor Keystone,D04,Demo Logistics,526,"[""20210830"",""900256""]",,526-C,cor:monetaryAmount,"{""d_cor_accountingEntries"":""1"",""d_cor_entryDetail"":""526-C"",""d_cor_entryHeader"":""[\""20210830\"",\""900256\""]""}"
54,2,2021-08,2021-08-30,900256,Synthetic demo purchase on account 900256,5010,Demo Freight-in,333720,Q5,Q5,30338,V001,Demo Vendor Keystone,D04,Demo Logistics,,,0,,,0,,,,,526,"[""20210830"",""900256""]",526-D,,cor:monetaryAmount,"{""d_cor_accountingEntries"":""1"",""d_cor_entryDetail"":""526-D"",""d_cor_entryHeader"":""[\""20210830\"",\""900256\""]""}"
55,1,2021-08,2021-08-30,900258,Synthetic demo operating expense 900258,,,0,,,0,,,,,1100,Demo Central Ordinary Deposit,87240,00,00,0,B001,Demo Central Bank,D02,Demo Administration,527,"[""20210830"",""900258""]",,527-C,cor:monetaryAmount,"{""d_cor_accountingEntries"":""1"",""d_cor_entryDetail"":""527-C"",""d_cor_entryHeader"":""[\""20210830\"",\""900258\""]""}"
55,2,2021-08,2021-08-30,900258,Synthetic demo operating expense 900258,6080,Demo Advertising,87240,Q5,Q5,7931,V001,Demo Vendor Keystone,D02,Demo Administration,,,0,,,0,,,,,527,"[""20210830"",""900258""]",527-D,,cor:monetaryAmount,"{""d_cor_accountingEntries"":""1"",""d_cor_entryDetail"":""527-D"",""d_cor_entryHeader"":""[\""20210830\"",\""900258\""]""}"
56,1,2021-08,2021-08-31,900242,Synthetic demo credit sale 900242,,,0,,,0,,,,,4020,Demo Other Operating Revenue,62850,B5,B5,5714,C007,Demo Customer Grove,D01,Demo Sales,528,"[""20210831"",""900242""]",,528-C,cor:monetaryAmount,"{""d_cor_accountingEntries"":""1"",""d_cor_entryDetail"":""528-C"",""d_cor_entryHeader"":""[\""20210831\"",\""900242\""]""}"
56,2,2021-08,2021-08-31,900242,Synthetic demo credit sale 900242,1200,Demo Accounts Receivable,62850,00,00,0,C001,Demo Customer Aurora,D01,Demo Sales,,,0,,,0,,,,,528,"[""20210831"",""900242""]",528-D,,cor:monetaryAmount,"{""d_cor_accountingEntries"":""1"",""d_cor_entryDetail"":""528-D"",""d_cor_entryHeader"":""[\""20210831\"",\""900242\""]""}"
57,1,2021-08,2021-08-31,900262,Synthetic demo credit sale 900262,,,0,,,0,,,,,4010,Demo Service Revenue,263930,B5,B5,23994,C007,Demo Customer Grove,D01,Demo Sales,529,"[""20210831"",""900262""]",,529-C,cor:monetaryAmount,"{""d_cor_accountingEntries"":""1"",""d_cor_entryDetail"":""529-C"",""d_cor_entryHeader"":""[\""20210831\"",\""900262\""]""}"
57,2,2021-08,2021-08-31,900262,Synthetic demo credit sale 900262,1200,Demo Accounts Receivable,263930,00,00,0,C001,Demo Customer Aurora,D01,Demo Sales,,,0,,,0,,,,,529,"[""20210831"",""900262""]",529-D,,cor:monetaryAmount,"{""d_cor_accountingEntries"":""1"",""d_cor_entryDetail"":""529-D"",""d_cor_entryHeader"":""[\""20210831\"",\""900262\""]""}"
58,1,2021-08,2021-08-31,900266,Synthetic demo purchase on account 900266,,,0,,,0,,,,,2000,Demo Accounts Payable,371680,00,00,0,V001,Demo Vendor Keystone,D04,Demo Logistics,530,"[""20210831"",""900266""]",,530-C,cor:monetaryAmount,"{""d_cor_accountingEntries"":""1"",""d_cor_entryDetail"":""530-C"",""d_cor_entryHeader"":""[\""20210831\"",\""900266\""]""}"
58,2,2021-08,2021-08-31,900266,Synthetic demo purchase on account 900266,5020,Demo Inventory Adjustment,371680,Q5,Q5,33789,V001,Demo Vendor Keystone,D04,Demo Logistics,,,0,,,0,,,,,530,"[""20210831"",""900266""]",530-D,,cor:monetaryAmount,"{""d_cor_accountingEntries"":""1"",""d_cor_entryDetail"":""530-D"",""d_cor_entryHeader"":""[\""20210831\"",\""900266\""]""}"
1,1,2021-09,2021-09-01,900308,Synthetic demo operating expense 900308,,,0,,,0,,,,,1120,Demo Harbor Ordinary Deposit,42530,00,00,0,B003,Harbor Demo Bank,D05,Demo Digital Services,531,"[""20210901"",""900308""]",,531-C,cor:monetaryAmount,"{""d_cor_accountingEntries"":""1"",""d_cor_entryDetail"":""531-C"",""d_cor_entryHeader"":""[\""20210901\"",\""900308\""]""}"
1,2,2021-09,2021-09-01,900308,Synthetic demo operating expense 900308,6040,Demo Communication,42530,Q5,Q5,3866,V001,Demo Vendor Keystone,D05,Demo Digital Services,,,0,,,0,,,,,531,"[""20210901"",""900308""]",531-D,,cor:monetaryAmount,"{""d_cor_accountingEntries"":""1"",""d_cor_entryDetail"":""531-D"",""d_cor_entryHeader"":""[\""20210901\"",\""900308\""]""}"
2,1,2021-09,2021-09-01,900339,Synthetic demo prepaid service 900339,,,0,,,0,,,,,1100,Demo Central Ordinary Deposit,83340,00,00,0,B001,Demo Central Bank,D05,Demo Digital Services,532,"[""20210901"",""900339""]",,532-C,cor:monetaryAmount,"{""d_cor_accountingEntries"":""1"",""d_cor_entryDetail"":""532-C"",""d_cor_entryHeader"":""[\""20210901\"",\""900339\""]""}"
2,2,2021-09,2021-09-01,900339,Synthetic demo prepaid service 900339,1400,Demo Prepaid Expenses,83340,00,00,0,S004,Demo Logistics Services,D05,Demo Digital Services,,,0,,,0,,,,,532,"[""20210901"",""900339""]",532-D,,cor:monetaryAmount,"{""d_cor_accountingEntries"":""1"",""d_cor_entryDetail"":""532-D"",""d_cor_entryHeader"":""[\""20210901\"",\""900339\""]""}"
3,1,2021-09,2021-09-02,900343,Synthetic demo customer receipt 900343,,,0,,,0,,,,,1200,Demo Accounts Receivable,290130,00,00,0,C001,Demo Customer Aurora,D01,Demo Sales,533,"[""20210902"",""900343""]",,533-C,cor:monetaryAmount,"{""d_cor_accountingEntries"":""1"",""d_cor_entryDetail"":""533-C"",""d_cor_entryHeader"":""[\""20210902\"",\""900343\""]""}"
3,2,2021-09,2021-09-02,900343,Synthetic demo customer receipt 900343,1110,Demo North Current Deposit,290130,00,00,0,B002,North Demo Bank,D01,Demo Sales,,,0,,,0,,,,,533,"[""20210902"",""900343""]",533-D,,cor:monetaryAmount,"{""d_cor_accountingEntries"":""1"",""d_cor_entryDetail"":""533-D"",""d_cor_entryHeader"":""[\""20210902\"",\""900343\""]""}"
4,1,2021-09,2021-09-02,900351,Synthetic demo monthly payroll bundle 900351,,,0,,,0,,,,,1100,Demo Central Ordinary Deposit,607870,00,00,0,B001,Demo Central Bank,D02,Demo Administration,534,"[""20210902"",""900351""]",,534-C,cor:monetaryAmount,"{""d_cor_accountingEntries"":""1"",""d_cor_entryDetail"":""534-C"",""d_cor_entryHeader"":""[\""20210902\"",\""900351\""]""}"
4,2,2021-09,2021-09-02,900351,Synthetic demo monthly payroll bundle 900351,6000,Demo Salaries,243140,00,00,0,,,D02,Demo Administration,,,0,,,0,,,,,534,"[""20210902"",""900351""]",534-D,,cor:monetaryAmount,"{""d_cor_accountingEntries"":""1"",""d_cor_entryDetail"":""534-D"",""d_cor_entryHeader"":""[\""20210902\"",\""900351\""]""}"
4,3,2021-09,2021-09-02,900351,Synthetic demo monthly payroll bundle 900351,6010,Demo Statutory Welfare,72940,00,00,0,,,D02,Demo Administration,,,0,,,0,,,,,535,"[""20210902"",""900351""]",535-D,,cor:monetaryAmount,"{""d_cor_accountingEntries"":""1"",""d_cor_entryDetail"":""535-D"",""d_cor_entryHeader"":""[\""20210902\"",\""900351\""]""}"
4,4,2021-09,2021-09-02,900351,Synthetic demo monthly payroll bundle 900351,2110,Demo Payroll Withholding,291790,00,00,0,,,D02,Demo Administration,,,0,,,0,,,,,536,"[""20210902"",""900351""]",536-D,,cor:monetaryAmount,"{""d_cor_accountingEntries"":""1"",""d_cor_entryDetail"":""536-D"",""d_cor_entryHeader"":""[\""20210902\"",\""900351\""]""}"
5,1,2021-09,2021-09-03,900312,Synthetic demo credit sale 900312,,,0,,,0,,,,,4000,Demo Product Sales,381440,B5,B5,34676,C007,Demo Customer Grove,D01,Demo Sales,537,"[""20210903"",""900312""]",,537-C,cor:monetaryAmount,"{""d_cor_accountingEntries"":""1"",""d_cor_entryDetail"":""537-C"",""d_cor_entryHeader"":""[\""20210903\"",\""900312\""]""}"
5,2,2021-09,2021-09-03,900312,Synthetic demo credit sale 900312,1200,Demo Accounts Receivable,381440,00,00,0,C001,Demo Customer Aurora,D01,Demo Sales,,,0,,,0,,,,,537,"[""20210903"",""900312""]",537-D,,cor:monetaryAmount,"{""d_cor_accountingEntries"":""1"",""d_cor_entryDetail"":""537-D"",""d_cor_entryHeader"":""[\""20210903\"",\""900312\""]""}"
6,1,2021-09,2021-09-03,900336,Synthetic demo mixed sales and receipt 900336,1100,Demo Central Ordinary Deposit,166240,00,00,0,B001,Demo Central Bank,D01,Demo Sales,,,0,,,0,,,,,538,"[""20210903"",""900336""]",538-D,,cor:monetaryAmount,"{""d_cor_accountingEntries"":""1"",""d_cor_entryDetail"":""538-D"",""d_cor_entryHeader"":""[\""20210903\"",\""900336\""]""}"
6,2,2021-09,2021-09-03,900336,Synthetic demo mixed sales and receipt 900336,1200,Demo Accounts Receivable,283080,00,00,0,C001,Demo Customer Aurora,D01,Demo Sales,,,0,,,0,,,,,539,"[""20210903"",""900336""]",539-D,,cor:monetaryAmount,"{""d_cor_accountingEntries"":""1"",""d_cor_entryDetail"":""539-D"",""d_cor_entryHeader"":""[\""20210903\"",\""900336\""]""}"
6,3,2021-09,2021-09-03,900336,Synthetic demo mixed sales and receipt 900336,,,0,,,0,,,,,4000,Demo Product Sales,89860,B5,B5,8169,C008,Demo Customer Halo,D01,Demo Sales,540,"[""20210903"",""900336""]",,540-C,cor:monetaryAmount,"{""d_cor_accountingEntries"":""1"",""d_cor_entryDetail"":""540-C"",""d_cor_entryHeader"":""[\""20210903\"",\""900336\""]""}"
6,4,2021-09,2021-09-03,900336,Synthetic demo mixed sales and receipt 900336,,,0,,,0,,,,,4010,Demo Service Revenue,359460,B5,B5,32678,C009,Demo Customer Indigo,D01,Demo Sales,541,"[""20210903"",""900336""]",,541-C,cor:monetaryAmount,"{""d_cor_accountingEntries"":""1"",""d_cor_entryDetail"":""541-C"",""d_cor_entryHeader"":""[\""20210903\"",\""900336\""]""}"
7,1,2021-09,2021-09-03,900338,Synthetic demo financing settlement 900338,,,0,,,0,,,,,1120,Demo Harbor Ordinary Deposit,561320,00,00,0,B003,Harbor Demo Bank,D06,Demo Management,542,"[""20210903"",""900338""]",,542-C,cor:monetaryAmount,"{""d_cor_accountingEntries"":""1"",""d_cor_entryDetail"":""542-C"",""d_cor_entryHeader"":""[\""20210903\"",\""900338\""]""}"
7,2,2021-09,2021-09-03,900338,Synthetic demo financing settlement 900338,2200,Demo Short-term Loans,123490,00,00,0,,,D06,Demo Management,,,0,,,0,,,,,542,"[""20210903"",""900338""]",542-D,,cor:monetaryAmount,"{""d_cor_accountingEntries"":""1"",""d_cor_entryDetail"":""542-D"",""d_cor_entryHeader"":""[\""20210903\"",\""900338\""]""}"
7,3,2021-09,2021-09-03,900338,Synthetic demo financing settlement 900338,6070,Demo Bank Fees,179620,00,00,0,B003,Harbor Demo Bank,D06,Demo Management,,,0,,,0,,,,,543,"[""20210903"",""900338""]",543-D,,cor:monetaryAmount,"{""d_cor_accountingEntries"":""1"",""d_cor_entryDetail"":""543-D"",""d_cor_entryHeader"":""[\""20210903\"",\""900338\""]""}"
7,4,2021-09,2021-09-03,900338,Synthetic demo financing settlement 900338,7000,Demo Taxes and Dues,258210,P0,P0,0,,,D06,Demo Management,,,0,,,0,,,,,544,"[""20210903"",""900338""]",544-D,,cor:monetaryAmount,"{""d_cor_accountingEntries"":""1"",""d_cor_entryDetail"":""544-D"",""d_cor_entryHeader"":""[\""20210903\"",\""900338\""]""}"
8,1,2021-09,2021-09-04,900324,Synthetic demo customer receipt 900324,,,0,,,0,,,,,1200,Demo Accounts Receivable,382510,00,00,0,C001,Demo Customer Aurora,D01,Demo Sales,545,"[""20210904"",""900324""]",,545-C,cor:monetaryAmount,"{""d_cor_accountingEntries"":""1"",""d_cor_entryDetail"":""545-C"",""d_cor_entryHeader"":""[\""20210904\"",\""900324\""]""}"
8,2,2021-09,2021-09-04,900324,Synthetic demo customer receipt 900324,1100,Demo Central Ordinary Deposit,382510,00,00,0,B001,Demo Central Bank,D01,Demo Sales,,,0,,,0,,,,,545,"[""20210904"",""900324""]",545-D,,cor:monetaryAmount,"{""d_cor_accountingEntries"":""1"",""d_cor_entryDetail"":""545-D"",""d_cor_entryHeader"":""[\""20210904\"",\""900324\""]""}"
9,1,2021-09,2021-09-04,900340,Synthetic demo credit sale 900340,,,0,,,0,,,,,4010,Demo Service Revenue,556670,B5,B5,50606,C001,Demo Customer Aurora,D01,Demo Sales,546,"[""20210904"",""900340""]",,546-C,cor:monetaryAmount,"{""d_cor_accountingEntries"":""1"",""d_cor_entryDetail"":""546-C"",""d_cor_entryHeader"":""[\""20210904\"",\""900340\""]""}"
9,2,2021-09,2021-09-04,900340,Synthetic demo credit sale 900340,1200,Demo Accounts Receivable,556670,00,00,0,C001,Demo Customer Aurora,D01,Demo Sales,,,0,,,0,,,,,546,"[""20210904"",""900340""]",546-D,,cor:monetaryAmount,"{""d_cor_accountingEntries"":""1"",""d_cor_entryDetail"":""546-D"",""d_cor_entryHeader"":""[\""20210904\"",\""900340\""]""}"
10,1,2021-09,2021-09-05,900349,Synthetic demo prepaid service 900349,,,0,,,0,,,,,1110,Demo North Current Deposit,236490,00,00,0,B002,North Demo Bank,D05,Demo Digital Services,547,"[""20210905"",""900349""]",,547-C,cor:monetaryAmount,"{""d_cor_accountingEntries"":""1"",""d_cor_entryDetail"":""547-C"",""d_cor_entryHeader"":""[\""20210905\"",\""900349\""]""}"
10,2,2021-09,2021-09-05,900349,Synthetic demo prepaid service 900349,1400,Demo Prepaid Expenses,236490,00,00,0,S002,Demo Energy Services,D05,Demo Digital Services,,,0,,,0,,,,,547,"[""20210905"",""900349""]",547-D,,cor:monetaryAmount,"{""d_cor_accountingEntries"":""1"",""d_cor_entryDetail"":""547-D"",""d_cor_entryHeader"":""[\""20210905\"",\""900349\""]""}"
11,1,2021-09,2021-09-06,900299,Synthetic demo prepaid service 900299,,,0,,,0,,,,,1120,Demo Harbor Ordinary Deposit,123160,00,00,0,B003,Harbor Demo Bank,D05,Demo Digital Services,548,"[""20210906"",""900299""]",,548-C,cor:monetaryAmount,"{""d_cor_accountingEntries"":""1"",""d_cor_entryDetail"":""548-C"",""d_cor_entryHeader"":""[\""20210906\"",\""900299\""]""}"
11,2,2021-09,2021-09-06,900299,Synthetic demo prepaid service 900299,1400,Demo Prepaid Expenses,123160,00,00,0,S006,Demo Insurance Services,D05,Demo Digital Services,,,0,,,0,,,,,548,"[""20210906"",""900299""]",548-D,,cor:monetaryAmount,"{""d_cor_accountingEntries"":""1"",""d_cor_entryDetail"":""548-D"",""d_cor_entryHeader"":""[\""20210906\"",\""900299\""]""}"
12,1,2021-09,2021-09-06,900300,Synthetic demo mixed sales and receipt 900300,1100,Demo Central Ordinary Deposit,141350,00,00,0,B001,Demo Central Bank,D01,Demo Sales,,,0,,,0,,,,,549,"[""20210906"",""900300""]",549-D,,cor:monetaryAmount,"{""d_cor_accountingEntries"":""1"",""d_cor_entryDetail"":""549-D"",""d_cor_entryHeader"":""[\""20210906\"",\""900300\""]""}"
12,2,2021-09,2021-09-06,900300,Synthetic demo mixed sales and receipt 900300,1200,Demo Accounts Receivable,153130,00,00,0,C001,Demo Customer Aurora,D01,Demo Sales,,,0,,,0,,,,,550,"[""20210906"",""900300""]",550-D,,cor:monetaryAmount,"{""d_cor_accountingEntries"":""1"",""d_cor_entryDetail"":""550-D"",""d_cor_entryHeader"":""[\""20210906\"",\""900300\""]""}"
12,3,2021-09,2021-09-06,900300,Synthetic demo mixed sales and receipt 900300,,,0,,,0,,,,,4000,Demo Product Sales,114840,B5,B5,10440,C002,Demo Customer Birch,D01,Demo Sales,551,"[""20210906"",""900300""]",,551-C,cor:monetaryAmount,"{""d_cor_accountingEntries"":""1"",""d_cor_entryDetail"":""551-C"",""d_cor_entryHeader"":""[\""20210906\"",\""900300\""]""}"
12,4,2021-09,2021-09-06,900300,Synthetic demo mixed sales and receipt 900300,,,0,,,0,,,,,4010,Demo Service Revenue,179640,B5,B5,16331,C003,Demo Customer Cobalt,D01,Demo Sales,552,"[""20210906"",""900300""]",,552-C,cor:monetaryAmount,"{""d_cor_accountingEntries"":""1"",""d_cor_entryDetail"":""552-C"",""d_cor_entryHeader"":""[\""20210906\"",\""900300\""]""}"
13,1,2021-09,2021-09-06,900313,Synthetic demo operating cost bundle 900313,,,0,,,0,,,,,1110,Demo North Current Deposit,768830,00,00,0,B002,North Demo Bank,D03,Demo Operations,553,"[""20210906"",""900313""]",,553-C,cor:monetaryAmount,"{""d_cor_accountingEntries"":""1"",""d_cor_entryDetail"":""553-C"",""d_cor_entryHeader"":""[\""20210906\"",\""900313\""]""}"
13,2,2021-09,2021-09-06,900313,Synthetic demo operating cost bundle 900313,6030,Demo Utilities,276770,Q5,Q5,25161,S002,Demo Energy Services,D03,Demo Operations,,,0,,,0,,,,,553,"[""20210906"",""900313""]",553-D,,cor:monetaryAmount,"{""d_cor_accountingEntries"":""1"",""d_cor_entryDetail"":""553-D"",""d_cor_entryHeader"":""[\""20210906\"",\""900313\""]""}"
13,3,2021-09,2021-09-06,900313,Synthetic demo operating cost bundle 900313,6040,Demo Communication,322900,Q5,Q5,29355,S003,Demo Network Services,D03,Demo Operations,,,0,,,0,,,,,554,"[""20210906"",""900313""]",554-D,,cor:monetaryAmount,"{""d_cor_accountingEntries"":""1"",""d_cor_entryDetail"":""554-D"",""d_cor_entryHeader"":""[\""20210906\"",\""900313\""]""}"
13,4,2021-09,2021-09-06,900313,Synthetic demo operating cost bundle 900313,6060,Demo Office Supplies,169160,Q5,Q5,15378,V004,Demo Vendor Nimbus,D03,Demo Operations,,,0,,,0,,,,,555,"[""20210906"",""900313""]",555-D,,cor:monetaryAmount,"{""d_cor_accountingEntries"":""1"",""d_cor_entryDetail"":""555-D"",""d_cor_entryHeader"":""[\""20210906\"",\""900313\""]""}"
14,1,2021-09,2021-09-07,900353,Synthetic demo customer receipt 900353,,,0,,,0,,,,,1200,Demo Accounts Receivable,386200,00,00,0,C001,Demo Customer Aurora,D01,Demo Sales,556,"[""20210907"",""900353""]",,556-C,cor:monetaryAmount,"{""d_cor_accountingEntries"":""1"",""d_cor_entryDetail"":""556-C"",""d_cor_entryHeader"":""[\""20210907\"",\""900353\""]""}"
14,2,2021-09,2021-09-07,900353,Synthetic demo customer receipt 900353,1120,Demo Harbor Ordinary Deposit,386200,00,00,0,B003,Harbor Demo Bank,D01,Demo Sales,,,0,,,0,,,,,556,"[""20210907"",""900353""]",556-D,,cor:monetaryAmount,"{""d_cor_accountingEntries"":""1"",""d_cor_entryDetail"":""556-D"",""d_cor_entryHeader"":""[\""20210907\"",\""900353\""]""}"
15,1,2021-09,2021-09-08,900327,Synthetic demo vendor settlement 900327,,,0,,,0,,,,,1100,Demo Central Ordinary Deposit,168360,00,00,0,B001,Demo Central Bank,D04,Demo Logistics,557,"[""20210908"",""900327""]",,557-C,cor:monetaryAmount,"{""d_cor_accountingEntries"":""1"",""d_cor_entryDetail"":""557-C"",""d_cor_entryHeader"":""[\""20210908\"",\""900327\""]""}"
15,2,2021-09,2021-09-08,900327,Synthetic demo vendor settlement 900327,2000,Demo Accounts Payable,168360,00,00,0,V001,Demo Vendor Keystone,D04,Demo Logistics,,,0,,,0,,,,,557,"[""20210908"",""900327""]",557-D,,cor:monetaryAmount,"{""d_cor_accountingEntries"":""1"",""d_cor_entryDetail"":""557-D"",""d_cor_entryHeader"":""[\""20210908\"",\""900327\""]""}"
16,1,2021-09,2021-09-09,900314,Synthetic demo customer receipt 900314,,,0,,,0,,,,,1200,Demo Accounts Receivable,87980,00,00,0,C001,Demo Customer Aurora,D01,Demo Sales,558,"[""20210909"",""900314""]",,558-C,cor:monetaryAmount,"{""d_cor_accountingEntries"":""1"",""d_cor_entryDetail"":""558-C"",""d_cor_entryHeader"":""[\""20210909\"",\""900314\""]""}"
16,2,2021-09,2021-09-09,900314,Synthetic demo customer receipt 900314,1120,Demo Harbor Ordinary Deposit,87980,00,00,0,B003,Harbor Demo Bank,D01,Demo Sales,,,0,,,0,,,,,558,"[""20210909"",""900314""]",558-D,,cor:monetaryAmount,"{""d_cor_accountingEntries"":""1"",""d_cor_entryDetail"":""558-D"",""d_cor_entryHeader"":""[\""20210909\"",\""900314\""]""}"
17,1,2021-09,2021-09-09,900326,Synthetic demo financing settlement 900326,,,0,,,0,,,,,1120,Demo Harbor Ordinary Deposit,390260,00,00,0,B003,Harbor Demo Bank,D06,Demo Management,559,"[""20210909"",""900326""]",,559-C,cor:monetaryAmount,"{""d_cor_accountingEntries"":""1"",""d_cor_entryDetail"":""559-C"",""d_cor_entryHeader"":""[\""20210909\"",\""900326\""]""}"
17,2,2021-09,2021-09-09,900326,Synthetic demo financing settlement 900326,2200,Demo Short-term Loans,160000,00,00,0,,,D06,Demo Management,,,0,,,0,,,,,559,"[""20210909"",""900326""]",559-D,,cor:monetaryAmount,"{""d_cor_accountingEntries"":""1"",""d_cor_entryDetail"":""559-D"",""d_cor_entryHeader"":""[\""20210909\"",\""900326\""]""}"
17,3,2021-09,2021-09-09,900326,Synthetic demo financing settlement 900326,6070,Demo Bank Fees,27310,00,00,0,B003,Harbor Demo Bank,D06,Demo Management,,,0,,,0,,,,,560,"[""20210909"",""900326""]",560-D,,cor:monetaryAmount,"{""d_cor_accountingEntries"":""1"",""d_cor_entryDetail"":""560-D"",""d_cor_entryHeader"":""[\""20210909\"",\""900326\""]""}"
17,4,2021-09,2021-09-09,900326,Synthetic demo financing settlement 900326,7000,Demo Taxes and Dues,202950,P0,P0,0,,,D06,Demo Management,,,0,,,0,,,,,561,"[""20210909"",""900326""]",561-D,,cor:monetaryAmount,"{""d_cor_accountingEntries"":""1"",""d_cor_entryDetail"":""561-D"",""d_cor_entryHeader"":""[\""20210909\"",\""900326\""]""}"
18,1,2021-09,2021-09-10,900317,Synthetic demo multi-vendor settlement 900317,2000,Demo Accounts Payable,123380,00,00,0,V001,Demo Vendor Keystone,D01,Demo Sales,,,0,,,0,,,,,562,"[""20210910"",""900317""]",562-D,,cor:monetaryAmount,"{""d_cor_accountingEntries"":""1"",""d_cor_entryDetail"":""562-D"",""d_cor_entryHeader"":""[\""20210910\"",\""900317\""]""}"
18,2,2021-09,2021-09-10,900317,Synthetic demo multi-vendor settlement 900317,2100,Demo Accrued Payables,118550,00,00,0,V001,Demo Vendor Keystone,D01,Demo Sales,,,0,,,0,,,,,563,"[""20210910"",""900317""]",563-D,,cor:monetaryAmount,"{""d_cor_accountingEntries"":""1"",""d_cor_entryDetail"":""563-D"",""d_cor_entryHeader"":""[\""20210910\"",\""900317\""]""}"
18,3,2021-09,2021-09-10,900317,Synthetic demo multi-vendor settlement 900317,,,0,,,0,,,,,1120,Demo Harbor Ordinary Deposit,91930,00,00,0,B003,Harbor Demo Bank,D01,Demo Sales,564,"[""20210910"",""900317""]",,564-C,cor:monetaryAmount,"{""d_cor_accountingEntries"":""1"",""d_cor_entryDetail"":""564-C"",""d_cor_entryHeader"":""[\""20210910\"",\""900317\""]""}"
18,4,2021-09,2021-09-10,900317,Synthetic demo multi-vendor settlement 900317,,,0,,,0,,,,,1100,Demo Central Ordinary Deposit,150000,00,00,0,B001,Demo Central Bank,D01,Demo Sales,565,"[""20210910"",""900317""]",,565-C,cor:monetaryAmount,"{""d_cor_accountingEntries"":""1"",""d_cor_entryDetail"":""565-C"",""d_cor_entryHeader"":""[\""20210910\"",\""900317\""]""}"
19,1,2021-09,2021-09-10,900330,Synthetic demo credit sale 900330,,,0,,,0,,,,,4000,Demo Product Sales,195040,B5,B5,17731,C001,Demo Customer Aurora,D01,Demo Sales,566,"[""20210910"",""900330""]",,566-C,cor:monetaryAmount,"{""d_cor_accountingEntries"":""1"",""d_cor_entryDetail"":""566-C"",""d_cor_entryHeader"":""[\""20210910\"",\""900330\""]""}"
19,2,2021-09,2021-09-10,900330,Synthetic demo credit sale 900330,1200,Demo Accounts Receivable,195040,00,00,0,C001,Demo Customer Aurora,D01,Demo Sales,,,0,,,0,,,,,566,"[""20210910"",""900330""]",566-D,,cor:monetaryAmount,"{""d_cor_accountingEntries"":""1"",""d_cor_entryDetail"":""566-D"",""d_cor_entryHeader"":""[\""20210910\"",\""900330\""]""}"
20,1,2021-09,2021-09-11,900350,Synthetic demo credit sale 900350,,,0,,,0,,,,,4020,Demo Other Operating Revenue,314480,B5,B5,28589,C001,Demo Customer Aurora,D01,Demo Sales,567,"[""20210911"",""900350""]",,567-C,cor:monetaryAmount,"{""d_cor_accountingEntries"":""1"",""d_cor_entryDetail"":""567-C"",""d_cor_entryHeader"":""[\""20210911\"",\""900350\""]""}"
20,2,2021-09,2021-09-11,900350,Synthetic demo credit sale 900350,1200,Demo Accounts Receivable,314480,00,00,0,C001,Demo Customer Aurora,D01,Demo Sales,,,0,,,0,,,,,567,"[""20210911"",""900350""]",567-D,,cor:monetaryAmount,"{""d_cor_accountingEntries"":""1"",""d_cor_entryDetail"":""567-D"",""d_cor_entryHeader"":""[\""20210911\"",\""900350\""]""}"
21,1,2021-09,2021-09-12,900296,Synthetic demo purchase on account 900296,,,0,,,0,,,,,2000,Demo Accounts Payable,258430,00,00,0,V001,Demo Vendor Keystone,D04,Demo Logistics,568,"[""20210912"",""900296""]",,568-C,cor:monetaryAmount,"{""d_cor_accountingEntries"":""1"",""d_cor_entryDetail"":""568-C"",""d_cor_entryHeader"":""[\""20210912\"",\""900296\""]""}"
21,2,2021-09,2021-09-12,900296,Synthetic demo purchase on account 900296,5020,Demo Inventory Adjustment,258430,Q5,Q5,23494,V001,Demo Vendor Keystone,D04,Demo Logistics,,,0,,,0,,,,,568,"[""20210912"",""900296""]",568-D,,cor:monetaryAmount,"{""d_cor_accountingEntries"":""1"",""d_cor_entryDetail"":""568-D"",""d_cor_entryHeader"":""[\""20210912\"",\""900296\""]""}"
22,1,2021-09,2021-09-13,900329,Synthetic demo multi-vendor settlement 900329,2000,Demo Accounts Payable,138360,00,00,0,V001,Demo Vendor Keystone,D01,Demo Sales,,,0,,,0,,,,,569,"[""20210913"",""900329""]",569-D,,cor:monetaryAmount,"{""d_cor_accountingEntries"":""1"",""d_cor_entryDetail"":""569-D"",""d_cor_entryHeader"":""[\""20210913\"",\""900329\""]""}"
22,2,2021-09,2021-09-13,900329,Synthetic demo multi-vendor settlement 900329,2100,Demo Accrued Payables,520540,00,00,0,V003,Demo Vendor Mosaic,D01,Demo Sales,,,0,,,0,,,,,570,"[""20210913"",""900329""]",570-D,,cor:monetaryAmount,"{""d_cor_accountingEntries"":""1"",""d_cor_entryDetail"":""570-D"",""d_cor_entryHeader"":""[\""20210913\"",\""900329\""]""}"
22,3,2021-09,2021-09-13,900329,Synthetic demo multi-vendor settlement 900329,,,0,,,0,,,,,1120,Demo Harbor Ordinary Deposit,349210,00,00,0,B003,Harbor Demo Bank,D01,Demo Sales,571,"[""20210913"",""900329""]",,571-C,cor:monetaryAmount,"{""d_cor_accountingEntries"":""1"",""d_cor_entryDetail"":""571-C"",""d_cor_entryHeader"":""[\""20210913\"",\""900329\""]""}"
22,4,2021-09,2021-09-13,900329,Synthetic demo multi-vendor settlement 900329,,,0,,,0,,,,,1100,Demo Central Ordinary Deposit,309690,00,00,0,B001,Demo Central Bank,D01,Demo Sales,572,"[""20210913"",""900329""]",,572-C,cor:monetaryAmount,"{""d_cor_accountingEntries"":""1"",""d_cor_entryDetail"":""572-C"",""d_cor_entryHeader"":""[\""20210913\"",\""900329\""]""}"
23,1,2021-09,2021-09-14,900301,Synthetic demo credit sale 900301,,,0,,,0,,,,,4010,Demo Service Revenue,168150,B5,B5,15286,C004,Demo Customer Dawn,D01,Demo Sales,573,"[""20210914"",""900301""]",,573-C,cor:monetaryAmount,"{""d_cor_accountingEntries"":""1"",""d_cor_entryDetail"":""573-C"",""d_cor_entryHeader"":""[\""20210914\"",\""900301\""]""}"
23,2,2021-09,2021-09-14,900301,Synthetic demo credit sale 900301,1200,Demo Accounts Receivable,168150,00,00,0,C001,Demo Customer Aurora,D01,Demo Sales,,,0,,,0,,,,,573,"[""20210914"",""900301""]",573-D,,cor:monetaryAmount,"{""d_cor_accountingEntries"":""1"",""d_cor_entryDetail"":""573-D"",""d_cor_entryHeader"":""[\""20210914\"",\""900301\""]""}"
24,1,2021-09,2021-09-14,900309,Synthetic demo prepaid service 900309,,,0,,,0,,,,,1100,Demo Central Ordinary Deposit,111220,00,00,0,B001,Demo Central Bank,D05,Demo Digital Services,574,"[""20210914"",""900309""]",,574-C,cor:monetaryAmount,"{""d_cor_accountingEntries"":""1"",""d_cor_entryDetail"":""574-C"",""d_cor_entryHeader"":""[\""20210914\"",\""900309\""]""}"
24,2,2021-09,2021-09-14,900309,Synthetic demo prepaid service 900309,1400,Demo Prepaid Expenses,111220,00,00,0,S004,Demo Logistics Services,D05,Demo Digital Services,,,0,,,0,,,,,574,"[""20210914"",""900309""]",574-D,,cor:monetaryAmount,"{""d_cor_accountingEntries"":""1"",""d_cor_entryDetail"":""574-D"",""d_cor_entryHeader"":""[\""20210914\"",\""900309\""]""}"
25,1,2021-09,2021-09-14,900310,Synthetic demo credit sale 900310,,,0,,,0,,,,,4010,Demo Service Revenue,110630,B5,B5,10057,C001,Demo Customer Aurora,D01,Demo Sales,575,"[""20210914"",""900310""]",,575-C,cor:monetaryAmount,"{""d_cor_accountingEntries"":""1"",""d_cor_entryDetail"":""575-C"",""d_cor_entryHeader"":""[\""20210914\"",\""900310\""]""}"
25,2,2021-09,2021-09-14,900310,Synthetic demo credit sale 900310,1200,Demo Accounts Receivable,110630,00,00,0,C001,Demo Customer Aurora,D01,Demo Sales,,,0,,,0,,,,,575,"[""20210914"",""900310""]",575-D,,cor:monetaryAmount,"{""d_cor_accountingEntries"":""1"",""d_cor_entryDetail"":""575-D"",""d_cor_entryHeader"":""[\""20210914\"",\""900310\""]""}"
26,1,2021-09,2021-09-15,900306,Synthetic demo monthly payroll bundle 900306,,,0,,,0,,,,,1100,Demo Central Ordinary Deposit,557490,00,00,0,B001,Demo Central Bank,D02,Demo Administration,576,"[""20210915"",""900306""]",,576-C,cor:monetaryAmount,"{""d_cor_accountingEntries"":""1"",""d_cor_entryDetail"":""576-C"",""d_cor_entryHeader"":""[\""20210915\"",\""900306\""]""}"
26,2,2021-09,2021-09-15,900306,Synthetic demo monthly payroll bundle 900306,6000,Demo Salaries,306610,00,00,0,,,D02,Demo Administration,,,0,,,0,,,,,576,"[""20210915"",""900306""]",576-D,,cor:monetaryAmount,"{""d_cor_accountingEntries"":""1"",""d_cor_entryDetail"":""576-D"",""d_cor_entryHeader"":""[\""20210915\"",\""900306\""]""}"
26,3,2021-09,2021-09-15,900306,Synthetic demo monthly payroll bundle 900306,6010,Demo Statutory Welfare,61320,00,00,0,,,D02,Demo Administration,,,0,,,0,,,,,577,"[""20210915"",""900306""]",577-D,,cor:monetaryAmount,"{""d_cor_accountingEntries"":""1"",""d_cor_entryDetail"":""577-D"",""d_cor_entryHeader"":""[\""20210915\"",\""900306\""]""}"
26,4,2021-09,2021-09-15,900306,Synthetic demo monthly payroll bundle 900306,2110,Demo Payroll Withholding,189560,00,00,0,,,D02,Demo Administration,,,0,,,0,,,,,578,"[""20210915"",""900306""]",578-D,,cor:monetaryAmount,"{""d_cor_accountingEntries"":""1"",""d_cor_entryDetail"":""578-D"",""d_cor_entryHeader"":""[\""20210915\"",\""900306\""]""}"
27,1,2021-09,2021-09-15,900331,Synthetic demo credit sale 900331,,,0,,,0,,,,,4010,Demo Service Revenue,118570,B5,B5,10779,C004,Demo Customer Dawn,D01,Demo Sales,579,"[""20210915"",""900331""]",,579-C,cor:monetaryAmount,"{""d_cor_accountingEntries"":""1"",""d_cor_entryDetail"":""579-C"",""d_cor_entryHeader"":""[\""20210915\"",\""900331\""]""}"
27,2,2021-09,2021-09-15,900331,Synthetic demo credit sale 900331,1200,Demo Accounts Receivable,118570,00,00,0,C001,Demo Customer Aurora,D01,Demo Sales,,,0,,,0,,,,,579,"[""20210915"",""900331""]",579-D,,cor:monetaryAmount,"{""d_cor_accountingEntries"":""1"",""d_cor_entryDetail"":""579-D"",""d_cor_entryHeader"":""[\""20210915\"",\""900331\""]""}"
28,1,2021-09,2021-09-15,900348,Synthetic demo mixed sales and receipt 900348,1100,Demo Central Ordinary Deposit,142590,00,00,0,B001,Demo Central Bank,D01,Demo Sales,,,0,,,0,,,,,580,"[""20210915"",""900348""]",580-D,,cor:monetaryAmount,"{""d_cor_accountingEntries"":""1"",""d_cor_entryDetail"":""580-D"",""d_cor_entryHeader"":""[\""20210915\"",\""900348\""]""}"
28,2,2021-09,2021-09-15,900348,Synthetic demo mixed sales and receipt 900348,1200,Demo Accounts Receivable,160810,00,00,0,C001,Demo Customer Aurora,D01,Demo Sales,,,0,,,0,,,,,581,"[""20210915"",""900348""]",581-D,,cor:monetaryAmount,"{""d_cor_accountingEntries"":""1"",""d_cor_entryDetail"":""581-D"",""d_cor_entryHeader"":""[\""20210915\"",\""900348\""]""}"
28,3,2021-09,2021-09-15,900348,Synthetic demo mixed sales and receipt 900348,,,0,,,0,,,,,4000,Demo Product Sales,54610,B5,B5,4965,C010,Demo Customer Juniper,D01,Demo Sales,582,"[""20210915"",""900348""]",,582-C,cor:monetaryAmount,"{""d_cor_accountingEntries"":""1"",""d_cor_entryDetail"":""582-C"",""d_cor_entryHeader"":""[\""20210915\"",\""900348\""]""}"
28,4,2021-09,2021-09-15,900348,Synthetic demo mixed sales and receipt 900348,,,0,,,0,,,,,4010,Demo Service Revenue,248790,B5,B5,22617,C001,Demo Customer Aurora,D01,Demo Sales,583,"[""20210915"",""900348""]",,583-C,cor:monetaryAmount,"{""d_cor_accountingEntries"":""1"",""d_cor_entryDetail"":""583-C"",""d_cor_entryHeader"":""[\""20210915\"",\""900348\""]""}"
29,1,2021-09,2021-09-16,900298,Synthetic demo operating cost bundle 900298,,,0,,,0,,,,,1110,Demo North Current Deposit,658430,00,00,0,B002,North Demo Bank,D03,Demo Operations,584,"[""20210916"",""900298""]",,584-C,cor:monetaryAmount,"{""d_cor_accountingEntries"":""1"",""d_cor_entryDetail"":""584-C"",""d_cor_entryHeader"":""[\""20210916\"",\""900298\""]""}"
29,2,2021-09,2021-09-16,900298,Synthetic demo operating cost bundle 900298,6030,Demo Utilities,131680,Q5,Q5,11971,S002,Demo Energy Services,D03,Demo Operations,,,0,,,0,,,,,584,"[""20210916"",""900298""]",584-D,,cor:monetaryAmount,"{""d_cor_accountingEntries"":""1"",""d_cor_entryDetail"":""584-D"",""d_cor_entryHeader"":""[\""20210916\"",\""900298\""]""}"
29,3,2021-09,2021-09-16,900298,Synthetic demo operating cost bundle 900298,6040,Demo Communication,223860,Q6,Q6,16582,S003,Demo Network Services,D03,Demo Operations,,,0,,,0,,,,,585,"[""20210916"",""900298""]",585-D,,cor:monetaryAmount,"{""d_cor_accountingEntries"":""1"",""d_cor_entryDetail"":""585-D"",""d_cor_entryHeader"":""[\""20210916\"",\""900298\""]""}"
29,4,2021-09,2021-09-16,900298,Synthetic demo operating cost bundle 900298,6060,Demo Office Supplies,302890,Q5,Q5,27535,V009,Demo Vendor Summit,D03,Demo Operations,,,0,,,0,,,,,586,"[""20210916"",""900298""]",586-D,,cor:monetaryAmount,"{""d_cor_accountingEntries"":""1"",""d_cor_entryDetail"":""586-D"",""d_cor_entryHeader"":""[\""20210916\"",\""900298\""]""}"
30,1,2021-09,2021-09-16,900323,Synthetic demo multi-vendor settlement 900323,2000,Demo Accounts Payable,44500,00,00,0,V001,Demo Vendor Keystone,D01,Demo Sales,,,0,,,0,,,,,587,"[""20210916"",""900323""]",587-D,,cor:monetaryAmount,"{""d_cor_accountingEntries"":""1"",""d_cor_entryDetail"":""587-D"",""d_cor_entryHeader"":""[\""20210916\"",\""900323\""]""}"
30,2,2021-09,2021-09-16,900323,Synthetic demo multi-vendor settlement 900323,2100,Demo Accrued Payables,252190,00,00,0,V007,Demo Vendor Quartz,D01,Demo Sales,,,0,,,0,,,,,588,"[""20210916"",""900323""]",588-D,,cor:monetaryAmount,"{""d_cor_accountingEntries"":""1"",""d_cor_entryDetail"":""588-D"",""d_cor_entryHeader"":""[\""20210916\"",\""900323\""]""}"
30,3,2021-09,2021-09-16,900323,Synthetic demo multi-vendor settlement 900323,,,0,,,0,,,,,1120,Demo Harbor Ordinary Deposit,109770,00,00,0,B003,Harbor Demo Bank,D01,Demo Sales,589,"[""20210916"",""900323""]",,589-C,cor:monetaryAmount,"{""d_cor_accountingEntries"":""1"",""d_cor_entryDetail"":""589-C"",""d_cor_entryHeader"":""[\""20210916\"",\""900323\""]""}"
30,4,2021-09,2021-09-16,900323,Synthetic demo multi-vendor settlement 900323,,,0,,,0,,,,,1100,Demo Central Ordinary Deposit,186920,00,00,0,B001,Demo Central Bank,D01,Demo Sales,590,"[""20210916"",""900323""]",,590-C,cor:monetaryAmount,"{""d_cor_accountingEntries"":""1"",""d_cor_entryDetail"":""590-C"",""d_cor_entryHeader"":""[\""20210916\"",\""900323\""]""}"
31,1,2021-09,2021-09-16,900345,Synthetic demo monthly payroll bundle 900345,,,0,,,0,,,,,1100,Demo Central Ordinary Deposit,449240,00,00,0,B001,Demo Central Bank,D02,Demo Administration,591,"[""20210916"",""900345""]",,591-C,cor:monetaryAmount,"{""d_cor_accountingEntries"":""1"",""d_cor_entryDetail"":""591-C"",""d_cor_entryHeader"":""[\""20210916\"",\""900345\""]""}"
31,2,2021-09,2021-09-16,900345,Synthetic demo monthly payroll bundle 900345,6000,Demo Salaries,134770,00,00,0,,,D02,Demo Administration,,,0,,,0,,,,,591,"[""20210916"",""900345""]",591-D,,cor:monetaryAmount,"{""d_cor_accountingEntries"":""1"",""d_cor_entryDetail"":""591-D"",""d_cor_entryHeader"":""[\""20210916\"",\""900345\""]""}"
31,3,2021-09,2021-09-16,900345,Synthetic demo monthly payroll bundle 900345,6010,Demo Statutory Welfare,8980,00,00,0,,,D02,Demo Administration,,,0,,,0,,,,,592,"[""20210916"",""900345""]",592-D,,cor:monetaryAmount,"{""d_cor_accountingEntries"":""1"",""d_cor_entryDetail"":""592-D"",""d_cor_entryHeader"":""[\""20210916\"",\""900345\""]""}"
31,4,2021-09,2021-09-16,900345,Synthetic demo monthly payroll bundle 900345,2110,Demo Payroll Withholding,305490,00,00,0,,,D02,Demo Administration,,,0,,,0,,,,,593,"[""20210916"",""900345""]",593-D,,cor:monetaryAmount,"{""d_cor_accountingEntries"":""1"",""d_cor_entryDetail"":""593-D"",""d_cor_entryHeader"":""[\""20210916\"",\""900345\""]""}"
32,1,2021-09,2021-09-17,900302,Synthetic demo credit sale 900302,,,0,,,0,,,,,4020,Demo Other Operating Revenue,450750,B5,B5,40977,C007,Demo Customer Grove,D01,Demo Sales,594,"[""20210917"",""900302""]",,594-C,cor:monetaryAmount,"{""d_cor_accountingEntries"":""1"",""d_cor_entryDetail"":""594-C"",""d_cor_entryHeader"":""[\""20210917\"",\""900302\""]""}"
32,2,2021-09,2021-09-17,900302,Synthetic demo credit sale 900302,1200,Demo Accounts Receivable,450750,00,00,0,C001,Demo Customer Aurora,D01,Demo Sales,,,0,,,0,,,,,594,"[""20210917"",""900302""]",594-D,,cor:monetaryAmount,"{""d_cor_accountingEntries"":""1"",""d_cor_entryDetail"":""594-D"",""d_cor_entryHeader"":""[\""20210917\"",\""900302\""]""}"
33,1,2021-09,2021-09-17,900319,Synthetic demo operating cost bundle 900319,,,0,,,0,,,,,1110,Demo North Current Deposit,425260,00,00,0,B002,North Demo Bank,D03,Demo Operations,595,"[""20210917"",""900319""]",,595-C,cor:monetaryAmount,"{""d_cor_accountingEntries"":""1"",""d_cor_entryDetail"":""595-C"",""d_cor_entryHeader"":""[\""20210917\"",\""900319\""]""}"
33,2,2021-09,2021-09-17,900319,Synthetic demo operating cost bundle 900319,6030,Demo Utilities,157340,Q5,Q5,14304,S002,Demo Energy Services,D03,Demo Operations,,,0,,,0,,,,,595,"[""20210917"",""900319""]",595-D,,cor:monetaryAmount,"{""d_cor_accountingEntries"":""1"",""d_cor_entryDetail"":""595-D"",""d_cor_entryHeader"":""[\""20210917\"",\""900319\""]""}"
33,3,2021-09,2021-09-17,900319,Synthetic demo operating cost bundle 900319,6040,Demo Communication,106310,Q5,Q5,9665,S003,Demo Network Services,D03,Demo Operations,,,0,,,0,,,,,596,"[""20210917"",""900319""]",596-D,,cor:monetaryAmount,"{""d_cor_accountingEntries"":""1"",""d_cor_entryDetail"":""596-D"",""d_cor_entryHeader"":""[\""20210917\"",\""900319\""]""}"
33,4,2021-09,2021-09-17,900319,Synthetic demo operating cost bundle 900319,6060,Demo Office Supplies,161610,Q5,Q5,14692,V010,Demo Vendor Tandem,D03,Demo Operations,,,0,,,0,,,,,597,"[""20210917"",""900319""]",597-D,,cor:monetaryAmount,"{""d_cor_accountingEntries"":""1"",""d_cor_entryDetail"":""597-D"",""d_cor_entryHeader"":""[\""20210917\"",\""900319\""]""}"
34,1,2021-09,2021-09-17,900334,Synthetic demo customer receipt 900334,,,0,,,0,,,,,1200,Demo Accounts Receivable,92990,00,00,0,C001,Demo Customer Aurora,D01,Demo Sales,598,"[""20210917"",""900334""]",,598-C,cor:monetaryAmount,"{""d_cor_accountingEntries"":""1"",""d_cor_entryDetail"":""598-C"",""d_cor_entryHeader"":""[\""20210917\"",\""900334\""]""}"
34,2,2021-09,2021-09-17,900334,Synthetic demo customer receipt 900334,1110,Demo North Current Deposit,92990,00,00,0,B002,North Demo Bank,D01,Demo Sales,,,0,,,0,,,,,598,"[""20210917"",""900334""]",598-D,,cor:monetaryAmount,"{""d_cor_accountingEntries"":""1"",""d_cor_entryDetail"":""598-D"",""d_cor_entryHeader"":""[\""20210917\"",\""900334\""]""}"
35,1,2021-09,2021-09-17,900335,Synthetic demo purchase on account 900335,,,0,,,0,,,,,2000,Demo Accounts Payable,178650,00,00,0,V001,Demo Vendor Keystone,D04,Demo Logistics,599,"[""20210917"",""900335""]",,599-C,cor:monetaryAmount,"{""d_cor_accountingEntries"":""1"",""d_cor_entryDetail"":""599-C"",""d_cor_entryHeader"":""[\""20210917\"",\""900335\""]""}"
35,2,2021-09,2021-09-17,900335,Synthetic demo purchase on account 900335,5020,Demo Inventory Adjustment,178650,Q5,Q5,16241,V006,Demo Vendor Prairie,D04,Demo Logistics,,,0,,,0,,,,,599,"[""20210917"",""900335""]",599-D,,cor:monetaryAmount,"{""d_cor_accountingEntries"":""1"",""d_cor_entryDetail"":""599-D"",""d_cor_entryHeader"":""[\""20210917\"",\""900335\""]""}"
36,1,2021-09,2021-09-17,900344,Synthetic demo customer receipt 900344,,,0,,,0,,,,,1200,Demo Accounts Receivable,112580,00,00,0,C001,Demo Customer Aurora,D01,Demo Sales,600,"[""20210917"",""900344""]",,600-C,cor:monetaryAmount,"{""d_cor_accountingEntries"":""1"",""d_cor_entryDetail"":""600-C"",""d_cor_entryHeader"":""[\""20210917\"",\""900344\""]""}"
36,2,2021-09,2021-09-17,900344,Synthetic demo customer receipt 900344,1120,Demo Harbor Ordinary Deposit,112580,00,00,0,B003,Harbor Demo Bank,D01,Demo Sales,,,0,,,0,,,,,600,"[""20210917"",""900344""]",600-D,,cor:monetaryAmount,"{""d_cor_accountingEntries"":""1"",""d_cor_entryDetail"":""600-D"",""d_cor_entryHeader"":""[\""20210917\"",\""900344\""]""}"
37,1,2021-09,2021-09-17,900346,Synthetic demo purchase on account 900346,,,0,,,0,,,,,2000,Demo Accounts Payable,332620,00,00,0,V001,Demo Vendor Keystone,D04,Demo Logistics,601,"[""20210917"",""900346""]",,601-C,cor:monetaryAmount,"{""d_cor_accountingEntries"":""1"",""d_cor_entryDetail"":""601-C"",""d_cor_entryHeader"":""[\""20210917\"",\""900346\""]""}"
37,2,2021-09,2021-09-17,900346,Synthetic demo purchase on account 900346,5010,Demo Freight-in,332620,Q5,Q5,30238,V001,Demo Vendor Keystone,D04,Demo Logistics,,,0,,,0,,,,,601,"[""20210917"",""900346""]",601-D,,cor:monetaryAmount,"{""d_cor_accountingEntries"":""1"",""d_cor_entryDetail"":""601-D"",""d_cor_entryHeader"":""[\""20210917\"",\""900346\""]""}"
38,1,2021-09,2021-09-18,900322,Synthetic demo credit sale 900322,,,0,,,0,,,,,4010,Demo Service Revenue,174370,B5,B5,15852,C007,Demo Customer Grove,D01,Demo Sales,602,"[""20210918"",""900322""]",,602-C,cor:monetaryAmount,"{""d_cor_accountingEntries"":""1"",""d_cor_entryDetail"":""602-C"",""d_cor_entryHeader"":""[\""20210918\"",\""900322\""]""}"
38,2,2021-09,2021-09-18,900322,Synthetic demo credit sale 900322,1200,Demo Accounts Receivable,174370,00,00,0,C001,Demo Customer Aurora,D01,Demo Sales,,,0,,,0,,,,,602,"[""20210918"",""900322""]",602-D,,cor:monetaryAmount,"{""d_cor_accountingEntries"":""1"",""d_cor_entryDetail"":""602-D"",""d_cor_entryHeader"":""[\""20210918\"",\""900322\""]""}"
39,1,2021-09,2021-09-18,900325,Synthetic demo purchase on account 900325,,,0,,,0,,,,,2000,Demo Accounts Payable,284710,00,00,0,V001,Demo Vendor Keystone,D04,Demo Logistics,603,"[""20210918"",""900325""]",,603-C,cor:monetaryAmount,"{""d_cor_accountingEntries"":""1"",""d_cor_entryDetail"":""603-C"",""d_cor_entryHeader"":""[\""20210918\"",\""900325\""]""}"
39,2,2021-09,2021-09-18,900325,Synthetic demo purchase on account 900325,5010,Demo Freight-in,284710,Q5,Q5,25883,V006,Demo Vendor Prairie,D04,Demo Logistics,,,0,,,0,,,,,603,"[""20210918"",""900325""]",603-D,,cor:monetaryAmount,"{""d_cor_accountingEntries"":""1"",""d_cor_entryDetail"":""603-D"",""d_cor_entryHeader"":""[\""20210918\"",\""900325\""]""}"
40,1,2021-09,2021-09-19,900304,Synthetic demo mixed sales and receipt 900304,1110,Demo North Current Deposit,122860,00,00,0,B002,North Demo Bank,D01,Demo Sales,,,0,,,0,,,,,604,"[""20210919"",""900304""]",604-D,,cor:monetaryAmount,"{""d_cor_accountingEntries"":""1"",""d_cor_entryDetail"":""604-D"",""d_cor_entryHeader"":""[\""20210919\"",\""900304\""]""}"
40,2,2021-09,2021-09-19,900304,Synthetic demo mixed sales and receipt 900304,1200,Demo Accounts Receivable,523820,00,00,0,C001,Demo Customer Aurora,D01,Demo Sales,,,0,,,0,,,,,605,"[""20210919"",""900304""]",605-D,,cor:monetaryAmount,"{""d_cor_accountingEntries"":""1"",""d_cor_entryDetail"":""605-D"",""d_cor_entryHeader"":""[\""20210919\"",\""900304\""]""}"
40,3,2021-09,2021-09-19,900304,Synthetic demo mixed sales and receipt 900304,,,0,,,0,,,,,4000,Demo Product Sales,155200,B5,B5,14109,C006,Demo Customer Fjord,D01,Demo Sales,606,"[""20210919"",""900304""]",,606-C,cor:monetaryAmount,"{""d_cor_accountingEntries"":""1"",""d_cor_entryDetail"":""606-C"",""d_cor_entryHeader"":""[\""20210919\"",\""900304\""]""}"
40,4,2021-09,2021-09-19,900304,Synthetic demo mixed sales and receipt 900304,,,0,,,0,,,,,4010,Demo Service Revenue,491480,B5,B5,44680,C007,Demo Customer Grove,D01,Demo Sales,607,"[""20210919"",""900304""]",,607-C,cor:monetaryAmount,"{""d_cor_accountingEntries"":""1"",""d_cor_entryDetail"":""607-C"",""d_cor_entryHeader"":""[\""20210919\"",\""900304\""]""}"
41,1,2021-09,2021-09-20,900332,Synthetic demo financing settlement 900332,,,0,,,0,,,,,1120,Demo Harbor Ordinary Deposit,448340,00,00,0,B003,Harbor Demo Bank,D06,Demo Management,608,"[""20210920"",""900332""]",,608-C,cor:monetaryAmount,"{""d_cor_accountingEntries"":""1"",""d_cor_entryDetail"":""608-C"",""d_cor_entryHeader"":""[\""20210920\"",\""900332\""]""}"
41,2,2021-09,2021-09-20,900332,Synthetic demo financing settlement 900332,2200,Demo Short-term Loans,251070,00,00,0,,,D06,Demo Management,,,0,,,0,,,,,608,"[""20210920"",""900332""]",608-D,,cor:monetaryAmount,"{""d_cor_accountingEntries"":""1"",""d_cor_entryDetail"":""608-D"",""d_cor_entryHeader"":""[\""20210920\"",\""900332\""]""}"
41,3,2021-09,2021-09-20,900332,Synthetic demo financing settlement 900332,6070,Demo Bank Fees,80700,00,00,0,B003,Harbor Demo Bank,D06,Demo Management,,,0,,,0,,,,,609,"[""20210920"",""900332""]",609-D,,cor:monetaryAmount,"{""d_cor_accountingEntries"":""1"",""d_cor_entryDetail"":""609-D"",""d_cor_entryHeader"":""[\""20210920\"",\""900332\""]""}"
41,4,2021-09,2021-09-20,900332,Synthetic demo financing settlement 900332,7000,Demo Taxes and Dues,116570,P0,P0,0,,,D06,Demo Management,,,0,,,0,,,,,610,"[""20210920"",""900332""]",610-D,,cor:monetaryAmount,"{""d_cor_accountingEntries"":""1"",""d_cor_entryDetail"":""610-D"",""d_cor_entryHeader"":""[\""20210920\"",\""900332\""]""}"
42,1,2021-09,2021-09-20,900342,Synthetic demo mixed sales and receipt 900342,1100,Demo Central Ordinary Deposit,195920,00,00,0,B001,Demo Central Bank,D01,Demo Sales,,,0,,,0,,,,,611,"[""20210920"",""900342""]",611-D,,cor:monetaryAmount,"{""d_cor_accountingEntries"":""1"",""d_cor_entryDetail"":""611-D"",""d_cor_entryHeader"":""[\""20210920\"",\""900342\""]""}"
42,2,2021-09,2021-09-20,900342,Synthetic demo mixed sales and receipt 900342,1200,Demo Accounts Receivable,160300,00,00,0,C001,Demo Customer Aurora,D01,Demo Sales,,,0,,,0,,,,,612,"[""20210920"",""900342""]",612-D,,cor:monetaryAmount,"{""d_cor_accountingEntries"":""1"",""d_cor_entryDetail"":""612-D"",""d_cor_entryHeader"":""[\""20210920\"",\""900342\""]""}"
42,3,2021-09,2021-09-20,900342,Synthetic demo mixed sales and receipt 900342,,,0,,,0,,,,,4000,Demo Product Sales,302780,B5,B5,27525,C004,Demo Customer Dawn,D01,Demo Sales,613,"[""20210920"",""900342""]",,613-C,cor:monetaryAmount,"{""d_cor_accountingEntries"":""1"",""d_cor_entryDetail"":""613-C"",""d_cor_entryHeader"":""[\""20210920\"",\""900342\""]""}"
42,4,2021-09,2021-09-20,900342,Synthetic demo mixed sales and receipt 900342,,,0,,,0,,,,,4010,Demo Service Revenue,53440,B5,B5,4858,C005,Demo Customer Elm,D01,Demo Sales,614,"[""20210920"",""900342""]",,614-C,cor:monetaryAmount,"{""d_cor_accountingEntries"":""1"",""d_cor_entryDetail"":""614-C"",""d_cor_entryHeader"":""[\""20210920\"",\""900342\""]""}"
43,1,2021-09,2021-09-21,900316,Synthetic demo purchase on account 900316,,,0,,,0,,,,,2000,Demo Accounts Payable,148540,00,00,0,V001,Demo Vendor Keystone,D04,Demo Logistics,615,"[""20210921"",""900316""]",,615-C,cor:monetaryAmount,"{""d_cor_accountingEntries"":""1"",""d_cor_entryDetail"":""615-C"",""d_cor_entryHeader"":""[\""20210921\"",\""900316\""]""}"
43,2,2021-09,2021-09-21,900316,Synthetic demo purchase on account 900316,5010,Demo Freight-in,148540,Q5,Q5,13504,V001,Demo Vendor Keystone,D04,Demo Logistics,,,0,,,0,,,,,615,"[""20210921"",""900316""]",615-D,,cor:monetaryAmount,"{""d_cor_accountingEntries"":""1"",""d_cor_entryDetail"":""615-D"",""d_cor_entryHeader"":""[\""20210921\"",\""900316\""]""}"
44,1,2021-09,2021-09-21,900328,Synthetic demo operating expense 900328,,,0,,,0,,,,,1110,Demo North Current Deposit,34930,00,00,0,B002,North Demo Bank,D03,Demo Operations,616,"[""20210921"",""900328""]",,616-C,cor:monetaryAmount,"{""d_cor_accountingEntries"":""1"",""d_cor_entryDetail"":""616-C"",""d_cor_entryHeader"":""[\""20210921\"",\""900328\""]""}"
44,2,2021-09,2021-09-21,900328,Synthetic demo operating expense 900328,6060,Demo Office Supplies,34930,C5,C5,3175,V001,Demo Vendor Keystone,D03,Demo Operations,,,0,,,0,,,,,616,"[""20210921"",""900328""]",616-D,,cor:monetaryAmount,"{""d_cor_accountingEntries"":""1"",""d_cor_entryDetail"":""616-D"",""d_cor_entryHeader"":""[\""20210921\"",\""900328\""]""}"
45,1,2021-09,2021-09-23,900297,Synthetic demo vendor settlement 900297,,,0,,,0,,,,,1100,Demo Central Ordinary Deposit,146380,00,00,0,B001,Demo Central Bank,D04,Demo Logistics,617,"[""20210923"",""900297""]",,617-C,cor:monetaryAmount,"{""d_cor_accountingEntries"":""1"",""d_cor_entryDetail"":""617-C"",""d_cor_entryHeader"":""[\""20210923\"",\""900297\""]""}"
45,2,2021-09,2021-09-23,900297,Synthetic demo vendor settlement 900297,2000,Demo Accounts Payable,146380,00,00,0,V001,Demo Vendor Keystone,D04,Demo Logistics,,,0,,,0,,,,,617,"[""20210923"",""900297""]",617-D,,cor:monetaryAmount,"{""d_cor_accountingEntries"":""1"",""d_cor_entryDetail"":""617-D"",""d_cor_entryHeader"":""[\""20210923\"",\""900297\""]""}"
46,1,2021-09,2021-09-23,900315,Synthetic demo purchase on account 900315,,,0,,,0,,,,,2000,Demo Accounts Payable,353960,00,00,0,V001,Demo Vendor Keystone,D04,Demo Logistics,618,"[""20210923"",""900315""]",,618-C,cor:monetaryAmount,"{""d_cor_accountingEntries"":""1"",""d_cor_entryDetail"":""618-C"",""d_cor_entryHeader"":""[\""20210923\"",\""900315\""]""}"
46,2,2021-09,2021-09-23,900315,Synthetic demo purchase on account 900315,5000,Demo Purchases,353960,Q5,Q5,32178,V006,Demo Vendor Prairie,D04,Demo Logistics,,,0,,,0,,,,,618,"[""20210923"",""900315""]",618-D,,cor:monetaryAmount,"{""d_cor_accountingEntries"":""1"",""d_cor_entryDetail"":""618-D"",""d_cor_entryHeader"":""[\""20210923\"",\""900315\""]""}"
47,1,2021-09,2021-09-25,900311,Synthetic demo multi-vendor settlement 900311,2000,Demo Accounts Payable,116410,00,00,0,V001,Demo Vendor Keystone,D01,Demo Sales,,,0,,,0,,,,,619,"[""20210925"",""900311""]",619-D,,cor:monetaryAmount,"{""d_cor_accountingEntries"":""1"",""d_cor_entryDetail"":""619-D"",""d_cor_entryHeader"":""[\""20210925\"",\""900311\""]""}"
47,2,2021-09,2021-09-25,900311,Synthetic demo multi-vendor settlement 900311,2100,Demo Accrued Payables,465670,00,00,0,V005,Demo Vendor Orchid,D01,Demo Sales,,,0,,,0,,,,,620,"[""20210925"",""900311""]",620-D,,cor:monetaryAmount,"{""d_cor_accountingEntries"":""1"",""d_cor_entryDetail"":""620-D"",""d_cor_entryHeader"":""[\""20210925\"",\""900311\""]""}"
47,3,2021-09,2021-09-25,900311,Synthetic demo multi-vendor settlement 900311,,,0,,,0,,,,,1120,Demo Harbor Ordinary Deposit,232830,00,00,0,B003,Harbor Demo Bank,D01,Demo Sales,621,"[""20210925"",""900311""]",,621-C,cor:monetaryAmount,"{""d_cor_accountingEntries"":""1"",""d_cor_entryDetail"":""621-C"",""d_cor_entryHeader"":""[\""20210925\"",\""900311\""]""}"
47,4,2021-09,2021-09-25,900311,Synthetic demo multi-vendor settlement 900311,,,0,,,0,,,,,1100,Demo Central Ordinary Deposit,349250,00,00,0,B001,Demo Central Bank,D01,Demo Sales,622,"[""20210925"",""900311""]",,622-C,cor:monetaryAmount,"{""d_cor_accountingEntries"":""1"",""d_cor_entryDetail"":""622-C"",""d_cor_entryHeader"":""[\""20210925\"",\""900311\""]""}"
48,1,2021-09,2021-09-25,900320,Synthetic demo credit sale 900320,,,0,,,0,,,,,4020,Demo Other Operating Revenue,305090,B5,B5,27735,C001,Demo Customer Aurora,D01,Demo Sales,623,"[""20210925"",""900320""]",,623-C,cor:monetaryAmount,"{""d_cor_accountingEntries"":""1"",""d_cor_entryDetail"":""623-C"",""d_cor_entryHeader"":""[\""20210925\"",\""900320\""]""}"
48,2,2021-09,2021-09-25,900320,Synthetic demo credit sale 900320,1200,Demo Accounts Receivable,305090,00,00,0,C001,Demo Customer Aurora,D01,Demo Sales,,,0,,,0,,,,,623,"[""20210925"",""900320""]",623-D,,cor:monetaryAmount,"{""d_cor_accountingEntries"":""1"",""d_cor_entryDetail"":""623-D"",""d_cor_entryHeader"":""[\""20210925\"",\""900320\""]""}"
49,1,2021-09,2021-09-25,900347,Synthetic demo vendor settlement 900347,,,0,,,0,,,,,1120,Demo Harbor Ordinary Deposit,185570,00,00,0,B003,Harbor Demo Bank,D04,Demo Logistics,624,"[""20210925"",""900347""]",,624-C,cor:monetaryAmount,"{""d_cor_accountingEntries"":""1"",""d_cor_entryDetail"":""624-C"",""d_cor_entryHeader"":""[\""20210925\"",\""900347\""]""}"
49,2,2021-09,2021-09-25,900347,Synthetic demo vendor settlement 900347,2000,Demo Accounts Payable,185570,00,00,0,V001,Demo Vendor Keystone,D04,Demo Logistics,,,0,,,0,,,,,624,"[""20210925"",""900347""]",624-D,,cor:monetaryAmount,"{""d_cor_accountingEntries"":""1"",""d_cor_entryDetail"":""624-D"",""d_cor_entryHeader"":""[\""20210925\"",\""900347\""]""}"
50,1,2021-09,2021-09-26,900318,Synthetic demo operating expense 900318,,,0,,,0,,,,,1100,Demo Central Ordinary Deposit,143410,00,00,0,B001,Demo Central Bank,D02,Demo Administration,625,"[""20210926"",""900318""]",,625-C,cor:monetaryAmount,"{""d_cor_accountingEntries"":""1"",""d_cor_entryDetail"":""625-C"",""d_cor_entryHeader"":""[\""20210926\"",\""900318\""]""}"
50,2,2021-09,2021-09-26,900318,Synthetic demo operating expense 900318,6140,Demo Vehicle Expense,143410,Q5,Q5,13037,V001,Demo Vendor Keystone,D02,Demo Administration,,,0,,,0,,,,,625,"[""20210926"",""900318""]",625-D,,cor:monetaryAmount,"{""d_cor_accountingEntries"":""1"",""d_cor_entryDetail"":""625-D"",""d_cor_entryHeader"":""[\""20210926\"",\""900318\""]""}"
51,1,2021-09,2021-09-28,900307,Synthetic demo vendor settlement 900307,,,0,,,0,,,,,1110,Demo North Current Deposit,214630,00,00,0,B002,North Demo Bank,D04,Demo Logistics,626,"[""20210928"",""900307""]",,626-C,cor:monetaryAmount,"{""d_cor_accountingEntries"":""1"",""d_cor_entryDetail"":""626-C"",""d_cor_entryHeader"":""[\""20210928\"",\""900307\""]""}"
51,2,2021-09,2021-09-28,900307,Synthetic demo vendor settlement 900307,2000,Demo Accounts Payable,214630,00,00,0,V001,Demo Vendor Keystone,D04,Demo Logistics,,,0,,,0,,,,,626,"[""20210928"",""900307""]",626-D,,cor:monetaryAmount,"{""d_cor_accountingEntries"":""1"",""d_cor_entryDetail"":""626-D"",""d_cor_entryHeader"":""[\""20210928\"",\""900307\""]""}"
52,1,2021-09,2021-09-28,900337,Synthetic demo vendor settlement 900337,,,0,,,0,,,,,1110,Demo North Current Deposit,221550,00,00,0,B002,North Demo Bank,D04,Demo Logistics,627,"[""20210928"",""900337""]",,627-C,cor:monetaryAmount,"{""d_cor_accountingEntries"":""1"",""d_cor_entryDetail"":""627-C"",""d_cor_entryHeader"":""[\""20210928\"",\""900337\""]""}"
52,2,2021-09,2021-09-28,900337,Synthetic demo vendor settlement 900337,2000,Demo Accounts Payable,221550,00,00,0,V001,Demo Vendor Keystone,D04,Demo Logistics,,,0,,,0,,,,,627,"[""20210928"",""900337""]",627-D,,cor:monetaryAmount,"{""d_cor_accountingEntries"":""1"",""d_cor_entryDetail"":""627-D"",""d_cor_entryHeader"":""[\""20210928\"",\""900337\""]""}"
53,1,2021-09,2021-09-29,900321,Synthetic demo credit sale 900321,,,0,,,0,,,,,4000,Demo Product Sales,595770,B5,B5,54161,C004,Demo Customer Dawn,D01,Demo Sales,628,"[""20210929"",""900321""]",,628-C,cor:monetaryAmount,"{""d_cor_accountingEntries"":""1"",""d_cor_entryDetail"":""628-C"",""d_cor_entryHeader"":""[\""20210929\"",\""900321\""]""}"
53,2,2021-09,2021-09-29,900321,Synthetic demo credit sale 900321,1200,Demo Accounts Receivable,595770,00,00,0,C001,Demo Customer Aurora,D01,Demo Sales,,,0,,,0,,,,,628,"[""20210929"",""900321""]",628-D,,cor:monetaryAmount,"{""d_cor_accountingEntries"":""1"",""d_cor_entryDetail"":""628-D"",""d_cor_entryHeader"":""[\""20210929\"",\""900321\""]""}"
54,1,2021-09,2021-09-29,900333,Synthetic demo customer receipt 900333,,,0,,,0,,,,,1200,Demo Accounts Receivable,203720,00,00,0,C001,Demo Customer Aurora,D01,Demo Sales,629,"[""20210929"",""900333""]",,629-C,cor:monetaryAmount,"{""d_cor_accountingEntries"":""1"",""d_cor_entryDetail"":""629-C"",""d_cor_entryHeader"":""[\""20210929\"",\""900333\""]""}"
54,2,2021-09,2021-09-29,900333,Synthetic demo customer receipt 900333,1100,Demo Central Ordinary Deposit,203720,00,00,0,B001,Demo Central Bank,D01,Demo Sales,,,0,,,0,,,,,629,"[""20210929"",""900333""]",629-D,,cor:monetaryAmount,"{""d_cor_accountingEntries"":""1"",""d_cor_entryDetail"":""629-D"",""d_cor_entryHeader"":""[\""20210929\"",\""900333\""]""}"
55,1,2021-09,2021-09-29,900341,Synthetic demo credit sale 900341,,,0,,,0,,,,,4020,Demo Other Operating Revenue,285420,B5,B5,25947,C004,Demo Customer Dawn,D01,Demo Sales,630,"[""20210929"",""900341""]",,630-C,cor:monetaryAmount,"{""d_cor_accountingEntries"":""1"",""d_cor_entryDetail"":""630-C"",""d_cor_entryHeader"":""[\""20210929\"",\""900341\""]""}"
55,2,2021-09,2021-09-29,900341,Synthetic demo credit sale 900341,1200,Demo Accounts Receivable,285420,00,00,0,C001,Demo Customer Aurora,D01,Demo Sales,,,0,,,0,,,,,630,"[""20210929"",""900341""]",630-D,,cor:monetaryAmount,"{""d_cor_accountingEntries"":""1"",""d_cor_entryDetail"":""630-D"",""d_cor_entryHeader"":""[\""20210929\"",\""900341\""]""}"
56,1,2021-09,2021-09-30,900303,Synthetic demo customer receipt 900303,,,0,,,0,,,,,1200,Demo Accounts Receivable,175050,00,00,0,C001,Demo Customer Aurora,D01,Demo Sales,631,"[""20210930"",""900303""]",,631-C,cor:monetaryAmount,"{""d_cor_accountingEntries"":""1"",""d_cor_entryDetail"":""631-C"",""d_cor_entryHeader"":""[\""20210930\"",\""900303\""]""}"
56,2,2021-09,2021-09-30,900303,Synthetic demo customer receipt 900303,1100,Demo Central Ordinary Deposit,175050,00,00,0,B001,Demo Central Bank,D01,Demo Sales,,,0,,,0,,,,,631,"[""20210930"",""900303""]",631-D,,cor:monetaryAmount,"{""d_cor_accountingEntries"":""1"",""d_cor_entryDetail"":""631-D"",""d_cor_entryHeader"":""[\""20210930\"",\""900303\""]""}"
57,1,2021-09,2021-09-30,900305,Synthetic demo purchase on account 900305,,,0,,,0,,,,,2000,Demo Accounts Payable,101790,00,00,0,V001,Demo Vendor Keystone,D04,Demo Logistics,632,"[""20210930"",""900305""]",,632-C,cor:monetaryAmount,"{""d_cor_accountingEntries"":""1"",""d_cor_entryDetail"":""632-C"",""d_cor_entryHeader"":""[\""20210930\"",\""900305\""]""}"
57,2,2021-09,2021-09-30,900305,Synthetic demo purchase on account 900305,5020,Demo Inventory Adjustment,101790,Q5,Q5,9254,V006,Demo Vendor Prairie,D04,Demo Logistics,,,0,,,0,,,,,632,"[""20210930"",""900305""]",632-D,,cor:monetaryAmount,"{""d_cor_accountingEntries"":""1"",""d_cor_entryDetail"":""632-D"",""d_cor_entryHeader"":""[\""20210930\"",\""900305\""]""}"
58,1,2021-09,2021-09-30,900352,Synthetic demo credit sale 900352,,,0,,,0,,,,,4010,Demo Service Revenue,272770,B5,B5,24797,C007,Demo Customer Grove,D01,Demo Sales,633,"[""20210930"",""900352""]",,633-C,cor:monetaryAmount,"{""d_cor_accountingEntries"":""1"",""d_cor_entryDetail"":""633-C"",""d_cor_entryHeader"":""[\""20210930\"",\""900352\""]""}"
58,2,2021-09,2021-09-30,900352,Synthetic demo credit sale 900352,1200,Demo Accounts Receivable,272770,00,00,0,C001,Demo Customer Aurora,D01,Demo Sales,,,0,,,0,,,,,633,"[""20210930"",""900352""]",633-D,,cor:monetaryAmount,"{""d_cor_accountingEntries"":""1"",""d_cor_entryDetail"":""633-D"",""d_cor_entryHeader"":""[\""20210930\"",\""900352\""]""}"
1,1,2021-10,2021-10-01,900367,Synthetic demo multi-vendor settlement 900367,2000,Demo Accounts Payable,146200,00,00,0,V001,Demo Vendor Keystone,D01,Demo Sales,,,0,,,0,,,,,634,"[""20211001"",""900367""]",634-D,,cor:monetaryAmount,"{""d_cor_accountingEntries"":""1"",""d_cor_entryDetail"":""634-D"",""d_cor_entryHeader"":""[\""20211001\"",\""900367\""]""}"
1,2,2021-10,2021-10-01,900367,Synthetic demo multi-vendor settlement 900367,2100,Demo Accrued Payables,341150,00,00,0,V001,Demo Vendor Keystone,D01,Demo Sales,,,0,,,0,,,,,635,"[""20211001"",""900367""]",635-D,,cor:monetaryAmount,"{""d_cor_accountingEntries"":""1"",""d_cor_entryDetail"":""635-D"",""d_cor_entryHeader"":""[\""20211001\"",\""900367\""]""}"
1,3,2021-10,2021-10-01,900367,Synthetic demo multi-vendor settlement 900367,,,0,,,0,,,,,1110,Demo North Current Deposit,341140,00,00,0,B002,North Demo Bank,D01,Demo Sales,636,"[""20211001"",""900367""]",,636-C,cor:monetaryAmount,"{""d_cor_accountingEntries"":""1"",""d_cor_entryDetail"":""636-C"",""d_cor_entryHeader"":""[\""20211001\"",\""900367\""]""}"
1,4,2021-10,2021-10-01,900367,Synthetic demo multi-vendor settlement 900367,,,0,,,0,,,,,1120,Demo Harbor Ordinary Deposit,146210,00,00,0,B003,Harbor Demo Bank,D01,Demo Sales,637,"[""20211001"",""900367""]",,637-C,cor:monetaryAmount,"{""d_cor_accountingEntries"":""1"",""d_cor_entryDetail"":""637-C"",""d_cor_entryHeader"":""[\""20211001\"",\""900367\""]""}"
2,1,2021-10,2021-10-01,900399,Synthetic demo prepaid service 900399,,,0,,,0,,,,,1100,Demo Central Ordinary Deposit,202420,00,00,0,B001,Demo Central Bank,D05,Demo Digital Services,638,"[""20211001"",""900399""]",,638-C,cor:monetaryAmount,"{""d_cor_accountingEntries"":""1"",""d_cor_entryDetail"":""638-C"",""d_cor_entryHeader"":""[\""20211001\"",\""900399\""]""}"
2,2,2021-10,2021-10-01,900399,Synthetic demo prepaid service 900399,1400,Demo Prepaid Expenses,202420,00,00,0,S004,Demo Logistics Services,D05,Demo Digital Services,,,0,,,0,,,,,638,"[""20211001"",""900399""]",638-D,,cor:monetaryAmount,"{""d_cor_accountingEntries"":""1"",""d_cor_entryDetail"":""638-D"",""d_cor_entryHeader"":""[\""20211001\"",\""900399\""]""}"
3,1,2021-10,2021-10-02,900385,Synthetic demo purchase on account 900385,,,0,,,0,,,,,2000,Demo Accounts Payable,36660,00,00,0,V001,Demo Vendor Keystone,D04,Demo Logistics,639,"[""20211002"",""900385""]",,639-C,cor:monetaryAmount,"{""d_cor_accountingEntries"":""1"",""d_cor_entryDetail"":""639-C"",""d_cor_entryHeader"":""[\""20211002\"",\""900385\""]""}"
3,2,2021-10,2021-10-02,900385,Synthetic demo purchase on account 900385,5010,Demo Freight-in,36660,Q5,Q5,3333,V006,Demo Vendor Prairie,D04,Demo Logistics,,,0,,,0,,,,,639,"[""20211002"",""900385""]",639-D,,cor:monetaryAmount,"{""d_cor_accountingEntries"":""1"",""d_cor_entryDetail"":""639-D"",""d_cor_entryHeader"":""[\""20211002\"",\""900385\""]""}"
4,1,2021-10,2021-10-03,900383,Synthetic demo financing settlement 900383,,,0,,,0,,,,,1120,Demo Harbor Ordinary Deposit,434210,00,00,0,B003,Harbor Demo Bank,D06,Demo Management,640,"[""20211003"",""900383""]",,640-C,cor:monetaryAmount,"{""d_cor_accountingEntries"":""1"",""d_cor_entryDetail"":""640-C"",""d_cor_entryHeader"":""[\""20211003\"",\""900383\""]""}"
4,2,2021-10,2021-10-03,900383,Synthetic demo financing settlement 900383,2200,Demo Short-term Loans,121570,00,00,0,,,D06,Demo Management,,,0,,,0,,,,,640,"[""20211003"",""900383""]",640-D,,cor:monetaryAmount,"{""d_cor_accountingEntries"":""1"",""d_cor_entryDetail"":""640-D"",""d_cor_entryHeader"":""[\""20211003\"",\""900383\""]""}"
4,3,2021-10,2021-10-03,900383,Synthetic demo financing settlement 900383,6070,Demo Bank Fees,243150,00,00,0,B003,Harbor Demo Bank,D06,Demo Management,,,0,,,0,,,,,641,"[""20211003"",""900383""]",641-D,,cor:monetaryAmount,"{""d_cor_accountingEntries"":""1"",""d_cor_entryDetail"":""641-D"",""d_cor_entryHeader"":""[\""20211003\"",\""900383\""]""}"
4,4,2021-10,2021-10-03,900383,Synthetic demo financing settlement 900383,7000,Demo Taxes and Dues,69490,P0,P0,0,,,D06,Demo Management,,,0,,,0,,,,,642,"[""20211003"",""900383""]",642-D,,cor:monetaryAmount,"{""d_cor_accountingEntries"":""1"",""d_cor_entryDetail"":""642-D"",""d_cor_entryHeader"":""[\""20211003\"",\""900383\""]""}"
5,1,2021-10,2021-10-03,900401,Synthetic demo multi-vendor settlement 900401,2000,Demo Accounts Payable,231960,00,00,0,V001,Demo Vendor Keystone,D01,Demo Sales,,,0,,,0,,,,,643,"[""20211003"",""900401""]",643-D,,cor:monetaryAmount,"{""d_cor_accountingEntries"":""1"",""d_cor_entryDetail"":""643-D"",""d_cor_entryHeader"":""[\""20211003\"",\""900401\""]""}"
5,2,2021-10,2021-10-03,900401,Synthetic demo multi-vendor settlement 900401,2100,Demo Accrued Payables,61670,00,00,0,V005,Demo Vendor Orchid,D01,Demo Sales,,,0,,,0,,,,,644,"[""20211003"",""900401""]",644-D,,cor:monetaryAmount,"{""d_cor_accountingEntries"":""1"",""d_cor_entryDetail"":""644-D"",""d_cor_entryHeader"":""[\""20211003\"",\""900401\""]""}"
5,3,2021-10,2021-10-03,900401,Synthetic demo multi-vendor settlement 900401,,,0,,,0,,,,,1120,Demo Harbor Ordinary Deposit,138000,00,00,0,B003,Harbor Demo Bank,D01,Demo Sales,645,"[""20211003"",""900401""]",,645-C,cor:monetaryAmount,"{""d_cor_accountingEntries"":""1"",""d_cor_entryDetail"":""645-C"",""d_cor_entryHeader"":""[\""20211003\"",\""900401\""]""}"
5,4,2021-10,2021-10-03,900401,Synthetic demo multi-vendor settlement 900401,,,0,,,0,,,,,1100,Demo Central Ordinary Deposit,155630,00,00,0,B001,Demo Central Bank,D01,Demo Sales,646,"[""20211003"",""900401""]",,646-C,cor:monetaryAmount,"{""d_cor_accountingEntries"":""1"",""d_cor_entryDetail"":""646-C"",""d_cor_entryHeader"":""[\""20211003\"",\""900401\""]""}"
6,1,2021-10,2021-10-04,900406,Synthetic demo purchase on account 900406,,,0,,,0,,,,,2000,Demo Accounts Payable,333950,00,00,0,V001,Demo Vendor Keystone,D04,Demo Logistics,647,"[""20211004"",""900406""]",,647-C,cor:monetaryAmount,"{""d_cor_accountingEntries"":""1"",""d_cor_entryDetail"":""647-C"",""d_cor_entryHeader"":""[\""20211004\"",\""900406\""]""}"
6,2,2021-10,2021-10-04,900406,Synthetic demo purchase on account 900406,5010,Demo Freight-in,333950,Q5,Q5,30359,V001,Demo Vendor Keystone,D04,Demo Logistics,,,0,,,0,,,,,647,"[""20211004"",""900406""]",647-D,,cor:monetaryAmount,"{""d_cor_accountingEntries"":""1"",""d_cor_entryDetail"":""647-D"",""d_cor_entryHeader"":""[\""20211004\"",\""900406\""]""}"
7,1,2021-10,2021-10-05,900395,Synthetic demo purchase on account 900395,,,0,,,0,,,,,2000,Demo Accounts Payable,195440,00,00,0,V001,Demo Vendor Keystone,D04,Demo Logistics,648,"[""20211005"",""900395""]",,648-C,cor:monetaryAmount,"{""d_cor_accountingEntries"":""1"",""d_cor_entryDetail"":""648-C"",""d_cor_entryHeader"":""[\""20211005\"",\""900395\""]""}"
7,2,2021-10,2021-10-05,900395,Synthetic demo purchase on account 900395,5020,Demo Inventory Adjustment,195440,Q5,Q5,17767,V006,Demo Vendor Prairie,D04,Demo Logistics,,,0,,,0,,,,,648,"[""20211005"",""900395""]",648-D,,cor:monetaryAmount,"{""d_cor_accountingEntries"":""1"",""d_cor_entryDetail"":""648-D"",""d_cor_entryHeader"":""[\""20211005\"",\""900395\""]""}"
8,1,2021-10,2021-10-06,900372,Synthetic demo credit sale 900372,,,0,,,0,,,,,4000,Demo Product Sales,486740,B5,B5,44249,C007,Demo Customer Grove,D01,Demo Sales,649,"[""20211006"",""900372""]",,649-C,cor:monetaryAmount,"{""d_cor_accountingEntries"":""1"",""d_cor_entryDetail"":""649-C"",""d_cor_entryHeader"":""[\""20211006\"",\""900372\""]""}"
8,2,2021-10,2021-10-06,900372,Synthetic demo credit sale 900372,1200,Demo Accounts Receivable,486740,00,00,0,C001,Demo Customer Aurora,D01,Demo Sales,,,0,,,0,,,,,649,"[""20211006"",""900372""]",649-D,,cor:monetaryAmount,"{""d_cor_accountingEntries"":""1"",""d_cor_entryDetail"":""649-D"",""d_cor_entryHeader"":""[\""20211006\"",\""900372\""]""}"
9,1,2021-10,2021-10-06,900396,Synthetic demo combined customer receipt 900396,,,0,,,0,,,,,1200,Demo Accounts Receivable,80610,00,00,0,C001,Demo Customer Aurora,D01,Demo Sales,650,"[""20211006"",""900396""]",,650-C,cor:monetaryAmount,"{""d_cor_accountingEntries"":""1"",""d_cor_entryDetail"":""650-C"",""d_cor_entryHeader"":""[\""20211006\"",\""900396\""]""}"
9,2,2021-10,2021-10-06,900396,Synthetic demo combined customer receipt 900396,1100,Demo Central Ordinary Deposit,268710,00,00,0,B001,Demo Central Bank,D01,Demo Sales,,,0,,,0,,,,,650,"[""20211006"",""900396""]",650-D,,cor:monetaryAmount,"{""d_cor_accountingEntries"":""1"",""d_cor_entryDetail"":""650-D"",""d_cor_entryHeader"":""[\""20211006\"",\""900396\""]""}"
9,3,2021-10,2021-10-06,900396,Synthetic demo combined customer receipt 900396,,,0,,,0,,,,,1200,Demo Accounts Receivable,29550,00,00,0,C001,Demo Customer Aurora,D01,Demo Sales,651,"[""20211006"",""900396""]",,651-C,cor:monetaryAmount,"{""d_cor_accountingEntries"":""1"",""d_cor_entryDetail"":""651-C"",""d_cor_entryHeader"":""[\""20211006\"",\""900396\""]""}"
9,4,2021-10,2021-10-06,900396,Synthetic demo combined customer receipt 900396,,,0,,,0,,,,,1200,Demo Accounts Receivable,158550,00,00,0,C001,Demo Customer Aurora,D01,Demo Sales,652,"[""20211006"",""900396""]",,652-C,cor:monetaryAmount,"{""d_cor_accountingEntries"":""1"",""d_cor_entryDetail"":""652-C"",""d_cor_entryHeader"":""[\""20211006\"",\""900396\""]""}"
10,1,2021-10,2021-10-06,900408,Synthetic demo operating expense 900408,,,0,,,0,,,,,1100,Demo Central Ordinary Deposit,64460,00,00,0,B001,Demo Central Bank,D02,Demo Administration,653,"[""20211006"",""900408""]",,653-C,cor:monetaryAmount,"{""d_cor_accountingEntries"":""1"",""d_cor_entryDetail"":""653-C"",""d_cor_entryHeader"":""[\""20211006\"",\""900408\""]""}"
10,2,2021-10,2021-10-06,900408,Synthetic demo operating expense 900408,6140,Demo Vehicle Expense,64460,Q5,Q5,5860,V001,Demo Vendor Keystone,D02,Demo Administration,,,0,,,0,,,,,653,"[""20211006"",""900408""]",653-D,,cor:monetaryAmount,"{""d_cor_accountingEntries"":""1"",""d_cor_entryDetail"":""653-D"",""d_cor_entryHeader"":""[\""20211006\"",\""900408\""]""}"
11,1,2021-10,2021-10-07,900364,Synthetic demo operating cost bundle 900364,,,0,,,0,,,,,1110,Demo North Current Deposit,524240,00,00,0,B002,North Demo Bank,D03,Demo Operations,654,"[""20211007"",""900364""]",,654-C,cor:monetaryAmount,"{""d_cor_accountingEntries"":""1"",""d_cor_entryDetail"":""654-C"",""d_cor_entryHeader"":""[\""20211007\"",\""900364\""]""}"
11,2,2021-10,2021-10-07,900364,Synthetic demo operating cost bundle 900364,6030,Demo Utilities,330270,Q5,Q5,30025,S002,Demo Energy Services,D03,Demo Operations,,,0,,,0,,,,,654,"[""20211007"",""900364""]",654-D,,cor:monetaryAmount,"{""d_cor_accountingEntries"":""1"",""d_cor_entryDetail"":""654-D"",""d_cor_entryHeader"":""[\""20211007\"",\""900364\""]""}"
11,3,2021-10,2021-10-07,900364,Synthetic demo operating cost bundle 900364,6040,Demo Communication,78630,Q5,Q5,7148,S003,Demo Network Services,D03,Demo Operations,,,0,,,0,,,,,655,"[""20211007"",""900364""]",655-D,,cor:monetaryAmount,"{""d_cor_accountingEntries"":""1"",""d_cor_entryDetail"":""655-D"",""d_cor_entryHeader"":""[\""20211007\"",\""900364\""]""}"
11,4,2021-10,2021-10-07,900364,Synthetic demo operating cost bundle 900364,6060,Demo Office Supplies,115340,Q5,Q5,10485,V005,Demo Vendor Orchid,D03,Demo Operations,,,0,,,0,,,,,656,"[""20211007"",""900364""]",656-D,,cor:monetaryAmount,"{""d_cor_accountingEntries"":""1"",""d_cor_entryDetail"":""656-D"",""d_cor_entryHeader"":""[\""20211007\"",\""900364\""]""}"
12,1,2021-10,2021-10-07,900380,Synthetic demo mixed sales and receipt 900380,1120,Demo Harbor Ordinary Deposit,146410,00,00,0,B003,Harbor Demo Bank,D01,Demo Sales,,,0,,,0,,,,,657,"[""20211007"",""900380""]",657-D,,cor:monetaryAmount,"{""d_cor_accountingEntries"":""1"",""d_cor_entryDetail"":""657-D"",""d_cor_entryHeader"":""[\""20211007\"",\""900380\""]""}"
12,2,2021-10,2021-10-07,900380,Synthetic demo mixed sales and receipt 900380,1200,Demo Accounts Receivable,78840,00,00,0,C001,Demo Customer Aurora,D01,Demo Sales,,,0,,,0,,,,,658,"[""20211007"",""900380""]",658-D,,cor:monetaryAmount,"{""d_cor_accountingEntries"":""1"",""d_cor_entryDetail"":""658-D"",""d_cor_entryHeader"":""[\""20211007\"",\""900380\""]""}"
12,3,2021-10,2021-10-07,900380,Synthetic demo mixed sales and receipt 900380,,,0,,,0,,,,,4000,Demo Product Sales,128390,B5,B5,11672,C002,Demo Customer Birch,D01,Demo Sales,659,"[""20211007"",""900380""]",,659-C,cor:monetaryAmount,"{""d_cor_accountingEntries"":""1"",""d_cor_entryDetail"":""659-C"",""d_cor_entryHeader"":""[\""20211007\"",\""900380\""]""}"
12,4,2021-10,2021-10-07,900380,Synthetic demo mixed sales and receipt 900380,,,0,,,0,,,,,4010,Demo Service Revenue,96860,B5,B5,8805,C003,Demo Customer Cobalt,D01,Demo Sales,660,"[""20211007"",""900380""]",,660-C,cor:monetaryAmount,"{""d_cor_accountingEntries"":""1"",""d_cor_entryDetail"":""660-C"",""d_cor_entryHeader"":""[\""20211007\"",\""900380\""]""}"
13,1,2021-10,2021-10-08,900382,Synthetic demo credit sale 900382,,,0,,,0,,,,,4010,Demo Service Revenue,100740,B5,B5,9158,C007,Demo Customer Grove,D01,Demo Sales,661,"[""20211008"",""900382""]",,661-C,cor:monetaryAmount,"{""d_cor_accountingEntries"":""1"",""d_cor_entryDetail"":""661-C"",""d_cor_entryHeader"":""[\""20211008\"",\""900382\""]""}"
13,2,2021-10,2021-10-08,900382,Synthetic demo credit sale 900382,1200,Demo Accounts Receivable,100740,00,00,0,C001,Demo Customer Aurora,D01,Demo Sales,,,0,,,0,,,,,661,"[""20211008"",""900382""]",661-D,,cor:monetaryAmount,"{""d_cor_accountingEntries"":""1"",""d_cor_entryDetail"":""661-D"",""d_cor_entryHeader"":""[\""20211008\"",\""900382\""]""}"
14,1,2021-10,2021-10-08,900392,Synthetic demo mixed sales and receipt 900392,1120,Demo Harbor Ordinary Deposit,110050,00,00,0,B003,Harbor Demo Bank,D01,Demo Sales,,,0,,,0,,,,,662,"[""20211008"",""900392""]",662-D,,cor:monetaryAmount,"{""d_cor_accountingEntries"":""1"",""d_cor_entryDetail"":""662-D"",""d_cor_entryHeader"":""[\""20211008\"",\""900392\""]""}"
14,2,2021-10,2021-10-08,900392,Synthetic demo mixed sales and receipt 900392,1200,Demo Accounts Receivable,368460,00,00,0,C001,Demo Customer Aurora,D01,Demo Sales,,,0,,,0,,,,,663,"[""20211008"",""900392""]",663-D,,cor:monetaryAmount,"{""d_cor_accountingEntries"":""1"",""d_cor_entryDetail"":""663-D"",""d_cor_entryHeader"":""[\""20211008\"",\""900392\""]""}"
14,3,2021-10,2021-10-08,900392,Synthetic demo mixed sales and receipt 900392,,,0,,,0,,,,,4000,Demo Product Sales,291890,B5,B5,26535,C004,Demo Customer Dawn,D01,Demo Sales,664,"[""20211008"",""900392""]",,664-C,cor:monetaryAmount,"{""d_cor_accountingEntries"":""1"",""d_cor_entryDetail"":""664-C"",""d_cor_entryHeader"":""[\""20211008\"",\""900392\""]""}"
14,4,2021-10,2021-10-08,900392,Synthetic demo mixed sales and receipt 900392,,,0,,,0,,,,,4010,Demo Service Revenue,186620,B5,B5,16965,C005,Demo Customer Elm,D01,Demo Sales,665,"[""20211008"",""900392""]",,665-C,cor:monetaryAmount,"{""d_cor_accountingEntries"":""1"",""d_cor_entryDetail"":""665-C"",""d_cor_entryHeader"":""[\""20211008\"",\""900392\""]""}"
15,1,2021-10,2021-10-09,900354,Synthetic demo customer receipt 900354,,,0,,,0,,,,,1200,Demo Accounts Receivable,451200,00,00,0,C001,Demo Customer Aurora,D01,Demo Sales,666,"[""20211009"",""900354""]",,666-C,cor:monetaryAmount,"{""d_cor_accountingEntries"":""1"",""d_cor_entryDetail"":""666-C"",""d_cor_entryHeader"":""[\""20211009\"",\""900354\""]""}"
15,2,2021-10,2021-10-09,900354,Synthetic demo customer receipt 900354,1100,Demo Central Ordinary Deposit,451200,00,00,0,B001,Demo Central Bank,D01,Demo Sales,,,0,,,0,,,,,666,"[""20211009"",""900354""]",666-D,,cor:monetaryAmount,"{""d_cor_accountingEntries"":""1"",""d_cor_entryDetail"":""666-D"",""d_cor_entryHeader"":""[\""20211009\"",\""900354\""]""}"
16,1,2021-10,2021-10-09,900356,Synthetic demo purchase on account 900356,,,0,,,0,,,,,2000,Demo Accounts Payable,268000,00,00,0,V001,Demo Vendor Keystone,D04,Demo Logistics,667,"[""20211009"",""900356""]",,667-C,cor:monetaryAmount,"{""d_cor_accountingEntries"":""1"",""d_cor_entryDetail"":""667-C"",""d_cor_entryHeader"":""[\""20211009\"",\""900356\""]""}"
16,2,2021-10,2021-10-09,900356,Synthetic demo purchase on account 900356,5020,Demo Inventory Adjustment,268000,Q5,Q5,24364,V001,Demo Vendor Keystone,D04,Demo Logistics,,,0,,,0,,,,,667,"[""20211009"",""900356""]",667-D,,cor:monetaryAmount,"{""d_cor_accountingEntries"":""1"",""d_cor_entryDetail"":""667-D"",""d_cor_entryHeader"":""[\""20211009\"",\""900356\""]""}"
17,1,2021-10,2021-10-09,900381,Synthetic demo credit sale 900381,,,0,,,0,,,,,4000,Demo Product Sales,335100,B5,B5,30464,C004,Demo Customer Dawn,D01,Demo Sales,668,"[""20211009"",""900381""]",,668-C,cor:monetaryAmount,"{""d_cor_accountingEntries"":""1"",""d_cor_entryDetail"":""668-C"",""d_cor_entryHeader"":""[\""20211009\"",\""900381\""]""}"
17,2,2021-10,2021-10-09,900381,Synthetic demo credit sale 900381,1200,Demo Accounts Receivable,335100,00,00,0,C001,Demo Customer Aurora,D01,Demo Sales,,,0,,,0,,,,,668,"[""20211009"",""900381""]",668-D,,cor:monetaryAmount,"{""d_cor_accountingEntries"":""1"",""d_cor_entryDetail"":""668-D"",""d_cor_entryHeader"":""[\""20211009\"",\""900381\""]""}"
18,1,2021-10,2021-10-09,900388,Synthetic demo operating expense 900388,,,0,,,0,,,,,1110,Demo North Current Deposit,124270,00,00,0,B002,North Demo Bank,D03,Demo Operations,669,"[""20211009"",""900388""]",,669-C,cor:monetaryAmount,"{""d_cor_accountingEntries"":""1"",""d_cor_entryDetail"":""669-C"",""d_cor_entryHeader"":""[\""20211009\"",\""900388\""]""}"
18,2,2021-10,2021-10-09,900388,Synthetic demo operating expense 900388,6120,Demo Professional Fees,124270,Q5,Q5,11297,V001,Demo Vendor Keystone,D03,Demo Operations,,,0,,,0,,,,,669,"[""20211009"",""900388""]",669-D,,cor:monetaryAmount,"{""d_cor_accountingEntries"":""1"",""d_cor_entryDetail"":""669-D"",""d_cor_entryHeader"":""[\""20211009\"",\""900388\""]""}"
19,1,2021-10,2021-10-10,900398,Synthetic demo financing settlement 900398,,,0,,,0,,,,,1120,Demo Harbor Ordinary Deposit,469040,00,00,0,B003,Harbor Demo Bank,D06,Demo Management,670,"[""20211010"",""900398""]",,670-C,cor:monetaryAmount,"{""d_cor_accountingEntries"":""1"",""d_cor_entryDetail"":""670-C"",""d_cor_entryHeader"":""[\""20211010\"",\""900398\""]""}"
19,2,2021-10,2021-10-10,900398,Synthetic demo financing settlement 900398,2200,Demo Short-term Loans,84420,00,00,0,,,D06,Demo Management,,,0,,,0,,,,,670,"[""20211010"",""900398""]",670-D,,cor:monetaryAmount,"{""d_cor_accountingEntries"":""1"",""d_cor_entryDetail"":""670-D"",""d_cor_entryHeader"":""[\""20211010\"",\""900398\""]""}"
19,3,2021-10,2021-10-10,900398,Synthetic demo financing settlement 900398,6070,Demo Bank Fees,187610,00,00,0,B003,Harbor Demo Bank,D06,Demo Management,,,0,,,0,,,,,671,"[""20211010"",""900398""]",671-D,,cor:monetaryAmount,"{""d_cor_accountingEntries"":""1"",""d_cor_entryDetail"":""671-D"",""d_cor_entryHeader"":""[\""20211010\"",\""900398\""]""}"
19,4,2021-10,2021-10-10,900398,Synthetic demo financing settlement 900398,7000,Demo Taxes and Dues,197010,P0,P0,0,,,D06,Demo Management,,,0,,,0,,,,,672,"[""20211010"",""900398""]",672-D,,cor:monetaryAmount,"{""d_cor_accountingEntries"":""1"",""d_cor_entryDetail"":""672-D"",""d_cor_entryHeader"":""[\""20211010\"",\""900398\""]""}"
20,1,2021-10,2021-10-10,900400,Synthetic demo credit sale 900400,,,0,,,0,,,,,4010,Demo Service Revenue,246940,B5,B5,22449,C001,Demo Customer Aurora,D01,Demo Sales,673,"[""20211010"",""900400""]",,673-C,cor:monetaryAmount,"{""d_cor_accountingEntries"":""1"",""d_cor_entryDetail"":""673-C"",""d_cor_entryHeader"":""[\""20211010\"",\""900400\""]""}"
20,2,2021-10,2021-10-10,900400,Synthetic demo credit sale 900400,1200,Demo Accounts Receivable,246940,00,00,0,C001,Demo Customer Aurora,D01,Demo Sales,,,0,,,0,,,,,673,"[""20211010"",""900400""]",673-D,,cor:monetaryAmount,"{""d_cor_accountingEntries"":""1"",""d_cor_entryDetail"":""673-D"",""d_cor_entryHeader"":""[\""20211010\"",\""900400\""]""}"
21,1,2021-10,2021-10-10,900411,Synthetic demo multi-vendor settlement 900411,2000,Demo Accounts Payable,260030,00,00,0,V001,Demo Vendor Keystone,D01,Demo Sales,,,0,,,0,,,,,674,"[""20211010"",""900411""]",674-D,,cor:monetaryAmount,"{""d_cor_accountingEntries"":""1"",""d_cor_entryDetail"":""674-D"",""d_cor_entryHeader"":""[\""20211010\"",\""900411\""]""}"
21,2,2021-10,2021-10-10,900411,Synthetic demo multi-vendor settlement 900411,2100,Demo Accrued Payables,221520,00,00,0,V005,Demo Vendor Orchid,D01,Demo Sales,,,0,,,0,,,,,675,"[""20211010"",""900411""]",675-D,,cor:monetaryAmount,"{""d_cor_accountingEntries"":""1"",""d_cor_entryDetail"":""675-D"",""d_cor_entryHeader"":""[\""20211010\"",\""900411\""]""}"
21,3,2021-10,2021-10-10,900411,Synthetic demo multi-vendor settlement 900411,,,0,,,0,,,,,1100,Demo Central Ordinary Deposit,158910,00,00,0,B001,Demo Central Bank,D01,Demo Sales,676,"[""20211010"",""900411""]",,676-C,cor:monetaryAmount,"{""d_cor_accountingEntries"":""1"",""d_cor_entryDetail"":""676-C"",""d_cor_entryHeader"":""[\""20211010\"",\""900411\""]""}"
21,4,2021-10,2021-10-10,900411,Synthetic demo multi-vendor settlement 900411,,,0,,,0,,,,,1110,Demo North Current Deposit,322640,00,00,0,B002,North Demo Bank,D01,Demo Sales,677,"[""20211010"",""900411""]",,677-C,cor:monetaryAmount,"{""d_cor_accountingEntries"":""1"",""d_cor_entryDetail"":""677-C"",""d_cor_entryHeader"":""[\""20211010\"",\""900411\""]""}"
22,1,2021-10,2021-10-11,900368,Synthetic demo operating expense 900368,,,0,,,0,,,,,1120,Demo Harbor Ordinary Deposit,154920,00,00,0,B003,Harbor Demo Bank,D05,Demo Digital Services,678,"[""20211011"",""900368""]",,678-C,cor:monetaryAmount,"{""d_cor_accountingEntries"":""1"",""d_cor_entryDetail"":""678-C"",""d_cor_entryHeader"":""[\""20211011\"",\""900368\""]""}"
22,2,2021-10,2021-10-11,900368,Synthetic demo operating expense 900368,6100,Demo Repairs,154920,Q6,Q6,11476,V001,Demo Vendor Keystone,D05,Demo Digital Services,,,0,,,0,,,,,678,"[""20211011"",""900368""]",678-D,,cor:monetaryAmount,"{""d_cor_accountingEntries"":""1"",""d_cor_entryDetail"":""678-D"",""d_cor_entryHeader"":""[\""20211011\"",\""900368\""]""}"
23,1,2021-10,2021-10-11,900394,Synthetic demo customer receipt 900394,,,0,,,0,,,,,1200,Demo Accounts Receivable,102750,00,00,0,C001,Demo Customer Aurora,D01,Demo Sales,679,"[""20211011"",""900394""]",,679-C,cor:monetaryAmount,"{""d_cor_accountingEntries"":""1"",""d_cor_entryDetail"":""679-C"",""d_cor_entryHeader"":""[\""20211011\"",\""900394\""]""}"
23,2,2021-10,2021-10-11,900394,Synthetic demo customer receipt 900394,1110,Demo North Current Deposit,102750,00,00,0,B002,North Demo Bank,D01,Demo Sales,,,0,,,0,,,,,679,"[""20211011"",""900394""]",679-D,,cor:monetaryAmount,"{""d_cor_accountingEntries"":""1"",""d_cor_entryDetail"":""679-D"",""d_cor_entryHeader"":""[\""20211011\"",\""900394\""]""}"
24,1,2021-10,2021-10-12,900360,Synthetic demo credit sale 900360,,,0,,,0,,,,,4000,Demo Product Sales,302090,B5,B5,27463,C001,Demo Customer Aurora,D01,Demo Sales,680,"[""20211012"",""900360""]",,680-C,cor:monetaryAmount,"{""d_cor_accountingEntries"":""1"",""d_cor_entryDetail"":""680-C"",""d_cor_entryHeader"":""[\""20211012\"",\""900360\""]""}"
24,2,2021-10,2021-10-12,900360,Synthetic demo credit sale 900360,1200,Demo Accounts Receivable,302090,00,00,0,C001,Demo Customer Aurora,D01,Demo Sales,,,0,,,0,,,,,680,"[""20211012"",""900360""]",680-D,,cor:monetaryAmount,"{""d_cor_accountingEntries"":""1"",""d_cor_entryDetail"":""680-D"",""d_cor_entryHeader"":""[\""20211012\"",\""900360\""]""}"
25,1,2021-10,2021-10-12,900407,Synthetic demo financing settlement 900407,,,0,,,0,,,,,1120,Demo Harbor Ordinary Deposit,690440,00,00,0,B003,Harbor Demo Bank,D06,Demo Management,681,"[""20211012"",""900407""]",,681-C,cor:monetaryAmount,"{""d_cor_accountingEntries"":""1"",""d_cor_entryDetail"":""681-C"",""d_cor_entryHeader"":""[\""20211012\"",\""900407\""]""}"
25,2,2021-10,2021-10-12,900407,Synthetic demo financing settlement 900407,2200,Demo Short-term Loans,207130,00,00,0,,,D06,Demo Management,,,0,,,0,,,,,681,"[""20211012"",""900407""]",681-D,,cor:monetaryAmount,"{""d_cor_accountingEntries"":""1"",""d_cor_entryDetail"":""681-D"",""d_cor_entryHeader"":""[\""20211012\"",\""900407\""]""}"
25,3,2021-10,2021-10-12,900407,Synthetic demo financing settlement 900407,6070,Demo Bank Fees,62130,00,00,0,B003,Harbor Demo Bank,D06,Demo Management,,,0,,,0,,,,,682,"[""20211012"",""900407""]",682-D,,cor:monetaryAmount,"{""d_cor_accountingEntries"":""1"",""d_cor_entryDetail"":""682-D"",""d_cor_entryHeader"":""[\""20211012\"",\""900407\""]""}"
25,4,2021-10,2021-10-12,900407,Synthetic demo financing settlement 900407,7000,Demo Taxes and Dues,421180,P0,P0,0,,,D06,Demo Management,,,0,,,0,,,,,683,"[""20211012"",""900407""]",683-D,,cor:monetaryAmount,"{""d_cor_accountingEntries"":""1"",""d_cor_entryDetail"":""683-D"",""d_cor_entryHeader"":""[\""20211012\"",\""900407\""]""}"
26,1,2021-10,2021-10-14,900377,Synthetic demo financing settlement 900377,,,0,,,0,,,,,1120,Demo Harbor Ordinary Deposit,271640,00,00,0,B003,Harbor Demo Bank,D06,Demo Management,684,"[""20211014"",""900377""]",,684-C,cor:monetaryAmount,"{""d_cor_accountingEntries"":""1"",""d_cor_entryDetail"":""684-C"",""d_cor_entryHeader"":""[\""20211014\"",\""900377\""]""}"
26,2,2021-10,2021-10-14,900377,Synthetic demo financing settlement 900377,2200,Demo Short-term Loans,59760,00,00,0,,,D06,Demo Management,,,0,,,0,,,,,684,"[""20211014"",""900377""]",684-D,,cor:monetaryAmount,"{""d_cor_accountingEntries"":""1"",""d_cor_entryDetail"":""684-D"",""d_cor_entryHeader"":""[\""20211014\"",\""900377\""]""}"
26,3,2021-10,2021-10-14,900377,Synthetic demo financing settlement 900377,6070,Demo Bank Fees,95070,00,00,0,B003,Harbor Demo Bank,D06,Demo Management,,,0,,,0,,,,,685,"[""20211014"",""900377""]",685-D,,cor:monetaryAmount,"{""d_cor_accountingEntries"":""1"",""d_cor_entryDetail"":""685-D"",""d_cor_entryHeader"":""[\""20211014\"",\""900377\""]""}"
26,4,2021-10,2021-10-14,900377,Synthetic demo financing settlement 900377,7000,Demo Taxes and Dues,116810,P0,P0,0,,,D06,Demo Management,,,0,,,0,,,,,686,"[""20211014"",""900377""]",686-D,,cor:monetaryAmount,"{""d_cor_accountingEntries"":""1"",""d_cor_entryDetail"":""686-D"",""d_cor_entryHeader"":""[\""20211014\"",\""900377\""]""}"
27,1,2021-10,2021-10-15,900361,Synthetic demo multi-vendor settlement 900361,2000,Demo Accounts Payable,73490,00,00,0,V001,Demo Vendor Keystone,D01,Demo Sales,,,0,,,0,,,,,687,"[""20211015"",""900361""]",687-D,,cor:monetaryAmount,"{""d_cor_accountingEntries"":""1"",""d_cor_entryDetail"":""687-D"",""d_cor_entryHeader"":""[\""20211015\"",\""900361\""]""}"
27,2,2021-10,2021-10-15,900361,Synthetic demo multi-vendor settlement 900361,2100,Demo Accrued Payables,114960,00,00,0,V005,Demo Vendor Orchid,D01,Demo Sales,,,0,,,0,,,,,688,"[""20211015"",""900361""]",688-D,,cor:monetaryAmount,"{""d_cor_accountingEntries"":""1"",""d_cor_entryDetail"":""688-D"",""d_cor_entryHeader"":""[\""20211015\"",\""900361\""]""}"
27,3,2021-10,2021-10-15,900361,Synthetic demo multi-vendor settlement 900361,,,0,,,0,,,,,1110,Demo North Current Deposit,67840,00,00,0,B002,North Demo Bank,D01,Demo Sales,689,"[""20211015"",""900361""]",,689-C,cor:monetaryAmount,"{""d_cor_accountingEntries"":""1"",""d_cor_entryDetail"":""689-C"",""d_cor_entryHeader"":""[\""20211015\"",\""900361\""]""}"
27,4,2021-10,2021-10-15,900361,Synthetic demo multi-vendor settlement 900361,,,0,,,0,,,,,1120,Demo Harbor Ordinary Deposit,120610,00,00,0,B003,Harbor Demo Bank,D01,Demo Sales,690,"[""20211015"",""900361""]",,690-C,cor:monetaryAmount,"{""d_cor_accountingEntries"":""1"",""d_cor_entryDetail"":""690-C"",""d_cor_entryHeader"":""[\""20211015\"",\""900361\""]""}"
28,1,2021-10,2021-10-15,900386,Synthetic demo mixed sales and receipt 900386,1120,Demo Harbor Ordinary Deposit,186290,00,00,0,B003,Harbor Demo Bank,D01,Demo Sales,,,0,,,0,,,,,691,"[""20211015"",""900386""]",691-D,,cor:monetaryAmount,"{""d_cor_accountingEntries"":""1"",""d_cor_entryDetail"":""691-D"",""d_cor_entryHeader"":""[\""20211015\"",\""900386\""]""}"
28,2,2021-10,2021-10-15,900386,Synthetic demo mixed sales and receipt 900386,1200,Demo Accounts Receivable,279450,00,00,0,C001,Demo Customer Aurora,D01,Demo Sales,,,0,,,0,,,,,692,"[""20211015"",""900386""]",692-D,,cor:monetaryAmount,"{""d_cor_accountingEntries"":""1"",""d_cor_entryDetail"":""692-D"",""d_cor_entryHeader"":""[\""20211015\"",\""900386\""]""}"
28,3,2021-10,2021-10-15,900386,Synthetic demo mixed sales and receipt 900386,,,0,,,0,,,,,4000,Demo Product Sales,339990,B5,B5,30908,C008,Demo Customer Halo,D01,Demo Sales,693,"[""20211015"",""900386""]",,693-C,cor:monetaryAmount,"{""d_cor_accountingEntries"":""1"",""d_cor_entryDetail"":""693-C"",""d_cor_entryHeader"":""[\""20211015\"",\""900386\""]""}"
28,4,2021-10,2021-10-15,900386,Synthetic demo mixed sales and receipt 900386,,,0,,,0,,,,,4010,Demo Service Revenue,125750,B5,B5,11432,C009,Demo Customer Indigo,D01,Demo Sales,694,"[""20211015"",""900386""]",,694-C,cor:monetaryAmount,"{""d_cor_accountingEntries"":""1"",""d_cor_entryDetail"":""694-C"",""d_cor_entryHeader"":""[\""20211015\"",\""900386\""]""}"
29,1,2021-10,2021-10-15,900397,Synthetic demo vendor settlement 900397,,,0,,,0,,,,,1110,Demo North Current Deposit,169710,00,00,0,B002,North Demo Bank,D04,Demo Logistics,695,"[""20211015"",""900397""]",,695-C,cor:monetaryAmount,"{""d_cor_accountingEntries"":""1"",""d_cor_entryDetail"":""695-C"",""d_cor_entryHeader"":""[\""20211015\"",\""900397\""]""}"
29,2,2021-10,2021-10-15,900397,Synthetic demo vendor settlement 900397,2000,Demo Accounts Payable,169710,00,00,0,V001,Demo Vendor Keystone,D04,Demo Logistics,,,0,,,0,,,,,695,"[""20211015"",""900397""]",695-D,,cor:monetaryAmount,"{""d_cor_accountingEntries"":""1"",""d_cor_entryDetail"":""695-D"",""d_cor_entryHeader"":""[\""20211015\"",\""900397\""]""}"
30,1,2021-10,2021-10-16,900363,Synthetic demo customer receipt 900363,,,0,,,0,,,,,1200,Demo Accounts Receivable,261390,00,00,0,C001,Demo Customer Aurora,D01,Demo Sales,696,"[""20211016"",""900363""]",,696-C,cor:monetaryAmount,"{""d_cor_accountingEntries"":""1"",""d_cor_entryDetail"":""696-C"",""d_cor_entryHeader"":""[\""20211016\"",\""900363\""]""}"
30,2,2021-10,2021-10-16,900363,Synthetic demo customer receipt 900363,1100,Demo Central Ordinary Deposit,261390,00,00,0,B001,Demo Central Bank,D01,Demo Sales,,,0,,,0,,,,,696,"[""20211016"",""900363""]",696-D,,cor:monetaryAmount,"{""d_cor_accountingEntries"":""1"",""d_cor_entryDetail"":""696-D"",""d_cor_entryHeader"":""[\""20211016\"",\""900363\""]""}"
31,1,2021-10,2021-10-16,900389,Synthetic demo prepaid service 900389,,,0,,,0,,,,,1120,Demo Harbor Ordinary Deposit,143090,00,00,0,B003,Harbor Demo Bank,D05,Demo Digital Services,697,"[""20211016"",""900389""]",,697-C,cor:monetaryAmount,"{""d_cor_accountingEntries"":""1"",""d_cor_entryDetail"":""697-C"",""d_cor_entryHeader"":""[\""20211016\"",\""900389\""]""}"
31,2,2021-10,2021-10-16,900389,Synthetic demo prepaid service 900389,1400,Demo Prepaid Expenses,143090,00,00,0,S006,Demo Insurance Services,D05,Demo Digital Services,,,0,,,0,,,,,697,"[""20211016"",""900389""]",697-D,,cor:monetaryAmount,"{""d_cor_accountingEntries"":""1"",""d_cor_entryDetail"":""697-D"",""d_cor_entryHeader"":""[\""20211016\"",\""900389\""]""}"
32,1,2021-10,2021-10-16,900391,Synthetic demo credit sale 900391,,,0,,,0,,,,,4010,Demo Service Revenue,100730,B5,B5,9157,C004,Demo Customer Dawn,D01,Demo Sales,698,"[""20211016"",""900391""]",,698-C,cor:monetaryAmount,"{""d_cor_accountingEntries"":""1"",""d_cor_entryDetail"":""698-C"",""d_cor_entryHeader"":""[\""20211016\"",\""900391\""]""}"
32,2,2021-10,2021-10-16,900391,Synthetic demo credit sale 900391,1200,Demo Accounts Receivable,100730,00,00,0,C001,Demo Customer Aurora,D01,Demo Sales,,,0,,,0,,,,,698,"[""20211016"",""900391""]",698-D,,cor:monetaryAmount,"{""d_cor_accountingEntries"":""1"",""d_cor_entryDetail"":""698-D"",""d_cor_entryHeader"":""[\""20211016\"",\""900391\""]""}"
33,1,2021-10,2021-10-17,900404,Synthetic demo customer receipt 900404,,,0,,,0,,,,,1200,Demo Accounts Receivable,358490,00,00,0,C001,Demo Customer Aurora,D01,Demo Sales,699,"[""20211017"",""900404""]",,699-C,cor:monetaryAmount,"{""d_cor_accountingEntries"":""1"",""d_cor_entryDetail"":""699-C"",""d_cor_entryHeader"":""[\""20211017\"",\""900404\""]""}"
33,2,2021-10,2021-10-17,900404,Synthetic demo customer receipt 900404,1120,Demo Harbor Ordinary Deposit,358490,00,00,0,B003,Harbor Demo Bank,D01,Demo Sales,,,0,,,0,,,,,699,"[""20211017"",""900404""]",699-D,,cor:monetaryAmount,"{""d_cor_accountingEntries"":""1"",""d_cor_entryDetail"":""699-D"",""d_cor_entryHeader"":""[\""20211017\"",\""900404\""]""}"
34,1,2021-10,2021-10-18,900378,Synthetic demo operating expense 900378,,,0,,,0,,,,,1100,Demo Central Ordinary Deposit,167040,00,00,0,B001,Demo Central Bank,D02,Demo Administration,700,"[""20211018"",""900378""]",,700-C,cor:monetaryAmount,"{""d_cor_accountingEntries"":""1"",""d_cor_entryDetail"":""700-C"",""d_cor_entryHeader"":""[\""20211018\"",\""900378\""]""}"
34,2,2021-10,2021-10-18,900378,Synthetic demo operating expense 900378,6020,Demo Office Rent,167040,Q5,Q5,15185,V001,Demo Vendor Keystone,D02,Demo Administration,,,0,,,0,,,,,700,"[""20211018"",""900378""]",700-D,,cor:monetaryAmount,"{""d_cor_accountingEntries"":""1"",""d_cor_entryDetail"":""700-D"",""d_cor_entryHeader"":""[\""20211018\"",\""900378\""]""}"
35,1,2021-10,2021-10-19,900402,Synthetic demo credit sale 900402,,,0,,,0,,,,,4000,Demo Product Sales,71050,B5,B5,6459,C007,Demo Customer Grove,D01,Demo Sales,701,"[""20211019"",""900402""]",,701-C,cor:monetaryAmount,"{""d_cor_accountingEntries"":""1"",""d_cor_entryDetail"":""701-C"",""d_cor_entryHeader"":""[\""20211019\"",\""900402\""]""}"
35,2,2021-10,2021-10-19,900402,Synthetic demo credit sale 900402,1200,Demo Accounts Receivable,71050,00,00,0,C001,Demo Customer Aurora,D01,Demo Sales,,,0,,,0,,,,,701,"[""20211019"",""900402""]",701-D,,cor:monetaryAmount,"{""d_cor_accountingEntries"":""1"",""d_cor_entryDetail"":""701-D"",""d_cor_entryHeader"":""[\""20211019\"",\""900402\""]""}"
36,1,2021-10,2021-10-20,900359,Synthetic demo prepaid service 900359,,,0,,,0,,,,,1120,Demo Harbor Ordinary Deposit,170010,00,00,0,B003,Harbor Demo Bank,D05,Demo Digital Services,702,"[""20211020"",""900359""]",,702-C,cor:monetaryAmount,"{""d_cor_accountingEntries"":""1"",""d_cor_entryDetail"":""702-C"",""d_cor_entryHeader"":""[\""20211020\"",\""900359\""]""}"
36,2,2021-10,2021-10-20,900359,Synthetic demo prepaid service 900359,1400,Demo Prepaid Expenses,170010,00,00,0,S006,Demo Insurance Services,D05,Demo Digital Services,,,0,,,0,,,,,702,"[""20211020"",""900359""]",702-D,,cor:monetaryAmount,"{""d_cor_accountingEntries"":""1"",""d_cor_entryDetail"":""702-D"",""d_cor_entryHeader"":""[\""20211020\"",\""900359\""]""}"
37,1,2021-10,2021-10-20,900375,Synthetic demo purchase on account 900375,,,0,,,0,,,,,2000,Demo Accounts Payable,113680,00,00,0,V001,Demo Vendor Keystone,D04,Demo Logistics,703,"[""20211020"",""900375""]",,703-C,cor:monetaryAmount,"{""d_cor_accountingEntries"":""1"",""d_cor_entryDetail"":""703-C"",""d_cor_entryHeader"":""[\""20211020\"",\""900375\""]""}"
37,2,2021-10,2021-10-20,900375,Synthetic demo purchase on account 900375,5000,Demo Purchases,113680,Q5,Q5,10335,V006,Demo Vendor Prairie,D04,Demo Logistics,,,0,,,0,,,,,703,"[""20211020"",""900375""]",703-D,,cor:monetaryAmount,"{""d_cor_accountingEntries"":""1"",""d_cor_entryDetail"":""703-D"",""d_cor_entryHeader"":""[\""20211020\"",\""900375\""]""}"
38,1,2021-10,2021-10-21,900384,Synthetic demo customer receipt 900384,,,0,,,0,,,,,1200,Demo Accounts Receivable,188430,00,00,0,C001,Demo Customer Aurora,D01,Demo Sales,704,"[""20211021"",""900384""]",,704-C,cor:monetaryAmount,"{""d_cor_accountingEntries"":""1"",""d_cor_entryDetail"":""704-C"",""d_cor_entryHeader"":""[\""20211021\"",\""900384\""]""}"
38,2,2021-10,2021-10-21,900384,Synthetic demo customer receipt 900384,1100,Demo Central Ordinary Deposit,188430,00,00,0,B001,Demo Central Bank,D01,Demo Sales,,,0,,,0,,,,,704,"[""20211021"",""900384""]",704-D,,cor:monetaryAmount,"{""d_cor_accountingEntries"":""1"",""d_cor_entryDetail"":""704-D"",""d_cor_entryHeader"":""[\""20211021\"",\""900384\""]""}"
39,1,2021-10,2021-10-21,900409,Synthetic demo prepaid service 900409,,,0,,,0,,,,,1110,Demo North Current Deposit,170990,00,00,0,B002,North Demo Bank,D05,Demo Digital Services,705,"[""20211021"",""900409""]",,705-C,cor:monetaryAmount,"{""d_cor_accountingEntries"":""1"",""d_cor_entryDetail"":""705-C"",""d_cor_entryHeader"":""[\""20211021\"",\""900409\""]""}"
39,2,2021-10,2021-10-21,900409,Synthetic demo prepaid service 900409,1400,Demo Prepaid Expenses,170990,00,00,0,S002,Demo Energy Services,D05,Demo Digital Services,,,0,,,0,,,,,705,"[""20211021"",""900409""]",705-D,,cor:monetaryAmount,"{""d_cor_accountingEntries"":""1"",""d_cor_entryDetail"":""705-D"",""d_cor_entryHeader"":""[\""20211021\"",\""900409\""]""}"
40,1,2021-10,2021-10-22,900357,Synthetic demo vendor settlement 900357,,,0,,,0,,,,,1100,Demo Central Ordinary Deposit,344900,00,00,0,B001,Demo Central Bank,D04,Demo Logistics,706,"[""20211022"",""900357""]",,706-C,cor:monetaryAmount,"{""d_cor_accountingEntries"":""1"",""d_cor_entryDetail"":""706-C"",""d_cor_entryHeader"":""[\""20211022\"",\""900357\""]""}"
40,2,2021-10,2021-10-22,900357,Synthetic demo vendor settlement 900357,2000,Demo Accounts Payable,344900,00,00,0,V001,Demo Vendor Keystone,D04,Demo Logistics,,,0,,,0,,,,,706,"[""20211022"",""900357""]",706-D,,cor:monetaryAmount,"{""d_cor_accountingEntries"":""1"",""d_cor_entryDetail"":""706-D"",""d_cor_entryHeader"":""[\""20211022\"",\""900357\""]""}"
41,1,2021-10,2021-10-23,900362,Synthetic demo credit sale 900362,,,0,,,0,,,,,4020,Demo Other Operating Revenue,149380,B5,B5,13580,C007,Demo Customer Grove,D01,Demo Sales,707,"[""20211023"",""900362""]",,707-C,cor:monetaryAmount,"{""d_cor_accountingEntries"":""1"",""d_cor_entryDetail"":""707-C"",""d_cor_entryHeader"":""[\""20211023\"",\""900362\""]""}"
41,2,2021-10,2021-10-23,900362,Synthetic demo credit sale 900362,1200,Demo Accounts Receivable,149380,00,00,0,C001,Demo Customer Aurora,D01,Demo Sales,,,0,,,0,,,,,707,"[""20211023"",""900362""]",707-D,,cor:monetaryAmount,"{""d_cor_accountingEntries"":""1"",""d_cor_entryDetail"":""707-D"",""d_cor_entryHeader"":""[\""20211023\"",\""900362\""]""}"
42,1,2021-10,2021-10-23,900366,Synthetic demo purchase on account 900366,,,0,,,0,,,,,2000,Demo Accounts Payable,222290,00,00,0,V001,Demo Vendor Keystone,D04,Demo Logistics,708,"[""20211023"",""900366""]",,708-C,cor:monetaryAmount,"{""d_cor_accountingEntries"":""1"",""d_cor_entryDetail"":""708-C"",""d_cor_entryHeader"":""[\""20211023\"",\""900366\""]""}"
42,2,2021-10,2021-10-23,900366,Synthetic demo purchase on account 900366,5000,Demo Purchases,222290,Q5,Q5,20208,V001,Demo Vendor Keystone,D04,Demo Logistics,,,0,,,0,,,,,708,"[""20211023"",""900366""]",708-D,,cor:monetaryAmount,"{""d_cor_accountingEntries"":""1"",""d_cor_entryDetail"":""708-D"",""d_cor_entryHeader"":""[\""20211023\"",\""900366\""]""}"
43,1,2021-10,2021-10-23,900373,Synthetic demo multi-vendor settlement 900373,2000,Demo Accounts Payable,420400,00,00,0,V001,Demo Vendor Keystone,D01,Demo Sales,,,0,,,0,,,,,709,"[""20211023"",""900373""]",709-D,,cor:monetaryAmount,"{""d_cor_accountingEntries"":""1"",""d_cor_entryDetail"":""709-D"",""d_cor_entryHeader"":""[\""20211023\"",\""900373\""]""}"
43,2,2021-10,2021-10-23,900373,Synthetic demo multi-vendor settlement 900373,2100,Demo Accrued Payables,304440,00,00,0,V007,Demo Vendor Quartz,D01,Demo Sales,,,0,,,0,,,,,710,"[""20211023"",""900373""]",710-D,,cor:monetaryAmount,"{""d_cor_accountingEntries"":""1"",""d_cor_entryDetail"":""710-D"",""d_cor_entryHeader"":""[\""20211023\"",\""900373\""]""}"
43,3,2021-10,2021-10-23,900373,Synthetic demo multi-vendor settlement 900373,,,0,,,0,,,,,1110,Demo North Current Deposit,181210,00,00,0,B002,North Demo Bank,D01,Demo Sales,711,"[""20211023"",""900373""]",,711-C,cor:monetaryAmount,"{""d_cor_accountingEntries"":""1"",""d_cor_entryDetail"":""711-C"",""d_cor_entryHeader"":""[\""20211023\"",\""900373\""]""}"
43,4,2021-10,2021-10-23,900373,Synthetic demo multi-vendor settlement 900373,,,0,,,0,,,,,1120,Demo Harbor Ordinary Deposit,543630,00,00,0,B003,Harbor Demo Bank,D01,Demo Sales,712,"[""20211023"",""900373""]",,712-C,cor:monetaryAmount,"{""d_cor_accountingEntries"":""1"",""d_cor_entryDetail"":""712-C"",""d_cor_entryHeader"":""[\""20211023\"",\""900373\""]""}"
44,1,2021-10,2021-10-23,900379,Synthetic demo prepaid service 900379,,,0,,,0,,,,,1110,Demo North Current Deposit,193830,00,00,0,B002,North Demo Bank,D05,Demo Digital Services,713,"[""20211023"",""900379""]",,713-C,cor:monetaryAmount,"{""d_cor_accountingEntries"":""1"",""d_cor_entryDetail"":""713-C"",""d_cor_entryHeader"":""[\""20211023\"",\""900379\""]""}"
44,2,2021-10,2021-10-23,900379,Synthetic demo prepaid service 900379,1400,Demo Prepaid Expenses,193830,00,00,0,S002,Demo Energy Services,D05,Demo Digital Services,,,0,,,0,,,,,713,"[""20211023"",""900379""]",713-D,,cor:monetaryAmount,"{""d_cor_accountingEntries"":""1"",""d_cor_entryDetail"":""713-D"",""d_cor_entryHeader"":""[\""20211023\"",\""900379\""]""}"
45,1,2021-10,2021-10-24,900358,Synthetic demo operating cost bundle 900358,,,0,,,0,,,,,1110,Demo North Current Deposit,612420,00,00,0,B002,North Demo Bank,D03,Demo Operations,714,"[""20211024"",""900358""]",,714-C,cor:monetaryAmount,"{""d_cor_accountingEntries"":""1"",""d_cor_entryDetail"":""714-C"",""d_cor_entryHeader"":""[\""20211024\"",\""900358\""]""}"
45,2,2021-10,2021-10-24,900358,Synthetic demo operating cost bundle 900358,6030,Demo Utilities,226590,Q5,Q5,20599,S002,Demo Energy Services,D03,Demo Operations,,,0,,,0,,,,,714,"[""20211024"",""900358""]",714-D,,cor:monetaryAmount,"{""d_cor_accountingEntries"":""1"",""d_cor_entryDetail"":""714-D"",""d_cor_entryHeader"":""[\""20211024\"",\""900358\""]""}"
45,3,2021-10,2021-10-24,900358,Synthetic demo operating cost bundle 900358,6040,Demo Communication,251090,Q5,Q5,22826,S003,Demo Network Services,D03,Demo Operations,,,0,,,0,,,,,715,"[""20211024"",""900358""]",715-D,,cor:monetaryAmount,"{""d_cor_accountingEntries"":""1"",""d_cor_entryDetail"":""715-D"",""d_cor_entryHeader"":""[\""20211024\"",\""900358\""]""}"
45,4,2021-10,2021-10-24,900358,Synthetic demo operating cost bundle 900358,6060,Demo Office Supplies,134740,Q5,Q5,12249,V009,Demo Vendor Summit,D03,Demo Operations,,,0,,,0,,,,,716,"[""20211024"",""900358""]",716-D,,cor:monetaryAmount,"{""d_cor_accountingEntries"":""1"",""d_cor_entryDetail"":""716-D"",""d_cor_entryHeader"":""[\""20211024\"",\""900358\""]""}"
46,1,2021-10,2021-10-25,900405,Synthetic demo multi-vendor settlement 900405,2000,Demo Accounts Payable,202880,00,00,0,V001,Demo Vendor Keystone,D01,Demo Sales,,,0,,,0,,,,,717,"[""20211025"",""900405""]",717-D,,cor:monetaryAmount,"{""d_cor_accountingEntries"":""1"",""d_cor_entryDetail"":""717-D"",""d_cor_entryHeader"":""[\""20211025\"",\""900405\""]""}"
46,2,2021-10,2021-10-25,900405,Synthetic demo multi-vendor settlement 900405,2100,Demo Accrued Payables,41560,00,00,0,V009,Demo Vendor Summit,D01,Demo Sales,,,0,,,0,,,,,718,"[""20211025"",""900405""]",718-D,,cor:monetaryAmount,"{""d_cor_accountingEntries"":""1"",""d_cor_entryDetail"":""718-D"",""d_cor_entryHeader"":""[\""20211025\"",\""900405\""]""}"
46,3,2021-10,2021-10-25,900405,Synthetic demo multi-vendor settlement 900405,,,0,,,0,,,,,1100,Demo Central Ordinary Deposit,83100,00,00,0,B001,Demo Central Bank,D01,Demo Sales,719,"[""20211025"",""900405""]",,719-C,cor:monetaryAmount,"{""d_cor_accountingEntries"":""1"",""d_cor_entryDetail"":""719-C"",""d_cor_entryHeader"":""[\""20211025\"",\""900405\""]""}"
46,4,2021-10,2021-10-25,900405,Synthetic demo multi-vendor settlement 900405,,,0,,,0,,,,,1110,Demo North Current Deposit,161340,00,00,0,B002,North Demo Bank,D01,Demo Sales,720,"[""20211025"",""900405""]",,720-C,cor:monetaryAmount,"{""d_cor_accountingEntries"":""1"",""d_cor_entryDetail"":""720-C"",""d_cor_entryHeader"":""[\""20211025\"",\""900405\""]""}"
47,1,2021-10,2021-10-26,900369,Synthetic demo prepaid service 900369,,,0,,,0,,,,,1100,Demo Central Ordinary Deposit,165310,00,00,0,B001,Demo Central Bank,D05,Demo Digital Services,721,"[""20211026"",""900369""]",,721-C,cor:monetaryAmount,"{""d_cor_accountingEntries"":""1"",""d_cor_entryDetail"":""721-C"",""d_cor_entryHeader"":""[\""20211026\"",\""900369\""]""}"
47,2,2021-10,2021-10-26,900369,Synthetic demo prepaid service 900369,1400,Demo Prepaid Expenses,165310,00,00,0,S004,Demo Logistics Services,D05,Demo Digital Services,,,0,,,0,,,,,721,"[""20211026"",""900369""]",721-D,,cor:monetaryAmount,"{""d_cor_accountingEntries"":""1"",""d_cor_entryDetail"":""721-D"",""d_cor_entryHeader"":""[\""20211026\"",\""900369\""]""}"
48,1,2021-10,2021-10-26,900374,Synthetic demo customer receipt 900374,,,0,,,0,,,,,1200,Demo Accounts Receivable,453950,00,00,0,C001,Demo Customer Aurora,D01,Demo Sales,722,"[""20211026"",""900374""]",,722-C,cor:monetaryAmount,"{""d_cor_accountingEntries"":""1"",""d_cor_entryDetail"":""722-C"",""d_cor_entryHeader"":""[\""20211026\"",\""900374\""]""}"
48,2,2021-10,2021-10-26,900374,Synthetic demo customer receipt 900374,1120,Demo Harbor Ordinary Deposit,453950,00,00,0,B003,Harbor Demo Bank,D01,Demo Sales,,,0,,,0,,,,,722,"[""20211026"",""900374""]",722-D,,cor:monetaryAmount,"{""d_cor_accountingEntries"":""1"",""d_cor_entryDetail"":""722-D"",""d_cor_entryHeader"":""[\""20211026\"",\""900374\""]""}"
49,1,2021-10,2021-10-27,900365,Synthetic demo purchase on account 900365,,,0,,,0,,,,,2000,Demo Accounts Payable,249130,00,00,0,V001,Demo Vendor Keystone,D04,Demo Logistics,723,"[""20211027"",""900365""]",,723-C,cor:monetaryAmount,"{""d_cor_accountingEntries"":""1"",""d_cor_entryDetail"":""723-C"",""d_cor_entryHeader"":""[\""20211027\"",\""900365\""]""}"
49,2,2021-10,2021-10-27,900365,Synthetic demo purchase on account 900365,5020,Demo Inventory Adjustment,249130,Q5,Q5,22648,V006,Demo Vendor Prairie,D04,Demo Logistics,,,0,,,0,,,,,723,"[""20211027"",""900365""]",723-D,,cor:monetaryAmount,"{""d_cor_accountingEntries"":""1"",""d_cor_entryDetail"":""723-D"",""d_cor_entryHeader"":""[\""20211027\"",\""900365\""]""}"
50,1,2021-10,2021-10-28,900370,Synthetic demo credit sale 900370,,,0,,,0,,,,,4010,Demo Service Revenue,376100,R5,R5,27859,C001,Demo Customer Aurora,D01,Demo Sales,724,"[""20211028"",""900370""]",,724-C,cor:monetaryAmount,"{""d_cor_accountingEntries"":""1"",""d_cor_entryDetail"":""724-C"",""d_cor_entryHeader"":""[\""20211028\"",\""900370\""]""}"
50,2,2021-10,2021-10-28,900370,Synthetic demo credit sale 900370,1200,Demo Accounts Receivable,376100,00,00,0,C001,Demo Customer Aurora,D01,Demo Sales,,,0,,,0,,,,,724,"[""20211028"",""900370""]",724-D,,cor:monetaryAmount,"{""d_cor_accountingEntries"":""1"",""d_cor_entryDetail"":""724-D"",""d_cor_entryHeader"":""[\""20211028\"",\""900370\""]""}"
51,1,2021-10,2021-10-28,900371,Synthetic demo financing settlement 900371,,,0,,,0,,,,,1120,Demo Harbor Ordinary Deposit,344680,00,00,0,B003,Harbor Demo Bank,D06,Demo Management,725,"[""20211028"",""900371""]",,725-C,cor:monetaryAmount,"{""d_cor_accountingEntries"":""1"",""d_cor_entryDetail"":""725-C"",""d_cor_entryHeader"":""[\""20211028\"",\""900371\""]""}"
51,2,2021-10,2021-10-28,900371,Synthetic demo financing settlement 900371,2200,Demo Short-term Loans,186120,00,00,0,,,D06,Demo Management,,,0,,,0,,,,,725,"[""20211028"",""900371""]",725-D,,cor:monetaryAmount,"{""d_cor_accountingEntries"":""1"",""d_cor_entryDetail"":""725-D"",""d_cor_entryHeader"":""[\""20211028\"",\""900371\""]""}"
51,3,2021-10,2021-10-28,900371,Synthetic demo financing settlement 900371,6070,Demo Bank Fees,86170,00,00,0,B003,Harbor Demo Bank,D06,Demo Management,,,0,,,0,,,,,726,"[""20211028"",""900371""]",726-D,,cor:monetaryAmount,"{""d_cor_accountingEntries"":""1"",""d_cor_entryDetail"":""726-D"",""d_cor_entryHeader"":""[\""20211028\"",\""900371\""]""}"
51,4,2021-10,2021-10-28,900371,Synthetic demo financing settlement 900371,7000,Demo Taxes and Dues,72390,P0,P0,0,,,D06,Demo Management,,,0,,,0,,,,,727,"[""20211028"",""900371""]",727-D,,cor:monetaryAmount,"{""d_cor_accountingEntries"":""1"",""d_cor_entryDetail"":""727-D"",""d_cor_entryHeader"":""[\""20211028\"",\""900371\""]""}"
52,1,2021-10,2021-10-28,900376,Synthetic demo purchase on account 900376,,,0,,,0,,,,,2000,Demo Accounts Payable,184540,00,00,0,V001,Demo Vendor Keystone,D04,Demo Logistics,728,"[""20211028"",""900376""]",,728-C,cor:monetaryAmount,"{""d_cor_accountingEntries"":""1"",""d_cor_entryDetail"":""728-C"",""d_cor_entryHeader"":""[\""20211028\"",\""900376\""]""}"
52,2,2021-10,2021-10-28,900376,Synthetic demo purchase on account 900376,5010,Demo Freight-in,184540,Q5,Q5,16776,V001,Demo Vendor Keystone,D04,Demo Logistics,,,0,,,0,,,,,728,"[""20211028"",""900376""]",728-D,,cor:monetaryAmount,"{""d_cor_accountingEntries"":""1"",""d_cor_entryDetail"":""728-D"",""d_cor_entryHeader"":""[\""20211028\"",\""900376\""]""}"
53,1,2021-10,2021-10-28,900410,Synthetic demo credit sale 900410,,,0,,,0,,,,,4020,Demo Other Operating Revenue,256830,B5,B5,23348,C001,Demo Customer Aurora,D01,Demo Sales,729,"[""20211028"",""900410""]",,729-C,cor:monetaryAmount,"{""d_cor_accountingEntries"":""1"",""d_cor_entryDetail"":""729-C"",""d_cor_entryHeader"":""[\""20211028\"",\""900410\""]""}"
53,2,2021-10,2021-10-28,900410,Synthetic demo credit sale 900410,1200,Demo Accounts Receivable,256830,00,00,0,C001,Demo Customer Aurora,D01,Demo Sales,,,0,,,0,,,,,729,"[""20211028"",""900410""]",729-D,,cor:monetaryAmount,"{""d_cor_accountingEntries"":""1"",""d_cor_entryDetail"":""729-D"",""d_cor_entryHeader"":""[\""20211028\"",\""900410\""]""}"
54,1,2021-10,2021-10-31,900355,Synthetic demo multi-vendor settlement 900355,2000,Demo Accounts Payable,326130,00,00,0,V001,Demo Vendor Keystone,D01,Demo Sales,,,0,,,0,,,,,730,"[""20211031"",""900355""]",730-D,,cor:monetaryAmount,"{""d_cor_accountingEntries"":""1"",""d_cor_entryDetail"":""730-D"",""d_cor_entryHeader"":""[\""20211031\"",\""900355\""]""}"
54,2,2021-10,2021-10-31,900355,Synthetic demo multi-vendor settlement 900355,2100,Demo Accrued Payables,339450,00,00,0,V009,Demo Vendor Summit,D01,Demo Sales,,,0,,,0,,,,,731,"[""20211031"",""900355""]",731-D,,cor:monetaryAmount,"{""d_cor_accountingEntries"":""1"",""d_cor_entryDetail"":""731-D"",""d_cor_entryHeader"":""[\""20211031\"",\""900355\""]""}"
54,3,2021-10,2021-10-31,900355,Synthetic demo multi-vendor settlement 900355,,,0,,,0,,,,,1110,Demo North Current Deposit,372720,00,00,0,B002,North Demo Bank,D01,Demo Sales,732,"[""20211031"",""900355""]",,732-C,cor:monetaryAmount,"{""d_cor_accountingEntries"":""1"",""d_cor_entryDetail"":""732-C"",""d_cor_entryHeader"":""[\""20211031\"",\""900355\""]""}"
54,4,2021-10,2021-10-31,900355,Synthetic demo multi-vendor settlement 900355,,,0,,,0,,,,,1120,Demo Harbor Ordinary Deposit,292860,00,00,0,B003,Harbor Demo Bank,D01,Demo Sales,733,"[""20211031"",""900355""]",,733-C,cor:monetaryAmount,"{""d_cor_accountingEntries"":""1"",""d_cor_entryDetail"":""733-C"",""d_cor_entryHeader"":""[\""20211031\"",\""900355\""]""}"
55,1,2021-10,2021-10-31,900387,Synthetic demo vendor settlement 900387,,,0,,,0,,,,,1100,Demo Central Ordinary Deposit,82330,00,00,0,B001,Demo Central Bank,D04,Demo Logistics,734,"[""20211031"",""900387""]",,734-C,cor:monetaryAmount,"{""d_cor_accountingEntries"":""1"",""d_cor_entryDetail"":""734-C"",""d_cor_entryHeader"":""[\""20211031\"",\""900387\""]""}"
55,2,2021-10,2021-10-31,900387,Synthetic demo vendor settlement 900387,2000,Demo Accounts Payable,82330,00,00,0,V001,Demo Vendor Keystone,D04,Demo Logistics,,,0,,,0,,,,,734,"[""20211031"",""900387""]",734-D,,cor:monetaryAmount,"{""d_cor_accountingEntries"":""1"",""d_cor_entryDetail"":""734-D"",""d_cor_entryHeader"":""[\""20211031\"",\""900387\""]""}"
56,1,2021-10,2021-10-31,900390,Synthetic demo monthly payroll bundle 900390,,,0,,,0,,,,,1100,Demo Central Ordinary Deposit,406750,00,00,0,B001,Demo Central Bank,D02,Demo Administration,735,"[""20211031"",""900390""]",,735-C,cor:monetaryAmount,"{""d_cor_accountingEntries"":""1"",""d_cor_entryDetail"":""735-C"",""d_cor_entryHeader"":""[\""20211031\"",\""900390\""]""}"
56,2,2021-10,2021-10-31,900390,Synthetic demo monthly payroll bundle 900390,6000,Demo Salaries,178970,00,00,0,,,D02,Demo Administration,,,0,,,0,,,,,735,"[""20211031"",""900390""]",735-D,,cor:monetaryAmount,"{""d_cor_accountingEntries"":""1"",""d_cor_entryDetail"":""735-D"",""d_cor_entryHeader"":""[\""20211031\"",\""900390\""]""}"
56,3,2021-10,2021-10-31,900390,Synthetic demo monthly payroll bundle 900390,6010,Demo Statutory Welfare,28470,00,00,0,,,D02,Demo Administration,,,0,,,0,,,,,736,"[""20211031"",""900390""]",736-D,,cor:monetaryAmount,"{""d_cor_accountingEntries"":""1"",""d_cor_entryDetail"":""736-D"",""d_cor_entryHeader"":""[\""20211031\"",\""900390\""]""}"
56,4,2021-10,2021-10-31,900390,Synthetic demo monthly payroll bundle 900390,2110,Demo Payroll Withholding,199310,00,00,0,,,D02,Demo Administration,,,0,,,0,,,,,737,"[""20211031"",""900390""]",737-D,,cor:monetaryAmount,"{""d_cor_accountingEntries"":""1"",""d_cor_entryDetail"":""737-D"",""d_cor_entryHeader"":""[\""20211031\"",\""900390\""]""}"
57,1,2021-10,2021-10-31,900393,Synthetic demo customer receipt 900393,,,0,,,0,,,,,1200,Demo Accounts Receivable,423760,00,00,0,C001,Demo Customer Aurora,D01,Demo Sales,738,"[""20211031"",""900393""]",,738-C,cor:monetaryAmount,"{""d_cor_accountingEntries"":""1"",""d_cor_entryDetail"":""738-C"",""d_cor_entryHeader"":""[\""20211031\"",\""900393\""]""}"
57,2,2021-10,2021-10-31,900393,Synthetic demo customer receipt 900393,1100,Demo Central Ordinary Deposit,423760,00,00,0,B001,Demo Central Bank,D01,Demo Sales,,,0,,,0,,,,,738,"[""20211031"",""900393""]",738-D,,cor:monetaryAmount,"{""d_cor_accountingEntries"":""1"",""d_cor_entryDetail"":""738-D"",""d_cor_entryHeader"":""[\""20211031\"",\""900393\""]""}"
58,1,2021-10,2021-10-31,900403,Synthetic demo customer receipt 900403,,,0,,,0,,,,,1200,Demo Accounts Receivable,268760,00,00,0,C001,Demo Customer Aurora,D01,Demo Sales,739,"[""20211031"",""900403""]",,739-C,cor:monetaryAmount,"{""d_cor_accountingEntries"":""1"",""d_cor_entryDetail"":""739-C"",""d_cor_entryHeader"":""[\""20211031\"",\""900403\""]""}"
58,2,2021-10,2021-10-31,900403,Synthetic demo customer receipt 900403,1110,Demo North Current Deposit,268760,00,00,0,B002,North Demo Bank,D01,Demo Sales,,,0,,,0,,,,,739,"[""20211031"",""900403""]",739-D,,cor:monetaryAmount,"{""d_cor_accountingEntries"":""1"",""d_cor_entryDetail"":""739-D"",""d_cor_entryHeader"":""[\""20211031\"",\""900403\""]""}"
1,1,2021-11,2021-11-01,900414,Synthetic demo customer receipt 900414,,,0,,,0,,,,,1200,Demo Accounts Receivable,70310,00,00,0,C001,Demo Customer Aurora,D01,Demo Sales,740,"[""20211101"",""900414""]",,740-C,cor:monetaryAmount,"{""d_cor_accountingEntries"":""1"",""d_cor_entryDetail"":""740-C"",""d_cor_entryHeader"":""[\""20211101\"",\""900414\""]""}"
1,2,2021-11,2021-11-01,900414,Synthetic demo customer receipt 900414,1100,Demo Central Ordinary Deposit,70310,00,00,0,B001,Demo Central Bank,D01,Demo Sales,,,0,,,0,,,,,740,"[""20211101"",""900414""]",740-D,,cor:monetaryAmount,"{""d_cor_accountingEntries"":""1"",""d_cor_entryDetail"":""740-D"",""d_cor_entryHeader"":""[\""20211101\"",\""900414\""]""}"
2,1,2021-11,2021-11-01,900425,Synthetic demo purchase on account 900425,,,0,,,0,,,,,2000,Demo Accounts Payable,309160,00,00,0,V001,Demo Vendor Keystone,D04,Demo Logistics,741,"[""20211101"",""900425""]",,741-C,cor:monetaryAmount,"{""d_cor_accountingEntries"":""1"",""d_cor_entryDetail"":""741-C"",""d_cor_entryHeader"":""[\""20211101\"",\""900425\""]""}"
2,2,2021-11,2021-11-01,900425,Synthetic demo purchase on account 900425,5020,Demo Inventory Adjustment,309160,Q5,Q5,28105,V006,Demo Vendor Prairie,D04,Demo Logistics,,,0,,,0,,,,,741,"[""20211101"",""900425""]",741-D,,cor:monetaryAmount,"{""d_cor_accountingEntries"":""1"",""d_cor_entryDetail"":""741-D"",""d_cor_entryHeader"":""[\""20211101\"",\""900425\""]""}"
3,1,2021-11,2021-11-02,900418,Synthetic demo operating expense 900418,,,0,,,0,,,,,1110,Demo North Current Deposit,172140,00,00,0,B002,North Demo Bank,D03,Demo Operations,742,"[""20211102"",""900418""]",,742-C,cor:monetaryAmount,"{""d_cor_accountingEntries"":""1"",""d_cor_entryDetail"":""742-C"",""d_cor_entryHeader"":""[\""20211102\"",\""900418\""]""}"
3,2,2021-11,2021-11-02,900418,Synthetic demo operating expense 900418,6060,Demo Office Supplies,172140,Q5,Q5,15649,V001,Demo Vendor Keystone,D03,Demo Operations,,,0,,,0,,,,,742,"[""20211102"",""900418""]",742-D,,cor:monetaryAmount,"{""d_cor_accountingEntries"":""1"",""d_cor_entryDetail"":""742-D"",""d_cor_entryHeader"":""[\""20211102\"",\""900418\""]""}"
4,1,2021-11,2021-11-02,900435,Synthetic demo purchase on account 900435,,,0,,,0,,,,,2000,Demo Accounts Payable,72000,00,00,0,V001,Demo Vendor Keystone,D04,Demo Logistics,743,"[""20211102"",""900435""]",,743-C,cor:monetaryAmount,"{""d_cor_accountingEntries"":""1"",""d_cor_entryDetail"":""743-C"",""d_cor_entryHeader"":""[\""20211102\"",\""900435\""]""}"
4,2,2021-11,2021-11-02,900435,Synthetic demo purchase on account 900435,5000,Demo Purchases,72000,Q5,Q5,6545,V006,Demo Vendor Prairie,D04,Demo Logistics,,,0,,,0,,,,,743,"[""20211102"",""900435""]",743-D,,cor:monetaryAmount,"{""d_cor_accountingEntries"":""1"",""d_cor_entryDetail"":""743-D"",""d_cor_entryHeader"":""[\""20211102\"",\""900435\""]""}"
5,1,2021-11,2021-11-02,900454,Synthetic demo customer receipt 900454,,,0,,,0,,,,,1200,Demo Accounts Receivable,454500,00,00,0,C001,Demo Customer Aurora,D01,Demo Sales,744,"[""20211102"",""900454""]",,744-C,cor:monetaryAmount,"{""d_cor_accountingEntries"":""1"",""d_cor_entryDetail"":""744-C"",""d_cor_entryHeader"":""[\""20211102\"",\""900454\""]""}"
5,2,2021-11,2021-11-02,900454,Synthetic demo customer receipt 900454,1110,Demo North Current Deposit,454500,00,00,0,B002,North Demo Bank,D01,Demo Sales,,,0,,,0,,,,,744,"[""20211102"",""900454""]",744-D,,cor:monetaryAmount,"{""d_cor_accountingEntries"":""1"",""d_cor_entryDetail"":""744-D"",""d_cor_entryHeader"":""[\""20211102\"",\""900454\""]""}"
6,1,2021-11,2021-11-04,900466,Synthetic demo purchase on account 900466,,,0,,,0,,,,,2000,Demo Accounts Payable,363650,00,00,0,V001,Demo Vendor Keystone,D04,Demo Logistics,745,"[""20211104"",""900466""]",,745-C,cor:monetaryAmount,"{""d_cor_accountingEntries"":""1"",""d_cor_entryDetail"":""745-C"",""d_cor_entryHeader"":""[\""20211104\"",\""900466\""]""}"
6,2,2021-11,2021-11-04,900466,Synthetic demo purchase on account 900466,5010,Demo Freight-in,363650,Q5,Q5,33059,V001,Demo Vendor Keystone,D04,Demo Logistics,,,0,,,0,,,,,745,"[""20211104"",""900466""]",745-D,,cor:monetaryAmount,"{""d_cor_accountingEntries"":""1"",""d_cor_entryDetail"":""745-D"",""d_cor_entryHeader"":""[\""20211104\"",\""900466\""]""}"
7,1,2021-11,2021-11-05,900453,Synthetic demo customer receipt 900453,,,0,,,0,,,,,1200,Demo Accounts Receivable,343560,00,00,0,C001,Demo Customer Aurora,D01,Demo Sales,746,"[""20211105"",""900453""]",,746-C,cor:monetaryAmount,"{""d_cor_accountingEntries"":""1"",""d_cor_entryDetail"":""746-C"",""d_cor_entryHeader"":""[\""20211105\"",\""900453\""]""}"
7,2,2021-11,2021-11-05,900453,Synthetic demo customer receipt 900453,1100,Demo Central Ordinary Deposit,343560,00,00,0,B001,Demo Central Bank,D01,Demo Sales,,,0,,,0,,,,,746,"[""20211105"",""900453""]",746-D,,cor:monetaryAmount,"{""d_cor_accountingEntries"":""1"",""d_cor_entryDetail"":""746-D"",""d_cor_entryHeader"":""[\""20211105\"",\""900453\""]""}"
8,1,2021-11,2021-11-05,900462,Synthetic demo credit sale 900462,,,0,,,0,,,,,4000,Demo Product Sales,236330,B5,B5,21485,C007,Demo Customer Grove,D01,Demo Sales,747,"[""20211105"",""900462""]",,747-C,cor:monetaryAmount,"{""d_cor_accountingEntries"":""1"",""d_cor_entryDetail"":""747-C"",""d_cor_entryHeader"":""[\""20211105\"",\""900462\""]""}"
8,2,2021-11,2021-11-05,900462,Synthetic demo credit sale 900462,1200,Demo Accounts Receivable,236330,00,00,0,C001,Demo Customer Aurora,D01,Demo Sales,,,0,,,0,,,,,747,"[""20211105"",""900462""]",747-D,,cor:monetaryAmount,"{""d_cor_accountingEntries"":""1"",""d_cor_entryDetail"":""747-D"",""d_cor_entryHeader"":""[\""20211105\"",\""900462\""]""}"
9,1,2021-11,2021-11-05,900463,Synthetic demo customer receipt 900463,,,0,,,0,,,,,1200,Demo Accounts Receivable,81510,00,00,0,C001,Demo Customer Aurora,D01,Demo Sales,748,"[""20211105"",""900463""]",,748-C,cor:monetaryAmount,"{""d_cor_accountingEntries"":""1"",""d_cor_entryDetail"":""748-C"",""d_cor_entryHeader"":""[\""20211105\"",\""900463\""]""}"
9,2,2021-11,2021-11-05,900463,Synthetic demo customer receipt 900463,1110,Demo North Current Deposit,81510,00,00,0,B002,North Demo Bank,D01,Demo Sales,,,0,,,0,,,,,748,"[""20211105"",""900463""]",748-D,,cor:monetaryAmount,"{""d_cor_accountingEntries"":""1"",""d_cor_entryDetail"":""748-D"",""d_cor_entryHeader"":""[\""20211105\"",\""900463\""]""}"
10,1,2021-11,2021-11-06,900412,Synthetic demo credit sale 900412,,,0,,,0,,,,,4010,Demo Service Revenue,438890,B5,B5,39899,C007,Demo Customer Grove,D01,Demo Sales,749,"[""20211106"",""900412""]",,749-C,cor:monetaryAmount,"{""d_cor_accountingEntries"":""1"",""d_cor_entryDetail"":""749-C"",""d_cor_entryHeader"":""[\""20211106\"",\""900412\""]""}"
10,2,2021-11,2021-11-06,900412,Synthetic demo credit sale 900412,1200,Demo Accounts Receivable,438890,00,00,0,C001,Demo Customer Aurora,D01,Demo Sales,,,0,,,0,,,,,749,"[""20211106"",""900412""]",749-D,,cor:monetaryAmount,"{""d_cor_accountingEntries"":""1"",""d_cor_entryDetail"":""749-D"",""d_cor_entryHeader"":""[\""20211106\"",\""900412\""]""}"
11,1,2021-11,2021-11-06,900455,Synthetic demo multi-vendor settlement 900455,2000,Demo Accounts Payable,232730,00,00,0,V001,Demo Vendor Keystone,D01,Demo Sales,,,0,,,0,,,,,750,"[""20211106"",""900455""]",750-D,,cor:monetaryAmount,"{""d_cor_accountingEntries"":""1"",""d_cor_entryDetail"":""750-D"",""d_cor_entryHeader"":""[\""20211106\"",\""900455\""]""}"
11,2,2021-11,2021-11-06,900455,Synthetic demo multi-vendor settlement 900455,2100,Demo Accrued Payables,472520,00,00,0,V009,Demo Vendor Summit,D01,Demo Sales,,,0,,,0,,,,,751,"[""20211106"",""900455""]",751-D,,cor:monetaryAmount,"{""d_cor_accountingEntries"":""1"",""d_cor_entryDetail"":""751-D"",""d_cor_entryHeader"":""[\""20211106\"",\""900455\""]""}"
11,3,2021-11,2021-11-06,900455,Synthetic demo multi-vendor settlement 900455,,,0,,,0,,,,,1120,Demo Harbor Ordinary Deposit,472510,00,00,0,B003,Harbor Demo Bank,D01,Demo Sales,752,"[""20211106"",""900455""]",,752-C,cor:monetaryAmount,"{""d_cor_accountingEntries"":""1"",""d_cor_entryDetail"":""752-C"",""d_cor_entryHeader"":""[\""20211106\"",\""900455\""]""}"
11,4,2021-11,2021-11-06,900455,Synthetic demo multi-vendor settlement 900455,,,0,,,0,,,,,1100,Demo Central Ordinary Deposit,232740,00,00,0,B001,Demo Central Bank,D01,Demo Sales,753,"[""20211106"",""900455""]",,753-C,cor:monetaryAmount,"{""d_cor_accountingEntries"":""1"",""d_cor_entryDetail"":""753-C"",""d_cor_entryHeader"":""[\""20211106\"",\""900455\""]""}"
12,1,2021-11,2021-11-06,900465,Synthetic demo monthly payroll bundle 900465,,,0,,,0,,,,,1100,Demo Central Ordinary Deposit,345220,00,00,0,B001,Demo Central Bank,D02,Demo Administration,754,"[""20211106"",""900465""]",,754-C,cor:monetaryAmount,"{""d_cor_accountingEntries"":""1"",""d_cor_entryDetail"":""754-C"",""d_cor_entryHeader"":""[\""20211106\"",\""900465\""]""}"
12,2,2021-11,2021-11-06,900465,Synthetic demo monthly payroll bundle 900465,6000,Demo Salaries,124270,00,00,0,,,D02,Demo Administration,,,0,,,0,,,,,754,"[""20211106"",""900465""]",754-D,,cor:monetaryAmount,"{""d_cor_accountingEntries"":""1"",""d_cor_entryDetail"":""754-D"",""d_cor_entryHeader"":""[\""20211106\"",\""900465\""]""}"
12,3,2021-11,2021-11-06,900465,Synthetic demo monthly payroll bundle 900465,6010,Demo Statutory Welfare,69040,00,00,0,,,D02,Demo Administration,,,0,,,0,,,,,755,"[""20211106"",""900465""]",755-D,,cor:monetaryAmount,"{""d_cor_accountingEntries"":""1"",""d_cor_entryDetail"":""755-D"",""d_cor_entryHeader"":""[\""20211106\"",\""900465\""]""}"
12,4,2021-11,2021-11-06,900465,Synthetic demo monthly payroll bundle 900465,2110,Demo Payroll Withholding,151910,00,00,0,,,D02,Demo Administration,,,0,,,0,,,,,756,"[""20211106"",""900465""]",756-D,,cor:monetaryAmount,"{""d_cor_accountingEntries"":""1"",""d_cor_entryDetail"":""756-D"",""d_cor_entryHeader"":""[\""20211106\"",\""900465\""]""}"
13,1,2021-11,2021-11-07,900439,Synthetic demo operating cost bundle 900439,,,0,,,0,,,,,1110,Demo North Current Deposit,509690,00,00,0,B002,North Demo Bank,D03,Demo Operations,757,"[""20211107"",""900439""]",,757-C,cor:monetaryAmount,"{""d_cor_accountingEntries"":""1"",""d_cor_entryDetail"":""757-C"",""d_cor_entryHeader"":""[\""20211107\"",\""900439\""]""}"
13,2,2021-11,2021-11-07,900439,Synthetic demo operating cost bundle 900439,6030,Demo Utilities,127420,Q5,Q5,11584,S002,Demo Energy Services,D03,Demo Operations,,,0,,,0,,,,,757,"[""20211107"",""900439""]",757-D,,cor:monetaryAmount,"{""d_cor_accountingEntries"":""1"",""d_cor_entryDetail"":""757-D"",""d_cor_entryHeader"":""[\""20211107\"",\""900439\""]""}"
13,3,2021-11,2021-11-07,900439,Synthetic demo operating cost bundle 900439,6040,Demo Communication,168190,Q5,Q5,15290,S003,Demo Network Services,D03,Demo Operations,,,0,,,0,,,,,758,"[""20211107"",""900439""]",758-D,,cor:monetaryAmount,"{""d_cor_accountingEntries"":""1"",""d_cor_entryDetail"":""758-D"",""d_cor_entryHeader"":""[\""20211107\"",\""900439\""]""}"
13,4,2021-11,2021-11-07,900439,Synthetic demo operating cost bundle 900439,6060,Demo Office Supplies,214080,Q5,Q5,19462,V010,Demo Vendor Tandem,D03,Demo Operations,,,0,,,0,,,,,759,"[""20211107"",""900439""]",759-D,,cor:monetaryAmount,"{""d_cor_accountingEntries"":""1"",""d_cor_entryDetail"":""759-D"",""d_cor_entryHeader"":""[\""20211107\"",\""900439\""]""}"
14,1,2021-11,2021-11-07,900440,Synthetic demo credit sale 900440,,,0,,,0,,,,,4020,Demo Other Operating Revenue,83210,B5,B5,7565,C001,Demo Customer Aurora,D01,Demo Sales,760,"[""20211107"",""900440""]",,760-C,cor:monetaryAmount,"{""d_cor_accountingEntries"":""1"",""d_cor_entryDetail"":""760-C"",""d_cor_entryHeader"":""[\""20211107\"",\""900440\""]""}"
14,2,2021-11,2021-11-07,900440,Synthetic demo credit sale 900440,1200,Demo Accounts Receivable,83210,00,00,0,C001,Demo Customer Aurora,D01,Demo Sales,,,0,,,0,,,,,760,"[""20211107"",""900440""]",760-D,,cor:monetaryAmount,"{""d_cor_accountingEntries"":""1"",""d_cor_entryDetail"":""760-D"",""d_cor_entryHeader"":""[\""20211107\"",\""900440\""]""}"
15,1,2021-11,2021-11-07,900443,Synthetic demo customer receipt 900443,,,0,,,0,,,,,1200,Demo Accounts Receivable,404850,00,00,0,C001,Demo Customer Aurora,D01,Demo Sales,761,"[""20211107"",""900443""]",,761-C,cor:monetaryAmount,"{""d_cor_accountingEntries"":""1"",""d_cor_entryDetail"":""761-C"",""d_cor_entryHeader"":""[\""20211107\"",\""900443\""]""}"
15,2,2021-11,2021-11-07,900443,Synthetic demo customer receipt 900443,1120,Demo Harbor Ordinary Deposit,404850,00,00,0,B003,Harbor Demo Bank,D01,Demo Sales,,,0,,,0,,,,,761,"[""20211107"",""900443""]",761-D,,cor:monetaryAmount,"{""d_cor_accountingEntries"":""1"",""d_cor_entryDetail"":""761-D"",""d_cor_entryHeader"":""[\""20211107\"",\""900443\""]""}"
16,1,2021-11,2021-11-07,900464,Synthetic demo customer receipt 900464,,,0,,,0,,,,,1200,Demo Accounts Receivable,121240,00,00,0,C001,Demo Customer Aurora,D01,Demo Sales,762,"[""20211107"",""900464""]",,762-C,cor:monetaryAmount,"{""d_cor_accountingEntries"":""1"",""d_cor_entryDetail"":""762-C"",""d_cor_entryHeader"":""[\""20211107\"",\""900464\""]""}"
16,2,2021-11,2021-11-07,900464,Synthetic demo customer receipt 900464,1120,Demo Harbor Ordinary Deposit,121240,00,00,0,B003,Harbor Demo Bank,D01,Demo Sales,,,0,,,0,,,,,762,"[""20211107"",""900464""]",762-D,,cor:monetaryAmount,"{""d_cor_accountingEntries"":""1"",""d_cor_entryDetail"":""762-D"",""d_cor_entryHeader"":""[\""20211107\"",\""900464\""]""}"
17,1,2021-11,2021-11-08,900449,Synthetic demo multi-vendor settlement 900449,2000,Demo Accounts Payable,401520,00,00,0,V001,Demo Vendor Keystone,D01,Demo Sales,,,0,,,0,,,,,763,"[""20211108"",""900449""]",763-D,,cor:monetaryAmount,"{""d_cor_accountingEntries"":""1"",""d_cor_entryDetail"":""763-D"",""d_cor_entryHeader"":""[\""20211108\"",\""900449\""]""}"
17,2,2021-11,2021-11-08,900449,Synthetic demo multi-vendor settlement 900449,2100,Demo Accrued Payables,156160,00,00,0,V003,Demo Vendor Mosaic,D01,Demo Sales,,,0,,,0,,,,,764,"[""20211108"",""900449""]",764-D,,cor:monetaryAmount,"{""d_cor_accountingEntries"":""1"",""d_cor_entryDetail"":""764-D"",""d_cor_entryHeader"":""[\""20211108\"",\""900449\""]""}"
17,3,2021-11,2021-11-08,900449,Synthetic demo multi-vendor settlement 900449,,,0,,,0,,,,,1120,Demo Harbor Ordinary Deposit,133840,00,00,0,B003,Harbor Demo Bank,D01,Demo Sales,765,"[""20211108"",""900449""]",,765-C,cor:monetaryAmount,"{""d_cor_accountingEntries"":""1"",""d_cor_entryDetail"":""765-C"",""d_cor_entryHeader"":""[\""20211108\"",\""900449\""]""}"
17,4,2021-11,2021-11-08,900449,Synthetic demo multi-vendor settlement 900449,,,0,,,0,,,,,1100,Demo Central Ordinary Deposit,423840,00,00,0,B001,Demo Central Bank,D01,Demo Sales,766,"[""20211108"",""900449""]",,766-C,cor:monetaryAmount,"{""d_cor_accountingEntries"":""1"",""d_cor_entryDetail"":""766-C"",""d_cor_entryHeader"":""[\""20211108\"",\""900449\""]""}"
18,1,2021-11,2021-11-09,900422,Synthetic demo credit sale 900422,,,0,,,0,,,,,4020,Demo Other Operating Revenue,580680,B5,B5,52789,C007,Demo Customer Grove,D01,Demo Sales,767,"[""20211109"",""900422""]",,767-C,cor:monetaryAmount,"{""d_cor_accountingEntries"":""1"",""d_cor_entryDetail"":""767-C"",""d_cor_entryHeader"":""[\""20211109\"",\""900422\""]""}"
18,2,2021-11,2021-11-09,900422,Synthetic demo credit sale 900422,1200,Demo Accounts Receivable,580680,00,00,0,C001,Demo Customer Aurora,D01,Demo Sales,,,0,,,0,,,,,767,"[""20211109"",""900422""]",767-D,,cor:monetaryAmount,"{""d_cor_accountingEntries"":""1"",""d_cor_entryDetail"":""767-D"",""d_cor_entryHeader"":""[\""20211109\"",\""900422\""]""}"
19,1,2021-11,2021-11-09,900423,Synthetic demo customer receipt 900423,,,0,,,0,,,,,1200,Demo Accounts Receivable,220510,00,00,0,C001,Demo Customer Aurora,D01,Demo Sales,768,"[""20211109"",""900423""]",,768-C,cor:monetaryAmount,"{""d_cor_accountingEntries"":""1"",""d_cor_entryDetail"":""768-C"",""d_cor_entryHeader"":""[\""20211109\"",\""900423\""]""}"
19,2,2021-11,2021-11-09,900423,Synthetic demo customer receipt 900423,1100,Demo Central Ordinary Deposit,220510,00,00,0,B001,Demo Central Bank,D01,Demo Sales,,,0,,,0,,,,,768,"[""20211109"",""900423""]",768-D,,cor:monetaryAmount,"{""d_cor_accountingEntries"":""1"",""d_cor_entryDetail"":""768-D"",""d_cor_entryHeader"":""[\""20211109\"",\""900423\""]""}"
20,1,2021-11,2021-11-09,900450,Synthetic demo credit sale 900450,,,0,,,0,,,,,4000,Demo Product Sales,438240,B5,B5,39840,C001,Demo Customer Aurora,D01,Demo Sales,769,"[""20211109"",""900450""]",,769-C,cor:monetaryAmount,"{""d_cor_accountingEntries"":""1"",""d_cor_entryDetail"":""769-C"",""d_cor_entryHeader"":""[\""20211109\"",\""900450\""]""}"
20,2,2021-11,2021-11-09,900450,Synthetic demo credit sale 900450,1200,Demo Accounts Receivable,438240,00,00,0,C001,Demo Customer Aurora,D01,Demo Sales,,,0,,,0,,,,,769,"[""20211109"",""900450""]",769-D,,cor:monetaryAmount,"{""d_cor_accountingEntries"":""1"",""d_cor_entryDetail"":""769-D"",""d_cor_entryHeader"":""[\""20211109\"",\""900450\""]""}"
21,1,2021-11,2021-11-09,900451,Synthetic demo credit sale 900451,,,0,,,0,,,,,4010,Demo Service Revenue,300970,B5,B5,27361,C004,Demo Customer Dawn,D01,Demo Sales,770,"[""20211109"",""900451""]",,770-C,cor:monetaryAmount,"{""d_cor_accountingEntries"":""1"",""d_cor_entryDetail"":""770-C"",""d_cor_entryHeader"":""[\""20211109\"",\""900451\""]""}"
21,2,2021-11,2021-11-09,900451,Synthetic demo credit sale 900451,1200,Demo Accounts Receivable,300970,00,00,0,C001,Demo Customer Aurora,D01,Demo Sales,,,0,,,0,,,,,770,"[""20211109"",""900451""]",770-D,,cor:monetaryAmount,"{""d_cor_accountingEntries"":""1"",""d_cor_entryDetail"":""770-D"",""d_cor_entryHeader"":""[\""20211109\"",\""900451\""]""}"
22,1,2021-11,2021-11-10,900420,Synthetic demo monthly payroll bundle 900420,,,0,,,0,,,,,1100,Demo Central Ordinary Deposit,300510,00,00,0,B001,Demo Central Bank,D02,Demo Administration,771,"[""20211110"",""900420""]",,771-C,cor:monetaryAmount,"{""d_cor_accountingEntries"":""1"",""d_cor_entryDetail"":""771-C"",""d_cor_entryHeader"":""[\""20211110\"",\""900420\""]""}"
22,2,2021-11,2021-11-10,900420,Synthetic demo monthly payroll bundle 900420,6000,Demo Salaries,123200,00,00,0,,,D02,Demo Administration,,,0,,,0,,,,,771,"[""20211110"",""900420""]",771-D,,cor:monetaryAmount,"{""d_cor_accountingEntries"":""1"",""d_cor_entryDetail"":""771-D"",""d_cor_entryHeader"":""[\""20211110\"",\""900420\""]""}"
22,3,2021-11,2021-11-10,900420,Synthetic demo monthly payroll bundle 900420,6010,Demo Statutory Welfare,108180,00,00,0,,,D02,Demo Administration,,,0,,,0,,,,,772,"[""20211110"",""900420""]",772-D,,cor:monetaryAmount,"{""d_cor_accountingEntries"":""1"",""d_cor_entryDetail"":""772-D"",""d_cor_entryHeader"":""[\""20211110\"",\""900420\""]""}"
22,4,2021-11,2021-11-10,900420,Synthetic demo monthly payroll bundle 900420,2110,Demo Payroll Withholding,69130,00,00,0,,,D02,Demo Administration,,,0,,,0,,,,,773,"[""20211110"",""900420""]",773-D,,cor:monetaryAmount,"{""d_cor_accountingEntries"":""1"",""d_cor_entryDetail"":""773-D"",""d_cor_entryHeader"":""[\""20211110\"",\""900420\""]""}"
23,1,2021-11,2021-11-10,900429,Synthetic demo prepaid service 900429,,,0,,,0,,,,,1100,Demo Central Ordinary Deposit,79610,00,00,0,B001,Demo Central Bank,D05,Demo Digital Services,774,"[""20211110"",""900429""]",,774-C,cor:monetaryAmount,"{""d_cor_accountingEntries"":""1"",""d_cor_entryDetail"":""774-C"",""d_cor_entryHeader"":""[\""20211110\"",\""900429\""]""}"
23,2,2021-11,2021-11-10,900429,Synthetic demo prepaid service 900429,1400,Demo Prepaid Expenses,79610,00,00,0,S004,Demo Logistics Services,D05,Demo Digital Services,,,0,,,0,,,,,774,"[""20211110"",""900429""]",774-D,,cor:monetaryAmount,"{""d_cor_accountingEntries"":""1"",""d_cor_entryDetail"":""774-D"",""d_cor_entryHeader"":""[\""20211110\"",\""900429\""]""}"
24,1,2021-11,2021-11-12,900456,Synthetic demo purchase on account 900456,,,0,,,0,,,,,2000,Demo Accounts Payable,204250,00,00,0,V001,Demo Vendor Keystone,D04,Demo Logistics,775,"[""20211112"",""900456""]",,775-C,cor:monetaryAmount,"{""d_cor_accountingEntries"":""1"",""d_cor_entryDetail"":""775-C"",""d_cor_entryHeader"":""[\""20211112\"",\""900456\""]""}"
24,2,2021-11,2021-11-12,900456,Synthetic demo purchase on account 900456,5000,Demo Purchases,204250,Q5,Q5,18568,V001,Demo Vendor Keystone,D04,Demo Logistics,,,0,,,0,,,,,775,"[""20211112"",""900456""]",775-D,,cor:monetaryAmount,"{""d_cor_accountingEntries"":""1"",""d_cor_entryDetail"":""775-D"",""d_cor_entryHeader"":""[\""20211112\"",\""900456\""]""}"
25,1,2021-11,2021-11-13,900441,Synthetic demo credit sale 900441,,,0,,,0,,,,,4000,Demo Product Sales,337560,B5,B5,30687,C004,Demo Customer Dawn,D01,Demo Sales,776,"[""20211113"",""900441""]",,776-C,cor:monetaryAmount,"{""d_cor_accountingEntries"":""1"",""d_cor_entryDetail"":""776-C"",""d_cor_entryHeader"":""[\""20211113\"",\""900441\""]""}"
25,2,2021-11,2021-11-13,900441,Synthetic demo credit sale 900441,1200,Demo Accounts Receivable,337560,00,00,0,C001,Demo Customer Aurora,D01,Demo Sales,,,0,,,0,,,,,776,"[""20211113"",""900441""]",776-D,,cor:monetaryAmount,"{""d_cor_accountingEntries"":""1"",""d_cor_entryDetail"":""776-D"",""d_cor_entryHeader"":""[\""20211113\"",\""900441\""]""}"
26,1,2021-11,2021-11-14,900421,Synthetic demo credit sale 900421,,,0,,,0,,,,,4010,Demo Service Revenue,167500,B5,B5,15227,C004,Demo Customer Dawn,D01,Demo Sales,777,"[""20211114"",""900421""]",,777-C,cor:monetaryAmount,"{""d_cor_accountingEntries"":""1"",""d_cor_entryDetail"":""777-C"",""d_cor_entryHeader"":""[\""20211114\"",\""900421\""]""}"
26,2,2021-11,2021-11-14,900421,Synthetic demo credit sale 900421,1200,Demo Accounts Receivable,167500,00,00,0,C001,Demo Customer Aurora,D01,Demo Sales,,,0,,,0,,,,,777,"[""20211114"",""900421""]",777-D,,cor:monetaryAmount,"{""d_cor_accountingEntries"":""1"",""d_cor_entryDetail"":""777-D"",""d_cor_entryHeader"":""[\""20211114\"",\""900421\""]""}"
27,1,2021-11,2021-11-14,900433,Synthetic demo operating cost bundle 900433,,,0,,,0,,,,,1110,Demo North Current Deposit,186570,00,00,0,B002,North Demo Bank,D03,Demo Operations,778,"[""20211114"",""900433""]",,778-C,cor:monetaryAmount,"{""d_cor_accountingEntries"":""1"",""d_cor_entryDetail"":""778-C"",""d_cor_entryHeader"":""[\""20211114\"",\""900433\""]""}"
27,2,2021-11,2021-11-14,900433,Synthetic demo operating cost bundle 900433,6030,Demo Utilities,37310,Q5,Q5,3392,S002,Demo Energy Services,D03,Demo Operations,,,0,,,0,,,,,778,"[""20211114"",""900433""]",778-D,,cor:monetaryAmount,"{""d_cor_accountingEntries"":""1"",""d_cor_entryDetail"":""778-D"",""d_cor_entryHeader"":""[\""20211114\"",\""900433\""]""}"
27,3,2021-11,2021-11-14,900433,Synthetic demo operating cost bundle 900433,6040,Demo Communication,14920,Q5,Q5,1356,S003,Demo Network Services,D03,Demo Operations,,,0,,,0,,,,,779,"[""20211114"",""900433""]",779-D,,cor:monetaryAmount,"{""d_cor_accountingEntries"":""1"",""d_cor_entryDetail"":""779-D"",""d_cor_entryHeader"":""[\""20211114\"",\""900433\""]""}"
27,4,2021-11,2021-11-14,900433,Synthetic demo operating cost bundle 900433,6060,Demo Office Supplies,134340,Q5,Q5,12213,V004,Demo Vendor Nimbus,D03,Demo Operations,,,0,,,0,,,,,780,"[""20211114"",""900433""]",780-D,,cor:monetaryAmount,"{""d_cor_accountingEntries"":""1"",""d_cor_entryDetail"":""780-D"",""d_cor_entryHeader"":""[\""20211114\"",\""900433\""]""}"
28,1,2021-11,2021-11-14,900448,Synthetic demo operating expense 900448,,,0,,,0,,,,,1110,Demo North Current Deposit,118920,00,00,0,B002,North Demo Bank,D03,Demo Operations,781,"[""20211114"",""900448""]",,781-C,cor:monetaryAmount,"{""d_cor_accountingEntries"":""1"",""d_cor_entryDetail"":""781-C"",""d_cor_entryHeader"":""[\""20211114\"",\""900448\""]""}"
28,2,2021-11,2021-11-14,900448,Synthetic demo operating expense 900448,7000,Demo Taxes and Dues,118920,P0,P0,0,V001,Demo Vendor Keystone,D03,Demo Operations,,,0,,,0,,,,,781,"[""20211114"",""900448""]",781-D,,cor:monetaryAmount,"{""d_cor_accountingEntries"":""1"",""d_cor_entryDetail"":""781-D"",""d_cor_entryHeader"":""[\""20211114\"",\""900448\""]""}"
29,1,2021-11,2021-11-15,900419,Synthetic demo prepaid service 900419,,,0,,,0,,,,,1120,Demo Harbor Ordinary Deposit,125550,00,00,0,B003,Harbor Demo Bank,D05,Demo Digital Services,782,"[""20211115"",""900419""]",,782-C,cor:monetaryAmount,"{""d_cor_accountingEntries"":""1"",""d_cor_entryDetail"":""782-C"",""d_cor_entryHeader"":""[\""20211115\"",\""900419\""]""}"
29,2,2021-11,2021-11-15,900419,Synthetic demo prepaid service 900419,1400,Demo Prepaid Expenses,125550,00,00,0,S006,Demo Insurance Services,D05,Demo Digital Services,,,0,,,0,,,,,782,"[""20211115"",""900419""]",782-D,,cor:monetaryAmount,"{""d_cor_accountingEntries"":""1"",""d_cor_entryDetail"":""782-D"",""d_cor_entryHeader"":""[\""20211115\"",\""900419\""]""}"
30,1,2021-11,2021-11-15,900427,Synthetic demo vendor settlement 900427,,,0,,,0,,,,,1110,Demo North Current Deposit,159020,00,00,0,B002,North Demo Bank,D04,Demo Logistics,783,"[""20211115"",""900427""]",,783-C,cor:monetaryAmount,"{""d_cor_accountingEntries"":""1"",""d_cor_entryDetail"":""783-C"",""d_cor_entryHeader"":""[\""20211115\"",\""900427\""]""}"
30,2,2021-11,2021-11-15,900427,Synthetic demo vendor settlement 900427,2000,Demo Accounts Payable,159020,00,00,0,V001,Demo Vendor Keystone,D04,Demo Logistics,,,0,,,0,,,,,783,"[""20211115"",""900427""]",783-D,,cor:monetaryAmount,"{""d_cor_accountingEntries"":""1"",""d_cor_entryDetail"":""783-D"",""d_cor_entryHeader"":""[\""20211115\"",\""900427\""]""}"
31,1,2021-11,2021-11-15,900428,Synthetic demo operating expense 900428,,,0,,,0,,,,,1120,Demo Harbor Ordinary Deposit,57890,00,00,0,B003,Harbor Demo Bank,D05,Demo Digital Services,784,"[""20211115"",""900428""]",,784-C,cor:monetaryAmount,"{""d_cor_accountingEntries"":""1"",""d_cor_entryDetail"":""784-C"",""d_cor_entryHeader"":""[\""20211115\"",\""900428\""]""}"
31,2,2021-11,2021-11-15,900428,Synthetic demo operating expense 900428,6160,Demo Shipping,57890,Q5,Q5,5263,V001,Demo Vendor Keystone,D05,Demo Digital Services,,,0,,,0,,,,,784,"[""20211115"",""900428""]",784-D,,cor:monetaryAmount,"{""d_cor_accountingEntries"":""1"",""d_cor_entryDetail"":""784-D"",""d_cor_entryHeader"":""[\""20211115\"",\""900428\""]""}"
32,1,2021-11,2021-11-15,900436,Synthetic demo mixed sales and receipt 900436,1110,Demo North Current Deposit,139290,00,00,0,B002,North Demo Bank,D01,Demo Sales,,,0,,,0,,,,,785,"[""20211115"",""900436""]",785-D,,cor:monetaryAmount,"{""d_cor_accountingEntries"":""1"",""d_cor_entryDetail"":""785-D"",""d_cor_entryHeader"":""[\""20211115\"",\""900436\""]""}"
32,2,2021-11,2021-11-15,900436,Synthetic demo mixed sales and receipt 900436,1200,Demo Accounts Receivable,441120,00,00,0,C001,Demo Customer Aurora,D01,Demo Sales,,,0,,,0,,,,,786,"[""20211115"",""900436""]",786-D,,cor:monetaryAmount,"{""d_cor_accountingEntries"":""1"",""d_cor_entryDetail"":""786-D"",""d_cor_entryHeader"":""[\""20211115\"",\""900436\""]""}"
32,3,2021-11,2021-11-15,900436,Synthetic demo mixed sales and receipt 900436,,,0,,,0,,,,,4000,Demo Product Sales,266980,B5,B5,24271,C008,Demo Customer Halo,D01,Demo Sales,787,"[""20211115"",""900436""]",,787-C,cor:monetaryAmount,"{""d_cor_accountingEntries"":""1"",""d_cor_entryDetail"":""787-C"",""d_cor_entryHeader"":""[\""20211115\"",\""900436\""]""}"
32,4,2021-11,2021-11-15,900436,Synthetic demo mixed sales and receipt 900436,,,0,,,0,,,,,4010,Demo Service Revenue,313430,B5,B5,28494,C009,Demo Customer Indigo,D01,Demo Sales,788,"[""20211115"",""900436""]",,788-C,cor:monetaryAmount,"{""d_cor_accountingEntries"":""1"",""d_cor_entryDetail"":""788-C"",""d_cor_entryHeader"":""[\""20211115\"",\""900436\""]""}"
33,1,2021-11,2021-11-15,900458,Synthetic demo financing settlement 900458,,,0,,,0,,,,,1120,Demo Harbor Ordinary Deposit,491530,00,00,0,B003,Harbor Demo Bank,D06,Demo Management,789,"[""20211115"",""900458""]",,789-C,cor:monetaryAmount,"{""d_cor_accountingEntries"":""1"",""d_cor_entryDetail"":""789-C"",""d_cor_entryHeader"":""[\""20211115\"",\""900458\""]""}"
33,2,2021-11,2021-11-15,900458,Synthetic demo financing settlement 900458,2200,Demo Short-term Loans,157280,00,00,0,,,D06,Demo Management,,,0,,,0,,,,,789,"[""20211115"",""900458""]",789-D,,cor:monetaryAmount,"{""d_cor_accountingEntries"":""1"",""d_cor_entryDetail"":""789-D"",""d_cor_entryHeader"":""[\""20211115\"",\""900458\""]""}"
33,3,2021-11,2021-11-15,900458,Synthetic demo financing settlement 900458,6070,Demo Bank Fees,108130,00,00,0,B003,Harbor Demo Bank,D06,Demo Management,,,0,,,0,,,,,790,"[""20211115"",""900458""]",790-D,,cor:monetaryAmount,"{""d_cor_accountingEntries"":""1"",""d_cor_entryDetail"":""790-D"",""d_cor_entryHeader"":""[\""20211115\"",\""900458\""]""}"
33,4,2021-11,2021-11-15,900458,Synthetic demo financing settlement 900458,7000,Demo Taxes and Dues,226120,P0,P0,0,,,D06,Demo Management,,,0,,,0,,,,,791,"[""20211115"",""900458""]",791-D,,cor:monetaryAmount,"{""d_cor_accountingEntries"":""1"",""d_cor_entryDetail"":""791-D"",""d_cor_entryHeader"":""[\""20211115\"",\""900458\""]""}"
34,1,2021-11,2021-11-16,900432,Synthetic demo credit sale 900432,,,0,,,0,,,,,4000,Demo Product Sales,247300,B5,B5,22482,C007,Demo Customer Grove,D01,Demo Sales,792,"[""20211116"",""900432""]",,792-C,cor:monetaryAmount,"{""d_cor_accountingEntries"":""1"",""d_cor_entryDetail"":""792-C"",""d_cor_entryHeader"":""[\""20211116\"",\""900432\""]""}"
34,2,2021-11,2021-11-16,900432,Synthetic demo credit sale 900432,1200,Demo Accounts Receivable,247300,00,00,0,C001,Demo Customer Aurora,D01,Demo Sales,,,0,,,0,,,,,792,"[""20211116"",""900432""]",792-D,,cor:monetaryAmount,"{""d_cor_accountingEntries"":""1"",""d_cor_entryDetail"":""792-D"",""d_cor_entryHeader"":""[\""20211116\"",\""900432\""]""}"
35,1,2021-11,2021-11-16,900437,Synthetic demo vendor settlement 900437,,,0,,,0,,,,,1120,Demo Harbor Ordinary Deposit,88090,00,00,0,B003,Harbor Demo Bank,D04,Demo Logistics,793,"[""20211116"",""900437""]",,793-C,cor:monetaryAmount,"{""d_cor_accountingEntries"":""1"",""d_cor_entryDetail"":""793-C"",""d_cor_entryHeader"":""[\""20211116\"",\""900437\""]""}"
35,2,2021-11,2021-11-16,900437,Synthetic demo vendor settlement 900437,2000,Demo Accounts Payable,88090,00,00,0,V001,Demo Vendor Keystone,D04,Demo Logistics,,,0,,,0,,,,,793,"[""20211116"",""900437""]",793-D,,cor:monetaryAmount,"{""d_cor_accountingEntries"":""1"",""d_cor_entryDetail"":""793-D"",""d_cor_entryHeader"":""[\""20211116\"",\""900437\""]""}"
36,1,2021-11,2021-11-17,900445,Synthetic demo operating cost bundle 900445,,,0,,,0,,,,,1110,Demo North Current Deposit,425530,00,00,0,B002,North Demo Bank,D03,Demo Operations,794,"[""20211117"",""900445""]",,794-C,cor:monetaryAmount,"{""d_cor_accountingEntries"":""1"",""d_cor_entryDetail"":""794-C"",""d_cor_entryHeader"":""[\""20211117\"",\""900445\""]""}"
36,2,2021-11,2021-11-17,900445,Synthetic demo operating cost bundle 900445,6030,Demo Utilities,85100,Q5,Q5,7736,S002,Demo Energy Services,D03,Demo Operations,,,0,,,0,,,,,794,"[""20211117"",""900445""]",794-D,,cor:monetaryAmount,"{""d_cor_accountingEntries"":""1"",""d_cor_entryDetail"":""794-D"",""d_cor_entryHeader"":""[\""20211117\"",\""900445\""]""}"
36,3,2021-11,2021-11-17,900445,Synthetic demo operating cost bundle 900445,6040,Demo Communication,204250,Q5,Q5,18568,S003,Demo Network Services,D03,Demo Operations,,,0,,,0,,,,,795,"[""20211117"",""900445""]",795-D,,cor:monetaryAmount,"{""d_cor_accountingEntries"":""1"",""d_cor_entryDetail"":""795-D"",""d_cor_entryHeader"":""[\""20211117\"",\""900445\""]""}"
36,4,2021-11,2021-11-17,900445,Synthetic demo operating cost bundle 900445,6060,Demo Office Supplies,136180,Q5,Q5,12380,V006,Demo Vendor Prairie,D03,Demo Operations,,,0,,,0,,,,,796,"[""20211117"",""900445""]",796-D,,cor:monetaryAmount,"{""d_cor_accountingEntries"":""1"",""d_cor_entryDetail"":""796-D"",""d_cor_entryHeader"":""[\""20211117\"",\""900445\""]""}"
37,1,2021-11,2021-11-17,900452,Synthetic demo financing settlement 900452,,,0,,,0,,,,,1120,Demo Harbor Ordinary Deposit,260360,00,00,0,B003,Harbor Demo Bank,D06,Demo Management,797,"[""20211117"",""900452""]",,797-C,cor:monetaryAmount,"{""d_cor_accountingEntries"":""1"",""d_cor_entryDetail"":""797-C"",""d_cor_entryHeader"":""[\""20211117\"",\""900452\""]""}"
37,2,2021-11,2021-11-17,900452,Synthetic demo financing settlement 900452,2200,Demo Short-term Loans,39050,00,00,0,,,D06,Demo Management,,,0,,,0,,,,,797,"[""20211117"",""900452""]",797-D,,cor:monetaryAmount,"{""d_cor_accountingEntries"":""1"",""d_cor_entryDetail"":""797-D"",""d_cor_entryHeader"":""[\""20211117\"",\""900452\""]""}"
37,3,2021-11,2021-11-17,900452,Synthetic demo financing settlement 900452,6070,Demo Bank Fees,119760,00,00,0,B003,Harbor Demo Bank,D06,Demo Management,,,0,,,0,,,,,798,"[""20211117"",""900452""]",798-D,,cor:monetaryAmount,"{""d_cor_accountingEntries"":""1"",""d_cor_entryDetail"":""798-D"",""d_cor_entryHeader"":""[\""20211117\"",\""900452\""]""}"
37,4,2021-11,2021-11-17,900452,Synthetic demo financing settlement 900452,7000,Demo Taxes and Dues,101550,P0,P0,0,,,D06,Demo Management,,,0,,,0,,,,,799,"[""20211117"",""900452""]",799-D,,cor:monetaryAmount,"{""d_cor_accountingEntries"":""1"",""d_cor_entryDetail"":""799-D"",""d_cor_entryHeader"":""[\""20211117\"",\""900452\""]""}"
38,1,2021-11,2021-11-17,900460,Synthetic demo credit sale 900460,,,0,,,0,,,,,4010,Demo Service Revenue,286310,B5,B5,26028,C001,Demo Customer Aurora,D01,Demo Sales,800,"[""20211117"",""900460""]",,800-C,cor:monetaryAmount,"{""d_cor_accountingEntries"":""1"",""d_cor_entryDetail"":""800-C"",""d_cor_entryHeader"":""[\""20211117\"",\""900460\""]""}"
38,2,2021-11,2021-11-17,900460,Synthetic demo credit sale 900460,1200,Demo Accounts Receivable,286310,00,00,0,C001,Demo Customer Aurora,D01,Demo Sales,,,0,,,0,,,,,800,"[""20211117"",""900460""]",800-D,,cor:monetaryAmount,"{""d_cor_accountingEntries"":""1"",""d_cor_entryDetail"":""800-D"",""d_cor_entryHeader"":""[\""20211117\"",\""900460\""]""}"
39,1,2021-11,2021-11-17,900470,Synthetic demo credit sale 900470,,,0,,,0,,,,,4020,Demo Other Operating Revenue,405040,B5,B5,36822,C001,Demo Customer Aurora,D01,Demo Sales,801,"[""20211117"",""900470""]",,801-C,cor:monetaryAmount,"{""d_cor_accountingEntries"":""1"",""d_cor_entryDetail"":""801-C"",""d_cor_entryHeader"":""[\""20211117\"",\""900470\""]""}"
39,2,2021-11,2021-11-17,900470,Synthetic demo credit sale 900470,1200,Demo Accounts Receivable,405040,00,00,0,C001,Demo Customer Aurora,D01,Demo Sales,,,0,,,0,,,,,801,"[""20211117"",""900470""]",801-D,,cor:monetaryAmount,"{""d_cor_accountingEntries"":""1"",""d_cor_entryDetail"":""801-D"",""d_cor_entryHeader"":""[\""20211117\"",\""900470\""]""}"
40,1,2021-11,2021-11-18,900442,Synthetic demo mixed sales and receipt 900442,1110,Demo North Current Deposit,356400,00,00,0,B002,North Demo Bank,D01,Demo Sales,,,0,,,0,,,,,802,"[""20211118"",""900442""]",802-D,,cor:monetaryAmount,"{""d_cor_accountingEntries"":""1"",""d_cor_entryDetail"":""802-D"",""d_cor_entryHeader"":""[\""20211118\"",\""900442\""]""}"
40,2,2021-11,2021-11-18,900442,Synthetic demo mixed sales and receipt 900442,1200,Demo Accounts Receivable,106470,00,00,0,C001,Demo Customer Aurora,D01,Demo Sales,,,0,,,0,,,,,803,"[""20211118"",""900442""]",803-D,,cor:monetaryAmount,"{""d_cor_accountingEntries"":""1"",""d_cor_entryDetail"":""803-D"",""d_cor_entryHeader"":""[\""20211118\"",\""900442\""]""}"
40,3,2021-11,2021-11-18,900442,Synthetic demo mixed sales and receipt 900442,,,0,,,0,,,,,4000,Demo Product Sales,203660,R5,R5,15086,C004,Demo Customer Dawn,D01,Demo Sales,804,"[""20211118"",""900442""]",,804-C,cor:monetaryAmount,"{""d_cor_accountingEntries"":""1"",""d_cor_entryDetail"":""804-C"",""d_cor_entryHeader"":""[\""20211118\"",\""900442\""]""}"
40,4,2021-11,2021-11-18,900442,Synthetic demo mixed sales and receipt 900442,,,0,,,0,,,,,4010,Demo Service Revenue,259210,B5,B5,23565,C005,Demo Customer Elm,D01,Demo Sales,805,"[""20211118"",""900442""]",,805-C,cor:monetaryAmount,"{""d_cor_accountingEntries"":""1"",""d_cor_entryDetail"":""805-C"",""d_cor_entryHeader"":""[\""20211118\"",\""900442\""]""}"
41,1,2021-11,2021-11-18,900446,Synthetic demo purchase on account 900446,,,0,,,0,,,,,2000,Demo Accounts Payable,142990,00,00,0,V001,Demo Vendor Keystone,D04,Demo Logistics,806,"[""20211118"",""900446""]",,806-C,cor:monetaryAmount,"{""d_cor_accountingEntries"":""1"",""d_cor_entryDetail"":""806-C"",""d_cor_entryHeader"":""[\""20211118\"",\""900446\""]""}"
41,2,2021-11,2021-11-18,900446,Synthetic demo purchase on account 900446,5020,Demo Inventory Adjustment,142990,Q5,Q5,12999,V001,Demo Vendor Keystone,D04,Demo Logistics,,,0,,,0,,,,,806,"[""20211118"",""900446""]",806-D,,cor:monetaryAmount,"{""d_cor_accountingEntries"":""1"",""d_cor_entryDetail"":""806-D"",""d_cor_entryHeader"":""[\""20211118\"",\""900446\""]""}"
42,1,2021-11,2021-11-18,900447,Synthetic demo vendor settlement 900447,,,0,,,0,,,,,1100,Demo Central Ordinary Deposit,240590,00,00,0,B001,Demo Central Bank,D04,Demo Logistics,807,"[""20211118"",""900447""]",,807-C,cor:monetaryAmount,"{""d_cor_accountingEntries"":""1"",""d_cor_entryDetail"":""807-C"",""d_cor_entryHeader"":""[\""20211118\"",\""900447\""]""}"
42,2,2021-11,2021-11-18,900447,Synthetic demo vendor settlement 900447,2000,Demo Accounts Payable,240590,00,00,0,V001,Demo Vendor Keystone,D04,Demo Logistics,,,0,,,0,,,,,807,"[""20211118"",""900447""]",807-D,,cor:monetaryAmount,"{""d_cor_accountingEntries"":""1"",""d_cor_entryDetail"":""807-D"",""d_cor_entryHeader"":""[\""20211118\"",\""900447\""]""}"
43,1,2021-11,2021-11-20,900413,Synthetic demo financing settlement 900413,,,0,,,0,,,,,1120,Demo Harbor Ordinary Deposit,264910,00,00,0,B003,Harbor Demo Bank,D06,Demo Management,808,"[""20211120"",""900413""]",,808-C,cor:monetaryAmount,"{""d_cor_accountingEntries"":""1"",""d_cor_entryDetail"":""808-C"",""d_cor_entryHeader"":""[\""20211120\"",\""900413\""]""}"
43,2,2021-11,2021-11-20,900413,Synthetic demo financing settlement 900413,2200,Demo Short-term Loans,39730,00,00,0,,,D06,Demo Management,,,0,,,0,,,,,808,"[""20211120"",""900413""]",808-D,,cor:monetaryAmount,"{""d_cor_accountingEntries"":""1"",""d_cor_entryDetail"":""808-D"",""d_cor_entryHeader"":""[\""20211120\"",\""900413\""]""}"
43,3,2021-11,2021-11-20,900413,Synthetic demo financing settlement 900413,6070,Demo Bank Fees,21190,00,00,0,B003,Harbor Demo Bank,D06,Demo Management,,,0,,,0,,,,,809,"[""20211120"",""900413""]",809-D,,cor:monetaryAmount,"{""d_cor_accountingEntries"":""1"",""d_cor_entryDetail"":""809-D"",""d_cor_entryHeader"":""[\""20211120\"",\""900413\""]""}"
43,4,2021-11,2021-11-20,900413,Synthetic demo financing settlement 900413,7000,Demo Taxes and Dues,203990,P0,P0,0,,,D06,Demo Management,,,0,,,0,,,,,810,"[""20211120"",""900413""]",810-D,,cor:monetaryAmount,"{""d_cor_accountingEntries"":""1"",""d_cor_entryDetail"":""810-D"",""d_cor_entryHeader"":""[\""20211120\"",\""900413\""]""}"
44,1,2021-11,2021-11-22,900438,Synthetic demo operating expense 900438,,,0,,,0,,,,,1100,Demo Central Ordinary Deposit,4140,00,00,0,B001,Demo Central Bank,D02,Demo Administration,811,"[""20211122"",""900438""]",,811-C,cor:monetaryAmount,"{""d_cor_accountingEntries"":""1"",""d_cor_entryDetail"":""811-C"",""d_cor_entryHeader"":""[\""20211122\"",\""900438\""]""}"
44,2,2021-11,2021-11-22,900438,Synthetic demo operating expense 900438,6080,Demo Advertising,4140,Q5,Q5,376,V001,Demo Vendor Keystone,D02,Demo Administration,,,0,,,0,,,,,811,"[""20211122"",""900438""]",811-D,,cor:monetaryAmount,"{""d_cor_accountingEntries"":""1"",""d_cor_entryDetail"":""811-D"",""d_cor_entryHeader"":""[\""20211122\"",\""900438\""]""}"
45,1,2021-11,2021-11-23,900434,Synthetic demo customer receipt 900434,,,0,,,0,,,,,1200,Demo Accounts Receivable,260440,00,00,0,C001,Demo Customer Aurora,D01,Demo Sales,812,"[""20211123"",""900434""]",,812-C,cor:monetaryAmount,"{""d_cor_accountingEntries"":""1"",""d_cor_entryDetail"":""812-C"",""d_cor_entryHeader"":""[\""20211123\"",\""900434\""]""}"
45,2,2021-11,2021-11-23,900434,Synthetic demo customer receipt 900434,1120,Demo Harbor Ordinary Deposit,260440,00,00,0,B003,Harbor Demo Bank,D01,Demo Sales,,,0,,,0,,,,,812,"[""20211123"",""900434""]",812-D,,cor:monetaryAmount,"{""d_cor_accountingEntries"":""1"",""d_cor_entryDetail"":""812-D"",""d_cor_entryHeader"":""[\""20211123\"",\""900434\""]""}"
46,1,2021-11,2021-11-23,900459,Synthetic demo prepaid service 900459,,,0,,,0,,,,,1100,Demo Central Ordinary Deposit,157240,00,00,0,B001,Demo Central Bank,D05,Demo Digital Services,813,"[""20211123"",""900459""]",,813-C,cor:monetaryAmount,"{""d_cor_accountingEntries"":""1"",""d_cor_entryDetail"":""813-C"",""d_cor_entryHeader"":""[\""20211123\"",\""900459\""]""}"
46,2,2021-11,2021-11-23,900459,Synthetic demo prepaid service 900459,1400,Demo Prepaid Expenses,157240,00,00,0,S004,Demo Logistics Services,D05,Demo Digital Services,,,0,,,0,,,,,813,"[""20211123"",""900459""]",813-D,,cor:monetaryAmount,"{""d_cor_accountingEntries"":""1"",""d_cor_entryDetail"":""813-D"",""d_cor_entryHeader"":""[\""20211123\"",\""900459\""]""}"
47,1,2021-11,2021-11-25,900415,Synthetic demo purchase on account 900415,,,0,,,0,,,,,2000,Demo Accounts Payable,127820,00,00,0,V001,Demo Vendor Keystone,D04,Demo Logistics,814,"[""20211125"",""900415""]",,814-C,cor:monetaryAmount,"{""d_cor_accountingEntries"":""1"",""d_cor_entryDetail"":""814-C"",""d_cor_entryHeader"":""[\""20211125\"",\""900415\""]""}"
47,2,2021-11,2021-11-25,900415,Synthetic demo purchase on account 900415,5010,Demo Freight-in,127820,Q5,Q5,11620,V006,Demo Vendor Prairie,D04,Demo Logistics,,,0,,,0,,,,,814,"[""20211125"",""900415""]",814-D,,cor:monetaryAmount,"{""d_cor_accountingEntries"":""1"",""d_cor_entryDetail"":""814-D"",""d_cor_entryHeader"":""[\""20211125\"",\""900415\""]""}"
48,1,2021-11,2021-11-26,900424,Synthetic demo mixed sales and receipt 900424,1110,Demo North Current Deposit,103280,00,00,0,B002,North Demo Bank,D01,Demo Sales,,,0,,,0,,,,,815,"[""20211126"",""900424""]",815-D,,cor:monetaryAmount,"{""d_cor_accountingEntries"":""1"",""d_cor_entryDetail"":""815-D"",""d_cor_entryHeader"":""[\""20211126\"",\""900424\""]""}"
48,2,2021-11,2021-11-26,900424,Synthetic demo mixed sales and receipt 900424,1200,Demo Accounts Receivable,200490,00,00,0,C001,Demo Customer Aurora,D01,Demo Sales,,,0,,,0,,,,,816,"[""20211126"",""900424""]",816-D,,cor:monetaryAmount,"{""d_cor_accountingEntries"":""1"",""d_cor_entryDetail"":""816-D"",""d_cor_entryHeader"":""[\""20211126\"",\""900424\""]""}"
48,3,2021-11,2021-11-26,900424,Synthetic demo mixed sales and receipt 900424,,,0,,,0,,,,,4000,Demo Product Sales,127580,B5,B5,11598,C006,Demo Customer Fjord,D01,Demo Sales,817,"[""20211126"",""900424""]",,817-C,cor:monetaryAmount,"{""d_cor_accountingEntries"":""1"",""d_cor_entryDetail"":""817-C"",""d_cor_entryHeader"":""[\""20211126\"",\""900424\""]""}"
48,4,2021-11,2021-11-26,900424,Synthetic demo mixed sales and receipt 900424,,,0,,,0,,,,,4010,Demo Service Revenue,176190,B5,B5,16017,C007,Demo Customer Grove,D01,Demo Sales,818,"[""20211126"",""900424""]",,818-C,cor:monetaryAmount,"{""d_cor_accountingEntries"":""1"",""d_cor_entryDetail"":""818-C"",""d_cor_entryHeader"":""[\""20211126\"",\""900424\""]""}"
49,1,2021-11,2021-11-26,900431,Synthetic demo credit sale 900431,,,0,,,0,,,,,4020,Demo Other Operating Revenue,380420,B5,B5,34584,C004,Demo Customer Dawn,D01,Demo Sales,819,"[""20211126"",""900431""]",,819-C,cor:monetaryAmount,"{""d_cor_accountingEntries"":""1"",""d_cor_entryDetail"":""819-C"",""d_cor_entryHeader"":""[\""20211126\"",\""900431\""]""}"
49,2,2021-11,2021-11-26,900431,Synthetic demo credit sale 900431,1200,Demo Accounts Receivable,380420,00,00,0,C001,Demo Customer Aurora,D01,Demo Sales,,,0,,,0,,,,,819,"[""20211126"",""900431""]",819-D,,cor:monetaryAmount,"{""d_cor_accountingEntries"":""1"",""d_cor_entryDetail"":""819-D"",""d_cor_entryHeader"":""[\""20211126\"",\""900431\""]""}"
50,1,2021-11,2021-11-26,900468,Synthetic demo mixed sales and receipt 900468,1100,Demo Central Ordinary Deposit,177230,00,00,0,B001,Demo Central Bank,D01,Demo Sales,,,0,,,0,,,,,820,"[""20211126"",""900468""]",820-D,,cor:monetaryAmount,"{""d_cor_accountingEntries"":""1"",""d_cor_entryDetail"":""820-D"",""d_cor_entryHeader"":""[\""20211126\"",\""900468\""]""}"
50,2,2021-11,2021-11-26,900468,Synthetic demo mixed sales and receipt 900468,1200,Demo Accounts Receivable,145010,00,00,0,C001,Demo Customer Aurora,D01,Demo Sales,,,0,,,0,,,,,821,"[""20211126"",""900468""]",821-D,,cor:monetaryAmount,"{""d_cor_accountingEntries"":""1"",""d_cor_entryDetail"":""821-D"",""d_cor_entryHeader"":""[\""20211126\"",\""900468\""]""}"
50,3,2021-11,2021-11-26,900468,Synthetic demo mixed sales and receipt 900468,,,0,,,0,,,,,4000,Demo Product Sales,206230,B5,B5,18748,C010,Demo Customer Juniper,D01,Demo Sales,822,"[""20211126"",""900468""]",,822-C,cor:monetaryAmount,"{""d_cor_accountingEntries"":""1"",""d_cor_entryDetail"":""822-C"",""d_cor_entryHeader"":""[\""20211126\"",\""900468\""]""}"
50,4,2021-11,2021-11-26,900468,Synthetic demo mixed sales and receipt 900468,,,0,,,0,,,,,4010,Demo Service Revenue,116010,B5,B5,10546,C001,Demo Customer Aurora,D01,Demo Sales,823,"[""20211126"",""900468""]",,823-C,cor:monetaryAmount,"{""d_cor_accountingEntries"":""1"",""d_cor_entryDetail"":""823-C"",""d_cor_entryHeader"":""[\""20211126\"",\""900468\""]""}"
51,1,2021-11,2021-11-27,900444,Synthetic demo customer receipt 900444,,,0,,,0,,,,,1200,Demo Accounts Receivable,328450,00,00,0,C001,Demo Customer Aurora,D01,Demo Sales,824,"[""20211127"",""900444""]",,824-C,cor:monetaryAmount,"{""d_cor_accountingEntries"":""1"",""d_cor_entryDetail"":""824-C"",""d_cor_entryHeader"":""[\""20211127\"",\""900444\""]""}"
51,2,2021-11,2021-11-27,900444,Synthetic demo customer receipt 900444,1100,Demo Central Ordinary Deposit,328450,00,00,0,B001,Demo Central Bank,D01,Demo Sales,,,0,,,0,,,,,824,"[""20211127"",""900444""]",824-D,,cor:monetaryAmount,"{""d_cor_accountingEntries"":""1"",""d_cor_entryDetail"":""824-D"",""d_cor_entryHeader"":""[\""20211127\"",\""900444\""]""}"
52,1,2021-11,2021-11-28,900416,Synthetic demo purchase on account 900416,,,0,,,0,,,,,2000,Demo Accounts Payable,70730,00,00,0,V001,Demo Vendor Keystone,D04,Demo Logistics,825,"[""20211128"",""900416""]",,825-C,cor:monetaryAmount,"{""d_cor_accountingEntries"":""1"",""d_cor_entryDetail"":""825-C"",""d_cor_entryHeader"":""[\""20211128\"",\""900416\""]""}"
52,2,2021-11,2021-11-28,900416,Synthetic demo purchase on account 900416,5020,Demo Inventory Adjustment,70730,Q5,Q5,6430,V001,Demo Vendor Keystone,D04,Demo Logistics,,,0,,,0,,,,,825,"[""20211128"",""900416""]",825-D,,cor:monetaryAmount,"{""d_cor_accountingEntries"":""1"",""d_cor_entryDetail"":""825-D"",""d_cor_entryHeader"":""[\""20211128\"",\""900416\""]""}"
53,1,2021-11,2021-11-28,900457,Synthetic demo vendor settlement 900457,,,0,,,0,,,,,1110,Demo North Current Deposit,287300,00,00,0,B002,North Demo Bank,D04,Demo Logistics,826,"[""20211128"",""900457""]",,826-C,cor:monetaryAmount,"{""d_cor_accountingEntries"":""1"",""d_cor_entryDetail"":""826-C"",""d_cor_entryHeader"":""[\""20211128\"",\""900457\""]""}"
53,2,2021-11,2021-11-28,900457,Synthetic demo vendor settlement 900457,2000,Demo Accounts Payable,287300,00,00,0,V001,Demo Vendor Keystone,D04,Demo Logistics,,,0,,,0,,,,,826,"[""20211128"",""900457""]",826-D,,cor:monetaryAmount,"{""d_cor_accountingEntries"":""1"",""d_cor_entryDetail"":""826-D"",""d_cor_entryHeader"":""[\""20211128\"",\""900457\""]""}"
54,1,2021-11,2021-11-29,900426,Synthetic demo monthly payroll bundle 900426,,,0,,,0,,,,,1100,Demo Central Ordinary Deposit,370910,00,00,0,B001,Demo Central Bank,D02,Demo Administration,827,"[""20211129"",""900426""]",,827-C,cor:monetaryAmount,"{""d_cor_accountingEntries"":""1"",""d_cor_entryDetail"":""827-C"",""d_cor_entryHeader"":""[\""20211129\"",\""900426\""]""}"
54,2,2021-11,2021-11-29,900426,Synthetic demo monthly payroll bundle 900426,6000,Demo Salaries,55630,00,00,0,,,D02,Demo Administration,,,0,,,0,,,,,827,"[""20211129"",""900426""]",827-D,,cor:monetaryAmount,"{""d_cor_accountingEntries"":""1"",""d_cor_entryDetail"":""827-D"",""d_cor_entryHeader"":""[\""20211129\"",\""900426\""]""}"
54,3,2021-11,2021-11-29,900426,Synthetic demo monthly payroll bundle 900426,6010,Demo Statutory Welfare,29670,00,00,0,,,D02,Demo Administration,,,0,,,0,,,,,828,"[""20211129"",""900426""]",828-D,,cor:monetaryAmount,"{""d_cor_accountingEntries"":""1"",""d_cor_entryDetail"":""828-D"",""d_cor_entryHeader"":""[\""20211129\"",\""900426\""]""}"
54,4,2021-11,2021-11-29,900426,Synthetic demo monthly payroll bundle 900426,2110,Demo Payroll Withholding,285610,00,00,0,,,D02,Demo Administration,,,0,,,0,,,,,829,"[""20211129"",""900426""]",829-D,,cor:monetaryAmount,"{""d_cor_accountingEntries"":""1"",""d_cor_entryDetail"":""829-D"",""d_cor_entryHeader"":""[\""20211129\"",\""900426\""]""}"
55,1,2021-11,2021-11-29,900430,Synthetic demo mixed sales and receipt 900430,1110,Demo North Current Deposit,353830,00,00,0,B002,North Demo Bank,D01,Demo Sales,,,0,,,0,,,,,830,"[""20211129"",""900430""]",830-D,,cor:monetaryAmount,"{""d_cor_accountingEntries"":""1"",""d_cor_entryDetail"":""830-D"",""d_cor_entryHeader"":""[\""20211129\"",\""900430\""]""}"
55,2,2021-11,2021-11-29,900430,Synthetic demo mixed sales and receipt 900430,1200,Demo Accounts Receivable,245890,00,00,0,C001,Demo Customer Aurora,D01,Demo Sales,,,0,,,0,,,,,831,"[""20211129"",""900430""]",831-D,,cor:monetaryAmount,"{""d_cor_accountingEntries"":""1"",""d_cor_entryDetail"":""831-D"",""d_cor_entryHeader"":""[\""20211129\"",\""900430\""]""}"
55,3,2021-11,2021-11-29,900430,Synthetic demo mixed sales and receipt 900430,,,0,,,0,,,,,4000,Demo Product Sales,503760,B5,B5,45796,C002,Demo Customer Birch,D01,Demo Sales,832,"[""20211129"",""900430""]",,832-C,cor:monetaryAmount,"{""d_cor_accountingEntries"":""1"",""d_cor_entryDetail"":""832-C"",""d_cor_entryHeader"":""[\""20211129\"",\""900430\""]""}"
55,4,2021-11,2021-11-29,900430,Synthetic demo mixed sales and receipt 900430,,,0,,,0,,,,,4010,Demo Service Revenue,95960,B5,B5,8724,C003,Demo Customer Cobalt,D01,Demo Sales,833,"[""20211129"",""900430""]",,833-C,cor:monetaryAmount,"{""d_cor_accountingEntries"":""1"",""d_cor_entryDetail"":""833-C"",""d_cor_entryHeader"":""[\""20211129\"",\""900430\""]""}"
56,1,2021-11,2021-11-29,900467,Synthetic demo vendor settlement 900467,,,0,,,0,,,,,1120,Demo Harbor Ordinary Deposit,242320,00,00,0,B003,Harbor Demo Bank,D04,Demo Logistics,834,"[""20211129"",""900467""]",,834-C,cor:monetaryAmount,"{""d_cor_accountingEntries"":""1"",""d_cor_entryDetail"":""834-C"",""d_cor_entryHeader"":""[\""20211129\"",\""900467\""]""}"
56,2,2021-11,2021-11-29,900467,Synthetic demo vendor settlement 900467,2000,Demo Accounts Payable,242320,00,00,0,V001,Demo Vendor Keystone,D04,Demo Logistics,,,0,,,0,,,,,834,"[""20211129"",""900467""]",834-D,,cor:monetaryAmount,"{""d_cor_accountingEntries"":""1"",""d_cor_entryDetail"":""834-D"",""d_cor_entryHeader"":""[\""20211129\"",\""900467\""]""}"
57,1,2021-11,2021-11-30,900417,Synthetic demo multi-vendor settlement 900417,2000,Demo Accounts Payable,229570,00,00,0,V001,Demo Vendor Keystone,D01,Demo Sales,,,0,,,0,,,,,835,"[""20211130"",""900417""]",835-D,,cor:monetaryAmount,"{""d_cor_accountingEntries"":""1"",""d_cor_entryDetail"":""835-D"",""d_cor_entryHeader"":""[\""20211130\"",\""900417\""]""}"
57,2,2021-11,2021-11-30,900417,Synthetic demo multi-vendor settlement 900417,2100,Demo Accrued Payables,203590,00,00,0,V001,Demo Vendor Keystone,D01,Demo Sales,,,0,,,0,,,,,836,"[""20211130"",""900417""]",836-D,,cor:monetaryAmount,"{""d_cor_accountingEntries"":""1"",""d_cor_entryDetail"":""836-D"",""d_cor_entryHeader"":""[\""20211130\"",\""900417\""]""}"
57,3,2021-11,2021-11-30,900417,Synthetic demo multi-vendor settlement 900417,,,0,,,0,,,,,1100,Demo Central Ordinary Deposit,329200,00,00,0,B001,Demo Central Bank,D01,Demo Sales,837,"[""20211130"",""900417""]",,837-C,cor:monetaryAmount,"{""d_cor_accountingEntries"":""1"",""d_cor_entryDetail"":""837-C"",""d_cor_entryHeader"":""[\""20211130\"",\""900417\""]""}"
57,4,2021-11,2021-11-30,900417,Synthetic demo multi-vendor settlement 900417,,,0,,,0,,,,,1110,Demo North Current Deposit,103960,00,00,0,B002,North Demo Bank,D01,Demo Sales,838,"[""20211130"",""900417""]",,838-C,cor:monetaryAmount,"{""d_cor_accountingEntries"":""1"",""d_cor_entryDetail"":""838-C"",""d_cor_entryHeader"":""[\""20211130\"",\""900417\""]""}"
58,1,2021-11,2021-11-30,900461,Synthetic demo multi-vendor settlement 900461,2000,Demo Accounts Payable,265170,00,00,0,V001,Demo Vendor Keystone,D01,Demo Sales,,,0,,,0,,,,,839,"[""20211130"",""900461""]",839-D,,cor:monetaryAmount,"{""d_cor_accountingEntries"":""1"",""d_cor_entryDetail"":""839-D"",""d_cor_entryHeader"":""[\""20211130\"",\""900461\""]""}"
58,2,2021-11,2021-11-30,900461,Synthetic demo multi-vendor settlement 900461,2100,Demo Accrued Payables,184280,00,00,0,V005,Demo Vendor Orchid,D01,Demo Sales,,,0,,,0,,,,,840,"[""20211130"",""900461""]",840-D,,cor:monetaryAmount,"{""d_cor_accountingEntries"":""1"",""d_cor_entryDetail"":""840-D"",""d_cor_entryHeader"":""[\""20211130\"",\""900461\""]""}"
58,3,2021-11,2021-11-30,900461,Synthetic demo multi-vendor settlement 900461,,,0,,,0,,,,,1120,Demo Harbor Ordinary Deposit,233710,00,00,0,B003,Harbor Demo Bank,D01,Demo Sales,841,"[""20211130"",""900461""]",,841-C,cor:monetaryAmount,"{""d_cor_accountingEntries"":""1"",""d_cor_entryDetail"":""841-C"",""d_cor_entryHeader"":""[\""20211130\"",\""900461\""]""}"
58,4,2021-11,2021-11-30,900461,Synthetic demo multi-vendor settlement 900461,,,0,,,0,,,,,1100,Demo Central Ordinary Deposit,215740,00,00,0,B001,Demo Central Bank,D01,Demo Sales,842,"[""20211130"",""900461""]",,842-C,cor:monetaryAmount,"{""d_cor_accountingEntries"":""1"",""d_cor_entryDetail"":""842-C"",""d_cor_entryHeader"":""[\""20211130\"",\""900461\""]""}"
59,1,2021-11,2021-11-30,900469,Synthetic demo prepaid service 900469,,,0,,,0,,,,,1110,Demo North Current Deposit,89210,00,00,0,B002,North Demo Bank,D05,Demo Digital Services,843,"[""20211130"",""900469""]",,843-C,cor:monetaryAmount,"{""d_cor_accountingEntries"":""1"",""d_cor_entryDetail"":""843-C"",""d_cor_entryHeader"":""[\""20211130\"",\""900469\""]""}"
59,2,2021-11,2021-11-30,900469,Synthetic demo prepaid service 900469,1400,Demo Prepaid Expenses,89210,00,00,0,S002,Demo Energy Services,D05,Demo Digital Services,,,0,,,0,,,,,843,"[""20211130"",""900469""]",843-D,,cor:monetaryAmount,"{""d_cor_accountingEntries"":""1"",""d_cor_entryDetail"":""843-D"",""d_cor_entryHeader"":""[\""20211130\"",\""900469\""]""}"
1,1,2021-12,2021-12-01,900512,Synthetic demo mixed sales and receipt 900512,1120,Demo Harbor Ordinary Deposit,125670,00,00,0,B003,Harbor Demo Bank,D01,Demo Sales,,,0,,,0,,,,,844,"[""20211201"",""900512""]",844-D,,cor:monetaryAmount,"{""d_cor_accountingEntries"":""1"",""d_cor_entryDetail"":""844-D"",""d_cor_entryHeader"":""[\""20211201\"",\""900512\""]""}"
1,2,2021-12,2021-12-01,900512,Synthetic demo mixed sales and receipt 900512,1200,Demo Accounts Receivable,223440,00,00,0,C001,Demo Customer Aurora,D01,Demo Sales,,,0,,,0,,,,,845,"[""20211201"",""900512""]",845-D,,cor:monetaryAmount,"{""d_cor_accountingEntries"":""1"",""d_cor_entryDetail"":""845-D"",""d_cor_entryHeader"":""[\""20211201\"",\""900512\""]""}"
1,3,2021-12,2021-12-01,900512,Synthetic demo mixed sales and receipt 900512,,,0,,,0,,,,,4000,Demo Product Sales,139640,B5,B5,12695,C004,Demo Customer Dawn,D01,Demo Sales,846,"[""20211201"",""900512""]",,846-C,cor:monetaryAmount,"{""d_cor_accountingEntries"":""1"",""d_cor_entryDetail"":""846-C"",""d_cor_entryHeader"":""[\""20211201\"",\""900512\""]""}"
1,4,2021-12,2021-12-01,900512,Synthetic demo mixed sales and receipt 900512,,,0,,,0,,,,,4010,Demo Service Revenue,209470,B5,B5,19043,C005,Demo Customer Elm,D01,Demo Sales,847,"[""20211201"",""900512""]",,847-C,cor:monetaryAmount,"{""d_cor_accountingEntries"":""1"",""d_cor_entryDetail"":""847-C"",""d_cor_entryHeader"":""[\""20211201\"",\""900512\""]""}"
2,1,2021-12,2021-12-02,900516,Synthetic demo purchase on account 900516,,,0,,,0,,,,,2000,Demo Accounts Payable,102160,00,00,0,V001,Demo Vendor Keystone,D04,Demo Logistics,848,"[""20211202"",""900516""]",,848-C,cor:monetaryAmount,"{""d_cor_accountingEntries"":""1"",""d_cor_entryDetail"":""848-C"",""d_cor_entryHeader"":""[\""20211202\"",\""900516\""]""}"
2,2,2021-12,2021-12-02,900516,Synthetic demo purchase on account 900516,5000,Demo Purchases,102160,Q5,Q5,9287,V001,Demo Vendor Keystone,D04,Demo Logistics,,,0,,,0,,,,,848,"[""20211202"",""900516""]",848-D,,cor:monetaryAmount,"{""d_cor_accountingEntries"":""1"",""d_cor_entryDetail"":""848-D"",""d_cor_entryHeader"":""[\""20211202\"",\""900516\""]""}"
3,1,2021-12,2021-12-03,900471,Synthetic demo monthly payroll bundle 900471,,,0,,,0,,,,,1100,Demo Central Ordinary Deposit,344410,00,00,0,B001,Demo Central Bank,D02,Demo Administration,849,"[""20211203"",""900471""]",,849-C,cor:monetaryAmount,"{""d_cor_accountingEntries"":""1"",""d_cor_entryDetail"":""849-C"",""d_cor_entryHeader"":""[\""20211203\"",\""900471\""]""}"
3,2,2021-12,2021-12-03,900471,Synthetic demo monthly payroll bundle 900471,6000,Demo Salaries,106760,00,00,0,,,D02,Demo Administration,,,0,,,0,,,,,849,"[""20211203"",""900471""]",849-D,,cor:monetaryAmount,"{""d_cor_accountingEntries"":""1"",""d_cor_entryDetail"":""849-D"",""d_cor_entryHeader"":""[\""20211203\"",\""900471\""]""}"
3,3,2021-12,2021-12-03,900471,Synthetic demo monthly payroll bundle 900471,6010,Demo Statutory Welfare,137760,00,00,0,,,D02,Demo Administration,,,0,,,0,,,,,850,"[""20211203"",""900471""]",850-D,,cor:monetaryAmount,"{""d_cor_accountingEntries"":""1"",""d_cor_entryDetail"":""850-D"",""d_cor_entryHeader"":""[\""20211203\"",\""900471\""]""}"
3,4,2021-12,2021-12-03,900471,Synthetic demo monthly payroll bundle 900471,2110,Demo Payroll Withholding,99890,00,00,0,,,D02,Demo Administration,,,0,,,0,,,,,851,"[""20211203"",""900471""]",851-D,,cor:monetaryAmount,"{""d_cor_accountingEntries"":""1"",""d_cor_entryDetail"":""851-D"",""d_cor_entryHeader"":""[\""20211203\"",\""900471\""]""}"
4,1,2021-12,2021-12-03,900489,Synthetic demo prepaid service 900489,,,0,,,0,,,,,1100,Demo Central Ordinary Deposit,237020,00,00,0,B001,Demo Central Bank,D05,Demo Digital Services,852,"[""20211203"",""900489""]",,852-C,cor:monetaryAmount,"{""d_cor_accountingEntries"":""1"",""d_cor_entryDetail"":""852-C"",""d_cor_entryHeader"":""[\""20211203\"",\""900489\""]""}"
4,2,2021-12,2021-12-03,900489,Synthetic demo prepaid service 900489,1400,Demo Prepaid Expenses,237020,00,00,0,S004,Demo Logistics Services,D05,Demo Digital Services,,,0,,,0,,,,,852,"[""20211203"",""900489""]",852-D,,cor:monetaryAmount,"{""d_cor_accountingEntries"":""1"",""d_cor_entryDetail"":""852-D"",""d_cor_entryHeader"":""[\""20211203\"",\""900489\""]""}"
5,1,2021-12,2021-12-03,900492,Synthetic demo credit sale 900492,,,0,,,0,,,,,4000,Demo Product Sales,566420,B5,B5,51493,C007,Demo Customer Grove,D01,Demo Sales,853,"[""20211203"",""900492""]",,853-C,cor:monetaryAmount,"{""d_cor_accountingEntries"":""1"",""d_cor_entryDetail"":""853-C"",""d_cor_entryHeader"":""[\""20211203\"",\""900492\""]""}"
5,2,2021-12,2021-12-03,900492,Synthetic demo credit sale 900492,1200,Demo Accounts Receivable,566420,00,00,0,C001,Demo Customer Aurora,D01,Demo Sales,,,0,,,0,,,,,853,"[""20211203"",""900492""]",853-D,,cor:monetaryAmount,"{""d_cor_accountingEntries"":""1"",""d_cor_entryDetail"":""853-D"",""d_cor_entryHeader"":""[\""20211203\"",\""900492\""]""}"
6,1,2021-12,2021-12-03,900496,Synthetic demo purchase on account 900496,,,0,,,0,,,,,2000,Demo Accounts Payable,387010,00,00,0,V001,Demo Vendor Keystone,D04,Demo Logistics,854,"[""20211203"",""900496""]",,854-C,cor:monetaryAmount,"{""d_cor_accountingEntries"":""1"",""d_cor_entryDetail"":""854-C"",""d_cor_entryHeader"":""[\""20211203\"",\""900496\""]""}"
6,2,2021-12,2021-12-03,900496,Synthetic demo purchase on account 900496,5010,Demo Freight-in,387010,Q5,Q5,35183,V001,Demo Vendor Keystone,D04,Demo Logistics,,,0,,,0,,,,,854,"[""20211203"",""900496""]",854-D,,cor:monetaryAmount,"{""d_cor_accountingEntries"":""1"",""d_cor_entryDetail"":""854-D"",""d_cor_entryHeader"":""[\""20211203\"",\""900496\""]""}"
7,1,2021-12,2021-12-04,900525,Synthetic demo purchase on account 900525,,,0,,,0,,,,,2000,Demo Accounts Payable,89390,00,00,0,V001,Demo Vendor Keystone,D04,Demo Logistics,855,"[""20211204"",""900525""]",,855-C,cor:monetaryAmount,"{""d_cor_accountingEntries"":""1"",""d_cor_entryDetail"":""855-C"",""d_cor_entryHeader"":""[\""20211204\"",\""900525\""]""}"
7,2,2021-12,2021-12-04,900525,Synthetic demo purchase on account 900525,5000,Demo Purchases,89390,Q5,Q5,8126,V006,Demo Vendor Prairie,D04,Demo Logistics,,,0,,,0,,,,,855,"[""20211204"",""900525""]",855-D,,cor:monetaryAmount,"{""d_cor_accountingEntries"":""1"",""d_cor_entryDetail"":""855-D"",""d_cor_entryHeader"":""[\""20211204\"",\""900525\""]""}"
8,1,2021-12,2021-12-05,900474,Synthetic demo mixed sales and receipt 900474,1100,Demo Central Ordinary Deposit,222820,00,00,0,B001,Demo Central Bank,D01,Demo Sales,,,0,,,0,,,,,856,"[""20211205"",""900474""]",856-D,,cor:monetaryAmount,"{""d_cor_accountingEntries"":""1"",""d_cor_entryDetail"":""856-D"",""d_cor_entryHeader"":""[\""20211205\"",\""900474\""]""}"
8,2,2021-12,2021-12-05,900474,Synthetic demo mixed sales and receipt 900474,1200,Demo Accounts Receivable,125340,00,00,0,C001,Demo Customer Aurora,D01,Demo Sales,,,0,,,0,,,,,857,"[""20211205"",""900474""]",857-D,,cor:monetaryAmount,"{""d_cor_accountingEntries"":""1"",""d_cor_entryDetail"":""857-D"",""d_cor_entryHeader"":""[\""20211205\"",\""900474\""]""}"
8,3,2021-12,2021-12-05,900474,Synthetic demo mixed sales and receipt 900474,,,0,,,0,,,,,4000,Demo Product Sales,114890,B5,B5,10445,C006,Demo Customer Fjord,D01,Demo Sales,858,"[""20211205"",""900474""]",,858-C,cor:monetaryAmount,"{""d_cor_accountingEntries"":""1"",""d_cor_entryDetail"":""858-C"",""d_cor_entryHeader"":""[\""20211205\"",\""900474\""]""}"
8,4,2021-12,2021-12-05,900474,Synthetic demo mixed sales and receipt 900474,,,0,,,0,,,,,4010,Demo Service Revenue,233270,B5,B5,21206,C007,Demo Customer Grove,D01,Demo Sales,859,"[""20211205"",""900474""]",,859-C,cor:monetaryAmount,"{""d_cor_accountingEntries"":""1"",""d_cor_entryDetail"":""859-C"",""d_cor_entryHeader"":""[\""20211205\"",\""900474\""]""}"
9,1,2021-12,2021-12-05,900514,Synthetic demo operating cost bundle 900514,,,0,,,0,,,,,1110,Demo North Current Deposit,375410,00,00,0,B002,North Demo Bank,D03,Demo Operations,860,"[""20211205"",""900514""]",,860-C,cor:monetaryAmount,"{""d_cor_accountingEntries"":""1"",""d_cor_entryDetail"":""860-C"",""d_cor_entryHeader"":""[\""20211205\"",\""900514\""]""}"
9,2,2021-12,2021-12-05,900514,Synthetic demo operating cost bundle 900514,6030,Demo Utilities,135140,Q5,Q5,12285,S002,Demo Energy Services,D03,Demo Operations,,,0,,,0,,,,,860,"[""20211205"",""900514""]",860-D,,cor:monetaryAmount,"{""d_cor_accountingEntries"":""1"",""d_cor_entryDetail"":""860-D"",""d_cor_entryHeader"":""[\""20211205\"",\""900514\""]""}"
9,3,2021-12,2021-12-05,900514,Synthetic demo operating cost bundle 900514,6040,Demo Communication,153910,Q5,Q5,13992,S003,Demo Network Services,D03,Demo Operations,,,0,,,0,,,,,861,"[""20211205"",""900514""]",861-D,,cor:monetaryAmount,"{""d_cor_accountingEntries"":""1"",""d_cor_entryDetail"":""861-D"",""d_cor_entryHeader"":""[\""20211205\"",\""900514\""]""}"
9,4,2021-12,2021-12-05,900514,Synthetic demo operating cost bundle 900514,6060,Demo Office Supplies,86360,Q5,Q5,7851,V005,Demo Vendor Orchid,D03,Demo Operations,,,0,,,0,,,,,862,"[""20211205"",""900514""]",862-D,,cor:monetaryAmount,"{""d_cor_accountingEntries"":""1"",""d_cor_entryDetail"":""862-D"",""d_cor_entryHeader"":""[\""20211205\"",\""900514\""]""}"
10,1,2021-12,2021-12-05,900517,Synthetic demo vendor settlement 900517,,,0,,,0,,,,,1110,Demo North Current Deposit,348390,00,00,0,B002,North Demo Bank,D04,Demo Logistics,863,"[""20211205"",""900517""]",,863-C,cor:monetaryAmount,"{""d_cor_accountingEntries"":""1"",""d_cor_entryDetail"":""863-C"",""d_cor_entryHeader"":""[\""20211205\"",\""900517\""]""}"
10,2,2021-12,2021-12-05,900517,Synthetic demo vendor settlement 900517,2000,Demo Accounts Payable,348390,00,00,0,V001,Demo Vendor Keystone,D04,Demo Logistics,,,0,,,0,,,,,863,"[""20211205"",""900517""]",863-D,,cor:monetaryAmount,"{""d_cor_accountingEntries"":""1"",""d_cor_entryDetail"":""863-D"",""d_cor_entryHeader"":""[\""20211205\"",\""900517\""]""}"
11,1,2021-12,2021-12-05,900518,Synthetic demo mixed sales and receipt 900518,1120,Demo Harbor Ordinary Deposit,492500,00,00,0,B003,Harbor Demo Bank,D01,Demo Sales,,,0,,,0,,,,,864,"[""20211205"",""900518""]",864-D,,cor:monetaryAmount,"{""d_cor_accountingEntries"":""1"",""d_cor_entryDetail"":""864-D"",""d_cor_entryHeader"":""[\""20211205\"",\""900518\""]""}"
11,2,2021-12,2021-12-05,900518,Synthetic demo mixed sales and receipt 900518,1200,Demo Accounts Receivable,182160,00,00,0,C001,Demo Customer Aurora,D01,Demo Sales,,,0,,,0,,,,,865,"[""20211205"",""900518""]",865-D,,cor:monetaryAmount,"{""d_cor_accountingEntries"":""1"",""d_cor_entryDetail"":""865-D"",""d_cor_entryHeader"":""[\""20211205\"",\""900518\""]""}"
11,3,2021-12,2021-12-05,900518,Synthetic demo mixed sales and receipt 900518,,,0,,,0,,,,,4000,Demo Product Sales,512740,B5,B5,46613,C010,Demo Customer Juniper,D01,Demo Sales,866,"[""20211205"",""900518""]",,866-C,cor:monetaryAmount,"{""d_cor_accountingEntries"":""1"",""d_cor_entryDetail"":""866-C"",""d_cor_entryHeader"":""[\""20211205\"",\""900518\""]""}"
11,4,2021-12,2021-12-05,900518,Synthetic demo mixed sales and receipt 900518,,,0,,,0,,,,,4010,Demo Service Revenue,161920,B5,B5,14720,C001,Demo Customer Aurora,D01,Demo Sales,867,"[""20211205"",""900518""]",,867-C,cor:monetaryAmount,"{""d_cor_accountingEntries"":""1"",""d_cor_entryDetail"":""867-C"",""d_cor_entryHeader"":""[\""20211205\"",\""900518\""]""}"
12,1,2021-12,2021-12-06,900473,Synthetic demo customer receipt 900473,,,0,,,0,,,,,1200,Demo Accounts Receivable,112800,00,00,0,C001,Demo Customer Aurora,D01,Demo Sales,868,"[""20211206"",""900473""]",,868-C,cor:monetaryAmount,"{""d_cor_accountingEntries"":""1"",""d_cor_entryDetail"":""868-C"",""d_cor_entryHeader"":""[\""20211206\"",\""900473\""]""}"
12,2,2021-12,2021-12-06,900473,Synthetic demo customer receipt 900473,1120,Demo Harbor Ordinary Deposit,112800,00,00,0,B003,Harbor Demo Bank,D01,Demo Sales,,,0,,,0,,,,,868,"[""20211206"",""900473""]",868-D,,cor:monetaryAmount,"{""d_cor_accountingEntries"":""1"",""d_cor_entryDetail"":""868-D"",""d_cor_entryHeader"":""[\""20211206\"",\""900473\""]""}"
13,1,2021-12,2021-12-06,900484,Synthetic demo operating cost bundle 900484,,,0,,,0,,,,,1110,Demo North Current Deposit,656520,00,00,0,B002,North Demo Bank,D03,Demo Operations,869,"[""20211206"",""900484""]",,869-C,cor:monetaryAmount,"{""d_cor_accountingEntries"":""1"",""d_cor_entryDetail"":""869-C"",""d_cor_entryHeader"":""[\""20211206\"",\""900484\""]""}"
13,2,2021-12,2021-12-06,900484,Synthetic demo operating cost bundle 900484,6030,Demo Utilities,203520,Q5,Q5,18502,S002,Demo Energy Services,D03,Demo Operations,,,0,,,0,,,,,869,"[""20211206"",""900484""]",869-D,,cor:monetaryAmount,"{""d_cor_accountingEntries"":""1"",""d_cor_entryDetail"":""869-D"",""d_cor_entryHeader"":""[\""20211206\"",\""900484\""]""}"
13,3,2021-12,2021-12-06,900484,Synthetic demo operating cost bundle 900484,6040,Demo Communication,216650,Q5,Q5,19695,S003,Demo Network Services,D03,Demo Operations,,,0,,,0,,,,,870,"[""20211206"",""900484""]",870-D,,cor:monetaryAmount,"{""d_cor_accountingEntries"":""1"",""d_cor_entryDetail"":""870-D"",""d_cor_entryHeader"":""[\""20211206\"",\""900484\""]""}"
13,4,2021-12,2021-12-06,900484,Synthetic demo operating cost bundle 900484,6060,Demo Office Supplies,236350,Q5,Q5,21486,V005,Demo Vendor Orchid,D03,Demo Operations,,,0,,,0,,,,,871,"[""20211206"",""900484""]",871-D,,cor:monetaryAmount,"{""d_cor_accountingEntries"":""1"",""d_cor_entryDetail"":""871-D"",""d_cor_entryHeader"":""[\""20211206\"",\""900484\""]""}"
14,1,2021-12,2021-12-06,900485,Synthetic demo purchase on account 900485,,,0,,,0,,,,,2000,Demo Accounts Payable,209170,00,00,0,V001,Demo Vendor Keystone,D04,Demo Logistics,872,"[""20211206"",""900485""]",,872-C,cor:monetaryAmount,"{""d_cor_accountingEntries"":""1"",""d_cor_entryDetail"":""872-C"",""d_cor_entryHeader"":""[\""20211206\"",\""900485\""]""}"
14,2,2021-12,2021-12-06,900485,Synthetic demo purchase on account 900485,5020,Demo Inventory Adjustment,209170,Q5,Q5,19015,V006,Demo Vendor Prairie,D04,Demo Logistics,,,0,,,0,,,,,872,"[""20211206"",""900485""]",872-D,,cor:monetaryAmount,"{""d_cor_accountingEntries"":""1"",""d_cor_entryDetail"":""872-D"",""d_cor_entryHeader"":""[\""20211206\"",\""900485\""]""}"
15,1,2021-12,2021-12-06,900498,Synthetic demo operating expense 900498,,,0,,,0,,,,,1100,Demo Central Ordinary Deposit,100380,00,00,0,B001,Demo Central Bank,D02,Demo Administration,873,"[""20211206"",""900498""]",,873-C,cor:monetaryAmount,"{""d_cor_accountingEntries"":""1"",""d_cor_entryDetail"":""873-C"",""d_cor_entryHeader"":""[\""20211206\"",\""900498\""]""}"
15,2,2021-12,2021-12-06,900498,Synthetic demo operating expense 900498,6140,Demo Vehicle Expense,100380,Q5,Q5,9125,V001,Demo Vendor Keystone,D02,Demo Administration,,,0,,,0,,,,,873,"[""20211206"",""900498""]",873-D,,cor:monetaryAmount,"{""d_cor_accountingEntries"":""1"",""d_cor_entryDetail"":""873-D"",""d_cor_entryHeader"":""[\""20211206\"",\""900498\""]""}"
16,1,2021-12,2021-12-06,900502,Synthetic demo credit sale 900502,,,0,,,0,,,,,4010,Demo Service Revenue,114990,B5,B5,10454,C007,Demo Customer Grove,D01,Demo Sales,874,"[""20211206"",""900502""]",,874-C,cor:monetaryAmount,"{""d_cor_accountingEntries"":""1"",""d_cor_entryDetail"":""874-C"",""d_cor_entryHeader"":""[\""20211206\"",\""900502\""]""}"
16,2,2021-12,2021-12-06,900502,Synthetic demo credit sale 900502,1200,Demo Accounts Receivable,114990,00,00,0,C001,Demo Customer Aurora,D01,Demo Sales,,,0,,,0,,,,,874,"[""20211206"",""900502""]",874-D,,cor:monetaryAmount,"{""d_cor_accountingEntries"":""1"",""d_cor_entryDetail"":""874-D"",""d_cor_entryHeader"":""[\""20211206\"",\""900502\""]""}"
17,1,2021-12,2021-12-07,900500,Synthetic demo credit sale 900500,,,0,,,0,,,,,4020,Demo Other Operating Revenue,321310,B5,B5,29210,C001,Demo Customer Aurora,D01,Demo Sales,875,"[""20211207"",""900500""]",,875-C,cor:monetaryAmount,"{""d_cor_accountingEntries"":""1"",""d_cor_entryDetail"":""875-C"",""d_cor_entryHeader"":""[\""20211207\"",\""900500\""]""}"
17,2,2021-12,2021-12-07,900500,Synthetic demo credit sale 900500,1200,Demo Accounts Receivable,321310,00,00,0,C001,Demo Customer Aurora,D01,Demo Sales,,,0,,,0,,,,,875,"[""20211207"",""900500""]",875-D,,cor:monetaryAmount,"{""d_cor_accountingEntries"":""1"",""d_cor_entryDetail"":""875-D"",""d_cor_entryHeader"":""[\""20211207\"",\""900500\""]""}"
18,1,2021-12,2021-12-07,900509,Synthetic demo combined customer receipt 900509,,,0,,,0,,,,,1200,Demo Accounts Receivable,207880,00,00,0,C001,Demo Customer Aurora,D01,Demo Sales,876,"[""20211207"",""900509""]",,876-C,cor:monetaryAmount,"{""d_cor_accountingEntries"":""1"",""d_cor_entryDetail"":""876-C"",""d_cor_entryHeader"":""[\""20211207\"",\""900509\""]""}"
18,2,2021-12,2021-12-07,900509,Synthetic demo combined customer receipt 900509,1120,Demo Harbor Ordinary Deposit,424260,00,00,0,B003,Harbor Demo Bank,D01,Demo Sales,,,0,,,0,,,,,876,"[""20211207"",""900509""]",876-D,,cor:monetaryAmount,"{""d_cor_accountingEntries"":""1"",""d_cor_entryDetail"":""876-D"",""d_cor_entryHeader"":""[\""20211207\"",\""900509\""]""}"
18,3,2021-12,2021-12-07,900509,Synthetic demo combined customer receipt 900509,,,0,,,0,,,,,1200,Demo Accounts Receivable,59390,00,00,0,C001,Demo Customer Aurora,D01,Demo Sales,877,"[""20211207"",""900509""]",,877-C,cor:monetaryAmount,"{""d_cor_accountingEntries"":""1"",""d_cor_entryDetail"":""877-C"",""d_cor_entryHeader"":""[\""20211207\"",\""900509\""]""}"
18,4,2021-12,2021-12-07,900509,Synthetic demo combined customer receipt 900509,,,0,,,0,,,,,1200,Demo Accounts Receivable,156990,00,00,0,C001,Demo Customer Aurora,D01,Demo Sales,878,"[""20211207"",""900509""]",,878-C,cor:monetaryAmount,"{""d_cor_accountingEntries"":""1"",""d_cor_entryDetail"":""878-C"",""d_cor_entryHeader"":""[\""20211207\"",\""900509\""]""}"
19,1,2021-12,2021-12-08,900506,Synthetic demo purchase on account 900506,,,0,,,0,,,,,2000,Demo Accounts Payable,107000,00,00,0,V001,Demo Vendor Keystone,D04,Demo Logistics,879,"[""20211208"",""900506""]",,879-C,cor:monetaryAmount,"{""d_cor_accountingEntries"":""1"",""d_cor_entryDetail"":""879-C"",""d_cor_entryHeader"":""[\""20211208\"",\""900506\""]""}"
19,2,2021-12,2021-12-08,900506,Synthetic demo purchase on account 900506,5020,Demo Inventory Adjustment,107000,Q6,Q6,7926,V001,Demo Vendor Keystone,D04,Demo Logistics,,,0,,,0,,,,,879,"[""20211208"",""900506""]",879-D,,cor:monetaryAmount,"{""d_cor_accountingEntries"":""1"",""d_cor_entryDetail"":""879-D"",""d_cor_entryHeader"":""[\""20211208\"",\""900506\""]""}"
20,1,2021-12,2021-12-08,900521,Synthetic demo credit sale 900521,,,0,,,0,,,,,4020,Demo Other Operating Revenue,363790,B5,B5,33072,C004,Demo Customer Dawn,D01,Demo Sales,880,"[""20211208"",""900521""]",,880-C,cor:monetaryAmount,"{""d_cor_accountingEntries"":""1"",""d_cor_entryDetail"":""880-C"",""d_cor_entryHeader"":""[\""20211208\"",\""900521\""]""}"
20,2,2021-12,2021-12-08,900521,Synthetic demo credit sale 900521,1200,Demo Accounts Receivable,363790,00,00,0,C001,Demo Customer Aurora,D01,Demo Sales,,,0,,,0,,,,,880,"[""20211208"",""900521""]",880-D,,cor:monetaryAmount,"{""d_cor_accountingEntries"":""1"",""d_cor_entryDetail"":""880-D"",""d_cor_entryHeader"":""[\""20211208\"",\""900521\""]""}"
21,1,2021-12,2021-12-09,900493,Synthetic demo multi-vendor settlement 900493,2000,Demo Accounts Payable,59810,00,00,0,V001,Demo Vendor Keystone,D01,Demo Sales,,,0,,,0,,,,,881,"[""20211209"",""900493""]",881-D,,cor:monetaryAmount,"{""d_cor_accountingEntries"":""1"",""d_cor_entryDetail"":""881-D"",""d_cor_entryHeader"":""[\""20211209\"",\""900493\""]""}"
21,2,2021-12,2021-12-09,900493,Synthetic demo multi-vendor settlement 900493,2100,Demo Accrued Payables,121440,00,00,0,V007,Demo Vendor Quartz,D01,Demo Sales,,,0,,,0,,,,,882,"[""20211209"",""900493""]",882-D,,cor:monetaryAmount,"{""d_cor_accountingEntries"":""1"",""d_cor_entryDetail"":""882-D"",""d_cor_entryHeader"":""[\""20211209\"",\""900493\""]""}"
21,3,2021-12,2021-12-09,900493,Synthetic demo multi-vendor settlement 900493,,,0,,,0,,,,,1110,Demo North Current Deposit,99680,00,00,0,B002,North Demo Bank,D01,Demo Sales,883,"[""20211209"",""900493""]",,883-C,cor:monetaryAmount,"{""d_cor_accountingEntries"":""1"",""d_cor_entryDetail"":""883-C"",""d_cor_entryHeader"":""[\""20211209\"",\""900493\""]""}"
21,4,2021-12,2021-12-09,900493,Synthetic demo multi-vendor settlement 900493,,,0,,,0,,,,,1120,Demo Harbor Ordinary Deposit,81570,00,00,0,B003,Harbor Demo Bank,D01,Demo Sales,884,"[""20211209"",""900493""]",,884-C,cor:monetaryAmount,"{""d_cor_accountingEntries"":""1"",""d_cor_entryDetail"":""884-C"",""d_cor_entryHeader"":""[\""20211209\"",\""900493\""]""}"
22,1,2021-12,2021-12-09,900505,Synthetic demo multi-vendor settlement 900505,2000,Demo Accounts Payable,331470,00,00,0,V001,Demo Vendor Keystone,D01,Demo Sales,,,0,,,0,,,,,885,"[""20211209"",""900505""]",885-D,,cor:monetaryAmount,"{""d_cor_accountingEntries"":""1"",""d_cor_entryDetail"":""885-D"",""d_cor_entryHeader"":""[\""20211209\"",\""900505\""]""}"
22,2,2021-12,2021-12-09,900505,Synthetic demo multi-vendor settlement 900505,2100,Demo Accrued Payables,220980,00,00,0,V009,Demo Vendor Summit,D01,Demo Sales,,,0,,,0,,,,,886,"[""20211209"",""900505""]",886-D,,cor:monetaryAmount,"{""d_cor_accountingEntries"":""1"",""d_cor_entryDetail"":""886-D"",""d_cor_entryHeader"":""[\""20211209\"",\""900505\""]""}"
22,3,2021-12,2021-12-09,900505,Synthetic demo multi-vendor settlement 900505,,,0,,,0,,,,,1110,Demo North Current Deposit,160210,00,00,0,B002,North Demo Bank,D01,Demo Sales,887,"[""20211209"",""900505""]",,887-C,cor:monetaryAmount,"{""d_cor_accountingEntries"":""1"",""d_cor_entryDetail"":""887-C"",""d_cor_entryHeader"":""[\""20211209\"",\""900505\""]""}"
22,4,2021-12,2021-12-09,900505,Synthetic demo multi-vendor settlement 900505,,,0,,,0,,,,,1120,Demo Harbor Ordinary Deposit,392240,00,00,0,B003,Harbor Demo Bank,D01,Demo Sales,888,"[""20211209"",""900505""]",,888-C,cor:monetaryAmount,"{""d_cor_accountingEntries"":""1"",""d_cor_entryDetail"":""888-C"",""d_cor_entryHeader"":""[\""20211209\"",\""900505\""]""}"
23,1,2021-12,2021-12-09,900531,Synthetic demo credit sale 900531,,,0,,,0,,,,,4000,Demo Product Sales,245710,B5,B5,22337,C004,Demo Customer Dawn,D01,Demo Sales,889,"[""20211209"",""900531""]",,889-C,cor:monetaryAmount,"{""d_cor_accountingEntries"":""1"",""d_cor_entryDetail"":""889-C"",""d_cor_entryHeader"":""[\""20211209\"",\""900531\""]""}"
23,2,2021-12,2021-12-09,900531,Synthetic demo credit sale 900531,1200,Demo Accounts Receivable,245710,00,00,0,C001,Demo Customer Aurora,D01,Demo Sales,,,0,,,0,,,,,889,"[""20211209"",""900531""]",889-D,,cor:monetaryAmount,"{""d_cor_accountingEntries"":""1"",""d_cor_entryDetail"":""889-D"",""d_cor_entryHeader"":""[\""20211209\"",\""900531\""]""}"
24,1,2021-12,2021-12-10,900490,Synthetic demo operating cost bundle 900490,,,0,,,0,,,,,1110,Demo North Current Deposit,488910,00,00,0,B002,North Demo Bank,D03,Demo Operations,890,"[""20211210"",""900490""]",,890-C,cor:monetaryAmount,"{""d_cor_accountingEntries"":""1"",""d_cor_entryDetail"":""890-C"",""d_cor_entryHeader"":""[\""20211210\"",\""900490\""]""}"
24,2,2021-12,2021-12-10,900490,Synthetic demo operating cost bundle 900490,6030,Demo Utilities,83110,Q5,Q5,7555,S002,Demo Energy Services,D03,Demo Operations,,,0,,,0,,,,,890,"[""20211210"",""900490""]",890-D,,cor:monetaryAmount,"{""d_cor_accountingEntries"":""1"",""d_cor_entryDetail"":""890-D"",""d_cor_entryHeader"":""[\""20211210\"",\""900490\""]""}"
24,3,2021-12,2021-12-10,900490,Synthetic demo operating cost bundle 900490,6040,Demo Communication,283560,Q5,Q5,25778,S003,Demo Network Services,D03,Demo Operations,,,0,,,0,,,,,891,"[""20211210"",""900490""]",891-D,,cor:monetaryAmount,"{""d_cor_accountingEntries"":""1"",""d_cor_entryDetail"":""891-D"",""d_cor_entryHeader"":""[\""20211210\"",\""900490\""]""}"
24,4,2021-12,2021-12-10,900490,Synthetic demo operating cost bundle 900490,6060,Demo Office Supplies,122240,C5,C5,11113,V001,Demo Vendor Keystone,D03,Demo Operations,,,0,,,0,,,,,892,"[""20211210"",""900490""]",892-D,,cor:monetaryAmount,"{""d_cor_accountingEntries"":""1"",""d_cor_entryDetail"":""892-D"",""d_cor_entryHeader"":""[\""20211210\"",\""900490\""]""}"
25,1,2021-12,2021-12-11,900507,Synthetic demo vendor settlement 900507,,,0,,,0,,,,,1100,Demo Central Ordinary Deposit,185680,00,00,0,B001,Demo Central Bank,D04,Demo Logistics,893,"[""20211211"",""900507""]",,893-C,cor:monetaryAmount,"{""d_cor_accountingEntries"":""1"",""d_cor_entryDetail"":""893-C"",""d_cor_entryHeader"":""[\""20211211\"",\""900507\""]""}"
25,2,2021-12,2021-12-11,900507,Synthetic demo vendor settlement 900507,2000,Demo Accounts Payable,185680,00,00,0,V001,Demo Vendor Keystone,D04,Demo Logistics,,,0,,,0,,,,,893,"[""20211211"",""900507""]",893-D,,cor:monetaryAmount,"{""d_cor_accountingEntries"":""1"",""d_cor_entryDetail"":""893-D"",""d_cor_entryHeader"":""[\""20211211\"",\""900507\""]""}"
26,1,2021-12,2021-12-11,900511,Synthetic demo credit sale 900511,,,0,,,0,,,,,4010,Demo Service Revenue,434600,B5,B5,39509,C004,Demo Customer Dawn,D01,Demo Sales,894,"[""20211211"",""900511""]",,894-C,cor:monetaryAmount,"{""d_cor_accountingEntries"":""1"",""d_cor_entryDetail"":""894-C"",""d_cor_entryHeader"":""[\""20211211\"",\""900511\""]""}"
26,2,2021-12,2021-12-11,900511,Synthetic demo credit sale 900511,1200,Demo Accounts Receivable,434600,00,00,0,C001,Demo Customer Aurora,D01,Demo Sales,,,0,,,0,,,,,894,"[""20211211"",""900511""]",894-D,,cor:monetaryAmount,"{""d_cor_accountingEntries"":""1"",""d_cor_entryDetail"":""894-D"",""d_cor_entryHeader"":""[\""20211211\"",\""900511\""]""}"
27,1,2021-12,2021-12-11,900520,Synthetic demo operating cost bundle 900520,,,0,,,0,,,,,1110,Demo North Current Deposit,189690,00,00,0,B002,North Demo Bank,D03,Demo Operations,895,"[""20211211"",""900520""]",,895-C,cor:monetaryAmount,"{""d_cor_accountingEntries"":""1"",""d_cor_entryDetail"":""895-C"",""d_cor_entryHeader"":""[\""20211211\"",\""900520\""]""}"
27,2,2021-12,2021-12-11,900520,Synthetic demo operating cost bundle 900520,6030,Demo Utilities,43620,Q5,Q5,3965,S002,Demo Energy Services,D03,Demo Operations,,,0,,,0,,,,,895,"[""20211211"",""900520""]",895-D,,cor:monetaryAmount,"{""d_cor_accountingEntries"":""1"",""d_cor_entryDetail"":""895-D"",""d_cor_entryHeader"":""[\""20211211\"",\""900520\""]""}"
27,3,2021-12,2021-12-11,900520,Synthetic demo operating cost bundle 900520,6040,Demo Communication,96740,Q5,Q5,8795,S003,Demo Network Services,D03,Demo Operations,,,0,,,0,,,,,896,"[""20211211"",""900520""]",896-D,,cor:monetaryAmount,"{""d_cor_accountingEntries"":""1"",""d_cor_entryDetail"":""896-D"",""d_cor_entryHeader"":""[\""20211211\"",\""900520\""]""}"
27,4,2021-12,2021-12-11,900520,Synthetic demo operating cost bundle 900520,6060,Demo Office Supplies,49330,Q5,Q5,4485,V001,Demo Vendor Keystone,D03,Demo Operations,,,0,,,0,,,,,897,"[""20211211"",""900520""]",897-D,,cor:monetaryAmount,"{""d_cor_accountingEntries"":""1"",""d_cor_entryDetail"":""897-D"",""d_cor_entryHeader"":""[\""20211211\"",\""900520\""]""}"
28,1,2021-12,2021-12-12,900480,Synthetic demo mixed sales and receipt 900480,1100,Demo Central Ordinary Deposit,186920,00,00,0,B001,Demo Central Bank,D01,Demo Sales,,,0,,,0,,,,,898,"[""20211212"",""900480""]",898-D,,cor:monetaryAmount,"{""d_cor_accountingEntries"":""1"",""d_cor_entryDetail"":""898-D"",""d_cor_entryHeader"":""[\""20211212\"",\""900480\""]""}"
28,2,2021-12,2021-12-12,900480,Synthetic demo mixed sales and receipt 900480,1200,Demo Accounts Receivable,560760,00,00,0,C001,Demo Customer Aurora,D01,Demo Sales,,,0,,,0,,,,,899,"[""20211212"",""900480""]",899-D,,cor:monetaryAmount,"{""d_cor_accountingEntries"":""1"",""d_cor_entryDetail"":""899-D"",""d_cor_entryHeader"":""[\""20211212\"",\""900480\""]""}"
28,3,2021-12,2021-12-12,900480,Synthetic demo mixed sales and receipt 900480,,,0,,,0,,,,,4000,Demo Product Sales,224300,B5,B5,20391,C002,Demo Customer Birch,D01,Demo Sales,900,"[""20211212"",""900480""]",,900-C,cor:monetaryAmount,"{""d_cor_accountingEntries"":""1"",""d_cor_entryDetail"":""900-C"",""d_cor_entryHeader"":""[\""20211212\"",\""900480\""]""}"
28,4,2021-12,2021-12-12,900480,Synthetic demo mixed sales and receipt 900480,,,0,,,0,,,,,4010,Demo Service Revenue,523380,B5,B5,47580,C003,Demo Customer Cobalt,D01,Demo Sales,901,"[""20211212"",""900480""]",,901-C,cor:monetaryAmount,"{""d_cor_accountingEntries"":""1"",""d_cor_entryDetail"":""901-C"",""d_cor_entryHeader"":""[\""20211212\"",\""900480\""]""}"
29,1,2021-12,2021-12-12,900510,Synthetic demo credit sale 900510,,,0,,,0,,,,,4000,Demo Product Sales,299300,B5,B5,27209,C001,Demo Customer Aurora,D01,Demo Sales,902,"[""20211212"",""900510""]",,902-C,cor:monetaryAmount,"{""d_cor_accountingEntries"":""1"",""d_cor_entryDetail"":""902-C"",""d_cor_entryHeader"":""[\""20211212\"",\""900510\""]""}"
29,2,2021-12,2021-12-12,900510,Synthetic demo credit sale 900510,1200,Demo Accounts Receivable,299300,00,00,0,C001,Demo Customer Aurora,D01,Demo Sales,,,0,,,0,,,,,902,"[""20211212"",""900510""]",902-D,,cor:monetaryAmount,"{""d_cor_accountingEntries"":""1"",""d_cor_entryDetail"":""902-D"",""d_cor_entryHeader"":""[\""20211212\"",\""900510\""]""}"
30,1,2021-12,2021-12-12,900523,Synthetic demo customer receipt 900523,,,0,,,0,,,,,1200,Demo Accounts Receivable,385730,00,00,0,C001,Demo Customer Aurora,D01,Demo Sales,903,"[""20211212"",""900523""]",,903-C,cor:monetaryAmount,"{""d_cor_accountingEntries"":""1"",""d_cor_entryDetail"":""903-C"",""d_cor_entryHeader"":""[\""20211212\"",\""900523\""]""}"
30,2,2021-12,2021-12-12,900523,Synthetic demo customer receipt 900523,1110,Demo North Current Deposit,385730,00,00,0,B002,North Demo Bank,D01,Demo Sales,,,0,,,0,,,,,903,"[""20211212"",""900523""]",903-D,,cor:monetaryAmount,"{""d_cor_accountingEntries"":""1"",""d_cor_entryDetail"":""903-D"",""d_cor_entryHeader"":""[\""20211212\"",\""900523\""]""}"
31,1,2021-12,2021-12-13,900486,Synthetic demo mixed sales and receipt 900486,1100,Demo Central Ordinary Deposit,113380,00,00,0,B001,Demo Central Bank,D01,Demo Sales,,,0,,,0,,,,,904,"[""20211213"",""900486""]",904-D,,cor:monetaryAmount,"{""d_cor_accountingEntries"":""1"",""d_cor_entryDetail"":""904-D"",""d_cor_entryHeader"":""[\""20211213\"",\""900486\""]""}"
31,2,2021-12,2021-12-13,900486,Synthetic demo mixed sales and receipt 900486,1200,Demo Accounts Receivable,240960,00,00,0,C001,Demo Customer Aurora,D01,Demo Sales,,,0,,,0,,,,,905,"[""20211213"",""900486""]",905-D,,cor:monetaryAmount,"{""d_cor_accountingEntries"":""1"",""d_cor_entryDetail"":""905-D"",""d_cor_entryHeader"":""[\""20211213\"",\""900486\""]""}"
31,3,2021-12,2021-12-13,900486,Synthetic demo mixed sales and receipt 900486,,,0,,,0,,,,,4000,Demo Product Sales,262210,B5,B5,23837,C008,Demo Customer Halo,D01,Demo Sales,906,"[""20211213"",""900486""]",,906-C,cor:monetaryAmount,"{""d_cor_accountingEntries"":""1"",""d_cor_entryDetail"":""906-C"",""d_cor_entryHeader"":""[\""20211213\"",\""900486\""]""}"
31,4,2021-12,2021-12-13,900486,Synthetic demo mixed sales and receipt 900486,,,0,,,0,,,,,4010,Demo Service Revenue,92130,B5,B5,8375,C009,Demo Customer Indigo,D01,Demo Sales,907,"[""20211213"",""900486""]",,907-C,cor:monetaryAmount,"{""d_cor_accountingEntries"":""1"",""d_cor_entryDetail"":""907-C"",""d_cor_entryHeader"":""[\""20211213\"",\""900486\""]""}"
32,1,2021-12,2021-12-15,900495,Synthetic demo purchase on account 900495,,,0,,,0,,,,,2000,Demo Accounts Payable,193300,00,00,0,V001,Demo Vendor Keystone,D04,Demo Logistics,908,"[""20211215"",""900495""]",,908-C,cor:monetaryAmount,"{""d_cor_accountingEntries"":""1"",""d_cor_entryDetail"":""908-C"",""d_cor_entryHeader"":""[\""20211215\"",\""900495\""]""}"
32,2,2021-12,2021-12-15,900495,Synthetic demo purchase on account 900495,5000,Demo Purchases,193300,Q5,Q5,17573,V006,Demo Vendor Prairie,D04,Demo Logistics,,,0,,,0,,,,,908,"[""20211215"",""900495""]",908-D,,cor:monetaryAmount,"{""d_cor_accountingEntries"":""1"",""d_cor_entryDetail"":""908-D"",""d_cor_entryHeader"":""[\""20211215\"",\""900495\""]""}"
33,1,2021-12,2021-12-15,900527,Synthetic demo financing settlement 900527,,,0,,,0,,,,,1120,Demo Harbor Ordinary Deposit,291380,00,00,0,B003,Harbor Demo Bank,D06,Demo Management,909,"[""20211215"",""900527""]",,909-C,cor:monetaryAmount,"{""d_cor_accountingEntries"":""1"",""d_cor_entryDetail"":""909-C"",""d_cor_entryHeader"":""[\""20211215\"",\""900527\""]""}"
33,2,2021-12,2021-12-15,900527,Synthetic demo financing settlement 900527,2200,Demo Short-term Loans,101980,00,00,0,,,D06,Demo Management,,,0,,,0,,,,,909,"[""20211215"",""900527""]",909-D,,cor:monetaryAmount,"{""d_cor_accountingEntries"":""1"",""d_cor_entryDetail"":""909-D"",""d_cor_entryHeader"":""[\""20211215\"",\""900527\""]""}"
33,3,2021-12,2021-12-15,900527,Synthetic demo financing settlement 900527,6070,Demo Bank Fees,2910,00,00,0,B003,Harbor Demo Bank,D06,Demo Management,,,0,,,0,,,,,910,"[""20211215"",""900527""]",910-D,,cor:monetaryAmount,"{""d_cor_accountingEntries"":""1"",""d_cor_entryDetail"":""910-D"",""d_cor_entryHeader"":""[\""20211215\"",\""900527\""]""}"
33,4,2021-12,2021-12-15,900527,Synthetic demo financing settlement 900527,7000,Demo Taxes and Dues,186490,P0,P0,0,,,D06,Demo Management,,,0,,,0,,,,,911,"[""20211215"",""900527""]",911-D,,cor:monetaryAmount,"{""d_cor_accountingEntries"":""1"",""d_cor_entryDetail"":""911-D"",""d_cor_entryHeader"":""[\""20211215\"",\""900527\""]""}"
34,1,2021-12,2021-12-16,900513,Synthetic demo customer receipt 900513,,,0,,,0,,,,,1200,Demo Accounts Receivable,497370,00,00,0,C001,Demo Customer Aurora,D01,Demo Sales,912,"[""20211216"",""900513""]",,912-C,cor:monetaryAmount,"{""d_cor_accountingEntries"":""1"",""d_cor_entryDetail"":""912-C"",""d_cor_entryHeader"":""[\""20211216\"",\""900513\""]""}"
34,2,2021-12,2021-12-16,900513,Synthetic demo customer receipt 900513,1100,Demo Central Ordinary Deposit,497370,00,00,0,B001,Demo Central Bank,D01,Demo Sales,,,0,,,0,,,,,912,"[""20211216"",""900513""]",912-D,,cor:monetaryAmount,"{""d_cor_accountingEntries"":""1"",""d_cor_entryDetail"":""912-D"",""d_cor_entryHeader"":""[\""20211216\"",\""900513\""]""}"
35,1,2021-12,2021-12-17,900479,Synthetic demo prepaid service 900479,,,0,,,0,,,,,1120,Demo Harbor Ordinary Deposit,235680,00,00,0,B003,Harbor Demo Bank,D05,Demo Digital Services,913,"[""20211217"",""900479""]",,913-C,cor:monetaryAmount,"{""d_cor_accountingEntries"":""1"",""d_cor_entryDetail"":""913-C"",""d_cor_entryHeader"":""[\""20211217\"",\""900479\""]""}"
35,2,2021-12,2021-12-17,900479,Synthetic demo prepaid service 900479,1400,Demo Prepaid Expenses,235680,00,00,0,S006,Demo Insurance Services,D05,Demo Digital Services,,,0,,,0,,,,,913,"[""20211217"",""900479""]",913-D,,cor:monetaryAmount,"{""d_cor_accountingEntries"":""1"",""d_cor_entryDetail"":""913-D"",""d_cor_entryHeader"":""[\""20211217\"",\""900479\""]""}"
36,1,2021-12,2021-12-17,900499,Synthetic demo multi-vendor settlement 900499,2000,Demo Accounts Payable,320100,00,00,0,V001,Demo Vendor Keystone,D01,Demo Sales,,,0,,,0,,,,,914,"[""20211217"",""900499""]",914-D,,cor:monetaryAmount,"{""d_cor_accountingEntries"":""1"",""d_cor_entryDetail"":""914-D"",""d_cor_entryHeader"":""[\""20211217\"",\""900499\""]""}"
36,2,2021-12,2021-12-17,900499,Synthetic demo multi-vendor settlement 900499,2100,Demo Accrued Payables,80030,00,00,0,V003,Demo Vendor Mosaic,D01,Demo Sales,,,0,,,0,,,,,915,"[""20211217"",""900499""]",915-D,,cor:monetaryAmount,"{""d_cor_accountingEntries"":""1"",""d_cor_entryDetail"":""915-D"",""d_cor_entryHeader"":""[\""20211217\"",\""900499\""]""}"
36,3,2021-12,2021-12-17,900499,Synthetic demo multi-vendor settlement 900499,,,0,,,0,,,,,1110,Demo North Current Deposit,272080,00,00,0,B002,North Demo Bank,D01,Demo Sales,916,"[""20211217"",""900499""]",,916-C,cor:monetaryAmount,"{""d_cor_accountingEntries"":""1"",""d_cor_entryDetail"":""916-C"",""d_cor_entryHeader"":""[\""20211217\"",\""900499\""]""}"
36,4,2021-12,2021-12-17,900499,Synthetic demo multi-vendor settlement 900499,,,0,,,0,,,,,1120,Demo Harbor Ordinary Deposit,128050,00,00,0,B003,Harbor Demo Bank,D01,Demo Sales,917,"[""20211217"",""900499""]",,917-C,cor:monetaryAmount,"{""d_cor_accountingEntries"":""1"",""d_cor_entryDetail"":""917-C"",""d_cor_entryHeader"":""[\""20211217\"",\""900499\""]""}"
37,1,2021-12,2021-12-17,900503,Synthetic demo financing settlement 900503,,,0,,,0,,,,,1120,Demo Harbor Ordinary Deposit,554020,00,00,0,B003,Harbor Demo Bank,D06,Demo Management,918,"[""20211217"",""900503""]",,918-C,cor:monetaryAmount,"{""d_cor_accountingEntries"":""1"",""d_cor_entryDetail"":""918-C"",""d_cor_entryHeader"":""[\""20211217\"",\""900503\""]""}"
37,2,2021-12,2021-12-17,900503,Synthetic demo financing settlement 900503,2200,Demo Short-term Loans,99720,00,00,0,,,D06,Demo Management,,,0,,,0,,,,,918,"[""20211217"",""900503""]",918-D,,cor:monetaryAmount,"{""d_cor_accountingEntries"":""1"",""d_cor_entryDetail"":""918-D"",""d_cor_entryHeader"":""[\""20211217\"",\""900503\""]""}"
37,3,2021-12,2021-12-17,900503,Synthetic demo financing settlement 900503,6070,Demo Bank Fees,127420,00,00,0,B003,Harbor Demo Bank,D06,Demo Management,,,0,,,0,,,,,919,"[""20211217"",""900503""]",919-D,,cor:monetaryAmount,"{""d_cor_accountingEntries"":""1"",""d_cor_entryDetail"":""919-D"",""d_cor_entryHeader"":""[\""20211217\"",\""900503\""]""}"
37,4,2021-12,2021-12-17,900503,Synthetic demo financing settlement 900503,7000,Demo Taxes and Dues,326880,P0,P0,0,,,D06,Demo Management,,,0,,,0,,,,,920,"[""20211217"",""900503""]",920-D,,cor:monetaryAmount,"{""d_cor_accountingEntries"":""1"",""d_cor_entryDetail"":""920-D"",""d_cor_entryHeader"":""[\""20211217\"",\""900503\""]""}"
38,1,2021-12,2021-12-17,900515,Synthetic demo purchase on account 900515,,,0,,,0,,,,,2000,Demo Accounts Payable,184330,00,00,0,V001,Demo Vendor Keystone,D04,Demo Logistics,921,"[""20211217"",""900515""]",,921-C,cor:monetaryAmount,"{""d_cor_accountingEntries"":""1"",""d_cor_entryDetail"":""921-C"",""d_cor_entryHeader"":""[\""20211217\"",\""900515\""]""}"
38,2,2021-12,2021-12-17,900515,Synthetic demo purchase on account 900515,5020,Demo Inventory Adjustment,184330,Q5,Q5,16757,V006,Demo Vendor Prairie,D04,Demo Logistics,,,0,,,0,,,,,921,"[""20211217"",""900515""]",921-D,,cor:monetaryAmount,"{""d_cor_accountingEntries"":""1"",""d_cor_entryDetail"":""921-D"",""d_cor_entryHeader"":""[\""20211217\"",\""900515\""]""}"
39,1,2021-12,2021-12-17,900530,Synthetic demo mixed sales and receipt 900530,1120,Demo Harbor Ordinary Deposit,84490,00,00,0,B003,Harbor Demo Bank,D01,Demo Sales,,,0,,,0,,,,,922,"[""20211217"",""900530""]",922-D,,cor:monetaryAmount,"{""d_cor_accountingEntries"":""1"",""d_cor_entryDetail"":""922-D"",""d_cor_entryHeader"":""[\""20211217\"",\""900530\""]""}"
39,2,2021-12,2021-12-17,900530,Synthetic demo mixed sales and receipt 900530,1200,Demo Accounts Receivable,299560,00,00,0,C001,Demo Customer Aurora,D01,Demo Sales,,,0,,,0,,,,,923,"[""20211217"",""900530""]",923-D,,cor:monetaryAmount,"{""d_cor_accountingEntries"":""1"",""d_cor_entryDetail"":""923-D"",""d_cor_entryHeader"":""[\""20211217\"",\""900530\""]""}"
39,3,2021-12,2021-12-17,900530,Synthetic demo mixed sales and receipt 900530,,,0,,,0,,,,,4000,Demo Product Sales,322600,B5,B5,29327,C002,Demo Customer Birch,D01,Demo Sales,924,"[""20211217"",""900530""]",,924-C,cor:monetaryAmount,"{""d_cor_accountingEntries"":""1"",""d_cor_entryDetail"":""924-C"",""d_cor_entryHeader"":""[\""20211217\"",\""900530\""]""}"
39,4,2021-12,2021-12-17,900530,Synthetic demo mixed sales and receipt 900530,,,0,,,0,,,,,4010,Demo Service Revenue,61450,B5,B5,5586,C003,Demo Customer Cobalt,D01,Demo Sales,925,"[""20211217"",""900530""]",,925-C,cor:monetaryAmount,"{""d_cor_accountingEntries"":""1"",""d_cor_entryDetail"":""925-C"",""d_cor_entryHeader"":""[\""20211217\"",\""900530\""]""}"
40,1,2021-12,2021-12-18,900522,Synthetic demo credit sale 900522,,,0,,,0,,,,,4000,Demo Product Sales,412820,B5,B5,37529,C007,Demo Customer Grove,D01,Demo Sales,926,"[""20211218"",""900522""]",,926-C,cor:monetaryAmount,"{""d_cor_accountingEntries"":""1"",""d_cor_entryDetail"":""926-C"",""d_cor_entryHeader"":""[\""20211218\"",\""900522\""]""}"
40,2,2021-12,2021-12-18,900522,Synthetic demo credit sale 900522,1200,Demo Accounts Receivable,412820,00,00,0,C001,Demo Customer Aurora,D01,Demo Sales,,,0,,,0,,,,,926,"[""20211218"",""900522""]",926-D,,cor:monetaryAmount,"{""d_cor_accountingEntries"":""1"",""d_cor_entryDetail"":""926-D"",""d_cor_entryHeader"":""[\""20211218\"",\""900522\""]""}"
41,1,2021-12,2021-12-19,900481,Synthetic demo credit sale 900481,,,0,,,0,,,,,4010,Demo Service Revenue,561980,R5,R5,41628,C004,Demo Customer Dawn,D01,Demo Sales,927,"[""20211219"",""900481""]",,927-C,cor:monetaryAmount,"{""d_cor_accountingEntries"":""1"",""d_cor_entryDetail"":""927-C"",""d_cor_entryHeader"":""[\""20211219\"",\""900481\""]""}"
41,2,2021-12,2021-12-19,900481,Synthetic demo credit sale 900481,1200,Demo Accounts Receivable,561980,00,00,0,C001,Demo Customer Aurora,D01,Demo Sales,,,0,,,0,,,,,927,"[""20211219"",""900481""]",927-D,,cor:monetaryAmount,"{""d_cor_accountingEntries"":""1"",""d_cor_entryDetail"":""927-D"",""d_cor_entryHeader"":""[\""20211219\"",\""900481\""]""}"
42,1,2021-12,2021-12-19,900494,Synthetic demo customer receipt 900494,,,0,,,0,,,,,1200,Demo Accounts Receivable,319590,00,00,0,C001,Demo Customer Aurora,D01,Demo Sales,928,"[""20211219"",""900494""]",,928-C,cor:monetaryAmount,"{""d_cor_accountingEntries"":""1"",""d_cor_entryDetail"":""928-C"",""d_cor_entryHeader"":""[\""20211219\"",\""900494\""]""}"
42,2,2021-12,2021-12-19,900494,Synthetic demo customer receipt 900494,1120,Demo Harbor Ordinary Deposit,319590,00,00,0,B003,Harbor Demo Bank,D01,Demo Sales,,,0,,,0,,,,,928,"[""20211219"",""900494""]",928-D,,cor:monetaryAmount,"{""d_cor_accountingEntries"":""1"",""d_cor_entryDetail"":""928-D"",""d_cor_entryHeader"":""[\""20211219\"",\""900494\""]""}"
43,1,2021-12,2021-12-19,900519,Synthetic demo prepaid service 900519,,,0,,,0,,,,,1100,Demo Central Ordinary Deposit,93290,00,00,0,B001,Demo Central Bank,D05,Demo Digital Services,929,"[""20211219"",""900519""]",,929-C,cor:monetaryAmount,"{""d_cor_accountingEntries"":""1"",""d_cor_entryDetail"":""929-C"",""d_cor_entryHeader"":""[\""20211219\"",\""900519\""]""}"
43,2,2021-12,2021-12-19,900519,Synthetic demo prepaid service 900519,1400,Demo Prepaid Expenses,93290,00,00,0,S004,Demo Logistics Services,D05,Demo Digital Services,,,0,,,0,,,,,929,"[""20211219"",""900519""]",929-D,,cor:monetaryAmount,"{""d_cor_accountingEntries"":""1"",""d_cor_entryDetail"":""929-D"",""d_cor_entryHeader"":""[\""20211219\"",\""900519\""]""}"
44,1,2021-12,2021-12-20,900477,Synthetic demo monthly payroll bundle 900477,,,0,,,0,,,,,1100,Demo Central Ordinary Deposit,256700,00,00,0,B001,Demo Central Bank,D02,Demo Administration,930,"[""20211220"",""900477""]",,930-C,cor:monetaryAmount,"{""d_cor_accountingEntries"":""1"",""d_cor_entryDetail"":""930-C"",""d_cor_entryHeader"":""[\""20211220\"",\""900477\""]""}"
44,2,2021-12,2021-12-20,900477,Synthetic demo monthly payroll bundle 900477,6000,Demo Salaries,51340,00,00,0,,,D02,Demo Administration,,,0,,,0,,,,,930,"[""20211220"",""900477""]",930-D,,cor:monetaryAmount,"{""d_cor_accountingEntries"":""1"",""d_cor_entryDetail"":""930-D"",""d_cor_entryHeader"":""[\""20211220\"",\""900477\""]""}"
44,3,2021-12,2021-12-20,900477,Synthetic demo monthly payroll bundle 900477,6010,Demo Statutory Welfare,151450,00,00,0,,,D02,Demo Administration,,,0,,,0,,,,,931,"[""20211220"",""900477""]",931-D,,cor:monetaryAmount,"{""d_cor_accountingEntries"":""1"",""d_cor_entryDetail"":""931-D"",""d_cor_entryHeader"":""[\""20211220\"",\""900477\""]""}"
44,4,2021-12,2021-12-20,900477,Synthetic demo monthly payroll bundle 900477,2110,Demo Payroll Withholding,53910,00,00,0,,,D02,Demo Administration,,,0,,,0,,,,,932,"[""20211220"",""900477""]",932-D,,cor:monetaryAmount,"{""d_cor_accountingEntries"":""1"",""d_cor_entryDetail"":""932-D"",""d_cor_entryHeader"":""[\""20211220\"",\""900477\""]""}"
45,1,2021-12,2021-12-20,900478,Synthetic demo operating expense 900478,,,0,,,0,,,,,1110,Demo North Current Deposit,90900,00,00,0,B002,North Demo Bank,D03,Demo Operations,933,"[""20211220"",""900478""]",,933-C,cor:monetaryAmount,"{""d_cor_accountingEntries"":""1"",""d_cor_entryDetail"":""933-C"",""d_cor_entryHeader"":""[\""20211220\"",\""900478\""]""}"
45,2,2021-12,2021-12-20,900478,Synthetic demo operating expense 900478,6120,Demo Professional Fees,90900,Q5,Q5,8264,V001,Demo Vendor Keystone,D03,Demo Operations,,,0,,,0,,,,,933,"[""20211220"",""900478""]",933-D,,cor:monetaryAmount,"{""d_cor_accountingEntries"":""1"",""d_cor_entryDetail"":""933-D"",""d_cor_entryHeader"":""[\""20211220\"",\""900478\""]""}"
46,1,2021-12,2021-12-20,900491,Synthetic demo credit sale 900491,,,0,,,0,,,,,4020,Demo Other Operating Revenue,524660,B5,B5,47696,C004,Demo Customer Dawn,D01,Demo Sales,934,"[""20211220"",""900491""]",,934-C,cor:monetaryAmount,"{""d_cor_accountingEntries"":""1"",""d_cor_entryDetail"":""934-C"",""d_cor_entryHeader"":""[\""20211220\"",\""900491\""]""}"
46,2,2021-12,2021-12-20,900491,Synthetic demo credit sale 900491,1200,Demo Accounts Receivable,524660,00,00,0,C001,Demo Customer Aurora,D01,Demo Sales,,,0,,,0,,,,,934,"[""20211220"",""900491""]",934-D,,cor:monetaryAmount,"{""d_cor_accountingEntries"":""1"",""d_cor_entryDetail"":""934-D"",""d_cor_entryHeader"":""[\""20211220\"",\""900491\""]""}"
47,1,2021-12,2021-12-20,900526,Synthetic demo purchase on account 900526,,,0,,,0,,,,,2000,Demo Accounts Payable,359270,00,00,0,V001,Demo Vendor Keystone,D04,Demo Logistics,935,"[""20211220"",""900526""]",,935-C,cor:monetaryAmount,"{""d_cor_accountingEntries"":""1"",""d_cor_entryDetail"":""935-C"",""d_cor_entryHeader"":""[\""20211220\"",\""900526\""]""}"
47,2,2021-12,2021-12-20,900526,Synthetic demo purchase on account 900526,5010,Demo Freight-in,359270,Q5,Q5,32661,V001,Demo Vendor Keystone,D04,Demo Logistics,,,0,,,0,,,,,935,"[""20211220"",""900526""]",935-D,,cor:monetaryAmount,"{""d_cor_accountingEntries"":""1"",""d_cor_entryDetail"":""935-D"",""d_cor_entryHeader"":""[\""20211220\"",\""900526\""]""}"
48,1,2021-12,2021-12-21,900528,Synthetic demo operating expense 900528,,,0,,,0,,,,,1100,Demo Central Ordinary Deposit,144240,00,00,0,B001,Demo Central Bank,D02,Demo Administration,936,"[""20211221"",""900528""]",,936-C,cor:monetaryAmount,"{""d_cor_accountingEntries"":""1"",""d_cor_entryDetail"":""936-C"",""d_cor_entryHeader"":""[\""20211221\"",\""900528\""]""}"
48,2,2021-12,2021-12-21,900528,Synthetic demo operating expense 900528,6080,Demo Advertising,144240,Q5,Q5,13113,V001,Demo Vendor Keystone,D02,Demo Administration,,,0,,,0,,,,,936,"[""20211221"",""900528""]",936-D,,cor:monetaryAmount,"{""d_cor_accountingEntries"":""1"",""d_cor_entryDetail"":""936-D"",""d_cor_entryHeader"":""[\""20211221\"",\""900528\""]""}"
49,1,2021-12,2021-12-21,900529,Synthetic demo prepaid service 900529,,,0,,,0,,,,,1110,Demo North Current Deposit,172630,00,00,0,B002,North Demo Bank,D05,Demo Digital Services,937,"[""20211221"",""900529""]",,937-C,cor:monetaryAmount,"{""d_cor_accountingEntries"":""1"",""d_cor_entryDetail"":""937-C"",""d_cor_entryHeader"":""[\""20211221\"",\""900529\""]""}"
49,2,2021-12,2021-12-21,900529,Synthetic demo prepaid service 900529,1400,Demo Prepaid Expenses,172630,00,00,0,S002,Demo Energy Services,D05,Demo Digital Services,,,0,,,0,,,,,937,"[""20211221"",""900529""]",937-D,,cor:monetaryAmount,"{""d_cor_accountingEntries"":""1"",""d_cor_entryDetail"":""937-D"",""d_cor_entryHeader"":""[\""20211221\"",\""900529\""]""}"
50,1,2021-12,2021-12-22,900497,Synthetic demo financing settlement 900497,,,0,,,0,,,,,1120,Demo Harbor Ordinary Deposit,516500,00,00,0,B003,Harbor Demo Bank,D06,Demo Management,938,"[""20211222"",""900497""]",,938-C,cor:monetaryAmount,"{""d_cor_accountingEntries"":""1"",""d_cor_entryDetail"":""938-C"",""d_cor_entryHeader"":""[\""20211222\"",\""900497\""]""}"
50,2,2021-12,2021-12-22,900497,Synthetic demo financing settlement 900497,2200,Demo Short-term Loans,103300,00,00,0,,,D06,Demo Management,,,0,,,0,,,,,938,"[""20211222"",""900497""]",938-D,,cor:monetaryAmount,"{""d_cor_accountingEntries"":""1"",""d_cor_entryDetail"":""938-D"",""d_cor_entryHeader"":""[\""20211222\"",\""900497\""]""}"
50,3,2021-12,2021-12-22,900497,Synthetic demo financing settlement 900497,6070,Demo Bank Fees,51650,00,00,0,B003,Harbor Demo Bank,D06,Demo Management,,,0,,,0,,,,,939,"[""20211222"",""900497""]",939-D,,cor:monetaryAmount,"{""d_cor_accountingEntries"":""1"",""d_cor_entryDetail"":""939-D"",""d_cor_entryHeader"":""[\""20211222\"",\""900497\""]""}"
50,4,2021-12,2021-12-22,900497,Synthetic demo financing settlement 900497,7000,Demo Taxes and Dues,361550,P0,P0,0,,,D06,Demo Management,,,0,,,0,,,,,940,"[""20211222"",""900497""]",940-D,,cor:monetaryAmount,"{""d_cor_accountingEntries"":""1"",""d_cor_entryDetail"":""940-D"",""d_cor_entryHeader"":""[\""20211222\"",\""900497\""]""}"
51,1,2021-12,2021-12-24,900501,Synthetic demo credit sale 900501,,,0,,,0,,,,,4000,Demo Product Sales,108870,B5,B5,9897,C004,Demo Customer Dawn,D01,Demo Sales,941,"[""20211224"",""900501""]",,941-C,cor:monetaryAmount,"{""d_cor_accountingEntries"":""1"",""d_cor_entryDetail"":""941-C"",""d_cor_entryHeader"":""[\""20211224\"",\""900501\""]""}"
51,2,2021-12,2021-12-24,900501,Synthetic demo credit sale 900501,1200,Demo Accounts Receivable,108870,00,00,0,C001,Demo Customer Aurora,D01,Demo Sales,,,0,,,0,,,,,941,"[""20211224"",""900501""]",941-D,,cor:monetaryAmount,"{""d_cor_accountingEntries"":""1"",""d_cor_entryDetail"":""941-D"",""d_cor_entryHeader"":""[\""20211224\"",\""900501\""]""}"
52,1,2021-12,2021-12-24,900524,Synthetic demo mixed sales and receipt 900524,1120,Demo Harbor Ordinary Deposit,236700,00,00,0,B003,Harbor Demo Bank,D01,Demo Sales,,,0,,,0,,,,,942,"[""20211224"",""900524""]",942-D,,cor:monetaryAmount,"{""d_cor_accountingEntries"":""1"",""d_cor_entryDetail"":""942-D"",""d_cor_entryHeader"":""[\""20211224\"",\""900524\""]""}"
52,2,2021-12,2021-12-24,900524,Synthetic demo mixed sales and receipt 900524,1200,Demo Accounts Receivable,185990,00,00,0,C001,Demo Customer Aurora,D01,Demo Sales,,,0,,,0,,,,,943,"[""20211224"",""900524""]",943-D,,cor:monetaryAmount,"{""d_cor_accountingEntries"":""1"",""d_cor_entryDetail"":""943-D"",""d_cor_entryHeader"":""[\""20211224\"",\""900524\""]""}"
52,3,2021-12,2021-12-24,900524,Synthetic demo mixed sales and receipt 900524,,,0,,,0,,,,,4000,Demo Product Sales,169070,B5,B5,15370,C006,Demo Customer Fjord,D01,Demo Sales,944,"[""20211224"",""900524""]",,944-C,cor:monetaryAmount,"{""d_cor_accountingEntries"":""1"",""d_cor_entryDetail"":""944-C"",""d_cor_entryHeader"":""[\""20211224\"",\""900524\""]""}"
52,4,2021-12,2021-12-24,900524,Synthetic demo mixed sales and receipt 900524,,,0,,,0,,,,,4010,Demo Service Revenue,253620,B5,B5,23056,C007,Demo Customer Grove,D01,Demo Sales,945,"[""20211224"",""900524""]",,945-C,cor:monetaryAmount,"{""d_cor_accountingEntries"":""1"",""d_cor_entryDetail"":""945-C"",""d_cor_entryHeader"":""[\""20211224\"",\""900524\""]""}"
53,1,2021-12,2021-12-25,900483,Synthetic demo customer receipt 900483,,,0,,,0,,,,,1200,Demo Accounts Receivable,332990,00,00,0,C001,Demo Customer Aurora,D01,Demo Sales,946,"[""20211225"",""900483""]",,946-C,cor:monetaryAmount,"{""d_cor_accountingEntries"":""1"",""d_cor_entryDetail"":""946-C"",""d_cor_entryHeader"":""[\""20211225\"",\""900483\""]""}"
53,2,2021-12,2021-12-25,900483,Synthetic demo customer receipt 900483,1100,Demo Central Ordinary Deposit,332990,00,00,0,B001,Demo Central Bank,D01,Demo Sales,,,0,,,0,,,,,946,"[""20211225"",""900483""]",946-D,,cor:monetaryAmount,"{""d_cor_accountingEntries"":""1"",""d_cor_entryDetail"":""946-D"",""d_cor_entryHeader"":""[\""20211225\"",\""900483\""]""}"
54,1,2021-12,2021-12-26,900476,Synthetic demo purchase on account 900476,,,0,,,0,,,,,2000,Demo Accounts Payable,53400,00,00,0,V001,Demo Vendor Keystone,D04,Demo Logistics,947,"[""20211226"",""900476""]",,947-C,cor:monetaryAmount,"{""d_cor_accountingEntries"":""1"",""d_cor_entryDetail"":""947-C"",""d_cor_entryHeader"":""[\""20211226\"",\""900476\""]""}"
54,2,2021-12,2021-12-26,900476,Synthetic demo purchase on account 900476,5020,Demo Inventory Adjustment,53400,Q5,Q5,4855,V001,Demo Vendor Keystone,D04,Demo Logistics,,,0,,,0,,,,,947,"[""20211226"",""900476""]",947-D,,cor:monetaryAmount,"{""d_cor_accountingEntries"":""1"",""d_cor_entryDetail"":""947-D"",""d_cor_entryHeader"":""[\""20211226\"",\""900476\""]""}"
55,1,2021-12,2021-12-26,900508,Synthetic demo operating expense 900508,,,0,,,0,,,,,1110,Demo North Current Deposit,64800,00,00,0,B002,North Demo Bank,D03,Demo Operations,948,"[""20211226"",""900508""]",,948-C,cor:monetaryAmount,"{""d_cor_accountingEntries"":""1"",""d_cor_entryDetail"":""948-C"",""d_cor_entryHeader"":""[\""20211226\"",\""900508\""]""}"
55,2,2021-12,2021-12-26,900508,Synthetic demo operating expense 900508,6060,Demo Office Supplies,64800,Q5,Q5,5891,V001,Demo Vendor Keystone,D03,Demo Operations,,,0,,,0,,,,,948,"[""20211226"",""900508""]",948-D,,cor:monetaryAmount,"{""d_cor_accountingEntries"":""1"",""d_cor_entryDetail"":""948-D"",""d_cor_entryHeader"":""[\""20211226\"",\""900508\""]""}"
56,1,2021-12,2021-12-27,900472,Synthetic demo credit sale 900472,,,0,,,0,,,,,4010,Demo Service Revenue,345930,B5,B5,31448,C007,Demo Customer Grove,D01,Demo Sales,949,"[""20211227"",""900472""]",,949-C,cor:monetaryAmount,"{""d_cor_accountingEntries"":""1"",""d_cor_entryDetail"":""949-C"",""d_cor_entryHeader"":""[\""20211227\"",\""900472\""]""}"
56,2,2021-12,2021-12-27,900472,Synthetic demo credit sale 900472,1200,Demo Accounts Receivable,345930,00,00,0,C001,Demo Customer Aurora,D01,Demo Sales,,,0,,,0,,,,,949,"[""20211227"",""900472""]",949-D,,cor:monetaryAmount,"{""d_cor_accountingEntries"":""1"",""d_cor_entryDetail"":""949-D"",""d_cor_entryHeader"":""[\""20211227\"",\""900472\""]""}"
57,1,2021-12,2021-12-28,900475,Synthetic demo purchase on account 900475,,,0,,,0,,,,,2000,Demo Accounts Payable,327130,00,00,0,V001,Demo Vendor Keystone,D04,Demo Logistics,950,"[""20211228"",""900475""]",,950-C,cor:monetaryAmount,"{""d_cor_accountingEntries"":""1"",""d_cor_entryDetail"":""950-C"",""d_cor_entryHeader"":""[\""20211228\"",\""900475\""]""}"
57,2,2021-12,2021-12-28,900475,Synthetic demo purchase on account 900475,5010,Demo Freight-in,327130,Q5,Q5,29739,V006,Demo Vendor Prairie,D04,Demo Logistics,,,0,,,0,,,,,950,"[""20211228"",""900475""]",950-D,,cor:monetaryAmount,"{""d_cor_accountingEntries"":""1"",""d_cor_entryDetail"":""950-D"",""d_cor_entryHeader"":""[\""20211228\"",\""900475\""]""}"
58,1,2021-12,2021-12-30,900482,Synthetic demo credit sale 900482,,,0,,,0,,,,,4020,Demo Other Operating Revenue,458500,B5,B5,41682,C007,Demo Customer Grove,D01,Demo Sales,951,"[""20211230"",""900482""]",,951-C,cor:monetaryAmount,"{""d_cor_accountingEntries"":""1"",""d_cor_entryDetail"":""951-C"",""d_cor_entryHeader"":""[\""20211230\"",\""900482\""]""}"
58,2,2021-12,2021-12-30,900482,Synthetic demo credit sale 900482,1200,Demo Accounts Receivable,458500,00,00,0,C001,Demo Customer Aurora,D01,Demo Sales,,,0,,,0,,,,,951,"[""20211230"",""900482""]",951-D,,cor:monetaryAmount,"{""d_cor_accountingEntries"":""1"",""d_cor_entryDetail"":""951-D"",""d_cor_entryHeader"":""[\""20211230\"",\""900482\""]""}"
59,1,2021-12,2021-12-30,900504,Synthetic demo customer receipt 900504,,,0,,,0,,,,,1200,Demo Accounts Receivable,389920,00,00,0,C001,Demo Customer Aurora,D01,Demo Sales,952,"[""20211230"",""900504""]",,952-C,cor:monetaryAmount,"{""d_cor_accountingEntries"":""1"",""d_cor_entryDetail"":""952-C"",""d_cor_entryHeader"":""[\""20211230\"",\""900504\""]""}"
59,2,2021-12,2021-12-30,900504,Synthetic demo customer receipt 900504,1100,Demo Central Ordinary Deposit,389920,00,00,0,B001,Demo Central Bank,D01,Demo Sales,,,0,,,0,,,,,952,"[""20211230"",""900504""]",952-D,,cor:monetaryAmount,"{""d_cor_accountingEntries"":""1"",""d_cor_entryDetail"":""952-D"",""d_cor_entryHeader"":""[\""20211230\"",\""900504\""]""}"
60,1,2021-12,2021-12-31,900487,Synthetic demo vendor settlement 900487,,,0,,,0,,,,,1110,Demo North Current Deposit,340340,00,00,0,B002,North Demo Bank,D04,Demo Logistics,953,"[""20211231"",""900487""]",,953-C,cor:monetaryAmount,"{""d_cor_accountingEntries"":""1"",""d_cor_entryDetail"":""953-C"",""d_cor_entryHeader"":""[\""20211231\"",\""900487\""]""}"
60,2,2021-12,2021-12-31,900487,Synthetic demo vendor settlement 900487,2000,Demo Accounts Payable,340340,00,00,0,V001,Demo Vendor Keystone,D04,Demo Logistics,,,0,,,0,,,,,953,"[""20211231"",""900487""]",953-D,,cor:monetaryAmount,"{""d_cor_accountingEntries"":""1"",""d_cor_entryDetail"":""953-D"",""d_cor_entryHeader"":""[\""20211231\"",\""900487\""]""}"
61,1,2021-12,2021-12-31,900488,Synthetic demo operating expense 900488,,,0,,,0,,,,,1120,Demo Harbor Ordinary Deposit,39860,00,00,0,B003,Harbor Demo Bank,D05,Demo Digital Services,954,"[""20211231"",""900488""]",,954-C,cor:monetaryAmount,"{""d_cor_accountingEntries"":""1"",""d_cor_entryDetail"":""954-C"",""d_cor_entryHeader"":""[\""20211231\"",\""900488\""]""}"
61,2,2021-12,2021-12-31,900488,Synthetic demo operating expense 900488,6040,Demo Communication,39860,Q5,Q5,3624,V001,Demo Vendor Keystone,D05,Demo Digital Services,,,0,,,0,,,,,954,"[""20211231"",""900488""]",954-D,,cor:monetaryAmount,"{""d_cor_accountingEntries"":""1"",""d_cor_entryDetail"":""954-D"",""d_cor_entryHeader"":""[\""20211231\"",\""900488\""]""}"
1,1,2022-01,2022-01-01,900588,Synthetic demo operating expense 900588,,,0,,,0,,,,,1100,Demo Central Ordinary Deposit,161750,00,00,0,B001,Demo Central Bank,D02,Demo Administration,955,"[""20220101"",""900588""]",,955-C,cor:monetaryAmount,"{""d_cor_accountingEntries"":""1"",""d_cor_entryDetail"":""955-C"",""d_cor_entryHeader"":""[\""20220101\"",\""900588\""]""}"
1,2,2022-01,2022-01-01,900588,Synthetic demo operating expense 900588,6140,Demo Vehicle Expense,161750,Q5,Q5,14705,V001,Demo Vendor Keystone,D02,Demo Administration,,,0,,,0,,,,,955,"[""20220101"",""900588""]",955-D,,cor:monetaryAmount,"{""d_cor_accountingEntries"":""1"",""d_cor_entryDetail"":""955-D"",""d_cor_entryHeader"":""[\""20220101\"",\""900588\""]""}"
2,1,2022-01,2022-01-02,900584,Synthetic demo financing settlement 900584,,,0,,,0,,,,,1120,Demo Harbor Ordinary Deposit,746400,00,00,0,B003,Harbor Demo Bank,D06,Demo Management,956,"[""20220102"",""900584""]",,956-C,cor:monetaryAmount,"{""d_cor_accountingEntries"":""1"",""d_cor_entryDetail"":""956-C"",""d_cor_entryHeader"":""[\""20220102\"",\""900584\""]""}"
2,2,2022-01,2022-01-02,900584,Synthetic demo financing settlement 900584,2200,Demo Short-term Loans,328410,00,00,0,,,D06,Demo Management,,,0,,,0,,,,,956,"[""20220102"",""900584""]",956-D,,cor:monetaryAmount,"{""d_cor_accountingEntries"":""1"",""d_cor_entryDetail"":""956-D"",""d_cor_entryHeader"":""[\""20220102\"",\""900584\""]""}"
2,3,2022-01,2022-01-02,900584,Synthetic demo financing settlement 900584,6070,Demo Bank Fees,186600,00,00,0,B003,Harbor Demo Bank,D06,Demo Management,,,0,,,0,,,,,957,"[""20220102"",""900584""]",957-D,,cor:monetaryAmount,"{""d_cor_accountingEntries"":""1"",""d_cor_entryDetail"":""957-D"",""d_cor_entryHeader"":""[\""20220102\"",\""900584\""]""}"
2,4,2022-01,2022-01-02,900584,Synthetic demo financing settlement 900584,7000,Demo Taxes and Dues,231390,P0,P0,0,,,D06,Demo Management,,,0,,,0,,,,,958,"[""20220102"",""900584""]",958-D,,cor:monetaryAmount,"{""d_cor_accountingEntries"":""1"",""d_cor_entryDetail"":""958-D"",""d_cor_entryHeader"":""[\""20220102\"",\""900584\""]""}"
3,1,2022-01,2022-01-03,900535,Synthetic demo purchase on account 900535,,,0,,,0,,,,,2000,Demo Accounts Payable,376950,00,00,0,V001,Demo Vendor Keystone,D04,Demo Logistics,959,"[""20220103"",""900535""]",,959-C,cor:monetaryAmount,"{""d_cor_accountingEntries"":""1"",""d_cor_entryDetail"":""959-C"",""d_cor_entryHeader"":""[\""20220103\"",\""900535\""]""}"
3,2,2022-01,2022-01-03,900535,Synthetic demo purchase on account 900535,5010,Demo Freight-in,376950,Q5,Q5,34268,V006,Demo Vendor Prairie,D04,Demo Logistics,,,0,,,0,,,,,959,"[""20220103"",""900535""]",959-D,,cor:monetaryAmount,"{""d_cor_accountingEntries"":""1"",""d_cor_entryDetail"":""959-D"",""d_cor_entryHeader"":""[\""20220103\"",\""900535\""]""}"
4,1,2022-01,2022-01-04,900534,Synthetic demo customer receipt 900534,,,0,,,0,,,,,1200,Demo Accounts Receivable,252020,00,00,0,C001,Demo Customer Aurora,D01,Demo Sales,960,"[""20220104"",""900534""]",,960-C,cor:monetaryAmount,"{""d_cor_accountingEntries"":""1"",""d_cor_entryDetail"":""960-C"",""d_cor_entryHeader"":""[\""20220104\"",\""900534\""]""}"
4,2,2022-01,2022-01-04,900534,Synthetic demo customer receipt 900534,1100,Demo Central Ordinary Deposit,252020,00,00,0,B001,Demo Central Bank,D01,Demo Sales,,,0,,,0,,,,,960,"[""20220104"",""900534""]",960-D,,cor:monetaryAmount,"{""d_cor_accountingEntries"":""1"",""d_cor_entryDetail"":""960-D"",""d_cor_entryHeader"":""[\""20220104\"",\""900534\""]""}"
5,1,2022-01,2022-01-04,900583,Synthetic demo customer receipt 900583,,,0,,,0,,,,,1200,Demo Accounts Receivable,181110,00,00,0,C001,Demo Customer Aurora,D01,Demo Sales,961,"[""20220104"",""900583""]",,961-C,cor:monetaryAmount,"{""d_cor_accountingEntries"":""1"",""d_cor_entryDetail"":""961-C"",""d_cor_entryHeader"":""[\""20220104\"",\""900583\""]""}"
5,2,2022-01,2022-01-04,900583,Synthetic demo customer receipt 900583,1110,Demo North Current Deposit,181110,00,00,0,B002,North Demo Bank,D01,Demo Sales,,,0,,,0,,,,,961,"[""20220104"",""900583""]",961-D,,cor:monetaryAmount,"{""d_cor_accountingEntries"":""1"",""d_cor_entryDetail"":""961-D"",""d_cor_entryHeader"":""[\""20220104\"",\""900583\""]""}"
6,1,2022-01,2022-01-05,900573,Synthetic demo customer receipt 900573,,,0,,,0,,,,,1200,Demo Accounts Receivable,335470,00,00,0,C001,Demo Customer Aurora,D01,Demo Sales,962,"[""20220105"",""900573""]",,962-C,cor:monetaryAmount,"{""d_cor_accountingEntries"":""1"",""d_cor_entryDetail"":""962-C"",""d_cor_entryHeader"":""[\""20220105\"",\""900573\""]""}"
6,2,2022-01,2022-01-05,900573,Synthetic demo customer receipt 900573,1100,Demo Central Ordinary Deposit,335470,00,00,0,B001,Demo Central Bank,D01,Demo Sales,,,0,,,0,,,,,962,"[""20220105"",""900573""]",962-D,,cor:monetaryAmount,"{""d_cor_accountingEntries"":""1"",""d_cor_entryDetail"":""962-D"",""d_cor_entryHeader"":""[\""20220105\"",\""900573\""]""}"
7,1,2022-01,2022-01-06,900563,Synthetic demo customer receipt 900563,,,0,,,0,,,,,1200,Demo Accounts Receivable,86730,00,00,0,C001,Demo Customer Aurora,D01,Demo Sales,963,"[""20220106"",""900563""]",,963-C,cor:monetaryAmount,"{""d_cor_accountingEntries"":""1"",""d_cor_entryDetail"":""963-C"",""d_cor_entryHeader"":""[\""20220106\"",\""900563\""]""}"
7,2,2022-01,2022-01-06,900563,Synthetic demo customer receipt 900563,1120,Demo Harbor Ordinary Deposit,86730,00,00,0,B003,Harbor Demo Bank,D01,Demo Sales,,,0,,,0,,,,,963,"[""20220106"",""900563""]",963-D,,cor:monetaryAmount,"{""d_cor_accountingEntries"":""1"",""d_cor_entryDetail"":""963-D"",""d_cor_entryHeader"":""[\""20220106\"",\""900563\""]""}"
8,1,2022-01,2022-01-06,900572,Synthetic demo financing settlement 900572,,,0,,,0,,,,,1120,Demo Harbor Ordinary Deposit,726130,00,00,0,B003,Harbor Demo Bank,D06,Demo Management,964,"[""20220106"",""900572""]",,964-C,cor:monetaryAmount,"{""d_cor_accountingEntries"":""1"",""d_cor_entryDetail"":""964-C"",""d_cor_entryHeader"":""[\""20220106\"",\""900572\""]""}"
8,2,2022-01,2022-01-06,900572,Synthetic demo financing settlement 900572,2200,Demo Short-term Loans,377580,00,00,0,,,D06,Demo Management,,,0,,,0,,,,,964,"[""20220106"",""900572""]",964-D,,cor:monetaryAmount,"{""d_cor_accountingEntries"":""1"",""d_cor_entryDetail"":""964-D"",""d_cor_entryHeader"":""[\""20220106\"",\""900572\""]""}"
8,3,2022-01,2022-01-06,900572,Synthetic demo financing settlement 900572,6070,Demo Bank Fees,7260,00,00,0,B003,Harbor Demo Bank,D06,Demo Management,,,0,,,0,,,,,965,"[""20220106"",""900572""]",965-D,,cor:monetaryAmount,"{""d_cor_accountingEntries"":""1"",""d_cor_entryDetail"":""965-D"",""d_cor_entryHeader"":""[\""20220106\"",\""900572\""]""}"
8,4,2022-01,2022-01-06,900572,Synthetic demo financing settlement 900572,7000,Demo Taxes and Dues,341290,P0,P0,0,,,D06,Demo Management,,,0,,,0,,,,,966,"[""20220106"",""900572""]",966-D,,cor:monetaryAmount,"{""d_cor_accountingEntries"":""1"",""d_cor_entryDetail"":""966-D"",""d_cor_entryHeader"":""[\""20220106\"",\""900572\""]""}"
9,1,2022-01,2022-01-07,900536,Synthetic demo purchase on account 900536,,,0,,,0,,,,,2000,Demo Accounts Payable,46110,00,00,0,V001,Demo Vendor Keystone,D04,Demo Logistics,967,"[""20220107"",""900536""]",,967-C,cor:monetaryAmount,"{""d_cor_accountingEntries"":""1"",""d_cor_entryDetail"":""967-C"",""d_cor_entryHeader"":""[\""20220107\"",\""900536\""]""}"
9,2,2022-01,2022-01-07,900536,Synthetic demo purchase on account 900536,5020,Demo Inventory Adjustment,46110,Q5,Q5,4192,V001,Demo Vendor Keystone,D04,Demo Logistics,,,0,,,0,,,,,967,"[""20220107"",""900536""]",967-D,,cor:monetaryAmount,"{""d_cor_accountingEntries"":""1"",""d_cor_entryDetail"":""967-D"",""d_cor_entryHeader"":""[\""20220107\"",\""900536\""]""}"
10,1,2022-01,2022-01-07,900538,Synthetic demo operating expense 900538,,,0,,,0,,,,,1110,Demo North Current Deposit,57370,00,00,0,B002,North Demo Bank,D03,Demo Operations,968,"[""20220107"",""900538""]",,968-C,cor:monetaryAmount,"{""d_cor_accountingEntries"":""1"",""d_cor_entryDetail"":""968-C"",""d_cor_entryHeader"":""[\""20220107\"",\""900538\""]""}"
10,2,2022-01,2022-01-07,900538,Synthetic demo operating expense 900538,7000,Demo Taxes and Dues,57370,P0,P0,0,V001,Demo Vendor Keystone,D03,Demo Operations,,,0,,,0,,,,,968,"[""20220107"",""900538""]",968-D,,cor:monetaryAmount,"{""d_cor_accountingEntries"":""1"",""d_cor_entryDetail"":""968-D"",""d_cor_entryHeader"":""[\""20220107\"",\""900538\""]""}"
11,1,2022-01,2022-01-07,900548,Synthetic demo operating expense 900548,,,0,,,0,,,,,1120,Demo Harbor Ordinary Deposit,26960,00,00,0,B003,Harbor Demo Bank,D05,Demo Digital Services,969,"[""20220107"",""900548""]",,969-C,cor:monetaryAmount,"{""d_cor_accountingEntries"":""1"",""d_cor_entryDetail"":""969-C"",""d_cor_entryHeader"":""[\""20220107\"",\""900548\""]""}"
11,2,2022-01,2022-01-07,900548,Synthetic demo operating expense 900548,6100,Demo Repairs,26960,Q5,Q5,2451,V001,Demo Vendor Keystone,D05,Demo Digital Services,,,0,,,0,,,,,969,"[""20220107"",""900548""]",969-D,,cor:monetaryAmount,"{""d_cor_accountingEntries"":""1"",""d_cor_entryDetail"":""969-D"",""d_cor_entryHeader"":""[\""20220107\"",\""900548\""]""}"
12,1,2022-01,2022-01-07,900552,Synthetic demo monthly payroll bundle 900552,,,0,,,0,,,,,1100,Demo Central Ordinary Deposit,403430,00,00,0,B001,Demo Central Bank,D02,Demo Administration,970,"[""20220107"",""900552""]",,970-C,cor:monetaryAmount,"{""d_cor_accountingEntries"":""1"",""d_cor_entryDetail"":""970-C"",""d_cor_entryHeader"":""[\""20220107\"",\""900552\""]""}"
12,2,2022-01,2022-01-07,900552,Synthetic demo monthly payroll bundle 900552,6000,Demo Salaries,88750,00,00,0,,,D02,Demo Administration,,,0,,,0,,,,,970,"[""20220107"",""900552""]",970-D,,cor:monetaryAmount,"{""d_cor_accountingEntries"":""1"",""d_cor_entryDetail"":""970-D"",""d_cor_entryHeader"":""[\""20220107\"",\""900552\""]""}"
12,3,2022-01,2022-01-07,900552,Synthetic demo monthly payroll bundle 900552,6010,Demo Statutory Welfare,56480,00,00,0,,,D02,Demo Administration,,,0,,,0,,,,,971,"[""20220107"",""900552""]",971-D,,cor:monetaryAmount,"{""d_cor_accountingEntries"":""1"",""d_cor_entryDetail"":""971-D"",""d_cor_entryHeader"":""[\""20220107\"",\""900552\""]""}"
12,4,2022-01,2022-01-07,900552,Synthetic demo monthly payroll bundle 900552,2110,Demo Payroll Withholding,258200,00,00,0,,,D02,Demo Administration,,,0,,,0,,,,,972,"[""20220107"",""900552""]",972-D,,cor:monetaryAmount,"{""d_cor_accountingEntries"":""1"",""d_cor_entryDetail"":""972-D"",""d_cor_entryHeader"":""[\""20220107\"",\""900552\""]""}"
13,1,2022-01,2022-01-07,900566,Synthetic demo purchase on account 900566,,,0,,,0,,,,,2000,Demo Accounts Payable,154460,00,00,0,V001,Demo Vendor Keystone,D04,Demo Logistics,973,"[""20220107"",""900566""]",,973-C,cor:monetaryAmount,"{""d_cor_accountingEntries"":""1"",""d_cor_entryDetail"":""973-C"",""d_cor_entryHeader"":""[\""20220107\"",\""900566\""]""}"
13,2,2022-01,2022-01-07,900566,Synthetic demo purchase on account 900566,5020,Demo Inventory Adjustment,154460,Q5,Q5,14042,V001,Demo Vendor Keystone,D04,Demo Logistics,,,0,,,0,,,,,973,"[""20220107"",""900566""]",973-D,,cor:monetaryAmount,"{""d_cor_accountingEntries"":""1"",""d_cor_entryDetail"":""973-D"",""d_cor_entryHeader"":""[\""20220107\"",\""900566\""]""}"
14,1,2022-01,2022-01-07,900567,Synthetic demo vendor settlement 900567,,,0,,,0,,,,,1100,Demo Central Ordinary Deposit,132130,00,00,0,B001,Demo Central Bank,D04,Demo Logistics,974,"[""20220107"",""900567""]",,974-C,cor:monetaryAmount,"{""d_cor_accountingEntries"":""1"",""d_cor_entryDetail"":""974-C"",""d_cor_entryHeader"":""[\""20220107\"",\""900567\""]""}"
14,2,2022-01,2022-01-07,900567,Synthetic demo vendor settlement 900567,2000,Demo Accounts Payable,132130,00,00,0,V001,Demo Vendor Keystone,D04,Demo Logistics,,,0,,,0,,,,,974,"[""20220107"",""900567""]",974-D,,cor:monetaryAmount,"{""d_cor_accountingEntries"":""1"",""d_cor_entryDetail"":""974-D"",""d_cor_entryHeader"":""[\""20220107\"",\""900567\""]""}"
15,1,2022-01,2022-01-07,900569,Synthetic demo prepaid service 900569,,,0,,,0,,,,,1120,Demo Harbor Ordinary Deposit,64800,00,00,0,B003,Harbor Demo Bank,D05,Demo Digital Services,975,"[""20220107"",""900569""]",,975-C,cor:monetaryAmount,"{""d_cor_accountingEntries"":""1"",""d_cor_entryDetail"":""975-C"",""d_cor_entryHeader"":""[\""20220107\"",\""900569\""]""}"
15,2,2022-01,2022-01-07,900569,Synthetic demo prepaid service 900569,1400,Demo Prepaid Expenses,64800,00,00,0,S006,Demo Insurance Services,D05,Demo Digital Services,,,0,,,0,,,,,975,"[""20220107"",""900569""]",975-D,,cor:monetaryAmount,"{""d_cor_accountingEntries"":""1"",""d_cor_entryDetail"":""975-D"",""d_cor_entryHeader"":""[\""20220107\"",\""900569\""]""}"
16,1,2022-01,2022-01-07,900590,Synthetic demo credit sale 900590,,,0,,,0,,,,,4020,Demo Other Operating Revenue,441180,B5,B5,40107,C001,Demo Customer Aurora,D01,Demo Sales,976,"[""20220107"",""900590""]",,976-C,cor:monetaryAmount,"{""d_cor_accountingEntries"":""1"",""d_cor_entryDetail"":""976-C"",""d_cor_entryHeader"":""[\""20220107\"",\""900590\""]""}"
16,2,2022-01,2022-01-07,900590,Synthetic demo credit sale 900590,1200,Demo Accounts Receivable,441180,00,00,0,C001,Demo Customer Aurora,D01,Demo Sales,,,0,,,0,,,,,976,"[""20220107"",""900590""]",976-D,,cor:monetaryAmount,"{""d_cor_accountingEntries"":""1"",""d_cor_entryDetail"":""976-D"",""d_cor_entryHeader"":""[\""20220107\"",\""900590\""]""}"
17,1,2022-01,2022-01-08,900532,Synthetic demo credit sale 900532,,,0,,,0,,,,,4010,Demo Service Revenue,278710,B5,B5,25337,C007,Demo Customer Grove,D01,Demo Sales,977,"[""20220108"",""900532""]",,977-C,cor:monetaryAmount,"{""d_cor_accountingEntries"":""1"",""d_cor_entryDetail"":""977-C"",""d_cor_entryHeader"":""[\""20220108\"",\""900532\""]""}"
17,2,2022-01,2022-01-08,900532,Synthetic demo credit sale 900532,1200,Demo Accounts Receivable,278710,00,00,0,C001,Demo Customer Aurora,D01,Demo Sales,,,0,,,0,,,,,977,"[""20220108"",""900532""]",977-D,,cor:monetaryAmount,"{""d_cor_accountingEntries"":""1"",""d_cor_entryDetail"":""977-D"",""d_cor_entryHeader"":""[\""20220108\"",\""900532\""]""}"
18,1,2022-01,2022-01-08,900539,Synthetic demo prepaid service 900539,,,0,,,0,,,,,1120,Demo Harbor Ordinary Deposit,142580,00,00,0,B003,Harbor Demo Bank,D05,Demo Digital Services,978,"[""20220108"",""900539""]",,978-C,cor:monetaryAmount,"{""d_cor_accountingEntries"":""1"",""d_cor_entryDetail"":""978-C"",""d_cor_entryHeader"":""[\""20220108\"",\""900539\""]""}"
18,2,2022-01,2022-01-08,900539,Synthetic demo prepaid service 900539,1400,Demo Prepaid Expenses,142580,00,00,0,S006,Demo Insurance Services,D05,Demo Digital Services,,,0,,,0,,,,,978,"[""20220108"",""900539""]",978-D,,cor:monetaryAmount,"{""d_cor_accountingEntries"":""1"",""d_cor_entryDetail"":""978-D"",""d_cor_entryHeader"":""[\""20220108\"",\""900539\""]""}"
19,1,2022-01,2022-01-08,900545,Synthetic demo purchase on account 900545,,,0,,,0,,,,,2000,Demo Accounts Payable,145800,00,00,0,V001,Demo Vendor Keystone,D04,Demo Logistics,979,"[""20220108"",""900545""]",,979-C,cor:monetaryAmount,"{""d_cor_accountingEntries"":""1"",""d_cor_entryDetail"":""979-C"",""d_cor_entryHeader"":""[\""20220108\"",\""900545\""]""}"
19,2,2022-01,2022-01-08,900545,Synthetic demo purchase on account 900545,5020,Demo Inventory Adjustment,145800,Q5,Q5,13255,V006,Demo Vendor Prairie,D04,Demo Logistics,,,0,,,0,,,,,979,"[""20220108"",""900545""]",979-D,,cor:monetaryAmount,"{""d_cor_accountingEntries"":""1"",""d_cor_entryDetail"":""979-D"",""d_cor_entryHeader"":""[\""20220108\"",\""900545\""]""}"
20,1,2022-01,2022-01-08,900547,Synthetic demo vendor settlement 900547,,,0,,,0,,,,,1110,Demo North Current Deposit,29050,00,00,0,B002,North Demo Bank,D04,Demo Logistics,980,"[""20220108"",""900547""]",,980-C,cor:monetaryAmount,"{""d_cor_accountingEntries"":""1"",""d_cor_entryDetail"":""980-C"",""d_cor_entryHeader"":""[\""20220108\"",\""900547\""]""}"
20,2,2022-01,2022-01-08,900547,Synthetic demo vendor settlement 900547,2000,Demo Accounts Payable,29050,00,00,0,V001,Demo Vendor Keystone,D04,Demo Logistics,,,0,,,0,,,,,980,"[""20220108"",""900547""]",980-D,,cor:monetaryAmount,"{""d_cor_accountingEntries"":""1"",""d_cor_entryDetail"":""980-D"",""d_cor_entryHeader"":""[\""20220108\"",\""900547\""]""}"
21,1,2022-01,2022-01-08,900571,Synthetic demo credit sale 900571,,,0,,,0,,,,,4010,Demo Service Revenue,462720,B5,B5,42065,C004,Demo Customer Dawn,D01,Demo Sales,981,"[""20220108"",""900571""]",,981-C,cor:monetaryAmount,"{""d_cor_accountingEntries"":""1"",""d_cor_entryDetail"":""981-C"",""d_cor_entryHeader"":""[\""20220108\"",\""900571\""]""}"
21,2,2022-01,2022-01-08,900571,Synthetic demo credit sale 900571,1200,Demo Accounts Receivable,462720,00,00,0,C001,Demo Customer Aurora,D01,Demo Sales,,,0,,,0,,,,,981,"[""20220108"",""900571""]",981-D,,cor:monetaryAmount,"{""d_cor_accountingEntries"":""1"",""d_cor_entryDetail"":""981-D"",""d_cor_entryHeader"":""[\""20220108\"",\""900571\""]""}"
22,1,2022-01,2022-01-09,900550,Synthetic demo credit sale 900550,,,0,,,0,,,,,4010,Demo Service Revenue,257130,B5,B5,23375,C001,Demo Customer Aurora,D01,Demo Sales,982,"[""20220109"",""900550""]",,982-C,cor:monetaryAmount,"{""d_cor_accountingEntries"":""1"",""d_cor_entryDetail"":""982-C"",""d_cor_entryHeader"":""[\""20220109\"",\""900550\""]""}"
22,2,2022-01,2022-01-09,900550,Synthetic demo credit sale 900550,1200,Demo Accounts Receivable,257130,00,00,0,C001,Demo Customer Aurora,D01,Demo Sales,,,0,,,0,,,,,982,"[""20220109"",""900550""]",982-D,,cor:monetaryAmount,"{""d_cor_accountingEntries"":""1"",""d_cor_entryDetail"":""982-D"",""d_cor_entryHeader"":""[\""20220109\"",\""900550\""]""}"
23,1,2022-01,2022-01-09,900562,Synthetic demo mixed sales and receipt 900562,1110,Demo North Current Deposit,602730,00,00,0,B002,North Demo Bank,D01,Demo Sales,,,0,,,0,,,,,983,"[""20220109"",""900562""]",983-D,,cor:monetaryAmount,"{""d_cor_accountingEntries"":""1"",""d_cor_entryDetail"":""983-D"",""d_cor_entryHeader"":""[\""20220109\"",\""900562\""]""}"
23,2,2022-01,2022-01-09,900562,Synthetic demo mixed sales and receipt 900562,1200,Demo Accounts Receivable,141390,00,00,0,C001,Demo Customer Aurora,D01,Demo Sales,,,0,,,0,,,,,984,"[""20220109"",""900562""]",984-D,,cor:monetaryAmount,"{""d_cor_accountingEntries"":""1"",""d_cor_entryDetail"":""984-D"",""d_cor_entryHeader"":""[\""20220109\"",\""900562\""]""}"
23,3,2022-01,2022-01-09,900562,Synthetic demo mixed sales and receipt 900562,,,0,,,0,,,,,4000,Demo Product Sales,186030,B5,B5,16912,C004,Demo Customer Dawn,D01,Demo Sales,985,"[""20220109"",""900562""]",,985-C,cor:monetaryAmount,"{""d_cor_accountingEntries"":""1"",""d_cor_entryDetail"":""985-C"",""d_cor_entryHeader"":""[\""20220109\"",\""900562\""]""}"
23,4,2022-01,2022-01-09,900562,Synthetic demo mixed sales and receipt 900562,,,0,,,0,,,,,4010,Demo Service Revenue,558090,B5,B5,50735,C005,Demo Customer Elm,D01,Demo Sales,986,"[""20220109"",""900562""]",,986-C,cor:monetaryAmount,"{""d_cor_accountingEntries"":""1"",""d_cor_entryDetail"":""986-C"",""d_cor_entryHeader"":""[\""20220109\"",\""900562\""]""}"
24,1,2022-01,2022-01-09,900589,Synthetic demo prepaid service 900589,,,0,,,0,,,,,1110,Demo North Current Deposit,199900,00,00,0,B002,North Demo Bank,D05,Demo Digital Services,987,"[""20220109"",""900589""]",,987-C,cor:monetaryAmount,"{""d_cor_accountingEntries"":""1"",""d_cor_entryDetail"":""987-C"",""d_cor_entryHeader"":""[\""20220109\"",\""900589\""]""}"
24,2,2022-01,2022-01-09,900589,Synthetic demo prepaid service 900589,1400,Demo Prepaid Expenses,199900,00,00,0,S002,Demo Energy Services,D05,Demo Digital Services,,,0,,,0,,,,,987,"[""20220109"",""900589""]",987-D,,cor:monetaryAmount,"{""d_cor_accountingEntries"":""1"",""d_cor_entryDetail"":""987-D"",""d_cor_entryHeader"":""[\""20220109\"",\""900589\""]""}"
25,1,2022-01,2022-01-10,900553,Synthetic demo customer receipt 900553,,,0,,,0,,,,,1200,Demo Accounts Receivable,60010,00,00,0,C001,Demo Customer Aurora,D01,Demo Sales,988,"[""20220110"",""900553""]",,988-C,cor:monetaryAmount,"{""d_cor_accountingEntries"":""1"",""d_cor_entryDetail"":""988-C"",""d_cor_entryHeader"":""[\""20220110\"",\""900553\""]""}"
25,2,2022-01,2022-01-10,900553,Synthetic demo customer receipt 900553,1110,Demo North Current Deposit,60010,00,00,0,B002,North Demo Bank,D01,Demo Sales,,,0,,,0,,,,,988,"[""20220110"",""900553""]",988-D,,cor:monetaryAmount,"{""d_cor_accountingEntries"":""1"",""d_cor_entryDetail"":""988-D"",""d_cor_entryHeader"":""[\""20220110\"",\""900553\""]""}"
26,1,2022-01,2022-01-10,900558,Synthetic demo operating expense 900558,,,0,,,0,,,,,1100,Demo Central Ordinary Deposit,178370,00,00,0,B001,Demo Central Bank,D02,Demo Administration,989,"[""20220110"",""900558""]",,989-C,cor:monetaryAmount,"{""d_cor_accountingEntries"":""1"",""d_cor_entryDetail"":""989-C"",""d_cor_entryHeader"":""[\""20220110\"",\""900558\""]""}"
26,2,2022-01,2022-01-10,900558,Synthetic demo operating expense 900558,6020,Demo Office Rent,178370,Q5,Q5,16215,V001,Demo Vendor Keystone,D02,Demo Administration,,,0,,,0,,,,,989,"[""20220110"",""900558""]",989-D,,cor:monetaryAmount,"{""d_cor_accountingEntries"":""1"",""d_cor_entryDetail"":""989-D"",""d_cor_entryHeader"":""[\""20220110\"",\""900558\""]""}"
27,1,2022-01,2022-01-11,900565,Synthetic demo operating cost bundle 900565,,,0,,,0,,,,,1110,Demo North Current Deposit,452200,00,00,0,B002,North Demo Bank,D03,Demo Operations,990,"[""20220111"",""900565""]",,990-C,cor:monetaryAmount,"{""d_cor_accountingEntries"":""1"",""d_cor_entryDetail"":""990-C"",""d_cor_entryHeader"":""[\""20220111\"",\""900565\""]""}"
27,2,2022-01,2022-01-11,900565,Synthetic demo operating cost bundle 900565,6030,Demo Utilities,67830,Q5,Q5,6166,S002,Demo Energy Services,D03,Demo Operations,,,0,,,0,,,,,990,"[""20220111"",""900565""]",990-D,,cor:monetaryAmount,"{""d_cor_accountingEntries"":""1"",""d_cor_entryDetail"":""990-D"",""d_cor_entryHeader"":""[\""20220111\"",\""900565\""]""}"
27,3,2022-01,2022-01-11,900565,Synthetic demo operating cost bundle 900565,6040,Demo Communication,126610,Q5,Q5,11510,S003,Demo Network Services,D03,Demo Operations,,,0,,,0,,,,,991,"[""20220111"",""900565""]",991-D,,cor:monetaryAmount,"{""d_cor_accountingEntries"":""1"",""d_cor_entryDetail"":""991-D"",""d_cor_entryHeader"":""[\""20220111\"",\""900565\""]""}"
27,4,2022-01,2022-01-11,900565,Synthetic demo operating cost bundle 900565,6060,Demo Office Supplies,257760,Q5,Q5,23433,V006,Demo Vendor Prairie,D03,Demo Operations,,,0,,,0,,,,,992,"[""20220111"",""900565""]",992-D,,cor:monetaryAmount,"{""d_cor_accountingEntries"":""1"",""d_cor_entryDetail"":""992-D"",""d_cor_entryHeader"":""[\""20220111\"",\""900565\""]""}"
28,1,2022-01,2022-01-11,900577,Synthetic demo vendor settlement 900577,,,0,,,0,,,,,1110,Demo North Current Deposit,300330,00,00,0,B002,North Demo Bank,D04,Demo Logistics,993,"[""20220111"",""900577""]",,993-C,cor:monetaryAmount,"{""d_cor_accountingEntries"":""1"",""d_cor_entryDetail"":""993-C"",""d_cor_entryHeader"":""[\""20220111\"",\""900577\""]""}"
28,2,2022-01,2022-01-11,900577,Synthetic demo vendor settlement 900577,2000,Demo Accounts Payable,300330,00,00,0,V001,Demo Vendor Keystone,D04,Demo Logistics,,,0,,,0,,,,,993,"[""20220111"",""900577""]",993-D,,cor:monetaryAmount,"{""d_cor_accountingEntries"":""1"",""d_cor_entryDetail"":""993-D"",""d_cor_entryHeader"":""[\""20220111\"",\""900577\""]""}"
29,1,2022-01,2022-01-11,900579,Synthetic demo prepaid service 900579,,,0,,,0,,,,,1100,Demo Central Ordinary Deposit,234850,00,00,0,B001,Demo Central Bank,D05,Demo Digital Services,994,"[""20220111"",""900579""]",,994-C,cor:monetaryAmount,"{""d_cor_accountingEntries"":""1"",""d_cor_entryDetail"":""994-C"",""d_cor_entryHeader"":""[\""20220111\"",\""900579\""]""}"
29,2,2022-01,2022-01-11,900579,Synthetic demo prepaid service 900579,1400,Demo Prepaid Expenses,234850,00,00,0,S004,Demo Logistics Services,D05,Demo Digital Services,,,0,,,0,,,,,994,"[""20220111"",""900579""]",994-D,,cor:monetaryAmount,"{""d_cor_accountingEntries"":""1"",""d_cor_entryDetail"":""994-D"",""d_cor_entryHeader"":""[\""20220111\"",\""900579\""]""}"
30,1,2022-01,2022-01-12,900551,Synthetic demo credit sale 900551,,,0,,,0,,,,,4020,Demo Other Operating Revenue,199900,B5,B5,18173,C004,Demo Customer Dawn,D01,Demo Sales,995,"[""20220112"",""900551""]",,995-C,cor:monetaryAmount,"{""d_cor_accountingEntries"":""1"",""d_cor_entryDetail"":""995-C"",""d_cor_entryHeader"":""[\""20220112\"",\""900551\""]""}"
30,2,2022-01,2022-01-12,900551,Synthetic demo credit sale 900551,1200,Demo Accounts Receivable,199900,00,00,0,C001,Demo Customer Aurora,D01,Demo Sales,,,0,,,0,,,,,995,"[""20220112"",""900551""]",995-D,,cor:monetaryAmount,"{""d_cor_accountingEntries"":""1"",""d_cor_entryDetail"":""995-D"",""d_cor_entryHeader"":""[\""20220112\"",\""900551\""]""}"
31,1,2022-01,2022-01-13,900556,Synthetic demo mixed sales and receipt 900556,1110,Demo North Current Deposit,381270,00,00,0,B002,North Demo Bank,D01,Demo Sales,,,0,,,0,,,,,996,"[""20220113"",""900556""]",996-D,,cor:monetaryAmount,"{""d_cor_accountingEntries"":""1"",""d_cor_entryDetail"":""996-D"",""d_cor_entryHeader"":""[\""20220113\"",\""900556\""]""}"
31,2,2022-01,2022-01-13,900556,Synthetic demo mixed sales and receipt 900556,1200,Demo Accounts Receivable,324790,00,00,0,C001,Demo Customer Aurora,D01,Demo Sales,,,0,,,0,,,,,997,"[""20220113"",""900556""]",997-D,,cor:monetaryAmount,"{""d_cor_accountingEntries"":""1"",""d_cor_entryDetail"":""997-D"",""d_cor_entryHeader"":""[\""20220113\"",\""900556\""]""}"
31,3,2022-01,2022-01-13,900556,Synthetic demo mixed sales and receipt 900556,,,0,,,0,,,,,4000,Demo Product Sales,105900,B5,B5,9627,C008,Demo Customer Halo,D01,Demo Sales,998,"[""20220113"",""900556""]",,998-C,cor:monetaryAmount,"{""d_cor_accountingEntries"":""1"",""d_cor_entryDetail"":""998-C"",""d_cor_entryHeader"":""[\""20220113\"",\""900556\""]""}"
31,4,2022-01,2022-01-13,900556,Synthetic demo mixed sales and receipt 900556,,,0,,,0,,,,,4010,Demo Service Revenue,600160,B5,B5,54560,C009,Demo Customer Indigo,D01,Demo Sales,999,"[""20220113"",""900556""]",,999-C,cor:monetaryAmount,"{""d_cor_accountingEntries"":""1"",""d_cor_entryDetail"":""999-C"",""d_cor_entryHeader"":""[\""20220113\"",\""900556\""]""}"
32,1,2022-01,2022-01-13,900575,Synthetic demo purchase on account 900575,,,0,,,0,,,,,2000,Demo Accounts Payable,133180,00,00,0,V001,Demo Vendor Keystone,D04,Demo Logistics,1000,"[""20220113"",""900575""]",,1000-C,cor:monetaryAmount,"{""d_cor_accountingEntries"":""1"",""d_cor_entryDetail"":""1000-C"",""d_cor_entryHeader"":""[\""20220113\"",\""900575\""]""}"
32,2,2022-01,2022-01-13,900575,Synthetic demo purchase on account 900575,5020,Demo Inventory Adjustment,133180,Q6,Q6,9865,V006,Demo Vendor Prairie,D04,Demo Logistics,,,0,,,0,,,,,1000,"[""20220113"",""900575""]",1000-D,,cor:monetaryAmount,"{""d_cor_accountingEntries"":""1"",""d_cor_entryDetail"":""1000-D"",""d_cor_entryHeader"":""[\""20220113\"",\""900575\""]""}"
33,1,2022-01,2022-01-14,900559,Synthetic demo operating cost bundle 900559,,,0,,,0,,,,,1110,Demo North Current Deposit,522990,00,00,0,B002,North Demo Bank,D03,Demo Operations,1001,"[""20220114"",""900559""]",,1001-C,cor:monetaryAmount,"{""d_cor_accountingEntries"":""1"",""d_cor_entryDetail"":""1001-C"",""d_cor_entryHeader"":""[\""20220114\"",\""900559\""]""}"
33,2,2022-01,2022-01-14,900559,Synthetic demo operating cost bundle 900559,6030,Demo Utilities,230110,Q5,Q5,20919,S002,Demo Energy Services,D03,Demo Operations,,,0,,,0,,,,,1001,"[""20220114"",""900559""]",1001-D,,cor:monetaryAmount,"{""d_cor_accountingEntries"":""1"",""d_cor_entryDetail"":""1001-D"",""d_cor_entryHeader"":""[\""20220114\"",\""900559\""]""}"
33,3,2022-01,2022-01-14,900559,Synthetic demo operating cost bundle 900559,6040,Demo Communication,26140,Q5,Q5,2376,S003,Demo Network Services,D03,Demo Operations,,,0,,,0,,,,,1002,"[""20220114"",""900559""]",1002-D,,cor:monetaryAmount,"{""d_cor_accountingEntries"":""1"",""d_cor_entryDetail"":""1002-D"",""d_cor_entryHeader"":""[\""20220114\"",\""900559\""]""}"
33,4,2022-01,2022-01-14,900559,Synthetic demo operating cost bundle 900559,6060,Demo Office Supplies,266740,Q5,Q5,24249,V010,Demo Vendor Tandem,D03,Demo Operations,,,0,,,0,,,,,1003,"[""20220114"",""900559""]",1003-D,,cor:monetaryAmount,"{""d_cor_accountingEntries"":""1"",""d_cor_entryDetail"":""1003-D"",""d_cor_entryHeader"":""[\""20220114\"",\""900559\""]""}"
34,1,2022-01,2022-01-14,900576,Synthetic demo purchase on account 900576,,,0,,,0,,,,,2000,Demo Accounts Payable,394400,00,00,0,V001,Demo Vendor Keystone,D04,Demo Logistics,1004,"[""20220114"",""900576""]",,1004-C,cor:monetaryAmount,"{""d_cor_accountingEntries"":""1"",""d_cor_entryDetail"":""1004-C"",""d_cor_entryHeader"":""[\""20220114\"",\""900576\""]""}"
34,2,2022-01,2022-01-14,900576,Synthetic demo purchase on account 900576,5000,Demo Purchases,394400,Q5,Q5,35855,V001,Demo Vendor Keystone,D04,Demo Logistics,,,0,,,0,,,,,1004,"[""20220114"",""900576""]",1004-D,,cor:monetaryAmount,"{""d_cor_accountingEntries"":""1"",""d_cor_entryDetail"":""1004-D"",""d_cor_entryHeader"":""[\""20220114\"",\""900576\""]""}"
35,1,2022-01,2022-01-15,900578,Synthetic demo financing settlement 900578,,,0,,,0,,,,,1120,Demo Harbor Ordinary Deposit,271640,00,00,0,B003,Harbor Demo Bank,D06,Demo Management,1005,"[""20220115"",""900578""]",,1005-C,cor:monetaryAmount,"{""d_cor_accountingEntries"":""1"",""d_cor_entryDetail"":""1005-C"",""d_cor_entryHeader"":""[\""20220115\"",\""900578\""]""}"
35,2,2022-01,2022-01-15,900578,Synthetic demo financing settlement 900578,2200,Demo Short-term Loans,152110,00,00,0,,,D06,Demo Management,,,0,,,0,,,,,1005,"[""20220115"",""900578""]",1005-D,,cor:monetaryAmount,"{""d_cor_accountingEntries"":""1"",""d_cor_entryDetail"":""1005-D"",""d_cor_entryHeader"":""[\""20220115\"",\""900578\""]""}"
35,3,2022-01,2022-01-15,900578,Synthetic demo financing settlement 900578,6070,Demo Bank Fees,51610,00,00,0,B003,Harbor Demo Bank,D06,Demo Management,,,0,,,0,,,,,1006,"[""20220115"",""900578""]",1006-D,,cor:monetaryAmount,"{""d_cor_accountingEntries"":""1"",""d_cor_entryDetail"":""1006-D"",""d_cor_entryHeader"":""[\""20220115\"",\""900578\""]""}"
35,4,2022-01,2022-01-15,900578,Synthetic demo financing settlement 900578,7000,Demo Taxes and Dues,67920,P0,P0,0,,,D06,Demo Management,,,0,,,0,,,,,1007,"[""20220115"",""900578""]",1007-D,,cor:monetaryAmount,"{""d_cor_accountingEntries"":""1"",""d_cor_entryDetail"":""1007-D"",""d_cor_entryHeader"":""[\""20220115\"",\""900578\""]""}"
36,1,2022-01,2022-01-16,900537,Synthetic demo multi-vendor settlement 900537,2000,Demo Accounts Payable,217690,00,00,0,V001,Demo Vendor Keystone,D01,Demo Sales,,,0,,,0,,,,,1008,"[""20220116"",""900537""]",1008-D,,cor:monetaryAmount,"{""d_cor_accountingEntries"":""1"",""d_cor_entryDetail"":""1008-D"",""d_cor_entryHeader"":""[\""20220116\"",\""900537\""]""}"
36,2,2022-01,2022-01-16,900537,Synthetic demo multi-vendor settlement 900537,2100,Demo Accrued Payables,209160,00,00,0,V001,Demo Vendor Keystone,D01,Demo Sales,,,0,,,0,,,,,1009,"[""20220116"",""900537""]",1009-D,,cor:monetaryAmount,"{""d_cor_accountingEntries"":""1"",""d_cor_entryDetail"":""1009-D"",""d_cor_entryHeader"":""[\""20220116\"",\""900537\""]""}"
36,3,2022-01,2022-01-16,900537,Synthetic demo multi-vendor settlement 900537,,,0,,,0,,,,,1100,Demo Central Ordinary Deposit,115240,00,00,0,B001,Demo Central Bank,D01,Demo Sales,1010,"[""20220116"",""900537""]",,1010-C,cor:monetaryAmount,"{""d_cor_accountingEntries"":""1"",""d_cor_entryDetail"":""1010-C"",""d_cor_entryHeader"":""[\""20220116\"",\""900537\""]""}"
36,4,2022-01,2022-01-16,900537,Synthetic demo multi-vendor settlement 900537,,,0,,,0,,,,,1110,Demo North Current Deposit,311610,00,00,0,B002,North Demo Bank,D01,Demo Sales,1011,"[""20220116"",""900537""]",,1011-C,cor:monetaryAmount,"{""d_cor_accountingEntries"":""1"",""d_cor_entryDetail"":""1011-C"",""d_cor_entryHeader"":""[\""20220116\"",\""900537\""]""}"
37,1,2022-01,2022-01-16,900587,Synthetic demo multi-vendor settlement 900587,2000,Demo Accounts Payable,59520,00,00,0,V001,Demo Vendor Keystone,D01,Demo Sales,,,0,,,0,,,,,1012,"[""20220116"",""900587""]",1012-D,,cor:monetaryAmount,"{""d_cor_accountingEntries"":""1"",""d_cor_entryDetail"":""1012-D"",""d_cor_entryHeader"":""[\""20220116\"",\""900587\""]""}"
37,2,2022-01,2022-01-16,900587,Synthetic demo multi-vendor settlement 900587,2100,Demo Accrued Payables,115540,00,00,0,V001,Demo Vendor Keystone,D01,Demo Sales,,,0,,,0,,,,,1013,"[""20220116"",""900587""]",1013-D,,cor:monetaryAmount,"{""d_cor_accountingEntries"":""1"",""d_cor_entryDetail"":""1013-D"",""d_cor_entryHeader"":""[\""20220116\"",\""900587\""]""}"
37,3,2022-01,2022-01-16,900587,Synthetic demo multi-vendor settlement 900587,,,0,,,0,,,,,1120,Demo Harbor Ordinary Deposit,77020,00,00,0,B003,Harbor Demo Bank,D01,Demo Sales,1014,"[""20220116"",""900587""]",,1014-C,cor:monetaryAmount,"{""d_cor_accountingEntries"":""1"",""d_cor_entryDetail"":""1014-C"",""d_cor_entryHeader"":""[\""20220116\"",\""900587\""]""}"
37,4,2022-01,2022-01-16,900587,Synthetic demo multi-vendor settlement 900587,,,0,,,0,,,,,1100,Demo Central Ordinary Deposit,98040,00,00,0,B001,Demo Central Bank,D01,Demo Sales,1015,"[""20220116"",""900587""]",,1015-C,cor:monetaryAmount,"{""d_cor_accountingEntries"":""1"",""d_cor_entryDetail"":""1015-C"",""d_cor_entryHeader"":""[\""20220116\"",\""900587\""]""}"
38,1,2022-01,2022-01-17,900544,Synthetic demo customer receipt 900544,,,0,,,0,,,,,1200,Demo Accounts Receivable,175540,00,00,0,C001,Demo Customer Aurora,D01,Demo Sales,1016,"[""20220117"",""900544""]",,1016-C,cor:monetaryAmount,"{""d_cor_accountingEntries"":""1"",""d_cor_entryDetail"":""1016-C"",""d_cor_entryHeader"":""[\""20220117\"",\""900544\""]""}"
38,2,2022-01,2022-01-17,900544,Synthetic demo customer receipt 900544,1110,Demo North Current Deposit,175540,00,00,0,B002,North Demo Bank,D01,Demo Sales,,,0,,,0,,,,,1016,"[""20220117"",""900544""]",1016-D,,cor:monetaryAmount,"{""d_cor_accountingEntries"":""1"",""d_cor_entryDetail"":""1016-D"",""d_cor_entryHeader"":""[\""20220117\"",\""900544\""]""}"
39,1,2022-01,2022-01-17,900557,Synthetic demo vendor settlement 900557,,,0,,,0,,,,,1120,Demo Harbor Ordinary Deposit,308740,00,00,0,B003,Harbor Demo Bank,D04,Demo Logistics,1017,"[""20220117"",""900557""]",,1017-C,cor:monetaryAmount,"{""d_cor_accountingEntries"":""1"",""d_cor_entryDetail"":""1017-C"",""d_cor_entryHeader"":""[\""20220117\"",\""900557\""]""}"
39,2,2022-01,2022-01-17,900557,Synthetic demo vendor settlement 900557,2000,Demo Accounts Payable,308740,00,00,0,V001,Demo Vendor Keystone,D04,Demo Logistics,,,0,,,0,,,,,1017,"[""20220117"",""900557""]",1017-D,,cor:monetaryAmount,"{""d_cor_accountingEntries"":""1"",""d_cor_entryDetail"":""1017-D"",""d_cor_entryHeader"":""[\""20220117\"",\""900557\""]""}"
40,1,2022-01,2022-01-19,900546,Synthetic demo monthly payroll bundle 900546,,,0,,,0,,,,,1100,Demo Central Ordinary Deposit,762150,00,00,0,B001,Demo Central Bank,D02,Demo Administration,1018,"[""20220119"",""900546""]",,1018-C,cor:monetaryAmount,"{""d_cor_accountingEntries"":""1"",""d_cor_entryDetail"":""1018-C"",""d_cor_entryHeader"":""[\""20220119\"",\""900546\""]""}"
40,2,2022-01,2022-01-19,900546,Synthetic demo monthly payroll bundle 900546,6000,Demo Salaries,198150,00,00,0,,,D02,Demo Administration,,,0,,,0,,,,,1018,"[""20220119"",""900546""]",1018-D,,cor:monetaryAmount,"{""d_cor_accountingEntries"":""1"",""d_cor_entryDetail"":""1018-D"",""d_cor_entryHeader"":""[\""20220119\"",\""900546\""]""}"
40,3,2022-01,2022-01-19,900546,Synthetic demo monthly payroll bundle 900546,6010,Demo Statutory Welfare,381070,00,00,0,,,D02,Demo Administration,,,0,,,0,,,,,1019,"[""20220119"",""900546""]",1019-D,,cor:monetaryAmount,"{""d_cor_accountingEntries"":""1"",""d_cor_entryDetail"":""1019-D"",""d_cor_entryHeader"":""[\""20220119\"",\""900546\""]""}"
40,4,2022-01,2022-01-19,900546,Synthetic demo monthly payroll bundle 900546,2110,Demo Payroll Withholding,182930,00,00,0,,,D02,Demo Administration,,,0,,,0,,,,,1020,"[""20220119"",""900546""]",1020-D,,cor:monetaryAmount,"{""d_cor_accountingEntries"":""1"",""d_cor_entryDetail"":""1020-D"",""d_cor_entryHeader"":""[\""20220119\"",\""900546\""]""}"
41,1,2022-01,2022-01-20,900540,Synthetic demo monthly payroll bundle 900540,,,0,,,0,,,,,1100,Demo Central Ordinary Deposit,270050,00,00,0,B001,Demo Central Bank,D02,Demo Administration,1021,"[""20220120"",""900540""]",,1021-C,cor:monetaryAmount,"{""d_cor_accountingEntries"":""1"",""d_cor_entryDetail"":""1021-C"",""d_cor_entryHeader"":""[\""20220120\"",\""900540\""]""}"
41,2,2022-01,2022-01-20,900540,Synthetic demo monthly payroll bundle 900540,6000,Demo Salaries,105310,00,00,0,,,D02,Demo Administration,,,0,,,0,,,,,1021,"[""20220120"",""900540""]",1021-D,,cor:monetaryAmount,"{""d_cor_accountingEntries"":""1"",""d_cor_entryDetail"":""1021-D"",""d_cor_entryHeader"":""[\""20220120\"",\""900540\""]""}"
41,3,2022-01,2022-01-20,900540,Synthetic demo monthly payroll bundle 900540,6010,Demo Statutory Welfare,27000,00,00,0,,,D02,Demo Administration,,,0,,,0,,,,,1022,"[""20220120"",""900540""]",1022-D,,cor:monetaryAmount,"{""d_cor_accountingEntries"":""1"",""d_cor_entryDetail"":""1022-D"",""d_cor_entryHeader"":""[\""20220120\"",\""900540\""]""}"
41,4,2022-01,2022-01-20,900540,Synthetic demo monthly payroll bundle 900540,2110,Demo Payroll Withholding,137740,00,00,0,,,D02,Demo Administration,,,0,,,0,,,,,1023,"[""20220120"",""900540""]",1023-D,,cor:monetaryAmount,"{""d_cor_accountingEntries"":""1"",""d_cor_entryDetail"":""1023-D"",""d_cor_entryHeader"":""[\""20220120\"",\""900540\""]""}"
42,1,2022-01,2022-01-20,900543,Synthetic demo multi-vendor settlement 900543,2000,Demo Accounts Payable,471830,00,00,0,V001,Demo Vendor Keystone,D01,Demo Sales,,,0,,,0,,,,,1024,"[""20220120"",""900543""]",1024-D,,cor:monetaryAmount,"{""d_cor_accountingEntries"":""1"",""d_cor_entryDetail"":""1024-D"",""d_cor_entryHeader"":""[\""20220120\"",\""900543\""]""}"
42,2,2022-01,2022-01-20,900543,Synthetic demo multi-vendor settlement 900543,2100,Demo Accrued Payables,222050,00,00,0,V007,Demo Vendor Quartz,D01,Demo Sales,,,0,,,0,,,,,1025,"[""20220120"",""900543""]",1025-D,,cor:monetaryAmount,"{""d_cor_accountingEntries"":""1"",""d_cor_entryDetail"":""1025-D"",""d_cor_entryHeader"":""[\""20220120\"",\""900543\""]""}"
42,3,2022-01,2022-01-20,900543,Synthetic demo multi-vendor settlement 900543,,,0,,,0,,,,,1100,Demo Central Ordinary Deposit,451020,00,00,0,B001,Demo Central Bank,D01,Demo Sales,1026,"[""20220120"",""900543""]",,1026-C,cor:monetaryAmount,"{""d_cor_accountingEntries"":""1"",""d_cor_entryDetail"":""1026-C"",""d_cor_entryHeader"":""[\""20220120\"",\""900543\""]""}"
42,4,2022-01,2022-01-20,900543,Synthetic demo multi-vendor settlement 900543,,,0,,,0,,,,,1110,Demo North Current Deposit,242860,00,00,0,B002,North Demo Bank,D01,Demo Sales,1027,"[""20220120"",""900543""]",,1027-C,cor:monetaryAmount,"{""d_cor_accountingEntries"":""1"",""d_cor_entryDetail"":""1027-C"",""d_cor_entryHeader"":""[\""20220120\"",\""900543\""]""}"
43,1,2022-01,2022-01-20,900554,Synthetic demo customer receipt 900554,,,0,,,0,,,,,1200,Demo Accounts Receivable,242600,00,00,0,C001,Demo Customer Aurora,D01,Demo Sales,1028,"[""20220120"",""900554""]",,1028-C,cor:monetaryAmount,"{""d_cor_accountingEntries"":""1"",""d_cor_entryDetail"":""1028-C"",""d_cor_entryHeader"":""[\""20220120\"",\""900554\""]""}"
43,2,2022-01,2022-01-20,900554,Synthetic demo customer receipt 900554,1120,Demo Harbor Ordinary Deposit,242600,00,00,0,B003,Harbor Demo Bank,D01,Demo Sales,,,0,,,0,,,,,1028,"[""20220120"",""900554""]",1028-D,,cor:monetaryAmount,"{""d_cor_accountingEntries"":""1"",""d_cor_entryDetail"":""1028-D"",""d_cor_entryHeader"":""[\""20220120\"",\""900554\""]""}"
44,1,2022-01,2022-01-20,900574,Synthetic demo mixed sales and receipt 900574,1110,Demo North Current Deposit,93230,00,00,0,B002,North Demo Bank,D01,Demo Sales,,,0,,,0,,,,,1029,"[""20220120"",""900574""]",1029-D,,cor:monetaryAmount,"{""d_cor_accountingEntries"":""1"",""d_cor_entryDetail"":""1029-D"",""d_cor_entryHeader"":""[\""20220120\"",\""900574\""]""}"
44,2,2022-01,2022-01-20,900574,Synthetic demo mixed sales and receipt 900574,1200,Demo Accounts Receivable,158760,00,00,0,C001,Demo Customer Aurora,D01,Demo Sales,,,0,,,0,,,,,1030,"[""20220120"",""900574""]",1030-D,,cor:monetaryAmount,"{""d_cor_accountingEntries"":""1"",""d_cor_entryDetail"":""1030-D"",""d_cor_entryHeader"":""[\""20220120\"",\""900574\""]""}"
44,3,2022-01,2022-01-20,900574,Synthetic demo mixed sales and receipt 900574,,,0,,,0,,,,,4000,Demo Product Sales,148670,B5,B5,13515,C006,Demo Customer Fjord,D01,Demo Sales,1031,"[""20220120"",""900574""]",,1031-C,cor:monetaryAmount,"{""d_cor_accountingEntries"":""1"",""d_cor_entryDetail"":""1031-C"",""d_cor_entryHeader"":""[\""20220120\"",\""900574\""]""}"
44,4,2022-01,2022-01-20,900574,Synthetic demo mixed sales and receipt 900574,,,0,,,0,,,,,4010,Demo Service Revenue,103320,B5,B5,9393,C007,Demo Customer Grove,D01,Demo Sales,1032,"[""20220120"",""900574""]",,1032-C,cor:monetaryAmount,"{""d_cor_accountingEntries"":""1"",""d_cor_entryDetail"":""1032-C"",""d_cor_entryHeader"":""[\""20220120\"",\""900574\""]""}"
45,1,2022-01,2022-01-22,900561,Synthetic demo credit sale 900561,,,0,,,0,,,,,4000,Demo Product Sales,470100,B5,B5,42736,C004,Demo Customer Dawn,D01,Demo Sales,1033,"[""20220122"",""900561""]",,1033-C,cor:monetaryAmount,"{""d_cor_accountingEntries"":""1"",""d_cor_entryDetail"":""1033-C"",""d_cor_entryHeader"":""[\""20220122\"",\""900561\""]""}"
45,2,2022-01,2022-01-22,900561,Synthetic demo credit sale 900561,1200,Demo Accounts Receivable,470100,00,00,0,C001,Demo Customer Aurora,D01,Demo Sales,,,0,,,0,,,,,1033,"[""20220122"",""900561""]",1033-D,,cor:monetaryAmount,"{""d_cor_accountingEntries"":""1"",""d_cor_entryDetail"":""1033-D"",""d_cor_entryHeader"":""[\""20220122\"",\""900561\""]""}"
46,1,2022-01,2022-01-22,900570,Synthetic demo credit sale 900570,,,0,,,0,,,,,4000,Demo Product Sales,594780,B5,B5,54071,C001,Demo Customer Aurora,D01,Demo Sales,1034,"[""20220122"",""900570""]",,1034-C,cor:monetaryAmount,"{""d_cor_accountingEntries"":""1"",""d_cor_entryDetail"":""1034-C"",""d_cor_entryHeader"":""[\""20220122\"",\""900570\""]""}"
46,2,2022-01,2022-01-22,900570,Synthetic demo credit sale 900570,1200,Demo Accounts Receivable,594780,00,00,0,C001,Demo Customer Aurora,D01,Demo Sales,,,0,,,0,,,,,1034,"[""20220122"",""900570""]",1034-D,,cor:monetaryAmount,"{""d_cor_accountingEntries"":""1"",""d_cor_entryDetail"":""1034-D"",""d_cor_entryHeader"":""[\""20220122\"",\""900570\""]""}"
47,1,2022-01,2022-01-22,900585,Synthetic demo purchase on account 900585,,,0,,,0,,,,,2000,Demo Accounts Payable,184820,00,00,0,V001,Demo Vendor Keystone,D04,Demo Logistics,1035,"[""20220122"",""900585""]",,1035-C,cor:monetaryAmount,"{""d_cor_accountingEntries"":""1"",""d_cor_entryDetail"":""1035-C"",""d_cor_entryHeader"":""[\""20220122\"",\""900585\""]""}"
47,2,2022-01,2022-01-22,900585,Synthetic demo purchase on account 900585,5000,Demo Purchases,184820,Q5,Q5,16802,V006,Demo Vendor Prairie,D04,Demo Logistics,,,0,,,0,,,,,1035,"[""20220122"",""900585""]",1035-D,,cor:monetaryAmount,"{""d_cor_accountingEntries"":""1"",""d_cor_entryDetail"":""1035-D"",""d_cor_entryHeader"":""[\""20220122\"",\""900585\""]""}"
48,1,2022-01,2022-01-24,900549,Synthetic demo multi-vendor settlement 900549,2000,Demo Accounts Payable,189650,00,00,0,V001,Demo Vendor Keystone,D01,Demo Sales,,,0,,,0,,,,,1036,"[""20220124"",""900549""]",1036-D,,cor:monetaryAmount,"{""d_cor_accountingEntries"":""1"",""d_cor_entryDetail"":""1036-D"",""d_cor_entryHeader"":""[\""20220124\"",\""900549\""]""}"
48,2,2022-01,2022-01-24,900549,Synthetic demo multi-vendor settlement 900549,2100,Demo Accrued Payables,102130,00,00,0,V003,Demo Vendor Mosaic,D01,Demo Sales,,,0,,,0,,,,,1037,"[""20220124"",""900549""]",1037-D,,cor:monetaryAmount,"{""d_cor_accountingEntries"":""1"",""d_cor_entryDetail"":""1037-D"",""d_cor_entryHeader"":""[\""20220124\"",\""900549\""]""}"
48,3,2022-01,2022-01-24,900549,Synthetic demo multi-vendor settlement 900549,,,0,,,0,,,,,1100,Demo Central Ordinary Deposit,148800,00,00,0,B001,Demo Central Bank,D01,Demo Sales,1038,"[""20220124"",""900549""]",,1038-C,cor:monetaryAmount,"{""d_cor_accountingEntries"":""1"",""d_cor_entryDetail"":""1038-C"",""d_cor_entryHeader"":""[\""20220124\"",\""900549\""]""}"
48,4,2022-01,2022-01-24,900549,Synthetic demo multi-vendor settlement 900549,,,0,,,0,,,,,1110,Demo North Current Deposit,142980,00,00,0,B002,North Demo Bank,D01,Demo Sales,1039,"[""20220124"",""900549""]",,1039-C,cor:monetaryAmount,"{""d_cor_accountingEntries"":""1"",""d_cor_entryDetail"":""1039-C"",""d_cor_entryHeader"":""[\""20220124\"",\""900549\""]""}"
49,1,2022-01,2022-01-25,900564,Synthetic demo customer receipt 900564,,,0,,,0,,,,,1200,Demo Accounts Receivable,94750,00,00,0,C001,Demo Customer Aurora,D01,Demo Sales,1040,"[""20220125"",""900564""]",,1040-C,cor:monetaryAmount,"{""d_cor_accountingEntries"":""1"",""d_cor_entryDetail"":""1040-C"",""d_cor_entryHeader"":""[\""20220125\"",\""900564\""]""}"
49,2,2022-01,2022-01-25,900564,Synthetic demo customer receipt 900564,1100,Demo Central Ordinary Deposit,94750,00,00,0,B001,Demo Central Bank,D01,Demo Sales,,,0,,,0,,,,,1040,"[""20220125"",""900564""]",1040-D,,cor:monetaryAmount,"{""d_cor_accountingEntries"":""1"",""d_cor_entryDetail"":""1040-D"",""d_cor_entryHeader"":""[\""20220125\"",\""900564\""]""}"
50,1,2022-01,2022-01-26,900582,Synthetic demo credit sale 900582,,,0,,,0,,,,,4000,Demo Product Sales,69520,B5,B5,6320,C007,Demo Customer Grove,D01,Demo Sales,1041,"[""20220126"",""900582""]",,1041-C,cor:monetaryAmount,"{""d_cor_accountingEntries"":""1"",""d_cor_entryDetail"":""1041-C"",""d_cor_entryHeader"":""[\""20220126\"",\""900582\""]""}"
50,2,2022-01,2022-01-26,900582,Synthetic demo credit sale 900582,1200,Demo Accounts Receivable,69520,00,00,0,C001,Demo Customer Aurora,D01,Demo Sales,,,0,,,0,,,,,1041,"[""20220126"",""900582""]",1041-D,,cor:monetaryAmount,"{""d_cor_accountingEntries"":""1"",""d_cor_entryDetail"":""1041-D"",""d_cor_entryHeader"":""[\""20220126\"",\""900582\""]""}"
51,1,2022-01,2022-01-26,900586,Synthetic demo purchase on account 900586,,,0,,,0,,,,,2000,Demo Accounts Payable,274530,00,00,0,V001,Demo Vendor Keystone,D04,Demo Logistics,1042,"[""20220126"",""900586""]",,1042-C,cor:monetaryAmount,"{""d_cor_accountingEntries"":""1"",""d_cor_entryDetail"":""1042-C"",""d_cor_entryHeader"":""[\""20220126\"",\""900586\""]""}"
51,2,2022-01,2022-01-26,900586,Synthetic demo purchase on account 900586,5010,Demo Freight-in,274530,Q5,Q5,24957,V001,Demo Vendor Keystone,D04,Demo Logistics,,,0,,,0,,,,,1042,"[""20220126"",""900586""]",1042-D,,cor:monetaryAmount,"{""d_cor_accountingEntries"":""1"",""d_cor_entryDetail"":""1042-D"",""d_cor_entryHeader"":""[\""20220126\"",\""900586\""]""}"
52,1,2022-01,2022-01-28,900542,Synthetic demo credit sale 900542,,,0,,,0,,,,,4020,Demo Other Operating Revenue,555200,B5,B5,50473,C007,Demo Customer Grove,D01,Demo Sales,1043,"[""20220128"",""900542""]",,1043-C,cor:monetaryAmount,"{""d_cor_accountingEntries"":""1"",""d_cor_entryDetail"":""1043-C"",""d_cor_entryHeader"":""[\""20220128\"",\""900542\""]""}"
52,2,2022-01,2022-01-28,900542,Synthetic demo credit sale 900542,1200,Demo Accounts Receivable,555200,00,00,0,C001,Demo Customer Aurora,D01,Demo Sales,,,0,,,0,,,,,1043,"[""20220128"",""900542""]",1043-D,,cor:monetaryAmount,"{""d_cor_accountingEntries"":""1"",""d_cor_entryDetail"":""1043-D"",""d_cor_entryHeader"":""[\""20220128\"",\""900542\""]""}"
53,1,2022-01,2022-01-28,900555,Synthetic demo purchase on account 900555,,,0,,,0,,,,,2000,Demo Accounts Payable,170990,00,00,0,V001,Demo Vendor Keystone,D04,Demo Logistics,1044,"[""20220128"",""900555""]",,1044-C,cor:monetaryAmount,"{""d_cor_accountingEntries"":""1"",""d_cor_entryDetail"":""1044-C"",""d_cor_entryHeader"":""[\""20220128\"",\""900555\""]""}"
53,2,2022-01,2022-01-28,900555,Synthetic demo purchase on account 900555,5000,Demo Purchases,170990,Q5,Q5,15545,V006,Demo Vendor Prairie,D04,Demo Logistics,,,0,,,0,,,,,1044,"[""20220128"",""900555""]",1044-D,,cor:monetaryAmount,"{""d_cor_accountingEntries"":""1"",""d_cor_entryDetail"":""1044-D"",""d_cor_entryHeader"":""[\""20220128\"",\""900555\""]""}"
54,1,2022-01,2022-01-29,900533,Synthetic demo financing settlement 900533,,,0,,,0,,,,,1120,Demo Harbor Ordinary Deposit,705970,00,00,0,B003,Harbor Demo Bank,D06,Demo Management,1045,"[""20220129"",""900533""]",,1045-C,cor:monetaryAmount,"{""d_cor_accountingEntries"":""1"",""d_cor_entryDetail"":""1045-C"",""d_cor_entryHeader"":""[\""20220129\"",\""900533\""]""}"
54,2,2022-01,2022-01-29,900533,Synthetic demo financing settlement 900533,2200,Demo Short-term Loans,331800,00,00,0,,,D06,Demo Management,,,0,,,0,,,,,1045,"[""20220129"",""900533""]",1045-D,,cor:monetaryAmount,"{""d_cor_accountingEntries"":""1"",""d_cor_entryDetail"":""1045-D"",""d_cor_entryHeader"":""[\""20220129\"",\""900533\""]""}"
54,3,2022-01,2022-01-29,900533,Synthetic demo financing settlement 900533,6070,Demo Bank Fees,204730,00,00,0,B003,Harbor Demo Bank,D06,Demo Management,,,0,,,0,,,,,1046,"[""20220129"",""900533""]",1046-D,,cor:monetaryAmount,"{""d_cor_accountingEntries"":""1"",""d_cor_entryDetail"":""1046-D"",""d_cor_entryHeader"":""[\""20220129\"",\""900533\""]""}"
54,4,2022-01,2022-01-29,900533,Synthetic demo financing settlement 900533,7000,Demo Taxes and Dues,169440,P0,P0,0,,,D06,Demo Management,,,0,,,0,,,,,1047,"[""20220129"",""900533""]",1047-D,,cor:monetaryAmount,"{""d_cor_accountingEntries"":""1"",""d_cor_entryDetail"":""1047-D"",""d_cor_entryHeader"":""[\""20220129\"",\""900533\""]""}"
55,1,2022-01,2022-01-29,900560,Synthetic demo credit sale 900560,,,0,,,0,,,,,4020,Demo Other Operating Revenue,143540,B5,B5,13049,C001,Demo Customer Aurora,D01,Demo Sales,1048,"[""20220129"",""900560""]",,1048-C,cor:monetaryAmount,"{""d_cor_accountingEntries"":""1"",""d_cor_entryDetail"":""1048-C"",""d_cor_entryHeader"":""[\""20220129\"",\""900560\""]""}"
55,2,2022-01,2022-01-29,900560,Synthetic demo credit sale 900560,1200,Demo Accounts Receivable,143540,00,00,0,C001,Demo Customer Aurora,D01,Demo Sales,,,0,,,0,,,,,1048,"[""20220129"",""900560""]",1048-D,,cor:monetaryAmount,"{""d_cor_accountingEntries"":""1"",""d_cor_entryDetail"":""1048-D"",""d_cor_entryHeader"":""[\""20220129\"",\""900560\""]""}"
56,1,2022-01,2022-01-29,900568,Synthetic demo mixed sales and receipt 900568,1110,Demo North Current Deposit,177030,00,00,0,B002,North Demo Bank,D01,Demo Sales,,,0,,,0,,,,,1049,"[""20220129"",""900568""]",1049-D,,cor:monetaryAmount,"{""d_cor_accountingEntries"":""1"",""d_cor_entryDetail"":""1049-D"",""d_cor_entryHeader"":""[\""20220129\"",\""900568\""]""}"
56,2,2022-01,2022-01-29,900568,Synthetic demo mixed sales and receipt 900568,1200,Demo Accounts Receivable,103980,00,00,0,C001,Demo Customer Aurora,D01,Demo Sales,,,0,,,0,,,,,1050,"[""20220129"",""900568""]",1050-D,,cor:monetaryAmount,"{""d_cor_accountingEntries"":""1"",""d_cor_entryDetail"":""1050-D"",""d_cor_entryHeader"":""[\""20220129\"",\""900568\""]""}"
56,3,2022-01,2022-01-29,900568,Synthetic demo mixed sales and receipt 900568,,,0,,,0,,,,,4000,Demo Product Sales,78680,B5,B5,7153,C010,Demo Customer Juniper,D01,Demo Sales,1051,"[""20220129"",""900568""]",,1051-C,cor:monetaryAmount,"{""d_cor_accountingEntries"":""1"",""d_cor_entryDetail"":""1051-C"",""d_cor_entryHeader"":""[\""20220129\"",\""900568\""]""}"
56,4,2022-01,2022-01-29,900568,Synthetic demo mixed sales and receipt 900568,,,0,,,0,,,,,4010,Demo Service Revenue,202330,B5,B5,18394,C001,Demo Customer Aurora,D01,Demo Sales,1052,"[""20220129"",""900568""]",,1052-C,cor:monetaryAmount,"{""d_cor_accountingEntries"":""1"",""d_cor_entryDetail"":""1052-C"",""d_cor_entryHeader"":""[\""20220129\"",\""900568\""]""}"
57,1,2022-01,2022-01-29,900581,Synthetic demo multi-vendor settlement 900581,2000,Demo Accounts Payable,438010,00,00,0,V001,Demo Vendor Keystone,D01,Demo Sales,,,0,,,0,,,,,1053,"[""20220129"",""900581""]",1053-D,,cor:monetaryAmount,"{""d_cor_accountingEntries"":""1"",""d_cor_entryDetail"":""1053-D"",""d_cor_entryHeader"":""[\""20220129\"",\""900581\""]""}"
57,2,2022-01,2022-01-29,900581,Synthetic demo multi-vendor settlement 900581,2100,Demo Accrued Payables,83440,00,00,0,V005,Demo Vendor Orchid,D01,Demo Sales,,,0,,,0,,,,,1054,"[""20220129"",""900581""]",1054-D,,cor:monetaryAmount,"{""d_cor_accountingEntries"":""1"",""d_cor_entryDetail"":""1054-D"",""d_cor_entryHeader"":""[\""20220129\"",\""900581\""]""}"
57,3,2022-01,2022-01-29,900581,Synthetic demo multi-vendor settlement 900581,,,0,,,0,,,,,1120,Demo Harbor Ordinary Deposit,156430,00,00,0,B003,Harbor Demo Bank,D01,Demo Sales,1055,"[""20220129"",""900581""]",,1055-C,cor:monetaryAmount,"{""d_cor_accountingEntries"":""1"",""d_cor_entryDetail"":""1055-C"",""d_cor_entryHeader"":""[\""20220129\"",\""900581\""]""}"
57,4,2022-01,2022-01-29,900581,Synthetic demo multi-vendor settlement 900581,,,0,,,0,,,,,1100,Demo Central Ordinary Deposit,365020,00,00,0,B001,Demo Central Bank,D01,Demo Sales,1056,"[""20220129"",""900581""]",,1056-C,cor:monetaryAmount,"{""d_cor_accountingEntries"":""1"",""d_cor_entryDetail"":""1056-C"",""d_cor_entryHeader"":""[\""20220129\"",\""900581\""]""}"
58,1,2022-01,2022-01-31,900541,Synthetic demo credit sale 900541,,,0,,,0,,,,,4010,Demo Service Revenue,470430,B5,B5,42766,C004,Demo Customer Dawn,D01,Demo Sales,1057,"[""20220131"",""900541""]",,1057-C,cor:monetaryAmount,"{""d_cor_accountingEntries"":""1"",""d_cor_entryDetail"":""1057-C"",""d_cor_entryHeader"":""[\""20220131\"",\""900541\""]""}"
58,2,2022-01,2022-01-31,900541,Synthetic demo credit sale 900541,1200,Demo Accounts Receivable,470430,00,00,0,C001,Demo Customer Aurora,D01,Demo Sales,,,0,,,0,,,,,1057,"[""20220131"",""900541""]",1057-D,,cor:monetaryAmount,"{""d_cor_accountingEntries"":""1"",""d_cor_entryDetail"":""1057-D"",""d_cor_entryHeader"":""[\""20220131\"",\""900541\""]""}"
59,1,2022-01,2022-01-31,900580,Synthetic demo credit sale 900580,,,0,,,0,,,,,4010,Demo Service Revenue,498270,B5,B5,45297,C001,Demo Customer Aurora,D01,Demo Sales,1058,"[""20220131"",""900580""]",,1058-C,cor:monetaryAmount,"{""d_cor_accountingEntries"":""1"",""d_cor_entryDetail"":""1058-C"",""d_cor_entryHeader"":""[\""20220131\"",\""900580\""]""}"
59,2,2022-01,2022-01-31,900580,Synthetic demo credit sale 900580,1200,Demo Accounts Receivable,498270,00,00,0,C001,Demo Customer Aurora,D01,Demo Sales,,,0,,,0,,,,,1058,"[""20220131"",""900580""]",1058-D,,cor:monetaryAmount,"{""d_cor_accountingEntries"":""1"",""d_cor_entryDetail"":""1058-D"",""d_cor_entryHeader"":""[\""20220131\"",\""900580\""]""}"
1,1,2022-02,2022-02-01,900605,Synthetic demo purchase on account 900605,,,0,,,0,,,,,2000,Demo Accounts Payable,137870,00,00,0,V001,Demo Vendor Keystone,D04,Demo Logistics,1059,"[""20220201"",""900605""]",,1059-C,cor:monetaryAmount,"{""d_cor_accountingEntries"":""1"",""d_cor_entryDetail"":""1059-C"",""d_cor_entryHeader"":""[\""20220201\"",\""900605\""]""}"
1,2,2022-02,2022-02-01,900605,Synthetic demo purchase on account 900605,5020,Demo Inventory Adjustment,137870,Q5,Q5,12534,V006,Demo Vendor Prairie,D04,Demo Logistics,,,0,,,0,,,,,1059,"[""20220201"",""900605""]",1059-D,,cor:monetaryAmount,"{""d_cor_accountingEntries"":""1"",""d_cor_entryDetail"":""1059-D"",""d_cor_entryHeader"":""[\""20220201\"",\""900605\""]""}"
2,1,2022-02,2022-02-02,900592,Synthetic demo credit sale 900592,,,0,,,0,,,,,4010,Demo Service Revenue,439160,R5,R5,32530,C007,Demo Customer Grove,D01,Demo Sales,1060,"[""20220202"",""900592""]",,1060-C,cor:monetaryAmount,"{""d_cor_accountingEntries"":""1"",""d_cor_entryDetail"":""1060-C"",""d_cor_entryHeader"":""[\""20220202\"",\""900592\""]""}"
2,2,2022-02,2022-02-02,900592,Synthetic demo credit sale 900592,1200,Demo Accounts Receivable,439160,00,00,0,C001,Demo Customer Aurora,D01,Demo Sales,,,0,,,0,,,,,1060,"[""20220202"",""900592""]",1060-D,,cor:monetaryAmount,"{""d_cor_accountingEntries"":""1"",""d_cor_entryDetail"":""1060-D"",""d_cor_entryHeader"":""[\""20220202\"",\""900592\""]""}"
3,1,2022-02,2022-02-02,900595,Synthetic demo purchase on account 900595,,,0,,,0,,,,,2000,Demo Accounts Payable,38230,00,00,0,V001,Demo Vendor Keystone,D04,Demo Logistics,1061,"[""20220202"",""900595""]",,1061-C,cor:monetaryAmount,"{""d_cor_accountingEntries"":""1"",""d_cor_entryDetail"":""1061-C"",""d_cor_entryHeader"":""[\""20220202\"",\""900595\""]""}"
3,2,2022-02,2022-02-02,900595,Synthetic demo purchase on account 900595,5010,Demo Freight-in,38230,Q5,Q5,3475,V006,Demo Vendor Prairie,D04,Demo Logistics,,,0,,,0,,,,,1061,"[""20220202"",""900595""]",1061-D,,cor:monetaryAmount,"{""d_cor_accountingEntries"":""1"",""d_cor_entryDetail"":""1061-D"",""d_cor_entryHeader"":""[\""20220202\"",\""900595\""]""}"
4,1,2022-02,2022-02-02,900629,Synthetic demo multi-vendor settlement 900629,2000,Demo Accounts Payable,117770,00,00,0,V001,Demo Vendor Keystone,D01,Demo Sales,,,0,,,0,,,,,1062,"[""20220202"",""900629""]",1062-D,,cor:monetaryAmount,"{""d_cor_accountingEntries"":""1"",""d_cor_entryDetail"":""1062-D"",""d_cor_entryHeader"":""[\""20220202\"",\""900629\""]""}"
4,2,2022-02,2022-02-02,900629,Synthetic demo multi-vendor settlement 900629,2100,Demo Accrued Payables,117770,00,00,0,V003,Demo Vendor Mosaic,D01,Demo Sales,,,0,,,0,,,,,1063,"[""20220202"",""900629""]",1063-D,,cor:monetaryAmount,"{""d_cor_accountingEntries"":""1"",""d_cor_entryDetail"":""1063-D"",""d_cor_entryHeader"":""[\""20220202\"",\""900629\""]""}"
4,3,2022-02,2022-02-02,900629,Synthetic demo multi-vendor settlement 900629,,,0,,,0,,,,,1120,Demo Harbor Ordinary Deposit,195490,00,00,0,B003,Harbor Demo Bank,D01,Demo Sales,1064,"[""20220202"",""900629""]",,1064-C,cor:monetaryAmount,"{""d_cor_accountingEntries"":""1"",""d_cor_entryDetail"":""1064-C"",""d_cor_entryHeader"":""[\""20220202\"",\""900629\""]""}"
4,4,2022-02,2022-02-02,900629,Synthetic demo multi-vendor settlement 900629,,,0,,,0,,,,,1100,Demo Central Ordinary Deposit,40050,00,00,0,B001,Demo Central Bank,D01,Demo Sales,1065,"[""20220202"",""900629""]",,1065-C,cor:monetaryAmount,"{""d_cor_accountingEntries"":""1"",""d_cor_entryDetail"":""1065-C"",""d_cor_entryHeader"":""[\""20220202\"",\""900629\""]""}"
5,1,2022-02,2022-02-02,900641,Synthetic demo credit sale 900641,,,0,,,0,,,,,4020,Demo Other Operating Revenue,550300,B5,B5,50027,C004,Demo Customer Dawn,D01,Demo Sales,1066,"[""20220202"",""900641""]",,1066-C,cor:monetaryAmount,"{""d_cor_accountingEntries"":""1"",""d_cor_entryDetail"":""1066-C"",""d_cor_entryHeader"":""[\""20220202\"",\""900641\""]""}"
5,2,2022-02,2022-02-02,900641,Synthetic demo credit sale 900641,1200,Demo Accounts Receivable,550300,00,00,0,C001,Demo Customer Aurora,D01,Demo Sales,,,0,,,0,,,,,1066,"[""20220202"",""900641""]",1066-D,,cor:monetaryAmount,"{""d_cor_accountingEntries"":""1"",""d_cor_entryDetail"":""1066-D"",""d_cor_entryHeader"":""[\""20220202\"",\""900641\""]""}"
6,1,2022-02,2022-02-03,900599,Synthetic demo prepaid service 900599,,,0,,,0,,,,,1120,Demo Harbor Ordinary Deposit,114750,00,00,0,B003,Harbor Demo Bank,D05,Demo Digital Services,1067,"[""20220203"",""900599""]",,1067-C,cor:monetaryAmount,"{""d_cor_accountingEntries"":""1"",""d_cor_entryDetail"":""1067-C"",""d_cor_entryHeader"":""[\""20220203\"",\""900599\""]""}"
6,2,2022-02,2022-02-03,900599,Synthetic demo prepaid service 900599,1400,Demo Prepaid Expenses,114750,00,00,0,S006,Demo Insurance Services,D05,Demo Digital Services,,,0,,,0,,,,,1067,"[""20220203"",""900599""]",1067-D,,cor:monetaryAmount,"{""d_cor_accountingEntries"":""1"",""d_cor_entryDetail"":""1067-D"",""d_cor_entryHeader"":""[\""20220203\"",\""900599\""]""}"
7,1,2022-02,2022-02-03,900626,Synthetic demo purchase on account 900626,,,0,,,0,,,,,2000,Demo Accounts Payable,277450,00,00,0,V001,Demo Vendor Keystone,D04,Demo Logistics,1068,"[""20220203"",""900626""]",,1068-C,cor:monetaryAmount,"{""d_cor_accountingEntries"":""1"",""d_cor_entryDetail"":""1068-C"",""d_cor_entryHeader"":""[\""20220203\"",\""900626\""]""}"
7,2,2022-02,2022-02-03,900626,Synthetic demo purchase on account 900626,5020,Demo Inventory Adjustment,277450,Q5,Q5,25223,V001,Demo Vendor Keystone,D04,Demo Logistics,,,0,,,0,,,,,1068,"[""20220203"",""900626""]",1068-D,,cor:monetaryAmount,"{""d_cor_accountingEntries"":""1"",""d_cor_entryDetail"":""1068-D"",""d_cor_entryHeader"":""[\""20220203\"",\""900626\""]""}"
8,1,2022-02,2022-02-04,900591,Synthetic demo monthly payroll bundle 900591,,,0,,,0,,,,,1100,Demo Central Ordinary Deposit,467130,00,00,0,B001,Demo Central Bank,D02,Demo Administration,1069,"[""20220204"",""900591""]",,1069-C,cor:monetaryAmount,"{""d_cor_accountingEntries"":""1"",""d_cor_entryDetail"":""1069-C"",""d_cor_entryHeader"":""[\""20220204\"",\""900591\""]""}"
8,2,2022-02,2022-02-04,900591,Synthetic demo monthly payroll bundle 900591,6000,Demo Salaries,74740,00,00,0,,,D02,Demo Administration,,,0,,,0,,,,,1069,"[""20220204"",""900591""]",1069-D,,cor:monetaryAmount,"{""d_cor_accountingEntries"":""1"",""d_cor_entryDetail"":""1069-D"",""d_cor_entryHeader"":""[\""20220204\"",\""900591\""]""}"
8,3,2022-02,2022-02-04,900591,Synthetic demo monthly payroll bundle 900591,6010,Demo Statutory Welfare,266260,00,00,0,,,D02,Demo Administration,,,0,,,0,,,,,1070,"[""20220204"",""900591""]",1070-D,,cor:monetaryAmount,"{""d_cor_accountingEntries"":""1"",""d_cor_entryDetail"":""1070-D"",""d_cor_entryHeader"":""[\""20220204\"",\""900591\""]""}"
8,4,2022-02,2022-02-04,900591,Synthetic demo monthly payroll bundle 900591,2110,Demo Payroll Withholding,126130,00,00,0,,,D02,Demo Administration,,,0,,,0,,,,,1071,"[""20220204"",""900591""]",1071-D,,cor:monetaryAmount,"{""d_cor_accountingEntries"":""1"",""d_cor_entryDetail"":""1071-D"",""d_cor_entryHeader"":""[\""20220204\"",\""900591\""]""}"
9,1,2022-02,2022-02-04,900593,Synthetic demo multi-vendor settlement 900593,2000,Demo Accounts Payable,67240,00,00,0,V001,Demo Vendor Keystone,D01,Demo Sales,,,0,,,0,,,,,1072,"[""20220204"",""900593""]",1072-D,,cor:monetaryAmount,"{""d_cor_accountingEntries"":""1"",""d_cor_entryDetail"":""1072-D"",""d_cor_entryHeader"":""[\""20220204\"",\""900593\""]""}"
9,2,2022-02,2022-02-04,900593,Synthetic demo multi-vendor settlement 900593,2100,Demo Accrued Payables,119560,00,00,0,V007,Demo Vendor Quartz,D01,Demo Sales,,,0,,,0,,,,,1073,"[""20220204"",""900593""]",1073-D,,cor:monetaryAmount,"{""d_cor_accountingEntries"":""1"",""d_cor_entryDetail"":""1073-D"",""d_cor_entryHeader"":""[\""20220204\"",\""900593\""]""}"
9,3,2022-02,2022-02-04,900593,Synthetic demo multi-vendor settlement 900593,,,0,,,0,,,,,1120,Demo Harbor Ordinary Deposit,63510,00,00,0,B003,Harbor Demo Bank,D01,Demo Sales,1074,"[""20220204"",""900593""]",,1074-C,cor:monetaryAmount,"{""d_cor_accountingEntries"":""1"",""d_cor_entryDetail"":""1074-C"",""d_cor_entryHeader"":""[\""20220204\"",\""900593\""]""}"
9,4,2022-02,2022-02-04,900593,Synthetic demo multi-vendor settlement 900593,,,0,,,0,,,,,1100,Demo Central Ordinary Deposit,123290,00,00,0,B001,Demo Central Bank,D01,Demo Sales,1075,"[""20220204"",""900593""]",,1075-C,cor:monetaryAmount,"{""d_cor_accountingEntries"":""1"",""d_cor_entryDetail"":""1075-C"",""d_cor_entryHeader"":""[\""20220204\"",\""900593\""]""}"
10,1,2022-02,2022-02-04,900600,Synthetic demo mixed sales and receipt 900600,1100,Demo Central Ordinary Deposit,329970,00,00,0,B001,Demo Central Bank,D01,Demo Sales,,,0,,,0,,,,,1076,"[""20220204"",""900600""]",1076-D,,cor:monetaryAmount,"{""d_cor_accountingEntries"":""1"",""d_cor_entryDetail"":""1076-D"",""d_cor_entryHeader"":""[\""20220204\"",\""900600\""]""}"
10,2,2022-02,2022-02-04,900600,Synthetic demo mixed sales and receipt 900600,1200,Demo Accounts Receivable,387360,00,00,0,C001,Demo Customer Aurora,D01,Demo Sales,,,0,,,0,,,,,1077,"[""20220204"",""900600""]",1077-D,,cor:monetaryAmount,"{""d_cor_accountingEntries"":""1"",""d_cor_entryDetail"":""1077-D"",""d_cor_entryHeader"":""[\""20220204\"",\""900600\""]""}"
10,3,2022-02,2022-02-04,900600,Synthetic demo mixed sales and receipt 900600,,,0,,,0,,,,,4000,Demo Product Sales,487780,B5,B5,44344,C002,Demo Customer Birch,D01,Demo Sales,1078,"[""20220204"",""900600""]",,1078-C,cor:monetaryAmount,"{""d_cor_accountingEntries"":""1"",""d_cor_entryDetail"":""1078-C"",""d_cor_entryHeader"":""[\""20220204\"",\""900600\""]""}"
10,4,2022-02,2022-02-04,900600,Synthetic demo mixed sales and receipt 900600,,,0,,,0,,,,,4010,Demo Service Revenue,229550,B5,B5,20868,C003,Demo Customer Cobalt,D01,Demo Sales,1079,"[""20220204"",""900600""]",,1079-C,cor:monetaryAmount,"{""d_cor_accountingEntries"":""1"",""d_cor_entryDetail"":""1079-C"",""d_cor_entryHeader"":""[\""20220204\"",\""900600\""]""}"
11,1,2022-02,2022-02-04,900614,Synthetic demo customer receipt 900614,,,0,,,0,,,,,1200,Demo Accounts Receivable,79810,00,00,0,C001,Demo Customer Aurora,D01,Demo Sales,1080,"[""20220204"",""900614""]",,1080-C,cor:monetaryAmount,"{""d_cor_accountingEntries"":""1"",""d_cor_entryDetail"":""1080-C"",""d_cor_entryHeader"":""[\""20220204\"",\""900614\""]""}"
11,2,2022-02,2022-02-04,900614,Synthetic demo customer receipt 900614,1120,Demo Harbor Ordinary Deposit,79810,00,00,0,B003,Harbor Demo Bank,D01,Demo Sales,,,0,,,0,,,,,1080,"[""20220204"",""900614""]",1080-D,,cor:monetaryAmount,"{""d_cor_accountingEntries"":""1"",""d_cor_entryDetail"":""1080-D"",""d_cor_entryHeader"":""[\""20220204\"",\""900614\""]""}"
12,1,2022-02,2022-02-05,900616,Synthetic demo mixed sales and receipt 900616,1110,Demo North Current Deposit,297370,00,00,0,B002,North Demo Bank,D01,Demo Sales,,,0,,,0,,,,,1081,"[""20220205"",""900616""]",1081-D,,cor:monetaryAmount,"{""d_cor_accountingEntries"":""1"",""d_cor_entryDetail"":""1081-D"",""d_cor_entryHeader"":""[\""20220205\"",\""900616\""]""}"
12,2,2022-02,2022-02-05,900616,Synthetic demo mixed sales and receipt 900616,1200,Demo Accounts Receivable,182270,00,00,0,C001,Demo Customer Aurora,D01,Demo Sales,,,0,,,0,,,,,1082,"[""20220205"",""900616""]",1082-D,,cor:monetaryAmount,"{""d_cor_accountingEntries"":""1"",""d_cor_entryDetail"":""1082-D"",""d_cor_entryHeader"":""[\""20220205\"",\""900616\""]""}"
12,3,2022-02,2022-02-05,900616,Synthetic demo mixed sales and receipt 900616,,,0,,,0,,,,,4000,Demo Product Sales,244610,B5,B5,22237,C008,Demo Customer Halo,D01,Demo Sales,1083,"[""20220205"",""900616""]",,1083-C,cor:monetaryAmount,"{""d_cor_accountingEntries"":""1"",""d_cor_entryDetail"":""1083-C"",""d_cor_entryHeader"":""[\""20220205\"",\""900616\""]""}"
12,4,2022-02,2022-02-05,900616,Synthetic demo mixed sales and receipt 900616,,,0,,,0,,,,,4010,Demo Service Revenue,235030,B5,B5,21366,C009,Demo Customer Indigo,D01,Demo Sales,1084,"[""20220205"",""900616""]",,1084-C,cor:monetaryAmount,"{""d_cor_accountingEntries"":""1"",""d_cor_entryDetail"":""1084-C"",""d_cor_entryHeader"":""[\""20220205\"",\""900616\""]""}"
13,1,2022-02,2022-02-06,900597,Synthetic demo monthly payroll bundle 900597,,,0,,,0,,,,,1100,Demo Central Ordinary Deposit,196410,00,00,0,B001,Demo Central Bank,D02,Demo Administration,1085,"[""20220206"",""900597""]",,1085-C,cor:monetaryAmount,"{""d_cor_accountingEntries"":""1"",""d_cor_entryDetail"":""1085-C"",""d_cor_entryHeader"":""[\""20220206\"",\""900597\""]""}"
13,2,2022-02,2022-02-06,900597,Synthetic demo monthly payroll bundle 900597,6000,Demo Salaries,60880,00,00,0,,,D02,Demo Administration,,,0,,,0,,,,,1085,"[""20220206"",""900597""]",1085-D,,cor:monetaryAmount,"{""d_cor_accountingEntries"":""1"",""d_cor_entryDetail"":""1085-D"",""d_cor_entryHeader"":""[\""20220206\"",\""900597\""]""}"
13,3,2022-02,2022-02-06,900597,Synthetic demo monthly payroll bundle 900597,6010,Demo Statutory Welfare,56950,00,00,0,,,D02,Demo Administration,,,0,,,0,,,,,1086,"[""20220206"",""900597""]",1086-D,,cor:monetaryAmount,"{""d_cor_accountingEntries"":""1"",""d_cor_entryDetail"":""1086-D"",""d_cor_entryHeader"":""[\""20220206\"",\""900597\""]""}"
13,4,2022-02,2022-02-06,900597,Synthetic demo monthly payroll bundle 900597,2110,Demo Payroll Withholding,78580,00,00,0,,,D02,Demo Administration,,,0,,,0,,,,,1087,"[""20220206"",""900597""]",1087-D,,cor:monetaryAmount,"{""d_cor_accountingEntries"":""1"",""d_cor_entryDetail"":""1087-D"",""d_cor_entryHeader"":""[\""20220206\"",\""900597\""]""}"
14,1,2022-02,2022-02-06,900627,Synthetic demo vendor settlement 900627,,,0,,,0,,,,,1100,Demo Central Ordinary Deposit,297220,00,00,0,B001,Demo Central Bank,D04,Demo Logistics,1088,"[""20220206"",""900627""]",,1088-C,cor:monetaryAmount,"{""d_cor_accountingEntries"":""1"",""d_cor_entryDetail"":""1088-C"",""d_cor_entryHeader"":""[\""20220206\"",\""900627\""]""}"
14,2,2022-02,2022-02-06,900627,Synthetic demo vendor settlement 900627,2000,Demo Accounts Payable,297220,00,00,0,V001,Demo Vendor Keystone,D04,Demo Logistics,,,0,,,0,,,,,1088,"[""20220206"",""900627""]",1088-D,,cor:monetaryAmount,"{""d_cor_accountingEntries"":""1"",""d_cor_entryDetail"":""1088-D"",""d_cor_entryHeader"":""[\""20220206\"",\""900627\""]""}"
15,1,2022-02,2022-02-06,900647,Synthetic demo vendor settlement 900647,,,0,,,0,,,,,1120,Demo Harbor Ordinary Deposit,293160,00,00,0,B003,Harbor Demo Bank,D04,Demo Logistics,1089,"[""20220206"",""900647""]",,1089-C,cor:monetaryAmount,"{""d_cor_accountingEntries"":""1"",""d_cor_entryDetail"":""1089-C"",""d_cor_entryHeader"":""[\""20220206\"",\""900647\""]""}"
15,2,2022-02,2022-02-06,900647,Synthetic demo vendor settlement 900647,2000,Demo Accounts Payable,293160,00,00,0,V001,Demo Vendor Keystone,D04,Demo Logistics,,,0,,,0,,,,,1089,"[""20220206"",""900647""]",1089-D,,cor:monetaryAmount,"{""d_cor_accountingEntries"":""1"",""d_cor_entryDetail"":""1089-D"",""d_cor_entryHeader"":""[\""20220206\"",\""900647\""]""}"
16,1,2022-02,2022-02-07,900618,Synthetic demo operating expense 900618,,,0,,,0,,,,,1100,Demo Central Ordinary Deposit,3950,00,00,0,B001,Demo Central Bank,D02,Demo Administration,1090,"[""20220207"",""900618""]",,1090-C,cor:monetaryAmount,"{""d_cor_accountingEntries"":""1"",""d_cor_entryDetail"":""1090-C"",""d_cor_entryHeader"":""[\""20220207\"",\""900618\""]""}"
16,2,2022-02,2022-02-07,900618,Synthetic demo operating expense 900618,6080,Demo Advertising,3950,Q5,Q5,359,V001,Demo Vendor Keystone,D02,Demo Administration,,,0,,,0,,,,,1090,"[""20220207"",""900618""]",1090-D,,cor:monetaryAmount,"{""d_cor_accountingEntries"":""1"",""d_cor_entryDetail"":""1090-D"",""d_cor_entryHeader"":""[\""20220207\"",\""900618\""]""}"
17,1,2022-02,2022-02-08,900623,Synthetic demo multi-vendor settlement 900623,2000,Demo Accounts Payable,100460,00,00,0,V001,Demo Vendor Keystone,D01,Demo Sales,,,0,,,0,,,,,1091,"[""20220208"",""900623""]",1091-D,,cor:monetaryAmount,"{""d_cor_accountingEntries"":""1"",""d_cor_entryDetail"":""1091-D"",""d_cor_entryHeader"":""[\""20220208\"",\""900623\""]""}"
17,2,2022-02,2022-02-08,900623,Synthetic demo multi-vendor settlement 900623,2100,Demo Accrued Payables,96530,00,00,0,V007,Demo Vendor Quartz,D01,Demo Sales,,,0,,,0,,,,,1092,"[""20220208"",""900623""]",1092-D,,cor:monetaryAmount,"{""d_cor_accountingEntries"":""1"",""d_cor_entryDetail"":""1092-D"",""d_cor_entryHeader"":""[\""20220208\"",\""900623\""]""}"
17,3,2022-02,2022-02-08,900623,Synthetic demo multi-vendor settlement 900623,,,0,,,0,,,,,1120,Demo Harbor Ordinary Deposit,94550,00,00,0,B003,Harbor Demo Bank,D01,Demo Sales,1093,"[""20220208"",""900623""]",,1093-C,cor:monetaryAmount,"{""d_cor_accountingEntries"":""1"",""d_cor_entryDetail"":""1093-C"",""d_cor_entryHeader"":""[\""20220208\"",\""900623\""]""}"
17,4,2022-02,2022-02-08,900623,Synthetic demo multi-vendor settlement 900623,,,0,,,0,,,,,1100,Demo Central Ordinary Deposit,102440,00,00,0,B001,Demo Central Bank,D01,Demo Sales,1094,"[""20220208"",""900623""]",,1094-C,cor:monetaryAmount,"{""d_cor_accountingEntries"":""1"",""d_cor_entryDetail"":""1094-C"",""d_cor_entryHeader"":""[\""20220208\"",\""900623\""]""}"
18,1,2022-02,2022-02-08,900634,Synthetic demo customer receipt 900634,,,0,,,0,,,,,1200,Demo Accounts Receivable,500030,00,00,0,C001,Demo Customer Aurora,D01,Demo Sales,1095,"[""20220208"",""900634""]",,1095-C,cor:monetaryAmount,"{""d_cor_accountingEntries"":""1"",""d_cor_entryDetail"":""1095-C"",""d_cor_entryHeader"":""[\""20220208\"",\""900634\""]""}"
18,2,2022-02,2022-02-08,900634,Synthetic demo customer receipt 900634,1110,Demo North Current Deposit,500030,00,00,0,B002,North Demo Bank,D01,Demo Sales,,,0,,,0,,,,,1095,"[""20220208"",""900634""]",1095-D,,cor:monetaryAmount,"{""d_cor_accountingEntries"":""1"",""d_cor_entryDetail"":""1095-D"",""d_cor_entryHeader"":""[\""20220208\"",\""900634\""]""}"
19,1,2022-02,2022-02-09,900604,Synthetic demo operating cost bundle 900604,,,0,,,0,,,,,1110,Demo North Current Deposit,290670,00,00,0,B002,North Demo Bank,D03,Demo Operations,1096,"[""20220209"",""900604""]",,1096-C,cor:monetaryAmount,"{""d_cor_accountingEntries"":""1"",""d_cor_entryDetail"":""1096-C"",""d_cor_entryHeader"":""[\""20220209\"",\""900604\""]""}"
19,2,2022-02,2022-02-09,900604,Synthetic demo operating cost bundle 900604,6030,Demo Utilities,90100,Q5,Q5,8191,S002,Demo Energy Services,D03,Demo Operations,,,0,,,0,,,,,1096,"[""20220209"",""900604""]",1096-D,,cor:monetaryAmount,"{""d_cor_accountingEntries"":""1"",""d_cor_entryDetail"":""1096-D"",""d_cor_entryHeader"":""[\""20220209\"",\""900604\""]""}"
19,3,2022-02,2022-02-09,900604,Synthetic demo operating cost bundle 900604,6040,Demo Communication,37780,Q5,Q5,3435,S003,Demo Network Services,D03,Demo Operations,,,0,,,0,,,,,1097,"[""20220209"",""900604""]",1097-D,,cor:monetaryAmount,"{""d_cor_accountingEntries"":""1"",""d_cor_entryDetail"":""1097-D"",""d_cor_entryHeader"":""[\""20220209\"",\""900604\""]""}"
19,4,2022-02,2022-02-09,900604,Synthetic demo operating cost bundle 900604,6060,Demo Office Supplies,162790,Q5,Q5,14799,V005,Demo Vendor Orchid,D03,Demo Operations,,,0,,,0,,,,,1098,"[""20220209"",""900604""]",1098-D,,cor:monetaryAmount,"{""d_cor_accountingEntries"":""1"",""d_cor_entryDetail"":""1098-D"",""d_cor_entryHeader"":""[\""20220209\"",\""900604\""]""}"
20,1,2022-02,2022-02-09,900620,Synthetic demo credit sale 900620,,,0,,,0,,,,,4020,Demo Other Operating Revenue,406720,B5,B5,36975,C001,Demo Customer Aurora,D01,Demo Sales,1099,"[""20220209"",""900620""]",,1099-C,cor:monetaryAmount,"{""d_cor_accountingEntries"":""1"",""d_cor_entryDetail"":""1099-C"",""d_cor_entryHeader"":""[\""20220209\"",\""900620\""]""}"
20,2,2022-02,2022-02-09,900620,Synthetic demo credit sale 900620,1200,Demo Accounts Receivable,406720,00,00,0,C001,Demo Customer Aurora,D01,Demo Sales,,,0,,,0,,,,,1099,"[""20220209"",""900620""]",1099-D,,cor:monetaryAmount,"{""d_cor_accountingEntries"":""1"",""d_cor_entryDetail"":""1099-D"",""d_cor_entryHeader"":""[\""20220209\"",\""900620\""]""}"
21,1,2022-02,2022-02-10,900603,Synthetic demo customer receipt 900603,,,0,,,0,,,,,1200,Demo Accounts Receivable,61800,00,00,0,C001,Demo Customer Aurora,D01,Demo Sales,1100,"[""20220210"",""900603""]",,1100-C,cor:monetaryAmount,"{""d_cor_accountingEntries"":""1"",""d_cor_entryDetail"":""1100-C"",""d_cor_entryHeader"":""[\""20220210\"",\""900603\""]""}"
21,2,2022-02,2022-02-10,900603,Synthetic demo customer receipt 900603,1100,Demo Central Ordinary Deposit,61800,00,00,0,B001,Demo Central Bank,D01,Demo Sales,,,0,,,0,,,,,1100,"[""20220210"",""900603""]",1100-D,,cor:monetaryAmount,"{""d_cor_accountingEntries"":""1"",""d_cor_entryDetail"":""1100-D"",""d_cor_entryHeader"":""[\""20220210\"",\""900603\""]""}"
22,1,2022-02,2022-02-10,900631,Synthetic demo operating cost bundle 900631,,,0,,,0,,,,,1110,Demo North Current Deposit,594980,00,00,0,B002,North Demo Bank,D03,Demo Operations,1101,"[""20220210"",""900631""]",,1101-C,cor:monetaryAmount,"{""d_cor_accountingEntries"":""1"",""d_cor_entryDetail"":""1101-C"",""d_cor_entryHeader"":""[\""20220210\"",\""900631\""]""}"
22,2,2022-02,2022-02-10,900631,Synthetic demo operating cost bundle 900631,6030,Demo Utilities,368880,Q5,Q5,33535,S002,Demo Energy Services,D03,Demo Operations,,,0,,,0,,,,,1101,"[""20220210"",""900631""]",1101-D,,cor:monetaryAmount,"{""d_cor_accountingEntries"":""1"",""d_cor_entryDetail"":""1101-D"",""d_cor_entryHeader"":""[\""20220210\"",\""900631\""]""}"
22,3,2022-02,2022-02-10,900631,Synthetic demo operating cost bundle 900631,6040,Demo Communication,41640,Q5,Q5,3785,S003,Demo Network Services,D03,Demo Operations,,,0,,,0,,,,,1102,"[""20220210"",""900631""]",1102-D,,cor:monetaryAmount,"{""d_cor_accountingEntries"":""1"",""d_cor_entryDetail"":""1102-D"",""d_cor_entryHeader"":""[\""20220210\"",\""900631\""]""}"
22,4,2022-02,2022-02-10,900631,Synthetic demo operating cost bundle 900631,6060,Demo Office Supplies,184460,Q5,Q5,16769,V002,Demo Vendor Lattice,D03,Demo Operations,,,0,,,0,,,,,1103,"[""20220210"",""900631""]",1103-D,,cor:monetaryAmount,"{""d_cor_accountingEntries"":""1"",""d_cor_entryDetail"":""1103-D"",""d_cor_entryHeader"":""[\""20220210\"",\""900631\""]""}"
23,1,2022-02,2022-02-11,900642,Synthetic demo credit sale 900642,,,0,,,0,,,,,4000,Demo Product Sales,327270,B5,B5,29752,C007,Demo Customer Grove,D01,Demo Sales,1104,"[""20220211"",""900642""]",,1104-C,cor:monetaryAmount,"{""d_cor_accountingEntries"":""1"",""d_cor_entryDetail"":""1104-C"",""d_cor_entryHeader"":""[\""20220211\"",\""900642\""]""}"
23,2,2022-02,2022-02-11,900642,Synthetic demo credit sale 900642,1200,Demo Accounts Receivable,327270,00,00,0,C001,Demo Customer Aurora,D01,Demo Sales,,,0,,,0,,,,,1104,"[""20220211"",""900642""]",1104-D,,cor:monetaryAmount,"{""d_cor_accountingEntries"":""1"",""d_cor_entryDetail"":""1104-D"",""d_cor_entryHeader"":""[\""20220211\"",\""900642\""]""}"
24,1,2022-02,2022-02-11,900645,Synthetic demo purchase on account 900645,,,0,,,0,,,,,2000,Demo Accounts Payable,362650,00,00,0,V001,Demo Vendor Keystone,D04,Demo Logistics,1105,"[""20220211"",""900645""]",,1105-C,cor:monetaryAmount,"{""d_cor_accountingEntries"":""1"",""d_cor_entryDetail"":""1105-C"",""d_cor_entryHeader"":""[\""20220211\"",\""900645\""]""}"
24,2,2022-02,2022-02-11,900645,Synthetic demo purchase on account 900645,5000,Demo Purchases,362650,Q5,Q5,32968,V006,Demo Vendor Prairie,D04,Demo Logistics,,,0,,,0,,,,,1105,"[""20220211"",""900645""]",1105-D,,cor:monetaryAmount,"{""d_cor_accountingEntries"":""1"",""d_cor_entryDetail"":""1105-D"",""d_cor_entryHeader"":""[\""20220211\"",\""900645\""]""}"
25,1,2022-02,2022-02-12,900598,Synthetic demo operating expense 900598,,,0,,,0,,,,,1110,Demo North Current Deposit,127860,00,00,0,B002,North Demo Bank,D03,Demo Operations,1106,"[""20220212"",""900598""]",,1106-C,cor:monetaryAmount,"{""d_cor_accountingEntries"":""1"",""d_cor_entryDetail"":""1106-C"",""d_cor_entryHeader"":""[\""20220212\"",\""900598\""]""}"
25,2,2022-02,2022-02-12,900598,Synthetic demo operating expense 900598,6060,Demo Office Supplies,127860,Q6,Q6,9471,V001,Demo Vendor Keystone,D03,Demo Operations,,,0,,,0,,,,,1106,"[""20220212"",""900598""]",1106-D,,cor:monetaryAmount,"{""d_cor_accountingEntries"":""1"",""d_cor_entryDetail"":""1106-D"",""d_cor_entryHeader"":""[\""20220212\"",\""900598\""]""}"
26,1,2022-02,2022-02-12,900621,Synthetic demo credit sale 900621,,,0,,,0,,,,,4000,Demo Product Sales,558020,B5,B5,50729,C004,Demo Customer Dawn,D01,Demo Sales,1107,"[""20220212"",""900621""]",,1107-C,cor:monetaryAmount,"{""d_cor_accountingEntries"":""1"",""d_cor_entryDetail"":""1107-C"",""d_cor_entryHeader"":""[\""20220212\"",\""900621\""]""}"
26,2,2022-02,2022-02-12,900621,Synthetic demo credit sale 900621,1200,Demo Accounts Receivable,558020,00,00,0,C001,Demo Customer Aurora,D01,Demo Sales,,,0,,,0,,,,,1107,"[""20220212"",""900621""]",1107-D,,cor:monetaryAmount,"{""d_cor_accountingEntries"":""1"",""d_cor_entryDetail"":""1107-D"",""d_cor_entryHeader"":""[\""20220212\"",\""900621\""]""}"
27,1,2022-02,2022-02-12,900630,Synthetic demo credit sale 900630,,,0,,,0,,,,,4000,Demo Product Sales,396830,B5,B5,36075,C001,Demo Customer Aurora,D01,Demo Sales,1108,"[""20220212"",""900630""]",,1108-C,cor:monetaryAmount,"{""d_cor_accountingEntries"":""1"",""d_cor_entryDetail"":""1108-C"",""d_cor_entryHeader"":""[\""20220212\"",\""900630\""]""}"
27,2,2022-02,2022-02-12,900630,Synthetic demo credit sale 900630,1200,Demo Accounts Receivable,396830,00,00,0,C001,Demo Customer Aurora,D01,Demo Sales,,,0,,,0,,,,,1108,"[""20220212"",""900630""]",1108-D,,cor:monetaryAmount,"{""d_cor_accountingEntries"":""1"",""d_cor_entryDetail"":""1108-D"",""d_cor_entryHeader"":""[\""20220212\"",\""900630\""]""}"
28,1,2022-02,2022-02-12,900644,Synthetic demo mixed sales and receipt 900644,1120,Demo Harbor Ordinary Deposit,141750,00,00,0,B003,Harbor Demo Bank,D01,Demo Sales,,,0,,,0,,,,,1109,"[""20220212"",""900644""]",1109-D,,cor:monetaryAmount,"{""d_cor_accountingEntries"":""1"",""d_cor_entryDetail"":""1109-D"",""d_cor_entryHeader"":""[\""20220212\"",\""900644\""]""}"
28,2,2022-02,2022-02-12,900644,Synthetic demo mixed sales and receipt 900644,1200,Demo Accounts Receivable,33250,00,00,0,C001,Demo Customer Aurora,D01,Demo Sales,,,0,,,0,,,,,1110,"[""20220212"",""900644""]",1110-D,,cor:monetaryAmount,"{""d_cor_accountingEntries"":""1"",""d_cor_entryDetail"":""1110-D"",""d_cor_entryHeader"":""[\""20220212\"",\""900644\""]""}"
28,3,2022-02,2022-02-12,900644,Synthetic demo mixed sales and receipt 900644,,,0,,,0,,,,,4000,Demo Product Sales,126000,B5,B5,11455,C006,Demo Customer Fjord,D01,Demo Sales,1111,"[""20220212"",""900644""]",,1111-C,cor:monetaryAmount,"{""d_cor_accountingEntries"":""1"",""d_cor_entryDetail"":""1111-C"",""d_cor_entryHeader"":""[\""20220212\"",\""900644\""]""}"
28,4,2022-02,2022-02-12,900644,Synthetic demo mixed sales and receipt 900644,,,0,,,0,,,,,4010,Demo Service Revenue,49000,B5,B5,4455,C007,Demo Customer Grove,D01,Demo Sales,1112,"[""20220212"",""900644""]",,1112-C,cor:monetaryAmount,"{""d_cor_accountingEntries"":""1"",""d_cor_entryDetail"":""1112-C"",""d_cor_entryHeader"":""[\""20220212\"",\""900644\""]""}"
29,1,2022-02,2022-02-13,900609,Synthetic demo prepaid service 900609,,,0,,,0,,,,,1100,Demo Central Ordinary Deposit,191730,00,00,0,B001,Demo Central Bank,D05,Demo Digital Services,1113,"[""20220213"",""900609""]",,1113-C,cor:monetaryAmount,"{""d_cor_accountingEntries"":""1"",""d_cor_entryDetail"":""1113-C"",""d_cor_entryHeader"":""[\""20220213\"",\""900609\""]""}"
29,2,2022-02,2022-02-13,900609,Synthetic demo prepaid service 900609,1400,Demo Prepaid Expenses,191730,00,00,0,S004,Demo Logistics Services,D05,Demo Digital Services,,,0,,,0,,,,,1113,"[""20220213"",""900609""]",1113-D,,cor:monetaryAmount,"{""d_cor_accountingEntries"":""1"",""d_cor_entryDetail"":""1113-D"",""d_cor_entryHeader"":""[\""20220213\"",\""900609\""]""}"
30,1,2022-02,2022-02-13,900615,Synthetic demo purchase on account 900615,,,0,,,0,,,,,2000,Demo Accounts Payable,292150,00,00,0,V001,Demo Vendor Keystone,D04,Demo Logistics,1114,"[""20220213"",""900615""]",,1114-C,cor:monetaryAmount,"{""d_cor_accountingEntries"":""1"",""d_cor_entryDetail"":""1114-C"",""d_cor_entryHeader"":""[\""20220213\"",\""900615\""]""}"
30,2,2022-02,2022-02-13,900615,Synthetic demo purchase on account 900615,5000,Demo Purchases,292150,C5,C5,26559,V006,Demo Vendor Prairie,D04,Demo Logistics,,,0,,,0,,,,,1114,"[""20220213"",""900615""]",1114-D,,cor:monetaryAmount,"{""d_cor_accountingEntries"":""1"",""d_cor_entryDetail"":""1114-D"",""d_cor_entryHeader"":""[\""20220213\"",\""900615\""]""}"
31,1,2022-02,2022-02-13,900638,Synthetic demo operating expense 900638,,,0,,,0,,,,,1120,Demo Harbor Ordinary Deposit,54560,00,00,0,B003,Harbor Demo Bank,D05,Demo Digital Services,1115,"[""20220213"",""900638""]",,1115-C,cor:monetaryAmount,"{""d_cor_accountingEntries"":""1"",""d_cor_entryDetail"":""1115-C"",""d_cor_entryHeader"":""[\""20220213\"",\""900638\""]""}"
31,2,2022-02,2022-02-13,900638,Synthetic demo operating expense 900638,6100,Demo Repairs,54560,Q5,Q5,4960,V001,Demo Vendor Keystone,D05,Demo Digital Services,,,0,,,0,,,,,1115,"[""20220213"",""900638""]",1115-D,,cor:monetaryAmount,"{""d_cor_accountingEntries"":""1"",""d_cor_entryDetail"":""1115-D"",""d_cor_entryHeader"":""[\""20220213\"",\""900638\""]""}"
32,1,2022-02,2022-02-14,900610,Synthetic demo mixed sales and receipt 900610,1110,Demo North Current Deposit,294300,00,00,0,B002,North Demo Bank,D01,Demo Sales,,,0,,,0,,,,,1116,"[""20220214"",""900610""]",1116-D,,cor:monetaryAmount,"{""d_cor_accountingEntries"":""1"",""d_cor_entryDetail"":""1116-D"",""d_cor_entryHeader"":""[\""20220214\"",\""900610\""]""}"
32,2,2022-02,2022-02-14,900610,Synthetic demo mixed sales and receipt 900610,1200,Demo Accounts Receivable,460340,00,00,0,C001,Demo Customer Aurora,D01,Demo Sales,,,0,,,0,,,,,1117,"[""20220214"",""900610""]",1117-D,,cor:monetaryAmount,"{""d_cor_accountingEntries"":""1"",""d_cor_entryDetail"":""1117-D"",""d_cor_entryHeader"":""[\""20220214\"",\""900610\""]""}"
32,3,2022-02,2022-02-14,900610,Synthetic demo mixed sales and receipt 900610,,,0,,,0,,,,,4000,Demo Product Sales,135830,B5,B5,12348,C002,Demo Customer Birch,D01,Demo Sales,1118,"[""20220214"",""900610""]",,1118-C,cor:monetaryAmount,"{""d_cor_accountingEntries"":""1"",""d_cor_entryDetail"":""1118-C"",""d_cor_entryHeader"":""[\""20220214\"",\""900610\""]""}"
32,4,2022-02,2022-02-14,900610,Synthetic demo mixed sales and receipt 900610,,,0,,,0,,,,,4010,Demo Service Revenue,618810,B5,B5,56255,C003,Demo Customer Cobalt,D01,Demo Sales,1119,"[""20220214"",""900610""]",,1119-C,cor:monetaryAmount,"{""d_cor_accountingEntries"":""1"",""d_cor_entryDetail"":""1119-C"",""d_cor_entryHeader"":""[\""20220214\"",\""900610\""]""}"
33,1,2022-02,2022-02-14,900619,Synthetic demo operating cost bundle 900619,,,0,,,0,,,,,1110,Demo North Current Deposit,233280,00,00,0,B002,North Demo Bank,D03,Demo Operations,1120,"[""20220214"",""900619""]",,1120-C,cor:monetaryAmount,"{""d_cor_accountingEntries"":""1"",""d_cor_entryDetail"":""1120-C"",""d_cor_entryHeader"":""[\""20220214\"",\""900619\""]""}"
33,2,2022-02,2022-02-14,900619,Synthetic demo operating cost bundle 900619,6030,Demo Utilities,46650,Q5,Q5,4241,S002,Demo Energy Services,D03,Demo Operations,,,0,,,0,,,,,1120,"[""20220214"",""900619""]",1120-D,,cor:monetaryAmount,"{""d_cor_accountingEntries"":""1"",""d_cor_entryDetail"":""1120-D"",""d_cor_entryHeader"":""[\""20220214\"",\""900619\""]""}"
33,3,2022-02,2022-02-14,900619,Synthetic demo operating cost bundle 900619,6040,Demo Communication,27990,Q5,Q5,2545,S003,Demo Network Services,D03,Demo Operations,,,0,,,0,,,,,1121,"[""20220214"",""900619""]",1121-D,,cor:monetaryAmount,"{""d_cor_accountingEntries"":""1"",""d_cor_entryDetail"":""1121-D"",""d_cor_entryHeader"":""[\""20220214\"",\""900619\""]""}"
33,4,2022-02,2022-02-14,900619,Synthetic demo operating cost bundle 900619,6060,Demo Office Supplies,158640,Q6,Q6,11751,V010,Demo Vendor Tandem,D03,Demo Operations,,,0,,,0,,,,,1122,"[""20220214"",""900619""]",1122-D,,cor:monetaryAmount,"{""d_cor_accountingEntries"":""1"",""d_cor_entryDetail"":""1122-D"",""d_cor_entryHeader"":""[\""20220214\"",\""900619\""]""}"
34,1,2022-02,2022-02-14,900622,Synthetic demo credit sale 900622,,,0,,,0,,,,,4010,Demo Service Revenue,362110,B5,B5,32919,C007,Demo Customer Grove,D01,Demo Sales,1123,"[""20220214"",""900622""]",,1123-C,cor:monetaryAmount,"{""d_cor_accountingEntries"":""1"",""d_cor_entryDetail"":""1123-C"",""d_cor_entryHeader"":""[\""20220214\"",\""900622\""]""}"
34,2,2022-02,2022-02-14,900622,Synthetic demo credit sale 900622,1200,Demo Accounts Receivable,362110,00,00,0,C001,Demo Customer Aurora,D01,Demo Sales,,,0,,,0,,,,,1123,"[""20220214"",""900622""]",1123-D,,cor:monetaryAmount,"{""d_cor_accountingEntries"":""1"",""d_cor_entryDetail"":""1123-D"",""d_cor_entryHeader"":""[\""20220214\"",\""900622\""]""}"
35,1,2022-02,2022-02-15,900612,Synthetic demo monthly payroll bundle 900612,,,0,,,0,,,,,1100,Demo Central Ordinary Deposit,338370,00,00,0,B001,Demo Central Bank,D02,Demo Administration,1124,"[""20220215"",""900612""]",,1124-C,cor:monetaryAmount,"{""d_cor_accountingEntries"":""1"",""d_cor_entryDetail"":""1124-C"",""d_cor_entryHeader"":""[\""20220215\"",\""900612\""]""}"
35,2,2022-02,2022-02-15,900612,Synthetic demo monthly payroll bundle 900612,6000,Demo Salaries,162410,00,00,0,,,D02,Demo Administration,,,0,,,0,,,,,1124,"[""20220215"",""900612""]",1124-D,,cor:monetaryAmount,"{""d_cor_accountingEntries"":""1"",""d_cor_entryDetail"":""1124-D"",""d_cor_entryHeader"":""[\""20220215\"",\""900612\""]""}"
35,3,2022-02,2022-02-15,900612,Synthetic demo monthly payroll bundle 900612,6010,Demo Statutory Welfare,125190,00,00,0,,,D02,Demo Administration,,,0,,,0,,,,,1125,"[""20220215"",""900612""]",1125-D,,cor:monetaryAmount,"{""d_cor_accountingEntries"":""1"",""d_cor_entryDetail"":""1125-D"",""d_cor_entryHeader"":""[\""20220215\"",\""900612\""]""}"
35,4,2022-02,2022-02-15,900612,Synthetic demo monthly payroll bundle 900612,2110,Demo Payroll Withholding,50770,00,00,0,,,D02,Demo Administration,,,0,,,0,,,,,1126,"[""20220215"",""900612""]",1126-D,,cor:monetaryAmount,"{""d_cor_accountingEntries"":""1"",""d_cor_entryDetail"":""1126-D"",""d_cor_entryHeader"":""[\""20220215\"",\""900612\""]""}"
36,1,2022-02,2022-02-15,900639,Synthetic demo prepaid service 900639,,,0,,,0,,,,,1100,Demo Central Ordinary Deposit,63590,00,00,0,B001,Demo Central Bank,D05,Demo Digital Services,1127,"[""20220215"",""900639""]",,1127-C,cor:monetaryAmount,"{""d_cor_accountingEntries"":""1"",""d_cor_entryDetail"":""1127-C"",""d_cor_entryHeader"":""[\""20220215\"",\""900639\""]""}"
36,2,2022-02,2022-02-15,900639,Synthetic demo prepaid service 900639,1400,Demo Prepaid Expenses,63590,00,00,0,S004,Demo Logistics Services,D05,Demo Digital Services,,,0,,,0,,,,,1127,"[""20220215"",""900639""]",1127-D,,cor:monetaryAmount,"{""d_cor_accountingEntries"":""1"",""d_cor_entryDetail"":""1127-D"",""d_cor_entryHeader"":""[\""20220215\"",\""900639\""]""}"
37,1,2022-02,2022-02-15,900640,Synthetic demo operating cost bundle 900640,,,0,,,0,,,,,1110,Demo North Current Deposit,457170,00,00,0,B002,North Demo Bank,D03,Demo Operations,1128,"[""20220215"",""900640""]",,1128-C,cor:monetaryAmount,"{""d_cor_accountingEntries"":""1"",""d_cor_entryDetail"":""1128-C"",""d_cor_entryHeader"":""[\""20220215\"",\""900640\""]""}"
37,2,2022-02,2022-02-15,900640,Synthetic demo operating cost bundle 900640,6030,Demo Utilities,68570,Q5,Q5,6234,S002,Demo Energy Services,D03,Demo Operations,,,0,,,0,,,,,1128,"[""20220215"",""900640""]",1128-D,,cor:monetaryAmount,"{""d_cor_accountingEntries"":""1"",""d_cor_entryDetail"":""1128-D"",""d_cor_entryHeader"":""[\""20220215\"",\""900640\""]""}"
37,3,2022-02,2022-02-15,900640,Synthetic demo operating cost bundle 900640,6040,Demo Communication,237720,Q5,Q5,21611,S003,Demo Network Services,D03,Demo Operations,,,0,,,0,,,,,1129,"[""20220215"",""900640""]",1129-D,,cor:monetaryAmount,"{""d_cor_accountingEntries"":""1"",""d_cor_entryDetail"":""1129-D"",""d_cor_entryHeader"":""[\""20220215\"",\""900640\""]""}"
37,4,2022-02,2022-02-15,900640,Synthetic demo operating cost bundle 900640,6060,Demo Office Supplies,150880,Q5,Q5,13716,V001,Demo Vendor Keystone,D03,Demo Operations,,,0,,,0,,,,,1130,"[""20220215"",""900640""]",1130-D,,cor:monetaryAmount,"{""d_cor_accountingEntries"":""1"",""d_cor_entryDetail"":""1130-D"",""d_cor_entryHeader"":""[\""20220215\"",\""900640\""]""}"
38,1,2022-02,2022-02-16,900625,Synthetic demo operating cost bundle 900625,,,0,,,0,,,,,1110,Demo North Current Deposit,181120,00,00,0,B002,North Demo Bank,D03,Demo Operations,1131,"[""20220216"",""900625""]",,1131-C,cor:monetaryAmount,"{""d_cor_accountingEntries"":""1"",""d_cor_entryDetail"":""1131-C"",""d_cor_entryHeader"":""[\""20220216\"",\""900625\""]""}"
38,2,2022-02,2022-02-16,900625,Synthetic demo operating cost bundle 900625,6030,Demo Utilities,45280,Q5,Q5,4116,S002,Demo Energy Services,D03,Demo Operations,,,0,,,0,,,,,1131,"[""20220216"",""900625""]",1131-D,,cor:monetaryAmount,"{""d_cor_accountingEntries"":""1"",""d_cor_entryDetail"":""1131-D"",""d_cor_entryHeader"":""[\""20220216\"",\""900625\""]""}"
38,3,2022-02,2022-02-16,900625,Synthetic demo operating cost bundle 900625,6040,Demo Communication,81500,Q5,Q5,7409,S003,Demo Network Services,D03,Demo Operations,,,0,,,0,,,,,1132,"[""20220216"",""900625""]",1132-D,,cor:monetaryAmount,"{""d_cor_accountingEntries"":""1"",""d_cor_entryDetail"":""1132-D"",""d_cor_entryHeader"":""[\""20220216\"",\""900625\""]""}"
38,4,2022-02,2022-02-16,900625,Synthetic demo operating cost bundle 900625,6060,Demo Office Supplies,54340,Q5,Q5,4940,V006,Demo Vendor Prairie,D03,Demo Operations,,,0,,,0,,,,,1133,"[""20220216"",""900625""]",1133-D,,cor:monetaryAmount,"{""d_cor_accountingEntries"":""1"",""d_cor_entryDetail"":""1133-D"",""d_cor_entryHeader"":""[\""20220216\"",\""900625\""]""}"
39,1,2022-02,2022-02-17,900607,Synthetic demo vendor settlement 900607,,,0,,,0,,,,,1110,Demo North Current Deposit,290910,00,00,0,B002,North Demo Bank,D04,Demo Logistics,1134,"[""20220217"",""900607""]",,1134-C,cor:monetaryAmount,"{""d_cor_accountingEntries"":""1"",""d_cor_entryDetail"":""1134-C"",""d_cor_entryHeader"":""[\""20220217\"",\""900607\""]""}"
39,2,2022-02,2022-02-17,900607,Synthetic demo vendor settlement 900607,2000,Demo Accounts Payable,290910,00,00,0,V001,Demo Vendor Keystone,D04,Demo Logistics,,,0,,,0,,,,,1134,"[""20220217"",""900607""]",1134-D,,cor:monetaryAmount,"{""d_cor_accountingEntries"":""1"",""d_cor_entryDetail"":""1134-D"",""d_cor_entryHeader"":""[\""20220217\"",\""900607\""]""}"
40,1,2022-02,2022-02-19,900636,Synthetic demo purchase on account 900636,,,0,,,0,,,,,2000,Demo Accounts Payable,133490,00,00,0,V001,Demo Vendor Keystone,D04,Demo Logistics,1135,"[""20220219"",""900636""]",,1135-C,cor:monetaryAmount,"{""d_cor_accountingEntries"":""1"",""d_cor_entryDetail"":""1135-C"",""d_cor_entryHeader"":""[\""20220219\"",\""900636\""]""}"
40,2,2022-02,2022-02-19,900636,Synthetic demo purchase on account 900636,5000,Demo Purchases,133490,Q5,Q5,12135,V001,Demo Vendor Keystone,D04,Demo Logistics,,,0,,,0,,,,,1135,"[""20220219"",""900636""]",1135-D,,cor:monetaryAmount,"{""d_cor_accountingEntries"":""1"",""d_cor_entryDetail"":""1135-D"",""d_cor_entryHeader"":""[\""20220219\"",\""900636\""]""}"
41,1,2022-02,2022-02-20,900608,Synthetic demo operating expense 900608,,,0,,,0,,,,,1120,Demo Harbor Ordinary Deposit,111900,00,00,0,B003,Harbor Demo Bank,D05,Demo Digital Services,1136,"[""20220220"",""900608""]",,1136-C,cor:monetaryAmount,"{""d_cor_accountingEntries"":""1"",""d_cor_entryDetail"":""1136-C"",""d_cor_entryHeader"":""[\""20220220\"",\""900608\""]""}"
41,2,2022-02,2022-02-20,900608,Synthetic demo operating expense 900608,6160,Demo Shipping,111900,Q5,Q5,10173,V001,Demo Vendor Keystone,D05,Demo Digital Services,,,0,,,0,,,,,1136,"[""20220220"",""900608""]",1136-D,,cor:monetaryAmount,"{""d_cor_accountingEntries"":""1"",""d_cor_entryDetail"":""1136-D"",""d_cor_entryHeader"":""[\""20220220\"",\""900608\""]""}"
42,1,2022-02,2022-02-21,900596,Synthetic demo purchase on account 900596,,,0,,,0,,,,,2000,Demo Accounts Payable,199620,00,00,0,V001,Demo Vendor Keystone,D04,Demo Logistics,1137,"[""20220221"",""900596""]",,1137-C,cor:monetaryAmount,"{""d_cor_accountingEntries"":""1"",""d_cor_entryDetail"":""1137-C"",""d_cor_entryHeader"":""[\""20220221\"",\""900596\""]""}"
42,2,2022-02,2022-02-21,900596,Synthetic demo purchase on account 900596,5020,Demo Inventory Adjustment,199620,Q5,Q5,18147,V001,Demo Vendor Keystone,D04,Demo Logistics,,,0,,,0,,,,,1137,"[""20220221"",""900596""]",1137-D,,cor:monetaryAmount,"{""d_cor_accountingEntries"":""1"",""d_cor_entryDetail"":""1137-D"",""d_cor_entryHeader"":""[\""20220221\"",\""900596\""]""}"
43,1,2022-02,2022-02-21,900613,Synthetic demo customer receipt 900613,,,0,,,0,,,,,1200,Demo Accounts Receivable,107170,00,00,0,C001,Demo Customer Aurora,D01,Demo Sales,1138,"[""20220221"",""900613""]",,1138-C,cor:monetaryAmount,"{""d_cor_accountingEntries"":""1"",""d_cor_entryDetail"":""1138-C"",""d_cor_entryHeader"":""[\""20220221\"",\""900613\""]""}"
43,2,2022-02,2022-02-21,900613,Synthetic demo customer receipt 900613,1110,Demo North Current Deposit,107170,00,00,0,B002,North Demo Bank,D01,Demo Sales,,,0,,,0,,,,,1138,"[""20220221"",""900613""]",1138-D,,cor:monetaryAmount,"{""d_cor_accountingEntries"":""1"",""d_cor_entryDetail"":""1138-D"",""d_cor_entryHeader"":""[\""20220221\"",\""900613\""]""}"
44,1,2022-02,2022-02-22,900611,Synthetic demo credit sale 900611,,,0,,,0,,,,,4020,Demo Other Operating Revenue,53250,B5,B5,4841,C004,Demo Customer Dawn,D01,Demo Sales,1139,"[""20220222"",""900611""]",,1139-C,cor:monetaryAmount,"{""d_cor_accountingEntries"":""1"",""d_cor_entryDetail"":""1139-C"",""d_cor_entryHeader"":""[\""20220222\"",\""900611\""]""}"
44,2,2022-02,2022-02-22,900611,Synthetic demo credit sale 900611,1200,Demo Accounts Receivable,53250,00,00,0,C001,Demo Customer Aurora,D01,Demo Sales,,,0,,,0,,,,,1139,"[""20220222"",""900611""]",1139-D,,cor:monetaryAmount,"{""d_cor_accountingEntries"":""1"",""d_cor_entryDetail"":""1139-D"",""d_cor_entryHeader"":""[\""20220222\"",\""900611\""]""}"
45,1,2022-02,2022-02-22,900632,Synthetic demo credit sale 900632,,,0,,,0,,,,,4020,Demo Other Operating Revenue,532500,B5,B5,48409,C007,Demo Customer Grove,D01,Demo Sales,1140,"[""20220222"",""900632""]",,1140-C,cor:monetaryAmount,"{""d_cor_accountingEntries"":""1"",""d_cor_entryDetail"":""1140-C"",""d_cor_entryHeader"":""[\""20220222\"",\""900632\""]""}"
45,2,2022-02,2022-02-22,900632,Synthetic demo credit sale 900632,1200,Demo Accounts Receivable,532500,00,00,0,C001,Demo Customer Aurora,D01,Demo Sales,,,0,,,0,,,,,1140,"[""20220222"",""900632""]",1140-D,,cor:monetaryAmount,"{""d_cor_accountingEntries"":""1"",""d_cor_entryDetail"":""1140-D"",""d_cor_entryHeader"":""[\""20220222\"",\""900632\""]""}"
46,1,2022-02,2022-02-23,900633,Synthetic demo customer receipt 900633,,,0,,,0,,,,,1200,Demo Accounts Receivable,53980,00,00,0,C001,Demo Customer Aurora,D01,Demo Sales,1141,"[""20220223"",""900633""]",,1141-C,cor:monetaryAmount,"{""d_cor_accountingEntries"":""1"",""d_cor_entryDetail"":""1141-C"",""d_cor_entryHeader"":""[\""20220223\"",\""900633\""]""}"
46,2,2022-02,2022-02-23,900633,Synthetic demo customer receipt 900633,1100,Demo Central Ordinary Deposit,53980,00,00,0,B001,Demo Central Bank,D01,Demo Sales,,,0,,,0,,,,,1141,"[""20220223"",""900633""]",1141-D,,cor:monetaryAmount,"{""d_cor_accountingEntries"":""1"",""d_cor_entryDetail"":""1141-D"",""d_cor_entryHeader"":""[\""20220223\"",\""900633\""]""}"
47,1,2022-02,2022-02-24,900601,Synthetic demo credit sale 900601,,,0,,,0,,,,,4010,Demo Service Revenue,524240,B5,B5,47658,C004,Demo Customer Dawn,D01,Demo Sales,1142,"[""20220224"",""900601""]",,1142-C,cor:monetaryAmount,"{""d_cor_accountingEntries"":""1"",""d_cor_entryDetail"":""1142-C"",""d_cor_entryHeader"":""[\""20220224\"",\""900601\""]""}"
47,2,2022-02,2022-02-24,900601,Synthetic demo credit sale 900601,1200,Demo Accounts Receivable,524240,00,00,0,C001,Demo Customer Aurora,D01,Demo Sales,,,0,,,0,,,,,1142,"[""20220224"",""900601""]",1142-D,,cor:monetaryAmount,"{""d_cor_accountingEntries"":""1"",""d_cor_entryDetail"":""1142-D"",""d_cor_entryHeader"":""[\""20220224\"",\""900601\""]""}"
48,1,2022-02,2022-02-24,900643,Synthetic demo customer receipt 900643,,,0,,,0,,,,,1200,Demo Accounts Receivable,325920,00,00,0,C001,Demo Customer Aurora,D01,Demo Sales,1143,"[""20220224"",""900643""]",,1143-C,cor:monetaryAmount,"{""d_cor_accountingEntries"":""1"",""d_cor_entryDetail"":""1143-C"",""d_cor_entryHeader"":""[\""20220224\"",\""900643\""]""}"
48,2,2022-02,2022-02-24,900643,Synthetic demo customer receipt 900643,1110,Demo North Current Deposit,325920,00,00,0,B002,North Demo Bank,D01,Demo Sales,,,0,,,0,,,,,1143,"[""20220224"",""900643""]",1143-D,,cor:monetaryAmount,"{""d_cor_accountingEntries"":""1"",""d_cor_entryDetail"":""1143-D"",""d_cor_entryHeader"":""[\""20220224\"",\""900643\""]""}"
49,1,2022-02,2022-02-25,900594,Synthetic demo customer receipt 900594,,,0,,,0,,,,,1200,Demo Accounts Receivable,191530,00,00,0,C001,Demo Customer Aurora,D01,Demo Sales,1144,"[""20220225"",""900594""]",,1144-C,cor:monetaryAmount,"{""d_cor_accountingEntries"":""1"",""d_cor_entryDetail"":""1144-C"",""d_cor_entryHeader"":""[\""20220225\"",\""900594\""]""}"
49,2,2022-02,2022-02-25,900594,Synthetic demo customer receipt 900594,1100,Demo Central Ordinary Deposit,191530,00,00,0,B001,Demo Central Bank,D01,Demo Sales,,,0,,,0,,,,,1144,"[""20220225"",""900594""]",1144-D,,cor:monetaryAmount,"{""d_cor_accountingEntries"":""1"",""d_cor_entryDetail"":""1144-D"",""d_cor_entryHeader"":""[\""20220225\"",\""900594\""]""}"
50,1,2022-02,2022-02-26,900602,Synthetic demo credit sale 900602,,,0,,,0,,,,,4020,Demo Other Operating Revenue,61000,B5,B5,5545,C007,Demo Customer Grove,D01,Demo Sales,1145,"[""20220226"",""900602""]",,1145-C,cor:monetaryAmount,"{""d_cor_accountingEntries"":""1"",""d_cor_entryDetail"":""1145-C"",""d_cor_entryHeader"":""[\""20220226\"",\""900602\""]""}"
50,2,2022-02,2022-02-26,900602,Synthetic demo credit sale 900602,1200,Demo Accounts Receivable,61000,00,00,0,C001,Demo Customer Aurora,D01,Demo Sales,,,0,,,0,,,,,1145,"[""20220226"",""900602""]",1145-D,,cor:monetaryAmount,"{""d_cor_accountingEntries"":""1"",""d_cor_entryDetail"":""1145-D"",""d_cor_entryHeader"":""[\""20220226\"",\""900602\""]""}"
51,1,2022-02,2022-02-26,900624,Synthetic demo customer receipt 900624,,,0,,,0,,,,,1200,Demo Accounts Receivable,308770,00,00,0,C001,Demo Customer Aurora,D01,Demo Sales,1146,"[""20220226"",""900624""]",,1146-C,cor:monetaryAmount,"{""d_cor_accountingEntries"":""1"",""d_cor_entryDetail"":""1146-C"",""d_cor_entryHeader"":""[\""20220226\"",\""900624\""]""}"
51,2,2022-02,2022-02-26,900624,Synthetic demo customer receipt 900624,1100,Demo Central Ordinary Deposit,308770,00,00,0,B001,Demo Central Bank,D01,Demo Sales,,,0,,,0,,,,,1146,"[""20220226"",""900624""]",1146-D,,cor:monetaryAmount,"{""d_cor_accountingEntries"":""1"",""d_cor_entryDetail"":""1146-D"",""d_cor_entryHeader"":""[\""20220226\"",\""900624\""]""}"
52,1,2022-02,2022-02-26,900628,Synthetic demo operating expense 900628,,,0,,,0,,,,,1110,Demo North Current Deposit,171800,00,00,0,B002,North Demo Bank,D03,Demo Operations,1147,"[""20220226"",""900628""]",,1147-C,cor:monetaryAmount,"{""d_cor_accountingEntries"":""1"",""d_cor_entryDetail"":""1147-C"",""d_cor_entryHeader"":""[\""20220226\"",\""900628\""]""}"
52,2,2022-02,2022-02-26,900628,Synthetic demo operating expense 900628,7000,Demo Taxes and Dues,171800,P0,P0,0,V001,Demo Vendor Keystone,D03,Demo Operations,,,0,,,0,,,,,1147,"[""20220226"",""900628""]",1147-D,,cor:monetaryAmount,"{""d_cor_accountingEntries"":""1"",""d_cor_entryDetail"":""1147-D"",""d_cor_entryHeader"":""[\""20220226\"",\""900628\""]""}"
53,1,2022-02,2022-02-26,900646,Synthetic demo operating cost bundle 900646,,,0,,,0,,,,,1110,Demo North Current Deposit,647850,00,00,0,B002,North Demo Bank,D03,Demo Operations,1148,"[""20220226"",""900646""]",,1148-C,cor:monetaryAmount,"{""d_cor_accountingEntries"":""1"",""d_cor_entryDetail"":""1148-C"",""d_cor_entryHeader"":""[\""20220226\"",\""900646\""]""}"
53,2,2022-02,2022-02-26,900646,Synthetic demo operating cost bundle 900646,6030,Demo Utilities,356310,Q5,Q5,32392,S002,Demo Energy Services,D03,Demo Operations,,,0,,,0,,,,,1148,"[""20220226"",""900646""]",1148-D,,cor:monetaryAmount,"{""d_cor_accountingEntries"":""1"",""d_cor_entryDetail"":""1148-D"",""d_cor_entryHeader"":""[\""20220226\"",\""900646\""]""}"
53,3,2022-02,2022-02-26,900646,Synthetic demo operating cost bundle 900646,6040,Demo Communication,129570,Q5,Q5,11779,S003,Demo Network Services,D03,Demo Operations,,,0,,,0,,,,,1149,"[""20220226"",""900646""]",1149-D,,cor:monetaryAmount,"{""d_cor_accountingEntries"":""1"",""d_cor_entryDetail"":""1149-D"",""d_cor_entryHeader"":""[\""20220226\"",\""900646\""]""}"
53,4,2022-02,2022-02-26,900646,Synthetic demo operating cost bundle 900646,6060,Demo Office Supplies,161970,Q5,Q5,14725,V007,Demo Vendor Quartz,D03,Demo Operations,,,0,,,0,,,,,1150,"[""20220226"",""900646""]",1150-D,,cor:monetaryAmount,"{""d_cor_accountingEntries"":""1"",""d_cor_entryDetail"":""1150-D"",""d_cor_entryHeader"":""[\""20220226\"",\""900646\""]""}"
54,1,2022-02,2022-02-27,900606,Synthetic demo mixed sales and receipt 900606,1100,Demo Central Ordinary Deposit,162180,00,00,0,B001,Demo Central Bank,D01,Demo Sales,,,0,,,0,,,,,1151,"[""20220227"",""900606""]",1151-D,,cor:monetaryAmount,"{""d_cor_accountingEntries"":""1"",""d_cor_entryDetail"":""1151-D"",""d_cor_entryHeader"":""[\""20220227\"",\""900606\""]""}"
54,2,2022-02,2022-02-27,900606,Synthetic demo mixed sales and receipt 900606,1200,Demo Accounts Receivable,83550,00,00,0,C001,Demo Customer Aurora,D01,Demo Sales,,,0,,,0,,,,,1152,"[""20220227"",""900606""]",1152-D,,cor:monetaryAmount,"{""d_cor_accountingEntries"":""1"",""d_cor_entryDetail"":""1152-D"",""d_cor_entryHeader"":""[\""20220227\"",\""900606\""]""}"
54,3,2022-02,2022-02-27,900606,Synthetic demo mixed sales and receipt 900606,,,0,,,0,,,,,4000,Demo Product Sales,122860,B5,B5,11169,C008,Demo Customer Halo,D01,Demo Sales,1153,"[""20220227"",""900606""]",,1153-C,cor:monetaryAmount,"{""d_cor_accountingEntries"":""1"",""d_cor_entryDetail"":""1153-C"",""d_cor_entryHeader"":""[\""20220227\"",\""900606\""]""}"
54,4,2022-02,2022-02-27,900606,Synthetic demo mixed sales and receipt 900606,,,0,,,0,,,,,4010,Demo Service Revenue,122870,B5,B5,11170,C009,Demo Customer Indigo,D01,Demo Sales,1154,"[""20220227"",""900606""]",,1154-C,cor:monetaryAmount,"{""d_cor_accountingEntries"":""1"",""d_cor_entryDetail"":""1154-C"",""d_cor_entryHeader"":""[\""20220227\"",\""900606\""]""}"
55,1,2022-02,2022-02-27,900617,Synthetic demo vendor settlement 900617,,,0,,,0,,,,,1120,Demo Harbor Ordinary Deposit,267940,00,00,0,B003,Harbor Demo Bank,D04,Demo Logistics,1155,"[""20220227"",""900617""]",,1155-C,cor:monetaryAmount,"{""d_cor_accountingEntries"":""1"",""d_cor_entryDetail"":""1155-C"",""d_cor_entryHeader"":""[\""20220227\"",\""900617\""]""}"
55,2,2022-02,2022-02-27,900617,Synthetic demo vendor settlement 900617,2000,Demo Accounts Payable,267940,00,00,0,V001,Demo Vendor Keystone,D04,Demo Logistics,,,0,,,0,,,,,1155,"[""20220227"",""900617""]",1155-D,,cor:monetaryAmount,"{""d_cor_accountingEntries"":""1"",""d_cor_entryDetail"":""1155-D"",""d_cor_entryHeader"":""[\""20220227\"",\""900617\""]""}"
56,1,2022-02,2022-02-27,900635,Synthetic demo combined customer receipt 900635,,,0,,,0,,,,,1200,Demo Accounts Receivable,139680,00,00,0,C001,Demo Customer Aurora,D01,Demo Sales,1156,"[""20220227"",""900635""]",,1156-C,cor:monetaryAmount,"{""d_cor_accountingEntries"":""1"",""d_cor_entryDetail"":""1156-C"",""d_cor_entryHeader"":""[\""20220227\"",\""900635\""]""}"
56,2,2022-02,2022-02-27,900635,Synthetic demo combined customer receipt 900635,1120,Demo Harbor Ordinary Deposit,481680,00,00,0,B003,Harbor Demo Bank,D01,Demo Sales,,,0,,,0,,,,,1156,"[""20220227"",""900635""]",1156-D,,cor:monetaryAmount,"{""d_cor_accountingEntries"":""1"",""d_cor_entryDetail"":""1156-D"",""d_cor_entryHeader"":""[\""20220227\"",\""900635\""]""}"
56,3,2022-02,2022-02-27,900635,Synthetic demo combined customer receipt 900635,,,0,,,0,,,,,1200,Demo Accounts Receivable,67430,00,00,0,C001,Demo Customer Aurora,D01,Demo Sales,1157,"[""20220227"",""900635""]",,1157-C,cor:monetaryAmount,"{""d_cor_accountingEntries"":""1"",""d_cor_entryDetail"":""1157-C"",""d_cor_entryHeader"":""[\""20220227\"",\""900635\""]""}"
56,4,2022-02,2022-02-27,900635,Synthetic demo combined customer receipt 900635,,,0,,,0,,,,,1200,Demo Accounts Receivable,274570,00,00,0,C001,Demo Customer Aurora,D01,Demo Sales,1158,"[""20220227"",""900635""]",,1158-C,cor:monetaryAmount,"{""d_cor_accountingEntries"":""1"",""d_cor_entryDetail"":""1158-C"",""d_cor_entryHeader"":""[\""20220227\"",\""900635\""]""}"
57,1,2022-02,2022-02-28,900637,Synthetic demo multi-vendor settlement 900637,2000,Demo Accounts Payable,222700,00,00,0,V001,Demo Vendor Keystone,D01,Demo Sales,,,0,,,0,,,,,1159,"[""20220228"",""900637""]",1159-D,,cor:monetaryAmount,"{""d_cor_accountingEntries"":""1"",""d_cor_entryDetail"":""1159-D"",""d_cor_entryHeader"":""[\""20220228\"",\""900637\""]""}"
57,2,2022-02,2022-02-28,900637,Synthetic demo multi-vendor settlement 900637,2100,Demo Accrued Payables,125280,00,00,0,V001,Demo Vendor Keystone,D01,Demo Sales,,,0,,,0,,,,,1160,"[""20220228"",""900637""]",1160-D,,cor:monetaryAmount,"{""d_cor_accountingEntries"":""1"",""d_cor_entryDetail"":""1160-D"",""d_cor_entryHeader"":""[\""20220228\"",\""900637\""]""}"
57,3,2022-02,2022-02-28,900637,Synthetic demo multi-vendor settlement 900637,,,0,,,0,,,,,1110,Demo North Current Deposit,254020,00,00,0,B002,North Demo Bank,D01,Demo Sales,1161,"[""20220228"",""900637""]",,1161-C,cor:monetaryAmount,"{""d_cor_accountingEntries"":""1"",""d_cor_entryDetail"":""1161-C"",""d_cor_entryHeader"":""[\""20220228\"",\""900637\""]""}"
57,4,2022-02,2022-02-28,900637,Synthetic demo multi-vendor settlement 900637,,,0,,,0,,,,,1120,Demo Harbor Ordinary Deposit,93960,00,00,0,B003,Harbor Demo Bank,D01,Demo Sales,1162,"[""20220228"",""900637""]",,1162-C,cor:monetaryAmount,"{""d_cor_accountingEntries"":""1"",""d_cor_entryDetail"":""1162-C"",""d_cor_entryHeader"":""[\""20220228\"",\""900637\""]""}"
1,1,2022-03,2022-03-01,900671,Synthetic demo credit sale 900671,,,0,,,0,,,,,4020,Demo Other Operating Revenue,478190,B5,B5,43472,C004,Demo Customer Dawn,D01,Demo Sales,1163,"[""20220301"",""900671""]",,1163-C,cor:monetaryAmount,"{""d_cor_accountingEntries"":""1"",""d_cor_entryDetail"":""1163-C"",""d_cor_entryHeader"":""[\""20220301\"",\""900671\""]""}"
1,2,2022-03,2022-03-01,900671,Synthetic demo credit sale 900671,1200,Demo Accounts Receivable,478190,00,00,0,C001,Demo Customer Aurora,D01,Demo Sales,,,0,,,0,,,,,1163,"[""20220301"",""900671""]",1163-D,,cor:monetaryAmount,"{""d_cor_accountingEntries"":""1"",""d_cor_entryDetail"":""1163-D"",""d_cor_entryHeader"":""[\""20220301\"",\""900671\""]""}"
2,1,2022-03,2022-03-01,900683,Synthetic demo customer receipt 900683,,,0,,,0,,,,,1200,Demo Accounts Receivable,450630,00,00,0,C001,Demo Customer Aurora,D01,Demo Sales,1164,"[""20220301"",""900683""]",,1164-C,cor:monetaryAmount,"{""d_cor_accountingEntries"":""1"",""d_cor_entryDetail"":""1164-C"",""d_cor_entryHeader"":""[\""20220301\"",\""900683\""]""}"
2,2,2022-03,2022-03-01,900683,Synthetic demo customer receipt 900683,1120,Demo Harbor Ordinary Deposit,450630,00,00,0,B003,Harbor Demo Bank,D01,Demo Sales,,,0,,,0,,,,,1164,"[""20220301"",""900683""]",1164-D,,cor:monetaryAmount,"{""d_cor_accountingEntries"":""1"",""d_cor_entryDetail"":""1164-D"",""d_cor_entryHeader"":""[\""20220301\"",\""900683\""]""}"
3,1,2022-03,2022-03-02,900664,Synthetic demo customer receipt 900664,,,0,,,0,,,,,1200,Demo Accounts Receivable,357170,00,00,0,C001,Demo Customer Aurora,D01,Demo Sales,1165,"[""20220302"",""900664""]",,1165-C,cor:monetaryAmount,"{""d_cor_accountingEntries"":""1"",""d_cor_entryDetail"":""1165-C"",""d_cor_entryHeader"":""[\""20220302\"",\""900664\""]""}"
3,2,2022-03,2022-03-02,900664,Synthetic demo customer receipt 900664,1110,Demo North Current Deposit,357170,00,00,0,B002,North Demo Bank,D01,Demo Sales,,,0,,,0,,,,,1165,"[""20220302"",""900664""]",1165-D,,cor:monetaryAmount,"{""d_cor_accountingEntries"":""1"",""d_cor_entryDetail"":""1165-D"",""d_cor_entryHeader"":""[\""20220302\"",\""900664\""]""}"
4,1,2022-03,2022-03-02,900692,Synthetic demo credit sale 900692,,,0,,,0,,,,,4020,Demo Other Operating Revenue,333380,B5,B5,30307,C007,Demo Customer Grove,D01,Demo Sales,1166,"[""20220302"",""900692""]",,1166-C,cor:monetaryAmount,"{""d_cor_accountingEntries"":""1"",""d_cor_entryDetail"":""1166-C"",""d_cor_entryHeader"":""[\""20220302\"",\""900692\""]""}"
4,2,2022-03,2022-03-02,900692,Synthetic demo credit sale 900692,1200,Demo Accounts Receivable,333380,00,00,0,C001,Demo Customer Aurora,D01,Demo Sales,,,0,,,0,,,,,1166,"[""20220302"",""900692""]",1166-D,,cor:monetaryAmount,"{""d_cor_accountingEntries"":""1"",""d_cor_entryDetail"":""1166-D"",""d_cor_entryHeader"":""[\""20220302\"",\""900692\""]""}"
5,1,2022-03,2022-03-02,900697,Synthetic demo vendor settlement 900697,,,0,,,0,,,,,1110,Demo North Current Deposit,300670,00,00,0,B002,North Demo Bank,D04,Demo Logistics,1167,"[""20220302"",""900697""]",,1167-C,cor:monetaryAmount,"{""d_cor_accountingEntries"":""1"",""d_cor_entryDetail"":""1167-C"",""d_cor_entryHeader"":""[\""20220302\"",\""900697\""]""}"
5,2,2022-03,2022-03-02,900697,Synthetic demo vendor settlement 900697,2000,Demo Accounts Payable,300670,00,00,0,V001,Demo Vendor Keystone,D04,Demo Logistics,,,0,,,0,,,,,1167,"[""20220302"",""900697""]",1167-D,,cor:monetaryAmount,"{""d_cor_accountingEntries"":""1"",""d_cor_entryDetail"":""1167-D"",""d_cor_entryHeader"":""[\""20220302\"",\""900697\""]""}"
6,1,2022-03,2022-03-03,900669,Synthetic demo multi-vendor settlement 900669,2000,Demo Accounts Payable,201600,00,00,0,V001,Demo Vendor Keystone,D01,Demo Sales,,,0,,,0,,,,,1168,"[""20220303"",""900669""]",1168-D,,cor:monetaryAmount,"{""d_cor_accountingEntries"":""1"",""d_cor_entryDetail"":""1168-D"",""d_cor_entryHeader"":""[\""20220303\"",\""900669\""]""}"
6,2,2022-03,2022-03-03,900669,Synthetic demo multi-vendor settlement 900669,2100,Demo Accrued Payables,193710,00,00,0,V003,Demo Vendor Mosaic,D01,Demo Sales,,,0,,,0,,,,,1169,"[""20220303"",""900669""]",1169-D,,cor:monetaryAmount,"{""d_cor_accountingEntries"":""1"",""d_cor_entryDetail"":""1169-D"",""d_cor_entryHeader"":""[\""20220303\"",\""900669\""]""}"
6,3,2022-03,2022-03-03,900669,Synthetic demo multi-vendor settlement 900669,,,0,,,0,,,,,1100,Demo Central Ordinary Deposit,102780,00,00,0,B001,Demo Central Bank,D01,Demo Sales,1170,"[""20220303"",""900669""]",,1170-C,cor:monetaryAmount,"{""d_cor_accountingEntries"":""1"",""d_cor_entryDetail"":""1170-C"",""d_cor_entryHeader"":""[\""20220303\"",\""900669\""]""}"
6,4,2022-03,2022-03-03,900669,Synthetic demo multi-vendor settlement 900669,,,0,,,0,,,,,1110,Demo North Current Deposit,292530,00,00,0,B002,North Demo Bank,D01,Demo Sales,1171,"[""20220303"",""900669""]",,1171-C,cor:monetaryAmount,"{""d_cor_accountingEntries"":""1"",""d_cor_entryDetail"":""1171-C"",""d_cor_entryHeader"":""[\""20220303\"",\""900669\""]""}"
7,1,2022-03,2022-03-03,900686,Synthetic demo purchase on account 900686,,,0,,,0,,,,,2000,Demo Accounts Payable,54120,00,00,0,V001,Demo Vendor Keystone,D04,Demo Logistics,1172,"[""20220303"",""900686""]",,1172-C,cor:monetaryAmount,"{""d_cor_accountingEntries"":""1"",""d_cor_entryDetail"":""1172-C"",""d_cor_entryHeader"":""[\""20220303\"",\""900686\""]""}"
7,2,2022-03,2022-03-03,900686,Synthetic demo purchase on account 900686,5020,Demo Inventory Adjustment,54120,Q5,Q5,4920,V001,Demo Vendor Keystone,D04,Demo Logistics,,,0,,,0,,,,,1172,"[""20220303"",""900686""]",1172-D,,cor:monetaryAmount,"{""d_cor_accountingEntries"":""1"",""d_cor_entryDetail"":""1172-D"",""d_cor_entryHeader"":""[\""20220303\"",\""900686\""]""}"
8,1,2022-03,2022-03-03,900687,Synthetic demo vendor settlement 900687,,,0,,,0,,,,,1100,Demo Central Ordinary Deposit,98750,00,00,0,B001,Demo Central Bank,D04,Demo Logistics,1173,"[""20220303"",""900687""]",,1173-C,cor:monetaryAmount,"{""d_cor_accountingEntries"":""1"",""d_cor_entryDetail"":""1173-C"",""d_cor_entryHeader"":""[\""20220303\"",\""900687\""]""}"
8,2,2022-03,2022-03-03,900687,Synthetic demo vendor settlement 900687,2000,Demo Accounts Payable,98750,00,00,0,V001,Demo Vendor Keystone,D04,Demo Logistics,,,0,,,0,,,,,1173,"[""20220303"",""900687""]",1173-D,,cor:monetaryAmount,"{""d_cor_accountingEntries"":""1"",""d_cor_entryDetail"":""1173-D"",""d_cor_entryHeader"":""[\""20220303\"",\""900687\""]""}"
9,1,2022-03,2022-03-04,900651,Synthetic demo credit sale 900651,,,0,,,0,,,,,4000,Demo Product Sales,542830,B5,B5,49348,C004,Demo Customer Dawn,D01,Demo Sales,1174,"[""20220304"",""900651""]",,1174-C,cor:monetaryAmount,"{""d_cor_accountingEntries"":""1"",""d_cor_entryDetail"":""1174-C"",""d_cor_entryHeader"":""[\""20220304\"",\""900651\""]""}"
9,2,2022-03,2022-03-04,900651,Synthetic demo credit sale 900651,1200,Demo Accounts Receivable,542830,00,00,0,C001,Demo Customer Aurora,D01,Demo Sales,,,0,,,0,,,,,1174,"[""20220304"",""900651""]",1174-D,,cor:monetaryAmount,"{""d_cor_accountingEntries"":""1"",""d_cor_entryDetail"":""1174-D"",""d_cor_entryHeader"":""[\""20220304\"",\""900651\""]""}"
10,1,2022-03,2022-03-04,900659,Synthetic demo financing settlement 900659,,,0,,,0,,,,,1120,Demo Harbor Ordinary Deposit,772050,00,00,0,B003,Harbor Demo Bank,D06,Demo Management,1175,"[""20220304"",""900659""]",,1175-C,cor:monetaryAmount,"{""d_cor_accountingEntries"":""1"",""d_cor_entryDetail"":""1175-C"",""d_cor_entryHeader"":""[\""20220304\"",\""900659\""]""}"
10,2,2022-03,2022-03-04,900659,Synthetic demo financing settlement 900659,2200,Demo Short-term Loans,532710,00,00,0,,,D06,Demo Management,,,0,,,0,,,,,1175,"[""20220304"",""900659""]",1175-D,,cor:monetaryAmount,"{""d_cor_accountingEntries"":""1"",""d_cor_entryDetail"":""1175-D"",""d_cor_entryHeader"":""[\""20220304\"",\""900659\""]""}"
10,3,2022-03,2022-03-04,900659,Synthetic demo financing settlement 900659,6070,Demo Bank Fees,38600,00,00,0,B003,Harbor Demo Bank,D06,Demo Management,,,0,,,0,,,,,1176,"[""20220304"",""900659""]",1176-D,,cor:monetaryAmount,"{""d_cor_accountingEntries"":""1"",""d_cor_entryDetail"":""1176-D"",""d_cor_entryHeader"":""[\""20220304\"",\""900659\""]""}"
10,4,2022-03,2022-03-04,900659,Synthetic demo financing settlement 900659,7000,Demo Taxes and Dues,200740,P0,P0,0,,,D06,Demo Management,,,0,,,0,,,,,1177,"[""20220304"",""900659""]",1177-D,,cor:monetaryAmount,"{""d_cor_accountingEntries"":""1"",""d_cor_entryDetail"":""1177-D"",""d_cor_entryHeader"":""[\""20220304\"",\""900659\""]""}"
11,1,2022-03,2022-03-05,900670,Synthetic demo credit sale 900670,,,0,,,0,,,,,4010,Demo Service Revenue,554310,B5,B5,50392,C001,Demo Customer Aurora,D01,Demo Sales,1178,"[""20220305"",""900670""]",,1178-C,cor:monetaryAmount,"{""d_cor_accountingEntries"":""1"",""d_cor_entryDetail"":""1178-C"",""d_cor_entryHeader"":""[\""20220305\"",\""900670\""]""}"
11,2,2022-03,2022-03-05,900670,Synthetic demo credit sale 900670,1200,Demo Accounts Receivable,554310,00,00,0,C001,Demo Customer Aurora,D01,Demo Sales,,,0,,,0,,,,,1178,"[""20220305"",""900670""]",1178-D,,cor:monetaryAmount,"{""d_cor_accountingEntries"":""1"",""d_cor_entryDetail"":""1178-D"",""d_cor_entryHeader"":""[\""20220305\"",\""900670\""]""}"
12,1,2022-03,2022-03-05,900706,Synthetic demo mixed sales and receipt 900706,1110,Demo North Current Deposit,132580,00,00,0,B002,North Demo Bank,D01,Demo Sales,,,0,,,0,,,,,1179,"[""20220305"",""900706""]",1179-D,,cor:monetaryAmount,"{""d_cor_accountingEntries"":""1"",""d_cor_entryDetail"":""1179-D"",""d_cor_entryHeader"":""[\""20220305\"",\""900706\""]""}"
12,2,2022-03,2022-03-05,900706,Synthetic demo mixed sales and receipt 900706,1200,Demo Accounts Receivable,604030,00,00,0,C001,Demo Customer Aurora,D01,Demo Sales,,,0,,,0,,,,,1180,"[""20220305"",""900706""]",1180-D,,cor:monetaryAmount,"{""d_cor_accountingEntries"":""1"",""d_cor_entryDetail"":""1180-D"",""d_cor_entryHeader"":""[\""20220305\"",\""900706\""]""}"
12,3,2022-03,2022-03-05,900706,Synthetic demo mixed sales and receipt 900706,,,0,,,0,,,,,4000,Demo Product Sales,360930,B5,B5,32812,C008,Demo Customer Halo,D01,Demo Sales,1181,"[""20220305"",""900706""]",,1181-C,cor:monetaryAmount,"{""d_cor_accountingEntries"":""1"",""d_cor_entryDetail"":""1181-C"",""d_cor_entryHeader"":""[\""20220305\"",\""900706\""]""}"
12,4,2022-03,2022-03-05,900706,Synthetic demo mixed sales and receipt 900706,,,0,,,0,,,,,4010,Demo Service Revenue,375680,B5,B5,34153,C009,Demo Customer Indigo,D01,Demo Sales,1182,"[""20220305"",""900706""]",,1182-C,cor:monetaryAmount,"{""d_cor_accountingEntries"":""1"",""d_cor_entryDetail"":""1182-C"",""d_cor_entryHeader"":""[\""20220305\"",\""900706\""]""}"
13,1,2022-03,2022-03-06,900656,Synthetic demo mixed sales and receipt 900656,1120,Demo Harbor Ordinary Deposit,304930,00,00,0,B003,Harbor Demo Bank,D01,Demo Sales,,,0,,,0,,,,,1183,"[""20220306"",""900656""]",1183-D,,cor:monetaryAmount,"{""d_cor_accountingEntries"":""1"",""d_cor_entryDetail"":""1183-D"",""d_cor_entryHeader"":""[\""20220306\"",\""900656\""]""}"
13,2,2022-03,2022-03-06,900656,Synthetic demo mixed sales and receipt 900656,1200,Demo Accounts Receivable,281490,00,00,0,C001,Demo Customer Aurora,D01,Demo Sales,,,0,,,0,,,,,1184,"[""20220306"",""900656""]",1184-D,,cor:monetaryAmount,"{""d_cor_accountingEntries"":""1"",""d_cor_entryDetail"":""1184-D"",""d_cor_entryHeader"":""[\""20220306\"",\""900656\""]""}"
13,3,2022-03,2022-03-06,900656,Synthetic demo mixed sales and receipt 900656,,,0,,,0,,,,,4000,Demo Product Sales,404620,B5,B5,36784,C008,Demo Customer Halo,D01,Demo Sales,1185,"[""20220306"",""900656""]",,1185-C,cor:monetaryAmount,"{""d_cor_accountingEntries"":""1"",""d_cor_entryDetail"":""1185-C"",""d_cor_entryHeader"":""[\""20220306\"",\""900656\""]""}"
13,4,2022-03,2022-03-06,900656,Synthetic demo mixed sales and receipt 900656,,,0,,,0,,,,,4010,Demo Service Revenue,181800,B5,B5,16527,C009,Demo Customer Indigo,D01,Demo Sales,1186,"[""20220306"",""900656""]",,1186-C,cor:monetaryAmount,"{""d_cor_accountingEntries"":""1"",""d_cor_entryDetail"":""1186-C"",""d_cor_entryHeader"":""[\""20220306\"",\""900656\""]""}"
14,1,2022-03,2022-03-06,900661,Synthetic demo credit sale 900661,,,0,,,0,,,,,4010,Demo Service Revenue,328340,B5,B5,29849,C004,Demo Customer Dawn,D01,Demo Sales,1187,"[""20220306"",""900661""]",,1187-C,cor:monetaryAmount,"{""d_cor_accountingEntries"":""1"",""d_cor_entryDetail"":""1187-C"",""d_cor_entryHeader"":""[\""20220306\"",\""900661\""]""}"
14,2,2022-03,2022-03-06,900661,Synthetic demo credit sale 900661,1200,Demo Accounts Receivable,328340,00,00,0,C001,Demo Customer Aurora,D01,Demo Sales,,,0,,,0,,,,,1187,"[""20220306"",""900661""]",1187-D,,cor:monetaryAmount,"{""d_cor_accountingEntries"":""1"",""d_cor_entryDetail"":""1187-D"",""d_cor_entryHeader"":""[\""20220306\"",\""900661\""]""}"
15,1,2022-03,2022-03-06,900695,Synthetic demo purchase on account 900695,,,0,,,0,,,,,2000,Demo Accounts Payable,39690,00,00,0,V001,Demo Vendor Keystone,D04,Demo Logistics,1188,"[""20220306"",""900695""]",,1188-C,cor:monetaryAmount,"{""d_cor_accountingEntries"":""1"",""d_cor_entryDetail"":""1188-C"",""d_cor_entryHeader"":""[\""20220306\"",\""900695\""]""}"
15,2,2022-03,2022-03-06,900695,Synthetic demo purchase on account 900695,5020,Demo Inventory Adjustment,39690,Q5,Q5,3608,V006,Demo Vendor Prairie,D04,Demo Logistics,,,0,,,0,,,,,1188,"[""20220306"",""900695""]",1188-D,,cor:monetaryAmount,"{""d_cor_accountingEntries"":""1"",""d_cor_entryDetail"":""1188-D"",""d_cor_entryHeader"":""[\""20220306\"",\""900695\""]""}"
16,1,2022-03,2022-03-07,900654,Synthetic demo customer receipt 900654,,,0,,,0,,,,,1200,Demo Accounts Receivable,510450,00,00,0,C001,Demo Customer Aurora,D01,Demo Sales,1189,"[""20220307"",""900654""]",,1189-C,cor:monetaryAmount,"{""d_cor_accountingEntries"":""1"",""d_cor_entryDetail"":""1189-C"",""d_cor_entryHeader"":""[\""20220307\"",\""900654\""]""}"
16,2,2022-03,2022-03-07,900654,Synthetic demo customer receipt 900654,1100,Demo Central Ordinary Deposit,510450,00,00,0,B001,Demo Central Bank,D01,Demo Sales,,,0,,,0,,,,,1189,"[""20220307"",""900654""]",1189-D,,cor:monetaryAmount,"{""d_cor_accountingEntries"":""1"",""d_cor_entryDetail"":""1189-D"",""d_cor_entryHeader"":""[\""20220307\"",\""900654\""]""}"
17,1,2022-03,2022-03-07,900693,Synthetic demo low-frequency account event 900693,,,0,,,0,,,,,8010,Demo Clearing,89150,00,00,0,,,D06,Demo Management,1190,"[""20220307"",""900693""]",,1190-C,cor:monetaryAmount,"{""d_cor_accountingEntries"":""1"",""d_cor_entryDetail"":""1190-C"",""d_cor_entryHeader"":""[\""20220307\"",\""900693\""]""}"
17,2,2022-03,2022-03-07,900693,Synthetic demo low-frequency account event 900693,1000,Demo Cash,89150,00,00,0,,,D06,Demo Management,,,0,,,0,,,,,1190,"[""20220307"",""900693""]",1190-D,,cor:monetaryAmount,"{""d_cor_accountingEntries"":""1"",""d_cor_entryDetail"":""1190-D"",""d_cor_entryHeader"":""[\""20220307\"",\""900693\""]""}"
18,1,2022-03,2022-03-09,900676,Synthetic demo low-frequency account event 900676,,,0,,,0,,,,,8010,Demo Clearing,153050,00,00,0,,,D06,Demo Management,1191,"[""20220309"",""900676""]",,1191-C,cor:monetaryAmount,"{""d_cor_accountingEntries"":""1"",""d_cor_entryDetail"":""1191-C"",""d_cor_entryHeader"":""[\""20220309\"",\""900676\""]""}"
18,2,2022-03,2022-03-09,900676,Synthetic demo low-frequency account event 900676,1010,Demo Petty Cash,153050,00,00,0,,,D06,Demo Management,,,0,,,0,,,,,1191,"[""20220309"",""900676""]",1191-D,,cor:monetaryAmount,"{""d_cor_accountingEntries"":""1"",""d_cor_entryDetail"":""1191-D"",""d_cor_entryHeader"":""[\""20220309\"",\""900676\""]""}"
19,1,2022-03,2022-03-09,900680,Synthetic demo low-frequency account event 900680,,,0,,,0,,,,,8010,Demo Clearing,34600,00,00,0,,,D06,Demo Management,1192,"[""20220309"",""900680""]",,1192-C,cor:monetaryAmount,"{""d_cor_accountingEntries"":""1"",""d_cor_entryDetail"":""1192-C"",""d_cor_entryHeader"":""[\""20220309\"",\""900680\""]""}"
19,2,2022-03,2022-03-09,900680,Synthetic demo low-frequency account event 900680,1210,Demo Notes Receivable,34600,00,00,0,,,D06,Demo Management,,,0,,,0,,,,,1192,"[""20220309"",""900680""]",1192-D,,cor:monetaryAmount,"{""d_cor_accountingEntries"":""1"",""d_cor_entryDetail"":""1192-D"",""d_cor_entryHeader"":""[\""20220309\"",\""900680\""]""}"
20,1,2022-03,2022-03-10,900672,Synthetic demo monthly payroll bundle 900672,,,0,,,0,,,,,1100,Demo Central Ordinary Deposit,540920,00,00,0,B001,Demo Central Bank,D02,Demo Administration,1193,"[""20220310"",""900672""]",,1193-C,cor:monetaryAmount,"{""d_cor_accountingEntries"":""1"",""d_cor_entryDetail"":""1193-C"",""d_cor_entryHeader"":""[\""20220310\"",\""900672\""]""}"
20,2,2022-03,2022-03-10,900672,Synthetic demo monthly payroll bundle 900672,6000,Demo Salaries,297500,00,00,0,,,D02,Demo Administration,,,0,,,0,,,,,1193,"[""20220310"",""900672""]",1193-D,,cor:monetaryAmount,"{""d_cor_accountingEntries"":""1"",""d_cor_entryDetail"":""1193-D"",""d_cor_entryHeader"":""[\""20220310\"",\""900672\""]""}"
20,3,2022-03,2022-03-10,900672,Synthetic demo monthly payroll bundle 900672,6010,Demo Statutory Welfare,54090,00,00,0,,,D02,Demo Administration,,,0,,,0,,,,,1194,"[""20220310"",""900672""]",1194-D,,cor:monetaryAmount,"{""d_cor_accountingEntries"":""1"",""d_cor_entryDetail"":""1194-D"",""d_cor_entryHeader"":""[\""20220310\"",\""900672\""]""}"
20,4,2022-03,2022-03-10,900672,Synthetic demo monthly payroll bundle 900672,2110,Demo Payroll Withholding,189330,00,00,0,,,D02,Demo Administration,,,0,,,0,,,,,1195,"[""20220310"",""900672""]",1195-D,,cor:monetaryAmount,"{""d_cor_accountingEntries"":""1"",""d_cor_entryDetail"":""1195-D"",""d_cor_entryHeader"":""[\""20220310\"",\""900672\""]""}"
21,1,2022-03,2022-03-10,900674,Synthetic demo low-frequency account event 900674,,,0,,,0,,,,,8010,Demo Clearing,57510,00,00,0,,,D06,Demo Management,1196,"[""20220310"",""900674""]",,1196-C,cor:monetaryAmount,"{""d_cor_accountingEntries"":""1"",""d_cor_entryDetail"":""1196-C"",""d_cor_entryHeader"":""[\""20220310\"",\""900674\""]""}"
21,2,2022-03,2022-03-10,900674,Synthetic demo low-frequency account event 900674,1300,Demo Inventory,57510,00,00,0,,,D06,Demo Management,,,0,,,0,,,,,1196,"[""20220310"",""900674""]",1196-D,,cor:monetaryAmount,"{""d_cor_accountingEntries"":""1"",""d_cor_entryDetail"":""1196-D"",""d_cor_entryHeader"":""[\""20220310\"",\""900674\""]""}"
22,1,2022-03,2022-03-10,900696,Synthetic demo low-frequency account event 900696,,,0,,,0,,,,,8010,Demo Clearing,70740,00,00,0,,,D06,Demo Management,1197,"[""20220310"",""900696""]",,1197-C,cor:monetaryAmount,"{""d_cor_accountingEntries"":""1"",""d_cor_entryDetail"":""1197-C"",""d_cor_entryHeader"":""[\""20220310\"",\""900696\""]""}"
22,2,2022-03,2022-03-10,900696,Synthetic demo low-frequency account event 900696,1410,Demo Advances Paid,70740,00,00,0,,,D06,Demo Management,,,0,,,0,,,,,1197,"[""20220310"",""900696""]",1197-D,,cor:monetaryAmount,"{""d_cor_accountingEntries"":""1"",""d_cor_entryDetail"":""1197-D"",""d_cor_entryHeader"":""[\""20220310\"",\""900696\""]""}"
23,1,2022-03,2022-03-12,900652,Synthetic demo low-frequency account event 900652,,,0,,,0,,,,,8010,Demo Clearing,166960,00,00,0,,,D06,Demo Management,1198,"[""20220312"",""900652""]",,1198-C,cor:monetaryAmount,"{""d_cor_accountingEntries"":""1"",""d_cor_entryDetail"":""1198-C"",""d_cor_entryHeader"":""[\""20220312\"",\""900652\""]""}"
23,2,2022-03,2022-03-12,900652,Synthetic demo low-frequency account event 900652,1420,Demo Temporary Payments,166960,00,00,0,,,D06,Demo Management,,,0,,,0,,,,,1198,"[""20220312"",""900652""]",1198-D,,cor:monetaryAmount,"{""d_cor_accountingEntries"":""1"",""d_cor_entryDetail"":""1198-D"",""d_cor_entryHeader"":""[\""20220312\"",\""900652\""]""}"
24,1,2022-03,2022-03-12,900655,Synthetic demo low-frequency account event 900655,,,0,,,0,,,,,8010,Demo Clearing,21070,00,00,0,,,D06,Demo Management,1199,"[""20220312"",""900655""]",,1199-C,cor:monetaryAmount,"{""d_cor_accountingEntries"":""1"",""d_cor_entryDetail"":""1199-C"",""d_cor_entryHeader"":""[\""20220312\"",\""900655\""]""}"
24,2,2022-03,2022-03-12,900655,Synthetic demo low-frequency account event 900655,1430,Demo Input Tax Receivable,21070,00,00,0,,,D06,Demo Management,,,0,,,0,,,,,1199,"[""20220312"",""900655""]",1199-D,,cor:monetaryAmount,"{""d_cor_accountingEntries"":""1"",""d_cor_entryDetail"":""1199-D"",""d_cor_entryHeader"":""[\""20220312\"",\""900655\""]""}"
25,1,2022-03,2022-03-12,900667,Synthetic demo low-frequency account event 900667,,,0,,,0,,,,,8010,Demo Clearing,114040,00,00,0,,,D06,Demo Management,1200,"[""20220312"",""900667""]",,1200-C,cor:monetaryAmount,"{""d_cor_accountingEntries"":""1"",""d_cor_entryDetail"":""1200-C"",""d_cor_entryHeader"":""[\""20220312\"",\""900667\""]""}"
25,2,2022-03,2022-03-12,900667,Synthetic demo low-frequency account event 900667,1500,Demo Equipment,114040,00,00,0,,,D06,Demo Management,,,0,,,0,,,,,1200,"[""20220312"",""900667""]",1200-D,,cor:monetaryAmount,"{""d_cor_accountingEntries"":""1"",""d_cor_entryDetail"":""1200-D"",""d_cor_entryHeader"":""[\""20220312\"",\""900667\""]""}"
26,1,2022-03,2022-03-12,900685,Synthetic demo operating cost bundle 900685,,,0,,,0,,,,,1110,Demo North Current Deposit,252290,00,00,0,B002,North Demo Bank,D03,Demo Operations,1201,"[""20220312"",""900685""]",,1201-C,cor:monetaryAmount,"{""d_cor_accountingEntries"":""1"",""d_cor_entryDetail"":""1201-C"",""d_cor_entryHeader"":""[\""20220312\"",\""900685\""]""}"
26,2,2022-03,2022-03-12,900685,Synthetic demo operating cost bundle 900685,6030,Demo Utilities,47930,Q5,Q5,4357,S002,Demo Energy Services,D03,Demo Operations,,,0,,,0,,,,,1201,"[""20220312"",""900685""]",1201-D,,cor:monetaryAmount,"{""d_cor_accountingEntries"":""1"",""d_cor_entryDetail"":""1201-D"",""d_cor_entryHeader"":""[\""20220312\"",\""900685\""]""}"
26,3,2022-03,2022-03-12,900685,Synthetic demo operating cost bundle 900685,6040,Demo Communication,5040,Q5,Q5,458,S003,Demo Network Services,D03,Demo Operations,,,0,,,0,,,,,1202,"[""20220312"",""900685""]",1202-D,,cor:monetaryAmount,"{""d_cor_accountingEntries"":""1"",""d_cor_entryDetail"":""1202-D"",""d_cor_entryHeader"":""[\""20220312\"",\""900685\""]""}"
26,4,2022-03,2022-03-12,900685,Synthetic demo operating cost bundle 900685,6060,Demo Office Supplies,199320,Q5,Q5,18120,V006,Demo Vendor Prairie,D03,Demo Operations,,,0,,,0,,,,,1203,"[""20220312"",""900685""]",1203-D,,cor:monetaryAmount,"{""d_cor_accountingEntries"":""1"",""d_cor_entryDetail"":""1203-D"",""d_cor_entryHeader"":""[\""20220312\"",\""900685\""]""}"
27,1,2022-03,2022-03-14,900701,Synthetic demo low-frequency account event 900701,,,0,,,0,,,,,8010,Demo Clearing,133420,00,00,0,,,D06,Demo Management,1204,"[""20220314"",""900701""]",,1204-C,cor:monetaryAmount,"{""d_cor_accountingEntries"":""1"",""d_cor_entryDetail"":""1204-C"",""d_cor_entryHeader"":""[\""20220314\"",\""900701\""]""}"
27,2,2022-03,2022-03-14,900701,Synthetic demo low-frequency account event 900701,1510,Demo Vehicles,133420,00,00,0,,,D06,Demo Management,,,0,,,0,,,,,1204,"[""20220314"",""900701""]",1204-D,,cor:monetaryAmount,"{""d_cor_accountingEntries"":""1"",""d_cor_entryDetail"":""1204-D"",""d_cor_entryHeader"":""[\""20220314\"",\""900701\""]""}"
28,1,2022-03,2022-03-15,900650,Synthetic demo mixed sales and receipt 900650,1120,Demo Harbor Ordinary Deposit,197400,00,00,0,B003,Harbor Demo Bank,D01,Demo Sales,,,0,,,0,,,,,1205,"[""20220315"",""900650""]",1205-D,,cor:monetaryAmount,"{""d_cor_accountingEntries"":""1"",""d_cor_entryDetail"":""1205-D"",""d_cor_entryHeader"":""[\""20220315\"",\""900650\""]""}"
28,2,2022-03,2022-03-15,900650,Synthetic demo mixed sales and receipt 900650,1200,Demo Accounts Receivable,439400,00,00,0,C001,Demo Customer Aurora,D01,Demo Sales,,,0,,,0,,,,,1206,"[""20220315"",""900650""]",1206-D,,cor:monetaryAmount,"{""d_cor_accountingEntries"":""1"",""d_cor_entryDetail"":""1206-D"",""d_cor_entryHeader"":""[\""20220315\"",\""900650\""]""}"
28,3,2022-03,2022-03-15,900650,Synthetic demo mixed sales and receipt 900650,,,0,,,0,,,,,4000,Demo Product Sales,299290,B5,B5,27208,C002,Demo Customer Birch,D01,Demo Sales,1207,"[""20220315"",""900650""]",,1207-C,cor:monetaryAmount,"{""d_cor_accountingEntries"":""1"",""d_cor_entryDetail"":""1207-C"",""d_cor_entryHeader"":""[\""20220315\"",\""900650\""]""}"
28,4,2022-03,2022-03-15,900650,Synthetic demo mixed sales and receipt 900650,,,0,,,0,,,,,4010,Demo Service Revenue,337510,B5,B5,30683,C003,Demo Customer Cobalt,D01,Demo Sales,1208,"[""20220315"",""900650""]",,1208-C,cor:monetaryAmount,"{""d_cor_accountingEntries"":""1"",""d_cor_entryDetail"":""1208-C"",""d_cor_entryHeader"":""[\""20220315\"",\""900650\""]""}"
29,1,2022-03,2022-03-15,900675,Synthetic demo multi-vendor settlement 900675,2000,Demo Accounts Payable,418040,00,00,0,V001,Demo Vendor Keystone,D01,Demo Sales,,,0,,,0,,,,,1209,"[""20220315"",""900675""]",1209-D,,cor:monetaryAmount,"{""d_cor_accountingEntries"":""1"",""d_cor_entryDetail"":""1209-D"",""d_cor_entryHeader"":""[\""20220315\"",\""900675\""]""}"
29,2,2022-03,2022-03-15,900675,Synthetic demo multi-vendor settlement 900675,2100,Demo Accrued Payables,146890,00,00,0,V009,Demo Vendor Summit,D01,Demo Sales,,,0,,,0,,,,,1210,"[""20220315"",""900675""]",1210-D,,cor:monetaryAmount,"{""d_cor_accountingEntries"":""1"",""d_cor_entryDetail"":""1210-D"",""d_cor_entryHeader"":""[\""20220315\"",\""900675\""]""}"
29,3,2022-03,2022-03-15,900675,Synthetic demo multi-vendor settlement 900675,,,0,,,0,,,,,1100,Demo Central Ordinary Deposit,220320,00,00,0,B001,Demo Central Bank,D01,Demo Sales,1211,"[""20220315"",""900675""]",,1211-C,cor:monetaryAmount,"{""d_cor_accountingEntries"":""1"",""d_cor_entryDetail"":""1211-C"",""d_cor_entryHeader"":""[\""20220315\"",\""900675\""]""}"
29,4,2022-03,2022-03-15,900675,Synthetic demo multi-vendor settlement 900675,,,0,,,0,,,,,1110,Demo North Current Deposit,344610,00,00,0,B002,North Demo Bank,D01,Demo Sales,1212,"[""20220315"",""900675""]",,1212-C,cor:monetaryAmount,"{""d_cor_accountingEntries"":""1"",""d_cor_entryDetail"":""1212-C"",""d_cor_entryHeader"":""[\""20220315\"",\""900675\""]""}"
30,1,2022-03,2022-03-15,900679,Synthetic demo operating cost bundle 900679,,,0,,,0,,,,,1110,Demo North Current Deposit,408090,00,00,0,B002,North Demo Bank,D03,Demo Operations,1213,"[""20220315"",""900679""]",,1213-C,cor:monetaryAmount,"{""d_cor_accountingEntries"":""1"",""d_cor_entryDetail"":""1213-C"",""d_cor_entryHeader"":""[\""20220315\"",\""900679\""]""}"
30,2,2022-03,2022-03-15,900679,Synthetic demo operating cost bundle 900679,6030,Demo Utilities,97940,Q5,Q5,8904,S002,Demo Energy Services,D03,Demo Operations,,,0,,,0,,,,,1213,"[""20220315"",""900679""]",1213-D,,cor:monetaryAmount,"{""d_cor_accountingEntries"":""1"",""d_cor_entryDetail"":""1213-D"",""d_cor_entryHeader"":""[\""20220315\"",\""900679\""]""}"
30,3,2022-03,2022-03-15,900679,Synthetic demo operating cost bundle 900679,6040,Demo Communication,97940,Q5,Q5,8904,S003,Demo Network Services,D03,Demo Operations,,,0,,,0,,,,,1214,"[""20220315"",""900679""]",1214-D,,cor:monetaryAmount,"{""d_cor_accountingEntries"":""1"",""d_cor_entryDetail"":""1214-D"",""d_cor_entryHeader"":""[\""20220315\"",\""900679\""]""}"
30,4,2022-03,2022-03-15,900679,Synthetic demo operating cost bundle 900679,6060,Demo Office Supplies,212210,Q5,Q5,19292,V010,Demo Vendor Tandem,D03,Demo Operations,,,0,,,0,,,,,1215,"[""20220315"",""900679""]",1215-D,,cor:monetaryAmount,"{""d_cor_accountingEntries"":""1"",""d_cor_entryDetail"":""1215-D"",""d_cor_entryHeader"":""[\""20220315\"",\""900679\""]""}"
31,1,2022-03,2022-03-17,900700,Synthetic demo mixed sales and receipt 900700,1110,Demo North Current Deposit,537560,00,00,0,B002,North Demo Bank,D01,Demo Sales,,,0,,,0,,,,,1216,"[""20220317"",""900700""]",1216-D,,cor:monetaryAmount,"{""d_cor_accountingEntries"":""1"",""d_cor_entryDetail"":""1216-D"",""d_cor_entryHeader"":""[\""20220317\"",\""900700\""]""}"
31,2,2022-03,2022-03-17,900700,Synthetic demo mixed sales and receipt 900700,1200,Demo Accounts Receivable,134390,00,00,0,C001,Demo Customer Aurora,D01,Demo Sales,,,0,,,0,,,,,1217,"[""20220317"",""900700""]",1217-D,,cor:monetaryAmount,"{""d_cor_accountingEntries"":""1"",""d_cor_entryDetail"":""1217-D"",""d_cor_entryHeader"":""[\""20220317\"",\""900700\""]""}"
31,3,2022-03,2022-03-17,900700,Synthetic demo mixed sales and receipt 900700,,,0,,,0,,,,,4000,Demo Product Sales,309090,B5,B5,28099,C002,Demo Customer Birch,D01,Demo Sales,1218,"[""20220317"",""900700""]",,1218-C,cor:monetaryAmount,"{""d_cor_accountingEntries"":""1"",""d_cor_entryDetail"":""1218-C"",""d_cor_entryHeader"":""[\""20220317\"",\""900700\""]""}"
31,4,2022-03,2022-03-17,900700,Synthetic demo mixed sales and receipt 900700,,,0,,,0,,,,,4010,Demo Service Revenue,362860,R5,R5,26879,C003,Demo Customer Cobalt,D01,Demo Sales,1219,"[""20220317"",""900700""]",,1219-C,cor:monetaryAmount,"{""d_cor_accountingEntries"":""1"",""d_cor_entryDetail"":""1219-C"",""d_cor_entryHeader"":""[\""20220317\"",\""900700\""]""}"
32,1,2022-03,2022-03-18,900649,Synthetic demo low-frequency account event 900649,,,0,,,0,,,,,8010,Demo Clearing,50040,00,00,0,,,D06,Demo Management,1220,"[""20220318"",""900649""]",,1220-C,cor:monetaryAmount,"{""d_cor_accountingEntries"":""1"",""d_cor_entryDetail"":""1220-C"",""d_cor_entryHeader"":""[\""20220318\"",\""900649\""]""}"
32,2,2022-03,2022-03-18,900649,Synthetic demo low-frequency account event 900649,1520,Demo Software,50040,00,00,0,,,D06,Demo Management,,,0,,,0,,,,,1220,"[""20220318"",""900649""]",1220-D,,cor:monetaryAmount,"{""d_cor_accountingEntries"":""1"",""d_cor_entryDetail"":""1220-D"",""d_cor_entryHeader"":""[\""20220318\"",\""900649\""]""}"
33,1,2022-03,2022-03-18,900662,Synthetic demo mixed sales and receipt 900662,1120,Demo Harbor Ordinary Deposit,191100,00,00,0,B003,Harbor Demo Bank,D01,Demo Sales,,,0,,,0,,,,,1221,"[""20220318"",""900662""]",1221-D,,cor:monetaryAmount,"{""d_cor_accountingEntries"":""1"",""d_cor_entryDetail"":""1221-D"",""d_cor_entryHeader"":""[\""20220318\"",\""900662\""]""}"
33,2,2022-03,2022-03-18,900662,Synthetic demo mixed sales and receipt 900662,1200,Demo Accounts Receivable,47780,00,00,0,C001,Demo Customer Aurora,D01,Demo Sales,,,0,,,0,,,,,1222,"[""20220318"",""900662""]",1222-D,,cor:monetaryAmount,"{""d_cor_accountingEntries"":""1"",""d_cor_entryDetail"":""1222-D"",""d_cor_entryHeader"":""[\""20220318\"",\""900662\""]""}"
33,3,2022-03,2022-03-18,900662,Synthetic demo mixed sales and receipt 900662,,,0,,,0,,,,,4000,Demo Product Sales,100320,B5,B5,9120,C004,Demo Customer Dawn,D01,Demo Sales,1223,"[""20220318"",""900662""]",,1223-C,cor:monetaryAmount,"{""d_cor_accountingEntries"":""1"",""d_cor_entryDetail"":""1223-C"",""d_cor_entryHeader"":""[\""20220318\"",\""900662\""]""}"
33,4,2022-03,2022-03-18,900662,Synthetic demo mixed sales and receipt 900662,,,0,,,0,,,,,4010,Demo Service Revenue,138560,B5,B5,12596,C005,Demo Customer Elm,D01,Demo Sales,1224,"[""20220318"",""900662""]",,1224-C,cor:monetaryAmount,"{""d_cor_accountingEntries"":""1"",""d_cor_entryDetail"":""1224-C"",""d_cor_entryHeader"":""[\""20220318\"",\""900662\""]""}"
34,1,2022-03,2022-03-18,900663,Synthetic demo low-frequency account event 900663,,,0,,,0,,,,,1590,Demo Accumulated Depreciation,127930,00,00,0,,,D06,Demo Management,1225,"[""20220318"",""900663""]",,1225-C,cor:monetaryAmount,"{""d_cor_accountingEntries"":""1"",""d_cor_entryDetail"":""1225-C"",""d_cor_entryHeader"":""[\""20220318\"",\""900663\""]""}"
34,2,2022-03,2022-03-18,900663,Synthetic demo low-frequency account event 900663,8000,Demo Suspense,127930,00,00,0,,,D06,Demo Management,,,0,,,0,,,,,1225,"[""20220318"",""900663""]",1225-D,,cor:monetaryAmount,"{""d_cor_accountingEntries"":""1"",""d_cor_entryDetail"":""1225-D"",""d_cor_entryHeader"":""[\""20220318\"",\""900663\""]""}"
35,1,2022-03,2022-03-18,900703,Synthetic demo low-frequency account event 900703,,,0,,,0,,,,,2010,Demo Notes Payable,105070,00,00,0,,,D06,Demo Management,1226,"[""20220318"",""900703""]",,1226-C,cor:monetaryAmount,"{""d_cor_accountingEntries"":""1"",""d_cor_entryDetail"":""1226-C"",""d_cor_entryHeader"":""[\""20220318\"",\""900703\""]""}"
35,2,2022-03,2022-03-18,900703,Synthetic demo low-frequency account event 900703,8000,Demo Suspense,105070,00,00,0,,,D06,Demo Management,,,0,,,0,,,,,1226,"[""20220318"",""900703""]",1226-D,,cor:monetaryAmount,"{""d_cor_accountingEntries"":""1"",""d_cor_entryDetail"":""1226-D"",""d_cor_entryHeader"":""[\""20220318\"",\""900703\""]""}"
36,1,2022-03,2022-03-18,900704,Synthetic demo financing settlement 900704,,,0,,,0,,,,,1120,Demo Harbor Ordinary Deposit,415410,00,00,0,B003,Harbor Demo Bank,D06,Demo Management,1227,"[""20220318"",""900704""]",,1227-C,cor:monetaryAmount,"{""d_cor_accountingEntries"":""1"",""d_cor_entryDetail"":""1227-C"",""d_cor_entryHeader"":""[\""20220318\"",\""900704\""]""}"
36,2,2022-03,2022-03-18,900704,Synthetic demo financing settlement 900704,2200,Demo Short-term Loans,294940,00,00,0,,,D06,Demo Management,,,0,,,0,,,,,1227,"[""20220318"",""900704""]",1227-D,,cor:monetaryAmount,"{""d_cor_accountingEntries"":""1"",""d_cor_entryDetail"":""1227-D"",""d_cor_entryHeader"":""[\""20220318\"",\""900704\""]""}"
36,3,2022-03,2022-03-18,900704,Synthetic demo financing settlement 900704,6070,Demo Bank Fees,29070,00,00,0,B003,Harbor Demo Bank,D06,Demo Management,,,0,,,0,,,,,1228,"[""20220318"",""900704""]",1228-D,,cor:monetaryAmount,"{""d_cor_accountingEntries"":""1"",""d_cor_entryDetail"":""1228-D"",""d_cor_entryHeader"":""[\""20220318\"",\""900704\""]""}"
36,4,2022-03,2022-03-18,900704,Synthetic demo financing settlement 900704,7000,Demo Taxes and Dues,91400,P0,P0,0,,,D06,Demo Management,,,0,,,0,,,,,1229,"[""20220318"",""900704""]",1229-D,,cor:monetaryAmount,"{""d_cor_accountingEntries"":""1"",""d_cor_entryDetail"":""1229-D"",""d_cor_entryHeader"":""[\""20220318\"",\""900704\""]""}"
37,1,2022-03,2022-03-19,900657,Synthetic demo low-frequency account event 900657,,,0,,,0,,,,,2120,Demo Output Tax Payable,163390,00,00,0,,,D06,Demo Management,1230,"[""20220319"",""900657""]",,1230-C,cor:monetaryAmount,"{""d_cor_accountingEntries"":""1"",""d_cor_entryDetail"":""1230-C"",""d_cor_entryHeader"":""[\""20220319\"",\""900657\""]""}"
37,2,2022-03,2022-03-19,900657,Synthetic demo low-frequency account event 900657,8000,Demo Suspense,163390,00,00,0,,,D06,Demo Management,,,0,,,0,,,,,1230,"[""20220319"",""900657""]",1230-D,,cor:monetaryAmount,"{""d_cor_accountingEntries"":""1"",""d_cor_entryDetail"":""1230-D"",""d_cor_entryHeader"":""[\""20220319\"",\""900657\""]""}"
38,1,2022-03,2022-03-19,900660,Synthetic demo low-frequency account event 900660,,,0,,,0,,,,,2130,Demo Temporary Receipts,40470,00,00,0,,,D06,Demo Management,1231,"[""20220319"",""900660""]",,1231-C,cor:monetaryAmount,"{""d_cor_accountingEntries"":""1"",""d_cor_entryDetail"":""1231-C"",""d_cor_entryHeader"":""[\""20220319\"",\""900660\""]""}"
38,2,2022-03,2022-03-19,900660,Synthetic demo low-frequency account event 900660,8000,Demo Suspense,40470,00,00,0,,,D06,Demo Management,,,0,,,0,,,,,1231,"[""20220319"",""900660""]",1231-D,,cor:monetaryAmount,"{""d_cor_accountingEntries"":""1"",""d_cor_entryDetail"":""1231-D"",""d_cor_entryHeader"":""[\""20220319\"",\""900660\""]""}"
39,1,2022-03,2022-03-19,900691,Synthetic demo operating cost bundle 900691,,,0,,,0,,,,,1110,Demo North Current Deposit,653200,00,00,0,B002,North Demo Bank,D03,Demo Operations,1232,"[""20220319"",""900691""]",,1232-C,cor:monetaryAmount,"{""d_cor_accountingEntries"":""1"",""d_cor_entryDetail"":""1232-C"",""d_cor_entryHeader"":""[\""20220319\"",\""900691\""]""}"
39,2,2022-03,2022-03-19,900691,Synthetic demo operating cost bundle 900691,6030,Demo Utilities,241680,Q5,Q5,21971,S002,Demo Energy Services,D03,Demo Operations,,,0,,,0,,,,,1232,"[""20220319"",""900691""]",1232-D,,cor:monetaryAmount,"{""d_cor_accountingEntries"":""1"",""d_cor_entryDetail"":""1232-D"",""d_cor_entryHeader"":""[\""20220319\"",\""900691\""]""}"
39,3,2022-03,2022-03-19,900691,Synthetic demo operating cost bundle 900691,6040,Demo Communication,176360,Q5,Q5,16033,S003,Demo Network Services,D03,Demo Operations,,,0,,,0,,,,,1233,"[""20220319"",""900691""]",1233-D,,cor:monetaryAmount,"{""d_cor_accountingEntries"":""1"",""d_cor_entryDetail"":""1233-D"",""d_cor_entryHeader"":""[\""20220319\"",\""900691\""]""}"
39,4,2022-03,2022-03-19,900691,Synthetic demo operating cost bundle 900691,6060,Demo Office Supplies,235160,Q5,Q5,21378,V002,Demo Vendor Lattice,D03,Demo Operations,,,0,,,0,,,,,1234,"[""20220319"",""900691""]",1234-D,,cor:monetaryAmount,"{""d_cor_accountingEntries"":""1"",""d_cor_entryDetail"":""1234-D"",""d_cor_entryHeader"":""[\""20220319\"",\""900691\""]""}"
40,1,2022-03,2022-03-19,900705,Synthetic demo low-frequency account event 900705,,,0,,,0,,,,,2300,Demo Long-term Loans,154870,00,00,0,,,D06,Demo Management,1235,"[""20220319"",""900705""]",,1235-C,cor:monetaryAmount,"{""d_cor_accountingEntries"":""1"",""d_cor_entryDetail"":""1235-C"",""d_cor_entryHeader"":""[\""20220319\"",\""900705\""]""}"
40,2,2022-03,2022-03-19,900705,Synthetic demo low-frequency account event 900705,8000,Demo Suspense,154870,00,00,0,,,D06,Demo Management,,,0,,,0,,,,,1235,"[""20220319"",""900705""]",1235-D,,cor:monetaryAmount,"{""d_cor_accountingEntries"":""1"",""d_cor_entryDetail"":""1235-D"",""d_cor_entryHeader"":""[\""20220319\"",\""900705\""]""}"
41,1,2022-03,2022-03-20,900658,Synthetic demo low-frequency account event 900658,,,0,,,0,,,,,2400,Demo Unearned Revenue,113970,00,00,0,,,D06,Demo Management,1236,"[""20220320"",""900658""]",,1236-C,cor:monetaryAmount,"{""d_cor_accountingEntries"":""1"",""d_cor_entryDetail"":""1236-C"",""d_cor_entryHeader"":""[\""20220320\"",\""900658\""]""}"
41,2,2022-03,2022-03-20,900658,Synthetic demo low-frequency account event 900658,8000,Demo Suspense,113970,00,00,0,,,D06,Demo Management,,,0,,,0,,,,,1236,"[""20220320"",""900658""]",1236-D,,cor:monetaryAmount,"{""d_cor_accountingEntries"":""1"",""d_cor_entryDetail"":""1236-D"",""d_cor_entryHeader"":""[\""20220320\"",\""900658\""]""}"
42,1,2022-03,2022-03-20,900665,Synthetic demo low-frequency account event 900665,,,0,,,0,,,,,3000,Demo Capital,78940,00,00,0,,,D06,Demo Management,1237,"[""20220320"",""900665""]",,1237-C,cor:monetaryAmount,"{""d_cor_accountingEntries"":""1"",""d_cor_entryDetail"":""1237-C"",""d_cor_entryHeader"":""[\""20220320\"",\""900665\""]""}"
42,2,2022-03,2022-03-20,900665,Synthetic demo low-frequency account event 900665,8000,Demo Suspense,78940,00,00,0,,,D06,Demo Management,,,0,,,0,,,,,1237,"[""20220320"",""900665""]",1237-D,,cor:monetaryAmount,"{""d_cor_accountingEntries"":""1"",""d_cor_entryDetail"":""1237-D"",""d_cor_entryHeader"":""[\""20220320\"",\""900665\""]""}"
43,1,2022-03,2022-03-21,900678,Synthetic demo low-frequency account event 900678,,,0,,,0,,,,,3100,Demo Retained Earnings,68330,00,00,0,,,D06,Demo Management,1238,"[""20220321"",""900678""]",,1238-C,cor:monetaryAmount,"{""d_cor_accountingEntries"":""1"",""d_cor_entryDetail"":""1238-C"",""d_cor_entryHeader"":""[\""20220321\"",\""900678\""]""}"
43,2,2022-03,2022-03-21,900678,Synthetic demo low-frequency account event 900678,8000,Demo Suspense,68330,00,00,0,,,D06,Demo Management,,,0,,,0,,,,,1238,"[""20220321"",""900678""]",1238-D,,cor:monetaryAmount,"{""d_cor_accountingEntries"":""1"",""d_cor_entryDetail"":""1238-D"",""d_cor_entryHeader"":""[\""20220321\"",\""900678\""]""}"
44,1,2022-03,2022-03-21,900694,Synthetic demo mixed sales and receipt 900694,1110,Demo North Current Deposit,386630,00,00,0,B002,North Demo Bank,D01,Demo Sales,,,0,,,0,,,,,1239,"[""20220321"",""900694""]",1239-D,,cor:monetaryAmount,"{""d_cor_accountingEntries"":""1"",""d_cor_entryDetail"":""1239-D"",""d_cor_entryHeader"":""[\""20220321\"",\""900694\""]""}"
44,2,2022-03,2022-03-21,900694,Synthetic demo mixed sales and receipt 900694,1200,Demo Accounts Receivable,122100,00,00,0,C001,Demo Customer Aurora,D01,Demo Sales,,,0,,,0,,,,,1240,"[""20220321"",""900694""]",1240-D,,cor:monetaryAmount,"{""d_cor_accountingEntries"":""1"",""d_cor_entryDetail"":""1240-D"",""d_cor_entryHeader"":""[\""20220321\"",\""900694\""]""}"
44,3,2022-03,2022-03-21,900694,Synthetic demo mixed sales and receipt 900694,,,0,,,0,,,,,4000,Demo Product Sales,366280,B5,B5,33298,C006,Demo Customer Fjord,D01,Demo Sales,1241,"[""20220321"",""900694""]",,1241-C,cor:monetaryAmount,"{""d_cor_accountingEntries"":""1"",""d_cor_entryDetail"":""1241-C"",""d_cor_entryHeader"":""[\""20220321\"",\""900694\""]""}"
44,4,2022-03,2022-03-21,900694,Synthetic demo mixed sales and receipt 900694,,,0,,,0,,,,,4010,Demo Service Revenue,142450,B5,B5,12950,C007,Demo Customer Grove,D01,Demo Sales,1242,"[""20220321"",""900694""]",,1242-C,cor:monetaryAmount,"{""d_cor_accountingEntries"":""1"",""d_cor_entryDetail"":""1242-C"",""d_cor_entryHeader"":""[\""20220321\"",\""900694\""]""}"
45,1,2022-03,2022-03-21,900708,Synthetic demo low-frequency account event 900708,,,0,,,0,,,,,4030,Demo Interest Income,29230,B5,B5,2657,,,D06,Demo Management,1243,"[""20220321"",""900708""]",,1243-C,cor:monetaryAmount,"{""d_cor_accountingEntries"":""1"",""d_cor_entryDetail"":""1243-C"",""d_cor_entryHeader"":""[\""20220321\"",\""900708\""]""}"
45,2,2022-03,2022-03-21,900708,Synthetic demo low-frequency account event 900708,8000,Demo Suspense,29230,00,00,0,,,D06,Demo Management,,,0,,,0,,,,,1243,"[""20220321"",""900708""]",1243-D,,cor:monetaryAmount,"{""d_cor_accountingEntries"":""1"",""d_cor_entryDetail"":""1243-D"",""d_cor_entryHeader"":""[\""20220321\"",\""900708\""]""}"
46,1,2022-03,2022-03-26,900666,Synthetic demo monthly payroll bundle 900666,,,0,,,0,,,,,1100,Demo Central Ordinary Deposit,469280,00,00,0,B001,Demo Central Bank,D02,Demo Administration,1244,"[""20220326"",""900666""]",,1244-C,cor:monetaryAmount,"{""d_cor_accountingEntries"":""1"",""d_cor_entryDetail"":""1244-C"",""d_cor_entryHeader"":""[\""20220326\"",\""900666\""]""}"
46,2,2022-03,2022-03-26,900666,Synthetic demo monthly payroll bundle 900666,6000,Demo Salaries,154860,00,00,0,,,D02,Demo Administration,,,0,,,0,,,,,1244,"[""20220326"",""900666""]",1244-D,,cor:monetaryAmount,"{""d_cor_accountingEntries"":""1"",""d_cor_entryDetail"":""1244-D"",""d_cor_entryHeader"":""[\""20220326\"",\""900666\""]""}"
46,3,2022-03,2022-03-26,900666,Synthetic demo monthly payroll bundle 900666,6010,Demo Statutory Welfare,28150,00,00,0,,,D02,Demo Administration,,,0,,,0,,,,,1245,"[""20220326"",""900666""]",1245-D,,cor:monetaryAmount,"{""d_cor_accountingEntries"":""1"",""d_cor_entryDetail"":""1245-D"",""d_cor_entryHeader"":""[\""20220326\"",\""900666\""]""}"
46,4,2022-03,2022-03-26,900666,Synthetic demo monthly payroll bundle 900666,2110,Demo Payroll Withholding,286270,00,00,0,,,D02,Demo Administration,,,0,,,0,,,,,1246,"[""20220326"",""900666""]",1246-D,,cor:monetaryAmount,"{""d_cor_accountingEntries"":""1"",""d_cor_entryDetail"":""1246-D"",""d_cor_entryHeader"":""[\""20220326\"",\""900666\""]""}"
47,1,2022-03,2022-03-26,900677,Synthetic demo low-frequency account event 900677,,,0,,,0,,,,,4040,Demo Miscellaneous Income,175380,B5,B5,15944,,,D06,Demo Management,1247,"[""20220326"",""900677""]",,1247-C,cor:monetaryAmount,"{""d_cor_accountingEntries"":""1"",""d_cor_entryDetail"":""1247-C"",""d_cor_entryHeader"":""[\""20220326\"",\""900677\""]""}"
47,2,2022-03,2022-03-26,900677,Synthetic demo low-frequency account event 900677,8000,Demo Suspense,175380,00,00,0,,,D06,Demo Management,,,0,,,0,,,,,1247,"[""20220326"",""900677""]",1247-D,,cor:monetaryAmount,"{""d_cor_accountingEntries"":""1"",""d_cor_entryDetail"":""1247-D"",""d_cor_entryHeader"":""[\""20220326\"",\""900677\""]""}"
48,1,2022-03,2022-03-26,900689,Synthetic demo low-frequency account event 900689,,,0,,,0,,,,,8010,Demo Clearing,170080,00,00,0,,,D06,Demo Management,1248,"[""20220326"",""900689""]",,1248-C,cor:monetaryAmount,"{""d_cor_accountingEntries"":""1"",""d_cor_entryDetail"":""1248-C"",""d_cor_entryHeader"":""[\""20220326\"",\""900689\""]""}"
48,2,2022-03,2022-03-26,900689,Synthetic demo low-frequency account event 900689,6050,Demo Business Travel,170080,Q5,Q5,15462,,,D06,Demo Management,,,0,,,0,,,,,1248,"[""20220326"",""900689""]",1248-D,,cor:monetaryAmount,"{""d_cor_accountingEntries"":""1"",""d_cor_entryDetail"":""1248-D"",""d_cor_entryHeader"":""[\""20220326\"",\""900689\""]""}"
49,1,2022-03,2022-03-26,900690,Synthetic demo low-frequency account event 900690,,,0,,,0,,,,,8010,Demo Clearing,63660,00,00,0,,,D06,Demo Management,1249,"[""20220326"",""900690""]",,1249-C,cor:monetaryAmount,"{""d_cor_accountingEntries"":""1"",""d_cor_entryDetail"":""1249-C"",""d_cor_entryHeader"":""[\""20220326\"",\""900690\""]""}"
49,2,2022-03,2022-03-26,900690,Synthetic demo low-frequency account event 900690,6090,Demo Insurance,63660,Q5,Q5,5787,,,D06,Demo Management,,,0,,,0,,,,,1249,"[""20220326"",""900690""]",1249-D,,cor:monetaryAmount,"{""d_cor_accountingEntries"":""1"",""d_cor_entryDetail"":""1249-D"",""d_cor_entryHeader"":""[\""20220326\"",\""900690\""]""}"
50,1,2022-03,2022-03-28,900684,Synthetic demo low-frequency account event 900684,,,0,,,0,,,,,8010,Demo Clearing,40850,00,00,0,,,D06,Demo Management,1250,"[""20220328"",""900684""]",,1250-C,cor:monetaryAmount,"{""d_cor_accountingEntries"":""1"",""d_cor_entryDetail"":""1250-C"",""d_cor_entryHeader"":""[\""20220328\"",\""900684\""]""}"
50,2,2022-03,2022-03-28,900684,Synthetic demo low-frequency account event 900684,6110,Demo Depreciation Expense,40850,Q5,Q5,3714,,,D06,Demo Management,,,0,,,0,,,,,1250,"[""20220328"",""900684""]",1250-D,,cor:monetaryAmount,"{""d_cor_accountingEntries"":""1"",""d_cor_entryDetail"":""1250-D"",""d_cor_entryHeader"":""[\""20220328\"",\""900684\""]""}"
51,1,2022-03,2022-03-28,900688,Synthetic demo mixed sales and receipt 900688,1110,Demo North Current Deposit,243840,00,00,0,B002,North Demo Bank,D01,Demo Sales,,,0,,,0,,,,,1251,"[""20220328"",""900688""]",1251-D,,cor:monetaryAmount,"{""d_cor_accountingEntries"":""1"",""d_cor_entryDetail"":""1251-D"",""d_cor_entryHeader"":""[\""20220328\"",\""900688\""]""}"
51,2,2022-03,2022-03-28,900688,Synthetic demo mixed sales and receipt 900688,1200,Demo Accounts Receivable,253800,00,00,0,C001,Demo Customer Aurora,D01,Demo Sales,,,0,,,0,,,,,1252,"[""20220328"",""900688""]",1252-D,,cor:monetaryAmount,"{""d_cor_accountingEntries"":""1"",""d_cor_entryDetail"":""1252-D"",""d_cor_entryHeader"":""[\""20220328\"",\""900688\""]""}"
51,3,2022-03,2022-03-28,900688,Synthetic demo mixed sales and receipt 900688,,,0,,,0,,,,,4000,Demo Product Sales,124410,B5,B5,11310,C010,Demo Customer Juniper,D01,Demo Sales,1253,"[""20220328"",""900688""]",,1253-C,cor:monetaryAmount,"{""d_cor_accountingEntries"":""1"",""d_cor_entryDetail"":""1253-C"",""d_cor_entryHeader"":""[\""20220328\"",\""900688\""]""}"
51,4,2022-03,2022-03-28,900688,Synthetic demo mixed sales and receipt 900688,,,0,,,0,,,,,4010,Demo Service Revenue,373230,B5,B5,33930,C001,Demo Customer Aurora,D01,Demo Sales,1254,"[""20220328"",""900688""]",,1254-C,cor:monetaryAmount,"{""d_cor_accountingEntries"":""1"",""d_cor_entryDetail"":""1254-C"",""d_cor_entryHeader"":""[\""20220328\"",\""900688\""]""}"
52,1,2022-03,2022-03-28,900702,Synthetic demo low-frequency account event 900702,,,0,,,0,,,,,8010,Demo Clearing,22200,00,00,0,,,D06,Demo Management,1255,"[""20220328"",""900702""]",,1255-C,cor:monetaryAmount,"{""d_cor_accountingEntries"":""1"",""d_cor_entryDetail"":""1255-C"",""d_cor_entryHeader"":""[\""20220328\"",\""900702\""]""}"
52,2,2022-03,2022-03-28,900702,Synthetic demo low-frequency account event 900702,6130,Demo Training,22200,Q5,Q5,2018,,,D06,Demo Management,,,0,,,0,,,,,1255,"[""20220328"",""900702""]",1255-D,,cor:monetaryAmount,"{""d_cor_accountingEntries"":""1"",""d_cor_entryDetail"":""1255-D"",""d_cor_entryHeader"":""[\""20220328\"",\""900702\""]""}"
53,1,2022-03,2022-03-29,900673,Synthetic demo low-frequency account event 900673,,,0,,,0,,,,,8010,Demo Clearing,27710,00,00,0,,,D06,Demo Management,1256,"[""20220329"",""900673""]",,1256-C,cor:monetaryAmount,"{""d_cor_accountingEntries"":""1"",""d_cor_entryDetail"":""1256-C"",""d_cor_entryHeader"":""[\""20220329\"",\""900673\""]""}"
53,2,2022-03,2022-03-29,900673,Synthetic demo low-frequency account event 900673,6150,Demo Software Subscription,27710,Q5,Q5,2519,,,D06,Demo Management,,,0,,,0,,,,,1256,"[""20220329"",""900673""]",1256-D,,cor:monetaryAmount,"{""d_cor_accountingEntries"":""1"",""d_cor_entryDetail"":""1256-D"",""d_cor_entryHeader"":""[\""20220329\"",\""900673\""]""}"
54,1,2022-03,2022-03-29,900681,Synthetic demo multi-vendor settlement 900681,2000,Demo Accounts Payable,220380,00,00,0,V001,Demo Vendor Keystone,D01,Demo Sales,,,0,,,0,,,,,1257,"[""20220329"",""900681""]",1257-D,,cor:monetaryAmount,"{""d_cor_accountingEntries"":""1"",""d_cor_entryDetail"":""1257-D"",""d_cor_entryHeader"":""[\""20220329\"",\""900681\""]""}"
54,2,2022-03,2022-03-29,900681,Synthetic demo multi-vendor settlement 900681,2100,Demo Accrued Payables,65840,00,00,0,V005,Demo Vendor Orchid,D01,Demo Sales,,,0,,,0,,,,,1258,"[""20220329"",""900681""]",1258-D,,cor:monetaryAmount,"{""d_cor_accountingEntries"":""1"",""d_cor_entryDetail"":""1258-D"",""d_cor_entryHeader"":""[\""20220329\"",\""900681\""]""}"
54,3,2022-03,2022-03-29,900681,Synthetic demo multi-vendor settlement 900681,,,0,,,0,,,,,1100,Demo Central Ordinary Deposit,197490,00,00,0,B001,Demo Central Bank,D01,Demo Sales,1259,"[""20220329"",""900681""]",,1259-C,cor:monetaryAmount,"{""d_cor_accountingEntries"":""1"",""d_cor_entryDetail"":""1259-C"",""d_cor_entryHeader"":""[\""20220329\"",\""900681\""]""}"
54,4,2022-03,2022-03-29,900681,Synthetic demo multi-vendor settlement 900681,,,0,,,0,,,,,1110,Demo North Current Deposit,88730,00,00,0,B002,North Demo Bank,D01,Demo Sales,1260,"[""20220329"",""900681""]",,1260-C,cor:monetaryAmount,"{""d_cor_accountingEntries"":""1"",""d_cor_entryDetail"":""1260-C"",""d_cor_entryHeader"":""[\""20220329\"",\""900681\""]""}"
55,1,2022-03,2022-03-29,900699,Synthetic demo low-frequency account event 900699,,,0,,,0,,,,,8010,Demo Clearing,84370,00,00,0,,,D06,Demo Management,1261,"[""20220329"",""900699""]",,1261-C,cor:monetaryAmount,"{""d_cor_accountingEntries"":""1"",""d_cor_entryDetail"":""1261-C"",""d_cor_entryHeader"":""[\""20220329\"",\""900699\""]""}"
55,2,2022-03,2022-03-29,900699,Synthetic demo low-frequency account event 900699,6170,Demo Miscellaneous Expense,84370,Q5,Q5,7670,,,D06,Demo Management,,,0,,,0,,,,,1261,"[""20220329"",""900699""]",1261-D,,cor:monetaryAmount,"{""d_cor_accountingEntries"":""1"",""d_cor_entryDetail"":""1261-D"",""d_cor_entryHeader"":""[\""20220329\"",\""900699\""]""}"
56,1,2022-03,2022-03-30,900648,Synthetic demo low-frequency account event 900648,,,0,,,0,,,,,8010,Demo Clearing,80460,00,00,0,,,D06,Demo Management,1262,"[""20220330"",""900648""]",,1262-C,cor:monetaryAmount,"{""d_cor_accountingEntries"":""1"",""d_cor_entryDetail"":""1262-C"",""d_cor_entryHeader"":""[\""20220330\"",\""900648\""]""}"
56,2,2022-03,2022-03-30,900648,Synthetic demo low-frequency account event 900648,7010,Demo Corporate Tax,80460,P0,P0,0,,,D06,Demo Management,,,0,,,0,,,,,1262,"[""20220330"",""900648""]",1262-D,,cor:monetaryAmount,"{""d_cor_accountingEntries"":""1"",""d_cor_entryDetail"":""1262-D"",""d_cor_entryHeader"":""[\""20220330\"",\""900648\""]""}"
57,1,2022-03,2022-03-30,900653,Synthetic demo financing settlement 900653,,,0,,,0,,,,,1120,Demo Harbor Ordinary Deposit,539220,00,00,0,B003,Harbor Demo Bank,D06,Demo Management,1263,"[""20220330"",""900653""]",,1263-C,cor:monetaryAmount,"{""d_cor_accountingEntries"":""1"",""d_cor_entryDetail"":""1263-C"",""d_cor_entryHeader"":""[\""20220330\"",\""900653\""]""}"
57,2,2022-03,2022-03-30,900653,Synthetic demo financing settlement 900653,2200,Demo Short-term Loans,323530,00,00,0,,,D06,Demo Management,,,0,,,0,,,,,1263,"[""20220330"",""900653""]",1263-D,,cor:monetaryAmount,"{""d_cor_accountingEntries"":""1"",""d_cor_entryDetail"":""1263-D"",""d_cor_entryHeader"":""[\""20220330\"",\""900653\""]""}"
57,3,2022-03,2022-03-30,900653,Synthetic demo financing settlement 900653,6070,Demo Bank Fees,53920,00,00,0,B003,Harbor Demo Bank,D06,Demo Management,,,0,,,0,,,,,1264,"[""20220330"",""900653""]",1264-D,,cor:monetaryAmount,"{""d_cor_accountingEntries"":""1"",""d_cor_entryDetail"":""1264-D"",""d_cor_entryHeader"":""[\""20220330\"",\""900653\""]""}"
57,4,2022-03,2022-03-30,900653,Synthetic demo financing settlement 900653,7000,Demo Taxes and Dues,161770,P0,P0,0,,,D06,Demo Management,,,0,,,0,,,,,1265,"[""20220330"",""900653""]",1265-D,,cor:monetaryAmount,"{""d_cor_accountingEntries"":""1"",""d_cor_entryDetail"":""1265-D"",""d_cor_entryHeader"":""[\""20220330\"",\""900653\""]""}"
58,1,2022-03,2022-03-30,900682,Synthetic demo low-frequency account event 900682,,,0,,,0,,,,,8010,Demo Clearing,164190,00,00,0,,,D06,Demo Management,1266,"[""20220330"",""900682""]",,1266-C,cor:monetaryAmount,"{""d_cor_accountingEntries"":""1"",""d_cor_entryDetail"":""1266-C"",""d_cor_entryHeader"":""[\""20220330\"",\""900682\""]""}"
58,2,2022-03,2022-03-30,900682,Synthetic demo low-frequency account event 900682,7020,Demo Consumption Tax Expense,164190,P0,P0,0,,,D06,Demo Management,,,0,,,0,,,,,1266,"[""20220330"",""900682""]",1266-D,,cor:monetaryAmount,"{""d_cor_accountingEntries"":""1"",""d_cor_entryDetail"":""1266-D"",""d_cor_entryHeader"":""[\""20220330\"",\""900682\""]""}"
59,1,2022-03,2022-03-30,900698,Synthetic demo financing settlement 900698,,,0,,,0,,,,,1120,Demo Harbor Ordinary Deposit,659310,00,00,0,B003,Harbor Demo Bank,D06,Demo Management,1267,"[""20220330"",""900698""]",,1267-C,cor:monetaryAmount,"{""d_cor_accountingEntries"":""1"",""d_cor_entryDetail"":""1267-C"",""d_cor_entryHeader"":""[\""20220330\"",\""900698\""]""}"
59,2,2022-03,2022-03-30,900698,Synthetic demo financing settlement 900698,2200,Demo Short-term Loans,375800,00,00,0,,,D06,Demo Management,,,0,,,0,,,,,1267,"[""20220330"",""900698""]",1267-D,,cor:monetaryAmount,"{""d_cor_accountingEntries"":""1"",""d_cor_entryDetail"":""1267-D"",""d_cor_entryHeader"":""[\""20220330\"",\""900698\""]""}"
59,3,2022-03,2022-03-30,900698,Synthetic demo financing settlement 900698,6070,Demo Bank Fees,125260,00,00,0,B003,Harbor Demo Bank,D06,Demo Management,,,0,,,0,,,,,1268,"[""20220330"",""900698""]",1268-D,,cor:monetaryAmount,"{""d_cor_accountingEntries"":""1"",""d_cor_entryDetail"":""1268-D"",""d_cor_entryHeader"":""[\""20220330\"",\""900698\""]""}"
59,4,2022-03,2022-03-30,900698,Synthetic demo financing settlement 900698,7000,Demo Taxes and Dues,158250,P0,P0,0,,,D06,Demo Management,,,0,,,0,,,,,1269,"[""20220330"",""900698""]",1269-D,,cor:monetaryAmount,"{""d_cor_accountingEntries"":""1"",""d_cor_entryDetail"":""1269-D"",""d_cor_entryHeader"":""[\""20220330\"",\""900698\""]""}"
60,1,2022-03,2022-03-31,900668,Synthetic demo low-frequency account event 900668,,,0,,,0,,,,,8010,Demo Clearing,139920,00,00,0,,,D06,Demo Management,1270,"[""20220331"",""900668""]",,1270-C,cor:monetaryAmount,"{""d_cor_accountingEntries"":""1"",""d_cor_entryDetail"":""1270-C"",""d_cor_entryHeader"":""[\""20220331\"",\""900668\""]""}"
60,2,2022-03,2022-03-31,900668,Synthetic demo low-frequency account event 900668,8000,Demo Suspense,139920,00,00,0,,,D06,Demo Management,,,0,,,0,,,,,1270,"[""20220331"",""900668""]",1270-D,,cor:monetaryAmount,"{""d_cor_accountingEntries"":""1"",""d_cor_entryDetail"":""1270-D"",""d_cor_entryHeader"":""[\""20220331\"",\""900668\""]""}"
61,1,2022-03,2022-03-31,900707,Synthetic demo low-frequency account event 900707,,,0,,,0,,,,,8010,Demo Clearing,41830,00,00,0,,,D06,Demo Management,1271,"[""20220331"",""900707""]",,1271-C,cor:monetaryAmount,"{""d_cor_accountingEntries"":""1"",""d_cor_entryDetail"":""1271-C"",""d_cor_entryHeader"":""[\""20220331\"",\""900707\""]""}"
61,2,2022-03,2022-03-31,900707,Synthetic demo low-frequency account event 900707,8000,Demo Suspense,41830,00,00,0,,,D06,Demo Management,,,0,,,0,,,,,1271,"[""20220331"",""900707""]",1271-D,,cor:monetaryAmount,"{""d_cor_accountingEntries"":""1"",""d_cor_entryDetail"":""1271-D"",""d_cor_entryHeader"":""[\""20220331\"",\""900707\""]""}"
RA001,1,2022-04,2022-04-10,REF-AF-AR-SET-001,Reference-after customer receipt,1120,Demo Harbor Ordinary Deposit,12695,,,,,,,,,,0,,,,,,,,REF-RA001,"[""20220410"",""REF-AF-AR-SET-001""]",1-D,,$.cor_AccountingEntries.cor_EntryHeader.cor_EntryDetail.cor_MonetaryAmount,"{""detail"":""1-D""}"
RA001,2,2022-04,2022-04-10,REF-AF-AR-SET-001,Reference-after customer receipt,,,0,,,,,,,,1200,Demo Accounts Receivable,12695,,,,C001,Demo Customer Aurora,,,REF-RA001,"[""20220410"",""REF-AF-AR-SET-001""]",,2-C,$.cor_AccountingEntries.cor_EntryHeader.cor_EntryDetail.cor_MonetaryAmount,"{""detail"":""2-C""}"
RA002,1,2022-04,2022-04-15,REF-AF-AP-SET-001,Reference-after vendor payment,2000,Demo Accounts Payable,25000,,,,V001,Demo Vendor Keystone,,,,,0,,,,,,,,REF-RA002,"[""20220415"",""REF-AF-AP-SET-001""]",1-D,,$.cor_AccountingEntries.cor_EntryHeader.cor_EntryDetail.cor_MonetaryAmount,"{""detail"":""1-D""}"
RA002,2,2022-04,2022-04-15,REF-AF-AP-SET-001,Reference-after vendor payment,,,0,,,,,,,,1120,Demo Harbor Ordinary Deposit,25000,,,,,,,,REF-RA002,"[""20220415"",""REF-AF-AP-SET-001""]",,2-C,$.cor_AccountingEntries.cor_EntryHeader.cor_EntryDetail.cor_MonetaryAmount,"{""detail"":""2-C""}"
RA003,1,2022-05,2022-05-10,REF-AF-AR-SET-002,Reference-after customer receipt,1120,Demo Harbor Ordinary Deposit,12695,,,,,,,,,,0,,,,,,,,REF-RA003,"[""20220510"",""REF-AF-AR-SET-002""]",1-D,,$.cor_AccountingEntries.cor_EntryHeader.cor_EntryDetail.cor_MonetaryAmount,"{""detail"":""1-D""}"
RA003,2,2022-05,2022-05-10,REF-AF-AR-SET-002,Reference-after customer receipt,,,0,,,,,,,,1200,Demo Accounts Receivable,12695,,,,C001,Demo Customer Aurora,,,REF-RA003,"[""20220510"",""REF-AF-AR-SET-002""]",,2-C,$.cor_AccountingEntries.cor_EntryHeader.cor_EntryDetail.cor_MonetaryAmount,"{""detail"":""2-C""}"
RA004,1,2022-05,2022-05-15,REF-AF-AP-SET-002,Reference-after vendor payment,2000,Demo Accounts Payable,25000,,,,V001,Demo Vendor Keystone,,,,,0,,,,,,,,REF-RA004,"[""20220515"",""REF-AF-AP-SET-002""]",1-D,,$.cor_AccountingEntries.cor_EntryHeader.cor_EntryDetail.cor_MonetaryAmount,"{""detail"":""1-D""}"
RA004,2,2022-05,2022-05-15,REF-AF-AP-SET-002,Reference-after vendor payment,,,0,,,,,,,,1120,Demo Harbor Ordinary Deposit,25000,,,,,,,,REF-RA004,"[""20220515"",""REF-AF-AP-SET-002""]",,2-C,$.cor_AccountingEntries.cor_EntryHeader.cor_EntryDetail.cor_MonetaryAmount,"{""detail"":""2-C""}"
