Transaction_ID,Line_ID,Entry_ID,Ledger_Side,Transaction_Date,Description,Ledger_Account_Number,Ledger_Account_Name,Subaccount_Code,Subaccount_Name,Department_Code,Department_Name,Debit_Amount,Credit_Amount,Counterpart_Account_Number,Counterpart_Account_Name,Counterpart_Subaccount_Code,Counterpart_Subaccount_Name,Counterpart_Department_Code,Counterpart_Department_Name,Balance,Month
,,,Opening,2021-12-01,* Beginning balance,10A100020,Ordinary Deposits,,,,,0,0,,,,,,,75535780,2021-12
,,,Opening,2021-12-01,* Beginning balance,10A100040,Allowance for Doubtful Accounts,,,,,0,0,,,,,,,1758018,2021-12
,,,Opening,2021-12-01,* Beginning balance,10A100060,Notes Receivable,,,,,0,0,,,,,,,71614132,2021-12
,,,Opening,2021-12-01,* Beginning balance,10A100090,Accounts Receivable,,,,,0,0,,,,,,,70833354,2021-12
,,,Opening,2021-12-01,* Beginning balance,10A100200,Electronically Recorded Monetary Claims,,,,,0,0,,,,,,,40000,2021-12
,,,Opening,2021-12-01,* Beginning balance,10A100230,Securities,,,,,0,0,,,,,,,1271350,2021-12
,,,Opening,2021-12-01,* Beginning balance,10A100280,Merchandise,,,,,0,0,,,,,,,63013226,2021-12
,,,Opening,2021-12-01,* Beginning balance,10A100610,Short-term Loans Receivable,,,,,0,0,,,,,,,760000,2021-12
,,,Opening,2021-12-01,* Beginning balance,10A100800,Guarantee Deposits,,,,,0,0,,,,,,,1200000,2021-12
,,,Opening,2021-12-01,* Beginning balance,10A100850,Temporary Consumption Tax Paid,,,,,0,0,,,,,,,2762581,2021-12
,,,Opening,2021-12-01,* Beginning balance,10A210130,Structures,,,,,0,0,,,,,,,3280000,2021-12
,,,Opening,2021-12-01,* Beginning balance,10A210410,"Tools, Furniture and Fixtures",,,,,0,0,,,,,,,4779810,2021-12
,,,Opening,2021-12-01,* Beginning balance,10A220190,Telephone Subscription Rights,,,,,0,0,,,,,,,512000,2021-12
,,,Opening,2021-12-01,* Beginning balance,10A230570,Insurance Reserve Deposits,,,,,0,0,,,,,,,2528000,2021-12
,,,Opening,2021-12-01,* Beginning balance,10A230650,Security Deposits,,,,,0,0,,,,,,,3140000,2021-12
,,,Opening,2021-12-01,* Beginning balance,10B100030,Notes Payable,,,,,0,0,,,,,,,34939075,2021-12
,,,Opening,2021-12-01,* Beginning balance,10B100040,Accounts Payable,,,,,0,0,,,,,,,58320969,2021-12
,,,Opening,2021-12-01,* Beginning balance,10B100320,Provision for Bonuses,,,,,0,0,,,,,,,5866666,2021-12
,,,Opening,2021-12-01,* Beginning balance,10B100630,Accounts Payable Other,,,,,0,0,,,,,,,7644630,2021-12
,,,Opening,2021-12-01,* Beginning balance,10B100640,Accrued Corporate Taxes,,,,,0,0,,,,,,,0,2021-12
,,,Opening,2021-12-01,* Beginning balance,10B100660,Accrued Consumption Taxes,,,,,0,0,,,,,,,0,2021-12
,,,Opening,2021-12-01,* Beginning balance,10B100670,Accrued Enterprise Taxes,,,,,0,0,,,,,,,0,2021-12
,,,Opening,2021-12-01,* Beginning balance,10B100690,Deposits Received,,,,,0,0,,,,,,,5600441,2021-12
,,,Opening,2021-12-01,* Beginning balance,10B100790,Short-term Borrowings,,,,,0,0,,,,,,,2614000,2021-12
,,,Opening,2021-12-01,* Beginning balance,10B100890,Temporary Consumption Tax Received,,,,,0,0,,,,,,,6540636,2021-12
,,,Opening,2021-12-01,* Beginning balance,10B200080,Long-term Borrowings,,,,,0,0,,,,,,,37343150,2021-12
,,,Opening,2021-12-01,* Beginning balance,10B200120,Provision for Retirement Benefits,,,,,0,0,,,,,,,18560000,2021-12
,,,Opening,2021-12-01,* Beginning balance,10B200130,Provision for Directors' Retirement Benefits,,,,,0,0,,,,,,,22000000,2021-12
,,,Opening,2021-12-01,* Beginning balance,10C110010,Capital Stock,,,,,0,0,,,,,,,10000000,2021-12
,,,Opening,2021-12-01,* Beginning balance,10C120020,Capital Reserve,,,,,0,0,,,,,,,0,2021-12
,,,Opening,2021-12-01,* Beginning balance,10C130020,Legal Retained Earnings,,,,,0,0,,,,,,,7200000,2021-12
,,,Opening,2021-12-01,* Beginning balance,10C130360,General Reserve,,,,,0,0,,,,,,,4830000,2021-12
,,,Opening,2021-12-01,* Beginning balance,10C130370,Retained Earnings Brought Forward,,,,,0,0,,,,,,,82709171,2021-12
,,,Opening,2021-12-01,* Beginning balance,10D100100,Gross Sales,,,,,0,0,,,,,,,502815431,2021-12
,,,Opening,2021-12-01,* Beginning balance,10D100110,Sales Discounts and Returns,,,,,0,0,,,,,,,1267444,2021-12
,,,Opening,2021-12-01,* Beginning balance,10E100100,Beginning Merchandise Inventory,,,,,0,0,,,,,,,0,2021-12
,,,Opening,2021-12-01,* Beginning balance,10E100120,Purchase Discounts and Returns,,,,,0,0,,,,,,,733583,2021-12
,,,Opening,2021-12-01,* Beginning balance,10E100130,Merchandise Purchases,,,,,0,0,,,,,,,309005826,2021-12
,,,Opening,2021-12-01,* Beginning balance,10E100140,Ending Merchandise Inventory,,,,,0,0,,,,,,,0,2021-12
,,,Opening,2021-12-01,* Beginning balance,10E200020,Sales Commissions,,,,,0,0,,,,,,,16844267,2021-12
,,,Opening,2021-12-01,* Beginning balance,10E200050,Advertising Expenses,,,,,0,0,,,,,,,1412700,2021-12
,,,Opening,2021-12-01,* Beginning balance,10E200090,Directors' Compensation,,,,,0,0,,,,,,,13760000,2021-12
,,,Opening,2021-12-01,* Beginning balance,10E200130,Bonuses,,,,,0,0,,,,,,,7887666,2021-12
,,,Opening,2021-12-01,* Beginning balance,10E200140,Employee Welfare Expenses,,,,,0,0,,,,,,,3452674,2021-12
,,,Opening,2021-12-01,* Beginning balance,10E200150,Entertainment Expenses,,,,,0,0,,,,,,,2515574,2021-12
,,,Opening,2021-12-01,* Beginning balance,10E200180,Communication Expenses,,,,,0,0,,,,,,,8778402,2021-12
,,,Opening,2021-12-01,* Beginning balance,10E200200,Supplies Expenses,,,,,0,0,,,,,,,2210874,2021-12
,,,Opening,2021-12-01,* Beginning balance,10E200210,Taxes and Dues,,,,,0,0,,,,,,,187000,2021-12
,,,Opening,2021-12-01,* Beginning balance,10E200220,Depreciation Expenses,,,,,0,0,,,,,,,0,2021-12
,,,Opening,2021-12-01,* Beginning balance,10E200240,Insurance Expenses,,,,,0,0,,,,,,,2550560,2021-12
,,,Opening,2021-12-01,* Beginning balance,10E200370,Salaries and Allowances,,,,,0,0,,,,,,,42249348,2021-12
,,,Opening,2021-12-01,* Beginning balance,10E200520,Temporary Wages,,,,,0,0,,,,,,,3366497,2021-12
,,,Opening,2021-12-01,* Beginning balance,10E200540,Statutory Welfare Expenses,,,,,0,0,,,,,,,6245651,2021-12
,,,Opening,2021-12-01,* Beginning balance,10E200600,Professional Fees,,,,,0,0,,,,,,,1117680,2021-12
,,,Opening,2021-12-01,* Beginning balance,10E200690,Service Fees,,,,,0,0,,,,,,,95909,2021-12
,,,Opening,2021-12-01,* Beginning balance,10E200720,Rent Expenses,,,,,0,0,,,,,,,27562000,2021-12
,,,Opening,2021-12-01,* Beginning balance,10E200730,Land and Building Rent,,,,,0,0,,,,,,,2350800,2021-12
,,,Opening,2021-12-01,* Beginning balance,10E200870,Freight Expenses,,,,,0,0,,,,,,,30054941,2021-12
,,,Opening,2021-12-01,* Beginning balance,10E201000,Repairs and Maintenance,,,,,0,0,,,,,,,301650,2021-12
,,,Opening,2021-12-01,* Beginning balance,10E201040,Utilities Expenses,,,,,0,0,,,,,,,4675489,2021-12
,,,Opening,2021-12-01,* Beginning balance,10E201110,Office Supplies Expenses,,,,,0,0,,,,,,,1010870,2021-12
,,,Opening,2021-12-01,* Beginning balance,10E201120,Vehicle Expenses,,,,,0,0,,,,,,,4966918,2021-12
,,,Opening,2021-12-01,* Beginning balance,10E201130,Meeting Expenses,,,,,0,0,,,,,,,230439,2021-12
,,,Opening,2021-12-01,* Beginning balance,10E201140,Membership Fees,,,,,0,0,,,,,,,928000,2021-12
,,,Opening,2021-12-01,* Beginning balance,10E201160,Books and Publications,,,,,0,0,,,,,,,199856,2021-12
,,,Opening,2021-12-01,* Beginning balance,10E201230,Travel and Transportation Expenses,,,,,0,0,,,,,,,8166970,2021-12
,,,Opening,2021-12-01,* Beginning balance,10E201270,Miscellaneous Expenses,,,,,0,0,,,,,,,3838489,2021-12
,,,Opening,2021-12-01,* Beginning balance,10E300020,Interest Expense,,,,,0,0,,,,,,,971043,2021-12
,,,Opening,2021-12-01,* Beginning balance,10F100070,"Corporate, Inhabitant and Enterprise Taxes",,,,,0,0,,,,,,,0,2021-12
1887.0,1.0,10,Debit,2021-12-01,Car wash expense,10E201120,Vehicle Expenses,,,010,Sapporo Sales Office,3000,0,10A100020,Cash,,,000,Common Department,4969918,2021-12
1887.0,1.0,10,Credit,2021-12-01,Car wash expense,10A100020,Cash,,,000,Common Department,0,3000,10E201120,Vehicle Expenses,,,010,Sapporo Sales Office,75532780,2021-12
1891.0,1.0,143,Debit,2021-12-01,Inspection service fee,10E201120,Vehicle Expenses,,,040,Osaka Branch,29400,0,10A100020,Cash,,,000,Common Department,4999318,2021-12
1891.0,1.0,143,Credit,2021-12-01,Inspection service fee,10A100020,Cash,,,000,Common Department,0,29400,10E201120,Vehicle Expenses,,,040,Osaka Branch,75503380,2021-12
1888.0,1.0,18,Debit,2021-12-01,Travel expense,10E201230,Travel and Transportation Expenses,,,010,Sapporo Sales Office,29500,0,10A100020,Cash,,,000,Common Department,8196470,2021-12
1888.0,1.0,18,Credit,2021-12-01,Travel expense,10A100020,Cash,,,000,Common Department,0,29500,10E201230,Travel and Transportation Expenses,,,010,Sapporo Sales Office,75473880,2021-12
1889.0,1.0,56,Debit,2021-12-01,Travel expense,10E201230,Travel and Transportation Expenses,,,020,Tokyo Branch,653500,0,10A100020,Cash,,,000,Common Department,8849970,2021-12
1889.0,1.0,56,Credit,2021-12-01,Travel expense,10A100020,Cash,,,000,Common Department,0,653500,10E201230,Travel and Transportation Expenses,,,020,Tokyo Branch,74820380,2021-12
1889.0,2.0,56,Debit,2021-12-01,Anonymized Railway Company A expense,10E201230,Travel and Transportation Expenses,,,020,Tokyo Branch,32675,0,10A100020,Cash,,,000,Common Department,8882645,2021-12
1889.0,2.0,56,Credit,2021-12-01,Anonymized Railway Company A expense,10A100020,Cash,,,000,Common Department,0,32675,10E201230,Travel and Transportation Expenses,,,020,Tokyo Branch,74787705,2021-12
1890.0,1.0,85,Debit,2021-12-01,Travel expense,10E201230,Travel and Transportation Expenses,,,030,Nagoya Branch,19800,0,10A100020,Cash,,,000,Common Department,8902445,2021-12
1890.0,1.0,85,Credit,2021-12-01,Travel expense,10A100020,Cash,,,000,Common Department,0,19800,10E201230,Travel and Transportation Expenses,,,030,Nagoya Branch,74767905,2021-12
1892.0,1.0,19,Debit,2021-12-02,Travel expense,10E201230,Travel and Transportation Expenses,,,010,Sapporo Sales Office,22000,0,10A100020,Cash,,,000,Common Department,8924445,2021-12
1892.0,1.0,19,Credit,2021-12-02,Travel expense,10A100020,Cash,,,000,Common Department,0,22000,10E201230,Travel and Transportation Expenses,,,010,Sapporo Sales Office,74745905,2021-12
1893.0,1.0,134,Debit,2021-12-03,Paper,10E201110,Office Supplies Expenses,,,030,Nagoya Branch,14600,0,10A100020,Cash,,,000,Common Department,1025470,2021-12
1893.0,1.0,134,Credit,2021-12-03,Paper,10A100020,Cash,,,000,Common Department,0,14600,10E201110,Office Supplies Expenses,,,030,Nagoya Branch,74731305,2021-12
1894.0,1.0,147,Debit,2021-12-03,Gasoline,10E201120,Vehicle Expenses,,,050,Kyushu Sales Office,6240,0,10B100630,Accounts Payable Other,,,000,Common Department,5005558,2021-12
1894.0,1.0,147,Credit,2021-12-03,Gasoline,10B100630,Accounts Payable Other,,,000,Common Department,0,6240,10E201120,Vehicle Expenses,,,050,Kyushu Sales Office,7650870,2021-12
1895.0,1.0,41,Debit,2021-12-04,Year-end gift Anonymized Store 058,10E200150,Entertainment Expenses,,,020,Tokyo Branch,69191,0,10A100020,Cash,,,000,Common Department,2584765,2021-12
1895.0,1.0,41,Credit,2021-12-04,Year-end gift Anonymized Store 058,10A100020,Cash,,,000,Common Department,0,69191,10E200150,Entertainment Expenses,,,020,Tokyo Branch,74662114,2021-12
1895.0,2.0,41,Debit,2021-12-04,Year-end gift Anonymized Partner 057,10E200150,Entertainment Expenses,,,020,Tokyo Branch,40629,0,10A100020,Cash,,,000,Common Department,2625394,2021-12
1895.0,2.0,41,Credit,2021-12-04,Year-end gift Anonymized Partner 057,10A100020,Cash,,,000,Common Department,0,40629,10E200150,Entertainment Expenses,,,020,Tokyo Branch,74621485,2021-12
1895.0,3.0,41,Debit,2021-12-04,Year-end gift Anonymized Store 087,10E200150,Entertainment Expenses,,,020,Tokyo Branch,15953,0,10A100020,Cash,,,000,Common Department,2641347,2021-12
1895.0,3.0,41,Credit,2021-12-04,Year-end gift Anonymized Store 087,10A100020,Cash,,,000,Common Department,0,15953,10E200150,Entertainment Expenses,,,020,Tokyo Branch,74605532,2021-12
1901.0,1.0,133,Debit,2021-12-05,Tax accountant fee,10E200600,Professional Fees,,,020,Tokyo Branch,139710,0,10A100020,Ordinary Deposits,20,ABC Bank Head Office,000,Common Department,1257390,2021-12
1901.0,1.0,133,Credit,2021-12-05,Tax accountant fee,10A100020,Ordinary Deposits,20,ABC Bank Head Office,000,Common Department,0,139710,10E200600,Professional Fees,,,020,Tokyo Branch,74465822,2021-12
1896.0,1.0,50,Debit,2021-12-05,Expressway toll,10E201120,Vehicle Expenses,,,020,Tokyo Branch,3500,0,10A100020,Cash,,,000,Common Department,5009058,2021-12
1896.0,1.0,50,Credit,2021-12-05,Expressway toll,10A100020,Cash,,,000,Common Department,0,3500,10E201120,Vehicle Expenses,,,020,Tokyo Branch,74462322,2021-12
1897.0,1.0,86,Debit,2021-12-05,Anonymized Railway Company A expense,10E201230,Travel and Transportation Expenses,,,030,Nagoya Branch,12000,0,10A100020,Cash,,,000,Common Department,8936445,2021-12
1897.0,1.0,86,Credit,2021-12-05,Anonymized Railway Company A expense,10A100020,Cash,,,000,Common Department,0,12000,10E201230,Travel and Transportation Expenses,,,030,Nagoya Branch,74450322,2021-12
1898.0,1.0,95,Debit,2021-12-05,Voucher No. 380 dated 12/5 Anonymized Partner 070,10A100020,Ordinary Deposits,50,MNO Bank Kitakyushu Branch,000,Common Department,986352,0,10A100090,Accounts Receivable,22,Anonymized Partner 070,000,Common Department,75436674,2021-12
1898.0,1.0,95,Credit,2021-12-05,Voucher No. 380 dated 12/5 Anonymized Partner 070,10A100090,Accounts Receivable,22,Anonymized Partner 070,000,Common Department,0,986352,10A100020,Ordinary Deposits,50,MNO Bank Kitakyushu Branch,000,Common Department,69847002,2021-12
1898.0,2.0,95,Debit,2021-12-05,Voucher No. 380 dated 12/5 Anonymized Partner 070,10E200690,Service Fees,,,050,Kyushu Sales Office,472,0,10A100090,Accounts Receivable,22,Anonymized Partner 070,000,Common Department,96381,2021-12
1898.0,2.0,95,Credit,2021-12-05,Voucher No. 380 dated 12/5 Anonymized Partner 070,10A100090,Accounts Receivable,22,Anonymized Partner 070,000,Common Department,0,472,10E200690,Service Fees,,,050,Kyushu Sales Office,69846530,2021-12
1899.0,1.0,96,Debit,2021-12-05,Voucher No. 381 dated 12/5 Anonymized Partner 082,10A100020,Ordinary Deposits,20,ABC Bank Head Office,000,Common Department,778048,0,10A100090,Accounts Receivable,26,Anonymized Partner 082,000,Common Department,76214722,2021-12
1899.0,1.0,96,Credit,2021-12-05,Voucher No. 381 dated 12/5 Anonymized Partner 082,10A100090,Accounts Receivable,26,Anonymized Partner 082,000,Common Department,0,778048,10A100020,Ordinary Deposits,20,ABC Bank Head Office,000,Common Department,69068482,2021-12
1899.0,2.0,96,Debit,2021-12-05,Voucher No. 381 dated 12/5 Anonymized Partner 082,10E200690,Service Fees,,,020,Tokyo Branch,472,0,10A100090,Accounts Receivable,26,Anonymized Partner 082,000,Common Department,96853,2021-12
1899.0,2.0,96,Credit,2021-12-05,Voucher No. 381 dated 12/5 Anonymized Partner 082,10A100090,Accounts Receivable,26,Anonymized Partner 082,000,Common Department,0,472,10E200690,Service Fees,,,020,Tokyo Branch,69068010,2021-12
1900.0,1.0,97,Debit,2021-12-05,Voucher No. 382 dated 12/5 Anonymized Partner 025,10A100020,Ordinary Deposits,30,GHI Bank Nagoya Branch,000,Common Department,1176124,0,10A100090,Accounts Receivable,27,Anonymized Partner 025,000,Common Department,77390846,2021-12
1900.0,1.0,97,Credit,2021-12-05,Voucher No. 382 dated 12/5 Anonymized Partner 025,10A100090,Accounts Receivable,27,Anonymized Partner 025,000,Common Department,0,1176124,10A100020,Ordinary Deposits,30,GHI Bank Nagoya Branch,000,Common Department,67891886,2021-12
1903.0,1.0,106,Debit,2021-12-06,Year-end gift Anonymized Store 058,10E200150,Entertainment Expenses,,,040,Osaka Branch,71810,0,10A100020,Cash,,,000,Common Department,2713157,2021-12
1903.0,1.0,106,Credit,2021-12-06,Year-end gift Anonymized Store 058,10A100020,Cash,,,000,Common Department,0,71810,10E200150,Entertainment Expenses,,,040,Osaka Branch,77319036,2021-12
1903.0,2.0,106,Debit,2021-12-06,Year-end gift Anonymized Partner 057,10E200150,Entertainment Expenses,,,040,Osaka Branch,40629,0,10A100020,Cash,,,000,Common Department,2753786,2021-12
1903.0,2.0,106,Credit,2021-12-06,Year-end gift Anonymized Partner 057,10A100020,Cash,,,000,Common Department,0,40629,10E200150,Entertainment Expenses,,,040,Osaka Branch,77278407,2021-12
1904.0,1.0,110,Debit,2021-12-06,taxi expense,10E201230,Travel and Transportation Expenses,,,040,Osaka Branch,2290,0,10A100020,Cash,,,000,Common Department,8938735,2021-12
1904.0,1.0,110,Credit,2021-12-06,taxi expense,10A100020,Cash,,,000,Common Department,0,2290,10E201230,Travel and Transportation Expenses,,,040,Osaka Branch,77276117,2021-12
1905.0,1.0,159,Debit,2021-12-06,taxi expense,10E201230,Travel and Transportation Expenses,,,050,Kyushu Sales Office,10500,0,10A100020,Cash,,,000,Common Department,8949235,2021-12
1905.0,1.0,159,Credit,2021-12-06,taxi expense,10A100020,Cash,,,000,Common Department,0,10500,10E201230,Travel and Transportation Expenses,,,050,Kyushu Sales Office,77265617,2021-12
1902.0,1.0,87,Debit,2021-12-06,taxi expense,10E201230,Travel and Transportation Expenses,,,030,Nagoya Branch,4500,0,10A100020,Cash,,,000,Common Department,8953735,2021-12
1902.0,1.0,87,Credit,2021-12-06,taxi expense,10A100020,Cash,,,000,Common Department,0,4500,10E201230,Travel and Transportation Expenses,,,030,Nagoya Branch,77261117,2021-12
1912.0,1.0,102,Debit,2021-12-07,Year-end gift Anonymized Store 089,10E200150,Entertainment Expenses,,,040,Osaka Branch,18300,0,10A100020,Cash,,,000,Common Department,2772086,2021-12
1912.0,1.0,102,Credit,2021-12-07,Year-end gift Anonymized Store 089,10A100020,Cash,,,000,Common Department,0,18300,10E200150,Entertainment Expenses,,,040,Osaka Branch,77242817,2021-12
1906.0,1.0,16,Debit,2021-12-07,Gasoline,10E201120,Vehicle Expenses,,,010,Sapporo Sales Office,2858,0,10A100020,Cash,,,000,Common Department,5011916,2021-12
1906.0,1.0,16,Credit,2021-12-07,Gasoline,10A100020,Cash,,,000,Common Department,0,2858,10E201120,Vehicle Expenses,,,010,Sapporo Sales Office,77239959,2021-12
1906.0,2.0,16,Debit,2021-12-07,Parking fee,10E201120,Vehicle Expenses,,,010,Sapporo Sales Office,378,0,10A100020,Cash,,,000,Common Department,5012294,2021-12
1906.0,2.0,16,Credit,2021-12-07,Parking fee,10A100020,Cash,,,000,Common Department,0,378,10E201120,Vehicle Expenses,,,010,Sapporo Sales Office,77239581,2021-12
1907.0,1.0,20,Debit,2021-12-07,Travel expense,10E201230,Travel and Transportation Expenses,,,010,Sapporo Sales Office,39000,0,10A100020,Cash,,,000,Common Department,8992735,2021-12
1907.0,1.0,20,Credit,2021-12-07,Travel expense,10A100020,Cash,,,000,Common Department,0,39000,10E201230,Travel and Transportation Expenses,,,010,Sapporo Sales Office,77200581,2021-12
1908.0,1.0,21,Debit,2021-12-07,Anonymized Railway Company A expense,10E201230,Travel and Transportation Expenses,,,010,Sapporo Sales Office,69500,0,10A100020,Cash,,,000,Common Department,9062235,2021-12
1908.0,1.0,21,Credit,2021-12-07,Anonymized Railway Company A expense,10A100020,Cash,,,000,Common Department,0,69500,10E201230,Travel and Transportation Expenses,,,010,Sapporo Sales Office,77131081,2021-12
1909.0,1.0,22,Debit,2021-12-07,Travel expense,10E201230,Travel and Transportation Expenses,,,010,Sapporo Sales Office,50000,0,10A100020,Cash,,,000,Common Department,9112235,2021-12
1909.0,1.0,22,Credit,2021-12-07,Travel expense,10A100020,Cash,,,000,Common Department,0,50000,10E201230,Travel and Transportation Expenses,,,010,Sapporo Sales Office,77081081,2021-12
1910.0,1.0,58,Debit,2021-12-07,Travel expense,10E201230,Travel and Transportation Expenses,,,020,Tokyo Branch,70000,0,10A100020,Cash,,,000,Common Department,9182235,2021-12
1910.0,1.0,58,Credit,2021-12-07,Travel expense,10A100020,Cash,,,000,Common Department,0,70000,10E201230,Travel and Transportation Expenses,,,020,Tokyo Branch,77011081,2021-12
1911.0,1.0,69,Debit,2021-12-07,Detergent expense,10E201270,Miscellaneous Expenses,,,010,Sapporo Sales Office,380,0,10A100020,Cash,,,000,Common Department,3838869,2021-12
1911.0,1.0,69,Credit,2021-12-07,Detergent expense,10A100020,Cash,,,000,Common Department,0,380,10E201270,Miscellaneous Expenses,,,010,Sapporo Sales Office,77010701,2021-12
1911.0,2.0,69,Debit,2021-12-07,Kitchen supplies,10E201270,Miscellaneous Expenses,,,010,Sapporo Sales Office,2710,0,10A100020,Cash,,,000,Common Department,3841579,2021-12
1911.0,2.0,69,Credit,2021-12-07,Kitchen supplies,10A100020,Cash,,,000,Common Department,0,2710,10E201270,Miscellaneous Expenses,,,010,Sapporo Sales Office,77007991,2021-12
1911.0,3.0,69,Debit,2021-12-07,Detergent expense,10E201270,Miscellaneous Expenses,,,020,Tokyo Branch,898,0,10A100020,Cash,,,000,Common Department,3842477,2021-12
1911.0,3.0,69,Credit,2021-12-07,Detergent expense,10A100020,Cash,,,000,Common Department,0,898,10E201270,Miscellaneous Expenses,,,020,Tokyo Branch,77007093,2021-12
1915.0,1.0,142,Debit,2021-12-08,Expressway toll,10E201120,Vehicle Expenses,,,040,Osaka Branch,3102,0,10A100020,Cash,,,000,Common Department,5015396,2021-12
1915.0,1.0,142,Credit,2021-12-08,Expressway toll,10A100020,Cash,,,000,Common Department,0,3102,10E201120,Vehicle Expenses,,,040,Osaka Branch,77003991,2021-12
1915.0,2.0,142,Debit,2021-12-08,Expressway toll,10E201120,Vehicle Expenses,,,040,Osaka Branch,9373,0,10A100020,Cash,,,000,Common Department,5024769,2021-12
1915.0,2.0,142,Credit,2021-12-08,Expressway toll,10A100020,Cash,,,000,Common Department,0,9373,10E201120,Vehicle Expenses,,,040,Osaka Branch,76994618,2021-12
1915.0,3.0,142,Debit,2021-12-08,Expressway toll,10E201120,Vehicle Expenses,,,040,Osaka Branch,3404,0,10A100020,Cash,,,000,Common Department,5028173,2021-12
1915.0,3.0,142,Credit,2021-12-08,Expressway toll,10A100020,Cash,,,000,Common Department,0,3404,10E201120,Vehicle Expenses,,,040,Osaka Branch,76991214,2021-12
1915.0,4.0,142,Debit,2021-12-08,Expressway toll,10E201120,Vehicle Expenses,,,040,Osaka Branch,6229,0,10A100020,Cash,,,000,Common Department,5034402,2021-12
1915.0,4.0,142,Credit,2021-12-08,Expressway toll,10A100020,Cash,,,000,Common Department,0,6229,10E201120,Vehicle Expenses,,,040,Osaka Branch,76984985,2021-12
1915.0,5.0,142,Debit,2021-12-08,Expressway toll,10E201120,Vehicle Expenses,,,040,Osaka Branch,4353,0,10A100020,Cash,,,000,Common Department,5038755,2021-12
1915.0,5.0,142,Credit,2021-12-08,Expressway toll,10A100020,Cash,,,000,Common Department,0,4353,10E201120,Vehicle Expenses,,,040,Osaka Branch,76980632,2021-12
1915.0,6.0,142,Debit,2021-12-08,Gasoline,10E201120,Vehicle Expenses,,,040,Osaka Branch,5715,0,10A100020,Cash,,,000,Common Department,5044470,2021-12
1915.0,6.0,142,Credit,2021-12-08,Gasoline,10A100020,Cash,,,000,Common Department,0,5715,10E201120,Vehicle Expenses,,,040,Osaka Branch,76974917,2021-12
1913.0,1.0,76,Debit,2021-12-08,Employee late-night meal,10E200140,Employee Welfare Expenses,,,020,Tokyo Branch,75801,0,10B100630,Accounts Payable Other,,,000,Common Department,3528475,2021-12
1913.0,1.0,76,Credit,2021-12-08,Employee late-night meal,10B100630,Accounts Payable Other,,,000,Common Department,0,75801,10E200140,Employee Welfare Expenses,,,020,Tokyo Branch,7726671,2021-12
1914.0,1.0,77,Debit,2021-12-08,golf play expense 2 people,10E200150,Entertainment Expenses,,,010,Sapporo Sales Office,14800,0,10A100020,Cash,,,000,Common Department,2786886,2021-12
1914.0,1.0,77,Credit,2021-12-08,golf play expense 2 people,10A100020,Cash,,,000,Common Department,0,14800,10E200150,Entertainment Expenses,,,010,Sapporo Sales Office,76960117,2021-12
1917.0,1.0,112,Debit,2021-12-09,Telephone expense,10E200180,Communication Expenses,,,040,Osaka Branch,173616,0,10A100020,Ordinary Deposits,40,JKL Bank Umeda Branch,000,Common Department,8952018,2021-12
1917.0,1.0,112,Credit,2021-12-09,Telephone expense,10A100020,Ordinary Deposits,40,JKL Bank Umeda Branch,000,Common Department,0,173616,10E200180,Communication Expenses,,,040,Osaka Branch,76786501,2021-12
1918.0,1.0,150,Debit,2021-12-09,Year-end gift Anonymized Store 058,10E200150,Entertainment Expenses,,,050,Kyushu Sales Office,61058,0,10A100020,Cash,,,000,Common Department,2847944,2021-12
1918.0,1.0,150,Credit,2021-12-09,Year-end gift Anonymized Store 058,10A100020,Cash,,,000,Common Department,0,61058,10E200150,Entertainment Expenses,,,050,Kyushu Sales Office,76725443,2021-12
1918.0,2.0,150,Debit,2021-12-09,Year-end gift Anonymized Partner 057,10E200150,Entertainment Expenses,,,050,Kyushu Sales Office,25115,0,10A100020,Cash,,,000,Common Department,2873059,2021-12
1918.0,2.0,150,Credit,2021-12-09,Year-end gift Anonymized Partner 057,10A100020,Cash,,,000,Common Department,0,25115,10E200150,Entertainment Expenses,,,050,Kyushu Sales Office,76700328,2021-12
1916.0,1.0,44,Debit,2021-12-09,Meal expense Anonymized Store 051 3 people,10E200150,Entertainment Expenses,,,020,Tokyo Branch,6260,0,10A100020,Cash,,,000,Common Department,2879319,2021-12
1916.0,1.0,44,Credit,2021-12-09,Meal expense Anonymized Store 051 3 people,10A100020,Cash,,,000,Common Department,0,6260,10E200150,Entertainment Expenses,,,020,Tokyo Branch,76694068,2021-12
1930.0,1.0,100,Debit,2021-12-10,Voucher No. 385 dated 12/10 Anonymized Partner 045,10A100020,Ordinary Deposits,30,GHI Bank Nagoya Branch,000,Common Department,726780,0,10A100090,Accounts Receivable,19,Anonymized Partner 045,000,Common Department,77420848,2021-12
1930.0,1.0,100,Credit,2021-12-10,Voucher No. 385 dated 12/10 Anonymized Partner 045,10A100090,Accounts Receivable,19,Anonymized Partner 045,000,Common Department,0,726780,10A100020,Ordinary Deposits,30,GHI Bank Nagoya Branch,000,Common Department,67165106,2021-12
1930.0,2.0,100,Debit,2021-12-10,Voucher No. 385 dated 12/10 Anonymized Partner 045,10E200690,Service Fees,,,030,Nagoya Branch,735,0,10A100090,Accounts Receivable,19,Anonymized Partner 045,000,Common Department,97588,2021-12
1930.0,2.0,100,Credit,2021-12-10,Voucher No. 385 dated 12/10 Anonymized Partner 045,10A100090,Accounts Receivable,19,Anonymized Partner 045,000,Common Department,0,735,10E200690,Service Fees,,,030,Nagoya Branch,67164371,2021-12
1931.0,1.0,101,Debit,2021-12-10,Voucher No. 386 dated 12/10 Anonymized Partner 072 | Sales voucher=20211130-114;Note number=R20211210-101-28,10A100060,Notes Receivable,,,000,Common Department,6004022,0,10A100090,Accounts Receivable,28,Anonymized Partner 072,000,Common Department,77618154,2021-12
1931.0,1.0,101,Credit,2021-12-10,Voucher No. 386 dated 12/10 Anonymized Partner 072 | Sales voucher=20211130-114;Note number=R20211210-101-28,10A100090,Accounts Receivable,28,Anonymized Partner 072,000,Common Department,0,6004022,10A100060,Notes Receivable,,,000,Common Department,61160349,2021-12
1932.0,1.0,102,Debit,2021-12-10,Voucher No. 303 dated 12/10 Anonymized Partner 085,10B100040,Accounts Payable,3,Anonymized Partner 085,000,Common Department,3003306,0,10B100030,Notes Payable,,,000,Common Department,55317663,2021-12
1932.0,1.0,102,Credit,2021-12-10,Voucher No. 303 dated 12/10 Anonymized Partner 085,10B100030,Notes Payable,,,000,Common Department,0,3003306,10B100040,Accounts Payable,3,Anonymized Partner 085,000,Common Department,37942381,2021-12
1933.0,1.0,103,Debit,2021-12-10,Cof fee expense Anonymized Store 065,10E200150,Entertainment Expenses,,,040,Osaka Branch,2680,0,10A100020,Cash,,,000,Common Department,2881999,2021-12
1933.0,1.0,103,Credit,2021-12-10,Cof fee expense Anonymized Store 065,10A100020,Cash,,,000,Common Department,0,2680,10E200150,Entertainment Expenses,,,040,Osaka Branch,77418168,2021-12
1933.0,2.0,103,Debit,2021-12-10,Voucher No. 304 dated 12/10 Anonymized Partner 063,10B100040,Accounts Payable,8,Anonymized Partner 063,000,Common Department,423360,0,10A100020,Ordinary Deposits,20,ABC Bank Head Office,000,Common Department,54894303,2021-12
1933.0,2.0,103,Credit,2021-12-10,Voucher No. 304 dated 12/10 Anonymized Partner 063,10A100020,Ordinary Deposits,20,ABC Bank Head Office,000,Common Department,0,423360,10B100040,Accounts Payable,8,Anonymized Partner 063,000,Common Department,76994808,2021-12
1934.0,1.0,110,Debit,2021-12-10,Rent payment,10E200720,Rent Expenses,,,020,Tokyo Branch,1260000,0,10A100020,Ordinary Deposits,20,ABC Bank Head Office,000,Common Department,28822000,2021-12
1934.0,1.0,110,Credit,2021-12-10,Rent payment,10A100020,Ordinary Deposits,20,ABC Bank Head Office,000,Common Department,0,1260000,10E200720,Rent Expenses,,,020,Tokyo Branch,75734808,2021-12
1935.0,1.0,129,Debit,2021-12-10,Rent payment,10E200720,Rent Expenses,,,030,Nagoya Branch,399000,0,10A100020,Ordinary Deposits,30,GHI Bank Nagoya Branch,000,Common Department,29221000,2021-12
1935.0,1.0,129,Credit,2021-12-10,Rent payment,10A100020,Ordinary Deposits,30,GHI Bank Nagoya Branch,000,Common Department,0,399000,10E200720,Rent Expenses,,,030,Nagoya Branch,75335808,2021-12
1936.0,1.0,146,Debit,2021-12-10,Note due date settlement Anonymized Partner 085,10B100030,Notes Payable,,,000,Common Department,2623516,0,10A100020,Checking Deposits,1,ABC Bank,000,Common Department,35318865,2021-12
1936.0,1.0,146,Credit,2021-12-10,Note due date settlement Anonymized Partner 085,10A100020,Checking Deposits,1,ABC Bank,000,Common Department,0,2623516,10B100030,Notes Payable,,,000,Common Department,72712292,2021-12
1937.0,1.0,162,Debit,2021-12-10,Meeting Meal expense,10E201130,Meeting Expenses,,,020,Tokyo Branch,24995,0,10A100020,Cash,,,000,Common Department,255434,2021-12
1937.0,1.0,162,Credit,2021-12-10,Meeting Meal expense,10A100020,Cash,,,000,Common Department,0,24995,10E201130,Meeting Expenses,,,020,Tokyo Branch,72687297,2021-12
1938.0,1.0,167,Debit,2021-12-10,Rent payment,10E200720,Rent Expenses,,,050,Kyushu Sales Office,630000,0,10A100020,Ordinary Deposits,50,MNO Bank Kitakyushu Branch,000,Common Department,29851000,2021-12
1938.0,1.0,167,Credit,2021-12-10,Rent payment,10A100020,Ordinary Deposits,50,MNO Bank Kitakyushu Branch,000,Common Department,0,630000,10E200720,Rent Expenses,,,050,Kyushu Sales Office,72057297,2021-12
1938.0,2.0,167,Debit,2021-12-10,Telephone expense,10E200180,Communication Expenses,,,050,Kyushu Sales Office,200642,0,10A100020,Ordinary Deposits,50,MNO Bank Kitakyushu Branch,000,Common Department,9152660,2021-12
1938.0,2.0,167,Credit,2021-12-10,Telephone expense,10A100020,Ordinary Deposits,50,MNO Bank Kitakyushu Branch,000,Common Department,0,200642,10E200180,Communication Expenses,,,050,Kyushu Sales Office,71856655,2021-12
1939.0,1.0,168,Debit,2021-12-10,Wired service fee,10E201270,Miscellaneous Expenses,,,050,Kyushu Sales Office,6000,0,10B100630,Accounts Payable Other,,,000,Common Department,3848477,2021-12
1939.0,1.0,168,Credit,2021-12-10,Wired service fee,10B100630,Accounts Payable Other,,,000,Common Department,0,6000,10E201270,Miscellaneous Expenses,,,050,Kyushu Sales Office,7732671,2021-12
1939.0,2.0,168,Debit,2021-12-10,Security fee,10E201270,Miscellaneous Expenses,,,050,Kyushu Sales Office,42858,0,10B100630,Accounts Payable Other,,,000,Common Department,3891335,2021-12
1939.0,2.0,168,Credit,2021-12-10,Security fee,10B100630,Accounts Payable Other,,,000,Common Department,0,42858,10E201270,Miscellaneous Expenses,,,050,Kyushu Sales Office,7775529,2021-12
1920.0,1.0,33,Debit,2021-12-10,Rent payment,10E200720,Rent Expenses,,,010,Sapporo Sales Office,320000,0,10A100020,Ordinary Deposits,10,DEF Bank Station Branch,000,Common Department,30171000,2021-12
1920.0,1.0,33,Credit,2021-12-10,Rent payment,10A100020,Ordinary Deposits,10,DEF Bank Station Branch,000,Common Department,0,320000,10E200720,Rent Expenses,,,010,Sapporo Sales Office,71536655,2021-12
1920.0,2.0,33,Debit,2021-12-10,Telephone expense,10E200180,Communication Expenses,,,010,Sapporo Sales Office,138505,0,10A100020,Ordinary Deposits,10,DEF Bank Station Branch,000,Common Department,9291165,2021-12
1920.0,2.0,33,Credit,2021-12-10,Telephone expense,10A100020,Ordinary Deposits,10,DEF Bank Station Branch,000,Common Department,0,138505,10E200180,Communication Expenses,,,010,Sapporo Sales Office,71398150,2021-12
1921.0,1.0,62,Debit,2021-12-10,Withdrawal,10A100020,Cash,,,000,Common Department,1500000,0,10A100020,Checking Deposits,1,ABC Bank,000,Common Department,72898150,2021-12
1921.0,1.0,62,Credit,2021-12-10,Withdrawal,10A100020,Checking Deposits,1,ABC Bank,000,Common Department,0,1500000,10A100020,Cash,,,000,Common Department,71398150,2021-12
1922.0,1.0,66,Debit,2021-12-10,Withholding Tax payment,10B100690,Deposits Received,3,Withholding Tax,000,Common Department,256142,0,10A100020,Ordinary Deposits,20,ABC Bank Head Office,000,Common Department,5344299,2021-12
1922.0,1.0,66,Credit,2021-12-10,Withholding Tax payment,10A100020,Ordinary Deposits,20,ABC Bank Head Office,000,Common Department,0,256142,10B100690,Deposits Received,3,Withholding Tax,000,Common Department,71142008,2021-12
1922.0,2.0,66,Debit,2021-12-10,Resident Tax payment,10B100690,Deposits Received,2,Resident Tax,000,Common Department,449500,0,10A100020,Ordinary Deposits,20,ABC Bank Head Office,000,Common Department,4894799,2021-12
1922.0,2.0,66,Credit,2021-12-10,Resident Tax payment,10A100020,Ordinary Deposits,20,ABC Bank Head Office,000,Common Department,0,449500,10B100690,Deposits Received,2,Resident Tax,000,Common Department,70692508,2021-12
1923.0,1.0,68,Debit,2021-12-10,Rent payment,10E200720,Rent Expenses,,,040,Osaka Branch,840000,0,10A100020,Ordinary Deposits,40,JKL Bank Umeda Branch,000,Common Department,31011000,2021-12
1923.0,1.0,68,Credit,2021-12-10,Rent payment,10A100020,Ordinary Deposits,40,JKL Bank Umeda Branch,000,Common Department,0,840000,10E200720,Rent Expenses,,,040,Osaka Branch,69852508,2021-12
1924.0,1.0,69,Debit,2021-12-10,Wired service fee,10E201270,Miscellaneous Expenses,,,010,Sapporo Sales Office,5000,0,10B100630,Accounts Payable Other,,,000,Common Department,3896335,2021-12
1924.0,1.0,69,Credit,2021-12-10,Wired service fee,10B100630,Accounts Payable Other,,,000,Common Department,0,5000,10E201270,Miscellaneous Expenses,,,010,Sapporo Sales Office,7780529,2021-12
1924.0,2.0,69,Debit,2021-12-10,Security fee,10E201270,Miscellaneous Expenses,,,010,Sapporo Sales Office,34286,0,10B100630,Accounts Payable Other,,,000,Common Department,3930621,2021-12
1924.0,2.0,69,Credit,2021-12-10,Security fee,10B100630,Accounts Payable Other,,,000,Common Department,0,34286,10E201270,Miscellaneous Expenses,,,010,Sapporo Sales Office,7814815,2021-12
1925.0,1.0,82,Debit,2021-12-10,Gasoline,10E201120,Vehicle Expenses,,,030,Nagoya Branch,17064,0,10B100630,Accounts Payable Other,,,000,Common Department,5061534,2021-12
1925.0,1.0,82,Credit,2021-12-10,Gasoline,10B100630,Accounts Payable Other,,,000,Common Department,0,17064,10E201120,Vehicle Expenses,,,030,Nagoya Branch,7831879,2021-12
1926.0,1.0,85,Debit,2021-12-10,Telephone expense,10E200180,Communication Expenses,,,030,Nagoya Branch,81236,0,10A100020,Ordinary Deposits,30,GHI Bank Nagoya Branch,000,Common Department,9372401,2021-12
1926.0,1.0,85,Credit,2021-12-10,Telephone expense,10A100020,Ordinary Deposits,30,GHI Bank Nagoya Branch,000,Common Department,0,81236,10E200180,Communication Expenses,,,030,Nagoya Branch,69771272,2021-12
1927.0,1.0,88,Debit,2021-12-10,taxi expense,10E201230,Travel and Transportation Expenses,,,030,Nagoya Branch,8000,0,10A100020,Cash,,,000,Common Department,9190235,2021-12
1927.0,1.0,88,Credit,2021-12-10,taxi expense,10A100020,Cash,,,000,Common Department,0,8000,10E201230,Travel and Transportation Expenses,,,030,Nagoya Branch,69763272,2021-12
1919.0,1.0,9,Debit,2021-12-10,Year-end gift Anonymized Partner 065,10E200150,Entertainment Expenses,,,010,Sapporo Sales Office,78400,0,10A100020,Cash,,,000,Common Department,2960399,2021-12
1919.0,1.0,9,Credit,2021-12-10,Year-end gift Anonymized Partner 065,10A100020,Cash,,,000,Common Department,0,78400,10E200150,Entertainment Expenses,,,010,Sapporo Sales Office,69684872,2021-12
1928.0,1.0,98,Debit,2021-12-10,Voucher No. 383 dated 12/10 Anonymized Partner 085,10B100040,Accounts Payable,3,Anonymized Partner 085,000,Common Department,1074280,0,10A100090,Accounts Receivable,3,Anonymized Partner 085,000,Common Department,53820023,2021-12
1928.0,1.0,98,Credit,2021-12-10,Voucher No. 383 dated 12/10 Anonymized Partner 085,10A100090,Accounts Receivable,3,Anonymized Partner 085,000,Common Department,0,1074280,10B100040,Accounts Payable,3,Anonymized Partner 085,000,Common Department,60086069,2021-12
1929.0,1.0,99,Debit,2021-12-10,Voucher No. 384 dated 12/10 Anonymized Partner 066 Tokyo Head Office,10A100020,Ordinary Deposits,20,ABC Bank Head Office,000,Common Department,8595710,0,10A100090,Accounts Receivable,14,Anonymized Partner 066,000,Common Department,78280582,2021-12
1929.0,1.0,99,Credit,2021-12-10,Voucher No. 384 dated 12/10 Anonymized Partner 066 Tokyo Head Office,10A100090,Accounts Receivable,14,Anonymized Partner 066,000,Common Department,0,8595710,10A100020,Ordinary Deposits,20,ABC Bank Head Office,000,Common Department,51490359,2021-12
1929.0,2.0,99,Debit,2021-12-10,Voucher No. 384 dated 12/10 Anonymized Partner 066 Tokyo Head Office,10E200690,Service Fees,,,020,Tokyo Branch,735,0,10A100090,Accounts Receivable,14,Anonymized Partner 066,000,Common Department,98323,2021-12
1929.0,2.0,99,Credit,2021-12-10,Voucher No. 384 dated 12/10 Anonymized Partner 066 Tokyo Head Office,10A100090,Accounts Receivable,14,Anonymized Partner 066,000,Common Department,0,735,10E200690,Service Fees,,,020,Tokyo Branch,51489624,2021-12
1941.0,1.0,127,Debit,2021-12-11,Revenue stamp,10E200210,Taxes and Dues,,,030,Nagoya Branch,2000,0,10A100020,Cash,,,000,Common Department,189000,2021-12
1941.0,1.0,127,Credit,2021-12-11,Revenue stamp,10A100020,Cash,,,000,Common Department,0,2000,10E200210,Taxes and Dues,,,030,Nagoya Branch,78278582,2021-12
1940.0,1.0,82,Debit,2021-12-11,Gasoline,10E201120,Vehicle Expenses,,,050,Kyushu Sales Office,4014,0,10A100020,Cash,,,000,Common Department,5065548,2021-12
1940.0,1.0,82,Credit,2021-12-11,Gasoline,10A100020,Cash,,,000,Common Department,0,4014,10E201120,Vehicle Expenses,,,050,Kyushu Sales Office,78274568,2021-12
1940.0,2.0,82,Debit,2021-12-11,Expressway toll,10E201120,Vehicle Expenses,,,050,Kyushu Sales Office,572,0,10A100020,Cash,,,000,Common Department,5066120,2021-12
1940.0,2.0,82,Credit,2021-12-11,Expressway toll,10A100020,Cash,,,000,Common Department,0,572,10E201120,Vehicle Expenses,,,050,Kyushu Sales Office,78273996,2021-12
1942.0,1.0,70,Debit,2021-12-12,Year-end gift Anonymized Store 058,10E200150,Entertainment Expenses,,,030,Nagoya Branch,27267,0,10A100020,Cash,,,000,Common Department,2987666,2021-12
1942.0,1.0,70,Credit,2021-12-12,Year-end gift Anonymized Store 058,10A100020,Cash,,,000,Common Department,0,27267,10E200150,Entertainment Expenses,,,030,Nagoya Branch,78246729,2021-12
1942.0,2.0,70,Debit,2021-12-12,Year-end gift Anonymized Partner 057,10E200150,Entertainment Expenses,,,030,Nagoya Branch,10953,0,10A100020,Cash,,,000,Common Department,2998619,2021-12
1942.0,2.0,70,Credit,2021-12-12,Year-end gift Anonymized Partner 057,10A100020,Cash,,,000,Common Department,0,10953,10E200150,Entertainment Expenses,,,030,Nagoya Branch,78235776,2021-12
1944.0,1.0,11,Debit,2021-12-13,Expressway toll,10E201120,Vehicle Expenses,,,010,Sapporo Sales Office,2800,0,10A100020,Cash,,,000,Common Department,5068920,2021-12
1944.0,1.0,11,Credit,2021-12-13,Expressway toll,10A100020,Cash,,,000,Common Department,0,2800,10E201120,Vehicle Expenses,,,010,Sapporo Sales Office,78232976,2021-12
1944.0,2.0,11,Debit,2021-12-13,Gasoline,10E201120,Vehicle Expenses,,,010,Sapporo Sales Office,4600,0,10A100020,Cash,,,000,Common Department,5073520,2021-12
1944.0,2.0,11,Credit,2021-12-13,Gasoline,10A100020,Cash,,,000,Common Department,0,4600,10E201120,Vehicle Expenses,,,010,Sapporo Sales Office,78228376,2021-12
1945.0,1.0,141,Debit,2021-12-13,Anonymized Railway Company A expense,10E201230,Travel and Transportation Expenses,,,040,Osaka Branch,23500,0,10A100020,Cash,,,000,Common Department,9213735,2021-12
1945.0,1.0,141,Credit,2021-12-13,Anonymized Railway Company A expense,10A100020,Cash,,,000,Common Department,0,23500,10E201230,Travel and Transportation Expenses,,,040,Osaka Branch,78204876,2021-12
1946.0,1.0,158,Debit,2021-12-13,Air ticket,10E201230,Travel and Transportation Expenses,,,040,Osaka Branch,34000,0,10A100020,Cash,,,000,Common Department,9247735,2021-12
1946.0,1.0,158,Credit,2021-12-13,Air ticket,10A100020,Cash,,,000,Common Department,0,34000,10E201230,Travel and Transportation Expenses,,,040,Osaka Branch,78170876,2021-12
1943.0,1.0,7,Debit,2021-12-13,Meal expense Anonymized Store 090 3 people,10E200150,Entertainment Expenses,,,010,Sapporo Sales Office,15115,0,10A100020,Cash,,,000,Common Department,3013734,2021-12
1943.0,1.0,7,Credit,2021-12-13,Meal expense Anonymized Store 090 3 people,10A100020,Cash,,,000,Common Department,0,15115,10E200150,Entertainment Expenses,,,010,Sapporo Sales Office,78155761,2021-12
1943.0,2.0,7,Debit,2021-12-13,Meal expense Anonymized Store 014 3 people,10E200150,Entertainment Expenses,,,010,Sapporo Sales Office,17486,0,10A100020,Cash,,,000,Common Department,3031220,2021-12
1943.0,2.0,7,Credit,2021-12-13,Meal expense Anonymized Store 014 3 people,10A100020,Cash,,,000,Common Department,0,17486,10E200150,Entertainment Expenses,,,010,Sapporo Sales Office,78138275,2021-12
1947.0,1.0,23,Debit,2021-12-14,Travel expense,10E201230,Travel and Transportation Expenses,,,010,Sapporo Sales Office,26667,0,10A100020,Cash,,,000,Common Department,9274402,2021-12
1947.0,1.0,23,Credit,2021-12-14,Travel expense,10A100020,Cash,,,000,Common Department,0,26667,10E201230,Travel and Transportation Expenses,,,010,Sapporo Sales Office,78111608,2021-12
1947.0,2.0,23,Debit,2021-12-14,Travel expense,10E201230,Travel and Transportation Expenses,,,010,Sapporo Sales Office,29524,0,10A100020,Cash,,,000,Common Department,9303926,2021-12
1947.0,2.0,23,Credit,2021-12-14,Travel expense,10A100020,Cash,,,000,Common Department,0,29524,10E201230,Travel and Transportation Expenses,,,010,Sapporo Sales Office,78082084,2021-12
1947.0,3.0,23,Debit,2021-12-14,Travel expense,10E201230,Travel and Transportation Expenses,,,010,Sapporo Sales Office,36667,0,10A100020,Cash,,,000,Common Department,9340593,2021-12
1947.0,3.0,23,Credit,2021-12-14,Travel expense,10A100020,Cash,,,000,Common Department,0,36667,10E201230,Travel and Transportation Expenses,,,010,Sapporo Sales Office,78045417,2021-12
1948.0,1.0,46,Debit,2021-12-14,Gasoline,10E201120,Vehicle Expenses,,,020,Tokyo Branch,7429,0,10A100020,Cash,,,000,Common Department,5080949,2021-12
1948.0,1.0,46,Credit,2021-12-14,Gasoline,10A100020,Cash,,,000,Common Department,0,7429,10E201120,Vehicle Expenses,,,020,Tokyo Branch,78037988,2021-12
1948.0,2.0,46,Debit,2021-12-14,Parking fee,10E201120,Vehicle Expenses,,,020,Tokyo Branch,1239,0,10A100020,Cash,,,000,Common Department,5082188,2021-12
1948.0,2.0,46,Credit,2021-12-14,Parking fee,10A100020,Cash,,,000,Common Department,0,1239,10E201120,Vehicle Expenses,,,020,Tokyo Branch,78036749,2021-12
1948.0,3.0,46,Debit,2021-12-14,Expressway toll,10E201120,Vehicle Expenses,,,020,Tokyo Branch,3334,0,10A100020,Cash,,,000,Common Department,5085522,2021-12
1948.0,3.0,46,Credit,2021-12-14,Expressway toll,10A100020,Cash,,,000,Common Department,0,3334,10E201120,Vehicle Expenses,,,020,Tokyo Branch,78033415,2021-12
1949.0,1.0,51,Debit,2021-12-14,Expressway toll,10E201120,Vehicle Expenses,,,020,Tokyo Branch,5096,0,10A100020,Cash,,,000,Common Department,5090618,2021-12
1949.0,1.0,51,Credit,2021-12-14,Expressway toll,10A100020,Cash,,,000,Common Department,0,5096,10E201120,Vehicle Expenses,,,020,Tokyo Branch,78028319,2021-12
1949.0,2.0,51,Debit,2021-12-14,Gasoline,10E201120,Vehicle Expenses,,,020,Tokyo Branch,6381,0,10A100020,Cash,,,000,Common Department,5096999,2021-12
1949.0,2.0,51,Credit,2021-12-14,Gasoline,10A100020,Cash,,,000,Common Department,0,6381,10E201120,Vehicle Expenses,,,020,Tokyo Branch,78021938,2021-12
1949.0,3.0,51,Debit,2021-12-14,Parking fee,10E201120,Vehicle Expenses,,,020,Tokyo Branch,2191,0,10A100020,Cash,,,000,Common Department,5099190,2021-12
1949.0,3.0,51,Credit,2021-12-14,Parking fee,10A100020,Cash,,,000,Common Department,0,2191,10E201120,Vehicle Expenses,,,020,Tokyo Branch,78019747,2021-12
1950.0,1.0,73,Debit,2021-12-14,Year-end party fee,10E200150,Entertainment Expenses,,,020,Tokyo Branch,8000,0,10A100020,Cash,,,000,Common Department,3039220,2021-12
1950.0,1.0,73,Credit,2021-12-14,Year-end party fee,10A100020,Cash,,,000,Common Department,0,8000,10E200150,Entertainment Expenses,,,020,Tokyo Branch,78011747,2021-12
1954.0,1.0,104,Debit,2021-12-15,Voucher No. 387 dated 12/15 Anonymized Partner 068,10A100020,Ordinary Deposits,50,MNO Bank Kitakyushu Branch,000,Common Department,1614480,0,10A100090,Accounts Receivable,1,Anonymized Partner 068,000,Common Department,79626227,2021-12
1954.0,1.0,104,Credit,2021-12-15,Voucher No. 387 dated 12/15 Anonymized Partner 068,10A100090,Accounts Receivable,1,Anonymized Partner 068,000,Common Department,0,1614480,10A100020,Ordinary Deposits,50,MNO Bank Kitakyushu Branch,000,Common Department,49875144,2021-12
1954.0,2.0,104,Debit,2021-12-15,Voucher No. 387 dated 12/15 Anonymized Partner 068,10E200690,Service Fees,,,050,Kyushu Sales Office,840,0,10A100090,Accounts Receivable,1,Anonymized Partner 068,000,Common Department,99163,2021-12
1954.0,2.0,104,Credit,2021-12-15,Voucher No. 387 dated 12/15 Anonymized Partner 068,10A100090,Accounts Receivable,1,Anonymized Partner 068,000,Common Department,0,840,10E200690,Service Fees,,,050,Kyushu Sales Office,49874304,2021-12
1955.0,1.0,105,Debit,2021-12-15,Voucher No. 388 dated 12/15 Anonymized Partner 061,10A100020,Ordinary Deposits,30,GHI Bank Nagoya Branch,000,Common Department,2098212,0,10A100090,Accounts Receivable,6,Anonymized Partner 061,000,Common Department,81724439,2021-12
1955.0,1.0,105,Credit,2021-12-15,Voucher No. 388 dated 12/15 Anonymized Partner 061,10A100090,Accounts Receivable,6,Anonymized Partner 061,000,Common Department,0,2098212,10A100020,Ordinary Deposits,30,GHI Bank Nagoya Branch,000,Common Department,47776092,2021-12
1955.0,2.0,105,Debit,2021-12-15,Voucher No. 388 dated 12/15 Anonymized Partner 061,10E200690,Service Fees,,,030,Nagoya Branch,840,0,10A100090,Accounts Receivable,6,Anonymized Partner 061,000,Common Department,100003,2021-12
1955.0,2.0,105,Credit,2021-12-15,Voucher No. 388 dated 12/15 Anonymized Partner 061,10A100090,Accounts Receivable,6,Anonymized Partner 061,000,Common Department,0,840,10E200690,Service Fees,,,030,Nagoya Branch,47775252,2021-12
1956.0,1.0,106,Debit,2021-12-15,Voucher No. 389 dated 12/15 Anonymized Partner 073,10A100020,Ordinary Deposits,40,JKL Bank Umeda Branch,000,Common Department,1447664,0,10A100090,Accounts Receivable,8,Anonymized Partner 073,000,Common Department,83172103,2021-12
1956.0,1.0,106,Credit,2021-12-15,Voucher No. 389 dated 12/15 Anonymized Partner 073,10A100090,Accounts Receivable,8,Anonymized Partner 073,000,Common Department,0,1447664,10A100020,Ordinary Deposits,40,JKL Bank Umeda Branch,000,Common Department,46327588,2021-12
1956.0,2.0,106,Debit,2021-12-15,Voucher No. 389 dated 12/15 Anonymized Partner 073,10E200690,Service Fees,,,040,Osaka Branch,840,0,10A100090,Accounts Receivable,8,Anonymized Partner 073,000,Common Department,100843,2021-12
1956.0,2.0,106,Credit,2021-12-15,Voucher No. 389 dated 12/15 Anonymized Partner 073,10A100090,Accounts Receivable,8,Anonymized Partner 073,000,Common Department,0,840,10E200690,Service Fees,,,040,Osaka Branch,46326748,2021-12
1957.0,1.0,107,Debit,2021-12-15,Voucher No. 390 dated 12/15 Anonymized Partner 026,10A100020,Ordinary Deposits,40,JKL Bank Umeda Branch,000,Common Department,1302584,0,10A100090,Accounts Receivable,9,Anonymized Partner 026,000,Common Department,84474687,2021-12
1957.0,1.0,107,Credit,2021-12-15,Voucher No. 390 dated 12/15 Anonymized Partner 026,10A100090,Accounts Receivable,9,Anonymized Partner 026,000,Common Department,0,1302584,10A100020,Ordinary Deposits,40,JKL Bank Umeda Branch,000,Common Department,45024164,2021-12
1957.0,2.0,107,Debit,2021-12-15,Voucher No. 390 dated 12/15 Anonymized Partner 026,10E200690,Service Fees,,,040,Osaka Branch,840,0,10A100090,Accounts Receivable,9,Anonymized Partner 026,000,Common Department,101683,2021-12
1957.0,2.0,107,Credit,2021-12-15,Voucher No. 390 dated 12/15 Anonymized Partner 026,10A100090,Accounts Receivable,9,Anonymized Partner 026,000,Common Department,0,840,10E200690,Service Fees,,,040,Osaka Branch,45023324,2021-12
1958.0,1.0,108,Debit,2021-12-15,Voucher No. 391 dated 12/15 Anonymized Partner 023,10A100020,Ordinary Deposits,20,ABC Bank Head Office,000,Common Department,1108516,0,10A100090,Accounts Receivable,13,Anonymized Partner 023,000,Common Department,85583203,2021-12
1958.0,1.0,108,Credit,2021-12-15,Voucher No. 391 dated 12/15 Anonymized Partner 023,10A100090,Accounts Receivable,13,Anonymized Partner 023,000,Common Department,0,1108516,10A100020,Ordinary Deposits,20,ABC Bank Head Office,000,Common Department,43914808,2021-12
1959.0,1.0,109,Debit,2021-12-15,Voucher No. 392 dated 12/15 Anonymized Partner 079,10A100020,Ordinary Deposits,40,JKL Bank Umeda Branch,000,Common Department,1210299,0,10A100090,Accounts Receivable,20,Anonymized Partner 079,000,Common Department,86793502,2021-12
1959.0,1.0,109,Credit,2021-12-15,Voucher No. 392 dated 12/15 Anonymized Partner 079,10A100090,Accounts Receivable,20,Anonymized Partner 079,000,Common Department,0,1210299,10A100020,Ordinary Deposits,40,JKL Bank Umeda Branch,000,Common Department,42704509,2021-12
1959.0,2.0,109,Debit,2021-12-15,Voucher No. 392 dated 12/15 Anonymized Partner 079,10E200690,Service Fees,,,040,Osaka Branch,315,0,10A100090,Accounts Receivable,20,Anonymized Partner 079,000,Common Department,101998,2021-12
1959.0,2.0,109,Credit,2021-12-15,Voucher No. 392 dated 12/15 Anonymized Partner 079,10A100090,Accounts Receivable,20,Anonymized Partner 079,000,Common Department,0,315,10E200690,Service Fees,,,040,Osaka Branch,42704194,2021-12
1960.0,1.0,110,Debit,2021-12-15,Voucher No. 305 dated 12/15 Anonymized Partner 043,10B100040,Accounts Payable,1,Anonymized Partner 043,000,Common Department,6139437,0,10A100020,Ordinary Deposits,20,ABC Bank Head Office,000,Common Department,47680586,2021-12
1960.0,1.0,110,Credit,2021-12-15,Voucher No. 305 dated 12/15 Anonymized Partner 043,10A100020,Ordinary Deposits,20,ABC Bank Head Office,000,Common Department,0,6139437,10B100040,Accounts Payable,1,Anonymized Partner 043,000,Common Department,80654065,2021-12
1961.0,1.0,117,Debit,2021-12-15,Membership fee,10E201140,Membership Fees,,,040,Osaka Branch,20000,0,10A100020,Cash,,,000,Common Department,948000,2021-12
1961.0,1.0,117,Credit,2021-12-15,Membership fee,10A100020,Cash,,,000,Common Department,0,20000,10E201140,Membership Fees,,,040,Osaka Branch,80634065,2021-12
1962.0,1.0,130,Debit,2021-12-15,Membership fee,10E201140,Membership Fees,,,040,Osaka Branch,24000,0,10A100020,Ordinary Deposits,40,JKL Bank Umeda Branch,000,Common Department,972000,2021-12
1962.0,1.0,130,Credit,2021-12-15,Membership fee,10A100020,Ordinary Deposits,40,JKL Bank Umeda Branch,000,Common Department,0,24000,10E201140,Membership Fees,,,040,Osaka Branch,80610065,2021-12
1951.0,1.0,4,Debit,2021-12-15,Advertising expense,10E200050,Advertising Expenses,,,010,Sapporo Sales Office,31500,0,10B100630,Accounts Payable Other,,,000,Common Department,1444200,2021-12
1951.0,1.0,4,Credit,2021-12-15,Advertising expense,10B100630,Accounts Payable Other,,,000,Common Department,0,31500,10E200050,Advertising Expenses,,,010,Sapporo Sales Office,7863379,2021-12
1952.0,1.0,83,Debit,2021-12-15,Gasoline,10E201120,Vehicle Expenses,,,050,Kyushu Sales Office,6229,0,10A100020,Cash,,,000,Common Department,5105419,2021-12
1952.0,1.0,83,Credit,2021-12-15,Gasoline,10A100020,Cash,,,000,Common Department,0,6229,10E201120,Vehicle Expenses,,,050,Kyushu Sales Office,80603836,2021-12
1952.0,2.0,83,Debit,2021-12-15,Expressway toll,10E201120,Vehicle Expenses,,,050,Kyushu Sales Office,4020,0,10A100020,Cash,,,000,Common Department,5109439,2021-12
1952.0,2.0,83,Credit,2021-12-15,Expressway toll,10A100020,Cash,,,000,Common Department,0,4020,10E201120,Vehicle Expenses,,,050,Kyushu Sales Office,80599816,2021-12
1952.0,3.0,83,Debit,2021-12-15,Parking fee,10E201120,Vehicle Expenses,,,050,Kyushu Sales Office,800,0,10A100020,Cash,,,000,Common Department,5110239,2021-12
1952.0,3.0,83,Credit,2021-12-15,Parking fee,10A100020,Cash,,,000,Common Department,0,800,10E201120,Vehicle Expenses,,,050,Kyushu Sales Office,80599016,2021-12
1953.0,1.0,91,Debit,2021-12-15,Month 12 Payroll Other 0060 Part-time Staff,10E200520,Temporary Wages,,,020,Tokyo Branch,400068,0,10A100020,Cash,,,000,Common Department,3766565,2021-12
1953.0,1.0,91,Credit,2021-12-15,Month 12 Payroll Other 0060 Part-time Staff,10A100020,Cash,,,000,Common Department,0,400068,10E200520,Temporary Wages,,,020,Tokyo Branch,80198948,2021-12
1953.0,2.0,91,Debit,2021-12-15,Month 12 Payroll Other 0060 Part-time Staff,10E200520,Temporary Wages,,,020,Tokyo Branch,11330,0,10B100690,Deposits Received,3,Withholding Tax,000,Common Department,3777895,2021-12
1953.0,2.0,91,Credit,2021-12-15,Month 12 Payroll Other 0060 Part-time Staff,10B100690,Deposits Received,3,Withholding Tax,000,Common Department,0,11330,10E200520,Temporary Wages,,,020,Tokyo Branch,4906129,2021-12
1953.0,3.0,91,Debit,2021-12-15,Month 12 Payroll Other 0060 Part-time Staff,10E200520,Temporary Wages,,,020,Tokyo Branch,12442,0,10B100690,Deposits Received,9,Other,000,Common Department,3790337,2021-12
1953.0,3.0,91,Credit,2021-12-15,Month 12 Payroll Other 0060 Part-time Staff,10B100690,Deposits Received,9,Other,000,Common Department,0,12442,10E200520,Temporary Wages,,,020,Tokyo Branch,4918571,2021-12
1966.0,1.0,136,Debit,2021-12-16,Anonymized Cleaning Company A expense,10E201270,Miscellaneous Expenses,,,040,Osaka Branch,16500,0,10A100020,Cash,,,000,Common Department,3947121,2021-12
1966.0,1.0,136,Credit,2021-12-16,Anonymized Cleaning Company A expense,10A100020,Cash,,,000,Common Department,0,16500,10E201270,Miscellaneous Expenses,,,040,Osaka Branch,80182448,2021-12
1967.0,1.0,144,Debit,2021-12-16,Windshield washer fluid expense,10E201120,Vehicle Expenses,,,040,Osaka Branch,572,0,10A100020,Cash,,,000,Common Department,5110811,2021-12
1967.0,1.0,144,Credit,2021-12-16,Windshield washer fluid expense,10A100020,Cash,,,000,Common Department,0,572,10E201120,Vehicle Expenses,,,040,Osaka Branch,80181876,2021-12
1967.0,2.0,144,Debit,2021-12-16,Gasoline,10E201120,Vehicle Expenses,,,040,Osaka Branch,6229,0,10A100020,Cash,,,000,Common Department,5117040,2021-12
1967.0,2.0,144,Credit,2021-12-16,Gasoline,10A100020,Cash,,,000,Common Department,0,6229,10E201120,Vehicle Expenses,,,040,Osaka Branch,80175647,2021-12
1967.0,3.0,144,Debit,2021-12-16,Gasoline,10E201120,Vehicle Expenses,,,040,Osaka Branch,8096,0,10A100020,Cash,,,000,Common Department,5125136,2021-12
1967.0,3.0,144,Credit,2021-12-16,Gasoline,10A100020,Cash,,,000,Common Department,0,8096,10E201120,Vehicle Expenses,,,040,Osaka Branch,80167551,2021-12
1968.0,1.0,149,Debit,2021-12-16,Year-end party fee,10E200150,Entertainment Expenses,,,030,Nagoya Branch,10000,0,10A100020,Cash,,,000,Common Department,3049220,2021-12
1968.0,1.0,149,Credit,2021-12-16,Year-end party fee,10A100020,Cash,,,000,Common Department,0,10000,10E200150,Entertainment Expenses,,,030,Nagoya Branch,80157551,2021-12
1969.0,1.0,152,Debit,2021-12-16,Year-end party fee,10E200150,Entertainment Expenses,,,050,Kyushu Sales Office,10000,0,10A100020,Cash,,,000,Common Department,3059220,2021-12
1969.0,1.0,152,Credit,2021-12-16,Year-end party fee,10A100020,Cash,,,000,Common Department,0,10000,10E200150,Entertainment Expenses,,,050,Kyushu Sales Office,80147551,2021-12
1970.0,1.0,156,Debit,2021-12-16,Business travel expense,10E201230,Travel and Transportation Expenses,,,050,Kyushu Sales Office,8600,0,10A100020,Cash,,,000,Common Department,9349193,2021-12
1970.0,1.0,156,Credit,2021-12-16,Business travel expense,10A100020,Cash,,,000,Common Department,0,8600,10E201230,Travel and Transportation Expenses,,,050,Kyushu Sales Office,80138951,2021-12
1963.0,1.0,57,Debit,2021-12-16,Anonymized Railway Company A expense,10E201230,Travel and Transportation Expenses,,,020,Tokyo Branch,110650,0,10A100020,Cash,,,000,Common Department,9459843,2021-12
1963.0,1.0,57,Credit,2021-12-16,Anonymized Railway Company A expense,10A100020,Cash,,,000,Common Department,0,110650,10E201230,Travel and Transportation Expenses,,,020,Tokyo Branch,80028301,2021-12
1964.0,1.0,61,Debit,2021-12-16,Telephone expense,10E200180,Communication Expenses,,,020,Tokyo Branch,141699,0,10A100020,Ordinary Deposits,20,ABC Bank Head Office,000,Common Department,9514100,2021-12
1964.0,1.0,61,Credit,2021-12-16,Telephone expense,10A100020,Ordinary Deposits,20,ABC Bank Head Office,000,Common Department,0,141699,10E200180,Communication Expenses,,,020,Tokyo Branch,79886602,2021-12
1965.0,1.0,74,Debit,2021-12-16,Year-end party fee,10E200150,Entertainment Expenses,,,020,Tokyo Branch,10000,0,10A100020,Cash,,,000,Common Department,3069220,2021-12
1965.0,1.0,74,Credit,2021-12-16,Year-end party fee,10A100020,Cash,,,000,Common Department,0,10000,10E200150,Entertainment Expenses,,,020,Tokyo Branch,79876602,2021-12
1971.0,1.0,12,Debit,2021-12-17,Gasoline,10E201120,Vehicle Expenses,,,010,Sapporo Sales Office,7473,0,10A100020,Cash,,,000,Common Department,5132609,2021-12
1971.0,1.0,12,Credit,2021-12-17,Gasoline,10A100020,Cash,,,000,Common Department,0,7473,10E201120,Vehicle Expenses,,,010,Sapporo Sales Office,79869129,2021-12
1971.0,2.0,12,Debit,2021-12-17,Gasoline,10E201120,Vehicle Expenses,,,010,Sapporo Sales Office,2858,0,10A100020,Cash,,,000,Common Department,5135467,2021-12
1971.0,2.0,12,Credit,2021-12-17,Gasoline,10A100020,Cash,,,000,Common Department,0,2858,10E201120,Vehicle Expenses,,,010,Sapporo Sales Office,79866271,2021-12
1971.0,3.0,12,Debit,2021-12-17,Gasoline,10E201120,Vehicle Expenses,,,010,Sapporo Sales Office,6174,0,10A100020,Cash,,,000,Common Department,5141641,2021-12
1971.0,3.0,12,Credit,2021-12-17,Gasoline,10A100020,Cash,,,000,Common Department,0,6174,10E201120,Vehicle Expenses,,,010,Sapporo Sales Office,79860097,2021-12
1971.0,4.0,12,Debit,2021-12-17,Expressway toll,10E201120,Vehicle Expenses,,,010,Sapporo Sales Office,2000,0,10A100020,Cash,,,000,Common Department,5143641,2021-12
1971.0,4.0,12,Credit,2021-12-17,Expressway toll,10A100020,Cash,,,000,Common Department,0,2000,10E201120,Vehicle Expenses,,,010,Sapporo Sales Office,79858097,2021-12
1975.0,1.0,164,Debit,2021-12-17,office supplies,10E201110,Office Supplies Expenses,,,050,Kyushu Sales Office,11960,0,10A100020,Cash,,,000,Common Department,1037430,2021-12
1975.0,1.0,164,Credit,2021-12-17,office supplies,10A100020,Cash,,,000,Common Department,0,11960,10E201110,Office Supplies Expenses,,,050,Kyushu Sales Office,79846137,2021-12
1972.0,1.0,32,Debit,2021-12-17,office supplies expense,10E201110,Office Supplies Expenses,,,010,Sapporo Sales Office,1426,0,10B100630,Accounts Payable Other,,,000,Common Department,1038856,2021-12
1972.0,1.0,32,Credit,2021-12-17,office supplies expense,10B100630,Accounts Payable Other,,,000,Common Department,0,1426,10E201110,Office Supplies Expenses,,,010,Sapporo Sales Office,7864805,2021-12
1973.0,1.0,45,Debit,2021-12-17,Year-end party fee 2 people,10E200150,Entertainment Expenses,,,020,Tokyo Branch,20000,0,10A100020,Cash,,,000,Common Department,3089220,2021-12
1973.0,1.0,45,Credit,2021-12-17,Year-end party fee 2 people,10A100020,Cash,,,000,Common Department,0,20000,10E200150,Entertainment Expenses,,,020,Tokyo Branch,79826137,2021-12
1974.0,1.0,52,Debit,2021-12-17,Expressway toll,10E201120,Vehicle Expenses,,,020,Tokyo Branch,1096,0,10A100020,Cash,,,000,Common Department,5144737,2021-12
1974.0,1.0,52,Credit,2021-12-17,Expressway toll,10A100020,Cash,,,000,Common Department,0,1096,10E201120,Vehicle Expenses,,,020,Tokyo Branch,79825041,2021-12
1974.0,2.0,52,Debit,2021-12-17,Expressway toll,10E201120,Vehicle Expenses,,,020,Tokyo Branch,1096,0,10A100020,Cash,,,000,Common Department,5145833,2021-12
1974.0,2.0,52,Credit,2021-12-17,Expressway toll,10A100020,Cash,,,000,Common Department,0,1096,10E201120,Vehicle Expenses,,,020,Tokyo Branch,79823945,2021-12
1974.0,3.0,52,Debit,2021-12-17,Expressway toll,10E201120,Vehicle Expenses,,,020,Tokyo Branch,1429,0,10A100020,Cash,,,000,Common Department,5147262,2021-12
1974.0,3.0,52,Credit,2021-12-17,Expressway toll,10A100020,Cash,,,000,Common Department,0,1429,10E201120,Vehicle Expenses,,,020,Tokyo Branch,79822516,2021-12
1978.0,1.0,104,Debit,2021-12-18,Year-end party fee,10E200150,Entertainment Expenses,,,040,Osaka Branch,8000,0,10A100020,Cash,,,000,Common Department,3097220,2021-12
1978.0,1.0,104,Credit,2021-12-18,Year-end party fee,10A100020,Cash,,,000,Common Department,0,8000,10E200150,Entertainment Expenses,,,040,Osaka Branch,79814516,2021-12
1979.0,1.0,153,Debit,2021-12-18,Year-end party fee,10E200150,Entertainment Expenses,,,030,Nagoya Branch,8000,0,10A100020,Cash,,,000,Common Department,3105220,2021-12
1979.0,1.0,153,Credit,2021-12-18,Year-end party fee,10A100020,Cash,,,000,Common Department,0,8000,10E200150,Entertainment Expenses,,,030,Nagoya Branch,79806516,2021-12
1976.0,1.0,8,Debit,2021-12-18,Regular meeting fee,10E200150,Entertainment Expenses,,,010,Sapporo Sales Office,20000,0,10A100020,Cash,,,000,Common Department,3125220,2021-12
1976.0,1.0,8,Credit,2021-12-18,Regular meeting fee,10A100020,Cash,,,000,Common Department,0,20000,10E200150,Entertainment Expenses,,,010,Sapporo Sales Office,79786516,2021-12
1977.0,1.0,86,Debit,2021-12-18,Postage stamps,10E200180,Communication Expenses,,,050,Kyushu Sales Office,16000,0,10A100020,Cash,,,000,Common Department,9530100,2021-12
1977.0,1.0,86,Credit,2021-12-18,Postage stamps,10A100020,Cash,,,000,Common Department,0,16000,10E200180,Communication Expenses,,,050,Kyushu Sales Office,79770516,2021-12
1984.0,1.0,148,Debit,2021-12-19,Gasoline,10E201120,Vehicle Expenses,,,050,Kyushu Sales Office,5291,0,10A100020,Cash,,,000,Common Department,5152553,2021-12
1984.0,1.0,148,Credit,2021-12-19,Gasoline,10A100020,Cash,,,000,Common Department,0,5291,10E201120,Vehicle Expenses,,,050,Kyushu Sales Office,79765225,2021-12
1981.0,1.0,47,Debit,2021-12-19,Gasoline,10E201120,Vehicle Expenses,,,020,Tokyo Branch,2540,0,10A100020,Cash,,,000,Common Department,5155093,2021-12
1981.0,1.0,47,Credit,2021-12-19,Gasoline,10A100020,Cash,,,000,Common Department,0,2540,10E201120,Vehicle Expenses,,,020,Tokyo Branch,79762685,2021-12
1982.0,1.0,59,Debit,2021-12-19,Travel expense,10E201230,Travel and Transportation Expenses,,,020,Tokyo Branch,50000,0,10A100020,Cash,,,000,Common Department,9509843,2021-12
1982.0,1.0,59,Credit,2021-12-19,Travel expense,10A100020,Cash,,,000,Common Department,0,50000,10E201230,Travel and Transportation Expenses,,,020,Tokyo Branch,79712685,2021-12
1980.0,1.0,6,Debit,2021-12-19,Advertising fee,10E200050,Advertising Expenses,,,010,Sapporo Sales Office,5000,0,10A100020,Cash,,,000,Common Department,1449200,2021-12
1980.0,1.0,6,Credit,2021-12-19,Advertising fee,10A100020,Cash,,,000,Common Department,0,5000,10E200050,Advertising Expenses,,,010,Sapporo Sales Office,79707685,2021-12
1983.0,1.0,89,Debit,2021-12-19,Travel expense,10E201230,Travel and Transportation Expenses,,,030,Nagoya Branch,20000,0,10A100020,Cash,,,000,Common Department,9529843,2021-12
1983.0,1.0,89,Credit,2021-12-19,Travel expense,10A100020,Cash,,,000,Common Department,0,20000,10E201230,Travel and Transportation Expenses,,,030,Nagoya Branch,79687685,2021-12
1985.0,1.0,1,Debit,2021-12-20,"Overtime meal, reduced tax rate",10E200140,Employee Welfare Expenses,,,000,Common Department,43200,0,10A100020,Cash,,,000,Common Department,3571675,2021-12
1985.0,1.0,1,Credit,2021-12-20,"Overtime meal, reduced tax rate",10A100020,Cash,,,000,Common Department,0,43200,10E200140,Employee Welfare Expenses,,,000,Common Department,79644485,2021-12
1996.0,1.0,100,Debit,2021-12-20,Funds transfer,10A100020,Ordinary Deposits,20,ABC Bank Head Office,000,Common Department,20000000,0,10A100020,Checking Deposits,1,ABC Bank,000,Common Department,99644485,2021-12
1996.0,1.0,100,Credit,2021-12-20,Funds transfer,10A100020,Checking Deposits,1,ABC Bank,000,Common Department,0,20000000,10A100020,Ordinary Deposits,20,ABC Bank Head Office,000,Common Department,79644485,2021-12
1997.0,1.0,101,Debit,2021-12-20,Advertising fee,10E200050,Advertising Expenses,,,040,Osaka Branch,52500,0,10B100630,Accounts Payable Other,,,000,Common Department,1501700,2021-12
1997.0,1.0,101,Credit,2021-12-20,Advertising fee,10B100630,Accounts Payable Other,,,000,Common Department,0,52500,10E200050,Advertising Expenses,,,040,Osaka Branch,7917305,2021-12
1998.0,1.0,105,Debit,2021-12-20,Year-end party fee,10E200150,Entertainment Expenses,,,040,Osaka Branch,9524,0,10A100020,Cash,,,000,Common Department,3134744,2021-12
1998.0,1.0,105,Credit,2021-12-20,Year-end party fee,10A100020,Cash,,,000,Common Department,0,9524,10E200150,Entertainment Expenses,,,040,Osaka Branch,79634961,2021-12
1998.0,2.0,105,Debit,2021-12-20,Prize expense Anonymized Store 089,10E200150,Entertainment Expenses,,,040,Osaka Branch,10000,0,10A100020,Cash,,,000,Common Department,3144744,2021-12
1998.0,2.0,105,Credit,2021-12-20,Prize expense Anonymized Store 089,10A100020,Cash,,,000,Common Department,0,10000,10E200150,Entertainment Expenses,,,040,Osaka Branch,79624961,2021-12
1999.0,1.0,111,Debit,2021-12-20,Voucher No. 393 dated 12/20 Anonymized Partner 058,10A100020,Cash,,,000,Common Department,1158996,0,10A100090,Accounts Receivable,11,Anonymized Partner 058,000,Common Department,80783957,2021-12
1999.0,1.0,111,Credit,2021-12-20,Voucher No. 393 dated 12/20 Anonymized Partner 058,10A100090,Accounts Receivable,11,Anonymized Partner 058,000,Common Department,0,1158996,10A100020,Cash,,,000,Common Department,41545198,2021-12
2000.0,1.0,112,Debit,2021-12-20,Voucher No. 394 dated 12/20 Anonymized Partner 014,10A100020,Ordinary Deposits,30,GHI Bank Nagoya Branch,000,Common Department,570875,0,10A100090,Accounts Receivable,21,Anonymized Partner 014,000,Common Department,81354832,2021-12
2000.0,1.0,112,Credit,2021-12-20,Voucher No. 394 dated 12/20 Anonymized Partner 014,10A100090,Accounts Receivable,21,Anonymized Partner 014,000,Common Department,0,570875,10A100020,Ordinary Deposits,30,GHI Bank Nagoya Branch,000,Common Department,40974323,2021-12
2000.0,2.0,112,Debit,2021-12-20,Voucher No. 394 dated 12/20 Anonymized Partner 014,10E200690,Service Fees,,,030,Nagoya Branch,472,0,10A100090,Accounts Receivable,21,Anonymized Partner 014,000,Common Department,102470,2021-12
2000.0,2.0,112,Credit,2021-12-20,Voucher No. 394 dated 12/20 Anonymized Partner 014,10A100090,Accounts Receivable,21,Anonymized Partner 014,000,Common Department,0,472,10E200690,Service Fees,,,030,Nagoya Branch,40973851,2021-12
2001.0,1.0,113,Debit,2021-12-20,Voucher No. 395 dated 12/20 Anonymized Partner 052,10A100020,Ordinary Deposits,20,ABC Bank Head Office,000,Common Department,1326942,0,10A100090,Accounts Receivable,30,Anonymized Partner 052,000,Common Department,82681774,2021-12
2001.0,1.0,113,Credit,2021-12-20,Voucher No. 395 dated 12/20 Anonymized Partner 052,10A100090,Accounts Receivable,30,Anonymized Partner 052,000,Common Department,0,1326942,10A100020,Ordinary Deposits,20,ABC Bank Head Office,000,Common Department,39646909,2021-12
2001.0,2.0,113,Debit,2021-12-20,Voucher No. 395 dated 12/20 Anonymized Partner 052,10E200690,Service Fees,,,020,Tokyo Branch,735,0,10A100090,Accounts Receivable,30,Anonymized Partner 052,000,Common Department,103205,2021-12
2001.0,2.0,113,Credit,2021-12-20,Voucher No. 395 dated 12/20 Anonymized Partner 052,10A100090,Accounts Receivable,30,Anonymized Partner 052,000,Common Department,0,735,10E200690,Service Fees,,,020,Tokyo Branch,39646174,2021-12
2002.0,1.0,114,Debit,2021-12-20,Voucher No. 306 dated 12/20 Anonymized Partner 047,10B100040,Accounts Payable,4,Anonymized Partner 047,000,Common Department,1155555,0,10A100020,Checking Deposits,1,ABC Bank,000,Common Department,46525031,2021-12
2002.0,1.0,114,Credit,2021-12-20,Voucher No. 306 dated 12/20 Anonymized Partner 047,10A100020,Checking Deposits,1,ABC Bank,000,Common Department,0,1155555,10B100040,Accounts Payable,4,Anonymized Partner 047,000,Common Department,81526219,2021-12
2003.0,1.0,115,Debit,2021-12-20,Voucher No. 307 dated 12/20 Anonymized Partner 054,10B100040,Accounts Payable,6,Anonymized Partner 054,000,Common Department,3677354,0,10A100020,Ordinary Deposits,20,ABC Bank Head Office,000,Common Department,42847677,2021-12
2003.0,1.0,115,Credit,2021-12-20,Voucher No. 307 dated 12/20 Anonymized Partner 054,10A100020,Ordinary Deposits,20,ABC Bank Head Office,000,Common Department,0,3677354,10B100040,Accounts Payable,6,Anonymized Partner 054,000,Common Department,77848865,2021-12
2004.0,1.0,116,Debit,2021-12-20,Voucher No. 308 dated 12/20 Anonymized Partner 067,10B100040,Accounts Payable,11,Anonymized Partner 067,000,Common Department,5286009,0,10A100020,Ordinary Deposits,20,ABC Bank Head Office,000,Common Department,37561668,2021-12
2004.0,1.0,116,Credit,2021-12-20,Voucher No. 308 dated 12/20 Anonymized Partner 067,10A100020,Ordinary Deposits,20,ABC Bank Head Office,000,Common Department,0,5286009,10B100040,Accounts Payable,11,Anonymized Partner 067,000,Common Department,72562856,2021-12
2005.0,1.0,118,Debit,2021-12-20,Copying expense expense,10E201110,Office Supplies Expenses,,,040,Osaka Branch,8230,0,10B100630,Accounts Payable Other,,,000,Common Department,1047086,2021-12
2005.0,1.0,118,Credit,2021-12-20,Copying expense expense,10B100630,Accounts Payable Other,,,000,Common Department,0,8230,10E201110,Office Supplies Expenses,,,040,Osaka Branch,7925535,2021-12
2006.0,1.0,135,Debit,2021-12-20,office supplies,10E201110,Office Supplies Expenses,,,040,Osaka Branch,4732,0,10B100630,Accounts Payable Other,,,000,Common Department,1051818,2021-12
2006.0,1.0,135,Credit,2021-12-20,office supplies,10B100630,Accounts Payable Other,,,000,Common Department,0,4732,10E201110,Office Supplies Expenses,,,040,Osaka Branch,7930267,2021-12
2007.0,1.0,141,Debit,2021-12-20,Note discounted Anonymized Partner 072 | Note number=R20211110-90-28;Receipt amount corrected to settlement amount,10A100020,Checking Deposits,1,ABC Bank,000,Common Department,6875000,0,10A100060,Notes Receivable,,,000,Common Department,79437856,2021-12
2007.0,1.0,141,Credit,2021-12-20,Note discounted Anonymized Partner 072 | Note number=R20211110-90-28;Receipt amount corrected to settlement amount,10A100060,Notes Receivable,,,000,Common Department,0,6875000,10A100020,Checking Deposits,1,ABC Bank,000,Common Department,70743154,2021-12
2007.0,2.0,141,Debit,2021-12-20,Note discount fee | Note number=R20211110-90-28,10E300020,Interest Expense,,,020,Tokyo Branch,46367,0,10A100060,Notes Receivable,,,000,Common Department,1017410,2021-12
2007.0,2.0,141,Credit,2021-12-20,Note discount fee | Note number=R20211110-90-28,10A100060,Notes Receivable,,,000,Common Department,0,46367,10E300020,Interest Expense,,,020,Tokyo Branch,70696787,2021-12
2008.0,1.0,148,Debit,2021-12-20,Note maturity Anonymized Partner 065 | Note number=R20211031-116-12;Receipt amount corrected to settlement amount,10A100020,Checking Deposits,1,ABC Bank,000,Common Department,9607109,0,10A100060,Notes Receivable,,,000,Common Department,89044965,2021-12
2008.0,1.0,148,Credit,2021-12-20,Note maturity Anonymized Partner 065 | Note number=R20211031-116-12;Receipt amount corrected to settlement amount,10A100060,Notes Receivable,,,000,Common Department,0,9607109,10A100020,Checking Deposits,1,ABC Bank,000,Common Department,61089678,2021-12
2009.0,1.0,163,Debit,2021-12-20,Membership fee,10E201140,Membership Fees,,,050,Kyushu Sales Office,18000,0,10A100020,Cash,,,000,Common Department,990000,2021-12
2009.0,1.0,163,Credit,2021-12-20,Membership fee,10A100020,Cash,,,000,Common Department,0,18000,10E201140,Membership Fees,,,050,Kyushu Sales Office,89026965,2021-12
1986.0,1.0,24,Debit,2021-12-20,Anonymized Railway Company A multi-ride ticket,10E201230,Travel and Transportation Expenses,,,010,Sapporo Sales Office,82620,0,10A100020,Cash,,,000,Common Department,9612463,2021-12
1986.0,1.0,24,Credit,2021-12-20,Anonymized Railway Company A multi-ride ticket,10A100020,Cash,,,000,Common Department,0,82620,10E201230,Travel and Transportation Expenses,,,010,Sapporo Sales Office,88944345,2021-12
1987.0,1.0,31,Debit,2021-12-20,Copying expense expense,10E201110,Office Supplies Expenses,,,010,Sapporo Sales Office,3288,0,10B100630,Accounts Payable Other,,,000,Common Department,1055106,2021-12
1987.0,1.0,31,Credit,2021-12-20,Copying expense expense,10B100630,Accounts Payable Other,,,000,Common Department,0,3288,10E201110,Office Supplies Expenses,,,010,Sapporo Sales Office,7933555,2021-12
1988.0,1.0,48,Debit,2021-12-20,Gasoline,10E201120,Vehicle Expenses,,,020,Tokyo Branch,4303,0,10A100020,Cash,,,000,Common Department,5159396,2021-12
1988.0,1.0,48,Credit,2021-12-20,Gasoline,10A100020,Cash,,,000,Common Department,0,4303,10E201120,Vehicle Expenses,,,020,Tokyo Branch,88940042,2021-12
1989.0,1.0,71,Debit,2021-12-20,Copy counter charge,10E201110,Office Supplies Expenses,,,020,Tokyo Branch,36741,0,10B100630,Accounts Payable Other,,,000,Common Department,1091847,2021-12
1989.0,1.0,71,Credit,2021-12-20,Copy counter charge,10B100630,Accounts Payable Other,,,000,Common Department,0,36741,10E201110,Office Supplies Expenses,,,020,Tokyo Branch,7970296,2021-12
1990.0,1.0,73,Debit,2021-12-20,Wired service fee,10E201270,Miscellaneous Expenses,,,030,Nagoya Branch,5000,0,10B100630,Accounts Payable Other,,,000,Common Department,3952121,2021-12
1990.0,1.0,73,Credit,2021-12-20,Wired service fee,10B100630,Accounts Payable Other,,,000,Common Department,0,5000,10E201270,Miscellaneous Expenses,,,030,Nagoya Branch,7975296,2021-12
1991.0,1.0,75,Debit,2021-12-20,Gasoline,10E201120,Vehicle Expenses,,,010,Sapporo Sales Office,2858,0,10A100020,Cash,,,000,Common Department,5162254,2021-12
1991.0,1.0,75,Credit,2021-12-20,Gasoline,10A100020,Cash,,,000,Common Department,0,2858,10E201120,Vehicle Expenses,,,010,Sapporo Sales Office,88937184,2021-12
1991.0,2.0,75,Debit,2021-12-20,Parking fee,10E201120,Vehicle Expenses,,,010,Sapporo Sales Office,286,0,10A100020,Cash,,,000,Common Department,5162540,2021-12
1991.0,2.0,75,Credit,2021-12-20,Parking fee,10A100020,Cash,,,000,Common Department,0,286,10E201120,Vehicle Expenses,,,010,Sapporo Sales Office,88936898,2021-12
1991.0,3.0,75,Debit,2021-12-20,Parking fee,10E201120,Vehicle Expenses,,,010,Sapporo Sales Office,381,0,10A100020,Cash,,,000,Common Department,5162921,2021-12
1991.0,3.0,75,Credit,2021-12-20,Parking fee,10A100020,Cash,,,000,Common Department,0,381,10E201120,Vehicle Expenses,,,010,Sapporo Sales Office,88936517,2021-12
1992.0,1.0,76,Debit,2021-12-20,Copy counter charge,10E201110,Office Supplies Expenses,,,050,Kyushu Sales Office,6300,0,10B100630,Accounts Payable Other,,,000,Common Department,1098147,2021-12
1992.0,1.0,76,Credit,2021-12-20,Copy counter charge,10B100630,Accounts Payable Other,,,000,Common Department,0,6300,10E201110,Office Supplies Expenses,,,050,Kyushu Sales Office,7981596,2021-12
1993.0,1.0,80,Debit,2021-12-20,Membership fee Payment,10E200140,Employee Welfare Expenses,,,030,Nagoya Branch,417375,0,10B100630,Accounts Payable Other,,,000,Common Department,3989050,2021-12
1993.0,1.0,80,Credit,2021-12-20,Membership fee Payment,10B100630,Accounts Payable Other,,,000,Common Department,0,417375,10E200140,Employee Welfare Expenses,,,030,Nagoya Branch,8398971,2021-12
1993.0,2.0,80,Debit,2021-12-20,files and related supplies,10E200200,Supplies Expenses,,,000,Common Department,9320,0,10B100630,Accounts Payable Other,,,000,Common Department,2220194,2021-12
1993.0,2.0,80,Credit,2021-12-20,files and related supplies,10B100630,Accounts Payable Other,,,000,Common Department,0,9320,10E200200,Supplies Expenses,,,000,Common Department,8408291,2021-12
1993.0,3.0,80,Debit,2021-12-20,Drinking water,10E200200,Supplies Expenses,,,000,Common Department,210161,0,10B100630,Accounts Payable Other,,,000,Common Department,2430355,2021-12
1993.0,3.0,80,Credit,2021-12-20,Drinking water,10B100630,Accounts Payable Other,,,000,Common Department,0,210161,10E200200,Supplies Expenses,,,000,Common Department,8618452,2021-12
1993.0,4.0,80,Debit,2021-12-20,Business card expense,10E200200,Supplies Expenses,,,000,Common Department,9420,0,10B100630,Accounts Payable Other,,,000,Common Department,2439775,2021-12
1993.0,4.0,80,Credit,2021-12-20,Business card expense,10B100630,Accounts Payable Other,,,000,Common Department,0,9420,10E200200,Supplies Expenses,,,000,Common Department,8627872,2021-12
1994.0,1.0,97,Debit,2021-12-20,Copying expense expense,10E201110,Office Supplies Expenses,,,030,Nagoya Branch,39226,0,10B100630,Accounts Payable Other,,,000,Common Department,1137373,2021-12
1994.0,1.0,97,Credit,2021-12-20,Copying expense expense,10B100630,Accounts Payable Other,,,000,Common Department,0,39226,10E201110,Office Supplies Expenses,,,030,Nagoya Branch,8667098,2021-12
1995.0,1.0,98,Debit,2021-12-20,office supplies,10E201110,Office Supplies Expenses,,,030,Nagoya Branch,10058,0,10B100630,Accounts Payable Other,,,000,Common Department,1147431,2021-12
1995.0,1.0,98,Credit,2021-12-20,office supplies,10B100630,Accounts Payable Other,,,000,Common Department,0,10058,10E201110,Office Supplies Expenses,,,030,Nagoya Branch,8677156,2021-12
2017.0,1.0,114,Debit,2021-12-21,Newspaper expense,10E201160,Books and Publications,,,040,Osaka Branch,2540,0,10A100020,Cash,,,000,Common Department,202396,2021-12
2017.0,1.0,114,Credit,2021-12-21,Newspaper expense,10A100020,Cash,,,000,Common Department,0,2540,10E201160,Books and Publications,,,040,Osaka Branch,88933977,2021-12
2017.0,2.0,114,Debit,2021-12-21,Newspaper expense,10E201160,Books and Publications,,,040,Osaka Branch,2864,0,10A100020,Cash,,,000,Common Department,205260,2021-12
2017.0,2.0,114,Credit,2021-12-21,Newspaper expense,10A100020,Cash,,,000,Common Department,0,2864,10E201160,Books and Publications,,,040,Osaka Branch,88931113,2021-12
2018.0,1.0,126,Debit,2021-12-21,Revenue stamp,10E200210,Taxes and Dues,,,020,Tokyo Branch,40000,0,10A100020,Cash,,,000,Common Department,229000,2021-12
2018.0,1.0,126,Credit,2021-12-21,Revenue stamp,10A100020,Cash,,,000,Common Department,0,40000,10E200210,Taxes and Dues,,,020,Tokyo Branch,88891113,2021-12
2019.0,1.0,132,Debit,2021-12-21,Electricity expense,10E201040,Utilities Expenses,,,040,Osaka Branch,139580,0,10A100020,Ordinary Deposits,40,JKL Bank Umeda Branch,000,Common Department,4815069,2021-12
2019.0,1.0,132,Credit,2021-12-21,Electricity expense,10A100020,Ordinary Deposits,40,JKL Bank Umeda Branch,000,Common Department,0,139580,10E201040,Utilities Expenses,,,040,Osaka Branch,88751533,2021-12
2019.0,2.0,132,Debit,2021-12-21,Water expense,10E201040,Utilities Expenses,,,040,Osaka Branch,7730,0,10A100020,Ordinary Deposits,40,JKL Bank Umeda Branch,000,Common Department,4822799,2021-12
2019.0,2.0,132,Credit,2021-12-21,Water expense,10A100020,Ordinary Deposits,40,JKL Bank Umeda Branch,000,Common Department,0,7730,10E201040,Utilities Expenses,,,040,Osaka Branch,88743803,2021-12
2020.0,1.0,169,Debit,2021-12-21,Electricity expense,10E201040,Utilities Expenses,,,050,Kyushu Sales Office,139580,0,10A100020,Ordinary Deposits,50,MNO Bank Kitakyushu Branch,000,Common Department,4962379,2021-12
2020.0,1.0,169,Credit,2021-12-21,Electricity expense,10A100020,Ordinary Deposits,50,MNO Bank Kitakyushu Branch,000,Common Department,0,139580,10E201040,Utilities Expenses,,,050,Kyushu Sales Office,88604223,2021-12
2020.0,2.0,169,Debit,2021-12-21,Water expense,10E201040,Utilities Expenses,,,050,Kyushu Sales Office,7730,0,10A100020,Ordinary Deposits,50,MNO Bank Kitakyushu Branch,000,Common Department,4970109,2021-12
2020.0,2.0,169,Credit,2021-12-21,Water expense,10A100020,Ordinary Deposits,50,MNO Bank Kitakyushu Branch,000,Common Department,0,7730,10E201040,Utilities Expenses,,,050,Kyushu Sales Office,88596493,2021-12
2011.0,1.0,25,Debit,2021-12-21,Travel expense,10E201230,Travel and Transportation Expenses,,,010,Sapporo Sales Office,56000,0,10A100020,Cash,,,000,Common Department,9668463,2021-12
2011.0,1.0,25,Credit,2021-12-21,Travel expense,10A100020,Cash,,,000,Common Department,0,56000,10E201230,Travel and Transportation Expenses,,,010,Sapporo Sales Office,88540493,2021-12
2010.0,1.0,3,Debit,2021-12-21,Lodging expense,10E200140,Employee Welfare Expenses,,,010,Sapporo Sales Office,30125,0,10B100630,Accounts Payable Other,,,000,Common Department,4019175,2021-12
2010.0,1.0,3,Credit,2021-12-21,Lodging expense,10B100630,Accounts Payable Other,,,000,Common Department,0,30125,10E200140,Employee Welfare Expenses,,,010,Sapporo Sales Office,8707281,2021-12
2012.0,1.0,34,Debit,2021-12-21,Electricity expense,10E201040,Utilities Expenses,,,010,Sapporo Sales Office,94721,0,10A100020,Ordinary Deposits,10,DEF Bank Station Branch,000,Common Department,5064830,2021-12
2012.0,1.0,34,Credit,2021-12-21,Electricity expense,10A100020,Ordinary Deposits,10,DEF Bank Station Branch,000,Common Department,0,94721,10E201040,Utilities Expenses,,,010,Sapporo Sales Office,88445772,2021-12
2012.0,2.0,34,Debit,2021-12-21,Water expense,10E201040,Utilities Expenses,,,010,Sapporo Sales Office,3840,0,10A100020,Ordinary Deposits,10,DEF Bank Station Branch,000,Common Department,5068670,2021-12
2012.0,2.0,34,Credit,2021-12-21,Water expense,10A100020,Ordinary Deposits,10,DEF Bank Station Branch,000,Common Department,0,3840,10E201040,Utilities Expenses,,,010,Sapporo Sales Office,88441932,2021-12
2013.0,1.0,64,Debit,2021-12-21,Electricity expense,10E201040,Utilities Expenses,,,020,Tokyo Branch,215755,0,10A100020,Ordinary Deposits,20,ABC Bank Head Office,000,Common Department,5284425,2021-12
2013.0,1.0,64,Credit,2021-12-21,Electricity expense,10A100020,Ordinary Deposits,20,ABC Bank Head Office,000,Common Department,0,215755,10E201040,Utilities Expenses,,,020,Tokyo Branch,88226177,2021-12
2013.0,2.0,64,Debit,2021-12-21,Water expense,10E201040,Utilities Expenses,,,020,Tokyo Branch,9092,0,10A100020,Ordinary Deposits,20,ABC Bank Head Office,000,Common Department,5293517,2021-12
2013.0,2.0,64,Credit,2021-12-21,Water expense,10A100020,Ordinary Deposits,20,ABC Bank Head Office,000,Common Department,0,9092,10E201040,Utilities Expenses,,,020,Tokyo Branch,88217085,2021-12
2014.0,1.0,75,Debit,2021-12-21,Year-end party fee,10E200150,Entertainment Expenses,,,020,Tokyo Branch,8000,0,10A100020,Cash,,,000,Common Department,3152744,2021-12
2014.0,1.0,75,Credit,2021-12-21,Year-end party fee,10A100020,Cash,,,000,Common Department,0,8000,10E200150,Entertainment Expenses,,,020,Tokyo Branch,88209085,2021-12
2015.0,1.0,89,Debit,2021-12-21,Electricity expense,10E201040,Utilities Expenses,,,030,Nagoya Branch,110700,0,10A100020,Ordinary Deposits,30,GHI Bank Nagoya Branch,000,Common Department,5404217,2021-12
2015.0,1.0,89,Credit,2021-12-21,Electricity expense,10A100020,Ordinary Deposits,30,GHI Bank Nagoya Branch,000,Common Department,0,110700,10E201040,Utilities Expenses,,,030,Nagoya Branch,88098385,2021-12
2015.0,2.0,89,Debit,2021-12-21,Water expense,10E201040,Utilities Expenses,,,030,Nagoya Branch,4730,0,10A100020,Ordinary Deposits,30,GHI Bank Nagoya Branch,000,Common Department,5408947,2021-12
2015.0,2.0,89,Credit,2021-12-21,Water expense,10A100020,Ordinary Deposits,30,GHI Bank Nagoya Branch,000,Common Department,0,4730,10E201040,Utilities Expenses,,,030,Nagoya Branch,88093655,2021-12
2015.0,3.0,89,Debit,2021-12-21,Gas expense,10E201040,Utilities Expenses,,,030,Nagoya Branch,4990,0,10A100020,Ordinary Deposits,30,GHI Bank Nagoya Branch,000,Common Department,5413937,2021-12
2015.0,3.0,89,Credit,2021-12-21,Gas expense,10A100020,Ordinary Deposits,30,GHI Bank Nagoya Branch,000,Common Department,0,4990,10E201040,Utilities Expenses,,,030,Nagoya Branch,88088665,2021-12
2016.0,1.0,94,Debit,2021-12-21,New Year decoration and others,10E201270,Miscellaneous Expenses,,,030,Nagoya Branch,5377,0,10A100020,Cash,,,000,Common Department,3957498,2021-12
2016.0,1.0,94,Credit,2021-12-21,New Year decoration and others,10A100020,Cash,,,000,Common Department,0,5377,10E201270,Miscellaneous Expenses,,,030,Nagoya Branch,88083288,2021-12
2029.0,1.0,107,Debit,2021-12-22,Year-end party fee 3 people,10E200150,Entertainment Expenses,,,040,Osaka Branch,24000,0,10A100020,Cash,,,000,Common Department,3176744,2021-12
2029.0,1.0,107,Credit,2021-12-22,Year-end party fee 3 people,10A100020,Cash,,,000,Common Department,0,24000,10E200150,Entertainment Expenses,,,040,Osaka Branch,88059288,2021-12
2030.0,1.0,131,Debit,2021-12-22,Membership fee,10E201140,Membership Fees,,,040,Osaka Branch,24000,0,10A100020,Ordinary Deposits,40,JKL Bank Umeda Branch,000,Common Department,1014000,2021-12
2030.0,1.0,131,Credit,2021-12-22,Membership fee,10A100020,Ordinary Deposits,40,JKL Bank Umeda Branch,000,Common Department,0,24000,10E201140,Membership Fees,,,040,Osaka Branch,88035288,2021-12
2031.0,1.0,151,Debit,2021-12-22,Year-end party fee 3 people,10E200150,Entertainment Expenses,,,040,Osaka Branch,30000,0,10A100020,Cash,,,000,Common Department,3206744,2021-12
2031.0,1.0,151,Credit,2021-12-22,Year-end party fee 3 people,10A100020,Cash,,,000,Common Department,0,30000,10E200150,Entertainment Expenses,,,040,Osaka Branch,88005288,2021-12
2032.0,1.0,166,Debit,2021-12-22,Anonymized Cleaning Company A expense,10E201270,Miscellaneous Expenses,,,050,Kyushu Sales Office,1890,0,10A100020,Cash,,,000,Common Department,3959388,2021-12
2032.0,1.0,166,Credit,2021-12-22,Anonymized Cleaning Company A expense,10A100020,Cash,,,000,Common Department,0,1890,10E201270,Miscellaneous Expenses,,,050,Kyushu Sales Office,88003398,2021-12
2033.0,1.0,170,Debit,2021-12-22,Newspaper expense,10E201160,Books and Publications,,,050,Kyushu Sales Office,3007,0,10A100020,Cash,,,000,Common Department,208267,2021-12
2033.0,1.0,170,Credit,2021-12-22,Newspaper expense,10A100020,Cash,,,000,Common Department,0,3007,10E201160,Books and Publications,,,050,Kyushu Sales Office,88000391,2021-12
2021.0,1.0,35,Debit,2021-12-22,Newspaper expense,10E201160,Books and Publications,,,010,Sapporo Sales Office,3925,0,10A100020,Cash,,,000,Common Department,212192,2021-12
2021.0,1.0,35,Credit,2021-12-22,Newspaper expense,10A100020,Cash,,,000,Common Department,0,3925,10E201160,Books and Publications,,,010,Sapporo Sales Office,87996466,2021-12
2022.0,1.0,53,Debit,2021-12-22,Expressway toll,10E201120,Vehicle Expenses,,,020,Tokyo Branch,381,0,10A100020,Cash,,,000,Common Department,5163302,2021-12
2022.0,1.0,53,Credit,2021-12-22,Expressway toll,10A100020,Cash,,,000,Common Department,0,381,10E201120,Vehicle Expenses,,,020,Tokyo Branch,87996085,2021-12
2022.0,2.0,53,Debit,2021-12-22,Parking fee,10E201120,Vehicle Expenses,,,020,Tokyo Branch,1762,0,10A100020,Cash,,,000,Common Department,5165064,2021-12
2022.0,2.0,53,Credit,2021-12-22,Parking fee,10A100020,Cash,,,000,Common Department,0,1762,10E201120,Vehicle Expenses,,,020,Tokyo Branch,87994323,2021-12
2023.0,1.0,72,Debit,2021-12-22,Newspaper expense,10E201160,Books and Publications,,,020,Tokyo Branch,2864,0,10A100020,Cash,,,000,Common Department,215056,2021-12
2023.0,1.0,72,Credit,2021-12-22,Newspaper expense,10A100020,Cash,,,000,Common Department,0,2864,10E201160,Books and Publications,,,020,Tokyo Branch,87991459,2021-12
2023.0,2.0,72,Debit,2021-12-22,Newspaper expense,10E201160,Books and Publications,,,020,Tokyo Branch,2815,0,10A100020,Cash,,,000,Common Department,217871,2021-12
2023.0,2.0,72,Credit,2021-12-22,Newspaper expense,10A100020,Cash,,,000,Common Department,0,2815,10E201160,Books and Publications,,,020,Tokyo Branch,87988644,2021-12
2023.0,3.0,72,Debit,2021-12-22,Newspaper expense,10E201160,Books and Publications,,,020,Tokyo Branch,3399,0,10A100020,Cash,,,000,Common Department,221270,2021-12
2023.0,3.0,72,Credit,2021-12-22,Newspaper expense,10A100020,Cash,,,000,Common Department,0,3399,10E201160,Books and Publications,,,020,Tokyo Branch,87985245,2021-12
2023.0,4.0,72,Debit,2021-12-22,New Year decorations and rice cakes and others,10E201270,Miscellaneous Expenses,,,020,Tokyo Branch,9018,0,10A100020,Cash,,,000,Common Department,3968406,2021-12
2023.0,4.0,72,Credit,2021-12-22,New Year decorations and rice cakes and others,10A100020,Cash,,,000,Common Department,0,9018,10E201270,Miscellaneous Expenses,,,020,Tokyo Branch,87976227,2021-12
2024.0,1.0,74,Debit,2021-12-22,New Year decoration and others,10E201270,Miscellaneous Expenses,,,040,Osaka Branch,4688,0,10A100020,Cash,,,000,Common Department,3973094,2021-12
2024.0,1.0,74,Credit,2021-12-22,New Year decoration and others,10A100020,Cash,,,000,Common Department,0,4688,10E201270,Miscellaneous Expenses,,,040,Osaka Branch,87971539,2021-12
2025.0,1.0,84,Debit,2021-12-22,Gasoline,10E201120,Vehicle Expenses,,,050,Kyushu Sales Office,6826,0,10A100020,Cash,,,000,Common Department,5171890,2021-12
2025.0,1.0,84,Credit,2021-12-22,Gasoline,10A100020,Cash,,,000,Common Department,0,6826,10E201120,Vehicle Expenses,,,050,Kyushu Sales Office,87964713,2021-12
2026.0,1.0,88,Debit,2021-12-22,Newspaper expense,10E201160,Books and Publications,,,030,Nagoya Branch,3568,0,10A100020,Cash,,,000,Common Department,224838,2021-12
2026.0,1.0,88,Credit,2021-12-22,Newspaper expense,10A100020,Cash,,,000,Common Department,0,3568,10E201160,Books and Publications,,,030,Nagoya Branch,87961145,2021-12
2027.0,1.0,90,Debit,2021-12-22,Anonymized Cleaning Company A expense,10E201270,Miscellaneous Expenses,,,030,Nagoya Branch,10500,0,10A100020,Cash,,,000,Common Department,3983594,2021-12
2027.0,1.0,90,Credit,2021-12-22,Anonymized Cleaning Company A expense,10A100020,Cash,,,000,Common Department,0,10500,10E201270,Miscellaneous Expenses,,,030,Nagoya Branch,87950645,2021-12
2028.0,1.0,95,Debit,2021-12-22,Cleaning fee,10E201270,Miscellaneous Expenses,,,030,Nagoya Branch,71675,0,10B100630,Accounts Payable Other,,,000,Common Department,4055269,2021-12
2028.0,1.0,95,Credit,2021-12-22,Cleaning fee,10B100630,Accounts Payable Other,,,000,Common Department,0,71675,10E201270,Miscellaneous Expenses,,,030,Nagoya Branch,8778956,2021-12
2038.0,1.0,140,Debit,2021-12-23,Travel expense,10E201230,Travel and Transportation Expenses,,,040,Osaka Branch,9870,0,10A100020,Cash,,,000,Common Department,9678333,2021-12
2038.0,1.0,140,Credit,2021-12-23,Travel expense,10A100020,Cash,,,000,Common Department,0,9870,10E201230,Travel and Transportation Expenses,,,040,Osaka Branch,87940775,2021-12
2034.0,1.0,26,Debit,2021-12-23,Travel expense,10E201230,Travel and Transportation Expenses,,,010,Sapporo Sales Office,25000,0,10A100020,Cash,,,000,Common Department,9703333,2021-12
2034.0,1.0,26,Credit,2021-12-23,Travel expense,10A100020,Cash,,,000,Common Department,0,25000,10E201230,Travel and Transportation Expenses,,,010,Sapporo Sales Office,87915775,2021-12
2035.0,1.0,28,Debit,2021-12-23,taxi expense,10E201230,Travel and Transportation Expenses,,,010,Sapporo Sales Office,2420,0,10B100630,Accounts Payable Other,,,000,Common Department,9705753,2021-12
2035.0,1.0,28,Credit,2021-12-23,taxi expense,10B100630,Accounts Payable Other,,,000,Common Department,0,2420,10E201230,Travel and Transportation Expenses,,,010,Sapporo Sales Office,8781376,2021-12
2036.0,1.0,64,Debit,2021-12-23,Tea expense,10E200140,Employee Welfare Expenses,,,050,Kyushu Sales Office,18700,0,10B100630,Accounts Payable Other,,,000,Common Department,4037875,2021-12
2036.0,1.0,64,Credit,2021-12-23,Tea expense,10B100630,Accounts Payable Other,,,000,Common Department,0,18700,10E200140,Employee Welfare Expenses,,,050,Kyushu Sales Office,8800076,2021-12
2037.0,1.0,71,Debit,2021-12-23,New Year decoration and others,10E201270,Miscellaneous Expenses,,,010,Sapporo Sales Office,4800,0,10A100020,Cash,,,000,Common Department,4060069,2021-12
2037.0,1.0,71,Credit,2021-12-23,New Year decoration and others,10A100020,Cash,,,000,Common Department,0,4800,10E201270,Miscellaneous Expenses,,,010,Sapporo Sales Office,87910975,2021-12
2043.0,1.0,120,Debit,2021-12-24,Outsourcing fee,10E200020,Sales Commissions,,,040,Osaka Branch,735000,0,10B100630,Accounts Payable Other,,,000,Common Department,17579267,2021-12
2043.0,1.0,120,Credit,2021-12-24,Outsourcing fee,10B100630,Accounts Payable Other,,,000,Common Department,0,735000,10E200020,Sales Commissions,,,040,Osaka Branch,9535076,2021-12
2044.0,1.0,146,Debit,2021-12-24,Outsourcing fee,10E200020,Sales Commissions,,,050,Kyushu Sales Office,168000,0,10B100630,Accounts Payable Other,,,000,Common Department,17747267,2021-12
2044.0,1.0,146,Credit,2021-12-24,Outsourcing fee,10B100630,Accounts Payable Other,,,000,Common Department,0,168000,10E200020,Sales Commissions,,,050,Kyushu Sales Office,9703076,2021-12
2045.0,1.0,154,Debit,2021-12-24,Year-end party fee 2 people,10E200150,Entertainment Expenses,,,050,Kyushu Sales Office,11429,0,10B100630,Accounts Payable Other,,,000,Common Department,3218173,2021-12
2045.0,1.0,154,Credit,2021-12-24,Year-end party fee 2 people,10B100630,Accounts Payable Other,,,000,Common Department,0,11429,10E200150,Entertainment Expenses,,,050,Kyushu Sales Office,9714505,2021-12
2045.0,2.0,154,Debit,2021-12-24,Meal expense Anonymized Store 015,10E200150,Entertainment Expenses,,,050,Kyushu Sales Office,30410,0,10B100630,Accounts Payable Other,,,000,Common Department,3248583,2021-12
2045.0,2.0,154,Credit,2021-12-24,Meal expense Anonymized Store 015,10B100630,Accounts Payable Other,,,000,Common Department,0,30410,10E200150,Entertainment Expenses,,,050,Kyushu Sales Office,9744915,2021-12
2039.0,1.0,38,Debit,2021-12-24,Lodging expense,10E200140,Employee Welfare Expenses,,,020,Tokyo Branch,58974,0,10B100630,Accounts Payable Other,,,000,Common Department,4096849,2021-12
2039.0,1.0,38,Credit,2021-12-24,Lodging expense,10B100630,Accounts Payable Other,,,000,Common Department,0,58974,10E200140,Employee Welfare Expenses,,,020,Tokyo Branch,9803889,2021-12
2040.0,1.0,54,Debit,2021-12-24,Expressway toll,10E201120,Vehicle Expenses,,,020,Tokyo Branch,1810,0,10A100020,Cash,,,000,Common Department,5173700,2021-12
2040.0,1.0,54,Credit,2021-12-24,Expressway toll,10A100020,Cash,,,000,Common Department,0,1810,10E201120,Vehicle Expenses,,,020,Tokyo Branch,87909165,2021-12
2040.0,2.0,54,Debit,2021-12-24,Gasoline,10E201120,Vehicle Expenses,,,020,Tokyo Branch,2572,0,10A100020,Cash,,,000,Common Department,5176272,2021-12
2040.0,2.0,54,Credit,2021-12-24,Gasoline,10A100020,Cash,,,000,Common Department,0,2572,10E201120,Vehicle Expenses,,,020,Tokyo Branch,87906593,2021-12
2041.0,1.0,78,Debit,2021-12-24,Outsourcing fee payment,10E200020,Sales Commissions,,,030,Nagoya Branch,189000,0,10B100630,Accounts Payable Other,,,000,Common Department,17936267,2021-12
2041.0,1.0,78,Credit,2021-12-24,Outsourcing fee payment,10B100630,Accounts Payable Other,,,000,Common Department,0,189000,10E200020,Sales Commissions,,,030,Nagoya Branch,9992889,2021-12
2042.0,1.0,87,Debit,2021-12-24,Mobile phone expense,10E200180,Communication Expenses,,,030,Nagoya Branch,69154,0,10A100020,Ordinary Deposits,30,GHI Bank Nagoya Branch,000,Common Department,9599254,2021-12
2042.0,1.0,87,Credit,2021-12-24,Mobile phone expense,10A100020,Ordinary Deposits,30,GHI Bank Nagoya Branch,000,Common Department,0,69154,10E200180,Communication Expenses,,,030,Nagoya Branch,87837439,2021-12
2052.0,1.0,111,Debit,2021-12-25,taxi expense,10E201230,Travel and Transportation Expenses,,,040,Osaka Branch,15000,0,10B100630,Accounts Payable Other,,,000,Common Department,9720753,2021-12
2052.0,1.0,111,Credit,2021-12-25,taxi expense,10B100630,Accounts Payable Other,,,000,Common Department,0,15000,10E201230,Travel and Transportation Expenses,,,040,Osaka Branch,10007889,2021-12
2053.0,1.0,117,Debit,2021-12-25,Voucher No. 396 dated 12/25 Anonymized Partner 057 | Sales voucher=20211130-112;Note number=R20211225-117-2,10A100060,Notes Receivable,,,000,Common Department,17254140,0,10A100090,Accounts Receivable,2,Anonymized Partner 057,000,Common Department,78343818,2021-12
2053.0,1.0,117,Credit,2021-12-25,Voucher No. 396 dated 12/25 Anonymized Partner 057 | Sales voucher=20211130-112;Note number=R20211225-117-2,10A100090,Accounts Receivable,2,Anonymized Partner 057,000,Common Department,0,17254140,10A100060,Notes Receivable,,,000,Common Department,22392034,2021-12
2054.0,1.0,118,Debit,2021-12-25,Voucher No. 397 dated 12/25 Anonymized Partner 042,10A100020,Ordinary Deposits,30,GHI Bank Nagoya Branch,000,Common Department,1747797,0,10A100090,Accounts Receivable,7,Anonymized Partner 042,000,Common Department,89585236,2021-12
2054.0,1.0,118,Credit,2021-12-25,Voucher No. 397 dated 12/25 Anonymized Partner 042,10A100090,Accounts Receivable,7,Anonymized Partner 042,000,Common Department,0,1747797,10A100020,Ordinary Deposits,30,GHI Bank Nagoya Branch,000,Common Department,20644237,2021-12
2054.0,2.0,118,Debit,2021-12-25,Voucher No. 397 dated 12/25 Anonymized Partner 042,10E200690,Service Fees,,,030,Nagoya Branch,735,0,10A100090,Accounts Receivable,7,Anonymized Partner 042,000,Common Department,103940,2021-12
2054.0,2.0,118,Credit,2021-12-25,Voucher No. 397 dated 12/25 Anonymized Partner 042,10A100090,Accounts Receivable,7,Anonymized Partner 042,000,Common Department,0,735,10E200690,Service Fees,,,030,Nagoya Branch,20643502,2021-12
2055.0,1.0,119,Debit,2021-12-25,Voucher No. 398 dated 12/25 Anonymized Partner 056,10A100020,Ordinary Deposits,40,JKL Bank Umeda Branch,000,Common Department,835059,0,10A100090,Accounts Receivable,23,Anonymized Partner 056,000,Common Department,90420295,2021-12
2055.0,1.0,119,Credit,2021-12-25,Voucher No. 398 dated 12/25 Anonymized Partner 056,10A100090,Accounts Receivable,23,Anonymized Partner 056,000,Common Department,0,835059,10A100020,Ordinary Deposits,40,JKL Bank Umeda Branch,000,Common Department,19808443,2021-12
2055.0,2.0,119,Debit,2021-12-25,Voucher No. 398 dated 12/25 Anonymized Partner 056,10E200690,Service Fees,,,040,Osaka Branch,630,0,10A100090,Accounts Receivable,23,Anonymized Partner 056,000,Common Department,104570,2021-12
2055.0,2.0,119,Credit,2021-12-25,Voucher No. 398 dated 12/25 Anonymized Partner 056,10A100090,Accounts Receivable,23,Anonymized Partner 056,000,Common Department,0,630,10E200690,Service Fees,,,040,Osaka Branch,19807813,2021-12
2056.0,1.0,120,Debit,2021-12-25,Voucher No. 399 dated 12/25 Anonymized Partner 033,10A100020,Ordinary Deposits,10,DEF Bank Station Branch,000,Common Department,4566466,0,10A100090,Accounts Receivable,25,Anonymized Partner 033,000,Common Department,94986761,2021-12
2056.0,1.0,120,Credit,2021-12-25,Voucher No. 399 dated 12/25 Anonymized Partner 033,10A100090,Accounts Receivable,25,Anonymized Partner 033,000,Common Department,0,4566466,10A100020,Ordinary Deposits,10,DEF Bank Station Branch,000,Common Department,15241347,2021-12
2056.0,2.0,120,Debit,2021-12-25,Voucher No. 399 dated 12/25 Anonymized Partner 033,10E200690,Service Fees,,,010,Sapporo Sales Office,840,0,10A100090,Accounts Receivable,25,Anonymized Partner 033,000,Common Department,105410,2021-12
2056.0,2.0,120,Credit,2021-12-25,Voucher No. 399 dated 12/25 Anonymized Partner 033,10A100090,Accounts Receivable,25,Anonymized Partner 033,000,Common Department,0,840,10E200690,Service Fees,,,010,Sapporo Sales Office,15240507,2021-12
2057.0,1.0,121,Debit,2021-12-25,Tea expense,10E200140,Employee Welfare Expenses,,,040,Osaka Branch,18050,0,10A100020,Cash,,,000,Common Department,4114899,2021-12
2057.0,1.0,121,Credit,2021-12-25,Tea expense,10A100020,Cash,,,000,Common Department,0,18050,10E200140,Employee Welfare Expenses,,,040,Osaka Branch,94968711,2021-12
2058.0,1.0,139,Debit,2021-12-25,Employee late-night meal,10E200140,Employee Welfare Expenses,,,040,Osaka Branch,68045,0,10B100630,Accounts Payable Other,,,000,Common Department,4182944,2021-12
2058.0,1.0,139,Credit,2021-12-25,Employee late-night meal,10B100630,Accounts Payable Other,,,000,Common Department,0,68045,10E200140,Employee Welfare Expenses,,,040,Osaka Branch,10075934,2021-12
2059.0,1.0,160,Debit,2021-12-25,Business travel expense,10E201230,Travel and Transportation Expenses,,,020,Tokyo Branch,73000,0,10A100020,Cash,,,000,Common Department,9793753,2021-12
2059.0,1.0,160,Credit,2021-12-25,Business travel expense,10A100020,Cash,,,000,Common Department,0,73000,10E201230,Travel and Transportation Expenses,,,020,Tokyo Branch,94895711,2021-12
2060.0,1.0,172,Debit,2021-12-25,Outsourcing fee payment,10E200020,Sales Commissions,,,010,Sapporo Sales Office,215000,0,10B100630,Accounts Payable Other,,,000,Common Department,18151267,2021-12
2060.0,1.0,172,Credit,2021-12-25,Outsourcing fee payment,10B100630,Accounts Payable Other,,,000,Common Department,0,215000,10E200020,Sales Commissions,,,010,Sapporo Sales Office,10290934,2021-12
2046.0,1.0,29,Debit,2021-12-25,Mobile phone expense,10E200180,Communication Expenses,,,010,Sapporo Sales Office,49768,0,10A100020,Ordinary Deposits,10,DEF Bank Station Branch,000,Common Department,9649022,2021-12
2046.0,1.0,29,Credit,2021-12-25,Mobile phone expense,10A100020,Ordinary Deposits,10,DEF Bank Station Branch,000,Common Department,0,49768,10E200180,Communication Expenses,,,010,Sapporo Sales Office,94845943,2021-12
2047.0,1.0,37,Debit,2021-12-25,Outsourcing fee,10E200020,Sales Commissions,,,020,Tokyo Branch,1849000,0,10B100630,Accounts Payable Other,,,000,Common Department,20000267,2021-12
2047.0,1.0,37,Credit,2021-12-25,Outsourcing fee,10B100630,Accounts Payable Other,,,000,Common Department,0,1849000,10E200020,Sales Commissions,,,020,Tokyo Branch,12139934,2021-12
2048.0,1.0,79,Debit,2021-12-25,Prize expense,10E200140,Employee Welfare Expenses,,,030,Nagoya Branch,75983,0,10A100020,Cash,,,000,Common Department,4258927,2021-12
2048.0,1.0,79,Credit,2021-12-25,Prize expense,10A100020,Cash,,,000,Common Department,0,75983,10E200140,Employee Welfare Expenses,,,030,Nagoya Branch,94769960,2021-12
2049.0,1.0,90,Debit,2021-12-25,Travel expense,10E201230,Travel and Transportation Expenses,,,030,Nagoya Branch,15000,0,10A100020,Cash,,,000,Common Department,9808753,2021-12
2049.0,1.0,90,Credit,2021-12-25,Travel expense,10A100020,Cash,,,000,Common Department,0,15000,10E201230,Travel and Transportation Expenses,,,030,Nagoya Branch,94754960,2021-12
2050.0,1.0,92,Debit,2021-12-25,Month 12 Payroll Other 0001 Executive,10E200090,Directors' Compensation,,,020,Tokyo Branch,1332869,0,10A100020,Ordinary Deposits,20,ABC Bank Head Office,000,Common Department,15092869,2021-12
2050.0,1.0,92,Credit,2021-12-25,Month 12 Payroll Other 0001 Executive,10A100020,Ordinary Deposits,20,ABC Bank Head Office,000,Common Department,0,1332869,10E200090,Directors' Compensation,,,020,Tokyo Branch,93422091,2021-12
2050.0,2.0,92,Debit,2021-12-25,Month 12 Payroll Other 0001 Executive,10E200090,Directors' Compensation,,,020,Tokyo Branch,120411,0,10B100690,Deposits Received,1,Insurance Expenses,000,Common Department,15213280,2021-12
2050.0,2.0,92,Credit,2021-12-25,Month 12 Payroll Other 0001 Executive,10B100690,Deposits Received,1,Insurance Expenses,000,Common Department,0,120411,10E200090,Directors' Compensation,,,020,Tokyo Branch,5038982,2021-12
2050.0,3.0,92,Debit,2021-12-25,Month 12 Payroll Other 0001 Executive,10E200090,Directors' Compensation,,,020,Tokyo Branch,171200,0,10B100690,Deposits Received,2,Resident Tax,000,Common Department,15384480,2021-12
2050.0,3.0,92,Credit,2021-12-25,Month 12 Payroll Other 0001 Executive,10B100690,Deposits Received,2,Resident Tax,000,Common Department,0,171200,10E200090,Directors' Compensation,,,020,Tokyo Branch,5210182,2021-12
2050.0,4.0,92,Debit,2021-12-25,Month 12 Payroll Other 0001 Executive,10E200090,Directors' Compensation,,,020,Tokyo Branch,-44172,0,10B100690,Deposits Received,3,Withholding Tax,000,Common Department,15340308,2021-12
2050.0,4.0,92,Credit,2021-12-25,Month 12 Payroll Other 0001 Executive,10B100690,Deposits Received,3,Withholding Tax,000,Common Department,0,-44172,10E200090,Directors' Compensation,,,020,Tokyo Branch,5166010,2021-12
2050.0,5.0,92,Debit,2021-12-25,Month 12 Payroll Other 0001 Executive,10E200090,Directors' Compensation,,,020,Tokyo Branch,133972,0,10B100690,Deposits Received,4,Savings and Insurance,000,Common Department,15474280,2021-12
2050.0,5.0,92,Credit,2021-12-25,Month 12 Payroll Other 0001 Executive,10B100690,Deposits Received,4,Savings and Insurance,000,Common Department,0,133972,10E200090,Directors' Compensation,,,020,Tokyo Branch,5299982,2021-12
2050.0,6.0,92,Debit,2021-12-25,Month 12 Payroll Other 0001 Executive,10E200090,Directors' Compensation,,,020,Tokyo Branch,5720,0,10B100690,Deposits Received,9,Other,000,Common Department,15480000,2021-12
2050.0,6.0,92,Credit,2021-12-25,Month 12 Payroll Other 0001 Executive,10B100690,Deposits Received,9,Other,000,Common Department,0,5720,10E200090,Directors' Compensation,,,020,Tokyo Branch,5305702,2021-12
2050.0,7.0,92,Debit,2021-12-25,Month 12 Payroll Other 0020 Sales Department,10E200370,Salaries and Allowances,,,020,Tokyo Branch,1423786,0,10A100020,Ordinary Deposits,20,ABC Bank Head Office,000,Common Department,43673134,2021-12
2050.0,7.0,92,Credit,2021-12-25,Month 12 Payroll Other 0020 Sales Department,10A100020,Ordinary Deposits,20,ABC Bank Head Office,000,Common Department,0,1423786,10E200370,Salaries and Allowances,,,020,Tokyo Branch,91998305,2021-12
2050.0,8.0,92,Debit,2021-12-25,Month 12 Payroll Other 0020 Sales Department,10E200370,Salaries and Allowances,,,020,Tokyo Branch,236045,0,10B100690,Deposits Received,1,Insurance Expenses,000,Common Department,43909179,2021-12
2050.0,8.0,92,Credit,2021-12-25,Month 12 Payroll Other 0020 Sales Department,10B100690,Deposits Received,1,Insurance Expenses,000,Common Department,0,236045,10E200370,Salaries and Allowances,,,020,Tokyo Branch,5541747,2021-12
2050.0,9.0,92,Debit,2021-12-25,Month 12 Payroll Other 0020 Sales Department,10E200370,Salaries and Allowances,,,020,Tokyo Branch,104300,0,10B100690,Deposits Received,2,Resident Tax,000,Common Department,44013479,2021-12
2050.0,9.0,92,Credit,2021-12-25,Month 12 Payroll Other 0020 Sales Department,10B100690,Deposits Received,2,Resident Tax,000,Common Department,0,104300,10E200370,Salaries and Allowances,,,020,Tokyo Branch,5646047,2021-12
2050.0,10.0,92,Debit,2021-12-25,Month 12 Payroll Other 0020 Sales Department,10E200370,Salaries and Allowances,,,020,Tokyo Branch,-69671,0,10B100690,Deposits Received,3,Withholding Tax,000,Common Department,43943808,2021-12
2050.0,10.0,92,Credit,2021-12-25,Month 12 Payroll Other 0020 Sales Department,10B100690,Deposits Received,3,Withholding Tax,000,Common Department,0,-69671,10E200370,Salaries and Allowances,,,020,Tokyo Branch,5576376,2021-12
2050.0,11.0,92,Debit,2021-12-25,Month 12 Payroll Other 0020 Sales Department,10E200370,Salaries and Allowances,,,020,Tokyo Branch,43305,0,10B100690,Deposits Received,4,Savings and Insurance,000,Common Department,43987113,2021-12
2050.0,11.0,92,Credit,2021-12-25,Month 12 Payroll Other 0020 Sales Department,10B100690,Deposits Received,4,Savings and Insurance,000,Common Department,0,43305,10E200370,Salaries and Allowances,,,020,Tokyo Branch,5619681,2021-12
2050.0,12.0,92,Debit,2021-12-25,Month 12 Payroll Other 0020 Sales Department,10E200370,Salaries and Allowances,,,020,Tokyo Branch,54754,0,10B100690,Deposits Received,9,Other,000,Common Department,44041867,2021-12
2050.0,12.0,92,Credit,2021-12-25,Month 12 Payroll Other 0020 Sales Department,10B100690,Deposits Received,9,Other,000,Common Department,0,54754,10E200370,Salaries and Allowances,,,020,Tokyo Branch,5674435,2021-12
2050.0,13.0,92,Debit,2021-12-25,Month 12 Payroll Other 1000 Sapporo Sales Office,10E200370,Salaries and Allowances,,,010,Sapporo Sales Office,586972,0,10A100020,Ordinary Deposits,20,ABC Bank Head Office,000,Common Department,44628839,2021-12
2050.0,13.0,92,Credit,2021-12-25,Month 12 Payroll Other 1000 Sapporo Sales Office,10A100020,Ordinary Deposits,20,ABC Bank Head Office,000,Common Department,0,586972,10E200370,Salaries and Allowances,,,010,Sapporo Sales Office,91411333,2021-12
2050.0,14.0,92,Debit,2021-12-25,Month 12 Payroll Other 1000 Sapporo Sales Office,10E200370,Salaries and Allowances,,,010,Sapporo Sales Office,103424,0,10B100690,Deposits Received,1,Insurance Expenses,000,Common Department,44732263,2021-12
2050.0,14.0,92,Credit,2021-12-25,Month 12 Payroll Other 1000 Sapporo Sales Office,10B100690,Deposits Received,1,Insurance Expenses,000,Common Department,0,103424,10E200370,Salaries and Allowances,,,010,Sapporo Sales Office,5777859,2021-12
2050.0,15.0,92,Debit,2021-12-25,Month 12 Payroll Other 1000 Sapporo Sales Office,10E200370,Salaries and Allowances,,,010,Sapporo Sales Office,46300,0,10B100690,Deposits Received,2,Resident Tax,000,Common Department,44778563,2021-12
2050.0,15.0,92,Credit,2021-12-25,Month 12 Payroll Other 1000 Sapporo Sales Office,10B100690,Deposits Received,2,Resident Tax,000,Common Department,0,46300,10E200370,Salaries and Allowances,,,010,Sapporo Sales Office,5824159,2021-12
2050.0,16.0,92,Debit,2021-12-25,Month 12 Payroll Other 1000 Sapporo Sales Office,10E200370,Salaries and Allowances,,,010,Sapporo Sales Office,-19810,0,10B100690,Deposits Received,3,Withholding Tax,000,Common Department,44758753,2021-12
2050.0,16.0,92,Credit,2021-12-25,Month 12 Payroll Other 1000 Sapporo Sales Office,10B100690,Deposits Received,3,Withholding Tax,000,Common Department,0,-19810,10E200370,Salaries and Allowances,,,010,Sapporo Sales Office,5804349,2021-12
2050.0,17.0,92,Debit,2021-12-25,Month 12 Payroll Other 1000 Sapporo Sales Office,10E200370,Salaries and Allowances,,,010,Sapporo Sales Office,50648,0,10B100690,Deposits Received,4,Savings and Insurance,000,Common Department,44809401,2021-12
2050.0,17.0,92,Credit,2021-12-25,Month 12 Payroll Other 1000 Sapporo Sales Office,10B100690,Deposits Received,4,Savings and Insurance,000,Common Department,0,50648,10E200370,Salaries and Allowances,,,010,Sapporo Sales Office,5854997,2021-12
2050.0,18.0,92,Debit,2021-12-25,Month 12 Payroll Other 1000 Sapporo Sales Office,10E200370,Salaries and Allowances,,,010,Sapporo Sales Office,38032,0,10B100690,Deposits Received,9,Other,000,Common Department,44847433,2021-12
2050.0,18.0,92,Credit,2021-12-25,Month 12 Payroll Other 1000 Sapporo Sales Office,10B100690,Deposits Received,9,Other,000,Common Department,0,38032,10E200370,Salaries and Allowances,,,010,Sapporo Sales Office,5893029,2021-12
2050.0,19.0,92,Debit,2021-12-25,Month 12 Payroll Other 3000 Nagoya Sales Office,10E200370,Salaries and Allowances,,,030,Nagoya Branch,610049,0,10A100020,Ordinary Deposits,20,ABC Bank Head Office,000,Common Department,45457482,2021-12
2050.0,19.0,92,Credit,2021-12-25,Month 12 Payroll Other 3000 Nagoya Sales Office,10A100020,Ordinary Deposits,20,ABC Bank Head Office,000,Common Department,0,610049,10E200370,Salaries and Allowances,,,030,Nagoya Branch,90801284,2021-12
2050.0,20.0,92,Debit,2021-12-25,Month 12 Payroll Other 3000 Nagoya Sales Office,10E200370,Salaries and Allowances,,,030,Nagoya Branch,96352,0,10B100690,Deposits Received,1,Insurance Expenses,000,Common Department,45553834,2021-12
2050.0,20.0,92,Credit,2021-12-25,Month 12 Payroll Other 3000 Nagoya Sales Office,10B100690,Deposits Received,1,Insurance Expenses,000,Common Department,0,96352,10E200370,Salaries and Allowances,,,030,Nagoya Branch,5989381,2021-12
2050.0,21.0,92,Debit,2021-12-25,Month 12 Payroll Other 3000 Nagoya Sales Office,10E200370,Salaries and Allowances,,,030,Nagoya Branch,42600,0,10B100690,Deposits Received,2,Resident Tax,000,Common Department,45596434,2021-12
2050.0,21.0,92,Credit,2021-12-25,Month 12 Payroll Other 3000 Nagoya Sales Office,10B100690,Deposits Received,2,Resident Tax,000,Common Department,0,42600,10E200370,Salaries and Allowances,,,030,Nagoya Branch,6031981,2021-12
2050.0,22.0,92,Debit,2021-12-25,Month 12 Payroll Other 3000 Nagoya Sales Office,10E200370,Salaries and Allowances,,,030,Nagoya Branch,-88150,0,10B100690,Deposits Received,3,Withholding Tax,000,Common Department,45508284,2021-12
2050.0,22.0,92,Credit,2021-12-25,Month 12 Payroll Other 3000 Nagoya Sales Office,10B100690,Deposits Received,3,Withholding Tax,000,Common Department,0,-88150,10E200370,Salaries and Allowances,,,030,Nagoya Branch,5943831,2021-12
2050.0,23.0,92,Debit,2021-12-25,Month 12 Payroll Other 3000 Nagoya Sales Office,10E200370,Salaries and Allowances,,,030,Nagoya Branch,40759,0,10B100690,Deposits Received,4,Savings and Insurance,000,Common Department,45549043,2021-12
2050.0,23.0,92,Credit,2021-12-25,Month 12 Payroll Other 3000 Nagoya Sales Office,10B100690,Deposits Received,4,Savings and Insurance,000,Common Department,0,40759,10E200370,Salaries and Allowances,,,030,Nagoya Branch,5984590,2021-12
2050.0,24.0,92,Debit,2021-12-25,Month 12 Payroll Other 3000 Nagoya Sales Office,10E200370,Salaries and Allowances,,,030,Nagoya Branch,32905,0,10B100690,Deposits Received,9,Other,000,Common Department,45581948,2021-12
2050.0,24.0,92,Credit,2021-12-25,Month 12 Payroll Other 3000 Nagoya Sales Office,10B100690,Deposits Received,9,Other,000,Common Department,0,32905,10E200370,Salaries and Allowances,,,030,Nagoya Branch,6017495,2021-12
2050.0,25.0,92,Debit,2021-12-25,Month 12 Payroll Other 4000 Osaka Branch,10E200370,Salaries and Allowances,,,040,Osaka Branch,724185,0,10A100020,Ordinary Deposits,20,ABC Bank Head Office,000,Common Department,46306133,2021-12
2050.0,25.0,92,Credit,2021-12-25,Month 12 Payroll Other 4000 Osaka Branch,10A100020,Ordinary Deposits,20,ABC Bank Head Office,000,Common Department,0,724185,10E200370,Salaries and Allowances,,,040,Osaka Branch,90077099,2021-12
2050.0,26.0,92,Debit,2021-12-25,Month 12 Payroll Other 4000 Osaka Branch,10E200370,Salaries and Allowances,,,040,Osaka Branch,119477,0,10B100690,Deposits Received,1,Insurance Expenses,000,Common Department,46425610,2021-12
2050.0,26.0,92,Credit,2021-12-25,Month 12 Payroll Other 4000 Osaka Branch,10B100690,Deposits Received,1,Insurance Expenses,000,Common Department,0,119477,10E200370,Salaries and Allowances,,,040,Osaka Branch,6136972,2021-12
2050.0,27.0,92,Debit,2021-12-25,Month 12 Payroll Other 4000 Osaka Branch,10E200370,Salaries and Allowances,,,040,Osaka Branch,53400,0,10B100690,Deposits Received,2,Resident Tax,000,Common Department,46479010,2021-12
2050.0,27.0,92,Credit,2021-12-25,Month 12 Payroll Other 4000 Osaka Branch,10B100690,Deposits Received,2,Resident Tax,000,Common Department,0,53400,10E200370,Salaries and Allowances,,,040,Osaka Branch,6190372,2021-12
2050.0,28.0,92,Debit,2021-12-25,Month 12 Payroll Other 4000 Osaka Branch,10E200370,Salaries and Allowances,,,040,Osaka Branch,-10135,0,10B100690,Deposits Received,3,Withholding Tax,000,Common Department,46468875,2021-12
2050.0,28.0,92,Credit,2021-12-25,Month 12 Payroll Other 4000 Osaka Branch,10B100690,Deposits Received,3,Withholding Tax,000,Common Department,0,-10135,10E200370,Salaries and Allowances,,,040,Osaka Branch,6180237,2021-12
2050.0,29.0,92,Debit,2021-12-25,Month 12 Payroll Other 4000 Osaka Branch,10E200370,Salaries and Allowances,,,040,Osaka Branch,13570,0,10B100690,Deposits Received,4,Savings and Insurance,000,Common Department,46482445,2021-12
2050.0,29.0,92,Credit,2021-12-25,Month 12 Payroll Other 4000 Osaka Branch,10B100690,Deposits Received,4,Savings and Insurance,000,Common Department,0,13570,10E200370,Salaries and Allowances,,,040,Osaka Branch,6193807,2021-12
2050.0,30.0,92,Debit,2021-12-25,Month 12 Payroll Other 4000 Osaka Branch,10E200370,Salaries and Allowances,,,040,Osaka Branch,16703,0,10B100690,Deposits Received,9,Other,000,Common Department,46499148,2021-12
2050.0,30.0,92,Credit,2021-12-25,Month 12 Payroll Other 4000 Osaka Branch,10B100690,Deposits Received,9,Other,000,Common Department,0,16703,10E200370,Salaries and Allowances,,,040,Osaka Branch,6210510,2021-12
2050.0,31.0,92,Debit,2021-12-25,Month 12 Payroll Other 5000 Kyushu Sales Office,10E200370,Salaries and Allowances,,,050,Kyushu Sales Office,473197,0,10A100020,Ordinary Deposits,20,ABC Bank Head Office,000,Common Department,46972345,2021-12
2050.0,31.0,92,Credit,2021-12-25,Month 12 Payroll Other 5000 Kyushu Sales Office,10A100020,Ordinary Deposits,20,ABC Bank Head Office,000,Common Department,0,473197,10E200370,Salaries and Allowances,,,050,Kyushu Sales Office,89603902,2021-12
2050.0,32.0,92,Debit,2021-12-25,Month 12 Payroll Other 5000 Kyushu Sales Office,10E200370,Salaries and Allowances,,,050,Kyushu Sales Office,67268,0,10B100690,Deposits Received,1,Insurance Expenses,000,Common Department,47039613,2021-12
2050.0,32.0,92,Credit,2021-12-25,Month 12 Payroll Other 5000 Kyushu Sales Office,10B100690,Deposits Received,1,Insurance Expenses,000,Common Department,0,67268,10E200370,Salaries and Allowances,,,050,Kyushu Sales Office,6277778,2021-12
2050.0,33.0,92,Debit,2021-12-25,Month 12 Payroll Other 5000 Kyushu Sales Office,10E200370,Salaries and Allowances,,,050,Kyushu Sales Office,31700,0,10B100690,Deposits Received,2,Resident Tax,000,Common Department,47071313,2021-12
2050.0,33.0,92,Credit,2021-12-25,Month 12 Payroll Other 5000 Kyushu Sales Office,10B100690,Deposits Received,2,Resident Tax,000,Common Department,0,31700,10E200370,Salaries and Allowances,,,050,Kyushu Sales Office,6309478,2021-12
2050.0,34.0,92,Debit,2021-12-25,Month 12 Payroll Other 5000 Kyushu Sales Office,10E200370,Salaries and Allowances,,,050,Kyushu Sales Office,-44039,0,10B100690,Deposits Received,3,Withholding Tax,000,Common Department,47027274,2021-12
2050.0,34.0,92,Credit,2021-12-25,Month 12 Payroll Other 5000 Kyushu Sales Office,10B100690,Deposits Received,3,Withholding Tax,000,Common Department,0,-44039,10E200370,Salaries and Allowances,,,050,Kyushu Sales Office,6265439,2021-12
2050.0,35.0,92,Debit,2021-12-25,Month 12 Payroll Other 5000 Kyushu Sales Office,10E200370,Salaries and Allowances,,,050,Kyushu Sales Office,18540,0,10B100690,Deposits Received,4,Savings and Insurance,000,Common Department,47045814,2021-12
2050.0,35.0,92,Credit,2021-12-25,Month 12 Payroll Other 5000 Kyushu Sales Office,10B100690,Deposits Received,4,Savings and Insurance,000,Common Department,0,18540,10E200370,Salaries and Allowances,,,050,Kyushu Sales Office,6283979,2021-12
2050.0,36.0,92,Debit,2021-12-25,Month 12 Payroll Other 5000 Kyushu Sales Office,10E200370,Salaries and Allowances,,,050,Kyushu Sales Office,13158,0,10B100690,Deposits Received,9,Other,000,Common Department,47058972,2021-12
2050.0,36.0,92,Credit,2021-12-25,Month 12 Payroll Other 5000 Kyushu Sales Office,10B100690,Deposits Received,9,Other,000,Common Department,0,13158,10E200370,Salaries and Allowances,,,050,Kyushu Sales Office,6297137,2021-12
2051.0,1.0,93,Debit,2021-12-25,Month 12 Bonus Other 0020 Sales Department,10B100320,Provision for Bonuses,,,020,Tokyo Branch,2083153,0,10A100020,Ordinary Deposits,20,ABC Bank Head Office,000,Common Department,3783513,2021-12
2051.0,1.0,93,Credit,2021-12-25,Month 12 Bonus Other 0020 Sales Department,10A100020,Ordinary Deposits,20,ABC Bank Head Office,000,Common Department,0,2083153,10B100320,Provision for Bonuses,,,020,Tokyo Branch,87520749,2021-12
2051.0,2.0,93,Debit,2021-12-25,Month 12 Bonus Other 0020 Sales Department,10B100320,Provision for Bonuses,,,020,Tokyo Branch,324331,0,10B100690,Deposits Received,1,Insurance Expenses,000,Common Department,3459182,2021-12
2051.0,2.0,93,Credit,2021-12-25,Month 12 Bonus Other 0020 Sales Department,10B100690,Deposits Received,1,Insurance Expenses,000,Common Department,0,324331,10B100320,Provision for Bonuses,,,020,Tokyo Branch,6621468,2021-12
2051.0,3.0,93,Debit,2021-12-25,Month 12 Bonus Other 0020 Sales Department,10B100320,Provision for Bonuses,,,020,Tokyo Branch,286256,0,10B100690,Deposits Received,3,Withholding Tax,000,Common Department,3172926,2021-12
2051.0,3.0,93,Credit,2021-12-25,Month 12 Bonus Other 0020 Sales Department,10B100690,Deposits Received,3,Withholding Tax,000,Common Department,0,286256,10B100320,Provision for Bonuses,,,020,Tokyo Branch,6907724,2021-12
2051.0,4.0,93,Debit,2021-12-25,Month 12 Bonus Other 0020 Sales Department,10B100320,Provision for Bonuses,,,020,Tokyo Branch,16260,0,10B100690,Deposits Received,9,Other,000,Common Department,3156666,2021-12
2051.0,4.0,93,Credit,2021-12-25,Month 12 Bonus Other 0020 Sales Department,10B100690,Deposits Received,9,Other,000,Common Department,0,16260,10B100320,Provision for Bonuses,,,020,Tokyo Branch,6923984,2021-12
2051.0,5.0,93,Debit,2021-12-25,Month 12 Bonus Other 1000 Sapporo Sales Office,10B100320,Provision for Bonuses,,,010,Sapporo Sales Office,904516,0,10A100020,Ordinary Deposits,20,ABC Bank Head Office,000,Common Department,2252150,2021-12
2051.0,5.0,93,Credit,2021-12-25,Month 12 Bonus Other 1000 Sapporo Sales Office,10A100020,Ordinary Deposits,20,ABC Bank Head Office,000,Common Department,0,904516,10B100320,Provision for Bonuses,,,010,Sapporo Sales Office,86616233,2021-12
2051.0,6.0,93,Debit,2021-12-25,Month 12 Bonus Other 1000 Sapporo Sales Office,10B100320,Provision for Bonuses,,,010,Sapporo Sales Office,135169,0,10B100690,Deposits Received,1,Insurance Expenses,000,Common Department,2116981,2021-12
2051.0,6.0,93,Credit,2021-12-25,Month 12 Bonus Other 1000 Sapporo Sales Office,10B100690,Deposits Received,1,Insurance Expenses,000,Common Department,0,135169,10B100320,Provision for Bonuses,,,010,Sapporo Sales Office,7059153,2021-12
2051.0,7.0,93,Debit,2021-12-25,Month 12 Bonus Other 1000 Sapporo Sales Office,10B100320,Provision for Bonuses,,,010,Sapporo Sales Office,93475,0,10B100690,Deposits Received,3,Withholding Tax,000,Common Department,2023506,2021-12
2051.0,7.0,93,Credit,2021-12-25,Month 12 Bonus Other 1000 Sapporo Sales Office,10B100690,Deposits Received,3,Withholding Tax,000,Common Department,0,93475,10B100320,Provision for Bonuses,,,010,Sapporo Sales Office,7152628,2021-12
2051.0,8.0,93,Debit,2021-12-25,Month 12 Bonus Other 1000 Sapporo Sales Office,10B100320,Provision for Bonuses,,,010,Sapporo Sales Office,6840,0,10B100690,Deposits Received,9,Other,000,Common Department,2016666,2021-12
2051.0,8.0,93,Credit,2021-12-25,Month 12 Bonus Other 1000 Sapporo Sales Office,10B100690,Deposits Received,9,Other,000,Common Department,0,6840,10B100320,Provision for Bonuses,,,010,Sapporo Sales Office,7159468,2021-12
2051.0,9.0,93,Debit,2021-12-25,Month 12 Bonus Other 3000 Nagoya Sales Office,10B100320,Provision for Bonuses,,,030,Nagoya Branch,841345,0,10A100020,Ordinary Deposits,20,ABC Bank Head Office,000,Common Department,1175321,2021-12
2051.0,9.0,93,Credit,2021-12-25,Month 12 Bonus Other 3000 Nagoya Sales Office,10A100020,Ordinary Deposits,20,ABC Bank Head Office,000,Common Department,0,841345,10B100320,Provision for Bonuses,,,030,Nagoya Branch,85774888,2021-12
2051.0,10.0,93,Debit,2021-12-25,Month 12 Bonus Other 3000 Nagoya Sales Office,10B100320,Provision for Bonuses,,,030,Nagoya Branch,128711,0,10B100690,Deposits Received,1,Insurance Expenses,000,Common Department,1046610,2021-12
2051.0,10.0,93,Credit,2021-12-25,Month 12 Bonus Other 3000 Nagoya Sales Office,10B100690,Deposits Received,1,Insurance Expenses,000,Common Department,0,128711,10B100320,Provision for Bonuses,,,030,Nagoya Branch,7288179,2021-12
2051.0,11.0,93,Debit,2021-12-25,Month 12 Bonus Other 3000 Nagoya Sales Office,10B100320,Provision for Bonuses,,,030,Nagoya Branch,93524,0,10B100690,Deposits Received,3,Withholding Tax,000,Common Department,953086,2021-12
2051.0,11.0,93,Credit,2021-12-25,Month 12 Bonus Other 3000 Nagoya Sales Office,10B100690,Deposits Received,3,Withholding Tax,000,Common Department,0,93524,10B100320,Provision for Bonuses,,,030,Nagoya Branch,7381703,2021-12
2051.0,12.0,93,Debit,2021-12-25,Month 12 Bonus Other 3000 Nagoya Sales Office,10B100320,Provision for Bonuses,,,030,Nagoya Branch,6420,0,10B100690,Deposits Received,9,Other,000,Common Department,946666,2021-12
2051.0,12.0,93,Credit,2021-12-25,Month 12 Bonus Other 3000 Nagoya Sales Office,10B100690,Deposits Received,9,Other,000,Common Department,0,6420,10B100320,Provision for Bonuses,,,030,Nagoya Branch,7388123,2021-12
2051.0,13.0,93,Debit,2021-12-25,Month 12 Bonus Other 4000 Osaka Branch,10B100320,Provision for Bonuses,,,040,Osaka Branch,986621,0,10A100020,Ordinary Deposits,20,ABC Bank Head Office,000,Common Department,-39955,2021-12
2051.0,13.0,93,Credit,2021-12-25,Month 12 Bonus Other 4000 Osaka Branch,10A100020,Ordinary Deposits,20,ABC Bank Head Office,000,Common Department,0,986621,10B100320,Provision for Bonuses,,,040,Osaka Branch,84788267,2021-12
2051.0,14.0,93,Debit,2021-12-25,Month 12 Bonus Other 4000 Osaka Branch,10B100320,Provision for Bonuses,,,040,Osaka Branch,154156,0,10B100690,Deposits Received,1,Insurance Expenses,000,Common Department,-194111,2021-12
2051.0,14.0,93,Credit,2021-12-25,Month 12 Bonus Other 4000 Osaka Branch,10B100690,Deposits Received,1,Insurance Expenses,000,Common Department,0,154156,10B100320,Provision for Bonuses,,,040,Osaka Branch,7542279,2021-12
2051.0,15.0,93,Debit,2021-12-25,Month 12 Bonus Other 4000 Osaka Branch,10B100320,Provision for Bonuses,,,040,Osaka Branch,151423,0,10B100690,Deposits Received,3,Withholding Tax,000,Common Department,-345534,2021-12
2051.0,15.0,93,Credit,2021-12-25,Month 12 Bonus Other 4000 Osaka Branch,10B100690,Deposits Received,3,Withholding Tax,000,Common Department,0,151423,10B100320,Provision for Bonuses,,,040,Osaka Branch,7693702,2021-12
2051.0,16.0,93,Debit,2021-12-25,Month 12 Bonus Other 4000 Osaka Branch,10B100320,Provision for Bonuses,,,040,Osaka Branch,7800,0,10B100690,Deposits Received,9,Other,000,Common Department,-353334,2021-12
2051.0,16.0,93,Credit,2021-12-25,Month 12 Bonus Other 4000 Osaka Branch,10B100690,Deposits Received,9,Other,000,Common Department,0,7800,10B100320,Provision for Bonuses,,,040,Osaka Branch,7701502,2021-12
2051.0,17.0,93,Debit,2021-12-25,Month 12 Bonus Other 5000 Kyushu Sales Office,10B100320,Provision for Bonuses,,,050,Kyushu Sales Office,641658,0,10A100020,Ordinary Deposits,20,ABC Bank Head Office,000,Common Department,-994992,2021-12
2051.0,17.0,93,Credit,2021-12-25,Month 12 Bonus Other 5000 Kyushu Sales Office,10A100020,Ordinary Deposits,20,ABC Bank Head Office,000,Common Department,0,641658,10B100320,Provision for Bonuses,,,050,Kyushu Sales Office,84146609,2021-12
2051.0,18.0,93,Debit,2021-12-25,Month 12 Bonus Other 5000 Kyushu Sales Office,10B100320,Provision for Bonuses,,,050,Kyushu Sales Office,95104,0,10B100690,Deposits Received,1,Insurance Expenses,000,Common Department,-1090096,2021-12
2051.0,18.0,93,Credit,2021-12-25,Month 12 Bonus Other 5000 Kyushu Sales Office,10B100690,Deposits Received,1,Insurance Expenses,000,Common Department,0,95104,10B100320,Provision for Bonuses,,,050,Kyushu Sales Office,7796606,2021-12
2051.0,19.0,93,Debit,2021-12-25,Month 12 Bonus Other 5000 Kyushu Sales Office,10B100320,Provision for Bonuses,,,050,Kyushu Sales Office,78318,0,10B100690,Deposits Received,3,Withholding Tax,000,Common Department,-1168414,2021-12
2051.0,19.0,93,Credit,2021-12-25,Month 12 Bonus Other 5000 Kyushu Sales Office,10B100690,Deposits Received,3,Withholding Tax,000,Common Department,0,78318,10B100320,Provision for Bonuses,,,050,Kyushu Sales Office,7874924,2021-12
2051.0,20.0,93,Debit,2021-12-25,Month 12 Bonus Other 5000 Kyushu Sales Office,10B100320,Provision for Bonuses,,,050,Kyushu Sales Office,4920,0,10B100690,Deposits Received,9,Other,000,Common Department,-1173334,2021-12
2051.0,20.0,93,Credit,2021-12-25,Month 12 Bonus Other 5000 Kyushu Sales Office,10B100690,Deposits Received,9,Other,000,Common Department,0,4920,10B100320,Provision for Bonuses,,,050,Kyushu Sales Office,7879844,2021-12
2061.0,1.0,990009,Debit,2021-12-25,Sample definition: Semiannual bonus accrual allocated evenly 202112 Department010,10E200130,Bonuses,,,010,Sapporo Sales Office,190000,0,10B100320,Provision for Bonuses,,,010,Sapporo Sales Office,8077666,2021-12
2061.0,1.0,990009,Credit,2021-12-25,Sample definition: Semiannual bonus accrual allocated evenly 202112 Department010,10B100320,Provision for Bonuses,,,010,Sapporo Sales Office,0,190000,10E200130,Bonuses,,,010,Sapporo Sales Office,-983334,2021-12
2061.0,2.0,990009,Debit,2021-12-25,Sample definition: Semiannual bonus accrual allocated evenly 202112 Department020,10E200130,Bonuses,,,020,Tokyo Branch,451667,0,10B100320,Provision for Bonuses,,,020,Tokyo Branch,8529333,2021-12
2061.0,2.0,990009,Credit,2021-12-25,Sample definition: Semiannual bonus accrual allocated evenly 202112 Department020,10B100320,Provision for Bonuses,,,020,Tokyo Branch,0,451667,10E200130,Bonuses,,,020,Tokyo Branch,-531667,2021-12
2061.0,3.0,990009,Debit,2021-12-25,Sample definition: Semiannual bonus accrual allocated evenly 202112 Department030,10E200130,Bonuses,,,030,Nagoya Branch,178333,0,10B100320,Provision for Bonuses,,,030,Nagoya Branch,8707666,2021-12
2061.0,3.0,990009,Credit,2021-12-25,Sample definition: Semiannual bonus accrual allocated evenly 202112 Department030,10B100320,Provision for Bonuses,,,030,Nagoya Branch,0,178333,10E200130,Bonuses,,,030,Nagoya Branch,-353334,2021-12
2061.0,4.0,990009,Debit,2021-12-25,Sample definition: Semiannual bonus accrual allocated evenly 202112 Department040,10E200130,Bonuses,,,040,Osaka Branch,216667,0,10B100320,Provision for Bonuses,,,040,Osaka Branch,8924333,2021-12
2061.0,4.0,990009,Credit,2021-12-25,Sample definition: Semiannual bonus accrual allocated evenly 202112 Department040,10B100320,Provision for Bonuses,,,040,Osaka Branch,0,216667,10E200130,Bonuses,,,040,Osaka Branch,-136667,2021-12
2061.0,5.0,990009,Debit,2021-12-25,Sample definition: Semiannual bonus accrual allocated evenly 202112 Department050,10E200130,Bonuses,,,050,Kyushu Sales Office,136667,0,10B100320,Provision for Bonuses,,,050,Kyushu Sales Office,9061000,2021-12
2061.0,5.0,990009,Credit,2021-12-25,Sample definition: Semiannual bonus accrual allocated evenly 202112 Department050,10B100320,Provision for Bonuses,,,050,Kyushu Sales Office,0,136667,10E200130,Bonuses,,,050,Kyushu Sales Office,0,2021-12
2066.0,1.0,113,Debit,2021-12-26,Mobile phone expense,10E200180,Communication Expenses,,,040,Osaka Branch,90583,0,10A100020,Ordinary Deposits,40,JKL Bank Umeda Branch,000,Common Department,9739605,2021-12
2066.0,1.0,113,Credit,2021-12-26,Mobile phone expense,10A100020,Ordinary Deposits,40,JKL Bank Umeda Branch,000,Common Department,0,90583,10E200180,Communication Expenses,,,040,Osaka Branch,84056026,2021-12
2067.0,1.0,165,Debit,2021-12-26,New Year decoration expense and others,10E201270,Miscellaneous Expenses,,,050,Kyushu Sales Office,4762,0,10A100020,Cash,,,000,Common Department,4064831,2021-12
2067.0,1.0,165,Credit,2021-12-26,New Year decoration expense and others,10A100020,Cash,,,000,Common Department,0,4762,10E201270,Miscellaneous Expenses,,,050,Kyushu Sales Office,84051264,2021-12
2067.0,2.0,165,Debit,2021-12-26,Detergent and others,10E201270,Miscellaneous Expenses,,,050,Kyushu Sales Office,1146,0,10A100020,Cash,,,000,Common Department,4065977,2021-12
2067.0,2.0,165,Credit,2021-12-26,Detergent and others,10A100020,Cash,,,000,Common Department,0,1146,10E201270,Miscellaneous Expenses,,,050,Kyushu Sales Office,84050118,2021-12
2062.0,1.0,39,Debit,2021-12-26,Membership fee,10E200140,Employee Welfare Expenses,,,020,Tokyo Branch,9000,0,10A100020,Cash,,,000,Common Department,4267927,2021-12
2062.0,1.0,39,Credit,2021-12-26,Membership fee,10A100020,Cash,,,000,Common Department,0,9000,10E200140,Employee Welfare Expenses,,,020,Tokyo Branch,84041118,2021-12
2063.0,1.0,49,Debit,2021-12-26,Gasoline,10E201120,Vehicle Expenses,,,020,Tokyo Branch,123000,0,10A100020,Cash,,,000,Common Department,5299272,2021-12
2063.0,1.0,49,Credit,2021-12-26,Gasoline,10A100020,Cash,,,000,Common Department,0,123000,10E201120,Vehicle Expenses,,,020,Tokyo Branch,83918118,2021-12
2063.0,2.0,49,Debit,2021-12-26,Parking fee,10E201120,Vehicle Expenses,,,020,Tokyo Branch,2620,0,10A100020,Cash,,,000,Common Department,5301892,2021-12
2063.0,2.0,49,Credit,2021-12-26,Parking fee,10A100020,Cash,,,000,Common Department,0,2620,10E201120,Vehicle Expenses,,,020,Tokyo Branch,83915498,2021-12
2063.0,3.0,49,Debit,2021-12-26,Expressway toll,10E201120,Vehicle Expenses,,,020,Tokyo Branch,1191,0,10A100020,Cash,,,000,Common Department,5303083,2021-12
2063.0,3.0,49,Credit,2021-12-26,Expressway toll,10A100020,Cash,,,000,Common Department,0,1191,10E201120,Vehicle Expenses,,,020,Tokyo Branch,83914307,2021-12
2064.0,1.0,62,Debit,2021-12-26,Mobile phone expense,10E200180,Communication Expenses,,,020,Tokyo Branch,93574,0,10A100020,Ordinary Deposits,20,ABC Bank Head Office,000,Common Department,9833179,2021-12
2064.0,1.0,62,Credit,2021-12-26,Mobile phone expense,10A100020,Ordinary Deposits,20,ABC Bank Head Office,000,Common Department,0,93574,10E200180,Communication Expenses,,,020,Tokyo Branch,83820733,2021-12
2065.0,1.0,81,Debit,2021-12-26,Tea expense,10E200140,Employee Welfare Expenses,,,030,Nagoya Branch,26540,0,10B100630,Accounts Payable Other,,,000,Common Department,4294467,2021-12
2065.0,1.0,81,Credit,2021-12-26,Tea expense,10B100630,Accounts Payable Other,,,000,Common Department,0,26540,10E200140,Employee Welfare Expenses,,,030,Nagoya Branch,12166474,2021-12
2068.0,1.0,13,Debit,2021-12-27,Gasoline,10E201120,Vehicle Expenses,,,010,Sapporo Sales Office,13000,0,10A100020,Cash,,,000,Common Department,5316083,2021-12
2068.0,1.0,13,Credit,2021-12-27,Gasoline,10A100020,Cash,,,000,Common Department,0,13000,10E201120,Vehicle Expenses,,,010,Sapporo Sales Office,83807733,2021-12
2069.0,1.0,14,Debit,2021-12-27,Car wash expense,10E201120,Vehicle Expenses,,,010,Sapporo Sales Office,3000,0,10A100020,Cash,,,000,Common Department,5319083,2021-12
2069.0,1.0,14,Credit,2021-12-27,Car wash expense,10A100020,Cash,,,000,Common Department,0,3000,10E201120,Vehicle Expenses,,,010,Sapporo Sales Office,83804733,2021-12
2071.0,1.0,148,Debit,2021-12-27,Gasoline,10E201120,Vehicle Expenses,,,050,Kyushu Sales Office,5422,0,10A100020,Cash,,,000,Common Department,5324505,2021-12
2071.0,1.0,148,Credit,2021-12-27,Gasoline,10A100020,Cash,,,000,Common Department,0,5422,10E201120,Vehicle Expenses,,,050,Kyushu Sales Office,83799311,2021-12
2071.0,2.0,148,Debit,2021-12-27,Car wash expense,10E201120,Vehicle Expenses,,,050,Kyushu Sales Office,1000,0,10A100020,Cash,,,000,Common Department,5325505,2021-12
2071.0,2.0,148,Credit,2021-12-27,Car wash expense,10A100020,Cash,,,000,Common Department,0,1000,10E201120,Vehicle Expenses,,,050,Kyushu Sales Office,83798311,2021-12
2072.0,1.0,161,Debit,2021-12-27,Travel expense,10E201230,Travel and Transportation Expenses,,,050,Kyushu Sales Office,9750,0,10A100020,Cash,,,000,Common Department,9818503,2021-12
2072.0,1.0,161,Credit,2021-12-27,Travel expense,10A100020,Cash,,,000,Common Department,0,9750,10E201230,Travel and Transportation Expenses,,,050,Kyushu Sales Office,83788561,2021-12
2073.0,1.0,171,Debit,2021-12-27,Mobile phone expense,10E200180,Communication Expenses,,,050,Kyushu Sales Office,96473,0,10A100020,Ordinary Deposits,50,MNO Bank Kitakyushu Branch,000,Common Department,9929652,2021-12
2073.0,1.0,171,Credit,2021-12-27,Mobile phone expense,10A100020,Ordinary Deposits,50,MNO Bank Kitakyushu Branch,000,Common Department,0,96473,10E200180,Communication Expenses,,,050,Kyushu Sales Office,83692088,2021-12
2070.0,1.0,30,Debit,2021-12-27,Insurance Premium payment,10E200240,Insurance Expenses,,,010,Sapporo Sales Office,54320,0,10A100020,Ordinary Deposits,10,DEF Bank Station Branch,000,Common Department,2604880,2021-12
2070.0,1.0,30,Credit,2021-12-27,Insurance Premium payment,10A100020,Ordinary Deposits,10,DEF Bank Station Branch,000,Common Department,0,54320,10E200240,Insurance Expenses,,,010,Sapporo Sales Office,83637768,2021-12
2074.0,1.0,1,Debit,2021-12-28,Freight Anonymized Carrier B,10E200870,Freight Expenses,,,010,Sapporo Sales Office,582300,0,10B100630,Accounts Payable Other,,,000,Common Department,30637241,2021-12
2074.0,1.0,1,Credit,2021-12-28,Freight Anonymized Carrier B,10B100630,Accounts Payable Other,,,000,Common Department,0,582300,10E200870,Freight Expenses,,,010,Sapporo Sales Office,12748774,2021-12
2084.0,1.0,108,Debit,2021-12-28,Meal expense Anonymized Store 005 3 people,10E200150,Entertainment Expenses,,,040,Osaka Branch,2260,0,10A100020,Cash,,,000,Common Department,3250843,2021-12
2084.0,1.0,108,Credit,2021-12-28,Meal expense Anonymized Store 005 3 people,10A100020,Cash,,,000,Common Department,0,2260,10E200150,Entertainment Expenses,,,040,Osaka Branch,83635508,2021-12
2085.0,1.0,145,Debit,2021-12-28,Freight Expenses,10E200870,Freight Expenses,,,050,Kyushu Sales Office,325200,0,10B100630,Accounts Payable Other,,,000,Common Department,30962441,2021-12
2085.0,1.0,145,Credit,2021-12-28,Freight Expenses,10B100630,Accounts Payable Other,,,000,Common Department,0,325200,10E200870,Freight Expenses,,,050,Kyushu Sales Office,13073974,2021-12
2076.0,1.0,27,Debit,2021-12-28,Travel expense,10E201230,Travel and Transportation Expenses,,,010,Sapporo Sales Office,26667,0,10A100020,Cash,,,000,Common Department,9845170,2021-12
2076.0,1.0,27,Credit,2021-12-28,Travel expense,10A100020,Cash,,,000,Common Department,0,26667,10E201230,Travel and Transportation Expenses,,,010,Sapporo Sales Office,83608841,2021-12
2076.0,2.0,27,Debit,2021-12-28,Travel expense,10E201230,Travel and Transportation Expenses,,,010,Sapporo Sales Office,29524,0,10A100020,Cash,,,000,Common Department,9874694,2021-12
2076.0,2.0,27,Credit,2021-12-28,Travel expense,10A100020,Cash,,,000,Common Department,0,29524,10E201230,Travel and Transportation Expenses,,,010,Sapporo Sales Office,83579317,2021-12
2076.0,3.0,27,Debit,2021-12-28,Travel expense,10E201230,Travel and Transportation Expenses,,,010,Sapporo Sales Office,21429,0,10A100020,Cash,,,000,Common Department,9896123,2021-12
2076.0,3.0,27,Credit,2021-12-28,Travel expense,10A100020,Cash,,,000,Common Department,0,21429,10E201230,Travel and Transportation Expenses,,,010,Sapporo Sales Office,83557888,2021-12
2077.0,1.0,36,Debit,2021-12-28,Freight Anonymized Carrier A,10E200870,Freight Expenses,,,020,Tokyo Branch,2737239,0,10B100630,Accounts Payable Other,,,000,Common Department,33699680,2021-12
2077.0,1.0,36,Credit,2021-12-28,Freight Anonymized Carrier A,10B100630,Accounts Payable Other,,,000,Common Department,0,2737239,10E200870,Freight Expenses,,,020,Tokyo Branch,15811213,2021-12
2077.0,2.0,36,Debit,2021-12-28,Freight Anonymized Carrier B,10E200870,Freight Expenses,,,020,Tokyo Branch,1669467,0,10B100630,Accounts Payable Other,,,000,Common Department,35369147,2021-12
2077.0,2.0,36,Credit,2021-12-28,Freight Anonymized Carrier B,10B100630,Accounts Payable Other,,,000,Common Department,0,1669467,10E200870,Freight Expenses,,,020,Tokyo Branch,17480680,2021-12
2078.0,1.0,40,Debit,2021-12-28,Advertising placement,10E200050,Advertising Expenses,,,020,Tokyo Branch,50000,0,10B100630,Accounts Payable Other,,,000,Common Department,1551700,2021-12
2078.0,1.0,40,Credit,2021-12-28,Advertising placement,10B100630,Accounts Payable Other,,,000,Common Department,0,50000,10E200050,Advertising Expenses,,,020,Tokyo Branch,17530680,2021-12
2075.0,1.0,5,Debit,2021-12-28,Advertising expense,10E200050,Advertising Expenses,,,010,Sapporo Sales Office,52500,0,10A100020,Ordinary Deposits,10,DEF Bank Station Branch,000,Common Department,1604200,2021-12
2075.0,1.0,5,Credit,2021-12-28,Advertising expense,10A100020,Ordinary Deposits,10,DEF Bank Station Branch,000,Common Department,0,52500,10E200050,Advertising Expenses,,,010,Sapporo Sales Office,83505388,2021-12
2079.0,1.0,55,Debit,2021-12-28,Vehicle management expense,10E201120,Vehicle Expenses,,,020,Tokyo Branch,12000,0,10A100020,Cash,,,000,Common Department,5337505,2021-12
2079.0,1.0,55,Credit,2021-12-28,Vehicle management expense,10A100020,Cash,,,000,Common Department,0,12000,10E201120,Vehicle Expenses,,,020,Tokyo Branch,83493388,2021-12
2080.0,1.0,67,Debit,2021-12-28,Membership fee Payment,10E201140,Membership Fees,,,020,Tokyo Branch,30000,0,10A100020,Cash,,,000,Common Department,1044000,2021-12
2080.0,1.0,67,Credit,2021-12-28,Membership fee Payment,10A100020,Cash,,,000,Common Department,0,30000,10E201140,Membership Fees,,,020,Tokyo Branch,83463388,2021-12
2081.0,1.0,77,Debit,2021-12-28,Freight Expenses,10E200870,Freight Expenses,,,030,Nagoya Branch,351350,0,10B100630,Accounts Payable Other,,,000,Common Department,35720497,2021-12
2081.0,1.0,77,Credit,2021-12-28,Freight Expenses,10B100630,Accounts Payable Other,,,000,Common Department,0,351350,10E200870,Freight Expenses,,,030,Nagoya Branch,17882030,2021-12
2082.0,1.0,83,Debit,2021-12-28,Vehicle management expense,10E201120,Vehicle Expenses,,,030,Nagoya Branch,48762,0,10A100020,Cash,,,000,Common Department,5386267,2021-12
2082.0,1.0,83,Credit,2021-12-28,Vehicle management expense,10A100020,Cash,,,000,Common Department,0,48762,10E201120,Vehicle Expenses,,,030,Nagoya Branch,83414626,2021-12
2082.0,2.0,83,Debit,2021-12-28,Gasoline,10E201120,Vehicle Expenses,,,030,Nagoya Branch,18573,0,10A100020,Cash,,,000,Common Department,5404840,2021-12
2082.0,2.0,83,Credit,2021-12-28,Gasoline,10A100020,Cash,,,000,Common Department,0,18573,10E201120,Vehicle Expenses,,,030,Nagoya Branch,83396053,2021-12
2083.0,1.0,99,Debit,2021-12-28,Freight Expenses,10E200870,Freight Expenses,,,040,Osaka Branch,1645710,0,10B100630,Accounts Payable Other,,,000,Common Department,37366207,2021-12
2083.0,1.0,99,Credit,2021-12-28,Freight Expenses,10B100630,Accounts Payable Other,,,000,Common Department,0,1645710,10E200870,Freight Expenses,,,040,Osaka Branch,19527740,2021-12
2086.0,1.0,151,Debit,2021-12-29,Funds transfer,10A100020,Ordinary Deposits,20,ABC Bank Head Office,000,Common Department,5000000,0,10A100020,Ordinary Deposits,10,DEF Bank Station Branch,000,Common Department,88396053,2021-12
2086.0,1.0,151,Credit,2021-12-29,Funds transfer,10A100020,Ordinary Deposits,10,DEF Bank Station Branch,000,Common Department,0,5000000,10A100020,Ordinary Deposits,20,ABC Bank Head Office,000,Common Department,83396053,2021-12
2086.0,2.0,151,Debit,2021-12-29,Funds transfer,10A100020,Ordinary Deposits,20,ABC Bank Head Office,000,Common Department,6000000,0,10A100020,Ordinary Deposits,30,GHI Bank Nagoya Branch,000,Common Department,89396053,2021-12
2086.0,2.0,151,Credit,2021-12-29,Funds transfer,10A100020,Ordinary Deposits,30,GHI Bank Nagoya Branch,000,Common Department,0,6000000,10A100020,Ordinary Deposits,20,ABC Bank Head Office,000,Common Department,83396053,2021-12
2086.0,3.0,151,Debit,2021-12-29,Funds transfer,10A100020,Ordinary Deposits,20,ABC Bank Head Office,000,Common Department,4500000,0,10A100020,Ordinary Deposits,40,JKL Bank Umeda Branch,000,Common Department,87896053,2021-12
2086.0,3.0,151,Credit,2021-12-29,Funds transfer,10A100020,Ordinary Deposits,40,JKL Bank Umeda Branch,000,Common Department,0,4500000,10A100020,Ordinary Deposits,20,ABC Bank Head Office,000,Common Department,83396053,2021-12
2086.0,4.0,151,Debit,2021-12-29,Funds transfer,10A100020,Ordinary Deposits,20,ABC Bank Head Office,000,Common Department,2500000,0,10A100020,Ordinary Deposits,50,MNO Bank Kitakyushu Branch,000,Common Department,85896053,2021-12
2086.0,4.0,151,Credit,2021-12-29,Funds transfer,10A100020,Ordinary Deposits,50,MNO Bank Kitakyushu Branch,000,Common Department,0,2500000,10A100020,Ordinary Deposits,20,ABC Bank Head Office,000,Common Department,83396053,2021-12
2089.0,1.0,100,Debit,2021-12-30,Membership fee,10E200140,Employee Welfare Expenses,,,040,Osaka Branch,6000,0,10A100020,Cash,,,000,Common Department,4300467,2021-12
2089.0,1.0,100,Credit,2021-12-30,Membership fee,10A100020,Cash,,,000,Common Department,0,6000,10E200140,Employee Welfare Expenses,,,040,Osaka Branch,83390053,2021-12
2090.0,1.0,109,Debit,2021-12-30,Gasoline,10E201120,Vehicle Expenses,,,040,Osaka Branch,61694,0,10B100630,Accounts Payable Other,,,000,Common Department,5466534,2021-12
2090.0,1.0,109,Credit,2021-12-30,Gasoline,10B100630,Accounts Payable Other,,,000,Common Department,0,61694,10E201120,Vehicle Expenses,,,040,Osaka Branch,19589434,2021-12
2091.0,1.0,115,Debit,2021-12-30,Insurance Expenses,10E200240,Insurance Expenses,,,040,Osaka Branch,64500,0,10A100020,Ordinary Deposits,40,JKL Bank Umeda Branch,000,Common Department,2669380,2021-12
2091.0,1.0,115,Credit,2021-12-30,Insurance Expenses,10A100020,Ordinary Deposits,40,JKL Bank Umeda Branch,000,Common Department,0,64500,10E200240,Insurance Expenses,,,040,Osaka Branch,83325553,2021-12
2092.0,1.0,128,Debit,2021-12-30,Revenue stamp,10E200210,Taxes and Dues,,,010,Sapporo Sales Office,10000,0,10A100020,Cash,,,000,Common Department,239000,2021-12
2092.0,1.0,128,Credit,2021-12-30,Revenue stamp,10A100020,Cash,,,000,Common Department,0,10000,10E200210,Taxes and Dues,,,010,Sapporo Sales Office,83315553,2021-12
2093.0,1.0,137,Debit,2021-12-30,Wired service fee,10E201270,Miscellaneous Expenses,,,040,Osaka Branch,6000,0,10B100630,Accounts Payable Other,,,000,Common Department,4071977,2021-12
2093.0,1.0,137,Credit,2021-12-30,Wired service fee,10B100630,Accounts Payable Other,,,000,Common Department,0,6000,10E201270,Miscellaneous Expenses,,,040,Osaka Branch,19595434,2021-12
2093.0,2.0,137,Debit,2021-12-30,Security fee,10E201270,Miscellaneous Expenses,,,040,Osaka Branch,42858,0,10B100630,Accounts Payable Other,,,000,Common Department,4114835,2021-12
2093.0,2.0,137,Credit,2021-12-30,Security fee,10B100630,Accounts Payable Other,,,000,Common Department,0,42858,10E201270,Miscellaneous Expenses,,,040,Osaka Branch,19638292,2021-12
2093.0,3.0,137,Debit,2021-12-30,Expressway toll,10E201120,Vehicle Expenses,,,040,Osaka Branch,53315,0,10A100020,Ordinary Deposits,40,JKL Bank Umeda Branch,000,Common Department,5519849,2021-12
2093.0,3.0,137,Credit,2021-12-30,Expressway toll,10A100020,Ordinary Deposits,40,JKL Bank Umeda Branch,000,Common Department,0,53315,10E201120,Vehicle Expenses,,,040,Osaka Branch,83262238,2021-12
2093.0,4.0,137,Debit,2021-12-30,Cleaning fee,10E201270,Miscellaneous Expenses,,,040,Osaka Branch,73500,0,10B100630,Accounts Payable Other,,,000,Common Department,4188335,2021-12
2093.0,4.0,137,Credit,2021-12-30,Cleaning fee,10B100630,Accounts Payable Other,,,000,Common Department,0,73500,10E201270,Miscellaneous Expenses,,,040,Osaka Branch,19711792,2021-12
2094.0,1.0,138,Debit,2021-12-30,Parking fee,10E201120,Vehicle Expenses,,,040,Osaka Branch,3410,0,10A100020,Cash,,,000,Common Department,5523259,2021-12
2094.0,1.0,138,Credit,2021-12-30,Parking fee,10A100020,Cash,,,000,Common Department,0,3410,10E201120,Vehicle Expenses,,,040,Osaka Branch,83258828,2021-12
2094.0,2.0,138,Debit,2021-12-30,Expressway toll,10E201120,Vehicle Expenses,,,040,Osaka Branch,2524,0,10A100020,Cash,,,000,Common Department,5525783,2021-12
2094.0,2.0,138,Credit,2021-12-30,Expressway toll,10A100020,Cash,,,000,Common Department,0,2524,10E201120,Vehicle Expenses,,,040,Osaka Branch,83256304,2021-12
2094.0,3.0,138,Debit,2021-12-30,Expressway toll,10E201120,Vehicle Expenses,,,040,Osaka Branch,3667,0,10A100020,Cash,,,000,Common Department,5529450,2021-12
2094.0,3.0,138,Credit,2021-12-30,Expressway toll,10A100020,Cash,,,000,Common Department,0,3667,10E201120,Vehicle Expenses,,,040,Osaka Branch,83252637,2021-12
2094.0,4.0,138,Debit,2021-12-30,Expressway toll,10E201120,Vehicle Expenses,,,040,Osaka Branch,1096,0,10A100020,Cash,,,000,Common Department,5530546,2021-12
2094.0,4.0,138,Credit,2021-12-30,Expressway toll,10A100020,Cash,,,000,Common Department,0,1096,10E201120,Vehicle Expenses,,,040,Osaka Branch,83251541,2021-12
2094.0,5.0,138,Debit,2021-12-30,Expressway toll,10E201120,Vehicle Expenses,,,040,Osaka Branch,3000,0,10A100020,Cash,,,000,Common Department,5533546,2021-12
2094.0,5.0,138,Credit,2021-12-30,Expressway toll,10A100020,Cash,,,000,Common Department,0,3000,10E201120,Vehicle Expenses,,,040,Osaka Branch,83248541,2021-12
2094.0,6.0,138,Debit,2021-12-30,Expressway toll,10E201120,Vehicle Expenses,,,040,Osaka Branch,1096,0,10A100020,Cash,,,000,Common Department,5534642,2021-12
2094.0,6.0,138,Credit,2021-12-30,Expressway toll,10A100020,Cash,,,000,Common Department,0,1096,10E201120,Vehicle Expenses,,,040,Osaka Branch,83247445,2021-12
2094.0,7.0,138,Debit,2021-12-30,Gasoline,10E201120,Vehicle Expenses,,,040,Osaka Branch,3810,0,10A100020,Cash,,,000,Common Department,5538452,2021-12
2094.0,7.0,138,Credit,2021-12-30,Gasoline,10A100020,Cash,,,000,Common Department,0,3810,10E201120,Vehicle Expenses,,,040,Osaka Branch,83243635,2021-12
2095.0,1.0,155,Debit,2021-12-30,Vehicle management expense,10E201120,Vehicle Expenses,,,050,Kyushu Sales Office,25000,0,10A100020,Cash,,,000,Common Department,5563452,2021-12
2095.0,1.0,155,Credit,2021-12-30,Vehicle management expense,10A100020,Cash,,,000,Common Department,0,25000,10E201120,Vehicle Expenses,,,050,Kyushu Sales Office,83218635,2021-12
2087.0,1.0,70,Debit,2021-12-30,Wired service fee,10E201270,Miscellaneous Expenses,,,020,Tokyo Branch,6000,0,10B100630,Accounts Payable Other,,,000,Common Department,4194335,2021-12
2087.0,1.0,70,Credit,2021-12-30,Wired service fee,10B100630,Accounts Payable Other,,,000,Common Department,0,6000,10E201270,Miscellaneous Expenses,,,020,Tokyo Branch,19717792,2021-12
2087.0,2.0,70,Debit,2021-12-30,Security fee,10E201270,Miscellaneous Expenses,,,020,Tokyo Branch,52381,0,10B100630,Accounts Payable Other,,,000,Common Department,4246716,2021-12
2087.0,2.0,70,Credit,2021-12-30,Security fee,10B100630,Accounts Payable Other,,,000,Common Department,0,52381,10E201270,Miscellaneous Expenses,,,020,Tokyo Branch,19770173,2021-12
2087.0,3.0,70,Debit,2021-12-30,Expressway toll,10E201120,Vehicle Expenses,,,020,Tokyo Branch,53600,0,10A100020,Ordinary Deposits,20,ABC Bank Head Office,000,Common Department,5617052,2021-12
2087.0,3.0,70,Credit,2021-12-30,Expressway toll,10A100020,Ordinary Deposits,20,ABC Bank Head Office,000,Common Department,0,53600,10E201120,Vehicle Expenses,,,020,Tokyo Branch,83165035,2021-12
2087.0,4.0,70,Debit,2021-12-30,Cleaning fee,10E201270,Miscellaneous Expenses,,,020,Tokyo Branch,73500,0,10B100630,Accounts Payable Other,,,000,Common Department,4320216,2021-12
2087.0,4.0,70,Credit,2021-12-30,Cleaning fee,10B100630,Accounts Payable Other,,,000,Common Department,0,73500,10E201270,Miscellaneous Expenses,,,020,Tokyo Branch,19843673,2021-12
2088.0,1.0,96,Debit,2021-12-30,Security fee,10E201270,Miscellaneous Expenses,,,030,Nagoya Branch,22470,0,10A100020,Ordinary Deposits,30,GHI Bank Nagoya Branch,000,Common Department,4342686,2021-12
2088.0,1.0,96,Credit,2021-12-30,Security fee,10A100020,Ordinary Deposits,30,GHI Bank Nagoya Branch,000,Common Department,0,22470,10E201270,Miscellaneous Expenses,,,030,Nagoya Branch,83142565,2021-12
2102.0,1.0,121,Debit,2021-12-31,12/1-12/31 periodSales,10A100090,Accounts Receivable,14,Anonymized Partner 066,000,Common Department,2823042,0,10D100100,Gross Sales,,,010,Sapporo Sales Office,18063549,2021-12
2102.0,1.0,121,Credit,2021-12-31,12/1-12/31 periodSales,10D100100,Gross Sales,,,010,Sapporo Sales Office,0,2823042,10A100090,Accounts Receivable,14,Anonymized Partner 066,000,Common Department,505638473,2021-12
2102.0,2.0,121,Debit,2021-12-31,12/1-12/31 periodSales,10A100090,Accounts Receivable,25,Anonymized Partner 033,000,Common Department,6207618,0,10D100100,Gross Sales,,,010,Sapporo Sales Office,24271167,2021-12
2102.0,2.0,121,Credit,2021-12-31,12/1-12/31 periodSales,10D100100,Gross Sales,,,010,Sapporo Sales Office,0,6207618,10A100090,Accounts Receivable,25,Anonymized Partner 033,000,Common Department,511846091,2021-12
2102.0,3.0,121,Debit,2021-12-31,12/1-12/31 periodSales,10A100090,Accounts Receivable,5,Anonymized Partner 030,000,Common Department,1585172,0,10D100100,Gross Sales,,,010,Sapporo Sales Office,25856339,2021-12
2102.0,3.0,121,Credit,2021-12-31,12/1-12/31 periodSales,10D100100,Gross Sales,,,010,Sapporo Sales Office,0,1585172,10A100090,Accounts Receivable,5,Anonymized Partner 030,000,Common Department,513431263,2021-12
2103.0,1.0,122,Debit,2021-12-31,12/1-12/31 periodSales,10A100090,Accounts Receivable,2,Anonymized Partner 057,000,Common Department,20467436,0,10D100100,Gross Sales,,,020,Tokyo Branch,46323775,2021-12
2103.0,1.0,122,Credit,2021-12-31,12/1-12/31 periodSales,10D100100,Gross Sales,,,020,Tokyo Branch,0,20467436,10A100090,Accounts Receivable,2,Anonymized Partner 057,000,Common Department,533898699,2021-12
2103.0,2.0,122,Debit,2021-12-31,12/1-12/31 periodSales,10A100090,Accounts Receivable,12,Anonymized Partner 065,000,Common Department,17510543,0,10D100100,Gross Sales,,,020,Tokyo Branch,63834318,2021-12
2103.0,2.0,122,Credit,2021-12-31,12/1-12/31 periodSales,10D100100,Gross Sales,,,020,Tokyo Branch,0,17510543,10A100090,Accounts Receivable,12,Anonymized Partner 065,000,Common Department,551409242,2021-12
2103.0,3.0,122,Debit,2021-12-31,12/1-12/31 periodSales,10A100090,Accounts Receivable,13,Anonymized Partner 023,000,Common Department,1632272,0,10D100100,Gross Sales,,,020,Tokyo Branch,65466590,2021-12
2103.0,3.0,122,Credit,2021-12-31,12/1-12/31 periodSales,10D100100,Gross Sales,,,020,Tokyo Branch,0,1632272,10A100090,Accounts Receivable,13,Anonymized Partner 023,000,Common Department,553041514,2021-12
2103.0,4.0,122,Debit,2021-12-31,12/1-12/31 periodSales,10A100090,Accounts Receivable,30,Anonymized Partner 052,000,Common Department,2107935,0,10D100100,Gross Sales,,,020,Tokyo Branch,67574525,2021-12
2103.0,4.0,122,Credit,2021-12-31,12/1-12/31 periodSales,10D100100,Gross Sales,,,020,Tokyo Branch,0,2107935,10A100090,Accounts Receivable,30,Anonymized Partner 052,000,Common Department,555149449,2021-12
2103.0,5.0,122,Debit,2021-12-31,12/1-12/31 periodSales,10A100090,Accounts Receivable,14,Anonymized Partner 066,000,Common Department,3452470,0,10D100100,Gross Sales,,,020,Tokyo Branch,71026995,2021-12
2103.0,5.0,122,Credit,2021-12-31,12/1-12/31 periodSales,10D100100,Gross Sales,,,020,Tokyo Branch,0,3452470,10A100090,Accounts Receivable,14,Anonymized Partner 066,000,Common Department,558601919,2021-12
2103.0,6.0,122,Debit,2021-12-31,12/1-12/31 periodSales,10A100090,Accounts Receivable,26,Anonymized Partner 082,000,Common Department,2366012,0,10D100100,Gross Sales,,,020,Tokyo Branch,73393007,2021-12
2103.0,6.0,122,Credit,2021-12-31,12/1-12/31 periodSales,10D100100,Gross Sales,,,020,Tokyo Branch,0,2366012,10A100090,Accounts Receivable,26,Anonymized Partner 082,000,Common Department,560967931,2021-12
2103.0,7.0,122,Debit,2021-12-31,12/1-12/31 periodSales,10A100090,Accounts Receivable,11,Anonymized Partner 058,000,Common Department,1182012,0,10D100100,Gross Sales,,,020,Tokyo Branch,74575019,2021-12
2103.0,7.0,122,Credit,2021-12-31,12/1-12/31 periodSales,10D100100,Gross Sales,,,020,Tokyo Branch,0,1182012,10A100090,Accounts Receivable,11,Anonymized Partner 058,000,Common Department,562149943,2021-12
2103.0,8.0,122,Debit,2021-12-31,12/1-12/31 periodSales,10A100090,Accounts Receivable,24,Anonymized Partner 081,000,Common Department,600724,0,10D100100,Gross Sales,,,020,Tokyo Branch,75175743,2021-12
2103.0,8.0,122,Credit,2021-12-31,12/1-12/31 periodSales,10D100100,Gross Sales,,,020,Tokyo Branch,0,600724,10A100090,Accounts Receivable,24,Anonymized Partner 081,000,Common Department,562750667,2021-12
2103.0,9.0,122,Debit,2021-12-31,12/1-12/31 periodSales,10A100090,Accounts Receivable,10,Anonymized Partner 012,000,Common Department,458172,0,10D100100,Gross Sales,,,020,Tokyo Branch,75633915,2021-12
2103.0,9.0,122,Credit,2021-12-31,12/1-12/31 periodSales,10D100100,Gross Sales,,,020,Tokyo Branch,0,458172,10A100090,Accounts Receivable,10,Anonymized Partner 012,000,Common Department,563208839,2021-12
2104.0,1.0,123,Debit,2021-12-31,12/1-12/31 periodSales,10A100090,Accounts Receivable,14,Anonymized Partner 066,000,Common Department,3544224,0,10D100100,Gross Sales,,,030,Nagoya Branch,79178139,2021-12
2104.0,1.0,123,Credit,2021-12-31,12/1-12/31 periodSales,10D100100,Gross Sales,,,030,Nagoya Branch,0,3544224,10A100090,Accounts Receivable,14,Anonymized Partner 066,000,Common Department,566753063,2021-12
2104.0,2.0,123,Debit,2021-12-31,12/1-12/31 periodSales,10A100090,Accounts Receivable,7,Anonymized Partner 042,000,Common Department,1478159,0,10D100100,Gross Sales,,,030,Nagoya Branch,80656298,2021-12
2104.0,2.0,123,Credit,2021-12-31,12/1-12/31 periodSales,10D100100,Gross Sales,,,030,Nagoya Branch,0,1478159,10A100090,Accounts Receivable,7,Anonymized Partner 042,000,Common Department,568231222,2021-12
2104.0,3.0,123,Debit,2021-12-31,12/1-12/31 periodSales,10A100090,Accounts Receivable,27,Anonymized Partner 025,000,Common Department,1655306,0,10D100100,Gross Sales,,,030,Nagoya Branch,82311604,2021-12
2104.0,3.0,123,Credit,2021-12-31,12/1-12/31 periodSales,10D100100,Gross Sales,,,030,Nagoya Branch,0,1655306,10A100090,Accounts Receivable,27,Anonymized Partner 025,000,Common Department,569886528,2021-12
2104.0,4.0,123,Debit,2021-12-31,12/1-12/31 periodSales,10A100090,Accounts Receivable,6,Anonymized Partner 061,000,Common Department,1852360,0,10D100100,Gross Sales,,,030,Nagoya Branch,84163964,2021-12
2104.0,4.0,123,Credit,2021-12-31,12/1-12/31 periodSales,10D100100,Gross Sales,,,030,Nagoya Branch,0,1852360,10A100090,Accounts Receivable,6,Anonymized Partner 061,000,Common Department,571738888,2021-12
2104.0,5.0,123,Debit,2021-12-31,12/1-12/31 periodSales,10A100090,Accounts Receivable,19,Anonymized Partner 045,000,Common Department,906784,0,10D100100,Gross Sales,,,030,Nagoya Branch,85070748,2021-12
2104.0,5.0,123,Credit,2021-12-31,12/1-12/31 periodSales,10D100100,Gross Sales,,,030,Nagoya Branch,0,906784,10A100090,Accounts Receivable,19,Anonymized Partner 045,000,Common Department,572645672,2021-12
2104.0,6.0,123,Debit,2021-12-31,12/1-12/31 periodSales,10A100090,Accounts Receivable,21,Anonymized Partner 014,000,Common Department,1839420,0,10D100100,Gross Sales,,,030,Nagoya Branch,86910168,2021-12
2104.0,6.0,123,Credit,2021-12-31,12/1-12/31 periodSales,10D100100,Gross Sales,,,030,Nagoya Branch,0,1839420,10A100090,Accounts Receivable,21,Anonymized Partner 014,000,Common Department,574485092,2021-12
2105.0,1.0,124,Debit,2021-12-31,12/1-12/31 periodSales,10A100090,Accounts Receivable,8,Anonymized Partner 073,000,Common Department,1218968,0,10D100100,Gross Sales,,,040,Osaka Branch,88129136,2021-12
2105.0,1.0,124,Credit,2021-12-31,12/1-12/31 periodSales,10D100100,Gross Sales,,,040,Osaka Branch,0,1218968,10A100090,Accounts Receivable,8,Anonymized Partner 073,000,Common Department,575704060,2021-12
2105.0,2.0,124,Debit,2021-12-31,12/1-12/31 periodSales,10A100090,Accounts Receivable,9,Anonymized Partner 026,000,Common Department,1347272,0,10D100100,Gross Sales,,,040,Osaka Branch,89476408,2021-12
2105.0,2.0,124,Credit,2021-12-31,12/1-12/31 periodSales,10D100100,Gross Sales,,,040,Osaka Branch,0,1347272,10A100090,Accounts Receivable,9,Anonymized Partner 026,000,Common Department,577051332,2021-12
2105.0,3.0,124,Debit,2021-12-31,12/1-12/31 periodSales,10A100090,Accounts Receivable,14,Anonymized Partner 066,000,Common Department,14867459,0,10D100100,Gross Sales,,,040,Osaka Branch,104343867,2021-12
2105.0,3.0,124,Credit,2021-12-31,12/1-12/31 periodSales,10D100100,Gross Sales,,,040,Osaka Branch,0,14867459,10A100090,Accounts Receivable,14,Anonymized Partner 066,000,Common Department,591918791,2021-12
2105.0,4.0,124,Debit,2021-12-31,12/1-12/31 periodSales,10A100090,Accounts Receivable,28,Anonymized Partner 072,000,Common Department,11930631,0,10D100100,Gross Sales,,,040,Osaka Branch,116274498,2021-12
2105.0,4.0,124,Credit,2021-12-31,12/1-12/31 periodSales,10D100100,Gross Sales,,,040,Osaka Branch,0,11930631,10A100090,Accounts Receivable,28,Anonymized Partner 072,000,Common Department,603849422,2021-12
2105.0,5.0,124,Debit,2021-12-31,12/1-12/31 periodSales,10A100090,Accounts Receivable,23,Anonymized Partner 056,000,Common Department,1420364,0,10D100100,Gross Sales,,,040,Osaka Branch,117694862,2021-12
2105.0,5.0,124,Credit,2021-12-31,12/1-12/31 periodSales,10D100100,Gross Sales,,,040,Osaka Branch,0,1420364,10A100090,Accounts Receivable,23,Anonymized Partner 056,000,Common Department,605269786,2021-12
2105.0,6.0,124,Debit,2021-12-31,12/1-12/31 periodSales,10A100090,Accounts Receivable,3,Anonymized Partner 085,000,Common Department,12141144,0,10D100100,Gross Sales,,,040,Osaka Branch,129836006,2021-12
2105.0,6.0,124,Credit,2021-12-31,12/1-12/31 periodSales,10D100100,Gross Sales,,,040,Osaka Branch,0,12141144,10A100090,Accounts Receivable,3,Anonymized Partner 085,000,Common Department,617410930,2021-12
2105.0,7.0,124,Debit,2021-12-31,12/1-12/31 periodSales,10A100090,Accounts Receivable,20,Anonymized Partner 079,000,Common Department,2361484,0,10D100100,Gross Sales,,,040,Osaka Branch,132197490,2021-12
2105.0,7.0,124,Credit,2021-12-31,12/1-12/31 periodSales,10D100100,Gross Sales,,,040,Osaka Branch,0,2361484,10A100090,Accounts Receivable,20,Anonymized Partner 079,000,Common Department,619772414,2021-12
2105.0,8.0,124,Debit,2021-12-31,12/1-12/31 periodSales,10A100090,Accounts Receivable,4,Anonymized Partner 032,000,Common Department,1435084,0,10D100100,Gross Sales,,,040,Osaka Branch,133632574,2021-12
2105.0,8.0,124,Credit,2021-12-31,12/1-12/31 periodSales,10D100100,Gross Sales,,,040,Osaka Branch,0,1435084,10A100090,Accounts Receivable,4,Anonymized Partner 032,000,Common Department,621207498,2021-12
2106.0,1.0,125,Debit,2021-12-31,12/1-12/31 periodSales,10A100090,Accounts Receivable,14,Anonymized Partner 066,000,Common Department,2089558,0,10D100100,Gross Sales,,,050,Kyushu Sales Office,135722132,2021-12
2106.0,1.0,125,Credit,2021-12-31,12/1-12/31 periodSales,10D100100,Gross Sales,,,050,Kyushu Sales Office,0,2089558,10A100090,Accounts Receivable,14,Anonymized Partner 066,000,Common Department,623297056,2021-12
2106.0,2.0,125,Debit,2021-12-31,12/1-12/31 periodSales,10A100090,Accounts Receivable,22,Anonymized Partner 070,000,Common Department,2036596,0,10D100100,Gross Sales,,,050,Kyushu Sales Office,137758728,2021-12
2106.0,2.0,125,Credit,2021-12-31,12/1-12/31 periodSales,10D100100,Gross Sales,,,050,Kyushu Sales Office,0,2036596,10A100090,Accounts Receivable,22,Anonymized Partner 070,000,Common Department,625333652,2021-12
2106.0,3.0,125,Debit,2021-12-31,12/1-12/31 periodSales,10A100090,Accounts Receivable,1,Anonymized Partner 068,000,Common Department,1949895,0,10D100100,Gross Sales,,,050,Kyushu Sales Office,139708623,2021-12
2106.0,3.0,125,Credit,2021-12-31,12/1-12/31 periodSales,10D100100,Gross Sales,,,050,Kyushu Sales Office,0,1949895,10A100090,Accounts Receivable,1,Anonymized Partner 068,000,Common Department,627283547,2021-12
2106.0,4.0,125,Debit,2021-12-31,12/1-12/31 periodSales,10A100090,Accounts Receivable,29,Anonymized Partner 049,000,Common Department,1633676,0,10D100100,Gross Sales,,,050,Kyushu Sales Office,141342299,2021-12
2106.0,4.0,125,Credit,2021-12-31,12/1-12/31 periodSales,10D100100,Gross Sales,,,050,Kyushu Sales Office,0,1633676,10A100090,Accounts Receivable,29,Anonymized Partner 049,000,Common Department,628917223,2021-12
2107.0,1.0,126,Debit,2021-12-31,Voucher No. 400 dated 12/31 Anonymized Partner 032,10A100020,Ordinary Deposits,40,JKL Bank Umeda Branch,000,Common Department,1299992,0,10A100090,Accounts Receivable,4,Anonymized Partner 032,000,Common Department,84442557,2021-12
2107.0,1.0,126,Credit,2021-12-31,Voucher No. 400 dated 12/31 Anonymized Partner 032,10A100090,Accounts Receivable,4,Anonymized Partner 032,000,Common Department,0,1299992,10A100020,Ordinary Deposits,40,JKL Bank Umeda Branch,000,Common Department,140042307,2021-12
2107.0,2.0,126,Debit,2021-12-31,Voucher No. 400 dated 12/31 Anonymized Partner 032,10E200690,Service Fees,,,040,Osaka Branch,840,0,10A100090,Accounts Receivable,4,Anonymized Partner 032,000,Common Department,106250,2021-12
2107.0,2.0,126,Credit,2021-12-31,Voucher No. 400 dated 12/31 Anonymized Partner 032,10A100090,Accounts Receivable,4,Anonymized Partner 032,000,Common Department,0,840,10E200690,Service Fees,,,040,Osaka Branch,140041467,2021-12
2108.0,1.0,127,Debit,2021-12-31,Voucher No. 401 dated 12/31 Anonymized Partner 030,10A100020,Ordinary Deposits,10,DEF Bank Station Branch,000,Common Department,2041108,0,10A100090,Accounts Receivable,5,Anonymized Partner 030,000,Common Department,86483665,2021-12
2108.0,1.0,127,Credit,2021-12-31,Voucher No. 401 dated 12/31 Anonymized Partner 030,10A100090,Accounts Receivable,5,Anonymized Partner 030,000,Common Department,0,2041108,10A100020,Ordinary Deposits,10,DEF Bank Station Branch,000,Common Department,138000359,2021-12
2108.0,2.0,127,Debit,2021-12-31,Voucher No. 401 dated 12/31 Anonymized Partner 030,10E200690,Service Fees,,,010,Sapporo Sales Office,840,0,10A100090,Accounts Receivable,5,Anonymized Partner 030,000,Common Department,107090,2021-12
2108.0,2.0,127,Credit,2021-12-31,Voucher No. 401 dated 12/31 Anonymized Partner 030,10A100090,Accounts Receivable,5,Anonymized Partner 030,000,Common Department,0,840,10E200690,Service Fees,,,010,Sapporo Sales Office,137999519,2021-12
2109.0,1.0,128,Debit,2021-12-31,Voucher No. 402 dated 12/31 Anonymized Partner 012,10A100020,Cash,,,000,Common Department,320480,0,10A100090,Accounts Receivable,10,Anonymized Partner 012,000,Common Department,86804145,2021-12
2109.0,1.0,128,Credit,2021-12-31,Voucher No. 402 dated 12/31 Anonymized Partner 012,10A100090,Accounts Receivable,10,Anonymized Partner 012,000,Common Department,0,320480,10A100020,Cash,,,000,Common Department,137679039,2021-12
2110.0,1.0,129,Debit,2021-12-31,Voucher No. 403 dated 12/31 Anonymized Partner 065 | Sales voucher=20211130-112;Note number=R20211231-129-12,10A100060,Notes Receivable,,,000,Common Department,10629137,0,10A100090,Accounts Receivable,12,Anonymized Partner 065,000,Common Department,88972955,2021-12
2110.0,1.0,129,Credit,2021-12-31,Voucher No. 403 dated 12/31 Anonymized Partner 065 | Sales voucher=20211130-112;Note number=R20211231-129-12,10A100090,Accounts Receivable,12,Anonymized Partner 065,000,Common Department,0,10629137,10A100060,Notes Receivable,,,000,Common Department,127049902,2021-12
2111.0,1.0,130,Debit,2021-12-31,Voucher No. 404 dated 12/31 Anonymized Partner 081,10A100020,Ordinary Deposits,20,ABC Bank Head Office,000,Common Department,458582,0,10A100090,Accounts Receivable,24,Anonymized Partner 081,000,Common Department,87262727,2021-12
2111.0,1.0,130,Credit,2021-12-31,Voucher No. 404 dated 12/31 Anonymized Partner 081,10A100090,Accounts Receivable,24,Anonymized Partner 081,000,Common Department,0,458582,10A100020,Ordinary Deposits,20,ABC Bank Head Office,000,Common Department,126591320,2021-12
2111.0,2.0,130,Debit,2021-12-31,Voucher No. 404 dated 12/31 Anonymized Partner 081,10E200690,Service Fees,,,020,Tokyo Branch,630,0,10A100090,Accounts Receivable,24,Anonymized Partner 081,000,Common Department,107720,2021-12
2111.0,2.0,130,Credit,2021-12-31,Voucher No. 404 dated 12/31 Anonymized Partner 081,10A100090,Accounts Receivable,24,Anonymized Partner 081,000,Common Department,0,630,10E200690,Service Fees,,,020,Tokyo Branch,126590690,2021-12
2112.0,1.0,131,Debit,2021-12-31,Voucher No. 405 dated 12/31 Anonymized Partner 049,10A100020,Ordinary Deposits,50,MNO Bank Kitakyushu Branch,000,Common Department,488688,0,10A100090,Accounts Receivable,29,Anonymized Partner 049,000,Common Department,87751415,2021-12
2112.0,1.0,131,Credit,2021-12-31,Voucher No. 405 dated 12/31 Anonymized Partner 049,10A100090,Accounts Receivable,29,Anonymized Partner 049,000,Common Department,0,488688,10A100020,Ordinary Deposits,50,MNO Bank Kitakyushu Branch,000,Common Department,126102002,2021-12
2112.0,2.0,131,Debit,2021-12-31,Voucher No. 405 dated 12/31 Anonymized Partner 049,10E200690,Service Fees,,,050,Kyushu Sales Office,210,0,10A100090,Accounts Receivable,29,Anonymized Partner 049,000,Common Department,107930,2021-12
2112.0,2.0,131,Credit,2021-12-31,Voucher No. 405 dated 12/31 Anonymized Partner 049,10A100090,Accounts Receivable,29,Anonymized Partner 049,000,Common Department,0,210,10E200690,Service Fees,,,050,Kyushu Sales Office,126101792,2021-12
2113.0,1.0,132,Debit,2021-12-31,12/1-12/31 period Purchases,10E100130,Merchandise Purchases,,,010,Sapporo Sales Office,102816,0,10B100040,Accounts Payable,8,Anonymized Partner 063,000,Common Department,309108642,2021-12
2113.0,1.0,132,Credit,2021-12-31,12/1-12/31 period Purchases,10B100040,Accounts Payable,8,Anonymized Partner 063,000,Common Department,0,102816,10E100130,Merchandise Purchases,,,010,Sapporo Sales Office,37664484,2021-12
2113.0,2.0,132,Debit,2021-12-31,12/1-12/31 period Purchases,10E100130,Merchandise Purchases,,,010,Sapporo Sales Office,363331,0,10B100040,Accounts Payable,2,Anonymized Partner 046,000,Common Department,309471973,2021-12
2113.0,2.0,132,Credit,2021-12-31,12/1-12/31 period Purchases,10B100040,Accounts Payable,2,Anonymized Partner 046,000,Common Department,0,363331,10E100130,Merchandise Purchases,,,010,Sapporo Sales Office,38027815,2021-12
2114.0,1.0,133,Debit,2021-12-31,12/1-12/31 period Purchases,10E100130,Merchandise Purchases,,,020,Tokyo Branch,4570569,0,10B100040,Accounts Payable,14,Anonymized Partner 011,000,Common Department,314042542,2021-12
2114.0,1.0,133,Credit,2021-12-31,12/1-12/31 period Purchases,10B100040,Accounts Payable,14,Anonymized Partner 011,000,Common Department,0,4570569,10E100130,Merchandise Purchases,,,020,Tokyo Branch,42598384,2021-12
2114.0,2.0,133,Debit,2021-12-31,12/1-12/31 period Purchases,10E100130,Merchandise Purchases,,,020,Tokyo Branch,5031519,0,10B100040,Accounts Payable,3,Anonymized Partner 085,000,Common Department,319074061,2021-12
2114.0,2.0,133,Credit,2021-12-31,12/1-12/31 period Purchases,10B100040,Accounts Payable,3,Anonymized Partner 085,000,Common Department,0,5031519,10E100130,Merchandise Purchases,,,020,Tokyo Branch,47629903,2021-12
2114.0,3.0,133,Debit,2021-12-31,12/1-12/31 period Purchases,10E100130,Merchandise Purchases,,,020,Tokyo Branch,2069835,0,10B100040,Accounts Payable,13,Anonymized Partner 027,000,Common Department,321143896,2021-12
2114.0,3.0,133,Credit,2021-12-31,12/1-12/31 period Purchases,10B100040,Accounts Payable,13,Anonymized Partner 027,000,Common Department,0,2069835,10E100130,Merchandise Purchases,,,020,Tokyo Branch,49699738,2021-12
2114.0,4.0,133,Debit,2021-12-31,12/1-12/31 period Purchases,10E100130,Merchandise Purchases,,,020,Tokyo Branch,10823612,0,10B100040,Accounts Payable,1,Anonymized Partner 043,000,Common Department,331967508,2021-12
2114.0,4.0,133,Credit,2021-12-31,12/1-12/31 period Purchases,10B100040,Accounts Payable,1,Anonymized Partner 043,000,Common Department,0,10823612,10E100130,Merchandise Purchases,,,020,Tokyo Branch,60523350,2021-12
2114.0,5.0,133,Debit,2021-12-31,12/1-12/31 period Purchases,10E100130,Merchandise Purchases,,,020,Tokyo Branch,8378109,0,10B100040,Accounts Payable,11,Anonymized Partner 067,000,Common Department,340345617,2021-12
2114.0,5.0,133,Credit,2021-12-31,12/1-12/31 period Purchases,10B100040,Accounts Payable,11,Anonymized Partner 067,000,Common Department,0,8378109,10E100130,Merchandise Purchases,,,020,Tokyo Branch,68901459,2021-12
2114.0,6.0,133,Debit,2021-12-31,12/1-12/31 period Purchases,10E100130,Merchandise Purchases,,,020,Tokyo Branch,1085505,0,10B100040,Accounts Payable,2,Anonymized Partner 046,000,Common Department,341431122,2021-12
2114.0,6.0,133,Credit,2021-12-31,12/1-12/31 period Purchases,10B100040,Accounts Payable,2,Anonymized Partner 046,000,Common Department,0,1085505,10E100130,Merchandise Purchases,,,020,Tokyo Branch,69986964,2021-12
2114.0,7.0,133,Debit,2021-12-31,12/1-12/31 period Purchases,10E100130,Merchandise Purchases,,,020,Tokyo Branch,658954,0,10B100040,Accounts Payable,12,Anonymized Partner 059,000,Common Department,342090076,2021-12
2114.0,7.0,133,Credit,2021-12-31,12/1-12/31 period Purchases,10B100040,Accounts Payable,12,Anonymized Partner 059,000,Common Department,0,658954,10E100130,Merchandise Purchases,,,020,Tokyo Branch,70645918,2021-12
2114.0,8.0,133,Debit,2021-12-31,12/1-12/31 period Purchases,10E100130,Merchandise Purchases,,,020,Tokyo Branch,251899,0,10B100040,Accounts Payable,8,Anonymized Partner 063,000,Common Department,342341975,2021-12
2114.0,8.0,133,Credit,2021-12-31,12/1-12/31 period Purchases,10B100040,Accounts Payable,8,Anonymized Partner 063,000,Common Department,0,251899,10E100130,Merchandise Purchases,,,020,Tokyo Branch,70897817,2021-12
2115.0,1.0,134,Debit,2021-12-31,12/1-12/31 period Purchases,10E100130,Merchandise Purchases,,,030,Nagoya Branch,2897127,0,10B100040,Accounts Payable,9,Anonymized Partner 029,000,Common Department,345239102,2021-12
2115.0,1.0,134,Credit,2021-12-31,12/1-12/31 period Purchases,10B100040,Accounts Payable,9,Anonymized Partner 029,000,Common Department,0,2897127,10E100130,Merchandise Purchases,,,030,Nagoya Branch,73794944,2021-12
2115.0,2.0,134,Debit,2021-12-31,12/1-12/31 period Purchases,10E100130,Merchandise Purchases,,,030,Nagoya Branch,1840617,0,10B100040,Accounts Payable,15,Anonymized Partner 074,000,Common Department,347079719,2021-12
2115.0,2.0,134,Credit,2021-12-31,12/1-12/31 period Purchases,10B100040,Accounts Payable,15,Anonymized Partner 074,000,Common Department,0,1840617,10E100130,Merchandise Purchases,,,030,Nagoya Branch,75635561,2021-12
2115.0,3.0,134,Debit,2021-12-31,12/1-12/31 period Purchases,10E100130,Merchandise Purchases,,,030,Nagoya Branch,6922413,0,10B100040,Accounts Payable,7,Anonymized Partner 048,000,Common Department,354002132,2021-12
2115.0,3.0,134,Credit,2021-12-31,12/1-12/31 period Purchases,10B100040,Accounts Payable,7,Anonymized Partner 048,000,Common Department,0,6922413,10E100130,Merchandise Purchases,,,030,Nagoya Branch,82557974,2021-12
2115.0,4.0,134,Debit,2021-12-31,12/1-12/31 period Purchases,10E100130,Merchandise Purchases,,,030,Nagoya Branch,183908,0,10B100040,Accounts Payable,2,Anonymized Partner 046,000,Common Department,354186040,2021-12
2115.0,4.0,134,Credit,2021-12-31,12/1-12/31 period Purchases,10B100040,Accounts Payable,2,Anonymized Partner 046,000,Common Department,0,183908,10E100130,Merchandise Purchases,,,030,Nagoya Branch,82741882,2021-12
2115.0,5.0,134,Debit,2021-12-31,12/1-12/31 period Purchases,10E100130,Merchandise Purchases,,,030,Nagoya Branch,25704,0,10B100040,Accounts Payable,8,Anonymized Partner 063,000,Common Department,354211744,2021-12
2115.0,5.0,134,Credit,2021-12-31,12/1-12/31 period Purchases,10B100040,Accounts Payable,8,Anonymized Partner 063,000,Common Department,0,25704,10E100130,Merchandise Purchases,,,030,Nagoya Branch,82767586,2021-12
2116.0,1.0,135,Debit,2021-12-31,12/1-12/31 period Purchases,10E100130,Merchandise Purchases,,,040,Osaka Branch,6301802,0,10B100040,Accounts Payable,5,Anonymized Partner 010,000,Common Department,360513546,2021-12
2116.0,1.0,135,Credit,2021-12-31,12/1-12/31 period Purchases,10B100040,Accounts Payable,5,Anonymized Partner 010,000,Common Department,0,6301802,10E100130,Merchandise Purchases,,,040,Osaka Branch,89069388,2021-12
2116.0,2.0,135,Debit,2021-12-31,12/1-12/31 period Purchases,10E100130,Merchandise Purchases,,,040,Osaka Branch,1503036,0,10B100040,Accounts Payable,4,Anonymized Partner 047,000,Common Department,362016582,2021-12
2116.0,2.0,135,Credit,2021-12-31,12/1-12/31 period Purchases,10B100040,Accounts Payable,4,Anonymized Partner 047,000,Common Department,0,1503036,10E100130,Merchandise Purchases,,,040,Osaka Branch,90572424,2021-12
2116.0,3.0,135,Debit,2021-12-31,12/1-12/31 period Purchases,10E100130,Merchandise Purchases,,,040,Osaka Branch,5798593,0,10B100040,Accounts Payable,10,Anonymized Partner 009,000,Common Department,367815175,2021-12
2116.0,3.0,135,Credit,2021-12-31,12/1-12/31 period Purchases,10B100040,Accounts Payable,10,Anonymized Partner 009,000,Common Department,0,5798593,10E100130,Merchandise Purchases,,,040,Osaka Branch,96371017,2021-12
2116.0,4.0,135,Debit,2021-12-31,12/1-12/31 period Purchases,10E100130,Merchandise Purchases,,,040,Osaka Branch,6893004,0,10B100040,Accounts Payable,6,Anonymized Partner 054,000,Common Department,374708179,2021-12
2116.0,4.0,135,Credit,2021-12-31,12/1-12/31 period Purchases,10B100040,Accounts Payable,6,Anonymized Partner 054,000,Common Department,0,6893004,10E100130,Merchandise Purchases,,,040,Osaka Branch,103264021,2021-12
2116.0,5.0,135,Debit,2021-12-31,12/1-12/31 period Purchases,10E100130,Merchandise Purchases,,,040,Osaka Branch,102816,0,10B100040,Accounts Payable,8,Anonymized Partner 063,000,Common Department,374810995,2021-12
2116.0,5.0,135,Credit,2021-12-31,12/1-12/31 period Purchases,10B100040,Accounts Payable,8,Anonymized Partner 063,000,Common Department,0,102816,10E100130,Merchandise Purchases,,,040,Osaka Branch,103366837,2021-12
2116.0,6.0,135,Debit,2021-12-31,12/1-12/31 period Purchases,10E100130,Merchandise Purchases,,,040,Osaka Branch,183908,0,10B100040,Accounts Payable,2,Anonymized Partner 046,000,Common Department,374994903,2021-12
2116.0,6.0,135,Credit,2021-12-31,12/1-12/31 period Purchases,10B100040,Accounts Payable,2,Anonymized Partner 046,000,Common Department,0,183908,10E100130,Merchandise Purchases,,,040,Osaka Branch,103550745,2021-12
2117.0,1.0,136,Debit,2021-12-31,12/1-12/31 period Purchases,10E100130,Merchandise Purchases,,,050,Kyushu Sales Office,77112,0,10B100040,Accounts Payable,8,Anonymized Partner 063,000,Common Department,375072015,2021-12
2117.0,1.0,136,Credit,2021-12-31,12/1-12/31 period Purchases,10B100040,Accounts Payable,8,Anonymized Partner 063,000,Common Department,0,77112,10E100130,Merchandise Purchases,,,050,Kyushu Sales Office,103627857,2021-12
2117.0,2.0,136,Debit,2021-12-31,12/1-12/31 period Purchases,10E100130,Merchandise Purchases,,,050,Kyushu Sales Office,80740,0,10B100040,Accounts Payable,2,Anonymized Partner 046,000,Common Department,375152755,2021-12
2117.0,2.0,136,Credit,2021-12-31,12/1-12/31 period Purchases,10B100040,Accounts Payable,2,Anonymized Partner 046,000,Common Department,0,80740,10E100130,Merchandise Purchases,,,050,Kyushu Sales Office,103708597,2021-12
2118.0,1.0,137,Debit,2021-12-31,Voucher No. 309 dated 12/31 Anonymized Partner 046,10B100040,Accounts Payable,2,Anonymized Partner 046,000,Common Department,1314468,0,10A100020,Ordinary Deposits,20,ABC Bank Head Office,000,Common Department,102394129,2021-12
2118.0,1.0,137,Credit,2021-12-31,Voucher No. 309 dated 12/31 Anonymized Partner 046,10A100020,Ordinary Deposits,20,ABC Bank Head Office,000,Common Department,0,1314468,10B100040,Accounts Payable,2,Anonymized Partner 046,000,Common Department,86436947,2021-12
2119.0,1.0,138,Debit,2021-12-31,Voucher No. 310 dated 12/31 Anonymized Partner 010,10B100040,Accounts Payable,5,Anonymized Partner 010,000,Common Department,4897778,0,10B100030,Notes Payable,,,000,Common Department,97496351,2021-12
2119.0,1.0,138,Credit,2021-12-31,Voucher No. 310 dated 12/31 Anonymized Partner 010,10B100030,Notes Payable,,,000,Common Department,0,4897778,10B100040,Accounts Payable,5,Anonymized Partner 010,000,Common Department,40216643,2021-12
2120.0,1.0,139,Debit,2021-12-31,Voucher No. 311 dated 12/31 Anonymized Partner 048,10B100040,Accounts Payable,7,Anonymized Partner 048,000,Common Department,4597303,0,10A100020,Ordinary Deposits,20,ABC Bank Head Office,000,Common Department,92899048,2021-12
2120.0,1.0,139,Credit,2021-12-31,Voucher No. 311 dated 12/31 Anonymized Partner 048,10A100020,Ordinary Deposits,20,ABC Bank Head Office,000,Common Department,0,4597303,10B100040,Accounts Payable,7,Anonymized Partner 048,000,Common Department,81839644,2021-12
2121.0,1.0,140,Debit,2021-12-31,Voucher No. 312 dated 12/31 Anonymized Partner 029,10B100040,Accounts Payable,9,Anonymized Partner 029,000,Common Department,2224739,0,10B100030,Notes Payable,,,000,Common Department,90674309,2021-12
2121.0,1.0,140,Credit,2021-12-31,Voucher No. 312 dated 12/31 Anonymized Partner 029,10B100030,Notes Payable,,,000,Common Department,0,2224739,10B100040,Accounts Payable,9,Anonymized Partner 029,000,Common Department,42441382,2021-12
2122.0,1.0,141,Debit,2021-12-31,Voucher No. 313 dated 12/31 Anonymized Partner 009,10B100040,Accounts Payable,10,Anonymized Partner 009,000,Common Department,3791833,0,10B100030,Notes Payable,,,000,Common Department,86882476,2021-12
2122.0,1.0,141,Credit,2021-12-31,Voucher No. 313 dated 12/31 Anonymized Partner 009,10B100030,Notes Payable,,,000,Common Department,0,3791833,10B100040,Accounts Payable,10,Anonymized Partner 009,000,Common Department,46233215,2021-12
2122.0,2.0,141,Debit,2021-12-31,Note maturity Anonymized Partner 057 | Note number=R20210925-113-2;Receipt amount corrected to settlement amount,10A100020,Checking Deposits,1,ABC Bank,000,Common Department,13866393,0,10A100060,Notes Receivable,,,000,Common Department,95706037,2021-12
2122.0,2.0,141,Credit,2021-12-31,Note maturity Anonymized Partner 057 | Note number=R20210925-113-2;Receipt amount corrected to settlement amount,10A100060,Notes Receivable,,,000,Common Department,0,13866393,10A100020,Checking Deposits,1,ABC Bank,000,Common Department,75106562,2021-12
2123.0,1.0,142,Debit,2021-12-31,Voucher No. 314 dated 12/31 Anonymized Partner 059,10B100040,Accounts Payable,12,Anonymized Partner 059,000,Common Department,433742,0,10A100020,Ordinary Deposits,20,ABC Bank Head Office,000,Common Department,86448734,2021-12
2123.0,1.0,142,Credit,2021-12-31,Voucher No. 314 dated 12/31 Anonymized Partner 059,10A100020,Ordinary Deposits,20,ABC Bank Head Office,000,Common Department,0,433742,10B100040,Accounts Payable,12,Anonymized Partner 059,000,Common Department,95272295,2021-12
2124.0,1.0,143,Debit,2021-12-31,Voucher No. 315 dated 12/31 Anonymized Partner 027,10B100040,Accounts Payable,13,Anonymized Partner 027,000,Common Department,1345680,0,10A100020,Ordinary Deposits,20,ABC Bank Head Office,000,Common Department,85103054,2021-12
2124.0,1.0,143,Credit,2021-12-31,Voucher No. 315 dated 12/31 Anonymized Partner 027,10A100020,Ordinary Deposits,20,ABC Bank Head Office,000,Common Department,0,1345680,10B100040,Accounts Payable,13,Anonymized Partner 027,000,Common Department,93926615,2021-12
2125.0,1.0,144,Debit,2021-12-31,Voucher No. 316 dated 12/31 Anonymized Partner 011,10B100040,Accounts Payable,14,Anonymized Partner 011,000,Common Department,3875434,0,10A100020,Ordinary Deposits,20,ABC Bank Head Office,000,Common Department,81227620,2021-12
2125.0,1.0,144,Credit,2021-12-31,Voucher No. 316 dated 12/31 Anonymized Partner 011,10A100020,Ordinary Deposits,20,ABC Bank Head Office,000,Common Department,0,3875434,10B100040,Accounts Payable,14,Anonymized Partner 011,000,Common Department,90051181,2021-12
2126.0,1.0,145,Debit,2021-12-31,Voucher No. 317 dated 12/31 Anonymized Partner 074,10B100040,Accounts Payable,15,Anonymized Partner 074,000,Common Department,1543059,0,10A100020,Ordinary Deposits,20,ABC Bank Head Office,000,Common Department,79684561,2021-12
2126.0,1.0,145,Credit,2021-12-31,Voucher No. 317 dated 12/31 Anonymized Partner 074,10A100020,Ordinary Deposits,20,ABC Bank Head Office,000,Common Department,0,1543059,10B100040,Accounts Payable,15,Anonymized Partner 074,000,Common Department,88508122,2021-12
2127.0,1.0,147,Debit,2021-12-31,Note due date settlement Anonymized Partner 010,10B100030,Notes Payable,,,000,Common Department,3841014,0,10A100020,Checking Deposits,1,ABC Bank,000,Common Department,42392201,2021-12
2127.0,1.0,147,Credit,2021-12-31,Note due date settlement Anonymized Partner 010,10A100020,Checking Deposits,1,ABC Bank,000,Common Department,0,3841014,10B100030,Notes Payable,,,000,Common Department,84667108,2021-12
2127.0,2.0,147,Debit,2021-12-31,Note due date settlement Anonymized Partner 029,10B100030,Notes Payable,,,000,Common Department,1819272,0,10A100020,Checking Deposits,1,ABC Bank,000,Common Department,40572929,2021-12
2127.0,2.0,147,Credit,2021-12-31,Note due date settlement Anonymized Partner 029,10A100020,Checking Deposits,1,ABC Bank,000,Common Department,0,1819272,10B100030,Notes Payable,,,000,Common Department,82847836,2021-12
2127.0,3.0,147,Debit,2021-12-31,Note due date settlement Anonymized Partner 009,10B100030,Notes Payable,,,000,Common Department,3148603,0,10A100020,Checking Deposits,1,ABC Bank,000,Common Department,37424326,2021-12
2127.0,3.0,147,Credit,2021-12-31,Note due date settlement Anonymized Partner 009,10A100020,Checking Deposits,1,ABC Bank,000,Common Department,0,3148603,10B100030,Notes Payable,,,000,Common Department,79699233,2021-12
2128.0,1.0,152,Debit,2021-12-31,Loan repayment received,10A100020,Ordinary Deposits,20,ABC Bank Head Office,000,Common Department,40000,0,10A100610,Short-term Loans Receivable,,,000,Common Department,79739233,2021-12
2128.0,1.0,152,Credit,2021-12-31,Loan repayment received,10A100610,Short-term Loans Receivable,,,000,Common Department,0,40000,10A100020,Ordinary Deposits,20,ABC Bank Head Office,000,Common Department,720000,2021-12
2128.0,2.0,152,Debit,2021-12-31,Loan repayment received,10A100020,Ordinary Deposits,20,ABC Bank Head Office,000,Common Department,50000,0,10A100610,Short-term Loans Receivable,,,000,Common Department,79789233,2021-12
2128.0,2.0,152,Credit,2021-12-31,Loan repayment received,10A100610,Short-term Loans Receivable,,,000,Common Department,0,50000,10A100020,Ordinary Deposits,20,ABC Bank Head Office,000,Common Department,670000,2021-12
2129.0,1.0,153,Debit,2021-12-31,Installment savings,10A100020,Installment Savings,,,000,Common Department,500000,0,10A100020,Ordinary Deposits,20,ABC Bank Head Office,000,Common Department,80289233,2021-12
2129.0,1.0,153,Credit,2021-12-31,Installment savings,10A100020,Ordinary Deposits,20,ABC Bank Head Office,000,Common Department,0,500000,10A100020,Installment Savings,,,000,Common Department,79789233,2021-12
2129.0,2.0,153,Debit,2021-12-31,Insurance Reserve Deposits,10A230570,Insurance Reserve Deposits,,,000,Common Department,125000,0,10A100020,Ordinary Deposits,20,ABC Bank Head Office,000,Common Department,2653000,2021-12
2129.0,2.0,153,Credit,2021-12-31,Insurance Reserve Deposits,10A100020,Ordinary Deposits,20,ABC Bank Head Office,000,Common Department,0,125000,10A230570,Insurance Reserve Deposits,,,000,Common Department,79664233,2021-12
2130.0,1.0,154,Debit,2021-12-31,Loan repayment,10B100790,Short-term Borrowings,,,000,Common Department,653500,0,10A100020,Checking Deposits,1,ABC Bank,000,Common Department,1960500,2021-12
2130.0,1.0,154,Credit,2021-12-31,Loan repayment,10A100020,Checking Deposits,1,ABC Bank,000,Common Department,0,653500,10B100790,Short-term Borrowings,,,000,Common Department,79010733,2021-12
2130.0,2.0,154,Debit,2021-12-31,Interest,10E300020,Interest Expense,,,020,Tokyo Branch,32675,0,10A100020,Checking Deposits,1,ABC Bank,000,Common Department,1050085,2021-12
2130.0,2.0,154,Credit,2021-12-31,Interest,10A100020,Checking Deposits,1,ABC Bank,000,Common Department,0,32675,10E300020,Interest Expense,,,020,Tokyo Branch,78978058,2021-12
2096.0,1.0,63,Debit,2021-12-31,Insurance Expenses,10E200240,Insurance Expenses,,,020,Tokyo Branch,81000,0,10A100020,Ordinary Deposits,20,ABC Bank Head Office,000,Common Department,2750380,2021-12
2096.0,1.0,63,Credit,2021-12-31,Insurance Expenses,10A100020,Ordinary Deposits,20,ABC Bank Head Office,000,Common Department,0,81000,10E200240,Insurance Expenses,,,020,Tokyo Branch,78897058,2021-12
2097.0,1.0,78,Debit,2021-12-31,Insurance Expenses,10E200240,Insurance Expenses,,,030,Nagoya Branch,62000,0,10A100020,Ordinary Deposits,30,GHI Bank Nagoya Branch,000,Common Department,2812380,2021-12
2097.0,1.0,78,Credit,2021-12-31,Insurance Expenses,10A100020,Ordinary Deposits,30,GHI Bank Nagoya Branch,000,Common Department,0,62000,10E200240,Insurance Expenses,,,030,Nagoya Branch,78835058,2021-12
2098.0,1.0,79,Debit,2021-12-31,Insurance Premium Payment,10E200240,Insurance Expenses,,,050,Kyushu Sales Office,57000,0,10A100020,Ordinary Deposits,50,MNO Bank Kitakyushu Branch,000,Common Department,2869380,2021-12
2098.0,1.0,79,Credit,2021-12-31,Insurance Premium Payment,10A100020,Ordinary Deposits,50,MNO Bank Kitakyushu Branch,000,Common Department,0,57000,10E200240,Insurance Expenses,,,050,Kyushu Sales Office,78778058,2021-12
2099.0,1.0,81,Debit,2021-12-31,Supplies expense department allocation,10E200200,Supplies Expenses,,,010,Sapporo Sales Office,25179,0,10E200200,Supplies Expenses,,,000,Common Department,2464954,2021-12
2099.0,1.0,81,Credit,2021-12-31,Supplies expense department allocation,10E200200,Supplies Expenses,,,000,Common Department,0,25179,10E200200,Supplies Expenses,,,010,Sapporo Sales Office,2439775,2021-12
2099.0,2.0,81,Debit,2021-12-31,Supplies expense department allocation,10E200200,Supplies Expenses,,,020,Tokyo Branch,109873,0,10E200200,Supplies Expenses,,,000,Common Department,2549648,2021-12
2099.0,2.0,81,Credit,2021-12-31,Supplies expense department allocation,10E200200,Supplies Expenses,,,000,Common Department,0,109873,10E200200,Supplies Expenses,,,020,Tokyo Branch,2439775,2021-12
2099.0,3.0,81,Debit,2021-12-31,Supplies expense department allocation,10E200200,Supplies Expenses,,,030,Nagoya Branch,22890,0,10E200200,Supplies Expenses,,,000,Common Department,2462665,2021-12
2099.0,3.0,81,Credit,2021-12-31,Supplies expense department allocation,10E200200,Supplies Expenses,,,000,Common Department,0,22890,10E200200,Supplies Expenses,,,030,Nagoya Branch,2439775,2021-12
2099.0,4.0,81,Debit,2021-12-31,Supplies expense department allocation,10E200200,Supplies Expenses,,,040,Osaka Branch,54936,0,10E200200,Supplies Expenses,,,000,Common Department,2494711,2021-12
2099.0,4.0,81,Credit,2021-12-31,Supplies expense department allocation,10E200200,Supplies Expenses,,,000,Common Department,0,54936,10E200200,Supplies Expenses,,,040,Osaka Branch,2439775,2021-12
2099.0,5.0,81,Debit,2021-12-31,Supplies expense department allocation,10E200200,Supplies Expenses,,,050,Kyushu Sales Office,16023,0,10E200200,Supplies Expenses,,,000,Common Department,2455798,2021-12
2099.0,5.0,81,Credit,2021-12-31,Supplies expense department allocation,10E200200,Supplies Expenses,,,000,Common Department,0,16023,10E200200,Supplies Expenses,,,050,Kyushu Sales Office,2439775,2021-12
2100.0,1.0,93,Debit,2021-12-31,Insurance Premium Withheld portion,10B100690,Deposits Received,1,Insurance Expenses,000,Common Department,1515566,0,10A100020,Ordinary Deposits,20,ABC Bank Head Office,000,Common Department,6364278,2021-12
2100.0,1.0,93,Credit,2021-12-31,Insurance Premium Withheld portion,10A100020,Ordinary Deposits,20,ABC Bank Head Office,000,Common Department,0,1515566,10B100690,Deposits Received,1,Insurance Expenses,000,Common Department,77262492,2021-12
2100.0,2.0,93,Debit,2021-12-31,Insurance Premium Employer contribution,10E200540,Statutory Welfare Expenses,,,020,Tokyo Branch,120411,0,10A100020,Ordinary Deposits,20,ABC Bank Head Office,000,Common Department,6366062,2021-12
2100.0,2.0,93,Credit,2021-12-31,Insurance Premium Employer contribution,10A100020,Ordinary Deposits,20,ABC Bank Head Office,000,Common Department,0,120411,10E200540,Statutory Welfare Expenses,,,020,Tokyo Branch,77142081,2021-12
2100.0,3.0,93,Debit,2021-12-31,Insurance Premium Employer contribution,10E200540,Statutory Welfare Expenses,,,020,Tokyo Branch,236045,0,10A100020,Ordinary Deposits,20,ABC Bank Head Office,000,Common Department,6602107,2021-12
2100.0,3.0,93,Credit,2021-12-31,Insurance Premium Employer contribution,10A100020,Ordinary Deposits,20,ABC Bank Head Office,000,Common Department,0,236045,10E200540,Statutory Welfare Expenses,,,020,Tokyo Branch,76906036,2021-12
2100.0,4.0,93,Debit,2021-12-31,Insurance Premium Employer contribution,10E200540,Statutory Welfare Expenses,,,010,Sapporo Sales Office,103424,0,10A100020,Ordinary Deposits,20,ABC Bank Head Office,000,Common Department,6705531,2021-12
2100.0,4.0,93,Credit,2021-12-31,Insurance Premium Employer contribution,10A100020,Ordinary Deposits,20,ABC Bank Head Office,000,Common Department,0,103424,10E200540,Statutory Welfare Expenses,,,010,Sapporo Sales Office,76802612,2021-12
2100.0,5.0,93,Debit,2021-12-31,Insurance Premium Employer contribution,10E200540,Statutory Welfare Expenses,,,030,Nagoya Branch,96352,0,10A100020,Ordinary Deposits,20,ABC Bank Head Office,000,Common Department,6801883,2021-12
2100.0,5.0,93,Credit,2021-12-31,Insurance Premium Employer contribution,10A100020,Ordinary Deposits,20,ABC Bank Head Office,000,Common Department,0,96352,10E200540,Statutory Welfare Expenses,,,030,Nagoya Branch,76706260,2021-12
2100.0,6.0,93,Debit,2021-12-31,Insurance Premium Employer contribution,10E200540,Statutory Welfare Expenses,,,040,Osaka Branch,128755,0,10A100020,Ordinary Deposits,20,ABC Bank Head Office,000,Common Department,6930638,2021-12
2100.0,6.0,93,Credit,2021-12-31,Insurance Premium Employer contribution,10A100020,Ordinary Deposits,20,ABC Bank Head Office,000,Common Department,0,128755,10E200540,Statutory Welfare Expenses,,,040,Osaka Branch,76577505,2021-12
2100.0,7.0,93,Debit,2021-12-31,Insurance Premium Employer contribution,10E200540,Statutory Welfare Expenses,,,050,Kyushu Sales Office,67268,0,10A100020,Ordinary Deposits,20,ABC Bank Head Office,000,Common Department,6997906,2021-12
2100.0,7.0,93,Credit,2021-12-31,Insurance Premium Employer contribution,10A100020,Ordinary Deposits,20,ABC Bank Head Office,000,Common Department,0,67268,10E200540,Statutory Welfare Expenses,,,050,Kyushu Sales Office,76510237,2021-12
2100.0,8.0,93,Debit,2021-12-31,Child allowance contribution Employer contribution,10E200540,Statutory Welfare Expenses,,,020,Tokyo Branch,11056,0,10A100020,Ordinary Deposits,20,ABC Bank Head Office,000,Common Department,7008962,2021-12
2100.0,8.0,93,Credit,2021-12-31,Child allowance contribution Employer contribution,10A100020,Ordinary Deposits,20,ABC Bank Head Office,000,Common Department,0,11056,10E200540,Statutory Welfare Expenses,,,020,Tokyo Branch,76499181,2021-12
2101.0,1.0,94,Debit,2021-12-31,month 11 payment,10B100630,Accounts Payable Other,,,000,Common Department,7644630,0,10A100020,Ordinary Deposits,20,ABC Bank Head Office,000,Common Department,12199043,2021-12
2101.0,1.0,94,Credit,2021-12-31,month 11 payment,10A100020,Ordinary Deposits,20,ABC Bank Head Office,000,Common Department,0,7644630,10B100630,Accounts Payable Other,,,000,Common Department,68854551,2021-12
