Transaction_ID,Line_ID,Entry_ID,Ledger_Side,Transaction_Date,Description,Ledger_Account_Number,Ledger_Account_Name,Subaccount_Code,Subaccount_Name,Department_Code,Department_Name,Debit_Amount,Credit_Amount,Counterpart_Account_Number,Counterpart_Account_Name,Counterpart_Subaccount_Code,Counterpart_Subaccount_Name,Counterpart_Department_Code,Counterpart_Department_Name,Balance,Month
,,,Opening,2021-08-01,* Beginning balance,10A100020,Ordinary Deposits,,,,,0,0,,,,,,,79644543,2021-08
,,,Opening,2021-08-01,* Beginning balance,10A100040,Allowance for Doubtful Accounts,,,,,0,0,,,,,,,1758018,2021-08
,,,Opening,2021-08-01,* Beginning balance,10A100060,Notes Receivable,,,,,0,0,,,,,,,58115707,2021-08
,,,Opening,2021-08-01,* Beginning balance,10A100090,Accounts Receivable,,,,,0,0,,,,,,,62921534,2021-08
,,,Opening,2021-08-01,* Beginning balance,10A100200,Electronically Recorded Monetary Claims,,,,,0,0,,,,,,,0,2021-08
,,,Opening,2021-08-01,* Beginning balance,10A100230,Securities,,,,,0,0,,,,,,,1271350,2021-08
,,,Opening,2021-08-01,* Beginning balance,10A100280,Merchandise,,,,,0,0,,,,,,,63013226,2021-08
,,,Opening,2021-08-01,* Beginning balance,10A100610,Short-term Loans Receivable,,,,,0,0,,,,,,,320000,2021-08
,,,Opening,2021-08-01,* Beginning balance,10A100800,Guarantee Deposits,,,,,0,0,,,,,,,1200000,2021-08
,,,Opening,2021-08-01,* Beginning balance,10A100850,Temporary Consumption Tax Paid,,,,,0,0,,,,,,,2762581,2021-08
,,,Opening,2021-08-01,* Beginning balance,10A210130,Structures,,,,,0,0,,,,,,,3280000,2021-08
,,,Opening,2021-08-01,* Beginning balance,10A210410,"Tools, Furniture and Fixtures",,,,,0,0,,,,,,,4779810,2021-08
,,,Opening,2021-08-01,* Beginning balance,10A220190,Telephone Subscription Rights,,,,,0,0,,,,,,,512000,2021-08
,,,Opening,2021-08-01,* Beginning balance,10A230570,Insurance Reserve Deposits,,,,,0,0,,,,,,,2028000,2021-08
,,,Opening,2021-08-01,* Beginning balance,10A230650,Security Deposits,,,,,0,0,,,,,,,3140000,2021-08
,,,Opening,2021-08-01,* Beginning balance,10B100030,Notes Payable,,,,,0,0,,,,,,,29245949,2021-08
,,,Opening,2021-08-01,* Beginning balance,10B100040,Accounts Payable,,,,,0,0,,,,,,,49000890,2021-08
,,,Opening,2021-08-01,* Beginning balance,10B100320,Provision for Bonuses,,,,,0,0,,,,,,,1173334,2021-08
,,,Opening,2021-08-01,* Beginning balance,10B100630,Accounts Payable Other,,,,,0,0,,,,,,,7691085,2021-08
,,,Opening,2021-08-01,* Beginning balance,10B100640,Accrued Corporate Taxes,,,,,0,0,,,,,,,0,2021-08
,,,Opening,2021-08-01,* Beginning balance,10B100660,Accrued Consumption Taxes,,,,,0,0,,,,,,,0,2021-08
,,,Opening,2021-08-01,* Beginning balance,10B100670,Accrued Enterprise Taxes,,,,,0,0,,,,,,,0,2021-08
,,,Opening,2021-08-01,* Beginning balance,10B100690,Deposits Received,,,,,0,0,,,,,,,4357479,2021-08
,,,Opening,2021-08-01,* Beginning balance,10B100790,Short-term Borrowings,,,,,0,0,,,,,,,5228000,2021-08
,,,Opening,2021-08-01,* Beginning balance,10B100890,Temporary Consumption Tax Received,,,,,0,0,,,,,,,6540636,2021-08
,,,Opening,2021-08-01,* Beginning balance,10B200080,Long-term Borrowings,,,,,0,0,,,,,,,37343150,2021-08
,,,Opening,2021-08-01,* Beginning balance,10B200120,Provision for Retirement Benefits,,,,,0,0,,,,,,,18560000,2021-08
,,,Opening,2021-08-01,* Beginning balance,10B200130,Provision for Directors' Retirement Benefits,,,,,0,0,,,,,,,22000000,2021-08
,,,Opening,2021-08-01,* Beginning balance,10C110010,Capital Stock,,,,,0,0,,,,,,,10000000,2021-08
,,,Opening,2021-08-01,* Beginning balance,10C120020,Capital Reserve,,,,,0,0,,,,,,,0,2021-08
,,,Opening,2021-08-01,* Beginning balance,10C130020,Legal Retained Earnings,,,,,0,0,,,,,,,7200000,2021-08
,,,Opening,2021-08-01,* Beginning balance,10C130360,General Reserve,,,,,0,0,,,,,,,4830000,2021-08
,,,Opening,2021-08-01,* Beginning balance,10C130370,Retained Earnings Brought Forward,,,,,0,0,,,,,,,82709171,2021-08
,,,Opening,2021-08-01,* Beginning balance,10D100100,Gross Sales,,,,,0,0,,,,,,,242865733,2021-08
,,,Opening,2021-08-01,* Beginning balance,10D100110,Sales Discounts and Returns,,,,,0,0,,,,,,,1267444,2021-08
,,,Opening,2021-08-01,* Beginning balance,10E100100,Beginning Merchandise Inventory,,,,,0,0,,,,,,,0,2021-08
,,,Opening,2021-08-01,* Beginning balance,10E100120,Purchase Discounts and Returns,,,,,0,0,,,,,,,733583,2021-08
,,,Opening,2021-08-01,* Beginning balance,10E100130,Merchandise Purchases,,,,,0,0,,,,,,,147809910,2021-08
,,,Opening,2021-08-01,* Beginning balance,10E100140,Ending Merchandise Inventory,,,,,0,0,,,,,,,0,2021-08
,,,Opening,2021-08-01,* Beginning balance,10E200020,Sales Commissions,,,,,0,0,,,,,,,8945708,2021-08
,,,Opening,2021-08-01,* Beginning balance,10E200050,Advertising Expenses,,,,,0,0,,,,,,,646700,2021-08
,,,Opening,2021-08-01,* Beginning balance,10E200090,Directors' Compensation,,,,,0,0,,,,,,,6880000,2021-08
,,,Opening,2021-08-01,* Beginning balance,10E200130,Bonuses,,,,,0,0,,,,,,,3194334,2021-08
,,,Opening,2021-08-01,* Beginning balance,10E200140,Employee Welfare Expenses,,,,,0,0,,,,,,,1590938,2021-08
,,,Opening,2021-08-01,* Beginning balance,10E200150,Entertainment Expenses,,,,,0,0,,,,,,,1315846,2021-08
,,,Opening,2021-08-01,* Beginning balance,10E200180,Communication Expenses,,,,,0,0,,,,,,,4727650,2021-08
,,,Opening,2021-08-01,* Beginning balance,10E200200,Supplies Expenses,,,,,0,0,,,,,,,1149343,2021-08
,,,Opening,2021-08-01,* Beginning balance,10E200210,Taxes and Dues,,,,,0,0,,,,,,,135000,2021-08
,,,Opening,2021-08-01,* Beginning balance,10E200220,Depreciation Expenses,,,,,0,0,,,,,,,0,2021-08
,,,Opening,2021-08-01,* Beginning balance,10E200240,Insurance Expenses,,,,,0,0,,,,,,,1275280,2021-08
,,,Opening,2021-08-01,* Beginning balance,10E200370,Salaries and Allowances,,,,,0,0,,,,,,,21737607,2021-08
,,,Opening,2021-08-01,* Beginning balance,10E200520,Temporary Wages,,,,,0,0,,,,,,,1272427,2021-08
,,,Opening,2021-08-01,* Beginning balance,10E200540,Statutory Welfare Expenses,,,,,0,0,,,,,,,3442539,2021-08
,,,Opening,2021-08-01,* Beginning balance,10E200600,Professional Fees,,,,,0,0,,,,,,,558840,2021-08
,,,Opening,2021-08-01,* Beginning balance,10E200690,Service Fees,,,,,0,0,,,,,,,47089,2021-08
,,,Opening,2021-08-01,* Beginning balance,10E200720,Rent Expenses,,,,,0,0,,,,,,,13766000,2021-08
,,,Opening,2021-08-01,* Beginning balance,10E200730,Land and Building Rent,,,,,0,0,,,,,,,1175400,2021-08
,,,Opening,2021-08-01,* Beginning balance,10E200870,Freight Expenses,,,,,0,0,,,,,,,14566367,2021-08
,,,Opening,2021-08-01,* Beginning balance,10E201000,Repairs and Maintenance,,,,,0,0,,,,,,,212250,2021-08
,,,Opening,2021-08-01,* Beginning balance,10E201040,Utilities Expenses,,,,,0,0,,,,,,,2385139,2021-08
,,,Opening,2021-08-01,* Beginning balance,10E201110,Office Supplies Expenses,,,,,0,0,,,,,,,539210,2021-08
,,,Opening,2021-08-01,* Beginning balance,10E201120,Vehicle Expenses,,,,,0,0,,,,,,,2273464,2021-08
,,,Opening,2021-08-01,* Beginning balance,10E201130,Meeting Expenses,,,,,0,0,,,,,,,130459,2021-08
,,,Opening,2021-08-01,* Beginning balance,10E201140,Membership Fees,,,,,0,0,,,,,,,464000,2021-08
,,,Opening,2021-08-01,* Beginning balance,10E201160,Books and Publications,,,,,0,0,,,,,,,99928,2021-08
,,,Opening,2021-08-01,* Beginning balance,10E201230,Travel and Transportation Expenses,,,,,0,0,,,,,,,4176847,2021-08
,,,Opening,2021-08-01,* Beginning balance,10E201270,Miscellaneous Expenses,,,,,0,0,,,,,,,1923383,2021-08
,,,Opening,2021-08-01,* Beginning balance,10E300020,Interest Expense,,,,,0,0,,,,,,,539175,2021-08
,,,Opening,2021-08-01,* Beginning balance,10F100070,"Corporate, Inhabitant and Enterprise Taxes",,,,,0,0,,,,,,,0,2021-08
954.0,1.0,102,Debit,2021-08-01,Gift expense Anonymized Store 089,10E200150,Entertainment Expenses,,,040,Osaka Branch,2100,0,10A100020,Cash,,,000,Common Department,1317946,2021-08
954.0,1.0,102,Credit,2021-08-01,Gift expense Anonymized Store 089,10A100020,Cash,,,000,Common Department,0,2100,10E200150,Entertainment Expenses,,,040,Osaka Branch,79642443,2021-08
951.0,1.0,18,Debit,2021-08-01,Travel expense,10E201230,Travel and Transportation Expenses,,,010,Sapporo Sales Office,21000,0,10A100020,Cash,,,000,Common Department,4197847,2021-08
951.0,1.0,18,Credit,2021-08-01,Travel expense,10A100020,Cash,,,000,Common Department,0,21000,10E201230,Travel and Transportation Expenses,,,010,Sapporo Sales Office,79621443,2021-08
952.0,1.0,41,Debit,2021-08-01,Meal expense Anonymized Store 050 3 people,10E200150,Entertainment Expenses,,,020,Tokyo Branch,3510,0,10A100020,Cash,,,000,Common Department,1321456,2021-08
952.0,1.0,41,Credit,2021-08-01,Meal expense Anonymized Store 050 3 people,10A100020,Cash,,,000,Common Department,0,3510,10E200150,Entertainment Expenses,,,020,Tokyo Branch,79617933,2021-08
953.0,1.0,50,Debit,2021-08-01,Expressway toll,10E201120,Vehicle Expenses,,,020,Tokyo Branch,600,0,10A100020,Cash,,,000,Common Department,2274064,2021-08
953.0,1.0,50,Credit,2021-08-01,Expressway toll,10A100020,Cash,,,000,Common Department,0,600,10E201120,Vehicle Expenses,,,020,Tokyo Branch,79617333,2021-08
955.0,1.0,147,Debit,2021-08-02,Gasoline,10E201120,Vehicle Expenses,,,050,Kyushu Sales Office,6648,0,10B100630,Accounts Payable Other,,,000,Common Department,2280712,2021-08
955.0,1.0,147,Credit,2021-08-02,Gasoline,10B100630,Accounts Payable Other,,,000,Common Department,0,6648,10E201120,Vehicle Expenses,,,050,Kyushu Sales Office,7697733,2021-08
958.0,1.0,134,Debit,2021-08-03,Paper,10E201110,Office Supplies Expenses,,,050,Kyushu Sales Office,15780,0,10B100630,Accounts Payable Other,,,000,Common Department,554990,2021-08
958.0,1.0,134,Credit,2021-08-03,Paper,10B100630,Accounts Payable Other,,,000,Common Department,0,15780,10E201110,Office Supplies Expenses,,,050,Kyushu Sales Office,7713513,2021-08
958.0,2.0,134,Debit,2021-08-03,Paper,10E201110,Office Supplies Expenses,,,040,Osaka Branch,16800,0,10B100630,Accounts Payable Other,,,000,Common Department,571790,2021-08
958.0,2.0,134,Credit,2021-08-03,Paper,10B100630,Accounts Payable Other,,,000,Common Department,0,16800,10E201110,Office Supplies Expenses,,,040,Osaka Branch,7730313,2021-08
959.0,1.0,139,Debit,2021-08-03,Employee late-night meal,10E200140,Employee Welfare Expenses,,,040,Osaka Branch,25400,0,10B100630,Accounts Payable Other,,,000,Common Department,1616338,2021-08
959.0,1.0,139,Credit,2021-08-03,Employee late-night meal,10B100630,Accounts Payable Other,,,000,Common Department,0,25400,10E200140,Employee Welfare Expenses,,,040,Osaka Branch,7755713,2021-08
960.0,1.0,142,Debit,2021-08-03,Expressway toll,10E201120,Vehicle Expenses,,,040,Osaka Branch,2458,0,10A100020,Cash,,,000,Common Department,2283170,2021-08
960.0,1.0,142,Credit,2021-08-03,Expressway toll,10A100020,Cash,,,000,Common Department,0,2458,10E201120,Vehicle Expenses,,,040,Osaka Branch,79614875,2021-08
960.0,2.0,142,Debit,2021-08-03,Gasoline,10E201120,Vehicle Expenses,,,040,Osaka Branch,3052,0,10A100020,Cash,,,000,Common Department,2286222,2021-08
960.0,2.0,142,Credit,2021-08-03,Gasoline,10A100020,Cash,,,000,Common Department,0,3052,10E201120,Vehicle Expenses,,,040,Osaka Branch,79611823,2021-08
960.0,3.0,142,Debit,2021-08-03,Expressway toll,10E201120,Vehicle Expenses,,,040,Osaka Branch,1191,0,10A100020,Cash,,,000,Common Department,2287413,2021-08
960.0,3.0,142,Credit,2021-08-03,Expressway toll,10A100020,Cash,,,000,Common Department,0,1191,10E201120,Vehicle Expenses,,,040,Osaka Branch,79610632,2021-08
960.0,4.0,142,Debit,2021-08-03,Expressway toll,10E201120,Vehicle Expenses,,,040,Osaka Branch,8543,0,10A100020,Cash,,,000,Common Department,2295956,2021-08
960.0,4.0,142,Credit,2021-08-03,Expressway toll,10A100020,Cash,,,000,Common Department,0,8543,10E201120,Vehicle Expenses,,,040,Osaka Branch,79602089,2021-08
960.0,5.0,142,Debit,2021-08-03,Expressway toll,10E201120,Vehicle Expenses,,,040,Osaka Branch,4290,0,10A100020,Cash,,,000,Common Department,2300246,2021-08
960.0,5.0,142,Credit,2021-08-03,Expressway toll,10A100020,Cash,,,000,Common Department,0,4290,10E201120,Vehicle Expenses,,,040,Osaka Branch,79597799,2021-08
956.0,1.0,56,Debit,2021-08-03,Travel expense,10E201230,Travel and Transportation Expenses,,,020,Tokyo Branch,15700,0,10A100020,Cash,,,000,Common Department,4213547,2021-08
956.0,1.0,56,Credit,2021-08-03,Travel expense,10A100020,Cash,,,000,Common Department,0,15700,10E201230,Travel and Transportation Expenses,,,020,Tokyo Branch,79582099,2021-08
957.0,1.0,82,Debit,2021-08-03,Gasoline,10E201120,Vehicle Expenses,,,030,Nagoya Branch,18021,0,10B100630,Accounts Payable Other,,,000,Common Department,2318267,2021-08
957.0,1.0,82,Credit,2021-08-03,Gasoline,10B100630,Accounts Payable Other,,,000,Common Department,0,18021,10E201120,Vehicle Expenses,,,030,Nagoya Branch,7773734,2021-08
962.0,1.0,141,Debit,2021-08-04,Anonymized Railway Company A expense,10E201230,Travel and Transportation Expenses,,,040,Osaka Branch,8600,0,10A100020,Cash,,,000,Common Department,4222147,2021-08
962.0,1.0,141,Credit,2021-08-04,Anonymized Railway Company A expense,10A100020,Cash,,,000,Common Department,0,8600,10E201230,Travel and Transportation Expenses,,,040,Osaka Branch,79573499,2021-08
961.0,1.0,42,Debit,2021-08-04,Lunch expense 3 people Anonymized Store 038,10E200150,Entertainment Expenses,,,020,Tokyo Branch,4650,0,10A100020,Cash,,,000,Common Department,1326106,2021-08
961.0,1.0,42,Credit,2021-08-04,Lunch expense 3 people Anonymized Store 038,10A100020,Cash,,,000,Common Department,0,4650,10E200150,Entertainment Expenses,,,020,Tokyo Branch,79568849,2021-08
968.0,1.0,133,Debit,2021-08-05,Tax accountant fee,10E200600,Professional Fees,,,020,Tokyo Branch,139710,0,10A100020,Ordinary Deposits,20,ABC Bank Head Office,000,Common Department,698550,2021-08
968.0,1.0,133,Credit,2021-08-05,Tax accountant fee,10A100020,Ordinary Deposits,20,ABC Bank Head Office,000,Common Department,0,139710,10E200600,Professional Fees,,,020,Tokyo Branch,79429139,2021-08
963.0,1.0,19,Debit,2021-08-05,Travel expense,10E201230,Travel and Transportation Expenses,,,010,Sapporo Sales Office,10500,0,10A100020,Cash,,,000,Common Department,4232647,2021-08
963.0,1.0,19,Credit,2021-08-05,Travel expense,10A100020,Cash,,,000,Common Department,0,10500,10E201230,Travel and Transportation Expenses,,,010,Sapporo Sales Office,79418639,2021-08
964.0,1.0,57,Debit,2021-08-05,Anonymized Railway Company A expense,10E201230,Travel and Transportation Expenses,,,020,Tokyo Branch,89700,0,10A100020,Cash,,,000,Common Department,4322347,2021-08
964.0,1.0,57,Credit,2021-08-05,Anonymized Railway Company A expense,10A100020,Cash,,,000,Common Department,0,89700,10E201230,Travel and Transportation Expenses,,,020,Tokyo Branch,79328939,2021-08
965.0,1.0,84,Debit,2021-08-05,Voucher No. 276 dated 8/5 Anonymized Partner 070,10A100020,Ordinary Deposits,50,MNO Bank Kitakyushu Branch,000,Common Department,1401736,0,10A100090,Accounts Receivable,22,Anonymized Partner 070,000,Common Department,80730675,2021-08
965.0,1.0,84,Credit,2021-08-05,Voucher No. 276 dated 8/5 Anonymized Partner 070,10A100090,Accounts Receivable,22,Anonymized Partner 070,000,Common Department,0,1401736,10A100020,Ordinary Deposits,50,MNO Bank Kitakyushu Branch,000,Common Department,61519798,2021-08
965.0,2.0,84,Debit,2021-08-05,Voucher No. 276 dated 8/5 Anonymized Partner 070,10E200690,Service Fees,,,050,Kyushu Sales Office,472,0,10A100090,Accounts Receivable,22,Anonymized Partner 070,000,Common Department,47561,2021-08
965.0,2.0,84,Credit,2021-08-05,Voucher No. 276 dated 8/5 Anonymized Partner 070,10A100090,Accounts Receivable,22,Anonymized Partner 070,000,Common Department,0,472,10E200690,Service Fees,,,050,Kyushu Sales Office,61519326,2021-08
966.0,1.0,85,Debit,2021-08-05,Voucher No. 277 dated 8/5 Anonymized Partner 082,10A100020,Ordinary Deposits,20,ABC Bank Head Office,000,Common Department,1005992,0,10A100090,Accounts Receivable,26,Anonymized Partner 082,000,Common Department,81736667,2021-08
966.0,1.0,85,Credit,2021-08-05,Voucher No. 277 dated 8/5 Anonymized Partner 082,10A100090,Accounts Receivable,26,Anonymized Partner 082,000,Common Department,0,1005992,10A100020,Ordinary Deposits,20,ABC Bank Head Office,000,Common Department,60513334,2021-08
966.0,2.0,85,Debit,2021-08-05,Voucher No. 277 dated 8/5 Anonymized Partner 082,10E200690,Service Fees,,,020,Tokyo Branch,472,0,10A100090,Accounts Receivable,26,Anonymized Partner 082,000,Common Department,48033,2021-08
966.0,2.0,85,Credit,2021-08-05,Voucher No. 277 dated 8/5 Anonymized Partner 082,10A100090,Accounts Receivable,26,Anonymized Partner 082,000,Common Department,0,472,10E200690,Service Fees,,,020,Tokyo Branch,60512862,2021-08
967.0,1.0,86,Debit,2021-08-05,Voucher No. 278 dated 8/5 Anonymized Partner 025,10A100020,Ordinary Deposits,30,GHI Bank Nagoya Branch,000,Common Department,1184900,0,10A100090,Accounts Receivable,27,Anonymized Partner 025,000,Common Department,82921567,2021-08
967.0,1.0,86,Credit,2021-08-05,Voucher No. 278 dated 8/5 Anonymized Partner 025,10A100090,Accounts Receivable,27,Anonymized Partner 025,000,Common Department,0,1184900,10A100020,Ordinary Deposits,30,GHI Bank Nagoya Branch,000,Common Department,59327962,2021-08
970.0,1.0,106,Debit,2021-08-06,Mid-year gift Anonymized Store 058,10E200150,Entertainment Expenses,,,040,Osaka Branch,36814,0,10A100020,Cash,,,000,Common Department,1362920,2021-08
970.0,1.0,106,Credit,2021-08-06,Mid-year gift Anonymized Store 058,10A100020,Cash,,,000,Common Department,0,36814,10E200150,Entertainment Expenses,,,040,Osaka Branch,82884753,2021-08
970.0,2.0,106,Debit,2021-08-06,Mid-year gift Anonymized Store 089,10E200150,Entertainment Expenses,,,040,Osaka Branch,9750,0,10A100020,Cash,,,000,Common Department,1372670,2021-08
970.0,2.0,106,Credit,2021-08-06,Mid-year gift Anonymized Store 089,10A100020,Cash,,,000,Common Department,0,9750,10E200150,Entertainment Expenses,,,040,Osaka Branch,82875003,2021-08
971.0,1.0,110,Debit,2021-08-06,taxi expense,10E201230,Travel and Transportation Expenses,,,040,Osaka Branch,2290,0,10A100020,Cash,,,000,Common Department,4324637,2021-08
971.0,1.0,110,Credit,2021-08-06,taxi expense,10A100020,Cash,,,000,Common Department,0,2290,10E201230,Travel and Transportation Expenses,,,040,Osaka Branch,82872713,2021-08
972.0,1.0,156,Debit,2021-08-06,Business travel expense,10E201230,Travel and Transportation Expenses,,,050,Kyushu Sales Office,2500,0,10A100020,Cash,,,000,Common Department,4327137,2021-08
972.0,1.0,156,Credit,2021-08-06,Business travel expense,10A100020,Cash,,,000,Common Department,0,2500,10E201230,Travel and Transportation Expenses,,,050,Kyushu Sales Office,82870213,2021-08
969.0,1.0,71,Debit,2021-08-06,golf play expense 2 people,10E200150,Entertainment Expenses,,,010,Sapporo Sales Office,24200,0,10A100020,Cash,,,000,Common Department,1396870,2021-08
969.0,1.0,71,Credit,2021-08-06,golf play expense 2 people,10A100020,Cash,,,000,Common Department,0,24200,10E200150,Entertainment Expenses,,,010,Sapporo Sales Office,82846013,2021-08
973.0,1.0,10,Debit,2021-08-07,Gasoline,10E201120,Vehicle Expenses,,,010,Sapporo Sales Office,4224,0,10A100020,Cash,,,000,Common Department,2322491,2021-08
973.0,1.0,10,Credit,2021-08-07,Gasoline,10A100020,Cash,,,000,Common Department,0,4224,10E201120,Vehicle Expenses,,,010,Sapporo Sales Office,82841789,2021-08
974.0,1.0,21,Debit,2021-08-07,Anonymized Railway Company A expense,10E201230,Travel and Transportation Expenses,,,010,Sapporo Sales Office,69500,0,10A100020,Cash,,,000,Common Department,4396637,2021-08
974.0,1.0,21,Credit,2021-08-07,Anonymized Railway Company A expense,10A100020,Cash,,,000,Common Department,0,69500,10E201230,Travel and Transportation Expenses,,,010,Sapporo Sales Office,82772289,2021-08
975.0,1.0,22,Debit,2021-08-07,Travel expense,10E201230,Travel and Transportation Expenses,,,010,Sapporo Sales Office,50000,0,10A100020,Cash,,,000,Common Department,4446637,2021-08
975.0,1.0,22,Credit,2021-08-07,Travel expense,10A100020,Cash,,,000,Common Department,0,50000,10E201230,Travel and Transportation Expenses,,,010,Sapporo Sales Office,82722289,2021-08
976.0,1.0,58,Debit,2021-08-07,Travel expense,10E201230,Travel and Transportation Expenses,,,020,Tokyo Branch,70000,0,10A100020,Cash,,,000,Common Department,4516637,2021-08
976.0,1.0,58,Credit,2021-08-07,Travel expense,10A100020,Cash,,,000,Common Department,0,70000,10E201230,Travel and Transportation Expenses,,,020,Tokyo Branch,82652289,2021-08
977.0,1.0,149,Debit,2021-08-08,Gift expense Anonymized Store 058,10E200150,Entertainment Expenses,,,030,Nagoya Branch,10500,0,10A100020,Cash,,,000,Common Department,1407370,2021-08
977.0,1.0,149,Credit,2021-08-08,Gift expense Anonymized Store 058,10A100020,Cash,,,000,Common Department,0,10500,10E200150,Entertainment Expenses,,,030,Nagoya Branch,82641789,2021-08
978.0,1.0,150,Debit,2021-08-08,Mid-year gift Anonymized Partner 057,10E200150,Entertainment Expenses,,,050,Kyushu Sales Office,75244,0,10A100020,Cash,,,000,Common Department,1482614,2021-08
978.0,1.0,150,Credit,2021-08-08,Mid-year gift Anonymized Partner 057,10A100020,Cash,,,000,Common Department,0,75244,10E200150,Entertainment Expenses,,,050,Kyushu Sales Office,82566545,2021-08
983.0,1.0,112,Debit,2021-08-09,Telephone expense,10E200180,Communication Expenses,,,040,Osaka Branch,182458,0,10A100020,Ordinary Deposits,40,JKL Bank Umeda Branch,000,Common Department,4910108,2021-08
983.0,1.0,112,Credit,2021-08-09,Telephone expense,10A100020,Ordinary Deposits,40,JKL Bank Umeda Branch,000,Common Department,0,182458,10E200180,Communication Expenses,,,040,Osaka Branch,82384087,2021-08
984.0,1.0,143,Debit,2021-08-09,Inspection service fee,10E201120,Vehicle Expenses,,,040,Osaka Branch,31502,0,10A100020,Cash,,,000,Common Department,2353993,2021-08
984.0,1.0,143,Credit,2021-08-09,Inspection service fee,10A100020,Cash,,,000,Common Department,0,31502,10E201120,Vehicle Expenses,,,040,Osaka Branch,82352585,2021-08
979.0,1.0,20,Debit,2021-08-09,Travel expense,10E201230,Travel and Transportation Expenses,,,010,Sapporo Sales Office,41000,0,10A100020,Cash,,,000,Common Department,4557637,2021-08
979.0,1.0,20,Credit,2021-08-09,Travel expense,10A100020,Cash,,,000,Common Department,0,41000,10E201230,Travel and Transportation Expenses,,,010,Sapporo Sales Office,82311585,2021-08
980.0,1.0,44,Debit,2021-08-09,Gift expense Anonymized Partner 061,10E200150,Entertainment Expenses,,,020,Tokyo Branch,2840,0,10A100020,Cash,,,000,Common Department,1485454,2021-08
980.0,1.0,44,Credit,2021-08-09,Gift expense Anonymized Partner 061,10A100020,Cash,,,000,Common Department,0,2840,10E200150,Entertainment Expenses,,,020,Tokyo Branch,82308745,2021-08
981.0,1.0,46,Debit,2021-08-09,radar detector expense,10E201120,Vehicle Expenses,,,020,Tokyo Branch,3298,0,10A100020,Cash,,,000,Common Department,2357291,2021-08
981.0,1.0,46,Credit,2021-08-09,radar detector expense,10A100020,Cash,,,000,Common Department,0,3298,10E201120,Vehicle Expenses,,,020,Tokyo Branch,82305447,2021-08
981.0,2.0,46,Debit,2021-08-09,Gasoline,10E201120,Vehicle Expenses,,,020,Tokyo Branch,4207,0,10A100020,Cash,,,000,Common Department,2361498,2021-08
981.0,2.0,46,Credit,2021-08-09,Gasoline,10A100020,Cash,,,000,Common Department,0,4207,10E201120,Vehicle Expenses,,,020,Tokyo Branch,82301240,2021-08
982.0,1.0,76,Debit,2021-08-09,Employee late-night meal,10E200140,Employee Welfare Expenses,,,020,Tokyo Branch,35450,0,10B100630,Accounts Payable Other,,,000,Common Department,1651788,2021-08
982.0,1.0,76,Credit,2021-08-09,Employee late-night meal,10B100630,Accounts Payable Other,,,000,Common Department,0,35450,10E200140,Employee Welfare Expenses,,,020,Tokyo Branch,7809184,2021-08
998.0,1.0,129,Debit,2021-08-10,Rent payment,10E200720,Rent Expenses,,,030,Nagoya Branch,399000,0,10A100020,Ordinary Deposits,30,GHI Bank Nagoya Branch,000,Common Department,14165000,2021-08
998.0,1.0,129,Credit,2021-08-10,Rent payment,10A100020,Ordinary Deposits,30,GHI Bank Nagoya Branch,000,Common Department,0,399000,10E200720,Rent Expenses,,,030,Nagoya Branch,81902240,2021-08
999.0,1.0,135,Debit,2021-08-10,Note due date settlement Anonymized Partner 085,10B100030,Notes Payable,,,000,Common Department,1379646,0,10A100020,Checking Deposits,1,ABC Bank,000,Common Department,27866303,2021-08
999.0,1.0,135,Credit,2021-08-10,Note due date settlement Anonymized Partner 085,10A100020,Checking Deposits,1,ABC Bank,000,Common Department,0,1379646,10B100030,Notes Payable,,,000,Common Department,80522594,2021-08
1000.0,1.0,148,Debit,2021-08-10,Gasoline,10E201120,Vehicle Expenses,,,050,Kyushu Sales Office,3942,0,10A100020,Cash,,,000,Common Department,2365440,2021-08
1000.0,1.0,148,Credit,2021-08-10,Gasoline,10A100020,Cash,,,000,Common Department,0,3942,10E201120,Vehicle Expenses,,,050,Kyushu Sales Office,80518652,2021-08
1001.0,1.0,151,Debit,2021-08-10,Meal expense Anonymized Store 003 2 people,10E200150,Entertainment Expenses,,,040,Osaka Branch,2876,0,10A100020,Cash,,,000,Common Department,1488330,2021-08
1001.0,1.0,151,Credit,2021-08-10,Meal expense Anonymized Store 003 2 people,10A100020,Cash,,,000,Common Department,0,2876,10E200150,Entertainment Expenses,,,040,Osaka Branch,80515776,2021-08
1002.0,1.0,152,Debit,2021-08-10,Gift expense Anonymized Store 067,10E200150,Entertainment Expenses,,,050,Kyushu Sales Office,3150,0,10A100020,Cash,,,000,Common Department,1491480,2021-08
1002.0,1.0,152,Credit,2021-08-10,Gift expense Anonymized Store 067,10A100020,Cash,,,000,Common Department,0,3150,10E200150,Entertainment Expenses,,,050,Kyushu Sales Office,80512626,2021-08
1003.0,1.0,162,Debit,2021-08-10,Meeting Meal expense,10E201130,Meeting Expenses,,,020,Tokyo Branch,24995,0,10A100020,Cash,,,000,Common Department,155454,2021-08
1003.0,1.0,162,Credit,2021-08-10,Meeting Meal expense,10A100020,Cash,,,000,Common Department,0,24995,10E201130,Meeting Expenses,,,020,Tokyo Branch,80487631,2021-08
1004.0,1.0,167,Debit,2021-08-10,Rent payment,10E200720,Rent Expenses,,,050,Kyushu Sales Office,630000,0,10A100020,Ordinary Deposits,50,MNO Bank Kitakyushu Branch,000,Common Department,14795000,2021-08
1004.0,1.0,167,Credit,2021-08-10,Rent payment,10A100020,Ordinary Deposits,50,MNO Bank Kitakyushu Branch,000,Common Department,0,630000,10E200720,Rent Expenses,,,050,Kyushu Sales Office,79857631,2021-08
1004.0,2.0,167,Debit,2021-08-10,Telephone expense,10E200180,Communication Expenses,,,050,Kyushu Sales Office,120711,0,10A100020,Ordinary Deposits,50,MNO Bank Kitakyushu Branch,000,Common Department,5030819,2021-08
1004.0,2.0,167,Credit,2021-08-10,Telephone expense,10A100020,Ordinary Deposits,50,MNO Bank Kitakyushu Branch,000,Common Department,0,120711,10E200180,Communication Expenses,,,050,Kyushu Sales Office,79736920,2021-08
1005.0,1.0,168,Debit,2021-08-10,Wired service fee,10E201270,Miscellaneous Expenses,,,050,Kyushu Sales Office,6000,0,10B100630,Accounts Payable Other,,,000,Common Department,1929383,2021-08
1005.0,1.0,168,Credit,2021-08-10,Wired service fee,10B100630,Accounts Payable Other,,,000,Common Department,0,6000,10E201270,Miscellaneous Expenses,,,050,Kyushu Sales Office,7815184,2021-08
1005.0,2.0,168,Debit,2021-08-10,Security fee,10E201270,Miscellaneous Expenses,,,050,Kyushu Sales Office,42858,0,10B100630,Accounts Payable Other,,,000,Common Department,1972241,2021-08
1005.0,2.0,168,Credit,2021-08-10,Security fee,10B100630,Accounts Payable Other,,,000,Common Department,0,42858,10E201270,Miscellaneous Expenses,,,050,Kyushu Sales Office,7858042,2021-08
985.0,1.0,32,Debit,2021-08-10,office supplies expense,10E201110,Office Supplies Expenses,,,010,Sapporo Sales Office,3908,0,10B100630,Accounts Payable Other,,,000,Common Department,575698,2021-08
985.0,1.0,32,Credit,2021-08-10,office supplies expense,10B100630,Accounts Payable Other,,,000,Common Department,0,3908,10E201110,Office Supplies Expenses,,,010,Sapporo Sales Office,7861950,2021-08
986.0,1.0,33,Debit,2021-08-10,Rent payment,10E200720,Rent Expenses,,,010,Sapporo Sales Office,320000,0,10A100020,Ordinary Deposits,10,DEF Bank Station Branch,000,Common Department,15115000,2021-08
986.0,1.0,33,Credit,2021-08-10,Rent payment,10A100020,Ordinary Deposits,10,DEF Bank Station Branch,000,Common Department,0,320000,10E200720,Rent Expenses,,,010,Sapporo Sales Office,79416920,2021-08
986.0,2.0,33,Debit,2021-08-10,Telephone expense,10E200180,Communication Expenses,,,010,Sapporo Sales Office,128650,0,10A100020,Ordinary Deposits,10,DEF Bank Station Branch,000,Common Department,5159469,2021-08
986.0,2.0,33,Credit,2021-08-10,Telephone expense,10A100020,Ordinary Deposits,10,DEF Bank Station Branch,000,Common Department,0,128650,10E200180,Communication Expenses,,,010,Sapporo Sales Office,79288270,2021-08
987.0,1.0,64,Debit,2021-08-10,Withholding Tax payment,10B100690,Deposits Received,3,Withholding Tax,000,Common Department,253253,0,10A100020,Ordinary Deposits,20,ABC Bank Head Office,000,Common Department,4104226,2021-08
987.0,1.0,64,Credit,2021-08-10,Withholding Tax payment,10A100020,Ordinary Deposits,20,ABC Bank Head Office,000,Common Department,0,253253,10B100690,Deposits Received,3,Withholding Tax,000,Common Department,79035017,2021-08
987.0,2.0,64,Debit,2021-08-10,Resident Tax payment,10B100690,Deposits Received,2,Resident Tax,000,Common Department,449500,0,10A100020,Ordinary Deposits,20,ABC Bank Head Office,000,Common Department,3654726,2021-08
987.0,2.0,64,Credit,2021-08-10,Resident Tax payment,10A100020,Ordinary Deposits,20,ABC Bank Head Office,000,Common Department,0,449500,10B100690,Deposits Received,2,Resident Tax,000,Common Department,78585517,2021-08
988.0,1.0,66,Debit,2021-08-10,Wired service fee,10E201270,Miscellaneous Expenses,,,010,Sapporo Sales Office,5000,0,10B100630,Accounts Payable Other,,,000,Common Department,1977241,2021-08
988.0,1.0,66,Credit,2021-08-10,Wired service fee,10B100630,Accounts Payable Other,,,000,Common Department,0,5000,10E201270,Miscellaneous Expenses,,,010,Sapporo Sales Office,7866950,2021-08
988.0,2.0,66,Debit,2021-08-10,Security fee,10E201270,Miscellaneous Expenses,,,010,Sapporo Sales Office,34286,0,10B100630,Accounts Payable Other,,,000,Common Department,2011527,2021-08
988.0,2.0,66,Credit,2021-08-10,Security fee,10B100630,Accounts Payable Other,,,000,Common Department,0,34286,10E201270,Miscellaneous Expenses,,,010,Sapporo Sales Office,7901236,2021-08
988.0,3.0,66,Debit,2021-08-10,Rent payment,10E200720,Rent Expenses,,,040,Osaka Branch,840000,0,10A100020,Ordinary Deposits,40,JKL Bank Umeda Branch,000,Common Department,15955000,2021-08
988.0,3.0,66,Credit,2021-08-10,Rent payment,10A100020,Ordinary Deposits,40,JKL Bank Umeda Branch,000,Common Department,0,840000,10E200720,Rent Expenses,,,040,Osaka Branch,77745517,2021-08
989.0,1.0,77,Debit,2021-08-10,Travel expense,10E201230,Travel and Transportation Expenses,,,030,Nagoya Branch,15000,0,10A100020,Cash,,,000,Common Department,4572637,2021-08
989.0,1.0,77,Credit,2021-08-10,Travel expense,10A100020,Cash,,,000,Common Department,0,15000,10E201230,Travel and Transportation Expenses,,,030,Nagoya Branch,77730517,2021-08
990.0,1.0,79,Debit,2021-08-10,Prize expense,10E200140,Employee Welfare Expenses,,,030,Nagoya Branch,29875,0,10A100020,Cash,,,000,Common Department,1681663,2021-08
990.0,1.0,79,Credit,2021-08-10,Prize expense,10A100020,Cash,,,000,Common Department,0,29875,10E200140,Employee Welfare Expenses,,,030,Nagoya Branch,77700642,2021-08
991.0,1.0,87,Debit,2021-08-10,Voucher No. 279 dated 8/10 Anonymized Partner 045,10A100020,Ordinary Deposits,30,GHI Bank Nagoya Branch,000,Common Department,377760,0,10A100090,Accounts Receivable,19,Anonymized Partner 045,000,Common Department,78078402,2021-08
991.0,1.0,87,Credit,2021-08-10,Voucher No. 279 dated 8/10 Anonymized Partner 045,10A100090,Accounts Receivable,19,Anonymized Partner 045,000,Common Department,0,377760,10A100020,Ordinary Deposits,30,GHI Bank Nagoya Branch,000,Common Department,58950202,2021-08
991.0,2.0,87,Debit,2021-08-10,Voucher No. 279 dated 8/10 Anonymized Partner 045,10E200690,Service Fees,,,030,Nagoya Branch,735,0,10A100090,Accounts Receivable,19,Anonymized Partner 045,000,Common Department,48768,2021-08
991.0,2.0,87,Credit,2021-08-10,Voucher No. 279 dated 8/10 Anonymized Partner 045,10A100090,Accounts Receivable,19,Anonymized Partner 045,000,Common Department,0,735,10E200690,Service Fees,,,030,Nagoya Branch,58949467,2021-08
992.0,1.0,88,Debit,2021-08-10,Voucher No. 280 dated 8/10 Anonymized Partner 072 | Sales voucher=20210731-116;Note number=R20210810-88-28,10A100060,Notes Receivable,,,000,Common Department,6131174,0,10A100090,Accounts Receivable,28,Anonymized Partner 072,000,Common Department,64246881,2021-08
992.0,1.0,88,Credit,2021-08-10,Voucher No. 280 dated 8/10 Anonymized Partner 072 | Sales voucher=20210731-116;Note number=R20210810-88-28,10A100090,Accounts Receivable,28,Anonymized Partner 072,000,Common Department,0,6131174,10A100060,Notes Receivable,,,000,Common Department,52818293,2021-08
993.0,1.0,89,Debit,2021-08-10,Voucher No. 476 dated 8/10 Anonymized Partner 085,10B100040,Accounts Payable,3,Anonymized Partner 085,000,Common Department,588672,0,10A100090,Accounts Receivable,3,Anonymized Partner 085,000,Common Department,48412218,2021-08
993.0,1.0,89,Credit,2021-08-10,Voucher No. 476 dated 8/10 Anonymized Partner 085,10A100090,Accounts Receivable,3,Anonymized Partner 085,000,Common Department,0,588672,10B100040,Accounts Payable,3,Anonymized Partner 085,000,Common Department,52229621,2021-08
994.0,1.0,90,Debit,2021-08-10,Voucher No. 498 dated 8/10 Anonymized Partner 066 Tokyo Head Office,10A100020,Ordinary Deposits,20,ABC Bank Head Office,000,Common Department,7026572,0,10A100090,Accounts Receivable,14,Anonymized Partner 066,000,Common Department,85104974,2021-08
994.0,1.0,90,Credit,2021-08-10,Voucher No. 498 dated 8/10 Anonymized Partner 066 Tokyo Head Office,10A100090,Accounts Receivable,14,Anonymized Partner 066,000,Common Department,0,7026572,10A100020,Ordinary Deposits,20,ABC Bank Head Office,000,Common Department,45203049,2021-08
994.0,2.0,90,Debit,2021-08-10,Voucher No. 498 dated 8/10 Anonymized Partner 066 Tokyo Head Office,10E200690,Service Fees,,,020,Tokyo Branch,840,0,10A100090,Accounts Receivable,14,Anonymized Partner 066,000,Common Department,49608,2021-08
994.0,2.0,90,Credit,2021-08-10,Voucher No. 498 dated 8/10 Anonymized Partner 066 Tokyo Head Office,10A100090,Accounts Receivable,14,Anonymized Partner 066,000,Common Department,0,840,10E200690,Service Fees,,,020,Tokyo Branch,45202209,2021-08
995.0,1.0,91,Debit,2021-08-10,Voucher No. 186 dated 8/10 Anonymized Partner 085,10B100040,Accounts Payable,3,Anonymized Partner 085,000,Common Department,2593447,0,10B100030,Notes Payable,,,000,Common Department,45818771,2021-08
995.0,1.0,91,Credit,2021-08-10,Voucher No. 186 dated 8/10 Anonymized Partner 085,10B100030,Notes Payable,,,000,Common Department,0,2593447,10B100040,Accounts Payable,3,Anonymized Partner 085,000,Common Department,30459750,2021-08
996.0,1.0,92,Debit,2021-08-10,Voucher No. 188 dated 8/10 Anonymized Partner 063,10B100040,Accounts Payable,8,Anonymized Partner 063,000,Common Department,390196,0,10A100020,Ordinary Deposits,20,ABC Bank Head Office,000,Common Department,45428575,2021-08
996.0,1.0,92,Credit,2021-08-10,Voucher No. 188 dated 8/10 Anonymized Partner 063,10A100020,Ordinary Deposits,20,ABC Bank Head Office,000,Common Department,0,390196,10B100040,Accounts Payable,8,Anonymized Partner 063,000,Common Department,84714778,2021-08
997.0,1.0,95,Debit,2021-08-10,Rent payment,10E200720,Rent Expenses,,,020,Tokyo Branch,1260000,0,10A100020,Ordinary Deposits,20,ABC Bank Head Office,000,Common Department,17215000,2021-08
997.0,1.0,95,Credit,2021-08-10,Rent payment,10A100020,Ordinary Deposits,20,ABC Bank Head Office,000,Common Department,0,1260000,10E200720,Rent Expenses,,,020,Tokyo Branch,83454778,2021-08
1010.0,1.0,144,Debit,2021-08-11,Gasoline,10E201120,Vehicle Expenses,,,040,Osaka Branch,3294,0,10A100020,Cash,,,000,Common Department,2368734,2021-08
1010.0,1.0,144,Credit,2021-08-11,Gasoline,10A100020,Cash,,,000,Common Department,0,3294,10E201120,Vehicle Expenses,,,040,Osaka Branch,83451484,2021-08
1010.0,2.0,144,Debit,2021-08-11,Gasoline,10E201120,Vehicle Expenses,,,040,Osaka Branch,6195,0,10A100020,Cash,,,000,Common Department,2374929,2021-08
1010.0,2.0,144,Credit,2021-08-11,Gasoline,10A100020,Cash,,,000,Common Department,0,6195,10E201120,Vehicle Expenses,,,040,Osaka Branch,83445289,2021-08
1010.0,3.0,144,Debit,2021-08-11,Car wash expense,10E201120,Vehicle Expenses,,,040,Osaka Branch,1905,0,10A100020,Cash,,,000,Common Department,2376834,2021-08
1010.0,3.0,144,Credit,2021-08-11,Car wash expense,10A100020,Cash,,,000,Common Department,0,1905,10E201120,Vehicle Expenses,,,040,Osaka Branch,83443384,2021-08
1011.0,1.0,165,Debit,2021-08-11,tissues and others,10E201270,Miscellaneous Expenses,,,050,Kyushu Sales Office,780,0,10A100020,Cash,,,000,Common Department,2012307,2021-08
1011.0,1.0,165,Credit,2021-08-11,tissues and others,10A100020,Cash,,,000,Common Department,0,780,10E201270,Miscellaneous Expenses,,,050,Kyushu Sales Office,83442604,2021-08
1007.0,1.0,60,Debit,2021-08-11,Withdrawal,10A100020,Cash,,,000,Common Department,1500000,0,10A100020,Checking Deposits,1,ABC Bank,000,Common Department,84942604,2021-08
1007.0,1.0,60,Credit,2021-08-11,Withdrawal,10A100020,Checking Deposits,1,ABC Bank,000,Common Department,0,1500000,10A100020,Cash,,,000,Common Department,83442604,2021-08
1006.0,1.0,7,Debit,2021-08-11,Lunch expense Anonymized Store 041 3 people,10E200150,Entertainment Expenses,,,010,Sapporo Sales Office,8140,0,10A100020,Cash,,,000,Common Department,1499620,2021-08
1006.0,1.0,7,Credit,2021-08-11,Lunch expense Anonymized Store 041 3 people,10A100020,Cash,,,000,Common Department,0,8140,10E200150,Entertainment Expenses,,,010,Sapporo Sales Office,83434464,2021-08
1008.0,1.0,78,Debit,2021-08-11,Anonymized Railway Company A expense,10E201230,Travel and Transportation Expenses,,,030,Nagoya Branch,8200,0,10A100020,Cash,,,000,Common Department,4580837,2021-08
1008.0,1.0,78,Credit,2021-08-11,Anonymized Railway Company A expense,10A100020,Cash,,,000,Common Department,0,8200,10E201230,Travel and Transportation Expenses,,,030,Nagoya Branch,83426264,2021-08
1009.0,1.0,85,Debit,2021-08-11,Telephone expense,10E200180,Communication Expenses,,,030,Nagoya Branch,88468,0,10A100020,Ordinary Deposits,30,GHI Bank Nagoya Branch,000,Common Department,5247937,2021-08
1009.0,1.0,85,Credit,2021-08-11,Telephone expense,10A100020,Ordinary Deposits,30,GHI Bank Nagoya Branch,000,Common Department,0,88468,10E200180,Communication Expenses,,,030,Nagoya Branch,83337796,2021-08
1012.0,1.0,153,Debit,2021-08-12,Meal expense Anonymized Store 040 2 people,10E200150,Entertainment Expenses,,,030,Nagoya Branch,3430,0,10A100020,Cash,,,000,Common Department,1503050,2021-08
1012.0,1.0,153,Credit,2021-08-12,Meal expense Anonymized Store 040 2 people,10A100020,Cash,,,000,Common Department,0,3430,10E200150,Entertainment Expenses,,,030,Nagoya Branch,83334366,2021-08
1013.0,1.0,11,Debit,2021-08-13,Gasoline,10E201120,Vehicle Expenses,,,010,Sapporo Sales Office,3210,0,10A100020,Cash,,,000,Common Department,2380044,2021-08
1013.0,1.0,11,Credit,2021-08-13,Gasoline,10A100020,Cash,,,000,Common Department,0,3210,10E201120,Vehicle Expenses,,,010,Sapporo Sales Office,83331156,2021-08
1014.0,1.0,158,Debit,2021-08-13,Business travel expense,10E201230,Travel and Transportation Expenses,,,040,Osaka Branch,8900,0,10A100020,Cash,,,000,Common Department,4589737,2021-08
1014.0,1.0,158,Credit,2021-08-13,Business travel expense,10A100020,Cash,,,000,Common Department,0,8900,10E201230,Travel and Transportation Expenses,,,040,Osaka Branch,83322256,2021-08
1015.0,1.0,61,Debit,2021-08-14,Telephone expense,10E200180,Communication Expenses,,,020,Tokyo Branch,146592,0,10A100020,Ordinary Deposits,20,ABC Bank Head Office,000,Common Department,5394529,2021-08
1015.0,1.0,61,Credit,2021-08-14,Telephone expense,10A100020,Ordinary Deposits,20,ABC Bank Head Office,000,Common Department,0,146592,10E200180,Communication Expenses,,,020,Tokyo Branch,83175664,2021-08
1026.0,1.0,130,Debit,2021-08-15,Membership fee,10E201140,Membership Fees,,,040,Osaka Branch,24000,0,10A100020,Ordinary Deposits,40,JKL Bank Umeda Branch,000,Common Department,488000,2021-08
1026.0,1.0,130,Credit,2021-08-15,Membership fee,10A100020,Ordinary Deposits,40,JKL Bank Umeda Branch,000,Common Department,0,24000,10E201140,Membership Fees,,,040,Osaka Branch,83151664,2021-08
1016.0,1.0,4,Debit,2021-08-15,Advertising expense,10E200050,Advertising Expenses,,,010,Sapporo Sales Office,31500,0,10B100630,Accounts Payable Other,,,000,Common Department,678200,2021-08
1016.0,1.0,4,Credit,2021-08-15,Advertising expense,10B100630,Accounts Payable Other,,,000,Common Department,0,31500,10E200050,Advertising Expenses,,,010,Sapporo Sales Office,7932736,2021-08
1017.0,1.0,59,Debit,2021-08-15,Travel expense,10E201230,Travel and Transportation Expenses,,,020,Tokyo Branch,26000,0,10A100020,Cash,,,000,Common Department,4615737,2021-08
1017.0,1.0,59,Credit,2021-08-15,Travel expense,10A100020,Cash,,,000,Common Department,0,26000,10E201230,Travel and Transportation Expenses,,,020,Tokyo Branch,83125664,2021-08
1018.0,1.0,81,Debit,2021-08-15,Month 8 Payroll Other 0060 Part-time Staff,10E200520,Temporary Wages,,,020,Tokyo Branch,508535,0,10A100020,Cash,,,000,Common Department,1780962,2021-08
1018.0,1.0,81,Credit,2021-08-15,Month 8 Payroll Other 0060 Part-time Staff,10A100020,Cash,,,000,Common Department,0,508535,10E200520,Temporary Wages,,,020,Tokyo Branch,82617129,2021-08
1018.0,2.0,81,Debit,2021-08-15,Month 8 Payroll Other 0060 Part-time Staff,10E200520,Temporary Wages,,,020,Tokyo Branch,6960,0,10B100690,Deposits Received,3,Withholding Tax,000,Common Department,1787922,2021-08
1018.0,2.0,81,Credit,2021-08-15,Month 8 Payroll Other 0060 Part-time Staff,10B100690,Deposits Received,3,Withholding Tax,000,Common Department,0,6960,10E200520,Temporary Wages,,,020,Tokyo Branch,3661686,2021-08
1018.0,3.0,81,Debit,2021-08-15,Month 8 Payroll Other 0060 Part-time Staff,10E200520,Temporary Wages,,,020,Tokyo Branch,13975,0,10B100690,Deposits Received,9,Other,000,Common Department,1801897,2021-08
1018.0,3.0,81,Credit,2021-08-15,Month 8 Payroll Other 0060 Part-time Staff,10B100690,Deposits Received,9,Other,000,Common Department,0,13975,10E200520,Temporary Wages,,,020,Tokyo Branch,3675661,2021-08
1019.0,1.0,93,Debit,2021-08-15,Voucher No. 281 dated 8/15 Anonymized Partner 068,10A100020,Ordinary Deposits,50,MNO Bank Kitakyushu Branch,000,Common Department,1368692,0,10A100090,Accounts Receivable,1,Anonymized Partner 068,000,Common Department,83985821,2021-08
1019.0,1.0,93,Credit,2021-08-15,Voucher No. 281 dated 8/15 Anonymized Partner 068,10A100090,Accounts Receivable,1,Anonymized Partner 068,000,Common Department,0,1368692,10A100020,Ordinary Deposits,50,MNO Bank Kitakyushu Branch,000,Common Department,43833517,2021-08
1019.0,2.0,93,Debit,2021-08-15,Voucher No. 281 dated 8/15 Anonymized Partner 068,10E200690,Service Fees,,,050,Kyushu Sales Office,840,0,10A100090,Accounts Receivable,1,Anonymized Partner 068,000,Common Department,50448,2021-08
1019.0,2.0,93,Credit,2021-08-15,Voucher No. 281 dated 8/15 Anonymized Partner 068,10A100090,Accounts Receivable,1,Anonymized Partner 068,000,Common Department,0,840,10E200690,Service Fees,,,050,Kyushu Sales Office,43832677,2021-08
1020.0,1.0,94,Debit,2021-08-15,Voucher No. 282 dated 8/15 Anonymized Partner 061,10A100020,Ordinary Deposits,30,GHI Bank Nagoya Branch,000,Common Department,910371,0,10A100090,Accounts Receivable,6,Anonymized Partner 061,000,Common Department,84896192,2021-08
1020.0,1.0,94,Credit,2021-08-15,Voucher No. 282 dated 8/15 Anonymized Partner 061,10A100090,Accounts Receivable,6,Anonymized Partner 061,000,Common Department,0,910371,10A100020,Ordinary Deposits,30,GHI Bank Nagoya Branch,000,Common Department,42922306,2021-08
1020.0,2.0,94,Debit,2021-08-15,Voucher No. 282 dated 8/15 Anonymized Partner 061,10E200690,Service Fees,,,030,Nagoya Branch,840,0,10A100090,Accounts Receivable,6,Anonymized Partner 061,000,Common Department,51288,2021-08
1020.0,2.0,94,Credit,2021-08-15,Voucher No. 282 dated 8/15 Anonymized Partner 061,10A100090,Accounts Receivable,6,Anonymized Partner 061,000,Common Department,0,840,10E200690,Service Fees,,,030,Nagoya Branch,42921466,2021-08
1021.0,1.0,95,Debit,2021-08-15,Voucher No. 283 dated 8/15 Anonymized Partner 073,10A100020,Ordinary Deposits,40,JKL Bank Umeda Branch,000,Common Department,559590,0,10A100090,Accounts Receivable,8,Anonymized Partner 073,000,Common Department,85455782,2021-08
1021.0,1.0,95,Credit,2021-08-15,Voucher No. 283 dated 8/15 Anonymized Partner 073,10A100090,Accounts Receivable,8,Anonymized Partner 073,000,Common Department,0,559590,10A100020,Ordinary Deposits,40,JKL Bank Umeda Branch,000,Common Department,42361876,2021-08
1021.0,2.0,95,Debit,2021-08-15,Voucher No. 283 dated 8/15 Anonymized Partner 073,10E200690,Service Fees,,,040,Osaka Branch,840,0,10A100090,Accounts Receivable,8,Anonymized Partner 073,000,Common Department,52128,2021-08
1021.0,2.0,95,Credit,2021-08-15,Voucher No. 283 dated 8/15 Anonymized Partner 073,10A100090,Accounts Receivable,8,Anonymized Partner 073,000,Common Department,0,840,10E200690,Service Fees,,,040,Osaka Branch,42361036,2021-08
1022.0,1.0,96,Debit,2021-08-15,Voucher No. 284 dated 8/15 Anonymized Partner 026,10A100020,Ordinary Deposits,40,JKL Bank Umeda Branch,000,Common Department,1012640,0,10A100090,Accounts Receivable,9,Anonymized Partner 026,000,Common Department,86468422,2021-08
1022.0,1.0,96,Credit,2021-08-15,Voucher No. 284 dated 8/15 Anonymized Partner 026,10A100090,Accounts Receivable,9,Anonymized Partner 026,000,Common Department,0,1012640,10A100020,Ordinary Deposits,40,JKL Bank Umeda Branch,000,Common Department,41348396,2021-08
1022.0,2.0,96,Debit,2021-08-15,Voucher No. 284 dated 8/15 Anonymized Partner 026,10E200690,Service Fees,,,040,Osaka Branch,840,0,10A100090,Accounts Receivable,9,Anonymized Partner 026,000,Common Department,52968,2021-08
1022.0,2.0,96,Credit,2021-08-15,Voucher No. 284 dated 8/15 Anonymized Partner 026,10A100090,Accounts Receivable,9,Anonymized Partner 026,000,Common Department,0,840,10E200690,Service Fees,,,040,Osaka Branch,41347556,2021-08
1023.0,1.0,97,Debit,2021-08-15,Voucher No. 285 dated 8/15 Anonymized Partner 023,10A100020,Ordinary Deposits,20,ABC Bank Head Office,000,Common Department,862193,0,10A100090,Accounts Receivable,13,Anonymized Partner 023,000,Common Department,87330615,2021-08
1023.0,1.0,97,Credit,2021-08-15,Voucher No. 285 dated 8/15 Anonymized Partner 023,10A100090,Accounts Receivable,13,Anonymized Partner 023,000,Common Department,0,862193,10A100020,Ordinary Deposits,20,ABC Bank Head Office,000,Common Department,40485363,2021-08
1024.0,1.0,98,Debit,2021-08-15,Voucher No. 286 dated 8/15 Anonymized Partner 079,10A100020,Ordinary Deposits,40,JKL Bank Umeda Branch,000,Common Department,942045,0,10A100090,Accounts Receivable,20,Anonymized Partner 079,000,Common Department,88272660,2021-08
1024.0,1.0,98,Credit,2021-08-15,Voucher No. 286 dated 8/15 Anonymized Partner 079,10A100090,Accounts Receivable,20,Anonymized Partner 079,000,Common Department,0,942045,10A100020,Ordinary Deposits,40,JKL Bank Umeda Branch,000,Common Department,39543318,2021-08
1024.0,2.0,98,Debit,2021-08-15,Voucher No. 286 dated 8/15 Anonymized Partner 079,10E200690,Service Fees,,,040,Osaka Branch,315,0,10A100090,Accounts Receivable,20,Anonymized Partner 079,000,Common Department,53283,2021-08
1024.0,2.0,98,Credit,2021-08-15,Voucher No. 286 dated 8/15 Anonymized Partner 079,10A100090,Accounts Receivable,20,Anonymized Partner 079,000,Common Department,0,315,10E200690,Service Fees,,,040,Osaka Branch,39543003,2021-08
1025.0,1.0,99,Debit,2021-08-15,Voucher No. 198 dated 8/15 Anonymized Partner 043,10B100040,Accounts Payable,1,Anonymized Partner 043,000,Common Department,5813524,0,10A100020,Ordinary Deposits,20,ABC Bank Head Office,000,Common Department,39615051,2021-08
1025.0,1.0,99,Credit,2021-08-15,Voucher No. 198 dated 8/15 Anonymized Partner 043,10A100020,Ordinary Deposits,20,ABC Bank Head Office,000,Common Department,0,5813524,10B100040,Accounts Payable,1,Anonymized Partner 043,000,Common Department,82459136,2021-08
1027.0,1.0,12,Debit,2021-08-16,Gasoline,10E201120,Vehicle Expenses,,,010,Sapporo Sales Office,4456,0,10A100020,Cash,,,000,Common Department,2384500,2021-08
1027.0,1.0,12,Credit,2021-08-16,Gasoline,10A100020,Cash,,,000,Common Department,0,4456,10E201120,Vehicle Expenses,,,010,Sapporo Sales Office,82454680,2021-08
1027.0,2.0,12,Debit,2021-08-16,Expressway toll,10E201120,Vehicle Expenses,,,010,Sapporo Sales Office,2313,0,10A100020,Cash,,,000,Common Department,2386813,2021-08
1027.0,2.0,12,Credit,2021-08-16,Expressway toll,10A100020,Cash,,,000,Common Department,0,2313,10E201120,Vehicle Expenses,,,010,Sapporo Sales Office,82452367,2021-08
1027.0,3.0,12,Debit,2021-08-16,Windshield washer fluid,10E201120,Vehicle Expenses,,,010,Sapporo Sales Office,300,0,10A100020,Cash,,,000,Common Department,2387113,2021-08
1027.0,3.0,12,Credit,2021-08-16,Windshield washer fluid,10A100020,Cash,,,000,Common Department,0,300,10E201120,Vehicle Expenses,,,010,Sapporo Sales Office,82452067,2021-08
1030.0,1.0,136,Debit,2021-08-16,Anonymized Cleaning Company A expense,10E201270,Miscellaneous Expenses,,,040,Osaka Branch,16500,0,10A100020,Cash,,,000,Common Department,2028807,2021-08
1030.0,1.0,136,Credit,2021-08-16,Anonymized Cleaning Company A expense,10A100020,Cash,,,000,Common Department,0,16500,10E201270,Miscellaneous Expenses,,,040,Osaka Branch,82435567,2021-08
1028.0,1.0,51,Debit,2021-08-16,Expressway toll,10E201120,Vehicle Expenses,,,020,Tokyo Branch,3362,0,10A100020,Cash,,,000,Common Department,2390475,2021-08
1028.0,1.0,51,Credit,2021-08-16,Expressway toll,10A100020,Cash,,,000,Common Department,0,3362,10E201120,Vehicle Expenses,,,020,Tokyo Branch,82432205,2021-08
1028.0,2.0,51,Debit,2021-08-16,Gasoline,10E201120,Vehicle Expenses,,,020,Tokyo Branch,4412,0,10A100020,Cash,,,000,Common Department,2394887,2021-08
1028.0,2.0,51,Credit,2021-08-16,Gasoline,10A100020,Cash,,,000,Common Department,0,4412,10E201120,Vehicle Expenses,,,020,Tokyo Branch,82427793,2021-08
1028.0,3.0,51,Debit,2021-08-16,Parking fee,10E201120,Vehicle Expenses,,,020,Tokyo Branch,1762,0,10A100020,Cash,,,000,Common Department,2396649,2021-08
1028.0,3.0,51,Credit,2021-08-16,Parking fee,10A100020,Cash,,,000,Common Department,0,1762,10E201120,Vehicle Expenses,,,020,Tokyo Branch,82426031,2021-08
1029.0,1.0,74,Debit,2021-08-16,Meal expense Anonymized Store 009,10E200150,Entertainment Expenses,,,020,Tokyo Branch,9350,0,10A100020,Cash,,,000,Common Department,1512400,2021-08
1029.0,1.0,74,Credit,2021-08-16,Meal expense Anonymized Store 009,10A100020,Cash,,,000,Common Department,0,9350,10E200150,Entertainment Expenses,,,020,Tokyo Branch,82416681,2021-08
1032.0,1.0,117,Debit,2021-08-17,Membership fee,10E201140,Membership Fees,,,040,Osaka Branch,20000,0,10A100020,Cash,,,000,Common Department,508000,2021-08
1032.0,1.0,117,Credit,2021-08-17,Membership fee,10A100020,Cash,,,000,Common Department,0,20000,10E201140,Membership Fees,,,040,Osaka Branch,82396681,2021-08
1033.0,1.0,154,Debit,2021-08-17,Condolence gift,10E200150,Entertainment Expenses,,,050,Kyushu Sales Office,10000,0,10B100630,Accounts Payable Other,,,000,Common Department,1522400,2021-08
1033.0,1.0,154,Credit,2021-08-17,Condolence gift,10B100630,Accounts Payable Other,,,000,Common Department,0,10000,10E200150,Entertainment Expenses,,,050,Kyushu Sales Office,7942736,2021-08
1034.0,1.0,159,Debit,2021-08-17,taxi expense,10E201230,Travel and Transportation Expenses,,,050,Kyushu Sales Office,11020,0,10A100020,Cash,,,000,Common Department,4626757,2021-08
1034.0,1.0,159,Credit,2021-08-17,taxi expense,10A100020,Cash,,,000,Common Department,0,11020,10E201230,Travel and Transportation Expenses,,,050,Kyushu Sales Office,82385661,2021-08
1031.0,1.0,52,Debit,2021-08-17,Gasoline,10E201120,Vehicle Expenses,,,020,Tokyo Branch,3800,0,10A100020,Cash,,,000,Common Department,2400449,2021-08
1031.0,1.0,52,Credit,2021-08-17,Gasoline,10A100020,Cash,,,000,Common Department,0,3800,10E201120,Vehicle Expenses,,,020,Tokyo Branch,82381861,2021-08
1036.0,1.0,103,Debit,2021-08-18,Gift expense Anonymized Partner 057,10E200150,Entertainment Expenses,,,040,Osaka Branch,3150,0,10A100020,Cash,,,000,Common Department,1525550,2021-08
1036.0,1.0,103,Credit,2021-08-18,Gift expense Anonymized Partner 057,10A100020,Cash,,,000,Common Department,0,3150,10E200150,Entertainment Expenses,,,040,Osaka Branch,82378711,2021-08
1035.0,1.0,23,Debit,2021-08-18,Travel expense,10E201230,Travel and Transportation Expenses,,,010,Sapporo Sales Office,26229,0,10A100020,Cash,,,000,Common Department,4652986,2021-08
1035.0,1.0,23,Credit,2021-08-18,Travel expense,10A100020,Cash,,,000,Common Department,0,26229,10E201230,Travel and Transportation Expenses,,,010,Sapporo Sales Office,82352482,2021-08
1035.0,2.0,23,Debit,2021-08-18,Travel expense,10E201230,Travel and Transportation Expenses,,,010,Sapporo Sales Office,33720,0,10A100020,Cash,,,000,Common Department,4686706,2021-08
1035.0,2.0,23,Credit,2021-08-18,Travel expense,10A100020,Cash,,,000,Common Department,0,33720,10E201230,Travel and Transportation Expenses,,,010,Sapporo Sales Office,82318762,2021-08
1035.0,3.0,23,Debit,2021-08-18,Travel expense,10E201230,Travel and Transportation Expenses,,,010,Sapporo Sales Office,39639,0,10A100020,Cash,,,000,Common Department,4726345,2021-08
1035.0,3.0,23,Credit,2021-08-18,Travel expense,10A100020,Cash,,,000,Common Department,0,39639,10E201230,Travel and Transportation Expenses,,,010,Sapporo Sales Office,82279123,2021-08
1040.0,1.0,164,Debit,2021-08-19,office supplies,10E201110,Office Supplies Expenses,,,050,Kyushu Sales Office,2150,0,10A100020,Cash,,,000,Common Department,577848,2021-08
1040.0,1.0,164,Credit,2021-08-19,office supplies,10A100020,Cash,,,000,Common Department,0,2150,10E201110,Office Supplies Expenses,,,050,Kyushu Sales Office,82276973,2021-08
1037.0,1.0,47,Debit,2021-08-19,Parking fee,10E201120,Vehicle Expenses,,,020,Tokyo Branch,850,0,10A100020,Cash,,,000,Common Department,2401299,2021-08
1037.0,1.0,47,Credit,2021-08-19,Parking fee,10A100020,Cash,,,000,Common Department,0,850,10E201120,Vehicle Expenses,,,020,Tokyo Branch,82276123,2021-08
1038.0,1.0,68,Debit,2021-08-19,Tea expense,10E201270,Miscellaneous Expenses,,,040,Osaka Branch,2460,0,10A100020,Cash,,,000,Common Department,2031267,2021-08
1038.0,1.0,68,Credit,2021-08-19,Tea expense,10A100020,Cash,,,000,Common Department,0,2460,10E201270,Miscellaneous Expenses,,,040,Osaka Branch,82273663,2021-08
1039.0,1.0,84,Debit,2021-08-19,Postage stamps,10E200180,Communication Expenses,,,050,Kyushu Sales Office,8000,0,10A100020,Cash,,,000,Common Department,5402529,2021-08
1039.0,1.0,84,Credit,2021-08-19,Postage stamps,10A100020,Cash,,,000,Common Department,0,8000,10E200180,Communication Expenses,,,050,Kyushu Sales Office,82265663,2021-08
1041.0,1.0,1,Debit,2021-08-20,"Overtime meal, reduced tax rate",10E200140,Employee Welfare Expenses,,,000,Common Department,32400,0,10A100020,Cash,,,000,Common Department,1714063,2021-08
1041.0,1.0,1,Credit,2021-08-20,"Overtime meal, reduced tax rate",10A100020,Cash,,,000,Common Department,0,32400,10E200140,Employee Welfare Expenses,,,000,Common Department,82233263,2021-08
1055.0,1.0,100,Debit,2021-08-20,Voucher No. 287 dated 8/20 Anonymized Partner 058,10A100020,Cash,,,000,Common Department,366976,0,10A100090,Accounts Receivable,11,Anonymized Partner 058,000,Common Department,82600239,2021-08
1055.0,1.0,100,Credit,2021-08-20,Voucher No. 287 dated 8/20 Anonymized Partner 058,10A100090,Accounts Receivable,11,Anonymized Partner 058,000,Common Department,0,366976,10A100020,Cash,,,000,Common Department,39176027,2021-08
1056.0,1.0,101,Debit,2021-08-20,Advertising fee,10E200050,Advertising Expenses,,,040,Osaka Branch,52500,0,10B100630,Accounts Payable Other,,,000,Common Department,730700,2021-08
1056.0,1.0,101,Credit,2021-08-20,Advertising fee,10B100630,Accounts Payable Other,,,000,Common Department,0,52500,10E200050,Advertising Expenses,,,040,Osaka Branch,7995236,2021-08
1056.0,2.0,101,Debit,2021-08-20,Voucher No. 288 dated 8/20 Anonymized Partner 014,10A100020,Ordinary Deposits,30,GHI Bank Nagoya Branch,000,Common Department,610344,0,10A100090,Accounts Receivable,21,Anonymized Partner 014,000,Common Department,83210583,2021-08
1056.0,2.0,101,Credit,2021-08-20,Voucher No. 288 dated 8/20 Anonymized Partner 014,10A100090,Accounts Receivable,21,Anonymized Partner 014,000,Common Department,0,610344,10A100020,Ordinary Deposits,30,GHI Bank Nagoya Branch,000,Common Department,38565683,2021-08
1056.0,3.0,101,Debit,2021-08-20,Voucher No. 288 dated 8/20 Anonymized Partner 014,10E200690,Service Fees,,,030,Nagoya Branch,630,0,10A100090,Accounts Receivable,21,Anonymized Partner 014,000,Common Department,53913,2021-08
1056.0,3.0,101,Credit,2021-08-20,Voucher No. 288 dated 8/20 Anonymized Partner 014,10A100090,Accounts Receivable,21,Anonymized Partner 014,000,Common Department,0,630,10E200690,Service Fees,,,030,Nagoya Branch,38565053,2021-08
1057.0,1.0,102,Debit,2021-08-20,Voucher No. 289 dated 8/20 Anonymized Partner 052,10A100020,Ordinary Deposits,20,ABC Bank Head Office,000,Common Department,1740077,0,10A100090,Accounts Receivable,30,Anonymized Partner 052,000,Common Department,84950660,2021-08
1057.0,1.0,102,Credit,2021-08-20,Voucher No. 289 dated 8/20 Anonymized Partner 052,10A100090,Accounts Receivable,30,Anonymized Partner 052,000,Common Department,0,1740077,10A100020,Ordinary Deposits,20,ABC Bank Head Office,000,Common Department,36824976,2021-08
1057.0,2.0,102,Debit,2021-08-20,Voucher No. 289 dated 8/20 Anonymized Partner 052,10E200690,Service Fees,,,020,Tokyo Branch,735,0,10A100090,Accounts Receivable,30,Anonymized Partner 052,000,Common Department,54648,2021-08
1057.0,2.0,102,Credit,2021-08-20,Voucher No. 289 dated 8/20 Anonymized Partner 052,10A100090,Accounts Receivable,30,Anonymized Partner 052,000,Common Department,0,735,10E200690,Service Fees,,,020,Tokyo Branch,36824241,2021-08
1058.0,1.0,103,Debit,2021-08-20,Voucher No. 200 dated 8/20 Anonymized Partner 047,10B100040,Accounts Payable,4,Anonymized Partner 047,000,Common Department,914511,0,10A100020,Ordinary Deposits,20,ABC Bank Head Office,000,Common Department,38700540,2021-08
1058.0,1.0,103,Credit,2021-08-20,Voucher No. 200 dated 8/20 Anonymized Partner 047,10A100020,Ordinary Deposits,20,ABC Bank Head Office,000,Common Department,0,914511,10B100040,Accounts Payable,4,Anonymized Partner 047,000,Common Department,84036149,2021-08
1059.0,1.0,104,Debit,2021-08-20,Cof fee expense 2 people,10E200150,Entertainment Expenses,,,040,Osaka Branch,1260,0,10A100020,Cash,,,000,Common Department,1526810,2021-08
1059.0,1.0,104,Credit,2021-08-20,Cof fee expense 2 people,10A100020,Cash,,,000,Common Department,0,1260,10E200150,Entertainment Expenses,,,040,Osaka Branch,84034889,2021-08
1059.0,2.0,104,Debit,2021-08-20,Voucher No. 202 dated 8/20 Anonymized Partner 054,10B100040,Accounts Payable,6,Anonymized Partner 054,000,Common Department,3459353,0,10A100020,Ordinary Deposits,20,ABC Bank Head Office,000,Common Department,35241187,2021-08
1059.0,2.0,104,Credit,2021-08-20,Voucher No. 202 dated 8/20 Anonymized Partner 054,10A100020,Ordinary Deposits,20,ABC Bank Head Office,000,Common Department,0,3459353,10B100040,Accounts Payable,6,Anonymized Partner 054,000,Common Department,80575536,2021-08
1060.0,1.0,105,Debit,2021-08-20,Voucher No. 204 dated 8/20 Anonymized Partner 067,10B100040,Accounts Payable,11,Anonymized Partner 067,000,Common Department,4398969,0,10A100020,Ordinary Deposits,20,ABC Bank Head Office,000,Common Department,30842218,2021-08
1060.0,1.0,105,Credit,2021-08-20,Voucher No. 204 dated 8/20 Anonymized Partner 067,10A100020,Ordinary Deposits,20,ABC Bank Head Office,000,Common Department,0,4398969,10B100040,Accounts Payable,11,Anonymized Partner 067,000,Common Department,76176567,2021-08
1061.0,1.0,118,Debit,2021-08-20,Copying expense expense,10E201110,Office Supplies Expenses,,,040,Osaka Branch,7025,0,10B100630,Accounts Payable Other,,,000,Common Department,584873,2021-08
1061.0,1.0,118,Credit,2021-08-20,Copying expense expense,10B100630,Accounts Payable Other,,,000,Common Department,0,7025,10E201110,Office Supplies Expenses,,,040,Osaka Branch,8002261,2021-08
1062.0,1.0,119,Debit,2021-08-20,office supplies,10E201110,Office Supplies Expenses,,,040,Osaka Branch,2680,0,10B100630,Accounts Payable Other,,,000,Common Department,587553,2021-08
1062.0,1.0,119,Credit,2021-08-20,office supplies,10B100630,Accounts Payable Other,,,000,Common Department,0,2680,10E201110,Office Supplies Expenses,,,040,Osaka Branch,8004941,2021-08
1063.0,1.0,132,Debit,2021-08-20,Electricity expense,10E201040,Utilities Expenses,,,040,Osaka Branch,96817,0,10A100020,Ordinary Deposits,40,JKL Bank Umeda Branch,000,Common Department,2481956,2021-08
1063.0,1.0,132,Credit,2021-08-20,Electricity expense,10A100020,Ordinary Deposits,40,JKL Bank Umeda Branch,000,Common Department,0,96817,10E201040,Utilities Expenses,,,040,Osaka Branch,76079750,2021-08
1063.0,2.0,132,Debit,2021-08-20,Water expense,10E201040,Utilities Expenses,,,040,Osaka Branch,5768,0,10A100020,Ordinary Deposits,40,JKL Bank Umeda Branch,000,Common Department,2487724,2021-08
1063.0,2.0,132,Credit,2021-08-20,Water expense,10A100020,Ordinary Deposits,40,JKL Bank Umeda Branch,000,Common Department,0,5768,10E201040,Utilities Expenses,,,040,Osaka Branch,76073982,2021-08
1064.0,1.0,145,Debit,2021-08-20,Note discounted Anonymized Partner 057 | Note number=R20210625-116-2;Receipt amount corrected to settlement amount,10A100020,Checking Deposits,1,ABC Bank,000,Common Department,14899392,0,10A100060,Notes Receivable,,,000,Common Department,90973374,2021-08
1064.0,1.0,145,Credit,2021-08-20,Note discounted Anonymized Partner 057 | Note number=R20210625-116-2;Receipt amount corrected to settlement amount,10A100060,Notes Receivable,,,000,Common Department,0,14899392,10A100020,Checking Deposits,1,ABC Bank,000,Common Department,49347489,2021-08
1064.0,2.0,145,Debit,2021-08-20,Note discount fee | Note number=R20210625-116-2,10E300020,Interest Expense,,,020,Tokyo Branch,118584,0,10A100060,Notes Receivable,,,000,Common Department,657759,2021-08
1064.0,2.0,145,Credit,2021-08-20,Note discount fee | Note number=R20210625-116-2,10A100060,Notes Receivable,,,000,Common Department,0,118584,10E300020,Interest Expense,,,020,Tokyo Branch,49228905,2021-08
1065.0,1.0,146,Debit,2021-08-20,Funds transfer,10A100020,Ordinary Deposits,20,ABC Bank Head Office,000,Common Department,20000000,0,10A100020,Checking Deposits,1,ABC Bank,000,Common Department,110973374,2021-08
1065.0,1.0,146,Credit,2021-08-20,Funds transfer,10A100020,Checking Deposits,1,ABC Bank,000,Common Department,0,20000000,10A100020,Ordinary Deposits,20,ABC Bank Head Office,000,Common Department,90973374,2021-08
1066.0,1.0,161,Debit,2021-08-20,Travel expense,10E201230,Travel and Transportation Expenses,,,050,Kyushu Sales Office,8420,0,10A100020,Cash,,,000,Common Department,4734765,2021-08
1066.0,1.0,161,Credit,2021-08-20,Travel expense,10A100020,Cash,,,000,Common Department,0,8420,10E201230,Travel and Transportation Expenses,,,050,Kyushu Sales Office,90964954,2021-08
1067.0,1.0,169,Debit,2021-08-20,Electricity expense,10E201040,Utilities Expenses,,,050,Kyushu Sales Office,94736,0,10A100020,Ordinary Deposits,50,MNO Bank Kitakyushu Branch,000,Common Department,2582460,2021-08
1067.0,1.0,169,Credit,2021-08-20,Electricity expense,10A100020,Ordinary Deposits,50,MNO Bank Kitakyushu Branch,000,Common Department,0,94736,10E201040,Utilities Expenses,,,050,Kyushu Sales Office,90870218,2021-08
1067.0,2.0,169,Debit,2021-08-20,Water expense,10E201040,Utilities Expenses,,,050,Kyushu Sales Office,4426,0,10A100020,Ordinary Deposits,50,MNO Bank Kitakyushu Branch,000,Common Department,2586886,2021-08
1067.0,2.0,169,Credit,2021-08-20,Water expense,10A100020,Ordinary Deposits,50,MNO Bank Kitakyushu Branch,000,Common Department,0,4426,10E201040,Utilities Expenses,,,050,Kyushu Sales Office,90865792,2021-08
1042.0,1.0,31,Debit,2021-08-20,Copying expense expense,10E201110,Office Supplies Expenses,,,010,Sapporo Sales Office,2397,0,10B100630,Accounts Payable Other,,,000,Common Department,589950,2021-08
1042.0,1.0,31,Credit,2021-08-20,Copying expense expense,10B100630,Accounts Payable Other,,,000,Common Department,0,2397,10E201110,Office Supplies Expenses,,,010,Sapporo Sales Office,8007338,2021-08
1043.0,1.0,34,Debit,2021-08-20,Electricity expense,10E201040,Utilities Expenses,,,010,Sapporo Sales Office,94429,0,10A100020,Ordinary Deposits,10,DEF Bank Station Branch,000,Common Department,2681315,2021-08
1043.0,1.0,34,Credit,2021-08-20,Electricity expense,10A100020,Ordinary Deposits,10,DEF Bank Station Branch,000,Common Department,0,94429,10E201040,Utilities Expenses,,,010,Sapporo Sales Office,90771363,2021-08
1043.0,2.0,34,Debit,2021-08-20,Water expense,10E201040,Utilities Expenses,,,010,Sapporo Sales Office,4253,0,10A100020,Ordinary Deposits,10,DEF Bank Station Branch,000,Common Department,2685568,2021-08
1043.0,2.0,34,Credit,2021-08-20,Water expense,10A100020,Ordinary Deposits,10,DEF Bank Station Branch,000,Common Department,0,4253,10E201040,Utilities Expenses,,,010,Sapporo Sales Office,90767110,2021-08
1044.0,1.0,53,Debit,2021-08-20,Gasoline,10E201120,Vehicle Expenses,,,020,Tokyo Branch,10372,0,10A100020,Cash,,,000,Common Department,2411671,2021-08
1044.0,1.0,53,Credit,2021-08-20,Gasoline,10A100020,Cash,,,000,Common Department,0,10372,10E201120,Vehicle Expenses,,,020,Tokyo Branch,90756738,2021-08
1045.0,1.0,64,Debit,2021-08-20,Electricity expense,10E201040,Utilities Expenses,,,020,Tokyo Branch,156017,0,10A100020,Ordinary Deposits,20,ABC Bank Head Office,000,Common Department,2841585,2021-08
1045.0,1.0,64,Credit,2021-08-20,Electricity expense,10A100020,Ordinary Deposits,20,ABC Bank Head Office,000,Common Department,0,156017,10E201040,Utilities Expenses,,,020,Tokyo Branch,90600721,2021-08
1045.0,2.0,64,Debit,2021-08-20,Water expense,10E201040,Utilities Expenses,,,020,Tokyo Branch,6778,0,10A100020,Ordinary Deposits,20,ABC Bank Head Office,000,Common Department,2848363,2021-08
1045.0,2.0,64,Credit,2021-08-20,Water expense,10A100020,Ordinary Deposits,20,ABC Bank Head Office,000,Common Department,0,6778,10E201040,Utilities Expenses,,,020,Tokyo Branch,90593943,2021-08
1046.0,1.0,67,Debit,2021-08-20,Wired service fee,10E201270,Miscellaneous Expenses,,,030,Nagoya Branch,5000,0,10B100630,Accounts Payable Other,,,000,Common Department,2036267,2021-08
1046.0,1.0,67,Credit,2021-08-20,Wired service fee,10B100630,Accounts Payable Other,,,000,Common Department,0,5000,10E201270,Miscellaneous Expenses,,,030,Nagoya Branch,8012338,2021-08
1047.0,1.0,69,Debit,2021-08-20,Copy counter charge,10E201110,Office Supplies Expenses,,,050,Kyushu Sales Office,6300,0,10B100630,Accounts Payable Other,,,000,Common Department,596250,2021-08
1047.0,1.0,69,Credit,2021-08-20,Copy counter charge,10B100630,Accounts Payable Other,,,000,Common Department,0,6300,10E201110,Office Supplies Expenses,,,050,Kyushu Sales Office,8018638,2021-08
1048.0,1.0,71,Debit,2021-08-20,office supplies,10E201110,Office Supplies Expenses,,,020,Tokyo Branch,7275,0,10B100630,Accounts Payable Other,,,000,Common Department,603525,2021-08
1048.0,1.0,71,Credit,2021-08-20,office supplies,10B100630,Accounts Payable Other,,,000,Common Department,0,7275,10E201110,Office Supplies Expenses,,,020,Tokyo Branch,8025913,2021-08
1048.0,2.0,71,Debit,2021-08-20,Copy counter charge,10E201110,Office Supplies Expenses,,,020,Tokyo Branch,32493,0,10B100630,Accounts Payable Other,,,000,Common Department,636018,2021-08
1048.0,2.0,71,Credit,2021-08-20,Copy counter charge,10B100630,Accounts Payable Other,,,000,Common Department,0,32493,10E201110,Office Supplies Expenses,,,020,Tokyo Branch,8058406,2021-08
1049.0,1.0,74,Debit,2021-08-20,files and related supplies,10E200200,Supplies Expenses,,,000,Common Department,12620,0,10B100630,Accounts Payable Other,,,000,Common Department,1161963,2021-08
1049.0,1.0,74,Credit,2021-08-20,files and related supplies,10B100630,Accounts Payable Other,,,000,Common Department,0,12620,10E200200,Supplies Expenses,,,000,Common Department,8071026,2021-08
1049.0,2.0,74,Debit,2021-08-20,Drinking water,10E200200,Supplies Expenses,,,000,Common Department,263155,0,10B100630,Accounts Payable Other,,,000,Common Department,1425118,2021-08
1049.0,2.0,74,Credit,2021-08-20,Drinking water,10B100630,Accounts Payable Other,,,000,Common Department,0,263155,10E200200,Supplies Expenses,,,000,Common Department,8334181,2021-08
1049.0,3.0,74,Debit,2021-08-20,Business card expense,10E200200,Supplies Expenses,,,000,Common Department,5334,0,10B100630,Accounts Payable Other,,,000,Common Department,1430452,2021-08
1049.0,3.0,74,Credit,2021-08-20,Business card expense,10B100630,Accounts Payable Other,,,000,Common Department,0,5334,10E200200,Supplies Expenses,,,000,Common Department,8339515,2021-08
1050.0,1.0,79,Debit,2021-08-20,Travel expense,10E201230,Travel and Transportation Expenses,,,030,Nagoya Branch,12000,0,10A100020,Cash,,,000,Common Department,4746765,2021-08
1050.0,1.0,79,Credit,2021-08-20,Travel expense,10A100020,Cash,,,000,Common Department,0,12000,10E201230,Travel and Transportation Expenses,,,030,Nagoya Branch,90581943,2021-08
1051.0,1.0,80,Debit,2021-08-20,Membership fee Payment,10E200140,Employee Welfare Expenses,,,030,Nagoya Branch,417375,0,10B100630,Accounts Payable Other,,,000,Common Department,2131438,2021-08
1051.0,1.0,80,Credit,2021-08-20,Membership fee Payment,10B100630,Accounts Payable Other,,,000,Common Department,0,417375,10E200140,Employee Welfare Expenses,,,030,Nagoya Branch,8756890,2021-08
1052.0,1.0,89,Debit,2021-08-20,Electricity expense,10E201040,Utilities Expenses,,,030,Nagoya Branch,66075,0,10A100020,Ordinary Deposits,30,GHI Bank Nagoya Branch,000,Common Department,2914438,2021-08
1052.0,1.0,89,Credit,2021-08-20,Electricity expense,10A100020,Ordinary Deposits,30,GHI Bank Nagoya Branch,000,Common Department,0,66075,10E201040,Utilities Expenses,,,030,Nagoya Branch,90515868,2021-08
1052.0,2.0,89,Debit,2021-08-20,Water expense,10E201040,Utilities Expenses,,,030,Nagoya Branch,3500,0,10A100020,Ordinary Deposits,30,GHI Bank Nagoya Branch,000,Common Department,2917938,2021-08
1052.0,2.0,89,Credit,2021-08-20,Water expense,10A100020,Ordinary Deposits,30,GHI Bank Nagoya Branch,000,Common Department,0,3500,10E201040,Utilities Expenses,,,030,Nagoya Branch,90512368,2021-08
1052.0,3.0,89,Debit,2021-08-20,Gas expense,10E201040,Utilities Expenses,,,030,Nagoya Branch,3693,0,10A100020,Ordinary Deposits,30,GHI Bank Nagoya Branch,000,Common Department,2921631,2021-08
1052.0,3.0,89,Credit,2021-08-20,Gas expense,10A100020,Ordinary Deposits,30,GHI Bank Nagoya Branch,000,Common Department,0,3693,10E201040,Utilities Expenses,,,030,Nagoya Branch,90508675,2021-08
1053.0,1.0,97,Debit,2021-08-20,Copying expense expense,10E201110,Office Supplies Expenses,,,030,Nagoya Branch,34155,0,10B100630,Accounts Payable Other,,,000,Common Department,670173,2021-08
1053.0,1.0,97,Credit,2021-08-20,Copying expense expense,10B100630,Accounts Payable Other,,,000,Common Department,0,34155,10E201110,Office Supplies Expenses,,,030,Nagoya Branch,8791045,2021-08
1054.0,1.0,98,Debit,2021-08-20,office supplies,10E201110,Office Supplies Expenses,,,030,Nagoya Branch,6030,0,10B100630,Accounts Payable Other,,,000,Common Department,676203,2021-08
1054.0,1.0,98,Credit,2021-08-20,office supplies,10B100630,Accounts Payable Other,,,000,Common Department,0,6030,10E201110,Office Supplies Expenses,,,030,Nagoya Branch,8797075,2021-08
1073.0,1.0,126,Debit,2021-08-21,Revenue stamp,10E200210,Taxes and Dues,,,020,Tokyo Branch,40000,0,10A100020,Cash,,,000,Common Department,175000,2021-08
1073.0,1.0,126,Credit,2021-08-21,Revenue stamp,10A100020,Cash,,,000,Common Department,0,40000,10E200210,Taxes and Dues,,,020,Tokyo Branch,90468675,2021-08
1074.0,1.0,155,Debit,2021-08-21,Gasoline,10E201120,Vehicle Expenses,,,050,Kyushu Sales Office,7055,0,10A100020,Cash,,,000,Common Department,2418726,2021-08
1074.0,1.0,155,Credit,2021-08-21,Gasoline,10A100020,Cash,,,000,Common Department,0,7055,10E201120,Vehicle Expenses,,,050,Kyushu Sales Office,90461620,2021-08
1075.0,1.0,160,Debit,2021-08-21,Business travel expense,10E201230,Travel and Transportation Expenses,,,020,Tokyo Branch,70000,0,10A100020,Cash,,,000,Common Department,4816765,2021-08
1075.0,1.0,160,Credit,2021-08-21,Business travel expense,10A100020,Cash,,,000,Common Department,0,70000,10E201230,Travel and Transportation Expenses,,,020,Tokyo Branch,90391620,2021-08
1070.0,1.0,25,Debit,2021-08-21,Travel expense,10E201230,Travel and Transportation Expenses,,,010,Sapporo Sales Office,56000,0,10A100020,Cash,,,000,Common Department,4872765,2021-08
1070.0,1.0,25,Credit,2021-08-21,Travel expense,10A100020,Cash,,,000,Common Department,0,56000,10E201230,Travel and Transportation Expenses,,,010,Sapporo Sales Office,90335620,2021-08
1071.0,1.0,38,Debit,2021-08-21,Lodging expense,10E200140,Employee Welfare Expenses,,,020,Tokyo Branch,48164,0,10B100630,Accounts Payable Other,,,000,Common Department,2179602,2021-08
1071.0,1.0,38,Credit,2021-08-21,Lodging expense,10B100630,Accounts Payable Other,,,000,Common Department,0,48164,10E200140,Employee Welfare Expenses,,,020,Tokyo Branch,8845239,2021-08
1072.0,1.0,45,Debit,2021-08-21,Condolence gift,10E200150,Entertainment Expenses,,,020,Tokyo Branch,10000,0,10A100020,Cash,,,000,Common Department,1536810,2021-08
1072.0,1.0,45,Credit,2021-08-21,Condolence gift,10A100020,Cash,,,000,Common Department,0,10000,10E200150,Entertainment Expenses,,,020,Tokyo Branch,90325620,2021-08
1068.0,1.0,5,Debit,2021-08-21,Advertising expense,10E200050,Advertising Expenses,,,010,Sapporo Sales Office,52500,0,10A100020,Ordinary Deposits,10,DEF Bank Station Branch,000,Common Department,783200,2021-08
1068.0,1.0,5,Credit,2021-08-21,Advertising expense,10A100020,Ordinary Deposits,10,DEF Bank Station Branch,000,Common Department,0,52500,10E200050,Advertising Expenses,,,010,Sapporo Sales Office,90273120,2021-08
1069.0,1.0,6,Debit,2021-08-21,Advertising fee,10E200050,Advertising Expenses,,,010,Sapporo Sales Office,5000,0,10A100020,Cash,,,000,Common Department,788200,2021-08
1069.0,1.0,6,Credit,2021-08-21,Advertising fee,10A100020,Cash,,,000,Common Department,0,5000,10E200050,Advertising Expenses,,,010,Sapporo Sales Office,90268120,2021-08
1081.0,1.0,107,Debit,2021-08-22,Get-well gift,10E200150,Entertainment Expenses,,,040,Osaka Branch,10000,0,10A100020,Cash,,,000,Common Department,1546810,2021-08
1081.0,1.0,107,Credit,2021-08-22,Get-well gift,10A100020,Cash,,,000,Common Department,0,10000,10E200150,Entertainment Expenses,,,040,Osaka Branch,90258120,2021-08
1082.0,1.0,109,Debit,2021-08-22,Gasoline,10E201120,Vehicle Expenses,,,040,Osaka Branch,56640,0,10B100630,Accounts Payable Other,,,000,Common Department,2475366,2021-08
1082.0,1.0,109,Credit,2021-08-22,Gasoline,10B100630,Accounts Payable Other,,,000,Common Department,0,56640,10E201120,Vehicle Expenses,,,040,Osaka Branch,8901879,2021-08
1083.0,1.0,163,Debit,2021-08-22,Membership fee,10E201140,Membership Fees,,,050,Kyushu Sales Office,18000,0,10A100020,Cash,,,000,Common Department,526000,2021-08
1083.0,1.0,163,Credit,2021-08-22,Membership fee,10A100020,Cash,,,000,Common Department,0,18000,10E201140,Membership Fees,,,050,Kyushu Sales Office,90240120,2021-08
1084.0,1.0,166,Debit,2021-08-22,Anonymized Cleaning Company A expense,10E201270,Miscellaneous Expenses,,,050,Kyushu Sales Office,1890,0,10A100020,Cash,,,000,Common Department,2038157,2021-08
1084.0,1.0,166,Credit,2021-08-22,Anonymized Cleaning Company A expense,10A100020,Cash,,,000,Common Department,0,1890,10E201270,Miscellaneous Expenses,,,050,Kyushu Sales Office,90238230,2021-08
1076.0,1.0,24,Debit,2021-08-22,Anonymized Railway Company A multi-ride ticket,10E201230,Travel and Transportation Expenses,,,010,Sapporo Sales Office,82620,0,10A100020,Cash,,,000,Common Department,4955385,2021-08
1076.0,1.0,24,Credit,2021-08-22,Anonymized Railway Company A multi-ride ticket,10A100020,Cash,,,000,Common Department,0,82620,10E201230,Travel and Transportation Expenses,,,010,Sapporo Sales Office,90155610,2021-08
1077.0,1.0,48,Debit,2021-08-22,Gasoline,10E201120,Vehicle Expenses,,,020,Tokyo Branch,5117,0,10A100020,Cash,,,000,Common Department,2480483,2021-08
1077.0,1.0,48,Credit,2021-08-22,Gasoline,10A100020,Cash,,,000,Common Department,0,5117,10E201120,Vehicle Expenses,,,020,Tokyo Branch,90150493,2021-08
1078.0,1.0,69,Debit,2021-08-22,gift envelope,10E201270,Miscellaneous Expenses,,,020,Tokyo Branch,300,0,10A100020,Cash,,,000,Common Department,2038457,2021-08
1078.0,1.0,69,Credit,2021-08-22,gift envelope,10A100020,Cash,,,000,Common Department,0,300,10E201270,Miscellaneous Expenses,,,020,Tokyo Branch,90150193,2021-08
1078.0,2.0,69,Debit,2021-08-22,Batteries,10E201270,Miscellaneous Expenses,,,020,Tokyo Branch,740,0,10A100020,Cash,,,000,Common Department,2039197,2021-08
1078.0,2.0,69,Credit,2021-08-22,Batteries,10A100020,Cash,,,000,Common Department,0,740,10E201270,Miscellaneous Expenses,,,020,Tokyo Branch,90149453,2021-08
1079.0,1.0,90,Debit,2021-08-22,Anonymized Cleaning Company A expense,10E201270,Miscellaneous Expenses,,,030,Nagoya Branch,10500,0,10A100020,Cash,,,000,Common Department,2049697,2021-08
1079.0,1.0,90,Credit,2021-08-22,Anonymized Cleaning Company A expense,10A100020,Cash,,,000,Common Department,0,10500,10E201270,Miscellaneous Expenses,,,030,Nagoya Branch,90138953,2021-08
1080.0,1.0,95,Debit,2021-08-22,Cleaning fee,10E201270,Miscellaneous Expenses,,,030,Nagoya Branch,71675,0,10B100630,Accounts Payable Other,,,000,Common Department,2121372,2021-08
1080.0,1.0,95,Credit,2021-08-22,Cleaning fee,10B100630,Accounts Payable Other,,,000,Common Department,0,71675,10E201270,Miscellaneous Expenses,,,030,Nagoya Branch,8973554,2021-08
1087.0,1.0,140,Debit,2021-08-23,Travel expense,10E201230,Travel and Transportation Expenses,,,040,Osaka Branch,6450,0,10A100020,Cash,,,000,Common Department,4961835,2021-08
1087.0,1.0,140,Credit,2021-08-23,Travel expense,10A100020,Cash,,,000,Common Department,0,6450,10E201230,Travel and Transportation Expenses,,,040,Osaka Branch,90132503,2021-08
1085.0,1.0,28,Debit,2021-08-23,taxi expense,10E201230,Travel and Transportation Expenses,,,010,Sapporo Sales Office,2420,0,10B100630,Accounts Payable Other,,,000,Common Department,4964255,2021-08
1085.0,1.0,28,Credit,2021-08-23,taxi expense,10B100630,Accounts Payable Other,,,000,Common Department,0,2420,10E201230,Travel and Transportation Expenses,,,010,Sapporo Sales Office,8975974,2021-08
1086.0,1.0,29,Debit,2021-08-23,Mobile phone expense,10E200180,Communication Expenses,,,010,Sapporo Sales Office,72406,0,10A100020,Ordinary Deposits,10,DEF Bank Station Branch,000,Common Department,5474935,2021-08
1086.0,1.0,29,Credit,2021-08-23,Mobile phone expense,10A100020,Ordinary Deposits,10,DEF Bank Station Branch,000,Common Department,0,72406,10E200180,Communication Expenses,,,010,Sapporo Sales Office,90060097,2021-08
1091.0,1.0,105,Debit,2021-08-24,Meal expense Anonymized Store 081,10E200150,Entertainment Expenses,,,040,Osaka Branch,12124,0,10A100020,Cash,,,000,Common Department,1558934,2021-08
1091.0,1.0,105,Credit,2021-08-24,Meal expense Anonymized Store 081,10A100020,Cash,,,000,Common Department,0,12124,10E200150,Entertainment Expenses,,,040,Osaka Branch,90047973,2021-08
1091.0,2.0,105,Debit,2021-08-24,Meal expense Anonymized Store 022,10E200150,Entertainment Expenses,,,040,Osaka Branch,18734,0,10A100020,Cash,,,000,Common Department,1577668,2021-08
1091.0,2.0,105,Credit,2021-08-24,Meal expense Anonymized Store 022,10A100020,Cash,,,000,Common Department,0,18734,10E200150,Entertainment Expenses,,,040,Osaka Branch,90029239,2021-08
1092.0,1.0,120,Debit,2021-08-24,Outsourcing fee,10E200020,Sales Commissions,,,040,Osaka Branch,315000,0,10B100630,Accounts Payable Other,,,000,Common Department,9260708,2021-08
1092.0,1.0,120,Credit,2021-08-24,Outsourcing fee,10B100630,Accounts Payable Other,,,000,Common Department,0,315000,10E200020,Sales Commissions,,,040,Osaka Branch,9290974,2021-08
1089.0,1.0,62,Debit,2021-08-24,Tea expense,10E200140,Employee Welfare Expenses,,,050,Kyushu Sales Office,14500,0,10B100630,Accounts Payable Other,,,000,Common Department,2194102,2021-08
1089.0,1.0,62,Credit,2021-08-24,Tea expense,10B100630,Accounts Payable Other,,,000,Common Department,0,14500,10E200140,Employee Welfare Expenses,,,050,Kyushu Sales Office,9305474,2021-08
1088.0,1.0,8,Debit,2021-08-24,Regular meeting fee,10E200150,Entertainment Expenses,,,010,Sapporo Sales Office,19048,0,10A100020,Cash,,,000,Common Department,1596716,2021-08
1088.0,1.0,8,Credit,2021-08-24,Regular meeting fee,10A100020,Cash,,,000,Common Department,0,19048,10E200150,Entertainment Expenses,,,010,Sapporo Sales Office,90010191,2021-08
1088.0,2.0,8,Debit,2021-08-24,Meal expense Anonymized Store 021 6 people,10E200150,Entertainment Expenses,,,010,Sapporo Sales Office,31048,0,10A100020,Cash,,,000,Common Department,1627764,2021-08
1088.0,2.0,8,Credit,2021-08-24,Meal expense Anonymized Store 021 6 people,10A100020,Cash,,,000,Common Department,0,31048,10E200150,Entertainment Expenses,,,010,Sapporo Sales Office,89979143,2021-08
1090.0,1.0,82,Debit,2021-08-24,Month 8 Payroll Other 0001 Executive,10E200090,Directors' Compensation,,,020,Tokyo Branch,1127093,0,10A100020,Ordinary Deposits,20,ABC Bank Head Office,000,Common Department,8007093,2021-08
1090.0,1.0,82,Credit,2021-08-24,Month 8 Payroll Other 0001 Executive,10A100020,Ordinary Deposits,20,ABC Bank Head Office,000,Common Department,0,1127093,10E200090,Directors' Compensation,,,020,Tokyo Branch,88852050,2021-08
1090.0,2.0,82,Debit,2021-08-24,Month 8 Payroll Other 0001 Executive,10E200090,Directors' Compensation,,,020,Tokyo Branch,111192,0,10B100690,Deposits Received,1,Insurance Expenses,000,Common Department,8118285,2021-08
1090.0,2.0,82,Credit,2021-08-24,Month 8 Payroll Other 0001 Executive,10B100690,Deposits Received,1,Insurance Expenses,000,Common Department,0,111192,10E200090,Directors' Compensation,,,020,Tokyo Branch,3786853,2021-08
1090.0,3.0,82,Debit,2021-08-24,Month 8 Payroll Other 0001 Executive,10E200090,Directors' Compensation,,,020,Tokyo Branch,171200,0,10B100690,Deposits Received,2,Resident Tax,000,Common Department,8289485,2021-08
1090.0,3.0,82,Credit,2021-08-24,Month 8 Payroll Other 0001 Executive,10B100690,Deposits Received,2,Resident Tax,000,Common Department,0,171200,10E200090,Directors' Compensation,,,020,Tokyo Branch,3958053,2021-08
1090.0,4.0,82,Debit,2021-08-24,Month 8 Payroll Other 0001 Executive,10E200090,Directors' Compensation,,,020,Tokyo Branch,166823,0,10B100690,Deposits Received,3,Withholding Tax,000,Common Department,8456308,2021-08
1090.0,4.0,82,Credit,2021-08-24,Month 8 Payroll Other 0001 Executive,10B100690,Deposits Received,3,Withholding Tax,000,Common Department,0,166823,10E200090,Directors' Compensation,,,020,Tokyo Branch,4124876,2021-08
1090.0,5.0,82,Debit,2021-08-24,Month 8 Payroll Other 0001 Executive,10E200090,Directors' Compensation,,,020,Tokyo Branch,133972,0,10B100690,Deposits Received,4,Savings and Insurance,000,Common Department,8590280,2021-08
1090.0,5.0,82,Credit,2021-08-24,Month 8 Payroll Other 0001 Executive,10B100690,Deposits Received,4,Savings and Insurance,000,Common Department,0,133972,10E200090,Directors' Compensation,,,020,Tokyo Branch,4258848,2021-08
1090.0,6.0,82,Debit,2021-08-24,Month 8 Payroll Other 0001 Executive,10E200090,Directors' Compensation,,,020,Tokyo Branch,9720,0,10B100690,Deposits Received,9,Other,000,Common Department,8600000,2021-08
1090.0,6.0,82,Credit,2021-08-24,Month 8 Payroll Other 0001 Executive,10B100690,Deposits Received,9,Other,000,Common Department,0,9720,10E200090,Directors' Compensation,,,020,Tokyo Branch,4268568,2021-08
1090.0,7.0,82,Debit,2021-08-24,Month 8 Payroll Other 0020 Sales Department,10E200370,Salaries and Allowances,,,020,Tokyo Branch,1497454,0,10A100020,Ordinary Deposits,20,ABC Bank Head Office,000,Common Department,23235061,2021-08
1090.0,7.0,82,Credit,2021-08-24,Month 8 Payroll Other 0020 Sales Department,10A100020,Ordinary Deposits,20,ABC Bank Head Office,000,Common Department,0,1497454,10E200370,Salaries and Allowances,,,020,Tokyo Branch,87354596,2021-08
1090.0,8.0,82,Debit,2021-08-24,Month 8 Payroll Other 0020 Sales Department,10E200370,Salaries and Allowances,,,020,Tokyo Branch,216077,0,10B100690,Deposits Received,1,Insurance Expenses,000,Common Department,23451138,2021-08
1090.0,8.0,82,Credit,2021-08-24,Month 8 Payroll Other 0020 Sales Department,10B100690,Deposits Received,1,Insurance Expenses,000,Common Department,0,216077,10E200370,Salaries and Allowances,,,020,Tokyo Branch,4484645,2021-08
1090.0,9.0,82,Debit,2021-08-24,Month 8 Payroll Other 0020 Sales Department,10E200370,Salaries and Allowances,,,020,Tokyo Branch,104300,0,10B100690,Deposits Received,2,Resident Tax,000,Common Department,23555438,2021-08
1090.0,9.0,82,Credit,2021-08-24,Month 8 Payroll Other 0020 Sales Department,10B100690,Deposits Received,2,Resident Tax,000,Common Department,0,104300,10E200370,Salaries and Allowances,,,020,Tokyo Branch,4588945,2021-08
1090.0,10.0,82,Debit,2021-08-24,Month 8 Payroll Other 0020 Sales Department,10E200370,Salaries and Allowances,,,020,Tokyo Branch,36360,0,10B100690,Deposits Received,3,Withholding Tax,000,Common Department,23591798,2021-08
1090.0,10.0,82,Credit,2021-08-24,Month 8 Payroll Other 0020 Sales Department,10B100690,Deposits Received,3,Withholding Tax,000,Common Department,0,36360,10E200370,Salaries and Allowances,,,020,Tokyo Branch,4625305,2021-08
1090.0,11.0,82,Debit,2021-08-24,Month 8 Payroll Other 0020 Sales Department,10E200370,Salaries and Allowances,,,020,Tokyo Branch,43305,0,10B100690,Deposits Received,4,Savings and Insurance,000,Common Department,23635103,2021-08
1090.0,11.0,82,Credit,2021-08-24,Month 8 Payroll Other 0020 Sales Department,10B100690,Deposits Received,4,Savings and Insurance,000,Common Department,0,43305,10E200370,Salaries and Allowances,,,020,Tokyo Branch,4668610,2021-08
1090.0,12.0,82,Debit,2021-08-24,Month 8 Payroll Other 0020 Sales Department,10E200370,Salaries and Allowances,,,020,Tokyo Branch,58132,0,10B100690,Deposits Received,9,Other,000,Common Department,23693235,2021-08
1090.0,12.0,82,Credit,2021-08-24,Month 8 Payroll Other 0020 Sales Department,10B100690,Deposits Received,9,Other,000,Common Department,0,58132,10E200370,Salaries and Allowances,,,020,Tokyo Branch,4726742,2021-08
1090.0,13.0,82,Debit,2021-08-24,Month 8 Payroll Other 1000 Sapporo Sales Office,10E200370,Salaries and Allowances,,,010,Sapporo Sales Office,608919,0,10A100020,Ordinary Deposits,20,ABC Bank Head Office,000,Common Department,24302154,2021-08
1090.0,13.0,82,Credit,2021-08-24,Month 8 Payroll Other 1000 Sapporo Sales Office,10A100020,Ordinary Deposits,20,ABC Bank Head Office,000,Common Department,0,608919,10E200370,Salaries and Allowances,,,010,Sapporo Sales Office,86745677,2021-08
1090.0,14.0,82,Debit,2021-08-24,Month 8 Payroll Other 1000 Sapporo Sales Office,10E200370,Salaries and Allowances,,,010,Sapporo Sales Office,100704,0,10B100690,Deposits Received,1,Insurance Expenses,000,Common Department,24402858,2021-08
1090.0,14.0,82,Credit,2021-08-24,Month 8 Payroll Other 1000 Sapporo Sales Office,10B100690,Deposits Received,1,Insurance Expenses,000,Common Department,0,100704,10E200370,Salaries and Allowances,,,010,Sapporo Sales Office,4827446,2021-08
1090.0,15.0,82,Debit,2021-08-24,Month 8 Payroll Other 1000 Sapporo Sales Office,10E200370,Salaries and Allowances,,,010,Sapporo Sales Office,46300,0,10B100690,Deposits Received,2,Resident Tax,000,Common Department,24449158,2021-08
1090.0,15.0,82,Credit,2021-08-24,Month 8 Payroll Other 1000 Sapporo Sales Office,10B100690,Deposits Received,2,Resident Tax,000,Common Department,0,46300,10E200370,Salaries and Allowances,,,010,Sapporo Sales Office,4873746,2021-08
1090.0,16.0,82,Debit,2021-08-24,Month 8 Payroll Other 1000 Sapporo Sales Office,10E200370,Salaries and Allowances,,,010,Sapporo Sales Office,13710,0,10B100690,Deposits Received,3,Withholding Tax,000,Common Department,24462868,2021-08
1090.0,16.0,82,Credit,2021-08-24,Month 8 Payroll Other 1000 Sapporo Sales Office,10B100690,Deposits Received,3,Withholding Tax,000,Common Department,0,13710,10E200370,Salaries and Allowances,,,010,Sapporo Sales Office,4887456,2021-08
1090.0,17.0,82,Debit,2021-08-24,Month 8 Payroll Other 1000 Sapporo Sales Office,10E200370,Salaries and Allowances,,,010,Sapporo Sales Office,50648,0,10B100690,Deposits Received,4,Savings and Insurance,000,Common Department,24513516,2021-08
1090.0,17.0,82,Credit,2021-08-24,Month 8 Payroll Other 1000 Sapporo Sales Office,10B100690,Deposits Received,4,Savings and Insurance,000,Common Department,0,50648,10E200370,Salaries and Allowances,,,010,Sapporo Sales Office,4938104,2021-08
1090.0,18.0,82,Debit,2021-08-24,Month 8 Payroll Other 1000 Sapporo Sales Office,10E200370,Salaries and Allowances,,,010,Sapporo Sales Office,37747,0,10B100690,Deposits Received,9,Other,000,Common Department,24551263,2021-08
1090.0,18.0,82,Credit,2021-08-24,Month 8 Payroll Other 1000 Sapporo Sales Office,10B100690,Deposits Received,9,Other,000,Common Department,0,37747,10E200370,Salaries and Allowances,,,010,Sapporo Sales Office,4975851,2021-08
1090.0,19.0,82,Debit,2021-08-24,Month 8 Payroll Other 3000 Nagoya Sales Office,10E200370,Salaries and Allowances,,,030,Nagoya Branch,558416,0,10A100020,Ordinary Deposits,20,ABC Bank Head Office,000,Common Department,25109679,2021-08
1090.0,19.0,82,Credit,2021-08-24,Month 8 Payroll Other 3000 Nagoya Sales Office,10A100020,Ordinary Deposits,20,ABC Bank Head Office,000,Common Department,0,558416,10E200370,Salaries and Allowances,,,030,Nagoya Branch,86187261,2021-08
1090.0,20.0,82,Debit,2021-08-24,Month 8 Payroll Other 3000 Nagoya Sales Office,10E200370,Salaries and Allowances,,,030,Nagoya Branch,92651,0,10B100690,Deposits Received,1,Insurance Expenses,000,Common Department,25202330,2021-08
1090.0,20.0,82,Credit,2021-08-24,Month 8 Payroll Other 3000 Nagoya Sales Office,10B100690,Deposits Received,1,Insurance Expenses,000,Common Department,0,92651,10E200370,Salaries and Allowances,,,030,Nagoya Branch,5068502,2021-08
1090.0,21.0,82,Debit,2021-08-24,Month 8 Payroll Other 3000 Nagoya Sales Office,10E200370,Salaries and Allowances,,,030,Nagoya Branch,42600,0,10B100690,Deposits Received,2,Resident Tax,000,Common Department,25244930,2021-08
1090.0,21.0,82,Credit,2021-08-24,Month 8 Payroll Other 3000 Nagoya Sales Office,10B100690,Deposits Received,2,Resident Tax,000,Common Department,0,42600,10E200370,Salaries and Allowances,,,030,Nagoya Branch,5111102,2021-08
1090.0,22.0,82,Debit,2021-08-24,Month 8 Payroll Other 3000 Nagoya Sales Office,10E200370,Salaries and Allowances,,,030,Nagoya Branch,7850,0,10B100690,Deposits Received,3,Withholding Tax,000,Common Department,25252780,2021-08
1090.0,22.0,82,Credit,2021-08-24,Month 8 Payroll Other 3000 Nagoya Sales Office,10B100690,Deposits Received,3,Withholding Tax,000,Common Department,0,7850,10E200370,Salaries and Allowances,,,030,Nagoya Branch,5118952,2021-08
1090.0,23.0,82,Debit,2021-08-24,Month 8 Payroll Other 3000 Nagoya Sales Office,10E200370,Salaries and Allowances,,,030,Nagoya Branch,40759,0,10B100690,Deposits Received,4,Savings and Insurance,000,Common Department,25293539,2021-08
1090.0,23.0,82,Credit,2021-08-24,Month 8 Payroll Other 3000 Nagoya Sales Office,10B100690,Deposits Received,4,Savings and Insurance,000,Common Department,0,40759,10E200370,Salaries and Allowances,,,030,Nagoya Branch,5159711,2021-08
1090.0,24.0,82,Debit,2021-08-24,Month 8 Payroll Other 3000 Nagoya Sales Office,10E200370,Salaries and Allowances,,,030,Nagoya Branch,32648,0,10B100690,Deposits Received,9,Other,000,Common Department,25326187,2021-08
1090.0,24.0,82,Credit,2021-08-24,Month 8 Payroll Other 3000 Nagoya Sales Office,10B100690,Deposits Received,9,Other,000,Common Department,0,32648,10E200370,Salaries and Allowances,,,030,Nagoya Branch,5192359,2021-08
1090.0,25.0,82,Debit,2021-08-24,Month 8 Payroll Other 4000 Osaka Branch,10E200370,Salaries and Allowances,,,040,Osaka Branch,856766,0,10A100020,Ordinary Deposits,20,ABC Bank Head Office,000,Common Department,26182953,2021-08
1090.0,25.0,82,Credit,2021-08-24,Month 8 Payroll Other 4000 Osaka Branch,10A100020,Ordinary Deposits,20,ABC Bank Head Office,000,Common Department,0,856766,10E200370,Salaries and Allowances,,,040,Osaka Branch,85330495,2021-08
1090.0,26.0,82,Debit,2021-08-24,Month 8 Payroll Other 4000 Osaka Branch,10E200370,Salaries and Allowances,,,040,Osaka Branch,119974,0,10B100690,Deposits Received,1,Insurance Expenses,000,Common Department,26302927,2021-08
1090.0,26.0,82,Credit,2021-08-24,Month 8 Payroll Other 4000 Osaka Branch,10B100690,Deposits Received,1,Insurance Expenses,000,Common Department,0,119974,10E200370,Salaries and Allowances,,,040,Osaka Branch,5312333,2021-08
1090.0,27.0,82,Debit,2021-08-24,Month 8 Payroll Other 4000 Osaka Branch,10E200370,Salaries and Allowances,,,040,Osaka Branch,53400,0,10B100690,Deposits Received,2,Resident Tax,000,Common Department,26356327,2021-08
1090.0,27.0,82,Credit,2021-08-24,Month 8 Payroll Other 4000 Osaka Branch,10B100690,Deposits Received,2,Resident Tax,000,Common Department,0,53400,10E200370,Salaries and Allowances,,,040,Osaka Branch,5365733,2021-08
1090.0,28.0,82,Debit,2021-08-24,Month 8 Payroll Other 4000 Osaka Branch,10E200370,Salaries and Allowances,,,040,Osaka Branch,20550,0,10B100690,Deposits Received,3,Withholding Tax,000,Common Department,26376877,2021-08
1090.0,28.0,82,Credit,2021-08-24,Month 8 Payroll Other 4000 Osaka Branch,10B100690,Deposits Received,3,Withholding Tax,000,Common Department,0,20550,10E200370,Salaries and Allowances,,,040,Osaka Branch,5386283,2021-08
1090.0,29.0,82,Debit,2021-08-24,Month 8 Payroll Other 4000 Osaka Branch,10E200370,Salaries and Allowances,,,040,Osaka Branch,13570,0,10B100690,Deposits Received,4,Savings and Insurance,000,Common Department,26390447,2021-08
1090.0,29.0,82,Credit,2021-08-24,Month 8 Payroll Other 4000 Osaka Branch,10B100690,Deposits Received,4,Savings and Insurance,000,Common Department,0,13570,10E200370,Salaries and Allowances,,,040,Osaka Branch,5399853,2021-08
1090.0,30.0,82,Debit,2021-08-24,Month 8 Payroll Other 4000 Osaka Branch,10E200370,Salaries and Allowances,,,040,Osaka Branch,24934,0,10B100690,Deposits Received,9,Other,000,Common Department,26415381,2021-08
1090.0,30.0,82,Credit,2021-08-24,Month 8 Payroll Other 4000 Osaka Branch,10B100690,Deposits Received,9,Other,000,Common Department,0,24934,10E200370,Salaries and Allowances,,,040,Osaka Branch,5424787,2021-08
1090.0,31.0,82,Debit,2021-08-24,Month 8 Payroll Other 5000 Kyushu Sales Office,10E200370,Salaries and Allowances,,,050,Kyushu Sales Office,452129,0,10A100020,Ordinary Deposits,20,ABC Bank Head Office,000,Common Department,26867510,2021-08
1090.0,31.0,82,Credit,2021-08-24,Month 8 Payroll Other 5000 Kyushu Sales Office,10A100020,Ordinary Deposits,20,ABC Bank Head Office,000,Common Department,0,452129,10E200370,Salaries and Allowances,,,050,Kyushu Sales Office,84878366,2021-08
1090.0,32.0,82,Debit,2021-08-24,Month 8 Payroll Other 5000 Kyushu Sales Office,10E200370,Salaries and Allowances,,,050,Kyushu Sales Office,66241,0,10B100690,Deposits Received,1,Insurance Expenses,000,Common Department,26933751,2021-08
1090.0,32.0,82,Credit,2021-08-24,Month 8 Payroll Other 5000 Kyushu Sales Office,10B100690,Deposits Received,1,Insurance Expenses,000,Common Department,0,66241,10E200370,Salaries and Allowances,,,050,Kyushu Sales Office,5491028,2021-08
1090.0,33.0,82,Debit,2021-08-24,Month 8 Payroll Other 5000 Kyushu Sales Office,10E200370,Salaries and Allowances,,,050,Kyushu Sales Office,31700,0,10B100690,Deposits Received,2,Resident Tax,000,Common Department,26965451,2021-08
1090.0,33.0,82,Credit,2021-08-24,Month 8 Payroll Other 5000 Kyushu Sales Office,10B100690,Deposits Received,2,Resident Tax,000,Common Department,0,31700,10E200370,Salaries and Allowances,,,050,Kyushu Sales Office,5522728,2021-08
1090.0,34.0,82,Debit,2021-08-24,Month 8 Payroll Other 5000 Kyushu Sales Office,10E200370,Salaries and Allowances,,,050,Kyushu Sales Office,8240,0,10B100690,Deposits Received,3,Withholding Tax,000,Common Department,26973691,2021-08
1090.0,34.0,82,Credit,2021-08-24,Month 8 Payroll Other 5000 Kyushu Sales Office,10B100690,Deposits Received,3,Withholding Tax,000,Common Department,0,8240,10E200370,Salaries and Allowances,,,050,Kyushu Sales Office,5530968,2021-08
1090.0,35.0,82,Debit,2021-08-24,Month 8 Payroll Other 5000 Kyushu Sales Office,10E200370,Salaries and Allowances,,,050,Kyushu Sales Office,18540,0,10B100690,Deposits Received,4,Savings and Insurance,000,Common Department,26992231,2021-08
1090.0,35.0,82,Credit,2021-08-24,Month 8 Payroll Other 5000 Kyushu Sales Office,10B100690,Deposits Received,4,Savings and Insurance,000,Common Department,0,18540,10E200370,Salaries and Allowances,,,050,Kyushu Sales Office,5549508,2021-08
1090.0,36.0,82,Debit,2021-08-24,Month 8 Payroll Other 5000 Kyushu Sales Office,10E200370,Salaries and Allowances,,,050,Kyushu Sales Office,15755,0,10B100690,Deposits Received,9,Other,000,Common Department,27007986,2021-08
1090.0,36.0,82,Credit,2021-08-24,Month 8 Payroll Other 5000 Kyushu Sales Office,10B100690,Deposits Received,9,Other,000,Common Department,0,15755,10E200370,Salaries and Allowances,,,050,Kyushu Sales Office,5565263,2021-08
1100.0,1.0,106,Debit,2021-08-25,Voucher No. 290 dated 8/25 Anonymized Partner 057 | Sales voucher=20210731-114;Note number=R20210825-106-2,10A100060,Notes Receivable,,,000,Common Department,16395173,0,10A100090,Accounts Receivable,2,Anonymized Partner 057,000,Common Department,65624078,2021-08
1100.0,1.0,106,Credit,2021-08-25,Voucher No. 290 dated 8/25 Anonymized Partner 057 | Sales voucher=20210731-114;Note number=R20210825-106-2,10A100090,Accounts Receivable,2,Anonymized Partner 057,000,Common Department,0,16395173,10A100060,Notes Receivable,,,000,Common Department,20429068,2021-08
1101.0,1.0,107,Debit,2021-08-25,Voucher No. 291 dated 8/25 Anonymized Partner 042,10A100020,Ordinary Deposits,30,GHI Bank Nagoya Branch,000,Common Department,925145,0,10A100090,Accounts Receivable,7,Anonymized Partner 042,000,Common Department,85803511,2021-08
1101.0,1.0,107,Credit,2021-08-25,Voucher No. 291 dated 8/25 Anonymized Partner 042,10A100090,Accounts Receivable,7,Anonymized Partner 042,000,Common Department,0,925145,10A100020,Ordinary Deposits,30,GHI Bank Nagoya Branch,000,Common Department,19503923,2021-08
1101.0,2.0,107,Debit,2021-08-25,Voucher No. 291 dated 8/25 Anonymized Partner 042,10E200690,Service Fees,,,030,Nagoya Branch,735,0,10A100090,Accounts Receivable,7,Anonymized Partner 042,000,Common Department,55383,2021-08
1101.0,2.0,107,Credit,2021-08-25,Voucher No. 291 dated 8/25 Anonymized Partner 042,10A100090,Accounts Receivable,7,Anonymized Partner 042,000,Common Department,0,735,10E200690,Service Fees,,,030,Nagoya Branch,19503188,2021-08
1102.0,1.0,108,Debit,2021-08-25,Voucher No. 292 dated 8/25 Anonymized Partner 056,10A100020,Ordinary Deposits,40,JKL Bank Umeda Branch,000,Common Department,1134508,0,10A100090,Accounts Receivable,23,Anonymized Partner 056,000,Common Department,86938019,2021-08
1102.0,1.0,108,Credit,2021-08-25,Voucher No. 292 dated 8/25 Anonymized Partner 056,10A100090,Accounts Receivable,23,Anonymized Partner 056,000,Common Department,0,1134508,10A100020,Ordinary Deposits,40,JKL Bank Umeda Branch,000,Common Department,18368680,2021-08
1102.0,2.0,108,Debit,2021-08-25,Voucher No. 292 dated 8/25 Anonymized Partner 056,10E200690,Service Fees,,,040,Osaka Branch,630,0,10A100090,Accounts Receivable,23,Anonymized Partner 056,000,Common Department,56013,2021-08
1102.0,2.0,108,Credit,2021-08-25,Voucher No. 292 dated 8/25 Anonymized Partner 056,10A100090,Accounts Receivable,23,Anonymized Partner 056,000,Common Department,0,630,10E200690,Service Fees,,,040,Osaka Branch,18368050,2021-08
1103.0,1.0,109,Debit,2021-08-25,Voucher No. 293 dated 8/25 Anonymized Partner 033,10A100020,Ordinary Deposits,10,DEF Bank Station Branch,000,Common Department,4664656,0,10A100090,Accounts Receivable,25,Anonymized Partner 033,000,Common Department,91602675,2021-08
1103.0,1.0,109,Credit,2021-08-25,Voucher No. 293 dated 8/25 Anonymized Partner 033,10A100090,Accounts Receivable,25,Anonymized Partner 033,000,Common Department,0,4664656,10A100020,Ordinary Deposits,10,DEF Bank Station Branch,000,Common Department,13703394,2021-08
1103.0,2.0,109,Debit,2021-08-25,Voucher No. 293 dated 8/25 Anonymized Partner 033,10E200690,Service Fees,,,010,Sapporo Sales Office,840,0,10A100090,Accounts Receivable,25,Anonymized Partner 033,000,Common Department,56853,2021-08
1103.0,2.0,109,Credit,2021-08-25,Voucher No. 293 dated 8/25 Anonymized Partner 033,10A100090,Accounts Receivable,25,Anonymized Partner 033,000,Common Department,0,840,10E200690,Service Fees,,,010,Sapporo Sales Office,13702554,2021-08
1104.0,1.0,111,Debit,2021-08-25,taxi expense,10E201230,Travel and Transportation Expenses,,,040,Osaka Branch,16300,0,10B100630,Accounts Payable Other,,,000,Common Department,4980555,2021-08
1104.0,1.0,111,Credit,2021-08-25,taxi expense,10B100630,Accounts Payable Other,,,000,Common Department,0,16300,10E201230,Travel and Transportation Expenses,,,040,Osaka Branch,9321774,2021-08
1105.0,1.0,114,Debit,2021-08-25,Newspaper expense,10E201160,Books and Publications,,,040,Osaka Branch,2540,0,10A100020,Cash,,,000,Common Department,102468,2021-08
1105.0,1.0,114,Credit,2021-08-25,Newspaper expense,10A100020,Cash,,,000,Common Department,0,2540,10E201160,Books and Publications,,,040,Osaka Branch,91600135,2021-08
1105.0,2.0,114,Debit,2021-08-25,Newspaper expense,10E201160,Books and Publications,,,040,Osaka Branch,2864,0,10A100020,Cash,,,000,Common Department,105332,2021-08
1105.0,2.0,114,Credit,2021-08-25,Newspaper expense,10A100020,Cash,,,000,Common Department,0,2864,10E201160,Books and Publications,,,040,Osaka Branch,91597271,2021-08
1093.0,1.0,15,Debit,2021-08-25,Car wash expense,10E201120,Vehicle Expenses,,,010,Sapporo Sales Office,3000,0,10A100020,Cash,,,000,Common Department,2483483,2021-08
1093.0,1.0,15,Credit,2021-08-25,Car wash expense,10A100020,Cash,,,000,Common Department,0,3000,10E201120,Vehicle Expenses,,,010,Sapporo Sales Office,91594271,2021-08
1106.0,1.0,171,Debit,2021-08-25,Mobile phone expense,10E200180,Communication Expenses,,,050,Kyushu Sales Office,69329,0,10A100020,Ordinary Deposits,50,MNO Bank Kitakyushu Branch,000,Common Department,5544264,2021-08
1106.0,1.0,171,Credit,2021-08-25,Mobile phone expense,10A100020,Ordinary Deposits,50,MNO Bank Kitakyushu Branch,000,Common Department,0,69329,10E200180,Communication Expenses,,,050,Kyushu Sales Office,91524942,2021-08
1094.0,1.0,26,Debit,2021-08-25,Travel expense,10E201230,Travel and Transportation Expenses,,,010,Sapporo Sales Office,15980,0,10A100020,Cash,,,000,Common Department,4996535,2021-08
1094.0,1.0,26,Credit,2021-08-25,Travel expense,10A100020,Cash,,,000,Common Department,0,15980,10E201230,Travel and Transportation Expenses,,,010,Sapporo Sales Office,91508962,2021-08
1095.0,1.0,37,Debit,2021-08-25,Outsourcing fee,10E200020,Sales Commissions,,,020,Tokyo Branch,1158000,0,10B100630,Accounts Payable Other,,,000,Common Department,10418708,2021-08
1095.0,1.0,37,Credit,2021-08-25,Outsourcing fee,10B100630,Accounts Payable Other,,,000,Common Department,0,1158000,10E200020,Sales Commissions,,,020,Tokyo Branch,10479774,2021-08
1096.0,1.0,62,Debit,2021-08-25,Mobile phone expense,10E200180,Communication Expenses,,,020,Tokyo Branch,96457,0,10A100020,Ordinary Deposits,20,ABC Bank Head Office,000,Common Department,5640721,2021-08
1096.0,1.0,62,Credit,2021-08-25,Mobile phone expense,10A100020,Ordinary Deposits,20,ABC Bank Head Office,000,Common Department,0,96457,10E200180,Communication Expenses,,,020,Tokyo Branch,91412505,2021-08
1097.0,1.0,72,Debit,2021-08-25,Newspaper expense,10E201160,Books and Publications,,,020,Tokyo Branch,2864,0,10A100020,Cash,,,000,Common Department,108196,2021-08
1097.0,1.0,72,Credit,2021-08-25,Newspaper expense,10A100020,Cash,,,000,Common Department,0,2864,10E201160,Books and Publications,,,020,Tokyo Branch,91409641,2021-08
1097.0,2.0,72,Debit,2021-08-25,Newspaper expense,10E201160,Books and Publications,,,020,Tokyo Branch,2815,0,10A100020,Cash,,,000,Common Department,111011,2021-08
1097.0,2.0,72,Credit,2021-08-25,Newspaper expense,10A100020,Cash,,,000,Common Department,0,2815,10E201160,Books and Publications,,,020,Tokyo Branch,91406826,2021-08
1097.0,3.0,72,Debit,2021-08-25,Newspaper expense,10E201160,Books and Publications,,,020,Tokyo Branch,3399,0,10A100020,Cash,,,000,Common Department,114410,2021-08
1097.0,3.0,72,Credit,2021-08-25,Newspaper expense,10A100020,Cash,,,000,Common Department,0,3399,10E201160,Books and Publications,,,020,Tokyo Branch,91403427,2021-08
1098.0,1.0,80,Debit,2021-08-25,taxi expense,10E201230,Travel and Transportation Expenses,,,030,Nagoya Branch,9800,0,10A100020,Cash,,,000,Common Department,5006335,2021-08
1098.0,1.0,80,Credit,2021-08-25,taxi expense,10A100020,Cash,,,000,Common Department,0,9800,10E201230,Travel and Transportation Expenses,,,030,Nagoya Branch,91393627,2021-08
1099.0,1.0,87,Debit,2021-08-25,Mobile phone expense,10E200180,Communication Expenses,,,030,Nagoya Branch,51634,0,10A100020,Ordinary Deposits,30,GHI Bank Nagoya Branch,000,Common Department,5692355,2021-08
1099.0,1.0,87,Credit,2021-08-25,Mobile phone expense,10A100020,Ordinary Deposits,30,GHI Bank Nagoya Branch,000,Common Department,0,51634,10E200180,Communication Expenses,,,030,Nagoya Branch,91341993,2021-08
1109.0,1.0,113,Debit,2021-08-26,Mobile phone expense,10E200180,Communication Expenses,,,040,Osaka Branch,82456,0,10A100020,Ordinary Deposits,40,JKL Bank Umeda Branch,000,Common Department,5774811,2021-08
1109.0,1.0,113,Credit,2021-08-26,Mobile phone expense,10A100020,Ordinary Deposits,40,JKL Bank Umeda Branch,000,Common Department,0,82456,10E200180,Communication Expenses,,,040,Osaka Branch,91259537,2021-08
1110.0,1.0,131,Debit,2021-08-26,Membership fee,10E201140,Membership Fees,,,040,Osaka Branch,24000,0,10A100020,Ordinary Deposits,40,JKL Bank Umeda Branch,000,Common Department,550000,2021-08
1110.0,1.0,131,Credit,2021-08-26,Membership fee,10A100020,Ordinary Deposits,40,JKL Bank Umeda Branch,000,Common Department,0,24000,10E201140,Membership Fees,,,040,Osaka Branch,91235537,2021-08
1111.0,1.0,138,Debit,2021-08-26,Expressway toll,10E201120,Vehicle Expenses,,,040,Osaka Branch,5381,0,10A100020,Cash,,,000,Common Department,2488864,2021-08
1111.0,1.0,138,Credit,2021-08-26,Expressway toll,10A100020,Cash,,,000,Common Department,0,5381,10E201120,Vehicle Expenses,,,040,Osaka Branch,91230156,2021-08
1111.0,2.0,138,Debit,2021-08-26,Expressway toll,10E201120,Vehicle Expenses,,,040,Osaka Branch,3858,0,10A100020,Cash,,,000,Common Department,2492722,2021-08
1111.0,2.0,138,Credit,2021-08-26,Expressway toll,10A100020,Cash,,,000,Common Department,0,3858,10E201120,Vehicle Expenses,,,040,Osaka Branch,91226298,2021-08
1111.0,3.0,138,Debit,2021-08-26,Gasoline,10E201120,Vehicle Expenses,,,040,Osaka Branch,6381,0,10A100020,Cash,,,000,Common Department,2499103,2021-08
1111.0,3.0,138,Credit,2021-08-26,Gasoline,10A100020,Cash,,,000,Common Department,0,6381,10E201120,Vehicle Expenses,,,040,Osaka Branch,91219917,2021-08
1111.0,4.0,138,Debit,2021-08-26,Parking fee,10E201120,Vehicle Expenses,,,040,Osaka Branch,3400,0,10A100020,Cash,,,000,Common Department,2502503,2021-08
1111.0,4.0,138,Credit,2021-08-26,Parking fee,10A100020,Cash,,,000,Common Department,0,3400,10E201120,Vehicle Expenses,,,040,Osaka Branch,91216517,2021-08
1112.0,1.0,146,Debit,2021-08-26,Outsourcing fee,10E200020,Sales Commissions,,,050,Kyushu Sales Office,147000,0,10B100630,Accounts Payable Other,,,000,Common Department,10565708,2021-08
1112.0,1.0,146,Credit,2021-08-26,Outsourcing fee,10B100630,Accounts Payable Other,,,000,Common Department,0,147000,10E200020,Sales Commissions,,,050,Kyushu Sales Office,10626774,2021-08
1113.0,1.0,172,Debit,2021-08-26,Outsourcing fee payment,10E200020,Sales Commissions,,,010,Sapporo Sales Office,104000,0,10B100630,Accounts Payable Other,,,000,Common Department,10669708,2021-08
1113.0,1.0,172,Credit,2021-08-26,Outsourcing fee payment,10B100630,Accounts Payable Other,,,000,Common Department,0,104000,10E200020,Sales Commissions,,,010,Sapporo Sales Office,10730774,2021-08
1107.0,1.0,27,Debit,2021-08-26,Travel expense,10E201230,Travel and Transportation Expenses,,,010,Sapporo Sales Office,26648,0,10A100020,Cash,,,000,Common Department,5032983,2021-08
1107.0,1.0,27,Credit,2021-08-26,Travel expense,10A100020,Cash,,,000,Common Department,0,26648,10E201230,Travel and Transportation Expenses,,,010,Sapporo Sales Office,91189869,2021-08
1107.0,2.0,27,Debit,2021-08-26,Travel expense,10E201230,Travel and Transportation Expenses,,,010,Sapporo Sales Office,34077,0,10A100020,Cash,,,000,Common Department,5067060,2021-08
1107.0,2.0,27,Credit,2021-08-26,Travel expense,10A100020,Cash,,,000,Common Department,0,34077,10E201230,Travel and Transportation Expenses,,,010,Sapporo Sales Office,91155792,2021-08
1107.0,3.0,27,Debit,2021-08-26,Travel expense,10E201230,Travel and Transportation Expenses,,,010,Sapporo Sales Office,25591,0,10A100020,Cash,,,000,Common Department,5092651,2021-08
1107.0,3.0,27,Credit,2021-08-26,Travel expense,10A100020,Cash,,,000,Common Department,0,25591,10E201230,Travel and Transportation Expenses,,,010,Sapporo Sales Office,91130201,2021-08
1108.0,1.0,60,Debit,2021-08-26,Travel expense,10E201230,Travel and Transportation Expenses,,,020,Tokyo Branch,8700,0,10A100020,Cash,,,000,Common Department,5101351,2021-08
1108.0,1.0,60,Credit,2021-08-26,Travel expense,10A100020,Cash,,,000,Common Department,0,8700,10E201230,Travel and Transportation Expenses,,,020,Tokyo Branch,91121501,2021-08
1114.0,1.0,13,Debit,2021-08-27,Gasoline,10E201120,Vehicle Expenses,,,010,Sapporo Sales Office,7648,0,10A100020,Cash,,,000,Common Department,2510151,2021-08
1114.0,1.0,13,Credit,2021-08-27,Gasoline,10A100020,Cash,,,000,Common Department,0,7648,10E201120,Vehicle Expenses,,,010,Sapporo Sales Office,91113853,2021-08
1115.0,1.0,14,Debit,2021-08-27,Gasoline,10E201120,Vehicle Expenses,,,010,Sapporo Sales Office,3000,0,10A100020,Cash,,,000,Common Department,2513151,2021-08
1115.0,1.0,14,Credit,2021-08-27,Gasoline,10A100020,Cash,,,000,Common Department,0,3000,10E201120,Vehicle Expenses,,,010,Sapporo Sales Office,91110853,2021-08
1121.0,1.0,170,Debit,2021-08-27,Newspaper expense,10E201160,Books and Publications,,,050,Kyushu Sales Office,3007,0,10A100020,Cash,,,000,Common Department,117417,2021-08
1121.0,1.0,170,Credit,2021-08-27,Newspaper expense,10A100020,Cash,,,000,Common Department,0,3007,10E201160,Books and Publications,,,050,Kyushu Sales Office,91107846,2021-08
1116.0,1.0,30,Debit,2021-08-27,Insurance Premium payment,10E200240,Insurance Expenses,,,010,Sapporo Sales Office,54320,0,10A100020,Ordinary Deposits,10,DEF Bank Station Branch,000,Common Department,1329600,2021-08
1116.0,1.0,30,Credit,2021-08-27,Insurance Premium payment,10A100020,Ordinary Deposits,10,DEF Bank Station Branch,000,Common Department,0,54320,10E200240,Insurance Expenses,,,010,Sapporo Sales Office,91053526,2021-08
1117.0,1.0,35,Debit,2021-08-27,Newspaper expense,10E201160,Books and Publications,,,010,Sapporo Sales Office,3925,0,10A100020,Cash,,,000,Common Department,121342,2021-08
1117.0,1.0,35,Credit,2021-08-27,Newspaper expense,10A100020,Cash,,,000,Common Department,0,3925,10E201160,Books and Publications,,,010,Sapporo Sales Office,91049601,2021-08
1118.0,1.0,39,Debit,2021-08-27,Membership fee,10E200140,Employee Welfare Expenses,,,020,Tokyo Branch,9000,0,10A100020,Cash,,,000,Common Department,2203102,2021-08
1118.0,1.0,39,Credit,2021-08-27,Membership fee,10A100020,Cash,,,000,Common Department,0,9000,10E200140,Employee Welfare Expenses,,,020,Tokyo Branch,91040601,2021-08
1119.0,1.0,78,Debit,2021-08-27,Outsourcing fee payment,10E200020,Sales Commissions,,,030,Nagoya Branch,189000,0,10B100630,Accounts Payable Other,,,000,Common Department,10858708,2021-08
1119.0,1.0,78,Credit,2021-08-27,Outsourcing fee payment,10B100630,Accounts Payable Other,,,000,Common Department,0,189000,10E200020,Sales Commissions,,,030,Nagoya Branch,10919774,2021-08
1120.0,1.0,88,Debit,2021-08-27,Newspaper expense,10E201160,Books and Publications,,,030,Nagoya Branch,3568,0,10A100020,Cash,,,000,Common Department,124910,2021-08
1120.0,1.0,88,Credit,2021-08-27,Newspaper expense,10A100020,Cash,,,000,Common Department,0,3568,10E201160,Books and Publications,,,030,Nagoya Branch,91037033,2021-08
1126.0,1.0,140,Debit,2021-08-28,Funds transfer,10A100020,Ordinary Deposits,20,ABC Bank Head Office,000,Common Department,5000000,0,10A100020,Ordinary Deposits,10,DEF Bank Station Branch,000,Common Department,96037033,2021-08
1126.0,1.0,140,Credit,2021-08-28,Funds transfer,10A100020,Ordinary Deposits,10,DEF Bank Station Branch,000,Common Department,0,5000000,10A100020,Ordinary Deposits,20,ABC Bank Head Office,000,Common Department,91037033,2021-08
1126.0,2.0,140,Debit,2021-08-28,Funds transfer,10A100020,Ordinary Deposits,20,ABC Bank Head Office,000,Common Department,4000000,0,10A100020,Ordinary Deposits,30,GHI Bank Nagoya Branch,000,Common Department,95037033,2021-08
1126.0,2.0,140,Credit,2021-08-28,Funds transfer,10A100020,Ordinary Deposits,30,GHI Bank Nagoya Branch,000,Common Department,0,4000000,10A100020,Ordinary Deposits,20,ABC Bank Head Office,000,Common Department,91037033,2021-08
1126.0,3.0,140,Debit,2021-08-28,Funds transfer,10A100020,Ordinary Deposits,20,ABC Bank Head Office,000,Common Department,3500000,0,10A100020,Ordinary Deposits,40,JKL Bank Umeda Branch,000,Common Department,94537033,2021-08
1126.0,3.0,140,Credit,2021-08-28,Funds transfer,10A100020,Ordinary Deposits,40,JKL Bank Umeda Branch,000,Common Department,0,3500000,10A100020,Ordinary Deposits,20,ABC Bank Head Office,000,Common Department,91037033,2021-08
1126.0,4.0,140,Debit,2021-08-28,Funds transfer,10A100020,Ordinary Deposits,20,ABC Bank Head Office,000,Common Department,3000000,0,10A100020,Ordinary Deposits,50,MNO Bank Kitakyushu Branch,000,Common Department,94037033,2021-08
1126.0,4.0,140,Credit,2021-08-28,Funds transfer,10A100020,Ordinary Deposits,50,MNO Bank Kitakyushu Branch,000,Common Department,0,3000000,10A100020,Ordinary Deposits,20,ABC Bank Head Office,000,Common Department,91037033,2021-08
1122.0,1.0,3,Debit,2021-08-28,Lodging expense,10E200140,Employee Welfare Expenses,,,010,Sapporo Sales Office,31180,0,10B100630,Accounts Payable Other,,,000,Common Department,2234282,2021-08
1122.0,1.0,3,Credit,2021-08-28,Lodging expense,10B100630,Accounts Payable Other,,,000,Common Department,0,31180,10E200140,Employee Welfare Expenses,,,010,Sapporo Sales Office,10950954,2021-08
1123.0,1.0,54,Debit,2021-08-28,Expressway toll,10E201120,Vehicle Expenses,,,020,Tokyo Branch,1715,0,10A100020,Cash,,,000,Common Department,2514866,2021-08
1123.0,1.0,54,Credit,2021-08-28,Expressway toll,10A100020,Cash,,,000,Common Department,0,1715,10E201120,Vehicle Expenses,,,020,Tokyo Branch,91035318,2021-08
1123.0,2.0,54,Debit,2021-08-28,Parking fee,10E201120,Vehicle Expenses,,,020,Tokyo Branch,858,0,10A100020,Cash,,,000,Common Department,2515724,2021-08
1123.0,2.0,54,Credit,2021-08-28,Parking fee,10A100020,Cash,,,000,Common Department,0,858,10E201120,Vehicle Expenses,,,020,Tokyo Branch,91034460,2021-08
1124.0,1.0,75,Debit,2021-08-28,Meal expense Anonymized Store 071 10 people,10E200150,Entertainment Expenses,,,020,Tokyo Branch,40320,0,10A100020,Cash,,,000,Common Department,1668084,2021-08
1124.0,1.0,75,Credit,2021-08-28,Meal expense Anonymized Store 071 10 people,10A100020,Cash,,,000,Common Department,0,40320,10E200150,Entertainment Expenses,,,020,Tokyo Branch,90994140,2021-08
1125.0,1.0,93,Debit,2021-08-28,Repair expense,10E201000,Repairs and Maintenance,,,050,Kyushu Sales Office,17850,0,10B100630,Accounts Payable Other,,,000,Common Department,230100,2021-08
1125.0,1.0,93,Credit,2021-08-28,Repair expense,10B100630,Accounts Payable Other,,,000,Common Department,0,17850,10E201000,Repairs and Maintenance,,,050,Kyushu Sales Office,10968804,2021-08
1127.0,1.0,67,Debit,2021-08-29,Membership fee Payment,10E201140,Membership Fees,,,020,Tokyo Branch,30000,0,10A100020,Cash,,,000,Common Department,580000,2021-08
1127.0,1.0,67,Credit,2021-08-29,Membership fee Payment,10A100020,Cash,,,000,Common Department,0,30000,10E201140,Membership Fees,,,020,Tokyo Branch,90964140,2021-08
1128.0,1.0,70,Debit,2021-08-29,golf play expense 4 people,10E200150,Entertainment Expenses,,,020,Tokyo Branch,42800,0,10A100020,Cash,,,000,Common Department,1710884,2021-08
1128.0,1.0,70,Credit,2021-08-29,golf play expense 4 people,10A100020,Cash,,,000,Common Department,0,42800,10E200150,Entertainment Expenses,,,020,Tokyo Branch,90921340,2021-08
1135.0,1.0,100,Debit,2021-08-30,Membership fee,10E200140,Employee Welfare Expenses,,,040,Osaka Branch,6000,0,10A100020,Cash,,,000,Common Department,2240282,2021-08
1135.0,1.0,100,Credit,2021-08-30,Membership fee,10A100020,Cash,,,000,Common Department,0,6000,10E200140,Employee Welfare Expenses,,,040,Osaka Branch,90915340,2021-08
1136.0,1.0,115,Debit,2021-08-30,Insurance Expenses,10E200240,Insurance Expenses,,,040,Osaka Branch,64500,0,10A100020,Ordinary Deposits,40,JKL Bank Umeda Branch,000,Common Department,1394100,2021-08
1136.0,1.0,115,Credit,2021-08-30,Insurance Expenses,10A100020,Ordinary Deposits,40,JKL Bank Umeda Branch,000,Common Department,0,64500,10E200240,Insurance Expenses,,,040,Osaka Branch,90850840,2021-08
1137.0,1.0,121,Debit,2021-08-30,Tea expense,10E200140,Employee Welfare Expenses,,,040,Osaka Branch,12000,0,10A100020,Cash,,,000,Common Department,2252282,2021-08
1137.0,1.0,121,Credit,2021-08-30,Tea expense,10A100020,Cash,,,000,Common Department,0,12000,10E200140,Employee Welfare Expenses,,,040,Osaka Branch,90838840,2021-08
1138.0,1.0,137,Debit,2021-08-30,Wired service fee,10E201270,Miscellaneous Expenses,,,040,Osaka Branch,6000,0,10B100630,Accounts Payable Other,,,000,Common Department,2127372,2021-08
1138.0,1.0,137,Credit,2021-08-30,Wired service fee,10B100630,Accounts Payable Other,,,000,Common Department,0,6000,10E201270,Miscellaneous Expenses,,,040,Osaka Branch,10974804,2021-08
1138.0,2.0,137,Debit,2021-08-30,Security fee,10E201270,Miscellaneous Expenses,,,040,Osaka Branch,42858,0,10B100630,Accounts Payable Other,,,000,Common Department,2170230,2021-08
1138.0,2.0,137,Credit,2021-08-30,Security fee,10B100630,Accounts Payable Other,,,000,Common Department,0,42858,10E201270,Miscellaneous Expenses,,,040,Osaka Branch,11017662,2021-08
1138.0,3.0,137,Debit,2021-08-30,Expressway toll,10E201120,Vehicle Expenses,,,040,Osaka Branch,45070,0,10A100020,Ordinary Deposits,40,JKL Bank Umeda Branch,000,Common Department,2560794,2021-08
1138.0,3.0,137,Credit,2021-08-30,Expressway toll,10A100020,Ordinary Deposits,40,JKL Bank Umeda Branch,000,Common Department,0,45070,10E201120,Vehicle Expenses,,,040,Osaka Branch,90793770,2021-08
1138.0,4.0,137,Debit,2021-08-30,Cleaning fee,10E201270,Miscellaneous Expenses,,,040,Osaka Branch,73500,0,10B100630,Accounts Payable Other,,,000,Common Department,2243730,2021-08
1138.0,4.0,137,Credit,2021-08-30,Cleaning fee,10B100630,Accounts Payable Other,,,000,Common Department,0,73500,10E201270,Miscellaneous Expenses,,,040,Osaka Branch,11091162,2021-08
1129.0,1.0,49,Debit,2021-08-30,Gasoline,10E201120,Vehicle Expenses,,,020,Tokyo Branch,170382,0,10A100020,Cash,,,000,Common Department,2731176,2021-08
1129.0,1.0,49,Credit,2021-08-30,Gasoline,10A100020,Cash,,,000,Common Department,0,170382,10E201120,Vehicle Expenses,,,020,Tokyo Branch,90623388,2021-08
1129.0,2.0,49,Debit,2021-08-30,Vehicle management expense,10E201120,Vehicle Expenses,,,020,Tokyo Branch,24532,0,10A100020,Cash,,,000,Common Department,2755708,2021-08
1129.0,2.0,49,Credit,2021-08-30,Vehicle management expense,10A100020,Cash,,,000,Common Department,0,24532,10E201120,Vehicle Expenses,,,020,Tokyo Branch,90598856,2021-08
1130.0,1.0,70,Debit,2021-08-30,Wired service fee,10E201270,Miscellaneous Expenses,,,020,Tokyo Branch,6000,0,10B100630,Accounts Payable Other,,,000,Common Department,2249730,2021-08
1130.0,1.0,70,Credit,2021-08-30,Wired service fee,10B100630,Accounts Payable Other,,,000,Common Department,0,6000,10E201270,Miscellaneous Expenses,,,020,Tokyo Branch,11097162,2021-08
1130.0,2.0,70,Debit,2021-08-30,Security fee,10E201270,Miscellaneous Expenses,,,020,Tokyo Branch,52381,0,10B100630,Accounts Payable Other,,,000,Common Department,2302111,2021-08
1130.0,2.0,70,Credit,2021-08-30,Security fee,10B100630,Accounts Payable Other,,,000,Common Department,0,52381,10E201270,Miscellaneous Expenses,,,020,Tokyo Branch,11149543,2021-08
1130.0,3.0,70,Debit,2021-08-30,Expressway toll,10E201120,Vehicle Expenses,,,020,Tokyo Branch,56500,0,10A100020,Cash,,,000,Common Department,2812208,2021-08
1130.0,3.0,70,Credit,2021-08-30,Expressway toll,10A100020,Cash,,,000,Common Department,0,56500,10E201120,Vehicle Expenses,,,020,Tokyo Branch,90542356,2021-08
1130.0,4.0,70,Debit,2021-08-30,Cleaning fee,10E201270,Miscellaneous Expenses,,,020,Tokyo Branch,73500,0,10B100630,Accounts Payable Other,,,000,Common Department,2375611,2021-08
1130.0,4.0,70,Credit,2021-08-30,Cleaning fee,10B100630,Accounts Payable Other,,,000,Common Department,0,73500,10E201270,Miscellaneous Expenses,,,020,Tokyo Branch,11223043,2021-08
1131.0,1.0,76,Debit,2021-08-30,Gasoline,10E201120,Vehicle Expenses,,,050,Kyushu Sales Office,5623,0,10A100020,Cash,,,000,Common Department,2817831,2021-08
1131.0,1.0,76,Credit,2021-08-30,Gasoline,10A100020,Cash,,,000,Common Department,0,5623,10E201120,Vehicle Expenses,,,050,Kyushu Sales Office,90536733,2021-08
1131.0,2.0,76,Debit,2021-08-30,tires expense 175/60-14 4units,10E201120,Vehicle Expenses,,,050,Kyushu Sales Office,42286,0,10A100020,Cash,,,000,Common Department,2860117,2021-08
1131.0,2.0,76,Credit,2021-08-30,tires expense 175/60-14 4units,10A100020,Cash,,,000,Common Department,0,42286,10E201120,Vehicle Expenses,,,050,Kyushu Sales Office,90494447,2021-08
1131.0,3.0,76,Debit,2021-08-30,tire replacement expense,10E201120,Vehicle Expenses,,,050,Kyushu Sales Office,1200,0,10A100020,Cash,,,000,Common Department,2861317,2021-08
1131.0,3.0,76,Credit,2021-08-30,tire replacement expense,10A100020,Cash,,,000,Common Department,0,1200,10E201120,Vehicle Expenses,,,050,Kyushu Sales Office,90493247,2021-08
1132.0,1.0,81,Debit,2021-08-30,Tea expense,10E200140,Employee Welfare Expenses,,,030,Nagoya Branch,19800,0,10B100630,Accounts Payable Other,,,000,Common Department,2272082,2021-08
1132.0,1.0,81,Credit,2021-08-30,Tea expense,10B100630,Accounts Payable Other,,,000,Common Department,0,19800,10E200140,Employee Welfare Expenses,,,030,Nagoya Branch,11242843,2021-08
1133.0,1.0,96,Debit,2021-08-30,Security fee,10E201270,Miscellaneous Expenses,,,030,Nagoya Branch,22470,0,10A100020,Ordinary Deposits,30,GHI Bank Nagoya Branch,000,Common Department,2398081,2021-08
1133.0,1.0,96,Credit,2021-08-30,Security fee,10A100020,Ordinary Deposits,30,GHI Bank Nagoya Branch,000,Common Department,0,22470,10E201270,Miscellaneous Expenses,,,030,Nagoya Branch,90470777,2021-08
1134.0,1.0,99,Debit,2021-08-30,Freight Expenses,10E200870,Freight Expenses,,,040,Osaka Branch,684500,0,10B100630,Accounts Payable Other,,,000,Common Department,15250867,2021-08
1134.0,1.0,99,Credit,2021-08-30,Freight Expenses,10B100630,Accounts Payable Other,,,000,Common Department,0,684500,10E200870,Freight Expenses,,,040,Osaka Branch,11927343,2021-08
1139.0,1.0,1,Debit,2021-08-31,Freight Anonymized Carrier B,10E200870,Freight Expenses,,,010,Sapporo Sales Office,88330,0,10B100630,Accounts Payable Other,,,000,Common Department,15339197,2021-08
1139.0,1.0,1,Credit,2021-08-31,Freight Anonymized Carrier B,10B100630,Accounts Payable Other,,,000,Common Department,0,88330,10E200870,Freight Expenses,,,010,Sapporo Sales Office,12015673,2021-08
1150.0,1.0,108,Debit,2021-08-31,Cof fee expense 2 people,10E200150,Entertainment Expenses,,,040,Osaka Branch,1360,0,10A100020,Cash,,,000,Common Department,1712244,2021-08
1150.0,1.0,108,Credit,2021-08-31,Cof fee expense 2 people,10A100020,Cash,,,000,Common Department,0,1360,10E200150,Entertainment Expenses,,,040,Osaka Branch,90469417,2021-08
1151.0,1.0,110,Debit,2021-08-31,8/1-8/31 periodSales,10A100090,Accounts Receivable,14,Anonymized Partner 066,000,Common Department,1577184,0,10D100100,Gross Sales,,,010,Sapporo Sales Office,15279738,2021-08
1151.0,1.0,110,Credit,2021-08-31,8/1-8/31 periodSales,10D100100,Gross Sales,,,010,Sapporo Sales Office,0,1577184,10A100090,Accounts Receivable,14,Anonymized Partner 066,000,Common Department,244442917,2021-08
1151.0,2.0,110,Debit,2021-08-31,8/1-8/31 periodSales,10A100090,Accounts Receivable,25,Anonymized Partner 033,000,Common Department,3658726,0,10D100100,Gross Sales,,,010,Sapporo Sales Office,18938464,2021-08
1151.0,2.0,110,Credit,2021-08-31,8/1-8/31 periodSales,10D100100,Gross Sales,,,010,Sapporo Sales Office,0,3658726,10A100090,Accounts Receivable,25,Anonymized Partner 033,000,Common Department,248101643,2021-08
1151.0,3.0,110,Debit,2021-08-31,8/1-8/31 periodSales,10A100090,Accounts Receivable,5,Anonymized Partner 030,000,Common Department,971864,0,10D100100,Gross Sales,,,010,Sapporo Sales Office,19910328,2021-08
1151.0,3.0,110,Credit,2021-08-31,8/1-8/31 periodSales,10D100100,Gross Sales,,,010,Sapporo Sales Office,0,971864,10A100090,Accounts Receivable,5,Anonymized Partner 030,000,Common Department,249073507,2021-08
1152.0,1.0,111,Debit,2021-08-31,8/1-8/31 periodSales,10A100090,Accounts Receivable,2,Anonymized Partner 057,000,Common Department,13866393,0,10D100100,Gross Sales,,,020,Tokyo Branch,33776721,2021-08
1152.0,1.0,111,Credit,2021-08-31,8/1-8/31 periodSales,10D100100,Gross Sales,,,020,Tokyo Branch,0,13866393,10A100090,Accounts Receivable,2,Anonymized Partner 057,000,Common Department,262939900,2021-08
1152.0,2.0,111,Debit,2021-08-31,8/1-8/31 periodSales,10A100090,Accounts Receivable,11,Anonymized Partner 058,000,Common Department,692628,0,10D100100,Gross Sales,,,020,Tokyo Branch,34469349,2021-08
1152.0,2.0,111,Credit,2021-08-31,8/1-8/31 periodSales,10D100100,Gross Sales,,,020,Tokyo Branch,0,692628,10A100090,Accounts Receivable,11,Anonymized Partner 058,000,Common Department,263632528,2021-08
1152.0,3.0,111,Debit,2021-08-31,8/1-8/31 periodSales,10A100090,Accounts Receivable,12,Anonymized Partner 065,000,Common Department,10599606,0,10D100100,Gross Sales,,,020,Tokyo Branch,45068955,2021-08
1152.0,3.0,111,Credit,2021-08-31,8/1-8/31 periodSales,10D100100,Gross Sales,,,020,Tokyo Branch,0,10599606,10A100090,Accounts Receivable,12,Anonymized Partner 065,000,Common Department,274232134,2021-08
1152.0,4.0,111,Debit,2021-08-31,8/1-8/31 periodSales,10A100090,Accounts Receivable,13,Anonymized Partner 023,000,Common Department,1088296,0,10D100100,Gross Sales,,,020,Tokyo Branch,46157251,2021-08
1152.0,4.0,111,Credit,2021-08-31,8/1-8/31 periodSales,10D100100,Gross Sales,,,020,Tokyo Branch,0,1088296,10A100090,Accounts Receivable,13,Anonymized Partner 023,000,Common Department,275320430,2021-08
1152.0,5.0,111,Debit,2021-08-31,8/1-8/31 periodSales,10A100090,Accounts Receivable,14,Anonymized Partner 066,000,Common Department,2070096,0,10D100100,Gross Sales,,,020,Tokyo Branch,48227347,2021-08
1152.0,5.0,111,Credit,2021-08-31,8/1-8/31 periodSales,10D100100,Gross Sales,,,020,Tokyo Branch,0,2070096,10A100090,Accounts Receivable,14,Anonymized Partner 066,000,Common Department,277390526,2021-08
1152.0,6.0,111,Debit,2021-08-31,8/1-8/31 periodSales,10A100090,Accounts Receivable,10,Anonymized Partner 012,000,Common Department,666376,0,10D100100,Gross Sales,,,020,Tokyo Branch,48893723,2021-08
1152.0,6.0,111,Credit,2021-08-31,8/1-8/31 periodSales,10D100100,Gross Sales,,,020,Tokyo Branch,0,666376,10A100090,Accounts Receivable,10,Anonymized Partner 012,000,Common Department,278056902,2021-08
1152.0,7.0,111,Debit,2021-08-31,8/1-8/31 periodSales,10A100090,Accounts Receivable,26,Anonymized Partner 082,000,Common Department,919640,0,10D100100,Gross Sales,,,020,Tokyo Branch,49813363,2021-08
1152.0,7.0,111,Credit,2021-08-31,8/1-8/31 periodSales,10D100100,Gross Sales,,,020,Tokyo Branch,0,919640,10A100090,Accounts Receivable,26,Anonymized Partner 082,000,Common Department,278976542,2021-08
1152.0,8.0,111,Debit,2021-08-31,8/1-8/31 periodSales,10A100090,Accounts Receivable,30,Anonymized Partner 052,000,Common Department,914454,0,10D100100,Gross Sales,,,020,Tokyo Branch,50727817,2021-08
1152.0,8.0,111,Credit,2021-08-31,8/1-8/31 periodSales,10D100100,Gross Sales,,,020,Tokyo Branch,0,914454,10A100090,Accounts Receivable,30,Anonymized Partner 052,000,Common Department,279890996,2021-08
1152.0,9.0,111,Debit,2021-08-31,8/1-8/31 periodSales,10A100090,Accounts Receivable,24,Anonymized Partner 081,000,Common Department,544580,0,10D100100,Gross Sales,,,020,Tokyo Branch,51272397,2021-08
1152.0,9.0,111,Credit,2021-08-31,8/1-8/31 periodSales,10D100100,Gross Sales,,,020,Tokyo Branch,0,544580,10A100090,Accounts Receivable,24,Anonymized Partner 081,000,Common Department,280435576,2021-08
1153.0,1.0,112,Debit,2021-08-31,8/1-8/31 periodSales,10A100090,Accounts Receivable,6,Anonymized Partner 061,000,Common Department,1018045,0,10D100100,Gross Sales,,,030,Nagoya Branch,52290442,2021-08
1153.0,1.0,112,Credit,2021-08-31,8/1-8/31 periodSales,10D100100,Gross Sales,,,030,Nagoya Branch,0,1018045,10A100090,Accounts Receivable,6,Anonymized Partner 061,000,Common Department,281453621,2021-08
1153.0,2.0,112,Debit,2021-08-31,8/1-8/31 periodSales,10A100090,Accounts Receivable,7,Anonymized Partner 042,000,Common Department,1120992,0,10D100100,Gross Sales,,,030,Nagoya Branch,53411434,2021-08
1153.0,2.0,112,Credit,2021-08-31,8/1-8/31 periodSales,10D100100,Gross Sales,,,030,Nagoya Branch,0,1120992,10A100090,Accounts Receivable,7,Anonymized Partner 042,000,Common Department,282574613,2021-08
1153.0,3.0,112,Debit,2021-08-31,8/1-8/31 periodSales,10A100090,Accounts Receivable,19,Anonymized Partner 045,000,Common Department,5817092,0,10D100100,Gross Sales,,,030,Nagoya Branch,59228526,2021-08
1153.0,3.0,112,Credit,2021-08-31,8/1-8/31 periodSales,10D100100,Gross Sales,,,030,Nagoya Branch,0,5817092,10A100090,Accounts Receivable,19,Anonymized Partner 045,000,Common Department,288391705,2021-08
1153.0,4.0,112,Debit,2021-08-31,8/1-8/31 periodSales,10A100090,Accounts Receivable,14,Anonymized Partner 066,000,Common Department,1108960,0,10D100100,Gross Sales,,,030,Nagoya Branch,60337486,2021-08
1153.0,4.0,112,Credit,2021-08-31,8/1-8/31 periodSales,10D100100,Gross Sales,,,030,Nagoya Branch,0,1108960,10A100090,Accounts Receivable,14,Anonymized Partner 066,000,Common Department,289500665,2021-08
1153.0,5.0,112,Debit,2021-08-31,8/1-8/31 periodSales,10A100090,Accounts Receivable,21,Anonymized Partner 014,000,Common Department,2661680,0,10D100100,Gross Sales,,,030,Nagoya Branch,62999166,2021-08
1153.0,5.0,112,Credit,2021-08-31,8/1-8/31 periodSales,10D100100,Gross Sales,,,030,Nagoya Branch,0,2661680,10A100090,Accounts Receivable,21,Anonymized Partner 014,000,Common Department,292162345,2021-08
1153.0,6.0,112,Debit,2021-08-31,8/1-8/31 periodSales,10A100090,Accounts Receivable,27,Anonymized Partner 025,000,Common Department,1695610,0,10D100100,Gross Sales,,,030,Nagoya Branch,64694776,2021-08
1153.0,6.0,112,Credit,2021-08-31,8/1-8/31 periodSales,10D100100,Gross Sales,,,030,Nagoya Branch,0,1695610,10A100090,Accounts Receivable,27,Anonymized Partner 025,000,Common Department,293857955,2021-08
1154.0,1.0,113,Debit,2021-08-31,8/1-8/31 periodSales,10A100090,Accounts Receivable,9,Anonymized Partner 026,000,Common Department,673120,0,10D100100,Gross Sales,,,040,Osaka Branch,65367896,2021-08
1154.0,1.0,113,Credit,2021-08-31,8/1-8/31 periodSales,10D100100,Gross Sales,,,040,Osaka Branch,0,673120,10A100090,Accounts Receivable,9,Anonymized Partner 026,000,Common Department,294531075,2021-08
1154.0,2.0,113,Debit,2021-08-31,8/1-8/31 periodSales,10A100090,Accounts Receivable,20,Anonymized Partner 079,000,Common Department,1128590,0,10D100100,Gross Sales,,,040,Osaka Branch,66496486,2021-08
1154.0,2.0,113,Credit,2021-08-31,8/1-8/31 periodSales,10D100100,Gross Sales,,,040,Osaka Branch,0,1128590,10A100090,Accounts Receivable,20,Anonymized Partner 079,000,Common Department,295659665,2021-08
1154.0,3.0,113,Debit,2021-08-31,8/1-8/31 periodSales,10A100090,Accounts Receivable,8,Anonymized Partner 073,000,Common Department,710064,0,10D100100,Gross Sales,,,040,Osaka Branch,67206550,2021-08
1154.0,3.0,113,Credit,2021-08-31,8/1-8/31 periodSales,10D100100,Gross Sales,,,040,Osaka Branch,0,710064,10A100090,Accounts Receivable,8,Anonymized Partner 073,000,Common Department,296369729,2021-08
1154.0,4.0,113,Debit,2021-08-31,8/1-8/31 periodSales,10A100090,Accounts Receivable,14,Anonymized Partner 066,000,Common Department,2583057,0,10D100100,Gross Sales,,,040,Osaka Branch,69789607,2021-08
1154.0,4.0,113,Credit,2021-08-31,8/1-8/31 periodSales,10D100100,Gross Sales,,,040,Osaka Branch,0,2583057,10A100090,Accounts Receivable,14,Anonymized Partner 066,000,Common Department,298952786,2021-08
1154.0,5.0,113,Debit,2021-08-31,8/1-8/31 periodSales,10A100090,Accounts Receivable,28,Anonymized Partner 072,000,Common Department,6477499,0,10D100100,Gross Sales,,,040,Osaka Branch,76267106,2021-08
1154.0,5.0,113,Credit,2021-08-31,8/1-8/31 periodSales,10D100100,Gross Sales,,,040,Osaka Branch,0,6477499,10A100090,Accounts Receivable,28,Anonymized Partner 072,000,Common Department,305430285,2021-08
1154.0,6.0,113,Debit,2021-08-31,8/1-8/31 periodSales,10A100090,Accounts Receivable,4,Anonymized Partner 032,000,Common Department,698808,0,10D100100,Gross Sales,,,040,Osaka Branch,76965914,2021-08
1154.0,6.0,113,Credit,2021-08-31,8/1-8/31 periodSales,10D100100,Gross Sales,,,040,Osaka Branch,0,698808,10A100090,Accounts Receivable,4,Anonymized Partner 032,000,Common Department,306129093,2021-08
1154.0,7.0,113,Debit,2021-08-31,8/1-8/31 periodSales,10A100090,Accounts Receivable,3,Anonymized Partner 085,000,Common Department,558315,0,10D100100,Gross Sales,,,040,Osaka Branch,77524229,2021-08
1154.0,7.0,113,Credit,2021-08-31,8/1-8/31 periodSales,10D100100,Gross Sales,,,040,Osaka Branch,0,558315,10A100090,Accounts Receivable,3,Anonymized Partner 085,000,Common Department,306687408,2021-08
1154.0,8.0,113,Debit,2021-08-31,8/1-8/31 periodSales,10A100090,Accounts Receivable,23,Anonymized Partner 056,000,Common Department,659000,0,10D100100,Gross Sales,,,040,Osaka Branch,78183229,2021-08
1154.0,8.0,113,Credit,2021-08-31,8/1-8/31 periodSales,10D100100,Gross Sales,,,040,Osaka Branch,0,659000,10A100090,Accounts Receivable,23,Anonymized Partner 056,000,Common Department,307346408,2021-08
1155.0,1.0,114,Debit,2021-08-31,8/1-8/31 periodSales,10A100090,Accounts Receivable,1,Anonymized Partner 068,000,Common Department,1096420,0,10D100100,Gross Sales,,,050,Kyushu Sales Office,79279649,2021-08
1155.0,1.0,114,Credit,2021-08-31,8/1-8/31 periodSales,10D100100,Gross Sales,,,050,Kyushu Sales Office,0,1096420,10A100090,Accounts Receivable,1,Anonymized Partner 068,000,Common Department,308442828,2021-08
1155.0,2.0,114,Debit,2021-08-31,8/1-8/31 periodSales,10A100090,Accounts Receivable,14,Anonymized Partner 066,000,Common Department,747840,0,10D100100,Gross Sales,,,050,Kyushu Sales Office,80027489,2021-08
1155.0,2.0,114,Credit,2021-08-31,8/1-8/31 periodSales,10D100100,Gross Sales,,,050,Kyushu Sales Office,0,747840,10A100090,Accounts Receivable,14,Anonymized Partner 066,000,Common Department,309190668,2021-08
1155.0,3.0,114,Debit,2021-08-31,8/1-8/31 periodSales,10A100090,Accounts Receivable,29,Anonymized Partner 049,000,Common Department,554400,0,10D100100,Gross Sales,,,050,Kyushu Sales Office,80581889,2021-08
1155.0,3.0,114,Credit,2021-08-31,8/1-8/31 periodSales,10D100100,Gross Sales,,,050,Kyushu Sales Office,0,554400,10A100090,Accounts Receivable,29,Anonymized Partner 049,000,Common Department,309745068,2021-08
1155.0,4.0,114,Debit,2021-08-31,8/1-8/31 periodSales,10A100090,Accounts Receivable,22,Anonymized Partner 070,000,Common Department,746944,0,10D100100,Gross Sales,,,050,Kyushu Sales Office,81328833,2021-08
1155.0,4.0,114,Credit,2021-08-31,8/1-8/31 periodSales,10D100100,Gross Sales,,,050,Kyushu Sales Office,0,746944,10A100090,Accounts Receivable,22,Anonymized Partner 070,000,Common Department,310492012,2021-08
1156.0,1.0,115,Debit,2021-08-31,Voucher No. 294 dated 8/31 Anonymized Partner 032,10A100020,Ordinary Deposits,40,JKL Bank Umeda Branch,000,Common Department,1118800,0,10A100090,Accounts Receivable,4,Anonymized Partner 032,000,Common Department,91588217,2021-08
1156.0,1.0,115,Credit,2021-08-31,Voucher No. 294 dated 8/31 Anonymized Partner 032,10A100090,Accounts Receivable,4,Anonymized Partner 032,000,Common Department,0,1118800,10A100020,Ordinary Deposits,40,JKL Bank Umeda Branch,000,Common Department,80210033,2021-08
1156.0,2.0,115,Debit,2021-08-31,Voucher No. 294 dated 8/31 Anonymized Partner 032,10E200690,Service Fees,,,040,Osaka Branch,840,0,10A100090,Accounts Receivable,4,Anonymized Partner 032,000,Common Department,57693,2021-08
1156.0,2.0,115,Credit,2021-08-31,Voucher No. 294 dated 8/31 Anonymized Partner 032,10A100090,Accounts Receivable,4,Anonymized Partner 032,000,Common Department,0,840,10E200690,Service Fees,,,040,Osaka Branch,80209193,2021-08
1157.0,1.0,116,Debit,2021-08-31,Voucher No. 295 dated 8/31 Anonymized Partner 030,10A100020,Ordinary Deposits,10,DEF Bank Station Branch,000,Common Department,1266144,0,10A100090,Accounts Receivable,5,Anonymized Partner 030,000,Common Department,92854361,2021-08
1157.0,1.0,116,Credit,2021-08-31,Voucher No. 295 dated 8/31 Anonymized Partner 030,10A100090,Accounts Receivable,5,Anonymized Partner 030,000,Common Department,0,1266144,10A100020,Ordinary Deposits,10,DEF Bank Station Branch,000,Common Department,78943049,2021-08
1157.0,2.0,116,Debit,2021-08-31,Voucher No. 295 dated 8/31 Anonymized Partner 030,10E200690,Service Fees,,,010,Sapporo Sales Office,840,0,10A100090,Accounts Receivable,5,Anonymized Partner 030,000,Common Department,58533,2021-08
1157.0,2.0,116,Credit,2021-08-31,Voucher No. 295 dated 8/31 Anonymized Partner 030,10A100090,Accounts Receivable,5,Anonymized Partner 030,000,Common Department,0,840,10E200690,Service Fees,,,010,Sapporo Sales Office,78942209,2021-08
1157.0,3.0,116,Debit,2021-08-31,lease fee,10E200730,Land and Building Rent,,,040,Osaka Branch,84000,0,10A100020,Ordinary Deposits,40,JKL Bank Umeda Branch,000,Common Department,1259400,2021-08
1157.0,3.0,116,Credit,2021-08-31,lease fee,10A100020,Ordinary Deposits,40,JKL Bank Umeda Branch,000,Common Department,0,84000,10E200730,Land and Building Rent,,,040,Osaka Branch,92770361,2021-08
1158.0,1.0,117,Debit,2021-08-31,Voucher No. 296 dated 8/31 Anonymized Partner 065 | Sales voucher=20210731-114;Note number=R20210831-117-12,10A100060,Notes Receivable,,,000,Common Department,9670318,0,10A100090,Accounts Receivable,12,Anonymized Partner 065,000,Common Department,75294396,2021-08
1158.0,1.0,117,Credit,2021-08-31,Voucher No. 296 dated 8/31 Anonymized Partner 065 | Sales voucher=20210731-114;Note number=R20210831-117-12,10A100090,Accounts Receivable,12,Anonymized Partner 065,000,Common Department,0,9670318,10A100060,Notes Receivable,,,000,Common Department,69271891,2021-08
1159.0,1.0,118,Debit,2021-08-31,Voucher No. 297 dated 8/31 Anonymized Partner 081,10A100020,Ordinary Deposits,20,ABC Bank Head Office,000,Common Department,375874,0,10A100090,Accounts Receivable,24,Anonymized Partner 081,000,Common Department,93146235,2021-08
1159.0,1.0,118,Credit,2021-08-31,Voucher No. 297 dated 8/31 Anonymized Partner 081,10A100090,Accounts Receivable,24,Anonymized Partner 081,000,Common Department,0,375874,10A100020,Ordinary Deposits,20,ABC Bank Head Office,000,Common Department,68896017,2021-08
1159.0,2.0,118,Debit,2021-08-31,Voucher No. 297 dated 8/31 Anonymized Partner 081,10E200690,Service Fees,,,020,Tokyo Branch,630,0,10A100090,Accounts Receivable,24,Anonymized Partner 081,000,Common Department,59163,2021-08
1159.0,2.0,118,Credit,2021-08-31,Voucher No. 297 dated 8/31 Anonymized Partner 081,10A100090,Accounts Receivable,24,Anonymized Partner 081,000,Common Department,0,630,10E200690,Service Fees,,,020,Tokyo Branch,68895387,2021-08
1160.0,1.0,119,Debit,2021-08-31,Voucher No. 298 dated 8/31 Anonymized Partner 049,10A100020,Ordinary Deposits,50,MNO Bank Kitakyushu Branch,000,Common Department,963405,0,10A100090,Accounts Receivable,29,Anonymized Partner 049,000,Common Department,94109640,2021-08
1160.0,1.0,119,Credit,2021-08-31,Voucher No. 298 dated 8/31 Anonymized Partner 049,10A100090,Accounts Receivable,29,Anonymized Partner 049,000,Common Department,0,963405,10A100020,Ordinary Deposits,50,MNO Bank Kitakyushu Branch,000,Common Department,67931982,2021-08
1160.0,2.0,119,Debit,2021-08-31,Voucher No. 298 dated 8/31 Anonymized Partner 049,10E200690,Service Fees,,,050,Kyushu Sales Office,315,0,10A100090,Accounts Receivable,29,Anonymized Partner 049,000,Common Department,59478,2021-08
1160.0,2.0,119,Credit,2021-08-31,Voucher No. 298 dated 8/31 Anonymized Partner 049,10A100090,Accounts Receivable,29,Anonymized Partner 049,000,Common Department,0,315,10E200690,Service Fees,,,050,Kyushu Sales Office,67931667,2021-08
1161.0,1.0,120,Debit,2021-08-31,Voucher No. 454 dated 8/31 Anonymized Partner 012,10A100020,Cash,,,000,Common Department,305388,0,10A100090,Accounts Receivable,10,Anonymized Partner 012,000,Common Department,94415028,2021-08
1161.0,1.0,120,Credit,2021-08-31,Voucher No. 454 dated 8/31 Anonymized Partner 012,10A100090,Accounts Receivable,10,Anonymized Partner 012,000,Common Department,0,305388,10A100020,Cash,,,000,Common Department,67626279,2021-08
1162.0,1.0,121,Debit,2021-08-31,8/1-8/31 period Purchases,10E100130,Merchandise Purchases,,,010,Sapporo Sales Office,90491,0,10B100040,Accounts Payable,2,Anonymized Partner 046,000,Common Department,147900401,2021-08
1162.0,1.0,121,Credit,2021-08-31,8/1-8/31 period Purchases,10B100040,Accounts Payable,2,Anonymized Partner 046,000,Common Department,0,90491,10E100130,Merchandise Purchases,,,010,Sapporo Sales Office,30932709,2021-08
1162.0,2.0,121,Debit,2021-08-31,8/1-8/31 period Purchases,10E100130,Merchandise Purchases,,,010,Sapporo Sales Office,74088,0,10B100040,Accounts Payable,8,Anonymized Partner 063,000,Common Department,147974489,2021-08
1162.0,2.0,121,Credit,2021-08-31,8/1-8/31 period Purchases,10B100040,Accounts Payable,8,Anonymized Partner 063,000,Common Department,0,74088,10E100130,Merchandise Purchases,,,010,Sapporo Sales Office,31006797,2021-08
1163.0,1.0,122,Debit,2021-08-31,8/1-8/31 period Purchases,10E100130,Merchandise Purchases,,,020,Tokyo Branch,2953512,0,10B100040,Accounts Payable,14,Anonymized Partner 011,000,Common Department,150928001,2021-08
1163.0,1.0,122,Credit,2021-08-31,8/1-8/31 period Purchases,10B100040,Accounts Payable,14,Anonymized Partner 011,000,Common Department,0,2953512,10E100130,Merchandise Purchases,,,020,Tokyo Branch,33960309,2021-08
1163.0,2.0,122,Debit,2021-08-31,8/1-8/31 period Purchases,10E100130,Merchandise Purchases,,,020,Tokyo Branch,3251165,0,10B100040,Accounts Payable,3,Anonymized Partner 085,000,Common Department,154179166,2021-08
1163.0,2.0,122,Credit,2021-08-31,8/1-8/31 period Purchases,10B100040,Accounts Payable,3,Anonymized Partner 085,000,Common Department,0,3251165,10E100130,Merchandise Purchases,,,020,Tokyo Branch,37211474,2021-08
1163.0,3.0,122,Debit,2021-08-31,8/1-8/31 period Purchases,10E100130,Merchandise Purchases,,,020,Tokyo Branch,1317476,0,10B100040,Accounts Payable,13,Anonymized Partner 027,000,Common Department,155496642,2021-08
1163.0,3.0,122,Credit,2021-08-31,8/1-8/31 period Purchases,10B100040,Accounts Payable,13,Anonymized Partner 027,000,Common Department,0,1317476,10E100130,Merchandise Purchases,,,020,Tokyo Branch,38528950,2021-08
1163.0,4.0,122,Debit,2021-08-31,8/1-8/31 period Purchases,10E100130,Merchandise Purchases,,,020,Tokyo Branch,6139436,0,10B100040,Accounts Payable,1,Anonymized Partner 043,000,Common Department,161636078,2021-08
1163.0,4.0,122,Credit,2021-08-31,8/1-8/31 period Purchases,10B100040,Accounts Payable,1,Anonymized Partner 043,000,Common Department,0,6139436,10E100130,Merchandise Purchases,,,020,Tokyo Branch,44668386,2021-08
1163.0,5.0,122,Debit,2021-08-31,8/1-8/31 period Purchases,10E100130,Merchandise Purchases,,,020,Tokyo Branch,4398969,0,10B100040,Accounts Payable,11,Anonymized Partner 067,000,Common Department,166035047,2021-08
1163.0,5.0,122,Credit,2021-08-31,8/1-8/31 period Purchases,10B100040,Accounts Payable,11,Anonymized Partner 067,000,Common Department,0,4398969,10E100130,Merchandise Purchases,,,020,Tokyo Branch,49067355,2021-08
1163.0,6.0,122,Debit,2021-08-31,8/1-8/31 period Purchases,10E100130,Merchandise Purchases,,,020,Tokyo Branch,336571,0,10B100040,Accounts Payable,12,Anonymized Partner 059,000,Common Department,166371618,2021-08
1163.0,6.0,122,Credit,2021-08-31,8/1-8/31 period Purchases,10B100040,Accounts Payable,12,Anonymized Partner 059,000,Common Department,0,336571,10E100130,Merchandise Purchases,,,020,Tokyo Branch,49403926,2021-08
1163.0,7.0,122,Debit,2021-08-31,8/1-8/31 period Purchases,10E100130,Merchandise Purchases,,,020,Tokyo Branch,148176,0,10B100040,Accounts Payable,8,Anonymized Partner 063,000,Common Department,166519794,2021-08
1163.0,7.0,122,Credit,2021-08-31,8/1-8/31 period Purchases,10B100040,Accounts Payable,8,Anonymized Partner 063,000,Common Department,0,148176,10E100130,Merchandise Purchases,,,020,Tokyo Branch,49552102,2021-08
1163.0,8.0,122,Debit,2021-08-31,8/1-8/31 period Purchases,10E100130,Merchandise Purchases,,,020,Tokyo Branch,818740,0,10B100040,Accounts Payable,2,Anonymized Partner 046,000,Common Department,167338534,2021-08
1163.0,8.0,122,Credit,2021-08-31,8/1-8/31 period Purchases,10B100040,Accounts Payable,2,Anonymized Partner 046,000,Common Department,0,818740,10E100130,Merchandise Purchases,,,020,Tokyo Branch,50370842,2021-08
1164.0,1.0,123,Debit,2021-08-31,8/1-8/31 period Purchases,10E100130,Merchandise Purchases,,,030,Nagoya Branch,1819272,0,10B100040,Accounts Payable,9,Anonymized Partner 029,000,Common Department,169157806,2021-08
1164.0,1.0,123,Credit,2021-08-31,8/1-8/31 period Purchases,10B100040,Accounts Payable,9,Anonymized Partner 029,000,Common Department,0,1819272,10E100130,Merchandise Purchases,,,030,Nagoya Branch,52190114,2021-08
1164.0,2.0,123,Debit,2021-08-31,8/1-8/31 period Purchases,10E100130,Merchandise Purchases,,,030,Nagoya Branch,1178376,0,10B100040,Accounts Payable,15,Anonymized Partner 074,000,Common Department,170336182,2021-08
1164.0,2.0,123,Credit,2021-08-31,8/1-8/31 period Purchases,10B100040,Accounts Payable,15,Anonymized Partner 074,000,Common Department,0,1178376,10E100130,Merchandise Purchases,,,030,Nagoya Branch,53368490,2021-08
1164.0,3.0,123,Debit,2021-08-31,8/1-8/31 period Purchases,10E100130,Merchandise Purchases,,,030,Nagoya Branch,3639444,0,10B100040,Accounts Payable,7,Anonymized Partner 048,000,Common Department,173975626,2021-08
1164.0,3.0,123,Credit,2021-08-31,8/1-8/31 period Purchases,10B100040,Accounts Payable,7,Anonymized Partner 048,000,Common Department,0,3639444,10E100130,Merchandise Purchases,,,030,Nagoya Branch,57007934,2021-08
1164.0,4.0,123,Debit,2021-08-31,8/1-8/31 period Purchases,10E100130,Merchandise Purchases,,,030,Nagoya Branch,44452,0,10B100040,Accounts Payable,8,Anonymized Partner 063,000,Common Department,174020078,2021-08
1164.0,4.0,123,Credit,2021-08-31,8/1-8/31 period Purchases,10B100040,Accounts Payable,8,Anonymized Partner 063,000,Common Department,0,44452,10E100130,Merchandise Purchases,,,030,Nagoya Branch,57052386,2021-08
1164.0,5.0,123,Debit,2021-08-31,8/1-8/31 period Purchases,10E100130,Merchandise Purchases,,,030,Nagoya Branch,271477,0,10B100040,Accounts Payable,2,Anonymized Partner 046,000,Common Department,174291555,2021-08
1164.0,5.0,123,Credit,2021-08-31,8/1-8/31 period Purchases,10B100040,Accounts Payable,2,Anonymized Partner 046,000,Common Department,0,271477,10E100130,Merchandise Purchases,,,030,Nagoya Branch,57323863,2021-08
1165.0,1.0,124,Debit,2021-08-31,8/1-8/31 period Purchases,10E100130,Merchandise Purchases,,,040,Osaka Branch,3841014,0,10B100040,Accounts Payable,5,Anonymized Partner 010,000,Common Department,178132569,2021-08
1165.0,1.0,124,Credit,2021-08-31,8/1-8/31 period Purchases,10B100040,Accounts Payable,5,Anonymized Partner 010,000,Common Department,0,3841014,10E100130,Merchandise Purchases,,,040,Osaka Branch,61164877,2021-08
1165.0,2.0,124,Debit,2021-08-31,8/1-8/31 period Purchases,10E100130,Merchandise Purchases,,,040,Osaka Branch,944145,0,10B100040,Accounts Payable,4,Anonymized Partner 047,000,Common Department,179076714,2021-08
1165.0,2.0,124,Credit,2021-08-31,8/1-8/31 period Purchases,10B100040,Accounts Payable,4,Anonymized Partner 047,000,Common Department,0,944145,10E100130,Merchandise Purchases,,,040,Osaka Branch,62109022,2021-08
1165.0,3.0,124,Debit,2021-08-31,8/1-8/31 period Purchases,10E100130,Merchandise Purchases,,,040,Osaka Branch,3148603,0,10B100040,Accounts Payable,10,Anonymized Partner 009,000,Common Department,182225317,2021-08
1165.0,3.0,124,Credit,2021-08-31,8/1-8/31 period Purchases,10B100040,Accounts Payable,10,Anonymized Partner 009,000,Common Department,0,3148603,10E100130,Merchandise Purchases,,,040,Osaka Branch,65257625,2021-08
1165.0,4.0,124,Debit,2021-08-31,8/1-8/31 period Purchases,10E100130,Merchandise Purchases,,,040,Osaka Branch,3600809,0,10B100040,Accounts Payable,6,Anonymized Partner 054,000,Common Department,185826126,2021-08
1165.0,4.0,124,Credit,2021-08-31,8/1-8/31 period Purchases,10B100040,Accounts Payable,6,Anonymized Partner 054,000,Common Department,0,3600809,10E100130,Merchandise Purchases,,,040,Osaka Branch,68858434,2021-08
1165.0,5.0,124,Debit,2021-08-31,8/1-8/31 period Purchases,10E100130,Merchandise Purchases,,,040,Osaka Branch,123480,0,10B100040,Accounts Payable,8,Anonymized Partner 063,000,Common Department,185949606,2021-08
1165.0,5.0,124,Credit,2021-08-31,8/1-8/31 period Purchases,10B100040,Accounts Payable,8,Anonymized Partner 063,000,Common Department,0,123480,10E100130,Merchandise Purchases,,,040,Osaka Branch,68981914,2021-08
1165.0,6.0,124,Debit,2021-08-31,8/1-8/31 period Purchases,10E100130,Merchandise Purchases,,,040,Osaka Branch,77565,0,10B100040,Accounts Payable,2,Anonymized Partner 046,000,Common Department,186027171,2021-08
1165.0,6.0,124,Credit,2021-08-31,8/1-8/31 period Purchases,10B100040,Accounts Payable,2,Anonymized Partner 046,000,Common Department,0,77565,10E100130,Merchandise Purchases,,,040,Osaka Branch,69059479,2021-08
1166.0,1.0,125,Debit,2021-08-31,8/1-8/31 period Purchases,10E100130,Merchandise Purchases,,,050,Kyushu Sales Office,60328,0,10B100040,Accounts Payable,2,Anonymized Partner 046,000,Common Department,186087499,2021-08
1166.0,1.0,125,Credit,2021-08-31,8/1-8/31 period Purchases,10B100040,Accounts Payable,2,Anonymized Partner 046,000,Common Department,0,60328,10E100130,Merchandise Purchases,,,050,Kyushu Sales Office,69119807,2021-08
1167.0,1.0,126,Debit,2021-08-31,Voucher No. 206 dated 8/31 Anonymized Partner 046,10B100040,Accounts Payable,2,Anonymized Partner 046,000,Common Department,1318601,0,10A100020,Ordinary Deposits,20,ABC Bank Head Office,000,Common Department,67801206,2021-08
1167.0,1.0,126,Credit,2021-08-31,Voucher No. 206 dated 8/31 Anonymized Partner 046,10A100020,Ordinary Deposits,20,ABC Bank Head Office,000,Common Department,0,1318601,10B100040,Accounts Payable,2,Anonymized Partner 046,000,Common Department,93096427,2021-08
1168.0,1.0,127,Debit,2021-08-31,Voucher No. 210 dated 8/31 Anonymized Partner 010,10B100040,Accounts Payable,5,Anonymized Partner 010,000,Common Department,3841014,0,10B100030,Notes Payable,,,000,Common Department,63960192,2021-08
1168.0,1.0,127,Credit,2021-08-31,Voucher No. 210 dated 8/31 Anonymized Partner 010,10B100030,Notes Payable,,,000,Common Department,0,3841014,10B100040,Accounts Payable,5,Anonymized Partner 010,000,Common Department,34300764,2021-08
1169.0,1.0,128,Debit,2021-08-31,Voucher No. 211 dated 8/31 Anonymized Partner 048,10B100040,Accounts Payable,7,Anonymized Partner 048,000,Common Department,3639444,0,10A100020,Ordinary Deposits,20,ABC Bank Head Office,000,Common Department,60320748,2021-08
1169.0,1.0,128,Credit,2021-08-31,Voucher No. 211 dated 8/31 Anonymized Partner 048,10A100020,Ordinary Deposits,20,ABC Bank Head Office,000,Common Department,0,3639444,10B100040,Accounts Payable,7,Anonymized Partner 048,000,Common Department,89456983,2021-08
1170.0,1.0,129,Debit,2021-08-31,Voucher No. 212 dated 8/31 Anonymized Partner 029,10B100040,Accounts Payable,9,Anonymized Partner 029,000,Common Department,1819272,0,10B100030,Notes Payable,,,000,Common Department,58501476,2021-08
1170.0,1.0,129,Credit,2021-08-31,Voucher No. 212 dated 8/31 Anonymized Partner 029,10B100030,Notes Payable,,,000,Common Department,0,1819272,10B100040,Accounts Payable,9,Anonymized Partner 029,000,Common Department,36120036,2021-08
1171.0,1.0,130,Debit,2021-08-31,Voucher No. 214 dated 8/31 Anonymized Partner 009,10B100040,Accounts Payable,10,Anonymized Partner 009,000,Common Department,3148603,0,10B100030,Notes Payable,,,000,Common Department,55352873,2021-08
1171.0,1.0,130,Credit,2021-08-31,Voucher No. 214 dated 8/31 Anonymized Partner 009,10B100030,Notes Payable,,,000,Common Department,0,3148603,10B100040,Accounts Payable,10,Anonymized Partner 009,000,Common Department,39268639,2021-08
1172.0,1.0,131,Debit,2021-08-31,Voucher No. 215 dated 8/31 Anonymized Partner 059,10B100040,Accounts Payable,12,Anonymized Partner 059,000,Common Department,336571,0,10A100020,Ordinary Deposits,20,ABC Bank Head Office,000,Common Department,55016302,2021-08
1172.0,1.0,131,Credit,2021-08-31,Voucher No. 215 dated 8/31 Anonymized Partner 059,10A100020,Ordinary Deposits,20,ABC Bank Head Office,000,Common Department,0,336571,10B100040,Accounts Payable,12,Anonymized Partner 059,000,Common Department,89120412,2021-08
1173.0,1.0,132,Debit,2021-08-31,Voucher No. 216 dated 8/31 Anonymized Partner 027,10B100040,Accounts Payable,13,Anonymized Partner 027,000,Common Department,1210192,0,10A100020,Ordinary Deposits,20,ABC Bank Head Office,000,Common Department,53806110,2021-08
1173.0,1.0,132,Credit,2021-08-31,Voucher No. 216 dated 8/31 Anonymized Partner 027,10A100020,Ordinary Deposits,20,ABC Bank Head Office,000,Common Department,0,1210192,10B100040,Accounts Payable,13,Anonymized Partner 027,000,Common Department,87910220,2021-08
1174.0,1.0,133,Debit,2021-08-31,Voucher No. 217 dated 8/31 Anonymized Partner 011,10B100040,Accounts Payable,14,Anonymized Partner 011,000,Common Department,2953512,0,10A100020,Ordinary Deposits,20,ABC Bank Head Office,000,Common Department,50852598,2021-08
1174.0,1.0,133,Credit,2021-08-31,Voucher No. 217 dated 8/31 Anonymized Partner 011,10A100020,Ordinary Deposits,20,ABC Bank Head Office,000,Common Department,0,2953512,10B100040,Accounts Payable,14,Anonymized Partner 011,000,Common Department,84956708,2021-08
1175.0,1.0,134,Debit,2021-08-31,Voucher No. 218 dated 8/31 Anonymized Partner 074,10B100040,Accounts Payable,15,Anonymized Partner 074,000,Common Department,1140880,0,10A100020,Ordinary Deposits,20,ABC Bank Head Office,000,Common Department,49711718,2021-08
1175.0,1.0,134,Credit,2021-08-31,Voucher No. 218 dated 8/31 Anonymized Partner 074,10A100020,Ordinary Deposits,20,ABC Bank Head Office,000,Common Department,0,1140880,10B100040,Accounts Payable,15,Anonymized Partner 074,000,Common Department,83815828,2021-08
1176.0,1.0,135,Debit,2021-08-31,Note maturity Anonymized Partner 057 | Note number=R20210525-110-2;Receipt amount corrected to settlement amount,10A100020,Checking Deposits,1,ABC Bank,000,Common Department,13321782,0,10A100060,Notes Receivable,,,000,Common Department,97137610,2021-08
1176.0,1.0,135,Credit,2021-08-31,Note maturity Anonymized Partner 057 | Note number=R20210525-110-2;Receipt amount corrected to settlement amount,10A100060,Notes Receivable,,,000,Common Department,0,13321782,10A100020,Checking Deposits,1,ABC Bank,000,Common Department,61972614,2021-08
1177.0,1.0,136,Debit,2021-08-31,Note due date settlement Anonymized Partner 010,10B100030,Notes Payable,,,000,Common Department,3467360,0,10A100020,Checking Deposits,1,ABC Bank,000,Common Department,35801279,2021-08
1177.0,1.0,136,Credit,2021-08-31,Note due date settlement Anonymized Partner 010,10A100020,Checking Deposits,1,ABC Bank,000,Common Department,0,3467360,10B100030,Notes Payable,,,000,Common Department,93670250,2021-08
1177.0,2.0,136,Debit,2021-08-31,Note due date settlement Anonymized Partner 029,10B100030,Notes Payable,,,000,Common Department,1744898,0,10A100020,Checking Deposits,1,ABC Bank,000,Common Department,34056381,2021-08
1177.0,2.0,136,Credit,2021-08-31,Note due date settlement Anonymized Partner 029,10A100020,Checking Deposits,1,ABC Bank,000,Common Department,0,1744898,10B100030,Notes Payable,,,000,Common Department,91925352,2021-08
1178.0,1.0,141,Debit,2021-08-31,Loan repayment received,10A100020,Ordinary Deposits,20,ABC Bank Head Office,000,Common Department,40000,0,10A100610,Short-term Loans Receivable,,,000,Common Department,91965352,2021-08
1178.0,1.0,141,Credit,2021-08-31,Loan repayment received,10A100610,Short-term Loans Receivable,,,000,Common Department,0,40000,10A100020,Ordinary Deposits,20,ABC Bank Head Office,000,Common Department,280000,2021-08
1179.0,1.0,142,Debit,2021-08-31,Installment savings,10A100020,Installment Savings,,,000,Common Department,500000,0,10A100020,Ordinary Deposits,20,ABC Bank Head Office,000,Common Department,92465352,2021-08
1179.0,1.0,142,Credit,2021-08-31,Installment savings,10A100020,Ordinary Deposits,20,ABC Bank Head Office,000,Common Department,0,500000,10A100020,Installment Savings,,,000,Common Department,91965352,2021-08
1179.0,2.0,142,Debit,2021-08-31,Insurance Reserve Deposits,10A230570,Insurance Reserve Deposits,,,000,Common Department,125000,0,10A100020,Ordinary Deposits,20,ABC Bank Head Office,000,Common Department,2153000,2021-08
1179.0,2.0,142,Credit,2021-08-31,Insurance Reserve Deposits,10A100020,Ordinary Deposits,20,ABC Bank Head Office,000,Common Department,0,125000,10A230570,Insurance Reserve Deposits,,,000,Common Department,91840352,2021-08
1180.0,1.0,143,Debit,2021-08-31,Loan repayment,10B100790,Short-term Borrowings,,,000,Common Department,653500,0,10A100020,Checking Deposits,1,ABC Bank,000,Common Department,4574500,2021-08
1180.0,1.0,143,Credit,2021-08-31,Loan repayment,10A100020,Checking Deposits,1,ABC Bank,000,Common Department,0,653500,10B100790,Short-term Borrowings,,,000,Common Department,91186852,2021-08
1180.0,2.0,143,Debit,2021-08-31,Interest,10E300020,Interest Expense,,,020,Tokyo Branch,32675,0,10A100020,Checking Deposits,1,ABC Bank,000,Common Department,690434,2021-08
1180.0,2.0,143,Credit,2021-08-31,Interest,10A100020,Checking Deposits,1,ABC Bank,000,Common Department,0,32675,10E300020,Interest Expense,,,020,Tokyo Branch,91154177,2021-08
1181.0,1.0,145,Debit,2021-08-31,Freight Expenses,10E200870,Freight Expenses,,,050,Kyushu Sales Office,125425,0,10B100630,Accounts Payable Other,,,000,Common Department,15464622,2021-08
1181.0,1.0,145,Credit,2021-08-31,Freight Expenses,10B100630,Accounts Payable Other,,,000,Common Department,0,125425,10E200870,Freight Expenses,,,050,Kyushu Sales Office,12141098,2021-08
1140.0,1.0,36,Debit,2021-08-31,Freight Anonymized Carrier A,10E200870,Freight Expenses,,,020,Tokyo Branch,1618610,0,10B100630,Accounts Payable Other,,,000,Common Department,17083232,2021-08
1140.0,1.0,36,Credit,2021-08-31,Freight Anonymized Carrier A,10B100630,Accounts Payable Other,,,000,Common Department,0,1618610,10E200870,Freight Expenses,,,020,Tokyo Branch,13759708,2021-08
1140.0,2.0,36,Debit,2021-08-31,Freight Anonymized Carrier B,10E200870,Freight Expenses,,,020,Tokyo Branch,916715,0,10B100630,Accounts Payable Other,,,000,Common Department,17999947,2021-08
1140.0,2.0,36,Credit,2021-08-31,Freight Anonymized Carrier B,10B100630,Accounts Payable Other,,,000,Common Department,0,916715,10E200870,Freight Expenses,,,020,Tokyo Branch,14676423,2021-08
1141.0,1.0,40,Debit,2021-08-31,Advertising placement,10E200050,Advertising Expenses,,,020,Tokyo Branch,50000,0,10B100630,Accounts Payable Other,,,000,Common Department,838200,2021-08
1141.0,1.0,40,Credit,2021-08-31,Advertising placement,10B100630,Accounts Payable Other,,,000,Common Department,0,50000,10E200050,Advertising Expenses,,,020,Tokyo Branch,14726423,2021-08
1142.0,1.0,63,Debit,2021-08-31,Insurance Premium Withheld portion,10B100690,Deposits Received,1,Insurance Expenses,000,Common Department,700982,0,10A100020,Ordinary Deposits,20,ABC Bank Head Office,000,Common Department,4864281,2021-08
1142.0,1.0,63,Credit,2021-08-31,Insurance Premium Withheld portion,10A100020,Ordinary Deposits,20,ABC Bank Head Office,000,Common Department,0,700982,10B100690,Deposits Received,1,Insurance Expenses,000,Common Department,90453195,2021-08
1142.0,2.0,63,Debit,2021-08-31,Insurance Premium Employer contribution,10E200540,Statutory Welfare Expenses,,,020,Tokyo Branch,111192,0,10A100020,Ordinary Deposits,20,ABC Bank Head Office,000,Common Department,3553731,2021-08
1142.0,2.0,63,Credit,2021-08-31,Insurance Premium Employer contribution,10A100020,Ordinary Deposits,20,ABC Bank Head Office,000,Common Department,0,111192,10E200540,Statutory Welfare Expenses,,,020,Tokyo Branch,90342003,2021-08
1142.0,3.0,63,Debit,2021-08-31,Insurance Premium Employer contribution,10E200540,Statutory Welfare Expenses,,,020,Tokyo Branch,216077,0,10A100020,Ordinary Deposits,20,ABC Bank Head Office,000,Common Department,3769808,2021-08
1142.0,3.0,63,Credit,2021-08-31,Insurance Premium Employer contribution,10A100020,Ordinary Deposits,20,ABC Bank Head Office,000,Common Department,0,216077,10E200540,Statutory Welfare Expenses,,,020,Tokyo Branch,90125926,2021-08
1142.0,4.0,63,Debit,2021-08-31,Insurance Premium Employer contribution,10E200540,Statutory Welfare Expenses,,,010,Sapporo Sales Office,94847,0,10A100020,Ordinary Deposits,20,ABC Bank Head Office,000,Common Department,3864655,2021-08
1142.0,4.0,63,Credit,2021-08-31,Insurance Premium Employer contribution,10A100020,Ordinary Deposits,20,ABC Bank Head Office,000,Common Department,0,94847,10E200540,Statutory Welfare Expenses,,,010,Sapporo Sales Office,90031079,2021-08
1142.0,5.0,63,Debit,2021-08-31,Insurance Premium Employer contribution,10E200540,Statutory Welfare Expenses,,,030,Nagoya Branch,92652,0,10A100020,Ordinary Deposits,20,ABC Bank Head Office,000,Common Department,3957307,2021-08
1142.0,5.0,63,Credit,2021-08-31,Insurance Premium Employer contribution,10A100020,Ordinary Deposits,20,ABC Bank Head Office,000,Common Department,0,92652,10E200540,Statutory Welfare Expenses,,,030,Nagoya Branch,89938427,2021-08
1142.0,6.0,63,Debit,2021-08-31,Insurance Premium Employer contribution,10E200540,Statutory Welfare Expenses,,,040,Osaka Branch,119974,0,10A100020,Ordinary Deposits,20,ABC Bank Head Office,000,Common Department,4077281,2021-08
1142.0,6.0,63,Credit,2021-08-31,Insurance Premium Employer contribution,10A100020,Ordinary Deposits,20,ABC Bank Head Office,000,Common Department,0,119974,10E200540,Statutory Welfare Expenses,,,040,Osaka Branch,89818453,2021-08
1142.0,7.0,63,Debit,2021-08-31,Insurance Premium Employer contribution,10E200540,Statutory Welfare Expenses,,,050,Kyushu Sales Office,66245,0,10A100020,Ordinary Deposits,20,ABC Bank Head Office,000,Common Department,4143526,2021-08
1142.0,7.0,63,Credit,2021-08-31,Insurance Premium Employer contribution,10A100020,Ordinary Deposits,20,ABC Bank Head Office,000,Common Department,0,66245,10E200540,Statutory Welfare Expenses,,,050,Kyushu Sales Office,89752208,2021-08
1142.0,8.0,63,Debit,2021-08-31,Child allowance contribution Employer contribution,10E200540,Statutory Welfare Expenses,,,020,Tokyo Branch,9672,0,10A100020,Ordinary Deposits,20,ABC Bank Head Office,000,Common Department,4153198,2021-08
1142.0,8.0,63,Credit,2021-08-31,Child allowance contribution Employer contribution,10A100020,Ordinary Deposits,20,ABC Bank Head Office,000,Common Department,0,9672,10E200540,Statutory Welfare Expenses,,,020,Tokyo Branch,89742536,2021-08
1142.0,9.0,63,Debit,2021-08-31,Insurance Expenses,10E200240,Insurance Expenses,,,020,Tokyo Branch,81000,0,10A100020,Ordinary Deposits,20,ABC Bank Head Office,000,Common Department,1475100,2021-08
1142.0,9.0,63,Credit,2021-08-31,Insurance Expenses,10A100020,Ordinary Deposits,20,ABC Bank Head Office,000,Common Department,0,81000,10E200240,Insurance Expenses,,,020,Tokyo Branch,89661536,2021-08
1143.0,1.0,66,Debit,2021-08-31,lease fee,10E200730,Land and Building Rent,,,020,Tokyo Branch,209850,0,10A100020,Ordinary Deposits,20,ABC Bank Head Office,000,Common Department,1469250,2021-08
1143.0,1.0,66,Credit,2021-08-31,lease fee,10A100020,Ordinary Deposits,20,ABC Bank Head Office,000,Common Department,0,209850,10E200730,Land and Building Rent,,,020,Tokyo Branch,89451686,2021-08
1144.0,1.0,72,Debit,2021-08-31,Insurance Expenses,10E200240,Insurance Expenses,,,030,Nagoya Branch,62000,0,10A100020,Ordinary Deposits,30,GHI Bank Nagoya Branch,000,Common Department,1537100,2021-08
1144.0,1.0,72,Credit,2021-08-31,Insurance Expenses,10A100020,Ordinary Deposits,30,GHI Bank Nagoya Branch,000,Common Department,0,62000,10E200240,Insurance Expenses,,,030,Nagoya Branch,89389686,2021-08
1145.0,1.0,73,Debit,2021-08-31,Insurance Premium Payment,10E200240,Insurance Expenses,,,050,Kyushu Sales Office,57000,0,10A100020,Ordinary Deposits,50,MNO Bank Kitakyushu Branch,000,Common Department,1594100,2021-08
1145.0,1.0,73,Credit,2021-08-31,Insurance Premium Payment,10A100020,Ordinary Deposits,50,MNO Bank Kitakyushu Branch,000,Common Department,0,57000,10E200240,Insurance Expenses,,,050,Kyushu Sales Office,89332686,2021-08
1146.0,1.0,75,Debit,2021-08-31,Supplies expense department allocation,10E200200,Supplies Expenses,,,010,Sapporo Sales Office,30921,0,10E200200,Supplies Expenses,,,000,Common Department,1461373,2021-08
1146.0,1.0,75,Credit,2021-08-31,Supplies expense department allocation,10E200200,Supplies Expenses,,,000,Common Department,0,30921,10E200200,Supplies Expenses,,,010,Sapporo Sales Office,1430452,2021-08
1146.0,2.0,75,Debit,2021-08-31,Supplies expense department allocation,10E200200,Supplies Expenses,,,020,Tokyo Branch,134935,0,10E200200,Supplies Expenses,,,000,Common Department,1565387,2021-08
1146.0,2.0,75,Credit,2021-08-31,Supplies expense department allocation,10E200200,Supplies Expenses,,,000,Common Department,0,134935,10E200200,Supplies Expenses,,,020,Tokyo Branch,1430452,2021-08
1146.0,3.0,75,Debit,2021-08-31,Supplies expense department allocation,10E200200,Supplies Expenses,,,030,Nagoya Branch,28110,0,10E200200,Supplies Expenses,,,000,Common Department,1458562,2021-08
1146.0,3.0,75,Credit,2021-08-31,Supplies expense department allocation,10E200200,Supplies Expenses,,,000,Common Department,0,28110,10E200200,Supplies Expenses,,,030,Nagoya Branch,1430452,2021-08
1146.0,4.0,75,Debit,2021-08-31,Supplies expense department allocation,10E200200,Supplies Expenses,,,040,Osaka Branch,67466,0,10E200200,Supplies Expenses,,,000,Common Department,1497918,2021-08
1146.0,4.0,75,Credit,2021-08-31,Supplies expense department allocation,10E200200,Supplies Expenses,,,000,Common Department,0,67466,10E200200,Supplies Expenses,,,040,Osaka Branch,1430452,2021-08
1146.0,5.0,75,Debit,2021-08-31,Supplies expense department allocation,10E200200,Supplies Expenses,,,050,Kyushu Sales Office,19677,0,10E200200,Supplies Expenses,,,000,Common Department,1450129,2021-08
1146.0,5.0,75,Credit,2021-08-31,Supplies expense department allocation,10E200200,Supplies Expenses,,,000,Common Department,0,19677,10E200200,Supplies Expenses,,,050,Kyushu Sales Office,1430452,2021-08
1147.0,1.0,77,Debit,2021-08-31,Freight Expenses,10E200870,Freight Expenses,,,030,Nagoya Branch,145670,0,10B100630,Accounts Payable Other,,,000,Common Department,18145617,2021-08
1147.0,1.0,77,Credit,2021-08-31,Freight Expenses,10B100630,Accounts Payable Other,,,000,Common Department,0,145670,10E200870,Freight Expenses,,,030,Nagoya Branch,14872093,2021-08
1148.0,1.0,83,Debit,2021-08-31,Vehicle management expense,10E201120,Vehicle Expenses,,,030,Nagoya Branch,42500,0,10A100020,Cash,,,000,Common Department,2903817,2021-08
1148.0,1.0,83,Credit,2021-08-31,Vehicle management expense,10A100020,Cash,,,000,Common Department,0,42500,10E201120,Vehicle Expenses,,,030,Nagoya Branch,89290186,2021-08
1148.0,2.0,83,Debit,2021-08-31,month 7 payment,10B100630,Accounts Payable Other,,,000,Common Department,7691085,0,10A100020,Ordinary Deposits,20,ABC Bank Head Office,000,Common Department,7181008,2021-08
1148.0,2.0,83,Credit,2021-08-31,month 7 payment,10A100020,Ordinary Deposits,20,ABC Bank Head Office,000,Common Department,0,7691085,10B100630,Accounts Payable Other,,,000,Common Department,81599101,2021-08
1149.0,1.0,94,Debit,2021-08-31,Tea expense and others,10E201270,Miscellaneous Expenses,,,030,Nagoya Branch,5150,0,10A100020,Cash,,,000,Common Department,2403231,2021-08
1149.0,1.0,94,Credit,2021-08-31,Tea expense and others,10A100020,Cash,,,000,Common Department,0,5150,10E201270,Miscellaneous Expenses,,,030,Nagoya Branch,81593951,2021-08
1182.0,1.0,990005,Debit,2021-08-31,Sample definition: Semiannual bonus accrual allocated evenly 202108 Department010,10E200130,Bonuses,,,010,Sapporo Sales Office,190000,0,10B100320,Provision for Bonuses,,,010,Sapporo Sales Office,3384334,2021-08
1182.0,1.0,990005,Credit,2021-08-31,Sample definition: Semiannual bonus accrual allocated evenly 202108 Department010,10B100320,Provision for Bonuses,,,010,Sapporo Sales Office,0,190000,10E200130,Bonuses,,,010,Sapporo Sales Office,1363334,2021-08
1182.0,2.0,990005,Debit,2021-08-31,Sample definition: Semiannual bonus accrual allocated evenly 202108 Department020,10E200130,Bonuses,,,020,Tokyo Branch,451666,0,10B100320,Provision for Bonuses,,,020,Tokyo Branch,3836000,2021-08
1182.0,2.0,990005,Credit,2021-08-31,Sample definition: Semiannual bonus accrual allocated evenly 202108 Department020,10B100320,Provision for Bonuses,,,020,Tokyo Branch,0,451666,10E200130,Bonuses,,,020,Tokyo Branch,1815000,2021-08
1182.0,3.0,990005,Debit,2021-08-31,Sample definition: Semiannual bonus accrual allocated evenly 202108 Department030,10E200130,Bonuses,,,030,Nagoya Branch,178334,0,10B100320,Provision for Bonuses,,,030,Nagoya Branch,4014334,2021-08
1182.0,3.0,990005,Credit,2021-08-31,Sample definition: Semiannual bonus accrual allocated evenly 202108 Department030,10B100320,Provision for Bonuses,,,030,Nagoya Branch,0,178334,10E200130,Bonuses,,,030,Nagoya Branch,1993334,2021-08
1182.0,4.0,990005,Debit,2021-08-31,Sample definition: Semiannual bonus accrual allocated evenly 202108 Department040,10E200130,Bonuses,,,040,Osaka Branch,216666,0,10B100320,Provision for Bonuses,,,040,Osaka Branch,4231000,2021-08
1182.0,4.0,990005,Credit,2021-08-31,Sample definition: Semiannual bonus accrual allocated evenly 202108 Department040,10B100320,Provision for Bonuses,,,040,Osaka Branch,0,216666,10E200130,Bonuses,,,040,Osaka Branch,2210000,2021-08
1182.0,5.0,990005,Debit,2021-08-31,Sample definition: Semiannual bonus accrual allocated evenly 202108 Department050,10E200130,Bonuses,,,050,Kyushu Sales Office,136666,0,10B100320,Provision for Bonuses,,,050,Kyushu Sales Office,4367666,2021-08
1182.0,5.0,990005,Credit,2021-08-31,Sample definition: Semiannual bonus accrual allocated evenly 202108 Department050,10B100320,Provision for Bonuses,,,050,Kyushu Sales Office,0,136666,10E200130,Bonuses,,,050,Kyushu Sales Office,2346666,2021-08
