Transaction_ID,Line_ID,Entry_ID,Ledger_Side,Transaction_Date,Description,Ledger_Account_Number,Ledger_Account_Name,Subaccount_Code,Subaccount_Name,Department_Code,Department_Name,Debit_Amount,Credit_Amount,Counterpart_Account_Number,Counterpart_Account_Name,Counterpart_Subaccount_Code,Counterpart_Subaccount_Name,Counterpart_Department_Code,Counterpart_Department_Name,Balance,Month
,,,Opening,2021-06-01,* Beginning balance,10A100020,Ordinary Deposits,,,,,0,0,,,,,,,92267923,2021-06
,,,Opening,2021-06-01,* Beginning balance,10A100040,Allowance for Doubtful Accounts,,,,,0,0,,,,,,,1758018,2021-06
,,,Opening,2021-06-01,* Beginning balance,10A100060,Notes Receivable,,,,,0,0,,,,,,,71009377,2021-06
,,,Opening,2021-06-01,* Beginning balance,10A100090,Accounts Receivable,,,,,0,0,,,,,,,60685384,2021-06
,,,Opening,2021-06-01,* Beginning balance,10A100200,Electronically Recorded Monetary Claims,,,,,0,0,,,,,,,0,2021-06
,,,Opening,2021-06-01,* Beginning balance,10A100230,Securities,,,,,0,0,,,,,,,1271350,2021-06
,,,Opening,2021-06-01,* Beginning balance,10A100280,Merchandise,,,,,0,0,,,,,,,63013226,2021-06
,,,Opening,2021-06-01,* Beginning balance,10A100610,Short-term Loans Receivable,,,,,0,0,,,,,,,400000,2021-06
,,,Opening,2021-06-01,* Beginning balance,10A100800,Guarantee Deposits,,,,,0,0,,,,,,,1200000,2021-06
,,,Opening,2021-06-01,* Beginning balance,10A100850,Temporary Consumption Tax Paid,,,,,0,0,,,,,,,2762581,2021-06
,,,Opening,2021-06-01,* Beginning balance,10A210130,Structures,,,,,0,0,,,,,,,3280000,2021-06
,,,Opening,2021-06-01,* Beginning balance,10A210410,"Tools, Furniture and Fixtures",,,,,0,0,,,,,,,4779810,2021-06
,,,Opening,2021-06-01,* Beginning balance,10A220190,Telephone Subscription Rights,,,,,0,0,,,,,,,512000,2021-06
,,,Opening,2021-06-01,* Beginning balance,10A230570,Insurance Reserve Deposits,,,,,0,0,,,,,,,1778000,2021-06
,,,Opening,2021-06-01,* Beginning balance,10A230650,Security Deposits,,,,,0,0,,,,,,,3140000,2021-06
,,,Opening,2021-06-01,* Beginning balance,10B100030,Notes Payable,,,,,0,0,,,,,,,48133393,2021-06
,,,Opening,2021-06-01,* Beginning balance,10B100040,Accounts Payable,,,,,0,0,,,,,,,48084185,2021-06
,,,Opening,2021-06-01,* Beginning balance,10B100320,Provision for Bonuses,,,,,0,0,,,,,,,3368333,2021-06
,,,Opening,2021-06-01,* Beginning balance,10B100630,Accounts Payable Other,,,,,0,0,,,,,,,7116470,2021-06
,,,Opening,2021-06-01,* Beginning balance,10B100640,Accrued Corporate Taxes,,,,,0,0,,,,,,,0,2021-06
,,,Opening,2021-06-01,* Beginning balance,10B100660,Accrued Consumption Taxes,,,,,0,0,,,,,,,0,2021-06
,,,Opening,2021-06-01,* Beginning balance,10B100670,Accrued Enterprise Taxes,,,,,0,0,,,,,,,0,2021-06
,,,Opening,2021-06-01,* Beginning balance,10B100690,Deposits Received,,,,,0,0,,,,,,,3359533,2021-06
,,,Opening,2021-06-01,* Beginning balance,10B100790,Short-term Borrowings,,,,,0,0,,,,,,,6535000,2021-06
,,,Opening,2021-06-01,* Beginning balance,10B100890,Temporary Consumption Tax Received,,,,,0,0,,,,,,,6540636,2021-06
,,,Opening,2021-06-01,* Beginning balance,10B200080,Long-term Borrowings,,,,,0,0,,,,,,,37343150,2021-06
,,,Opening,2021-06-01,* Beginning balance,10B200120,Provision for Retirement Benefits,,,,,0,0,,,,,,,18560000,2021-06
,,,Opening,2021-06-01,* Beginning balance,10B200130,Provision for Directors' Retirement Benefits,,,,,0,0,,,,,,,22000000,2021-06
,,,Opening,2021-06-01,* Beginning balance,10C110010,Capital Stock,,,,,0,0,,,,,,,10000000,2021-06
,,,Opening,2021-06-01,* Beginning balance,10C120020,Capital Reserve,,,,,0,0,,,,,,,0,2021-06
,,,Opening,2021-06-01,* Beginning balance,10C130020,Legal Retained Earnings,,,,,0,0,,,,,,,7200000,2021-06
,,,Opening,2021-06-01,* Beginning balance,10C130360,General Reserve,,,,,0,0,,,,,,,4830000,2021-06
,,,Opening,2021-06-01,* Beginning balance,10C130370,Retained Earnings Brought Forward,,,,,0,0,,,,,,,82709171,2021-06
,,,Opening,2021-06-01,* Beginning balance,10D100100,Gross Sales,,,,,0,0,,,,,,,121527464,2021-06
,,,Opening,2021-06-01,* Beginning balance,10D100110,Sales Discounts and Returns,,,,,0,0,,,,,,,672400,2021-06
,,,Opening,2021-06-01,* Beginning balance,10E100100,Beginning Merchandise Inventory,,,,,0,0,,,,,,,0,2021-06
,,,Opening,2021-06-01,* Beginning balance,10E100120,Purchase Discounts and Returns,,,,,0,0,,,,,,,434369,2021-06
,,,Opening,2021-06-01,* Beginning balance,10E100130,Merchandise Purchases,,,,,0,0,,,,,,,72937263,2021-06
,,,Opening,2021-06-01,* Beginning balance,10E100140,Ending Merchandise Inventory,,,,,0,0,,,,,,,0,2021-06
,,,Opening,2021-06-01,* Beginning balance,10E200020,Sales Commissions,,,,,0,0,,,,,,,4308500,2021-06
,,,Opening,2021-06-01,* Beginning balance,10E200050,Advertising Expenses,,,,,0,0,,,,,,,368700,2021-06
,,,Opening,2021-06-01,* Beginning balance,10E200090,Directors' Compensation,,,,,0,0,,,,,,,3440000,2021-06
,,,Opening,2021-06-01,* Beginning balance,10E200130,Bonuses,,,,,0,0,,,,,,,1347333,2021-06
,,,Opening,2021-06-01,* Beginning balance,10E200140,Employee Welfare Expenses,,,,,0,0,,,,,,,705616,2021-06
,,,Opening,2021-06-01,* Beginning balance,10E200150,Entertainment Expenses,,,,,0,0,,,,,,,820943,2021-06
,,,Opening,2021-06-01,* Beginning balance,10E200180,Communication Expenses,,,,,0,0,,,,,,,2485305,2021-06
,,,Opening,2021-06-01,* Beginning balance,10E200200,Supplies Expenses,,,,,0,0,,,,,,,622269,2021-06
,,,Opening,2021-06-01,* Beginning balance,10E200210,Taxes and Dues,,,,,0,0,,,,,,,122000,2021-06
,,,Opening,2021-06-01,* Beginning balance,10E200220,Depreciation Expenses,,,,,0,0,,,,,,,0,2021-06
,,,Opening,2021-06-01,* Beginning balance,10E200240,Insurance Expenses,,,,,0,0,,,,,,,637640,2021-06
,,,Opening,2021-06-01,* Beginning balance,10E200370,Salaries and Allowances,,,,,0,0,,,,,,,11217982,2021-06
,,,Opening,2021-06-01,* Beginning balance,10E200520,Temporary Wages,,,,,0,0,,,,,,,628137,2021-06
,,,Opening,2021-06-01,* Beginning balance,10E200540,Statutory Welfare Expenses,,,,,0,0,,,,,,,1508411,2021-06
,,,Opening,2021-06-01,* Beginning balance,10E200600,Professional Fees,,,,,0,0,,,,,,,279420,2021-06
,,,Opening,2021-06-01,* Beginning balance,10E200690,Service Fees,,,,,0,0,,,,,,,22994,2021-06
,,,Opening,2021-06-01,* Beginning balance,10E200720,Rent Expenses,,,,,0,0,,,,,,,6898000,2021-06
,,,Opening,2021-06-01,* Beginning balance,10E200730,Land and Building Rent,,,,,0,0,,,,,,,587700,2021-06
,,,Opening,2021-06-01,* Beginning balance,10E200870,Freight Expenses,,,,,0,0,,,,,,,7150301,2021-06
,,,Opening,2021-06-01,* Beginning balance,10E201000,Repairs and Maintenance,,,,,0,0,,,,,,,158550,2021-06
,,,Opening,2021-06-01,* Beginning balance,10E201040,Utilities Expenses,,,,,0,0,,,,,,,1260816,2021-06
,,,Opening,2021-06-01,* Beginning balance,10E201110,Office Supplies Expenses,,,,,0,0,,,,,,,290863,2021-06
,,,Opening,2021-06-01,* Beginning balance,10E201120,Vehicle Expenses,,,,,0,0,,,,,,,1220200,2021-06
,,,Opening,2021-06-01,* Beginning balance,10E201130,Meeting Expenses,,,,,0,0,,,,,,,80469,2021-06
,,,Opening,2021-06-01,* Beginning balance,10E201140,Membership Fees,,,,,0,0,,,,,,,232000,2021-06
,,,Opening,2021-06-01,* Beginning balance,10E201160,Books and Publications,,,,,0,0,,,,,,,49964,2021-06
,,,Opening,2021-06-01,* Beginning balance,10E201230,Travel and Transportation Expenses,,,,,0,0,,,,,,,2172943,2021-06
,,,Opening,2021-06-01,* Beginning balance,10E201270,Miscellaneous Expenses,,,,,0,0,,,,,,,963951,2021-06
,,,Opening,2021-06-01,* Beginning balance,10E300020,Interest Expense,,,,,0,0,,,,,,,209401,2021-06
,,,Opening,2021-06-01,* Beginning balance,10F100070,"Corporate, Inhabitant and Enterprise Taxes",,,,,0,0,,,,,,,0,2021-06
490.0,1.0,106,Debit,2021-06-01,Meal expense Anonymized Store 006 4 people,10E200150,Entertainment Expenses,,,040,Osaka Branch,7267,0,10A100020,Cash,,,000,Common Department,828210,2021-06
490.0,1.0,106,Credit,2021-06-01,Meal expense Anonymized Store 006 4 people,10A100020,Cash,,,000,Common Department,0,7267,10E200150,Entertainment Expenses,,,040,Osaka Branch,92260656,2021-06
490.0,2.0,106,Debit,2021-06-01,Meal expense Anonymized Store 022,10E200150,Entertainment Expenses,,,040,Osaka Branch,20629,0,10A100020,Cash,,,000,Common Department,848839,2021-06
490.0,2.0,106,Credit,2021-06-01,Meal expense Anonymized Store 022,10A100020,Cash,,,000,Common Department,0,20629,10E200150,Entertainment Expenses,,,040,Osaka Branch,92240027,2021-06
491.0,1.0,147,Debit,2021-06-01,Gasoline,10E201120,Vehicle Expenses,,,050,Kyushu Sales Office,5416,0,10B100630,Accounts Payable Other,,,000,Common Department,1225616,2021-06
491.0,1.0,147,Credit,2021-06-01,Gasoline,10B100630,Accounts Payable Other,,,000,Common Department,0,5416,10E201120,Vehicle Expenses,,,050,Kyushu Sales Office,7121886,2021-06
491.0,2.0,147,Debit,2021-06-01,Expressway toll,10E201120,Vehicle Expenses,,,050,Kyushu Sales Office,572,0,10B100630,Accounts Payable Other,,,000,Common Department,1226188,2021-06
491.0,2.0,147,Credit,2021-06-01,Expressway toll,10B100630,Accounts Payable Other,,,000,Common Department,0,572,10E201120,Vehicle Expenses,,,050,Kyushu Sales Office,7122458,2021-06
489.0,1.0,94,Debit,2021-06-01,Tea expense,10E201270,Miscellaneous Expenses,,,030,Nagoya Branch,3150,0,10A100020,Cash,,,000,Common Department,967101,2021-06
489.0,1.0,94,Credit,2021-06-01,Tea expense,10A100020,Cash,,,000,Common Department,0,3150,10E201270,Miscellaneous Expenses,,,030,Nagoya Branch,92236877,2021-06
492.0,1.0,10,Debit,2021-06-02,Gasoline,10E201120,Vehicle Expenses,,,010,Sapporo Sales Office,4224,0,10A100020,Cash,,,000,Common Department,1230412,2021-06
492.0,1.0,10,Credit,2021-06-02,Gasoline,10A100020,Cash,,,000,Common Department,0,4224,10E201120,Vehicle Expenses,,,010,Sapporo Sales Office,92232653,2021-06
493.0,1.0,18,Debit,2021-06-02,Travel expense,10E201230,Travel and Transportation Expenses,,,010,Sapporo Sales Office,21700,0,10A100020,Cash,,,000,Common Department,2194643,2021-06
493.0,1.0,18,Credit,2021-06-02,Travel expense,10A100020,Cash,,,000,Common Department,0,21700,10E201230,Travel and Transportation Expenses,,,010,Sapporo Sales Office,92210953,2021-06
494.0,1.0,42,Debit,2021-06-02,Lunch expense Anonymized Store 066 3 people,10E200150,Entertainment Expenses,,,020,Tokyo Branch,3420,0,10A100020,Cash,,,000,Common Department,852259,2021-06
494.0,1.0,42,Credit,2021-06-02,Lunch expense Anonymized Store 066 3 people,10A100020,Cash,,,000,Common Department,0,3420,10E200150,Entertainment Expenses,,,020,Tokyo Branch,92207533,2021-06
495.0,1.0,56,Debit,2021-06-02,Travel expense,10E201230,Travel and Transportation Expenses,,,020,Tokyo Branch,32600,0,10A100020,Cash,,,000,Common Department,2227243,2021-06
495.0,1.0,56,Credit,2021-06-02,Travel expense,10A100020,Cash,,,000,Common Department,0,32600,10E201230,Travel and Transportation Expenses,,,020,Tokyo Branch,92174933,2021-06
496.0,1.0,77,Debit,2021-06-02,golf play expense,10E200150,Entertainment Expenses,,,010,Sapporo Sales Office,6800,0,10A100020,Cash,,,000,Common Department,859059,2021-06
496.0,1.0,77,Credit,2021-06-02,golf play expense,10A100020,Cash,,,000,Common Department,0,6800,10E200150,Entertainment Expenses,,,010,Sapporo Sales Office,92168133,2021-06
498.0,1.0,161,Debit,2021-06-04,Travel expense,10E201230,Travel and Transportation Expenses,,,050,Kyushu Sales Office,7500,0,10A100020,Cash,,,000,Common Department,2234743,2021-06
498.0,1.0,161,Credit,2021-06-04,Travel expense,10A100020,Cash,,,000,Common Department,0,7500,10E201230,Travel and Transportation Expenses,,,050,Kyushu Sales Office,92160633,2021-06
497.0,1.0,19,Debit,2021-06-04,Travel expense,10E201230,Travel and Transportation Expenses,,,010,Sapporo Sales Office,15000,0,10A100020,Cash,,,000,Common Department,2249743,2021-06
497.0,1.0,19,Credit,2021-06-04,Travel expense,10A100020,Cash,,,000,Common Department,0,15000,10E201230,Travel and Transportation Expenses,,,010,Sapporo Sales Office,92145633,2021-06
502.0,1.0,133,Debit,2021-06-05,Tax accountant fee,10E200600,Professional Fees,,,020,Tokyo Branch,139710,0,10A100020,Ordinary Deposits,20,ABC Bank Head Office,000,Common Department,419130,2021-06
502.0,1.0,133,Credit,2021-06-05,Tax accountant fee,10A100020,Ordinary Deposits,20,ABC Bank Head Office,000,Common Department,0,139710,10E200600,Professional Fees,,,020,Tokyo Branch,92005923,2021-06
499.0,1.0,94,Debit,2021-06-05,Voucher No. 230 dated 6/5 Anonymized Partner 070,10A100020,Ordinary Deposits,50,MNO Bank Kitakyushu Branch,000,Common Department,1295176,0,10A100090,Accounts Receivable,22,Anonymized Partner 070,000,Common Department,93301099,2021-06
499.0,1.0,94,Credit,2021-06-05,Voucher No. 230 dated 6/5 Anonymized Partner 070,10A100090,Accounts Receivable,22,Anonymized Partner 070,000,Common Department,0,1295176,10A100020,Ordinary Deposits,50,MNO Bank Kitakyushu Branch,000,Common Department,59390208,2021-06
499.0,2.0,94,Debit,2021-06-05,Voucher No. 230 dated 6/5 Anonymized Partner 070,10E200690,Service Fees,,,050,Kyushu Sales Office,472,0,10A100090,Accounts Receivable,22,Anonymized Partner 070,000,Common Department,23466,2021-06
499.0,2.0,94,Credit,2021-06-05,Voucher No. 230 dated 6/5 Anonymized Partner 070,10A100090,Accounts Receivable,22,Anonymized Partner 070,000,Common Department,0,472,10E200690,Service Fees,,,050,Kyushu Sales Office,59389736,2021-06
500.0,1.0,95,Debit,2021-06-05,Voucher No. 231 dated 6/5 Anonymized Partner 082,10A100020,Ordinary Deposits,20,ABC Bank Head Office,000,Common Department,1130472,0,10A100090,Accounts Receivable,26,Anonymized Partner 082,000,Common Department,94431571,2021-06
500.0,1.0,95,Credit,2021-06-05,Voucher No. 231 dated 6/5 Anonymized Partner 082,10A100090,Accounts Receivable,26,Anonymized Partner 082,000,Common Department,0,1130472,10A100020,Ordinary Deposits,20,ABC Bank Head Office,000,Common Department,58259264,2021-06
500.0,2.0,95,Debit,2021-06-05,Voucher No. 231 dated 6/5 Anonymized Partner 082,10E200690,Service Fees,,,020,Tokyo Branch,472,0,10A100090,Accounts Receivable,26,Anonymized Partner 082,000,Common Department,23938,2021-06
500.0,2.0,95,Credit,2021-06-05,Voucher No. 231 dated 6/5 Anonymized Partner 082,10A100090,Accounts Receivable,26,Anonymized Partner 082,000,Common Department,0,472,10E200690,Service Fees,,,020,Tokyo Branch,58258792,2021-06
501.0,1.0,96,Debit,2021-06-05,Voucher No. 232 dated 6/5 Anonymized Partner 025,10A100020,Ordinary Deposits,30,GHI Bank Nagoya Branch,000,Common Department,764268,0,10A100090,Accounts Receivable,27,Anonymized Partner 025,000,Common Department,95195839,2021-06
501.0,1.0,96,Credit,2021-06-05,Voucher No. 232 dated 6/5 Anonymized Partner 025,10A100090,Accounts Receivable,27,Anonymized Partner 025,000,Common Department,0,764268,10A100020,Ordinary Deposits,30,GHI Bank Nagoya Branch,000,Common Department,57494524,2021-06
505.0,1.0,110,Debit,2021-06-06,taxi expense,10E201230,Travel and Transportation Expenses,,,040,Osaka Branch,2290,0,10A100020,Cash,,,000,Common Department,2252033,2021-06
505.0,1.0,110,Credit,2021-06-06,taxi expense,10A100020,Cash,,,000,Common Department,0,2290,10E201230,Travel and Transportation Expenses,,,040,Osaka Branch,95193549,2021-06
506.0,1.0,122,Debit,2021-06-06,Certificate issuance fee,10E200180,Communication Expenses,,,040,Osaka Branch,1050,0,10A100020,Cash,,,000,Common Department,2486355,2021-06
506.0,1.0,122,Credit,2021-06-06,Certificate issuance fee,10A100020,Cash,,,000,Common Department,0,1050,10E200180,Communication Expenses,,,040,Osaka Branch,95192499,2021-06
507.0,1.0,142,Debit,2021-06-06,Gasoline,10E201120,Vehicle Expenses,,,040,Osaka Branch,6267,0,10A100020,Cash,,,000,Common Department,1236679,2021-06
507.0,1.0,142,Credit,2021-06-06,Gasoline,10A100020,Cash,,,000,Common Department,0,6267,10E201120,Vehicle Expenses,,,040,Osaka Branch,95186232,2021-06
507.0,2.0,142,Debit,2021-06-06,Expressway toll,10E201120,Vehicle Expenses,,,040,Osaka Branch,1572,0,10A100020,Cash,,,000,Common Department,1238251,2021-06
507.0,2.0,142,Credit,2021-06-06,Expressway toll,10A100020,Cash,,,000,Common Department,0,1572,10E201120,Vehicle Expenses,,,040,Osaka Branch,95184660,2021-06
507.0,3.0,142,Debit,2021-06-06,Parking fee,10E201120,Vehicle Expenses,,,040,Osaka Branch,620,0,10A100020,Cash,,,000,Common Department,1238871,2021-06
507.0,3.0,142,Credit,2021-06-06,Parking fee,10A100020,Cash,,,000,Common Department,0,620,10E201120,Vehicle Expenses,,,040,Osaka Branch,95184040,2021-06
507.0,4.0,142,Debit,2021-06-06,Car wash expense,10E201120,Vehicle Expenses,,,040,Osaka Branch,1000,0,10A100020,Cash,,,000,Common Department,1239871,2021-06
507.0,4.0,142,Credit,2021-06-06,Car wash expense,10A100020,Cash,,,000,Common Department,0,1000,10E201120,Vehicle Expenses,,,040,Osaka Branch,95183040,2021-06
503.0,1.0,20,Debit,2021-06-06,Airfare,10E201230,Travel and Transportation Expenses,,,010,Sapporo Sales Office,41000,0,10A100020,Cash,,,000,Common Department,2293033,2021-06
503.0,1.0,20,Credit,2021-06-06,Airfare,10A100020,Cash,,,000,Common Department,0,41000,10E201230,Travel and Transportation Expenses,,,010,Sapporo Sales Office,95142040,2021-06
504.0,1.0,84,Debit,2021-06-06,Postage stamps,10E200180,Communication Expenses,,,030,Nagoya Branch,4000,0,10A100020,Cash,,,000,Common Department,2490355,2021-06
504.0,1.0,84,Credit,2021-06-06,Postage stamps,10A100020,Cash,,,000,Common Department,0,4000,10E200180,Communication Expenses,,,030,Nagoya Branch,95138040,2021-06
512.0,1.0,141,Debit,2021-06-07,Anonymized Railway Company A expense,10E201230,Travel and Transportation Expenses,,,040,Osaka Branch,16000,0,10A100020,Cash,,,000,Common Department,2309033,2021-06
512.0,1.0,141,Credit,2021-06-07,Anonymized Railway Company A expense,10A100020,Cash,,,000,Common Department,0,16000,10E201230,Travel and Transportation Expenses,,,040,Osaka Branch,95122040,2021-06
508.0,1.0,22,Debit,2021-06-07,Travel expense,10E201230,Travel and Transportation Expenses,,,010,Sapporo Sales Office,50000,0,10A100020,Cash,,,000,Common Department,2359033,2021-06
508.0,1.0,22,Credit,2021-06-07,Travel expense,10A100020,Cash,,,000,Common Department,0,50000,10E201230,Travel and Transportation Expenses,,,010,Sapporo Sales Office,95072040,2021-06
509.0,1.0,58,Debit,2021-06-07,Travel expense,10E201230,Travel and Transportation Expenses,,,020,Tokyo Branch,70000,0,10A100020,Cash,,,000,Common Department,2429033,2021-06
509.0,1.0,58,Credit,2021-06-07,Travel expense,10A100020,Cash,,,000,Common Department,0,70000,10E201230,Travel and Transportation Expenses,,,020,Tokyo Branch,95002040,2021-06
510.0,1.0,69,Debit,2021-06-07,Battery expense,10E201270,Miscellaneous Expenses,,,020,Tokyo Branch,1332,0,10A100020,Cash,,,000,Common Department,968433,2021-06
510.0,1.0,69,Credit,2021-06-07,Battery expense,10A100020,Cash,,,000,Common Department,0,1332,10E201270,Miscellaneous Expenses,,,020,Tokyo Branch,95000708,2021-06
510.0,2.0,69,Debit,2021-06-07,Detergent,10E201270,Miscellaneous Expenses,,,020,Tokyo Branch,1758,0,10A100020,Cash,,,000,Common Department,970191,2021-06
510.0,2.0,69,Credit,2021-06-07,Detergent,10A100020,Cash,,,000,Common Department,0,1758,10E201270,Miscellaneous Expenses,,,020,Tokyo Branch,94998950,2021-06
511.0,1.0,78,Debit,2021-06-07,golf play expense,10E200150,Entertainment Expenses,,,010,Sapporo Sales Office,12600,0,10A100020,Cash,,,000,Common Department,871659,2021-06
511.0,1.0,78,Credit,2021-06-07,golf play expense,10A100020,Cash,,,000,Common Department,0,12600,10E200150,Entertainment Expenses,,,010,Sapporo Sales Office,94986350,2021-06
515.0,1.0,149,Debit,2021-06-08,Cof fee expense,10E200150,Entertainment Expenses,,,030,Nagoya Branch,1260,0,10A100020,Cash,,,000,Common Department,872919,2021-06
515.0,1.0,149,Credit,2021-06-08,Cof fee expense,10A100020,Cash,,,000,Common Department,0,1260,10E200150,Entertainment Expenses,,,030,Nagoya Branch,94985090,2021-06
513.0,1.0,50,Debit,2021-06-08,Expressway toll,10E201120,Vehicle Expenses,,,020,Tokyo Branch,1200,0,10A100020,Cash,,,000,Common Department,1241071,2021-06
513.0,1.0,50,Credit,2021-06-08,Expressway toll,10A100020,Cash,,,000,Common Department,0,1200,10E201120,Vehicle Expenses,,,020,Tokyo Branch,94983890,2021-06
514.0,1.0,85,Debit,2021-06-08,Travel expense,10E201230,Travel and Transportation Expenses,,,030,Nagoya Branch,8200,0,10A100020,Cash,,,000,Common Department,2437233,2021-06
514.0,1.0,85,Credit,2021-06-08,Travel expense,10A100020,Cash,,,000,Common Department,0,8200,10E201230,Travel and Transportation Expenses,,,030,Nagoya Branch,94975690,2021-06
519.0,1.0,112,Debit,2021-06-09,Telephone expense,10E200180,Communication Expenses,,,040,Osaka Branch,215577,0,10A100020,Ordinary Deposits,40,JKL Bank Umeda Branch,000,Common Department,2705932,2021-06
519.0,1.0,112,Credit,2021-06-09,Telephone expense,10A100020,Ordinary Deposits,40,JKL Bank Umeda Branch,000,Common Department,0,215577,10E200180,Communication Expenses,,,040,Osaka Branch,94760113,2021-06
520.0,1.0,129,Debit,2021-06-09,Rent payment,10E200720,Rent Expenses,,,030,Nagoya Branch,399000,0,10A100020,Ordinary Deposits,30,GHI Bank Nagoya Branch,000,Common Department,7297000,2021-06
520.0,1.0,129,Credit,2021-06-09,Rent payment,10A100020,Ordinary Deposits,30,GHI Bank Nagoya Branch,000,Common Department,0,399000,10E200720,Rent Expenses,,,030,Nagoya Branch,94361113,2021-06
521.0,1.0,167,Debit,2021-06-09,Rent payment,10E200720,Rent Expenses,,,050,Kyushu Sales Office,630000,0,10A100020,Ordinary Deposits,50,MNO Bank Kitakyushu Branch,000,Common Department,7927000,2021-06
521.0,1.0,167,Credit,2021-06-09,Rent payment,10A100020,Ordinary Deposits,50,MNO Bank Kitakyushu Branch,000,Common Department,0,630000,10E200720,Rent Expenses,,,050,Kyushu Sales Office,93731113,2021-06
521.0,2.0,167,Debit,2021-06-09,Telephone expense,10E200180,Communication Expenses,,,050,Kyushu Sales Office,149355,0,10A100020,Ordinary Deposits,50,MNO Bank Kitakyushu Branch,000,Common Department,2855287,2021-06
521.0,2.0,167,Credit,2021-06-09,Telephone expense,10A100020,Ordinary Deposits,50,MNO Bank Kitakyushu Branch,000,Common Department,0,149355,10E200180,Communication Expenses,,,050,Kyushu Sales Office,93581758,2021-06
516.0,1.0,33,Debit,2021-06-09,Rent payment,10E200720,Rent Expenses,,,010,Sapporo Sales Office,320000,0,10A100020,Ordinary Deposits,10,DEF Bank Station Branch,000,Common Department,8247000,2021-06
516.0,1.0,33,Credit,2021-06-09,Rent payment,10A100020,Ordinary Deposits,10,DEF Bank Station Branch,000,Common Department,0,320000,10E200720,Rent Expenses,,,010,Sapporo Sales Office,93261758,2021-06
516.0,2.0,33,Debit,2021-06-09,Telephone expense,10E200180,Communication Expenses,,,010,Sapporo Sales Office,123450,0,10A100020,Ordinary Deposits,10,DEF Bank Station Branch,000,Common Department,2978737,2021-06
516.0,2.0,33,Credit,2021-06-09,Telephone expense,10A100020,Ordinary Deposits,10,DEF Bank Station Branch,000,Common Department,0,123450,10E200180,Communication Expenses,,,010,Sapporo Sales Office,93138308,2021-06
517.0,1.0,70,Debit,2021-06-09,Rent payment,10E200720,Rent Expenses,,,020,Tokyo Branch,1260000,0,10A100020,Ordinary Deposits,20,ABC Bank Head Office,000,Common Department,9507000,2021-06
517.0,1.0,70,Credit,2021-06-09,Rent payment,10A100020,Ordinary Deposits,20,ABC Bank Head Office,000,Common Department,0,1260000,10E200720,Rent Expenses,,,020,Tokyo Branch,91878308,2021-06
518.0,1.0,71,Debit,2021-06-09,Rent payment,10E200720,Rent Expenses,,,040,Osaka Branch,840000,0,10A100020,Ordinary Deposits,40,JKL Bank Umeda Branch,000,Common Department,10347000,2021-06
518.0,1.0,71,Credit,2021-06-09,Rent payment,10A100020,Ordinary Deposits,40,JKL Bank Umeda Branch,000,Common Department,0,840000,10E200720,Rent Expenses,,,040,Osaka Branch,91038308,2021-06
534.0,1.0,100,Debit,2021-06-10,Voucher No. 496 dated 6/10 Anonymized Partner 066 Tokyo Head Office,10A100020,Ordinary Deposits,20,ABC Bank Head Office,000,Common Department,7243522,0,10A100090,Accounts Receivable,14,Anonymized Partner 066,000,Common Department,98281830,2021-06
534.0,1.0,100,Credit,2021-06-10,Voucher No. 496 dated 6/10 Anonymized Partner 066 Tokyo Head Office,10A100090,Accounts Receivable,14,Anonymized Partner 066,000,Common Department,0,7243522,10A100020,Ordinary Deposits,20,ABC Bank Head Office,000,Common Department,50251002,2021-06
534.0,2.0,100,Debit,2021-06-10,Voucher No. 496 dated 6/10 Anonymized Partner 066 Tokyo Head Office,10E200690,Service Fees,,,020,Tokyo Branch,840,0,10A100090,Accounts Receivable,14,Anonymized Partner 066,000,Common Department,24778,2021-06
534.0,2.0,100,Credit,2021-06-10,Voucher No. 496 dated 6/10 Anonymized Partner 066 Tokyo Head Office,10A100090,Accounts Receivable,14,Anonymized Partner 066,000,Common Department,0,840,10E200690,Service Fees,,,020,Tokyo Branch,50250162,2021-06
535.0,1.0,101,Debit,2021-06-10,Voucher No. 155 dated 6/10 Anonymized Partner 085,10B100040,Accounts Payable,3,Anonymized Partner 085,000,Common Department,2293326,0,10B100030,Notes Payable,,,000,Common Department,45790859,2021-06
535.0,1.0,101,Credit,2021-06-10,Voucher No. 155 dated 6/10 Anonymized Partner 085,10B100030,Notes Payable,,,000,Common Department,0,2293326,10B100040,Accounts Payable,3,Anonymized Partner 085,000,Common Department,50426719,2021-06
536.0,1.0,102,Debit,2021-06-10,Voucher No. 156 dated 6/10 Anonymized Partner 063,10B100040,Accounts Payable,8,Anonymized Partner 063,000,Common Department,350582,0,10A100020,Ordinary Deposits,20,ABC Bank Head Office,000,Common Department,45440277,2021-06
536.0,1.0,102,Credit,2021-06-10,Voucher No. 156 dated 6/10 Anonymized Partner 063,10A100020,Ordinary Deposits,20,ABC Bank Head Office,000,Common Department,0,350582,10B100040,Accounts Payable,8,Anonymized Partner 063,000,Common Department,97931248,2021-06
537.0,1.0,145,Debit,2021-06-10,Note due date settlement Anonymized Partner 085,10B100030,Notes Payable,,,000,Common Department,5714131,0,10A100020,Checking Deposits,1,ABC Bank,000,Common Department,44712588,2021-06
537.0,1.0,145,Credit,2021-06-10,Note due date settlement Anonymized Partner 085,10A100020,Checking Deposits,1,ABC Bank,000,Common Department,0,5714131,10B100030,Notes Payable,,,000,Common Department,92217117,2021-06
538.0,1.0,162,Debit,2021-06-10,Meeting Meal expense,10E201130,Meeting Expenses,,,020,Tokyo Branch,24995,0,10A100020,Cash,,,000,Common Department,105464,2021-06
538.0,1.0,162,Credit,2021-06-10,Meeting Meal expense,10A100020,Cash,,,000,Common Department,0,24995,10E201130,Meeting Expenses,,,020,Tokyo Branch,92192122,2021-06
539.0,1.0,168,Debit,2021-06-10,Wired service fee,10E201270,Miscellaneous Expenses,,,050,Kyushu Sales Office,6000,0,10B100630,Accounts Payable Other,,,000,Common Department,976191,2021-06
539.0,1.0,168,Credit,2021-06-10,Wired service fee,10B100630,Accounts Payable Other,,,000,Common Department,0,6000,10E201270,Miscellaneous Expenses,,,050,Kyushu Sales Office,7128458,2021-06
539.0,2.0,168,Debit,2021-06-10,Security fee,10E201270,Miscellaneous Expenses,,,050,Kyushu Sales Office,42858,0,10B100630,Accounts Payable Other,,,000,Common Department,1019049,2021-06
539.0,2.0,168,Credit,2021-06-10,Security fee,10B100630,Accounts Payable Other,,,000,Common Department,0,42858,10E201270,Miscellaneous Expenses,,,050,Kyushu Sales Office,7171316,2021-06
522.0,1.0,21,Debit,2021-06-10,Anonymized Railway Company A expense,10E201230,Travel and Transportation Expenses,,,010,Sapporo Sales Office,64580,0,10A100020,Cash,,,000,Common Department,2501813,2021-06
522.0,1.0,21,Credit,2021-06-10,Anonymized Railway Company A expense,10A100020,Cash,,,000,Common Department,0,64580,10E201230,Travel and Transportation Expenses,,,010,Sapporo Sales Office,92127542,2021-06
523.0,1.0,44,Debit,2021-06-10,Cof fee expense 2 people,10E200150,Entertainment Expenses,,,020,Tokyo Branch,1260,0,10A100020,Cash,,,000,Common Department,874179,2021-06
523.0,1.0,44,Credit,2021-06-10,Cof fee expense 2 people,10A100020,Cash,,,000,Common Department,0,1260,10E200150,Entertainment Expenses,,,020,Tokyo Branch,92126282,2021-06
524.0,1.0,57,Debit,2021-06-10,Anonymized Railway Company A expense,10E201230,Travel and Transportation Expenses,,,020,Tokyo Branch,65870,0,10A100020,Cash,,,000,Common Department,2567683,2021-06
524.0,1.0,57,Credit,2021-06-10,Anonymized Railway Company A expense,10A100020,Cash,,,000,Common Department,0,65870,10E201230,Travel and Transportation Expenses,,,020,Tokyo Branch,92060412,2021-06
525.0,1.0,64,Debit,2021-06-10,Withdrawal,10A100020,Cash,,,000,Common Department,1000000,0,10A100020,Checking Deposits,1,ABC Bank,000,Common Department,93060412,2021-06
525.0,1.0,64,Credit,2021-06-10,Withdrawal,10A100020,Checking Deposits,1,ABC Bank,000,Common Department,0,1000000,10A100020,Cash,,,000,Common Department,92060412,2021-06
526.0,1.0,68,Debit,2021-06-10,Withholding Tax payment,10B100690,Deposits Received,3,Withholding Tax,000,Common Department,258593,0,10A100020,Ordinary Deposits,20,ABC Bank Head Office,000,Common Department,3100940,2021-06
526.0,1.0,68,Credit,2021-06-10,Withholding Tax payment,10A100020,Ordinary Deposits,20,ABC Bank Head Office,000,Common Department,0,258593,10B100690,Deposits Received,3,Withholding Tax,000,Common Department,91801819,2021-06
526.0,2.0,68,Debit,2021-06-10,Resident Tax payment,10B100690,Deposits Received,2,Resident Tax,000,Common Department,462300,0,10A100020,Ordinary Deposits,20,ABC Bank Head Office,000,Common Department,2638640,2021-06
526.0,2.0,68,Credit,2021-06-10,Resident Tax payment,10A100020,Ordinary Deposits,20,ABC Bank Head Office,000,Common Department,0,462300,10B100690,Deposits Received,2,Resident Tax,000,Common Department,91339519,2021-06
527.0,1.0,72,Debit,2021-06-10,Wired service fee,10E201270,Miscellaneous Expenses,,,010,Sapporo Sales Office,5000,0,10B100630,Accounts Payable Other,,,000,Common Department,1024049,2021-06
527.0,1.0,72,Credit,2021-06-10,Wired service fee,10B100630,Accounts Payable Other,,,000,Common Department,0,5000,10E201270,Miscellaneous Expenses,,,010,Sapporo Sales Office,7176316,2021-06
527.0,2.0,72,Debit,2021-06-10,Security fee,10E201270,Miscellaneous Expenses,,,010,Sapporo Sales Office,34286,0,10B100630,Accounts Payable Other,,,000,Common Department,1058335,2021-06
527.0,2.0,72,Credit,2021-06-10,Security fee,10B100630,Accounts Payable Other,,,000,Common Department,0,34286,10E201270,Miscellaneous Expenses,,,010,Sapporo Sales Office,7210602,2021-06
528.0,1.0,76,Debit,2021-06-10,Employee late-night meal,10E200140,Employee Welfare Expenses,,,020,Tokyo Branch,12500,0,10B100630,Accounts Payable Other,,,000,Common Department,718116,2021-06
528.0,1.0,76,Credit,2021-06-10,Employee late-night meal,10B100630,Accounts Payable Other,,,000,Common Department,0,12500,10E200140,Employee Welfare Expenses,,,020,Tokyo Branch,7223102,2021-06
529.0,1.0,85,Debit,2021-06-10,Telephone expense,10E200180,Communication Expenses,,,030,Nagoya Branch,76546,0,10A100020,Ordinary Deposits,30,GHI Bank Nagoya Branch,000,Common Department,3055283,2021-06
529.0,1.0,85,Credit,2021-06-10,Telephone expense,10A100020,Ordinary Deposits,30,GHI Bank Nagoya Branch,000,Common Department,0,76546,10E200180,Communication Expenses,,,030,Nagoya Branch,91262973,2021-06
530.0,1.0,86,Debit,2021-06-10,taxi expense,10E201230,Travel and Transportation Expenses,,,030,Nagoya Branch,5050,0,10A100020,Cash,,,000,Common Department,2572733,2021-06
530.0,1.0,86,Credit,2021-06-10,taxi expense,10A100020,Cash,,,000,Common Department,0,5050,10E201230,Travel and Transportation Expenses,,,030,Nagoya Branch,91257923,2021-06
531.0,1.0,97,Debit,2021-06-10,Voucher No. 233 dated 6/10 Anonymized Partner 045,10A100020,Ordinary Deposits,30,GHI Bank Nagoya Branch,000,Common Department,1011837,0,10A100090,Accounts Receivable,19,Anonymized Partner 045,000,Common Department,92269760,2021-06
531.0,1.0,97,Credit,2021-06-10,Voucher No. 233 dated 6/10 Anonymized Partner 045,10A100090,Accounts Receivable,19,Anonymized Partner 045,000,Common Department,0,1011837,10A100020,Ordinary Deposits,30,GHI Bank Nagoya Branch,000,Common Department,49238325,2021-06
531.0,2.0,97,Debit,2021-06-10,Voucher No. 233 dated 6/10 Anonymized Partner 045,10E200690,Service Fees,,,030,Nagoya Branch,735,0,10A100090,Accounts Receivable,19,Anonymized Partner 045,000,Common Department,25513,2021-06
531.0,2.0,97,Credit,2021-06-10,Voucher No. 233 dated 6/10 Anonymized Partner 045,10A100090,Accounts Receivable,19,Anonymized Partner 045,000,Common Department,0,735,10E200690,Service Fees,,,030,Nagoya Branch,49237590,2021-06
532.0,1.0,98,Debit,2021-06-10,Voucher No. 234 dated 6/10 Anonymized Partner 072 | Sales voucher=20210531-117;Note number=R20210610-98-28,10A100060,Notes Receivable,,,000,Common Department,6707128,0,10A100090,Accounts Receivable,28,Anonymized Partner 072,000,Common Department,77716505,2021-06
532.0,1.0,98,Credit,2021-06-10,Voucher No. 234 dated 6/10 Anonymized Partner 072 | Sales voucher=20210531-117;Note number=R20210610-98-28,10A100090,Accounts Receivable,28,Anonymized Partner 072,000,Common Department,0,6707128,10A100060,Notes Receivable,,,000,Common Department,42530462,2021-06
533.0,1.0,99,Debit,2021-06-10,Voucher No. 474 dated 6/10 Anonymized Partner 085,10B100040,Accounts Payable,3,Anonymized Partner 085,000,Common Department,733365,0,10A100090,Accounts Receivable,3,Anonymized Partner 085,000,Common Department,44706912,2021-06
533.0,1.0,99,Credit,2021-06-10,Voucher No. 474 dated 6/10 Anonymized Partner 085,10A100090,Accounts Receivable,3,Anonymized Partner 085,000,Common Department,0,733365,10B100040,Accounts Payable,3,Anonymized Partner 085,000,Common Department,41797097,2021-06
544.0,1.0,158,Debit,2021-06-11,Business travel expense,10E201230,Travel and Transportation Expenses,,,040,Osaka Branch,22000,0,10A100020,Cash,,,000,Common Department,2594733,2021-06
544.0,1.0,158,Credit,2021-06-11,Business travel expense,10A100020,Cash,,,000,Common Department,0,22000,10E201230,Travel and Transportation Expenses,,,040,Osaka Branch,92247760,2021-06
541.0,1.0,23,Debit,2021-06-11,Travel expense,10E201230,Travel and Transportation Expenses,,,010,Sapporo Sales Office,30000,0,10A100020,Cash,,,000,Common Department,2624733,2021-06
541.0,1.0,23,Credit,2021-06-11,Travel expense,10A100020,Cash,,,000,Common Department,0,30000,10E201230,Travel and Transportation Expenses,,,010,Sapporo Sales Office,92217760,2021-06
541.0,2.0,23,Debit,2021-06-11,Travel expense,10E201230,Travel and Transportation Expenses,,,010,Sapporo Sales Office,28381,0,10A100020,Cash,,,000,Common Department,2653114,2021-06
541.0,2.0,23,Credit,2021-06-11,Travel expense,10A100020,Cash,,,000,Common Department,0,28381,10E201230,Travel and Transportation Expenses,,,010,Sapporo Sales Office,92189379,2021-06
541.0,3.0,23,Debit,2021-06-11,Travel expense,10E201230,Travel and Transportation Expenses,,,010,Sapporo Sales Office,39620,0,10A100020,Cash,,,000,Common Department,2692734,2021-06
541.0,3.0,23,Credit,2021-06-11,Travel expense,10A100020,Cash,,,000,Common Department,0,39620,10E201230,Travel and Transportation Expenses,,,010,Sapporo Sales Office,92149759,2021-06
540.0,1.0,8,Debit,2021-06-11,Meal expense lunch 3 people,10E200150,Entertainment Expenses,,,010,Sapporo Sales Office,6570,0,10A100020,Cash,,,000,Common Department,880749,2021-06
540.0,1.0,8,Credit,2021-06-11,Meal expense lunch 3 people,10A100020,Cash,,,000,Common Department,0,6570,10E200150,Entertainment Expenses,,,010,Sapporo Sales Office,92143189,2021-06
542.0,1.0,87,Debit,2021-06-11,Travel expense,10E201230,Travel and Transportation Expenses,,,030,Nagoya Branch,10500,0,10A100020,Cash,,,000,Common Department,2703234,2021-06
542.0,1.0,87,Credit,2021-06-11,Travel expense,10A100020,Cash,,,000,Common Department,0,10500,10E201230,Travel and Transportation Expenses,,,030,Nagoya Branch,92132689,2021-06
543.0,1.0,88,Debit,2021-06-11,Anonymized Railway Company A expense,10E201230,Travel and Transportation Expenses,,,030,Nagoya Branch,11000,0,10A100020,Cash,,,000,Common Department,2714234,2021-06
543.0,1.0,88,Credit,2021-06-11,Anonymized Railway Company A expense,10A100020,Cash,,,000,Common Department,0,11000,10E201230,Travel and Transportation Expenses,,,030,Nagoya Branch,92121689,2021-06
546.0,1.0,159,Debit,2021-06-12,taxi expense,10E201230,Travel and Transportation Expenses,,,050,Kyushu Sales Office,7420,0,10A100020,Cash,,,000,Common Department,2721654,2021-06
546.0,1.0,159,Credit,2021-06-12,taxi expense,10A100020,Cash,,,000,Common Department,0,7420,10E201230,Travel and Transportation Expenses,,,050,Kyushu Sales Office,92114269,2021-06
545.0,1.0,7,Debit,2021-06-12,Meal expense Anonymized Store 069,10E200150,Entertainment Expenses,,,010,Sapporo Sales Office,7562,0,10A100020,Cash,,,000,Common Department,888311,2021-06
545.0,1.0,7,Credit,2021-06-12,Meal expense Anonymized Store 069,10A100020,Cash,,,000,Common Department,0,7562,10E200150,Entertainment Expenses,,,010,Sapporo Sales Office,92106707,2021-06
545.0,2.0,7,Debit,2021-06-12,Meal expense Anonymized Store 017,10E200150,Entertainment Expenses,,,010,Sapporo Sales Office,25704,0,10A100020,Cash,,,000,Common Department,914015,2021-06
545.0,2.0,7,Credit,2021-06-12,Meal expense Anonymized Store 017,10A100020,Cash,,,000,Common Department,0,25704,10E200150,Entertainment Expenses,,,010,Sapporo Sales Office,92081003,2021-06
548.0,1.0,143,Debit,2021-06-13,Gasoline,10E201120,Vehicle Expenses,,,040,Osaka Branch,7248,0,10A100020,Cash,,,000,Common Department,1248319,2021-06
548.0,1.0,143,Credit,2021-06-13,Gasoline,10A100020,Cash,,,000,Common Department,0,7248,10E201120,Vehicle Expenses,,,040,Osaka Branch,92073755,2021-06
549.0,1.0,150,Debit,2021-06-13,Gift expense,10E200150,Entertainment Expenses,,,050,Kyushu Sales Office,14625,0,10A100020,Cash,,,000,Common Department,928640,2021-06
549.0,1.0,150,Credit,2021-06-13,Gift expense,10A100020,Cash,,,000,Common Department,0,14625,10E200150,Entertainment Expenses,,,050,Kyushu Sales Office,92059130,2021-06
550.0,1.0,151,Debit,2021-06-13,Meal expense Anonymized Store 003 4 people,10E200150,Entertainment Expenses,,,040,Osaka Branch,6496,0,10A100020,Cash,,,000,Common Department,935136,2021-06
550.0,1.0,151,Credit,2021-06-13,Meal expense Anonymized Store 003 4 people,10A100020,Cash,,,000,Common Department,0,6496,10E200150,Entertainment Expenses,,,040,Osaka Branch,92052634,2021-06
550.0,2.0,151,Debit,2021-06-13,Meal expense Anonymized Store 031 4 people,10E200150,Entertainment Expenses,,,040,Osaka Branch,23477,0,10A100020,Cash,,,000,Common Department,958613,2021-06
550.0,2.0,151,Credit,2021-06-13,Meal expense Anonymized Store 031 4 people,10A100020,Cash,,,000,Common Department,0,23477,10E200150,Entertainment Expenses,,,040,Osaka Branch,92029157,2021-06
551.0,1.0,152,Debit,2021-06-13,Meal expense,10E200150,Entertainment Expenses,,,050,Kyushu Sales Office,7308,0,10A100020,Cash,,,000,Common Department,965921,2021-06
551.0,1.0,152,Credit,2021-06-13,Meal expense,10A100020,Cash,,,000,Common Department,0,7308,10E200150,Entertainment Expenses,,,050,Kyushu Sales Office,92021849,2021-06
547.0,1.0,73,Debit,2021-06-13,Meal expense Anonymized Store 086 3 people,10E200150,Entertainment Expenses,,,020,Tokyo Branch,11430,0,10A100020,Cash,,,000,Common Department,977351,2021-06
547.0,1.0,73,Credit,2021-06-13,Meal expense Anonymized Store 086 3 people,10A100020,Cash,,,000,Common Department,0,11430,10E200150,Entertainment Expenses,,,020,Tokyo Branch,92010419,2021-06
547.0,2.0,73,Debit,2021-06-13,Battery expense,10E201270,Miscellaneous Expenses,,,010,Sapporo Sales Office,463,0,10A100020,Cash,,,000,Common Department,1058798,2021-06
547.0,2.0,73,Credit,2021-06-13,Battery expense,10A100020,Cash,,,000,Common Department,0,463,10E201270,Miscellaneous Expenses,,,010,Sapporo Sales Office,92009956,2021-06
552.0,1.0,51,Debit,2021-06-14,Gasoline,10E201120,Vehicle Expenses,,,020,Tokyo Branch,10929,0,10A100020,Cash,,,000,Common Department,1259248,2021-06
552.0,1.0,51,Credit,2021-06-14,Gasoline,10A100020,Cash,,,000,Common Department,0,10929,10E201120,Vehicle Expenses,,,020,Tokyo Branch,91999027,2021-06
552.0,2.0,51,Debit,2021-06-14,Parking fee,10E201120,Vehicle Expenses,,,020,Tokyo Branch,762,0,10A100020,Cash,,,000,Common Department,1260010,2021-06
552.0,2.0,51,Credit,2021-06-14,Parking fee,10A100020,Cash,,,000,Common Department,0,762,10E201120,Vehicle Expenses,,,020,Tokyo Branch,91998265,2021-06
552.0,3.0,51,Debit,2021-06-14,Expressway toll,10E201120,Vehicle Expenses,,,020,Tokyo Branch,3143,0,10A100020,Cash,,,000,Common Department,1263153,2021-06
552.0,3.0,51,Credit,2021-06-14,Expressway toll,10A100020,Cash,,,000,Common Department,0,3143,10E201120,Vehicle Expenses,,,020,Tokyo Branch,91995122,2021-06
557.0,1.0,103,Debit,2021-06-15,Voucher No. 235 dated 6/15 Anonymized Partner 068,10A100020,Ordinary Deposits,50,MNO Bank Kitakyushu Branch,000,Common Department,1616282,0,10A100090,Accounts Receivable,1,Anonymized Partner 068,000,Common Department,93611404,2021-06
557.0,1.0,103,Credit,2021-06-15,Voucher No. 235 dated 6/15 Anonymized Partner 068,10A100090,Accounts Receivable,1,Anonymized Partner 068,000,Common Department,0,1616282,10A100020,Ordinary Deposits,50,MNO Bank Kitakyushu Branch,000,Common Department,40180815,2021-06
557.0,2.0,103,Debit,2021-06-15,Voucher No. 235 dated 6/15 Anonymized Partner 068,10E200690,Service Fees,,,050,Kyushu Sales Office,840,0,10A100090,Accounts Receivable,1,Anonymized Partner 068,000,Common Department,26353,2021-06
557.0,2.0,103,Credit,2021-06-15,Voucher No. 235 dated 6/15 Anonymized Partner 068,10A100090,Accounts Receivable,1,Anonymized Partner 068,000,Common Department,0,840,10E200690,Service Fees,,,050,Kyushu Sales Office,40179975,2021-06
558.0,1.0,104,Debit,2021-06-15,Voucher No. 236 dated 6/15 Anonymized Partner 061,10A100020,Ordinary Deposits,30,GHI Bank Nagoya Branch,000,Common Department,713028,0,10A100090,Accounts Receivable,6,Anonymized Partner 061,000,Common Department,94324432,2021-06
558.0,1.0,104,Credit,2021-06-15,Voucher No. 236 dated 6/15 Anonymized Partner 061,10A100090,Accounts Receivable,6,Anonymized Partner 061,000,Common Department,0,713028,10A100020,Ordinary Deposits,30,GHI Bank Nagoya Branch,000,Common Department,39466947,2021-06
558.0,2.0,104,Debit,2021-06-15,Voucher No. 236 dated 6/15 Anonymized Partner 061,10E200690,Service Fees,,,030,Nagoya Branch,840,0,10A100090,Accounts Receivable,6,Anonymized Partner 061,000,Common Department,27193,2021-06
558.0,2.0,104,Credit,2021-06-15,Voucher No. 236 dated 6/15 Anonymized Partner 061,10A100090,Accounts Receivable,6,Anonymized Partner 061,000,Common Department,0,840,10E200690,Service Fees,,,030,Nagoya Branch,39466107,2021-06
559.0,1.0,105,Debit,2021-06-15,Voucher No. 237 dated 6/15 Anonymized Partner 073,10A100020,Ordinary Deposits,40,JKL Bank Umeda Branch,000,Common Department,427500,0,10A100090,Accounts Receivable,8,Anonymized Partner 073,000,Common Department,94751932,2021-06
559.0,1.0,105,Credit,2021-06-15,Voucher No. 237 dated 6/15 Anonymized Partner 073,10A100090,Accounts Receivable,8,Anonymized Partner 073,000,Common Department,0,427500,10A100020,Ordinary Deposits,40,JKL Bank Umeda Branch,000,Common Department,39038607,2021-06
559.0,2.0,105,Debit,2021-06-15,Voucher No. 237 dated 6/15 Anonymized Partner 073,10E200690,Service Fees,,,040,Osaka Branch,630,0,10A100090,Accounts Receivable,8,Anonymized Partner 073,000,Common Department,27823,2021-06
559.0,2.0,105,Credit,2021-06-15,Voucher No. 237 dated 6/15 Anonymized Partner 073,10A100090,Accounts Receivable,8,Anonymized Partner 073,000,Common Department,0,630,10E200690,Service Fees,,,040,Osaka Branch,39037977,2021-06
560.0,1.0,106,Debit,2021-06-15,Voucher No. 238 dated 6/15 Anonymized Partner 026,10A100020,Ordinary Deposits,40,JKL Bank Umeda Branch,000,Common Department,805785,0,10A100090,Accounts Receivable,9,Anonymized Partner 026,000,Common Department,95557717,2021-06
560.0,1.0,106,Credit,2021-06-15,Voucher No. 238 dated 6/15 Anonymized Partner 026,10A100090,Accounts Receivable,9,Anonymized Partner 026,000,Common Department,0,805785,10A100020,Ordinary Deposits,40,JKL Bank Umeda Branch,000,Common Department,38232192,2021-06
560.0,2.0,106,Debit,2021-06-15,Voucher No. 238 dated 6/15 Anonymized Partner 026,10E200690,Service Fees,,,040,Osaka Branch,735,0,10A100090,Accounts Receivable,9,Anonymized Partner 026,000,Common Department,28558,2021-06
560.0,2.0,106,Credit,2021-06-15,Voucher No. 238 dated 6/15 Anonymized Partner 026,10A100090,Accounts Receivable,9,Anonymized Partner 026,000,Common Department,0,735,10E200690,Service Fees,,,040,Osaka Branch,38231457,2021-06
561.0,1.0,107,Debit,2021-06-15,Voucher No. 239 dated 6/15 Anonymized Partner 023,10A100020,Ordinary Deposits,20,ABC Bank Head Office,000,Common Department,883097,0,10A100090,Accounts Receivable,13,Anonymized Partner 023,000,Common Department,96440814,2021-06
561.0,1.0,107,Credit,2021-06-15,Voucher No. 239 dated 6/15 Anonymized Partner 023,10A100090,Accounts Receivable,13,Anonymized Partner 023,000,Common Department,0,883097,10A100020,Ordinary Deposits,20,ABC Bank Head Office,000,Common Department,37348360,2021-06
562.0,1.0,108,Debit,2021-06-15,Voucher No. 240 dated 6/15 Anonymized Partner 079,10A100020,Ordinary Deposits,40,JKL Bank Umeda Branch,000,Common Department,849773,0,10A100090,Accounts Receivable,20,Anonymized Partner 079,000,Common Department,97290587,2021-06
562.0,1.0,108,Credit,2021-06-15,Voucher No. 240 dated 6/15 Anonymized Partner 079,10A100090,Accounts Receivable,20,Anonymized Partner 079,000,Common Department,0,849773,10A100020,Ordinary Deposits,40,JKL Bank Umeda Branch,000,Common Department,36498587,2021-06
562.0,2.0,108,Debit,2021-06-15,Voucher No. 240 dated 6/15 Anonymized Partner 079,10E200690,Service Fees,,,040,Osaka Branch,315,0,10A100090,Accounts Receivable,20,Anonymized Partner 079,000,Common Department,28873,2021-06
562.0,2.0,108,Credit,2021-06-15,Voucher No. 240 dated 6/15 Anonymized Partner 079,10A100090,Accounts Receivable,20,Anonymized Partner 079,000,Common Department,0,315,10E200690,Service Fees,,,040,Osaka Branch,36498272,2021-06
563.0,1.0,109,Debit,2021-06-15,Voucher No. 157 dated 6/15 Anonymized Partner 043,10B100040,Accounts Payable,1,Anonymized Partner 043,000,Common Department,5958662,0,10A100020,Ordinary Deposits,20,ABC Bank Head Office,000,Common Department,38748250,2021-06
563.0,1.0,109,Credit,2021-06-15,Voucher No. 157 dated 6/15 Anonymized Partner 043,10A100020,Ordinary Deposits,20,ABC Bank Head Office,000,Common Department,0,5958662,10B100040,Accounts Payable,1,Anonymized Partner 043,000,Common Department,91331925,2021-06
553.0,1.0,11,Debit,2021-06-15,Expressway toll,10E201120,Vehicle Expenses,,,010,Sapporo Sales Office,3210,0,10A100020,Cash,,,000,Common Department,1266363,2021-06
553.0,1.0,11,Credit,2021-06-15,Expressway toll,10A100020,Cash,,,000,Common Department,0,3210,10E201120,Vehicle Expenses,,,010,Sapporo Sales Office,91328715,2021-06
564.0,1.0,117,Debit,2021-06-15,Membership fee,10E201140,Membership Fees,,,040,Osaka Branch,20000,0,10A100020,Cash,,,000,Common Department,252000,2021-06
564.0,1.0,117,Credit,2021-06-15,Membership fee,10A100020,Cash,,,000,Common Department,0,20000,10E201140,Membership Fees,,,040,Osaka Branch,91308715,2021-06
565.0,1.0,130,Debit,2021-06-15,Membership fee,10E201140,Membership Fees,,,040,Osaka Branch,24000,0,10A100020,Ordinary Deposits,40,JKL Bank Umeda Branch,000,Common Department,276000,2021-06
565.0,1.0,130,Credit,2021-06-15,Membership fee,10A100020,Ordinary Deposits,40,JKL Bank Umeda Branch,000,Common Department,0,24000,10E201140,Membership Fees,,,040,Osaka Branch,91284715,2021-06
566.0,1.0,164,Debit,2021-06-15,office supplies,10E201110,Office Supplies Expenses,,,050,Kyushu Sales Office,3007,0,10A100020,Cash,,,000,Common Department,293870,2021-06
566.0,1.0,164,Credit,2021-06-15,office supplies,10A100020,Cash,,,000,Common Department,0,3007,10E201110,Office Supplies Expenses,,,050,Kyushu Sales Office,91281708,2021-06
554.0,1.0,52,Debit,2021-06-15,Expressway toll,10E201120,Vehicle Expenses,,,020,Tokyo Branch,750,0,10A100020,Cash,,,000,Common Department,1267113,2021-06
554.0,1.0,52,Credit,2021-06-15,Expressway toll,10A100020,Cash,,,000,Common Department,0,750,10E201120,Vehicle Expenses,,,020,Tokyo Branch,91280958,2021-06
555.0,1.0,61,Debit,2021-06-15,Telephone expense,10E200180,Communication Expenses,,,020,Tokyo Branch,169547,0,10A100020,Ordinary Deposits,20,ABC Bank Head Office,000,Common Department,3224830,2021-06
555.0,1.0,61,Credit,2021-06-15,Telephone expense,10A100020,Ordinary Deposits,20,ABC Bank Head Office,000,Common Department,0,169547,10E200180,Communication Expenses,,,020,Tokyo Branch,91111411,2021-06
556.0,1.0,90,Debit,2021-06-15,Month 6 Payroll Other 0060 Part-time Staff,10E200520,Temporary Wages,,,020,Tokyo Branch,272337,0,10A100020,Cash,,,000,Common Department,900474,2021-06
556.0,1.0,90,Credit,2021-06-15,Month 6 Payroll Other 0060 Part-time Staff,10A100020,Cash,,,000,Common Department,0,272337,10E200520,Temporary Wages,,,020,Tokyo Branch,90839074,2021-06
556.0,2.0,90,Debit,2021-06-15,Month 6 Payroll Other 0060 Part-time Staff,10E200520,Temporary Wages,,,020,Tokyo Branch,7528,0,10B100690,Deposits Received,9,Other,000,Common Department,908002,2021-06
556.0,2.0,90,Credit,2021-06-15,Month 6 Payroll Other 0060 Part-time Staff,10B100690,Deposits Received,9,Other,000,Common Department,0,7528,10E200520,Temporary Wages,,,020,Tokyo Branch,2646168,2021-06
568.0,1.0,136,Debit,2021-06-16,Anonymized Cleaning Company A expense,10E201270,Miscellaneous Expenses,,,040,Osaka Branch,16500,0,10A100020,Cash,,,000,Common Department,1075298,2021-06
568.0,1.0,136,Credit,2021-06-16,Anonymized Cleaning Company A expense,10A100020,Cash,,,000,Common Department,0,16500,10E201270,Miscellaneous Expenses,,,040,Osaka Branch,90822574,2021-06
567.0,1.0,83,Debit,2021-06-16,Gasoline,10E201120,Vehicle Expenses,,,050,Kyushu Sales Office,4957,0,10B100630,Accounts Payable Other,,,000,Common Department,1272070,2021-06
567.0,1.0,83,Credit,2021-06-16,Gasoline,10B100630,Accounts Payable Other,,,000,Common Department,0,4957,10E201120,Vehicle Expenses,,,050,Kyushu Sales Office,7228059,2021-06
571.0,1.0,144,Debit,2021-06-17,Gasoline,10E201120,Vehicle Expenses,,,040,Osaka Branch,5528,0,10A100020,Cash,,,000,Common Department,1277598,2021-06
571.0,1.0,144,Credit,2021-06-17,Gasoline,10A100020,Cash,,,000,Common Department,0,5528,10E201120,Vehicle Expenses,,,040,Osaka Branch,90817046,2021-06
571.0,2.0,144,Debit,2021-06-17,Expressway toll,10E201120,Vehicle Expenses,,,040,Osaka Branch,762,0,10A100020,Cash,,,000,Common Department,1278360,2021-06
571.0,2.0,144,Credit,2021-06-17,Expressway toll,10A100020,Cash,,,000,Common Department,0,762,10E201120,Vehicle Expenses,,,040,Osaka Branch,90816284,2021-06
571.0,3.0,144,Debit,2021-06-17,Parking fee,10E201120,Vehicle Expenses,,,040,Osaka Branch,1429,0,10A100020,Cash,,,000,Common Department,1279789,2021-06
571.0,3.0,144,Credit,2021-06-17,Parking fee,10A100020,Cash,,,000,Common Department,0,1429,10E201120,Vehicle Expenses,,,040,Osaka Branch,90814855,2021-06
569.0,1.0,4,Debit,2021-06-17,Advertising expense,10E200050,Advertising Expenses,,,010,Sapporo Sales Office,31500,0,10B100630,Accounts Payable Other,,,000,Common Department,400200,2021-06
569.0,1.0,4,Credit,2021-06-17,Advertising expense,10B100630,Accounts Payable Other,,,000,Common Department,0,31500,10E200050,Advertising Expenses,,,010,Sapporo Sales Office,7259559,2021-06
570.0,1.0,86,Debit,2021-06-17,Postage stamps,10E200180,Communication Expenses,,,030,Nagoya Branch,8000,0,10A100020,Cash,,,000,Common Department,3232830,2021-06
570.0,1.0,86,Credit,2021-06-17,Postage stamps,10A100020,Cash,,,000,Common Department,0,8000,10E200180,Communication Expenses,,,030,Nagoya Branch,90806855,2021-06
573.0,1.0,103,Debit,2021-06-18,golf play expense,10E200150,Entertainment Expenses,,,040,Osaka Branch,12570,0,10A100020,Cash,,,000,Common Department,989921,2021-06
573.0,1.0,103,Credit,2021-06-18,golf play expense,10A100020,Cash,,,000,Common Department,0,12570,10E200150,Entertainment Expenses,,,040,Osaka Branch,90794285,2021-06
572.0,1.0,82,Debit,2021-06-18,Gasoline,10E201120,Vehicle Expenses,,,030,Nagoya Branch,31087,0,10B100630,Accounts Payable Other,,,000,Common Department,1310876,2021-06
572.0,1.0,82,Credit,2021-06-18,Gasoline,10B100630,Accounts Payable Other,,,000,Common Department,0,31087,10E201120,Vehicle Expenses,,,030,Nagoya Branch,7290646,2021-06
574.0,1.0,46,Debit,2021-06-19,Gasoline,10E201120,Vehicle Expenses,,,020,Tokyo Branch,12587,0,10A100020,Cash,,,000,Common Department,1323463,2021-06
574.0,1.0,46,Credit,2021-06-19,Gasoline,10A100020,Cash,,,000,Common Department,0,12587,10E201120,Vehicle Expenses,,,020,Tokyo Branch,90781698,2021-06
575.0,1.0,74,Debit,2021-06-19,Meal expense Anonymized Store 019 4 people,10E200150,Entertainment Expenses,,,020,Tokyo Branch,32400,0,10A100020,Cash,,,000,Common Department,1022321,2021-06
575.0,1.0,74,Credit,2021-06-19,Meal expense Anonymized Store 019 4 people,10A100020,Cash,,,000,Common Department,0,32400,10E200150,Entertainment Expenses,,,020,Tokyo Branch,90749298,2021-06
576.0,1.0,1,Debit,2021-06-20,"Overtime meal, reduced tax rate",10E200140,Employee Welfare Expenses,,,000,Common Department,32400,0,10A100020,Cash,,,000,Common Department,750516,2021-06
576.0,1.0,1,Credit,2021-06-20,"Overtime meal, reduced tax rate",10A100020,Cash,,,000,Common Department,0,32400,10E200140,Employee Welfare Expenses,,,000,Common Department,90716898,2021-06
594.0,1.0,101,Debit,2021-06-20,Advertising fee,10E200050,Advertising Expenses,,,040,Osaka Branch,52500,0,10B100630,Accounts Payable Other,,,000,Common Department,452700,2021-06
594.0,1.0,101,Credit,2021-06-20,Advertising fee,10B100630,Accounts Payable Other,,,000,Common Department,0,52500,10E200050,Advertising Expenses,,,040,Osaka Branch,7343146,2021-06
595.0,1.0,110,Debit,2021-06-20,Voucher No. 241 dated 6/20 Anonymized Partner 058,10A100020,Cash,,,000,Common Department,820932,0,10A100090,Accounts Receivable,11,Anonymized Partner 058,000,Common Department,91537830,2021-06
595.0,1.0,110,Credit,2021-06-20,Voucher No. 241 dated 6/20 Anonymized Partner 058,10A100090,Accounts Receivable,11,Anonymized Partner 058,000,Common Department,0,820932,10A100020,Cash,,,000,Common Department,35677340,2021-06
596.0,1.0,111,Debit,2021-06-20,Voucher No. 242 dated 6/20 Anonymized Partner 014,10A100020,Ordinary Deposits,30,GHI Bank Nagoya Branch,000,Common Department,750150,0,10A100090,Accounts Receivable,21,Anonymized Partner 014,000,Common Department,92287980,2021-06
596.0,1.0,111,Credit,2021-06-20,Voucher No. 242 dated 6/20 Anonymized Partner 014,10A100090,Accounts Receivable,21,Anonymized Partner 014,000,Common Department,0,750150,10A100020,Ordinary Deposits,30,GHI Bank Nagoya Branch,000,Common Department,34927190,2021-06
596.0,2.0,111,Debit,2021-06-20,Voucher No. 242 dated 6/20 Anonymized Partner 014,10E200690,Service Fees,,,030,Nagoya Branch,630,0,10A100090,Accounts Receivable,21,Anonymized Partner 014,000,Common Department,29503,2021-06
596.0,2.0,111,Credit,2021-06-20,Voucher No. 242 dated 6/20 Anonymized Partner 014,10A100090,Accounts Receivable,21,Anonymized Partner 014,000,Common Department,0,630,10E200690,Service Fees,,,030,Nagoya Branch,34926560,2021-06
597.0,1.0,112,Debit,2021-06-20,Voucher No. 243 dated 6/20 Anonymized Partner 052,10A100020,Ordinary Deposits,20,ABC Bank Head Office,000,Common Department,1378335,0,10A100090,Accounts Receivable,30,Anonymized Partner 052,000,Common Department,93666315,2021-06
597.0,1.0,112,Credit,2021-06-20,Voucher No. 243 dated 6/20 Anonymized Partner 052,10A100090,Accounts Receivable,30,Anonymized Partner 052,000,Common Department,0,1378335,10A100020,Ordinary Deposits,20,ABC Bank Head Office,000,Common Department,33548225,2021-06
597.0,2.0,112,Debit,2021-06-20,Voucher No. 243 dated 6/20 Anonymized Partner 052,10E200690,Service Fees,,,020,Tokyo Branch,735,0,10A100090,Accounts Receivable,30,Anonymized Partner 052,000,Common Department,30238,2021-06
597.0,2.0,112,Credit,2021-06-20,Voucher No. 243 dated 6/20 Anonymized Partner 052,10A100090,Accounts Receivable,30,Anonymized Partner 052,000,Common Department,0,735,10E200690,Service Fees,,,020,Tokyo Branch,33547490,2021-06
598.0,1.0,113,Debit,2021-06-20,Voucher No. 158 dated 6/20 Anonymized Partner 047,10B100040,Accounts Payable,4,Anonymized Partner 047,000,Common Department,926133,0,10A100020,Ordinary Deposits,20,ABC Bank Head Office,000,Common Department,37822117,2021-06
598.0,1.0,113,Credit,2021-06-20,Voucher No. 158 dated 6/20 Anonymized Partner 047,10A100020,Ordinary Deposits,20,ABC Bank Head Office,000,Common Department,0,926133,10B100040,Accounts Payable,4,Anonymized Partner 047,000,Common Department,92740182,2021-06
599.0,1.0,114,Debit,2021-06-20,Voucher No. 159 dated 6/20 Anonymized Partner 054,10B100040,Accounts Payable,6,Anonymized Partner 054,000,Common Department,3297698,0,10A100020,Ordinary Deposits,20,ABC Bank Head Office,000,Common Department,34524419,2021-06
599.0,1.0,114,Credit,2021-06-20,Voucher No. 159 dated 6/20 Anonymized Partner 054,10A100020,Ordinary Deposits,20,ABC Bank Head Office,000,Common Department,0,3297698,10B100040,Accounts Payable,6,Anonymized Partner 054,000,Common Department,89442484,2021-06
600.0,1.0,115,Debit,2021-06-20,Voucher No. 160 dated 6/20 Anonymized Partner 067,10B100040,Accounts Payable,11,Anonymized Partner 067,000,Common Department,4228407,0,10A100020,Ordinary Deposits,20,ABC Bank Head Office,000,Common Department,30296012,2021-06
600.0,1.0,115,Credit,2021-06-20,Voucher No. 160 dated 6/20 Anonymized Partner 067,10A100020,Ordinary Deposits,20,ABC Bank Head Office,000,Common Department,0,4228407,10B100040,Accounts Payable,11,Anonymized Partner 067,000,Common Department,85214077,2021-06
601.0,1.0,118,Debit,2021-06-20,Copying expense expense,10E201110,Office Supplies Expenses,,,040,Osaka Branch,7123,0,10B100630,Accounts Payable Other,,,000,Common Department,300993,2021-06
601.0,1.0,118,Credit,2021-06-20,Copying expense expense,10B100630,Accounts Payable Other,,,000,Common Department,0,7123,10E201110,Office Supplies Expenses,,,040,Osaka Branch,7350269,2021-06
602.0,1.0,132,Debit,2021-06-20,Electricity expense,10E201040,Utilities Expenses,,,040,Osaka Branch,95300,0,10A100020,Ordinary Deposits,40,JKL Bank Umeda Branch,000,Common Department,1356116,2021-06
602.0,1.0,132,Credit,2021-06-20,Electricity expense,10A100020,Ordinary Deposits,40,JKL Bank Umeda Branch,000,Common Department,0,95300,10E201040,Utilities Expenses,,,040,Osaka Branch,85118777,2021-06
602.0,2.0,132,Debit,2021-06-20,Water expense,10E201040,Utilities Expenses,,,040,Osaka Branch,5559,0,10A100020,Ordinary Deposits,40,JKL Bank Umeda Branch,000,Common Department,1361675,2021-06
602.0,2.0,132,Credit,2021-06-20,Water expense,10A100020,Ordinary Deposits,40,JKL Bank Umeda Branch,000,Common Department,0,5559,10E201040,Utilities Expenses,,,040,Osaka Branch,85113218,2021-06
603.0,1.0,134,Debit,2021-06-20,Paper,10E201110,Office Supplies Expenses,,,020,Tokyo Branch,23000,0,10B100630,Accounts Payable Other,,,000,Common Department,323993,2021-06
603.0,1.0,134,Credit,2021-06-20,Paper,10B100630,Accounts Payable Other,,,000,Common Department,0,23000,10E201110,Office Supplies Expenses,,,020,Tokyo Branch,7373269,2021-06
604.0,1.0,135,Debit,2021-06-20,office supplies,10E201110,Office Supplies Expenses,,,040,Osaka Branch,7302,0,10B100630,Accounts Payable Other,,,000,Common Department,331295,2021-06
604.0,1.0,135,Credit,2021-06-20,office supplies,10B100630,Accounts Payable Other,,,000,Common Department,0,7302,10E201110,Office Supplies Expenses,,,040,Osaka Branch,7380571,2021-06
605.0,1.0,141,Debit,2021-06-20,Note discounted Anonymized Partner 065 | Note number=R20210531-121-12;Receipt amount corrected to settlement amount,10A100020,Checking Deposits,1,ABC Bank,000,Common Department,10722057,0,10A100060,Notes Receivable,,,000,Common Department,95835275,2021-06
605.0,1.0,141,Credit,2021-06-20,Note discounted Anonymized Partner 065 | Note number=R20210531-121-12;Receipt amount corrected to settlement amount,10A100060,Notes Receivable,,,000,Common Department,0,10722057,10A100020,Checking Deposits,1,ABC Bank,000,Common Department,66994448,2021-06
605.0,2.0,141,Debit,2021-06-20,Note discount fee | Note number=R20210531-121-12,10E300020,Interest Expense,,,020,Tokyo Branch,85721,0,10A100060,Notes Receivable,,,000,Common Department,295122,2021-06
605.0,2.0,141,Credit,2021-06-20,Note discount fee | Note number=R20210531-121-12,10A100060,Notes Receivable,,,000,Common Department,0,85721,10E300020,Interest Expense,,,020,Tokyo Branch,66908727,2021-06
606.0,1.0,143,Debit,2021-06-20,Note discounted Anonymized Partner 072 | Note number=R20210510-93-28;Receipt amount corrected to settlement amount,10A100020,Checking Deposits,1,ABC Bank,000,Common Department,4629728,0,10A100060,Notes Receivable,,,000,Common Department,100465003,2021-06
606.0,1.0,143,Credit,2021-06-20,Note discounted Anonymized Partner 072 | Note number=R20210510-93-28;Receipt amount corrected to settlement amount,10A100060,Notes Receivable,,,000,Common Department,0,4629728,10A100020,Checking Deposits,1,ABC Bank,000,Common Department,62278999,2021-06
606.0,2.0,143,Debit,2021-06-20,Note discount fee | Note number=R20210510-93-28,10E300020,Interest Expense,,,020,Tokyo Branch,62579,0,10A100060,Notes Receivable,,,000,Common Department,357701,2021-06
606.0,2.0,143,Credit,2021-06-20,Note discount fee | Note number=R20210510-93-28,10A100060,Notes Receivable,,,000,Common Department,0,62579,10E300020,Interest Expense,,,020,Tokyo Branch,62216420,2021-06
607.0,1.0,150,Debit,2021-06-20,Funds transfer,10A100020,Ordinary Deposits,20,ABC Bank Head Office,000,Common Department,7000000,0,10A100020,Checking Deposits,1,ABC Bank,000,Common Department,107465003,2021-06
607.0,1.0,150,Credit,2021-06-20,Funds transfer,10A100020,Checking Deposits,1,ABC Bank,000,Common Department,0,7000000,10A100020,Ordinary Deposits,20,ABC Bank Head Office,000,Common Department,100465003,2021-06
608.0,1.0,169,Debit,2021-06-20,Electricity expense,10E201040,Utilities Expenses,,,050,Kyushu Sales Office,95768,0,10A100020,Ordinary Deposits,50,MNO Bank Kitakyushu Branch,000,Common Department,1457443,2021-06
608.0,1.0,169,Credit,2021-06-20,Electricity expense,10A100020,Ordinary Deposits,50,MNO Bank Kitakyushu Branch,000,Common Department,0,95768,10E201040,Utilities Expenses,,,050,Kyushu Sales Office,100369235,2021-06
608.0,2.0,169,Debit,2021-06-20,Water expense,10E201040,Utilities Expenses,,,050,Kyushu Sales Office,6821,0,10A100020,Ordinary Deposits,50,MNO Bank Kitakyushu Branch,000,Common Department,1464264,2021-06
608.0,2.0,169,Credit,2021-06-20,Water expense,10A100020,Ordinary Deposits,50,MNO Bank Kitakyushu Branch,000,Common Department,0,6821,10E201040,Utilities Expenses,,,050,Kyushu Sales Office,100362414,2021-06
577.0,1.0,3,Debit,2021-06-20,Lodging expense,10E200140,Employee Welfare Expenses,,,010,Sapporo Sales Office,31210,0,10B100630,Accounts Payable Other,,,000,Common Department,781726,2021-06
577.0,1.0,3,Credit,2021-06-20,Lodging expense,10B100630,Accounts Payable Other,,,000,Common Department,0,31210,10E200140,Employee Welfare Expenses,,,010,Sapporo Sales Office,7411781,2021-06
579.0,1.0,31,Debit,2021-06-20,Copying expense expense,10E201110,Office Supplies Expenses,,,010,Sapporo Sales Office,2753,0,10B100630,Accounts Payable Other,,,000,Common Department,334048,2021-06
579.0,1.0,31,Credit,2021-06-20,Copying expense expense,10B100630,Accounts Payable Other,,,000,Common Department,0,2753,10E201110,Office Supplies Expenses,,,010,Sapporo Sales Office,7414534,2021-06
580.0,1.0,34,Debit,2021-06-20,Electricity expense,10E201040,Utilities Expenses,,,010,Sapporo Sales Office,74915,0,10A100020,Ordinary Deposits,10,DEF Bank Station Branch,000,Common Department,1539179,2021-06
580.0,1.0,34,Credit,2021-06-20,Electricity expense,10A100020,Ordinary Deposits,10,DEF Bank Station Branch,000,Common Department,0,74915,10E201040,Utilities Expenses,,,010,Sapporo Sales Office,100287499,2021-06
580.0,2.0,34,Debit,2021-06-20,Water expense,10E201040,Utilities Expenses,,,010,Sapporo Sales Office,4058,0,10A100020,Ordinary Deposits,10,DEF Bank Station Branch,000,Common Department,1543237,2021-06
580.0,2.0,34,Credit,2021-06-20,Water expense,10A100020,Ordinary Deposits,10,DEF Bank Station Branch,000,Common Department,0,4058,10E201040,Utilities Expenses,,,010,Sapporo Sales Office,100283441,2021-06
581.0,1.0,53,Debit,2021-06-20,Expressway toll,10E201120,Vehicle Expenses,,,020,Tokyo Branch,2500,0,10A100020,Cash,,,000,Common Department,1325963,2021-06
581.0,1.0,53,Credit,2021-06-20,Expressway toll,10A100020,Cash,,,000,Common Department,0,2500,10E201120,Vehicle Expenses,,,020,Tokyo Branch,100280941,2021-06
578.0,1.0,6,Debit,2021-06-20,Advertising fee,10E200050,Advertising Expenses,,,010,Sapporo Sales Office,5000,0,10A100020,Cash,,,000,Common Department,457700,2021-06
578.0,1.0,6,Credit,2021-06-20,Advertising fee,10A100020,Cash,,,000,Common Department,0,5000,10E200050,Advertising Expenses,,,010,Sapporo Sales Office,100275941,2021-06
582.0,1.0,64,Debit,2021-06-20,Electricity expense,10E201040,Utilities Expenses,,,020,Tokyo Branch,172641,0,10A100020,Ordinary Deposits,20,ABC Bank Head Office,000,Common Department,1715878,2021-06
582.0,1.0,64,Credit,2021-06-20,Electricity expense,10A100020,Ordinary Deposits,20,ABC Bank Head Office,000,Common Department,0,172641,10E201040,Utilities Expenses,,,020,Tokyo Branch,100103300,2021-06
582.0,2.0,64,Debit,2021-06-20,Water expense,10E201040,Utilities Expenses,,,020,Tokyo Branch,6952,0,10A100020,Ordinary Deposits,20,ABC Bank Head Office,000,Common Department,1722830,2021-06
582.0,2.0,64,Credit,2021-06-20,Water expense,10A100020,Ordinary Deposits,20,ABC Bank Head Office,000,Common Department,0,6952,10E201040,Utilities Expenses,,,020,Tokyo Branch,100096348,2021-06
583.0,1.0,65,Debit,2021-06-20,Funds transfer,10A100020,Ordinary Deposits,20,ABC Bank Head Office,000,Common Department,6000000,0,10A100020,Checking Deposits,1,ABC Bank,000,Common Department,106096348,2021-06
583.0,1.0,65,Credit,2021-06-20,Funds transfer,10A100020,Checking Deposits,1,ABC Bank,000,Common Department,0,6000000,10A100020,Ordinary Deposits,20,ABC Bank Head Office,000,Common Department,100096348,2021-06
584.0,1.0,66,Debit,2021-06-20,Tea expense,10E200140,Employee Welfare Expenses,,,050,Kyushu Sales Office,10500,0,10B100630,Accounts Payable Other,,,000,Common Department,792226,2021-06
584.0,1.0,66,Credit,2021-06-20,Tea expense,10B100630,Accounts Payable Other,,,000,Common Department,0,10500,10E200140,Employee Welfare Expenses,,,050,Kyushu Sales Office,7425034,2021-06
585.0,1.0,71,Debit,2021-06-20,office supplies,10E201110,Office Supplies Expenses,,,020,Tokyo Branch,1505,0,10B100630,Accounts Payable Other,,,000,Common Department,335553,2021-06
585.0,1.0,71,Credit,2021-06-20,office supplies,10B100630,Accounts Payable Other,,,000,Common Department,0,1505,10E201110,Office Supplies Expenses,,,020,Tokyo Branch,7426539,2021-06
585.0,2.0,71,Debit,2021-06-20,Copy counter charge,10E201110,Office Supplies Expenses,,,020,Tokyo Branch,31854,0,10B100630,Accounts Payable Other,,,000,Common Department,367407,2021-06
585.0,2.0,71,Credit,2021-06-20,Copy counter charge,10B100630,Accounts Payable Other,,,000,Common Department,0,31854,10E201110,Office Supplies Expenses,,,020,Tokyo Branch,7458393,2021-06
586.0,1.0,74,Debit,2021-06-20,Wired service fee,10E201270,Miscellaneous Expenses,,,030,Nagoya Branch,5000,0,10B100630,Accounts Payable Other,,,000,Common Department,1080298,2021-06
586.0,1.0,74,Credit,2021-06-20,Wired service fee,10B100630,Accounts Payable Other,,,000,Common Department,0,5000,10E201270,Miscellaneous Expenses,,,030,Nagoya Branch,7463393,2021-06
587.0,1.0,75,Debit,2021-06-20,toilet paper and others,10E201270,Miscellaneous Expenses,,,040,Osaka Branch,1079,0,10A100020,Cash,,,000,Common Department,1081377,2021-06
587.0,1.0,75,Credit,2021-06-20,toilet paper and others,10A100020,Cash,,,000,Common Department,0,1079,10E201270,Miscellaneous Expenses,,,040,Osaka Branch,100095269,2021-06
588.0,1.0,76,Debit,2021-06-20,Copy counter charge,10E201110,Office Supplies Expenses,,,050,Kyushu Sales Office,6300,0,10B100630,Accounts Payable Other,,,000,Common Department,373707,2021-06
588.0,1.0,76,Credit,2021-06-20,Copy counter charge,10B100630,Accounts Payable Other,,,000,Common Department,0,6300,10E201110,Office Supplies Expenses,,,050,Kyushu Sales Office,7469693,2021-06
589.0,1.0,80,Debit,2021-06-20,Membership fee Payment,10E200140,Employee Welfare Expenses,,,030,Nagoya Branch,417375,0,10B100630,Accounts Payable Other,,,000,Common Department,1209601,2021-06
589.0,1.0,80,Credit,2021-06-20,Membership fee Payment,10B100630,Accounts Payable Other,,,000,Common Department,0,417375,10E200140,Employee Welfare Expenses,,,030,Nagoya Branch,7887068,2021-06
590.0,1.0,81,Debit,2021-06-20,files and related supplies,10E200200,Supplies Expenses,,,000,Common Department,16667,0,10B100630,Accounts Payable Other,,,000,Common Department,638936,2021-06
590.0,1.0,81,Credit,2021-06-20,files and related supplies,10B100630,Accounts Payable Other,,,000,Common Department,0,16667,10E200200,Supplies Expenses,,,000,Common Department,7903735,2021-06
590.0,2.0,81,Debit,2021-06-20,Drinking water,10E200200,Supplies Expenses,,,000,Common Department,210000,0,10B100630,Accounts Payable Other,,,000,Common Department,848936,2021-06
590.0,2.0,81,Credit,2021-06-20,Drinking water,10B100630,Accounts Payable Other,,,000,Common Department,0,210000,10E200200,Supplies Expenses,,,000,Common Department,8113735,2021-06
590.0,3.0,81,Debit,2021-06-20,Business card expense,10E200200,Supplies Expenses,,,000,Common Department,31905,0,10B100630,Accounts Payable Other,,,000,Common Department,880841,2021-06
590.0,3.0,81,Credit,2021-06-20,Business card expense,10B100630,Accounts Payable Other,,,000,Common Department,0,31905,10E200200,Supplies Expenses,,,000,Common Department,8145640,2021-06
591.0,1.0,89,Debit,2021-06-20,Electricity expense,10E201040,Utilities Expenses,,,030,Nagoya Branch,78737,0,10A100020,Ordinary Deposits,30,GHI Bank Nagoya Branch,000,Common Department,1801567,2021-06
591.0,1.0,89,Credit,2021-06-20,Electricity expense,10A100020,Ordinary Deposits,30,GHI Bank Nagoya Branch,000,Common Department,0,78737,10E201040,Utilities Expenses,,,030,Nagoya Branch,100016532,2021-06
591.0,2.0,89,Debit,2021-06-20,Water expense,10E201040,Utilities Expenses,,,030,Nagoya Branch,3327,0,10A100020,Ordinary Deposits,30,GHI Bank Nagoya Branch,000,Common Department,1804894,2021-06
591.0,2.0,89,Credit,2021-06-20,Water expense,10A100020,Ordinary Deposits,30,GHI Bank Nagoya Branch,000,Common Department,0,3327,10E201040,Utilities Expenses,,,030,Nagoya Branch,100013205,2021-06
591.0,3.0,89,Debit,2021-06-20,Gas expense,10E201040,Utilities Expenses,,,030,Nagoya Branch,2825,0,10A100020,Ordinary Deposits,30,GHI Bank Nagoya Branch,000,Common Department,1807719,2021-06
591.0,3.0,89,Credit,2021-06-20,Gas expense,10A100020,Ordinary Deposits,30,GHI Bank Nagoya Branch,000,Common Department,0,2825,10E201040,Utilities Expenses,,,030,Nagoya Branch,100010380,2021-06
592.0,1.0,97,Debit,2021-06-20,Copying expense expense,10E201110,Office Supplies Expenses,,,030,Nagoya Branch,38845,0,10B100630,Accounts Payable Other,,,000,Common Department,412552,2021-06
592.0,1.0,97,Credit,2021-06-20,Copying expense expense,10B100630,Accounts Payable Other,,,000,Common Department,0,38845,10E201110,Office Supplies Expenses,,,030,Nagoya Branch,8184485,2021-06
593.0,1.0,98,Debit,2021-06-20,office supplies,10E201110,Office Supplies Expenses,,,030,Nagoya Branch,2390,0,10B100630,Accounts Payable Other,,,000,Common Department,414942,2021-06
593.0,1.0,98,Credit,2021-06-20,office supplies,10B100630,Accounts Payable Other,,,000,Common Department,0,2390,10E201110,Office Supplies Expenses,,,030,Nagoya Branch,8186875,2021-06
609.0,1.0,12,Debit,2021-06-21,Gasoline,10E201120,Vehicle Expenses,,,010,Sapporo Sales Office,4456,0,10A100020,Cash,,,000,Common Department,1330419,2021-06
609.0,1.0,12,Credit,2021-06-21,Gasoline,10A100020,Cash,,,000,Common Department,0,4456,10E201120,Vehicle Expenses,,,010,Sapporo Sales Office,100005924,2021-06
609.0,2.0,12,Debit,2021-06-21,fuel additive expense,10E201120,Vehicle Expenses,,,010,Sapporo Sales Office,2313,0,10A100020,Cash,,,000,Common Department,1332732,2021-06
609.0,2.0,12,Credit,2021-06-21,fuel additive expense,10A100020,Cash,,,000,Common Department,0,2313,10E201120,Vehicle Expenses,,,010,Sapporo Sales Office,100003611,2021-06
609.0,3.0,12,Debit,2021-06-21,Expressway toll,10E201120,Vehicle Expenses,,,010,Sapporo Sales Office,1048,0,10A100020,Cash,,,000,Common Department,1333780,2021-06
609.0,3.0,12,Credit,2021-06-21,Expressway toll,10A100020,Cash,,,000,Common Department,0,1048,10E201120,Vehicle Expenses,,,010,Sapporo Sales Office,100002563,2021-06
612.0,1.0,160,Debit,2021-06-21,Business travel expense,10E201230,Travel and Transportation Expenses,,,020,Tokyo Branch,70000,0,10A100020,Cash,,,000,Common Department,2791654,2021-06
612.0,1.0,160,Credit,2021-06-21,Business travel expense,10A100020,Cash,,,000,Common Department,0,70000,10E201230,Travel and Transportation Expenses,,,020,Tokyo Branch,99932563,2021-06
610.0,1.0,24,Debit,2021-06-21,Anonymized Railway Company A multi-ride ticket,10E201230,Travel and Transportation Expenses,,,010,Sapporo Sales Office,82620,0,10A100020,Cash,,,000,Common Department,2874274,2021-06
610.0,1.0,24,Credit,2021-06-21,Anonymized Railway Company A multi-ride ticket,10A100020,Cash,,,000,Common Department,0,82620,10E201230,Travel and Transportation Expenses,,,010,Sapporo Sales Office,99849943,2021-06
611.0,1.0,89,Debit,2021-06-21,Travel expense,10E201230,Travel and Transportation Expenses,,,030,Nagoya Branch,9800,0,10A100020,Cash,,,000,Common Department,2884074,2021-06
611.0,1.0,89,Credit,2021-06-21,Travel expense,10A100020,Cash,,,000,Common Department,0,9800,10E201230,Travel and Transportation Expenses,,,030,Nagoya Branch,99840143,2021-06
616.0,1.0,109,Debit,2021-06-22,Gasoline,10E201120,Vehicle Expenses,,,040,Osaka Branch,6962,0,10B100630,Accounts Payable Other,,,000,Common Department,1340742,2021-06
616.0,1.0,109,Credit,2021-06-22,Gasoline,10B100630,Accounts Payable Other,,,000,Common Department,0,6962,10E201120,Vehicle Expenses,,,040,Osaka Branch,8193837,2021-06
617.0,1.0,153,Debit,2021-06-22,Meal expense Anonymized Store 082,10E200150,Entertainment Expenses,,,030,Nagoya Branch,16540,0,10A100020,Cash,,,000,Common Department,1038861,2021-06
617.0,1.0,153,Credit,2021-06-22,Meal expense Anonymized Store 082,10A100020,Cash,,,000,Common Department,0,16540,10E200150,Entertainment Expenses,,,030,Nagoya Branch,99823603,2021-06
618.0,1.0,155,Debit,2021-06-22,Gasoline,10E201120,Vehicle Expenses,,,050,Kyushu Sales Office,5713,0,10A100020,Cash,,,000,Common Department,1346455,2021-06
618.0,1.0,155,Credit,2021-06-22,Gasoline,10A100020,Cash,,,000,Common Department,0,5713,10E201120,Vehicle Expenses,,,050,Kyushu Sales Office,99817890,2021-06
618.0,2.0,155,Debit,2021-06-22,Expressway toll,10E201120,Vehicle Expenses,,,050,Kyushu Sales Office,762,0,10A100020,Cash,,,000,Common Department,1347217,2021-06
618.0,2.0,155,Credit,2021-06-22,Expressway toll,10A100020,Cash,,,000,Common Department,0,762,10E201120,Vehicle Expenses,,,050,Kyushu Sales Office,99817128,2021-06
618.0,3.0,155,Debit,2021-06-22,Parking fee,10E201120,Vehicle Expenses,,,050,Kyushu Sales Office,381,0,10A100020,Cash,,,000,Common Department,1347598,2021-06
618.0,3.0,155,Credit,2021-06-22,Parking fee,10A100020,Cash,,,000,Common Department,0,381,10E201120,Vehicle Expenses,,,050,Kyushu Sales Office,99816747,2021-06
619.0,1.0,163,Debit,2021-06-22,Membership fee,10E201140,Membership Fees,,,050,Kyushu Sales Office,18000,0,10A100020,Cash,,,000,Common Department,294000,2021-06
619.0,1.0,163,Credit,2021-06-22,Membership fee,10A100020,Cash,,,000,Common Department,0,18000,10E201140,Membership Fees,,,050,Kyushu Sales Office,99798747,2021-06
620.0,1.0,166,Debit,2021-06-22,Anonymized Cleaning Company A expense,10E201270,Miscellaneous Expenses,,,050,Kyushu Sales Office,1890,0,10A100020,Cash,,,000,Common Department,1083267,2021-06
620.0,1.0,166,Credit,2021-06-22,Anonymized Cleaning Company A expense,10A100020,Cash,,,000,Common Department,0,1890,10E201270,Miscellaneous Expenses,,,050,Kyushu Sales Office,99796857,2021-06
613.0,1.0,9,Debit,2021-06-22,assorted confectionery Anonymized Partner 073,10E200150,Entertainment Expenses,,,010,Sapporo Sales Office,3239,0,10A100020,Cash,,,000,Common Department,1042100,2021-06
613.0,1.0,9,Credit,2021-06-22,assorted confectionery Anonymized Partner 073,10A100020,Cash,,,000,Common Department,0,3239,10E200150,Entertainment Expenses,,,010,Sapporo Sales Office,99793618,2021-06
613.0,2.0,9,Debit,2021-06-22,Gift certificate Anonymized Partner 073,10E200150,Entertainment Expenses,,,010,Sapporo Sales Office,4762,0,10A100020,Cash,,,000,Common Department,1046862,2021-06
613.0,2.0,9,Credit,2021-06-22,Gift certificate Anonymized Partner 073,10A100020,Cash,,,000,Common Department,0,4762,10E200150,Entertainment Expenses,,,010,Sapporo Sales Office,99788856,2021-06
614.0,1.0,90,Debit,2021-06-22,Anonymized Cleaning Company A expense,10E201270,Miscellaneous Expenses,,,030,Nagoya Branch,10500,0,10A100020,Cash,,,000,Common Department,1093767,2021-06
614.0,1.0,90,Credit,2021-06-22,Anonymized Cleaning Company A expense,10A100020,Cash,,,000,Common Department,0,10500,10E201270,Miscellaneous Expenses,,,030,Nagoya Branch,99778356,2021-06
615.0,1.0,95,Debit,2021-06-22,Cleaning fee,10E201270,Miscellaneous Expenses,,,030,Nagoya Branch,71675,0,10B100630,Accounts Payable Other,,,000,Common Department,1165442,2021-06
615.0,1.0,95,Credit,2021-06-22,Cleaning fee,10B100630,Accounts Payable Other,,,000,Common Department,0,71675,10E201270,Miscellaneous Expenses,,,030,Nagoya Branch,8265512,2021-06
625.0,1.0,140,Debit,2021-06-23,Travel expense,10E201230,Travel and Transportation Expenses,,,040,Osaka Branch,7450,0,10A100020,Cash,,,000,Common Department,2891524,2021-06
625.0,1.0,140,Credit,2021-06-23,Travel expense,10A100020,Cash,,,000,Common Department,0,7450,10E201230,Travel and Transportation Expenses,,,040,Osaka Branch,99770906,2021-06
621.0,1.0,25,Debit,2021-06-23,Travel expense,10E201230,Travel and Transportation Expenses,,,010,Sapporo Sales Office,61000,0,10A100020,Cash,,,000,Common Department,2952524,2021-06
621.0,1.0,25,Credit,2021-06-23,Travel expense,10A100020,Cash,,,000,Common Department,0,61000,10E201230,Travel and Transportation Expenses,,,010,Sapporo Sales Office,99709906,2021-06
622.0,1.0,28,Debit,2021-06-23,taxi expense,10E201230,Travel and Transportation Expenses,,,010,Sapporo Sales Office,2420,0,10B100630,Accounts Payable Other,,,000,Common Department,2954944,2021-06
622.0,1.0,28,Credit,2021-06-23,taxi expense,10B100630,Accounts Payable Other,,,000,Common Department,0,2420,10E201230,Travel and Transportation Expenses,,,010,Sapporo Sales Office,8267932,2021-06
623.0,1.0,38,Debit,2021-06-23,Lodging expense,10E200140,Employee Welfare Expenses,,,020,Tokyo Branch,48164,0,10B100630,Accounts Payable Other,,,000,Common Department,1257765,2021-06
623.0,1.0,38,Credit,2021-06-23,Lodging expense,10B100630,Accounts Payable Other,,,000,Common Department,0,48164,10E200140,Employee Welfare Expenses,,,020,Tokyo Branch,8316096,2021-06
624.0,1.0,59,Debit,2021-06-23,Travel expense,10E201230,Travel and Transportation Expenses,,,020,Tokyo Branch,65000,0,10A100020,Cash,,,000,Common Department,3019944,2021-06
624.0,1.0,59,Credit,2021-06-23,Travel expense,10A100020,Cash,,,000,Common Department,0,65000,10E201230,Travel and Transportation Expenses,,,020,Tokyo Branch,99644906,2021-06
629.0,1.0,131,Debit,2021-06-24,Membership fee,10E201140,Membership Fees,,,040,Osaka Branch,24000,0,10A100020,Ordinary Deposits,40,JKL Bank Umeda Branch,000,Common Department,318000,2021-06
629.0,1.0,131,Credit,2021-06-24,Membership fee,10A100020,Ordinary Deposits,40,JKL Bank Umeda Branch,000,Common Department,0,24000,10E201140,Membership Fees,,,040,Osaka Branch,99620906,2021-06
630.0,1.0,154,Debit,2021-06-24,golf play expense,10E200150,Entertainment Expenses,,,050,Kyushu Sales Office,18240,0,10B100630,Accounts Payable Other,,,000,Common Department,1065102,2021-06
630.0,1.0,154,Credit,2021-06-24,golf play expense,10B100630,Accounts Payable Other,,,000,Common Department,0,18240,10E200150,Entertainment Expenses,,,050,Kyushu Sales Office,8334336,2021-06
626.0,1.0,26,Debit,2021-06-24,Travel expense,10E201230,Travel and Transportation Expenses,,,010,Sapporo Sales Office,12000,0,10A100020,Cash,,,000,Common Department,3031944,2021-06
626.0,1.0,26,Credit,2021-06-24,Travel expense,10A100020,Cash,,,000,Common Department,0,12000,10E201230,Travel and Transportation Expenses,,,010,Sapporo Sales Office,99608906,2021-06
627.0,1.0,29,Debit,2021-06-24,Mobile phone expense,10E200180,Communication Expenses,,,010,Sapporo Sales Office,49551,0,10A100020,Ordinary Deposits,10,DEF Bank Station Branch,000,Common Department,3282381,2021-06
627.0,1.0,29,Credit,2021-06-24,Mobile phone expense,10A100020,Ordinary Deposits,10,DEF Bank Station Branch,000,Common Department,0,49551,10E200180,Communication Expenses,,,010,Sapporo Sales Office,99559355,2021-06
628.0,1.0,81,Debit,2021-06-24,Tea expense,10E200140,Employee Welfare Expenses,,,030,Nagoya Branch,18000,0,10B100630,Accounts Payable Other,,,000,Common Department,1275765,2021-06
628.0,1.0,81,Credit,2021-06-24,Tea expense,10B100630,Accounts Payable Other,,,000,Common Department,0,18000,10E200140,Employee Welfare Expenses,,,030,Nagoya Branch,8352336,2021-06
636.0,1.0,111,Debit,2021-06-25,taxi expense,10E201230,Travel and Transportation Expenses,,,040,Osaka Branch,9800,0,10B100630,Accounts Payable Other,,,000,Common Department,3041744,2021-06
636.0,1.0,111,Credit,2021-06-25,taxi expense,10B100630,Accounts Payable Other,,,000,Common Department,0,9800,10E201230,Travel and Transportation Expenses,,,040,Osaka Branch,8362136,2021-06
637.0,1.0,116,Debit,2021-06-25,Voucher No. 244 dated 6/25 Anonymized Partner 057 | Sales voucher=20210531-115;Note number=R20210625-116-2,10A100060,Notes Receivable,,,000,Common Department,15017976,0,10A100090,Accounts Receivable,2,Anonymized Partner 057,000,Common Department,77234396,2021-06
637.0,1.0,116,Credit,2021-06-25,Voucher No. 244 dated 6/25 Anonymized Partner 057 | Sales voucher=20210531-115;Note number=R20210625-116-2,10A100090,Accounts Receivable,2,Anonymized Partner 057,000,Common Department,0,15017976,10A100060,Notes Receivable,,,000,Common Department,18529514,2021-06
638.0,1.0,117,Debit,2021-06-25,Voucher No. 245 dated 6/25 Anonymized Partner 042,10A100020,Ordinary Deposits,30,GHI Bank Nagoya Branch,000,Common Department,1141489,0,10A100090,Accounts Receivable,7,Anonymized Partner 042,000,Common Department,100700844,2021-06
638.0,1.0,117,Credit,2021-06-25,Voucher No. 245 dated 6/25 Anonymized Partner 042,10A100090,Accounts Receivable,7,Anonymized Partner 042,000,Common Department,0,1141489,10A100020,Ordinary Deposits,30,GHI Bank Nagoya Branch,000,Common Department,17388025,2021-06
638.0,2.0,117,Debit,2021-06-25,Voucher No. 245 dated 6/25 Anonymized Partner 042,10E200690,Service Fees,,,030,Nagoya Branch,735,0,10A100090,Accounts Receivable,7,Anonymized Partner 042,000,Common Department,30973,2021-06
638.0,2.0,117,Credit,2021-06-25,Voucher No. 245 dated 6/25 Anonymized Partner 042,10A100090,Accounts Receivable,7,Anonymized Partner 042,000,Common Department,0,735,10E200690,Service Fees,,,030,Nagoya Branch,17387290,2021-06
639.0,1.0,118,Debit,2021-06-25,Voucher No. 246 dated 6/25 Anonymized Partner 056,10A100020,Ordinary Deposits,40,JKL Bank Umeda Branch,000,Common Department,909506,0,10A100090,Accounts Receivable,23,Anonymized Partner 056,000,Common Department,101610350,2021-06
639.0,1.0,118,Credit,2021-06-25,Voucher No. 246 dated 6/25 Anonymized Partner 056,10A100090,Accounts Receivable,23,Anonymized Partner 056,000,Common Department,0,909506,10A100020,Ordinary Deposits,40,JKL Bank Umeda Branch,000,Common Department,16477784,2021-06
639.0,2.0,118,Debit,2021-06-25,Voucher No. 246 dated 6/25 Anonymized Partner 056,10E200690,Service Fees,,,040,Osaka Branch,630,0,10A100090,Accounts Receivable,23,Anonymized Partner 056,000,Common Department,31603,2021-06
639.0,2.0,118,Credit,2021-06-25,Voucher No. 246 dated 6/25 Anonymized Partner 056,10A100090,Accounts Receivable,23,Anonymized Partner 056,000,Common Department,0,630,10E200690,Service Fees,,,040,Osaka Branch,16477154,2021-06
640.0,1.0,119,Debit,2021-06-25,Voucher No. 247 dated 6/25 Anonymized Partner 033,10A100020,Ordinary Deposits,10,DEF Bank Station Branch,000,Common Department,3861924,0,10A100090,Accounts Receivable,25,Anonymized Partner 033,000,Common Department,105472274,2021-06
640.0,1.0,119,Credit,2021-06-25,Voucher No. 247 dated 6/25 Anonymized Partner 033,10A100090,Accounts Receivable,25,Anonymized Partner 033,000,Common Department,0,3861924,10A100020,Ordinary Deposits,10,DEF Bank Station Branch,000,Common Department,12615230,2021-06
640.0,2.0,119,Debit,2021-06-25,Voucher No. 247 dated 6/25 Anonymized Partner 033,10E200690,Service Fees,,,010,Sapporo Sales Office,840,0,10A100090,Accounts Receivable,25,Anonymized Partner 033,000,Common Department,32443,2021-06
640.0,2.0,119,Credit,2021-06-25,Voucher No. 247 dated 6/25 Anonymized Partner 033,10A100090,Accounts Receivable,25,Anonymized Partner 033,000,Common Department,0,840,10E200690,Service Fees,,,010,Sapporo Sales Office,12614390,2021-06
641.0,1.0,121,Debit,2021-06-25,Tea expense,10E200140,Employee Welfare Expenses,,,040,Osaka Branch,11500,0,10A100020,Cash,,,000,Common Department,1287265,2021-06
641.0,1.0,121,Credit,2021-06-25,Tea expense,10A100020,Cash,,,000,Common Department,0,11500,10E200140,Employee Welfare Expenses,,,040,Osaka Branch,105460774,2021-06
642.0,1.0,170,Debit,2021-06-25,Newspaper expense,10E201160,Books and Publications,,,050,Kyushu Sales Office,3007,0,10A100020,Cash,,,000,Common Department,52971,2021-06
642.0,1.0,170,Credit,2021-06-25,Newspaper expense,10A100020,Cash,,,000,Common Department,0,3007,10E201160,Books and Publications,,,050,Kyushu Sales Office,105457767,2021-06
643.0,1.0,171,Debit,2021-06-25,Mobile phone expense,10E200180,Communication Expenses,,,050,Kyushu Sales Office,42103,0,10A100020,Ordinary Deposits,50,MNO Bank Kitakyushu Branch,000,Common Department,3324484,2021-06
643.0,1.0,171,Credit,2021-06-25,Mobile phone expense,10A100020,Ordinary Deposits,50,MNO Bank Kitakyushu Branch,000,Common Department,0,42103,10E200180,Communication Expenses,,,050,Kyushu Sales Office,105415664,2021-06
631.0,1.0,27,Debit,2021-06-25,Travel expense,10E201230,Travel and Transportation Expenses,,,010,Sapporo Sales Office,23810,0,10A100020,Cash,,,000,Common Department,3065554,2021-06
631.0,1.0,27,Credit,2021-06-25,Travel expense,10A100020,Cash,,,000,Common Department,0,23810,10E201230,Travel and Transportation Expenses,,,010,Sapporo Sales Office,105391854,2021-06
631.0,2.0,27,Debit,2021-06-25,Travel expense,10E201230,Travel and Transportation Expenses,,,010,Sapporo Sales Office,32381,0,10A100020,Cash,,,000,Common Department,3097935,2021-06
631.0,2.0,27,Credit,2021-06-25,Travel expense,10A100020,Cash,,,000,Common Department,0,32381,10E201230,Travel and Transportation Expenses,,,010,Sapporo Sales Office,105359473,2021-06
631.0,3.0,27,Debit,2021-06-25,Travel expense,10E201230,Travel and Transportation Expenses,,,010,Sapporo Sales Office,23905,0,10A100020,Cash,,,000,Common Department,3121840,2021-06
631.0,3.0,27,Credit,2021-06-25,Travel expense,10A100020,Cash,,,000,Common Department,0,23905,10E201230,Travel and Transportation Expenses,,,010,Sapporo Sales Office,105335568,2021-06
632.0,1.0,54,Debit,2021-06-25,Parking fee,10E201120,Vehicle Expenses,,,020,Tokyo Branch,2000,0,10A100020,Cash,,,000,Common Department,1349598,2021-06
632.0,1.0,54,Credit,2021-06-25,Parking fee,10A100020,Cash,,,000,Common Department,0,2000,10E201120,Vehicle Expenses,,,020,Tokyo Branch,105333568,2021-06
633.0,1.0,62,Debit,2021-06-25,Mobile phone expense,10E200180,Communication Expenses,,,020,Tokyo Branch,126581,0,10A100020,Ordinary Deposits,20,ABC Bank Head Office,000,Common Department,3451065,2021-06
633.0,1.0,62,Credit,2021-06-25,Mobile phone expense,10A100020,Ordinary Deposits,20,ABC Bank Head Office,000,Common Department,0,126581,10E200180,Communication Expenses,,,020,Tokyo Branch,105206987,2021-06
634.0,1.0,72,Debit,2021-06-25,Newspaper expense,10E201160,Books and Publications,,,020,Tokyo Branch,2864,0,10A100020,Cash,,,000,Common Department,55835,2021-06
634.0,1.0,72,Credit,2021-06-25,Newspaper expense,10A100020,Cash,,,000,Common Department,0,2864,10E201160,Books and Publications,,,020,Tokyo Branch,105204123,2021-06
634.0,2.0,72,Debit,2021-06-25,Newspaper expense,10E201160,Books and Publications,,,020,Tokyo Branch,2815,0,10A100020,Cash,,,000,Common Department,58650,2021-06
634.0,2.0,72,Credit,2021-06-25,Newspaper expense,10A100020,Cash,,,000,Common Department,0,2815,10E201160,Books and Publications,,,020,Tokyo Branch,105201308,2021-06
634.0,3.0,72,Debit,2021-06-25,Newspaper expense,10E201160,Books and Publications,,,020,Tokyo Branch,3399,0,10A100020,Cash,,,000,Common Department,62049,2021-06
634.0,3.0,72,Credit,2021-06-25,Newspaper expense,10A100020,Cash,,,000,Common Department,0,3399,10E201160,Books and Publications,,,020,Tokyo Branch,105197909,2021-06
635.0,1.0,91,Debit,2021-06-25,Month 6 Payroll Other 0001 Executive,10E200090,Directors' Compensation,,,020,Tokyo Branch,1172293,0,10A100020,Ordinary Deposits,20,ABC Bank Head Office,000,Common Department,4612293,2021-06
635.0,1.0,91,Credit,2021-06-25,Month 6 Payroll Other 0001 Executive,10A100020,Ordinary Deposits,20,ABC Bank Head Office,000,Common Department,0,1172293,10E200090,Directors' Compensation,,,020,Tokyo Branch,104025616,2021-06
635.0,2.0,91,Debit,2021-06-25,Month 6 Payroll Other 0001 Executive,10E200090,Directors' Compensation,,,020,Tokyo Branch,111192,0,10B100690,Deposits Received,1,Insurance Expenses,000,Common Department,4723485,2021-06
635.0,2.0,91,Credit,2021-06-25,Month 6 Payroll Other 0001 Executive,10B100690,Deposits Received,1,Insurance Expenses,000,Common Department,0,111192,10E200090,Directors' Compensation,,,020,Tokyo Branch,2757360,2021-06
635.0,3.0,91,Debit,2021-06-25,Month 6 Payroll Other 0001 Executive,10E200090,Directors' Compensation,,,020,Tokyo Branch,130000,0,10B100690,Deposits Received,2,Resident Tax,000,Common Department,4853485,2021-06
635.0,3.0,91,Credit,2021-06-25,Month 6 Payroll Other 0001 Executive,10B100690,Deposits Received,2,Resident Tax,000,Common Department,0,130000,10E200090,Directors' Compensation,,,020,Tokyo Branch,2887360,2021-06
635.0,4.0,91,Debit,2021-06-25,Month 6 Payroll Other 0001 Executive,10E200090,Directors' Compensation,,,020,Tokyo Branch,166823,0,10B100690,Deposits Received,3,Withholding Tax,000,Common Department,5020308,2021-06
635.0,4.0,91,Credit,2021-06-25,Month 6 Payroll Other 0001 Executive,10B100690,Deposits Received,3,Withholding Tax,000,Common Department,0,166823,10E200090,Directors' Compensation,,,020,Tokyo Branch,3054183,2021-06
635.0,5.0,91,Debit,2021-06-25,Month 6 Payroll Other 0001 Executive,10E200090,Directors' Compensation,,,020,Tokyo Branch,133972,0,10B100690,Deposits Received,4,Savings and Insurance,000,Common Department,5154280,2021-06
635.0,5.0,91,Credit,2021-06-25,Month 6 Payroll Other 0001 Executive,10B100690,Deposits Received,4,Savings and Insurance,000,Common Department,0,133972,10E200090,Directors' Compensation,,,020,Tokyo Branch,3188155,2021-06
635.0,6.0,91,Debit,2021-06-25,Month 6 Payroll Other 0001 Executive,10E200090,Directors' Compensation,,,020,Tokyo Branch,5720,0,10B100690,Deposits Received,9,Other,000,Common Department,5160000,2021-06
635.0,6.0,91,Credit,2021-06-25,Month 6 Payroll Other 0001 Executive,10B100690,Deposits Received,9,Other,000,Common Department,0,5720,10E200090,Directors' Compensation,,,020,Tokyo Branch,3193875,2021-06
635.0,7.0,91,Debit,2021-06-25,Month 6 Payroll Other 0020 Sales Department,10E200370,Salaries and Allowances,,,020,Tokyo Branch,1530004,0,10A100020,Ordinary Deposits,20,ABC Bank Head Office,000,Common Department,12747986,2021-06
635.0,7.0,91,Credit,2021-06-25,Month 6 Payroll Other 0020 Sales Department,10A100020,Ordinary Deposits,20,ABC Bank Head Office,000,Common Department,0,1530004,10E200370,Salaries and Allowances,,,020,Tokyo Branch,102495612,2021-06
635.0,8.0,91,Debit,2021-06-25,Month 6 Payroll Other 0020 Sales Department,10E200370,Salaries and Allowances,,,020,Tokyo Branch,216077,0,10B100690,Deposits Received,1,Insurance Expenses,000,Common Department,12964063,2021-06
635.0,8.0,91,Credit,2021-06-25,Month 6 Payroll Other 0020 Sales Department,10B100690,Deposits Received,1,Insurance Expenses,000,Common Department,0,216077,10E200370,Salaries and Allowances,,,020,Tokyo Branch,3409952,2021-06
635.0,9.0,91,Debit,2021-06-25,Month 6 Payroll Other 0020 Sales Department,10E200370,Salaries and Allowances,,,020,Tokyo Branch,62200,0,10B100690,Deposits Received,2,Resident Tax,000,Common Department,13026263,2021-06
635.0,9.0,91,Credit,2021-06-25,Month 6 Payroll Other 0020 Sales Department,10B100690,Deposits Received,2,Resident Tax,000,Common Department,0,62200,10E200370,Salaries and Allowances,,,020,Tokyo Branch,3472152,2021-06
635.0,10.0,91,Debit,2021-06-25,Month 6 Payroll Other 0020 Sales Department,10E200370,Salaries and Allowances,,,020,Tokyo Branch,37200,0,10B100690,Deposits Received,3,Withholding Tax,000,Common Department,13063463,2021-06
635.0,10.0,91,Credit,2021-06-25,Month 6 Payroll Other 0020 Sales Department,10B100690,Deposits Received,3,Withholding Tax,000,Common Department,0,37200,10E200370,Salaries and Allowances,,,020,Tokyo Branch,3509352,2021-06
635.0,11.0,91,Debit,2021-06-25,Month 6 Payroll Other 0020 Sales Department,10E200370,Salaries and Allowances,,,020,Tokyo Branch,43305,0,10B100690,Deposits Received,4,Savings and Insurance,000,Common Department,13106768,2021-06
635.0,11.0,91,Credit,2021-06-25,Month 6 Payroll Other 0020 Sales Department,10B100690,Deposits Received,4,Savings and Insurance,000,Common Department,0,43305,10E200370,Salaries and Allowances,,,020,Tokyo Branch,3552657,2021-06
635.0,12.0,91,Debit,2021-06-25,Month 6 Payroll Other 0020 Sales Department,10E200370,Salaries and Allowances,,,020,Tokyo Branch,85242,0,10B100690,Deposits Received,9,Other,000,Common Department,13192010,2021-06
635.0,12.0,91,Credit,2021-06-25,Month 6 Payroll Other 0020 Sales Department,10B100690,Deposits Received,9,Other,000,Common Department,0,85242,10E200370,Salaries and Allowances,,,020,Tokyo Branch,3637899,2021-06
635.0,13.0,91,Debit,2021-06-25,Month 6 Payroll Other 1000 Sapporo Sales Office,10E200370,Salaries and Allowances,,,010,Sapporo Sales Office,603524,0,10A100020,Ordinary Deposits,20,ABC Bank Head Office,000,Common Department,13795534,2021-06
635.0,13.0,91,Credit,2021-06-25,Month 6 Payroll Other 1000 Sapporo Sales Office,10A100020,Ordinary Deposits,20,ABC Bank Head Office,000,Common Department,0,603524,10E200370,Salaries and Allowances,,,010,Sapporo Sales Office,101892088,2021-06
635.0,14.0,91,Debit,2021-06-25,Month 6 Payroll Other 1000 Sapporo Sales Office,10E200370,Salaries and Allowances,,,010,Sapporo Sales Office,100704,0,10B100690,Deposits Received,1,Insurance Expenses,000,Common Department,13896238,2021-06
635.0,14.0,91,Credit,2021-06-25,Month 6 Payroll Other 1000 Sapporo Sales Office,10B100690,Deposits Received,1,Insurance Expenses,000,Common Department,0,100704,10E200370,Salaries and Allowances,,,010,Sapporo Sales Office,3738603,2021-06
635.0,15.0,91,Debit,2021-06-25,Month 6 Payroll Other 1000 Sapporo Sales Office,10E200370,Salaries and Allowances,,,010,Sapporo Sales Office,34600,0,10B100690,Deposits Received,2,Resident Tax,000,Common Department,13930838,2021-06
635.0,15.0,91,Credit,2021-06-25,Month 6 Payroll Other 1000 Sapporo Sales Office,10B100690,Deposits Received,2,Resident Tax,000,Common Department,0,34600,10E200370,Salaries and Allowances,,,010,Sapporo Sales Office,3773203,2021-06
635.0,16.0,91,Debit,2021-06-25,Month 6 Payroll Other 1000 Sapporo Sales Office,10E200370,Salaries and Allowances,,,010,Sapporo Sales Office,13430,0,10B100690,Deposits Received,3,Withholding Tax,000,Common Department,13944268,2021-06
635.0,16.0,91,Credit,2021-06-25,Month 6 Payroll Other 1000 Sapporo Sales Office,10B100690,Deposits Received,3,Withholding Tax,000,Common Department,0,13430,10E200370,Salaries and Allowances,,,010,Sapporo Sales Office,3786633,2021-06
635.0,17.0,91,Debit,2021-06-25,Month 6 Payroll Other 1000 Sapporo Sales Office,10E200370,Salaries and Allowances,,,010,Sapporo Sales Office,50648,0,10B100690,Deposits Received,4,Savings and Insurance,000,Common Department,13994916,2021-06
635.0,17.0,91,Credit,2021-06-25,Month 6 Payroll Other 1000 Sapporo Sales Office,10B100690,Deposits Received,4,Savings and Insurance,000,Common Department,0,50648,10E200370,Salaries and Allowances,,,010,Sapporo Sales Office,3837281,2021-06
635.0,18.0,91,Debit,2021-06-25,Month 6 Payroll Other 1000 Sapporo Sales Office,10E200370,Salaries and Allowances,,,010,Sapporo Sales Office,46094,0,10B100690,Deposits Received,9,Other,000,Common Department,14041010,2021-06
635.0,18.0,91,Credit,2021-06-25,Month 6 Payroll Other 1000 Sapporo Sales Office,10B100690,Deposits Received,9,Other,000,Common Department,0,46094,10E200370,Salaries and Allowances,,,010,Sapporo Sales Office,3883375,2021-06
635.0,19.0,91,Debit,2021-06-25,Month 6 Payroll Other 3000 Nagoya Sales Office,10E200370,Salaries and Allowances,,,030,Nagoya Branch,599450,0,10A100020,Ordinary Deposits,20,ABC Bank Head Office,000,Common Department,14640460,2021-06
635.0,19.0,91,Credit,2021-06-25,Month 6 Payroll Other 3000 Nagoya Sales Office,10A100020,Ordinary Deposits,20,ABC Bank Head Office,000,Common Department,0,599450,10E200370,Salaries and Allowances,,,030,Nagoya Branch,101292638,2021-06
635.0,20.0,91,Debit,2021-06-25,Month 6 Payroll Other 3000 Nagoya Sales Office,10E200370,Salaries and Allowances,,,030,Nagoya Branch,92651,0,10B100690,Deposits Received,1,Insurance Expenses,000,Common Department,14733111,2021-06
635.0,20.0,91,Credit,2021-06-25,Month 6 Payroll Other 3000 Nagoya Sales Office,10B100690,Deposits Received,1,Insurance Expenses,000,Common Department,0,92651,10E200370,Salaries and Allowances,,,030,Nagoya Branch,3976026,2021-06
635.0,21.0,91,Debit,2021-06-25,Month 6 Payroll Other 3000 Nagoya Sales Office,10E200370,Salaries and Allowances,,,030,Nagoya Branch,21500,0,10B100690,Deposits Received,2,Resident Tax,000,Common Department,14754611,2021-06
635.0,21.0,91,Credit,2021-06-25,Month 6 Payroll Other 3000 Nagoya Sales Office,10B100690,Deposits Received,2,Resident Tax,000,Common Department,0,21500,10E200370,Salaries and Allowances,,,030,Nagoya Branch,3997526,2021-06
635.0,22.0,91,Debit,2021-06-25,Month 6 Payroll Other 3000 Nagoya Sales Office,10E200370,Salaries and Allowances,,,030,Nagoya Branch,8970,0,10B100690,Deposits Received,3,Withholding Tax,000,Common Department,14763581,2021-06
635.0,22.0,91,Credit,2021-06-25,Month 6 Payroll Other 3000 Nagoya Sales Office,10B100690,Deposits Received,3,Withholding Tax,000,Common Department,0,8970,10E200370,Salaries and Allowances,,,030,Nagoya Branch,4006496,2021-06
635.0,23.0,91,Debit,2021-06-25,Month 6 Payroll Other 3000 Nagoya Sales Office,10E200370,Salaries and Allowances,,,030,Nagoya Branch,40759,0,10B100690,Deposits Received,4,Savings and Insurance,000,Common Department,14804340,2021-06
635.0,23.0,91,Credit,2021-06-25,Month 6 Payroll Other 3000 Nagoya Sales Office,10B100690,Deposits Received,4,Savings and Insurance,000,Common Department,0,40759,10E200370,Salaries and Allowances,,,030,Nagoya Branch,4047255,2021-06
635.0,24.0,91,Debit,2021-06-25,Month 6 Payroll Other 3000 Nagoya Sales Office,10E200370,Salaries and Allowances,,,030,Nagoya Branch,41327,0,10B100690,Deposits Received,9,Other,000,Common Department,14845667,2021-06
635.0,24.0,91,Credit,2021-06-25,Month 6 Payroll Other 3000 Nagoya Sales Office,10B100690,Deposits Received,9,Other,000,Common Department,0,41327,10E200370,Salaries and Allowances,,,030,Nagoya Branch,4088582,2021-06
635.0,25.0,91,Debit,2021-06-25,Month 6 Payroll Other 4000 Osaka Branch,10E200370,Salaries and Allowances,,,040,Osaka Branch,879567,0,10A100020,Ordinary Deposits,20,ABC Bank Head Office,000,Common Department,15725234,2021-06
635.0,25.0,91,Credit,2021-06-25,Month 6 Payroll Other 4000 Osaka Branch,10A100020,Ordinary Deposits,20,ABC Bank Head Office,000,Common Department,0,879567,10E200370,Salaries and Allowances,,,040,Osaka Branch,100413071,2021-06
635.0,26.0,91,Debit,2021-06-25,Month 6 Payroll Other 4000 Osaka Branch,10E200370,Salaries and Allowances,,,040,Osaka Branch,119974,0,10B100690,Deposits Received,1,Insurance Expenses,000,Common Department,15845208,2021-06
635.0,26.0,91,Credit,2021-06-25,Month 6 Payroll Other 4000 Osaka Branch,10B100690,Deposits Received,1,Insurance Expenses,000,Common Department,0,119974,10E200370,Salaries and Allowances,,,040,Osaka Branch,4208556,2021-06
635.0,27.0,91,Debit,2021-06-25,Month 6 Payroll Other 4000 Osaka Branch,10E200370,Salaries and Allowances,,,040,Osaka Branch,29900,0,10B100690,Deposits Received,2,Resident Tax,000,Common Department,15875108,2021-06
635.0,27.0,91,Credit,2021-06-25,Month 6 Payroll Other 4000 Osaka Branch,10B100690,Deposits Received,2,Resident Tax,000,Common Department,0,29900,10E200370,Salaries and Allowances,,,040,Osaka Branch,4238456,2021-06
635.0,28.0,91,Debit,2021-06-25,Month 6 Payroll Other 4000 Osaka Branch,10E200370,Salaries and Allowances,,,040,Osaka Branch,20020,0,10B100690,Deposits Received,3,Withholding Tax,000,Common Department,15895128,2021-06
635.0,28.0,91,Credit,2021-06-25,Month 6 Payroll Other 4000 Osaka Branch,10B100690,Deposits Received,3,Withholding Tax,000,Common Department,0,20020,10E200370,Salaries and Allowances,,,040,Osaka Branch,4258476,2021-06
635.0,29.0,91,Debit,2021-06-25,Month 6 Payroll Other 4000 Osaka Branch,10E200370,Salaries and Allowances,,,040,Osaka Branch,13570,0,10B100690,Deposits Received,4,Savings and Insurance,000,Common Department,15908698,2021-06
635.0,29.0,91,Credit,2021-06-25,Month 6 Payroll Other 4000 Osaka Branch,10B100690,Deposits Received,4,Savings and Insurance,000,Common Department,0,13570,10E200370,Salaries and Allowances,,,040,Osaka Branch,4272046,2021-06
635.0,30.0,91,Debit,2021-06-25,Month 6 Payroll Other 4000 Osaka Branch,10E200370,Salaries and Allowances,,,040,Osaka Branch,15269,0,10B100690,Deposits Received,9,Other,000,Common Department,15923967,2021-06
635.0,30.0,91,Credit,2021-06-25,Month 6 Payroll Other 4000 Osaka Branch,10B100690,Deposits Received,9,Other,000,Common Department,0,15269,10E200370,Salaries and Allowances,,,040,Osaka Branch,4287315,2021-06
635.0,31.0,91,Debit,2021-06-25,Month 6 Payroll Other 5000 Kyushu Sales Office,10E200370,Salaries and Allowances,,,050,Kyushu Sales Office,448753,0,10A100020,Ordinary Deposits,20,ABC Bank Head Office,000,Common Department,16372720,2021-06
635.0,31.0,91,Credit,2021-06-25,Month 6 Payroll Other 5000 Kyushu Sales Office,10A100020,Ordinary Deposits,20,ABC Bank Head Office,000,Common Department,0,448753,10E200370,Salaries and Allowances,,,050,Kyushu Sales Office,99964318,2021-06
635.0,32.0,91,Debit,2021-06-25,Month 6 Payroll Other 5000 Kyushu Sales Office,10E200370,Salaries and Allowances,,,050,Kyushu Sales Office,66241,0,10B100690,Deposits Received,1,Insurance Expenses,000,Common Department,16438961,2021-06
635.0,32.0,91,Credit,2021-06-25,Month 6 Payroll Other 5000 Kyushu Sales Office,10B100690,Deposits Received,1,Insurance Expenses,000,Common Department,0,66241,10E200370,Salaries and Allowances,,,050,Kyushu Sales Office,4353556,2021-06
635.0,33.0,91,Debit,2021-06-25,Month 6 Payroll Other 5000 Kyushu Sales Office,10E200370,Salaries and Allowances,,,050,Kyushu Sales Office,17600,0,10B100690,Deposits Received,2,Resident Tax,000,Common Department,16456561,2021-06
635.0,33.0,91,Credit,2021-06-25,Month 6 Payroll Other 5000 Kyushu Sales Office,10B100690,Deposits Received,2,Resident Tax,000,Common Department,0,17600,10E200370,Salaries and Allowances,,,050,Kyushu Sales Office,4371156,2021-06
635.0,34.0,91,Debit,2021-06-25,Month 6 Payroll Other 5000 Kyushu Sales Office,10E200370,Salaries and Allowances,,,050,Kyushu Sales Office,7960,0,10B100690,Deposits Received,3,Withholding Tax,000,Common Department,16464521,2021-06
635.0,34.0,91,Credit,2021-06-25,Month 6 Payroll Other 5000 Kyushu Sales Office,10B100690,Deposits Received,3,Withholding Tax,000,Common Department,0,7960,10E200370,Salaries and Allowances,,,050,Kyushu Sales Office,4379116,2021-06
635.0,35.0,91,Debit,2021-06-25,Month 6 Payroll Other 5000 Kyushu Sales Office,10E200370,Salaries and Allowances,,,050,Kyushu Sales Office,18540,0,10B100690,Deposits Received,4,Savings and Insurance,000,Common Department,16483061,2021-06
635.0,35.0,91,Credit,2021-06-25,Month 6 Payroll Other 5000 Kyushu Sales Office,10B100690,Deposits Received,4,Savings and Insurance,000,Common Department,0,18540,10E200370,Salaries and Allowances,,,050,Kyushu Sales Office,4397656,2021-06
635.0,36.0,91,Debit,2021-06-25,Month 6 Payroll Other 5000 Kyushu Sales Office,10E200370,Salaries and Allowances,,,050,Kyushu Sales Office,25306,0,10B100690,Deposits Received,9,Other,000,Common Department,16508367,2021-06
635.0,36.0,91,Credit,2021-06-25,Month 6 Payroll Other 5000 Kyushu Sales Office,10B100690,Deposits Received,9,Other,000,Common Department,0,25306,10E200370,Salaries and Allowances,,,050,Kyushu Sales Office,4422962,2021-06
650.0,1.0,113,Debit,2021-06-26,Mobile phone expense,10E200180,Communication Expenses,,,040,Osaka Branch,61364,0,10A100020,Ordinary Deposits,40,JKL Bank Umeda Branch,000,Common Department,3512429,2021-06
650.0,1.0,113,Credit,2021-06-26,Mobile phone expense,10A100020,Ordinary Deposits,40,JKL Bank Umeda Branch,000,Common Department,0,61364,10E200180,Communication Expenses,,,040,Osaka Branch,99902954,2021-06
651.0,1.0,114,Debit,2021-06-26,Newspaper expense,10E201160,Books and Publications,,,040,Osaka Branch,2540,0,10A100020,Cash,,,000,Common Department,64589,2021-06
651.0,1.0,114,Credit,2021-06-26,Newspaper expense,10A100020,Cash,,,000,Common Department,0,2540,10E201160,Books and Publications,,,040,Osaka Branch,99900414,2021-06
651.0,2.0,114,Debit,2021-06-26,Newspaper expense,10E201160,Books and Publications,,,040,Osaka Branch,2864,0,10A100020,Cash,,,000,Common Department,67453,2021-06
651.0,2.0,114,Credit,2021-06-26,Newspaper expense,10A100020,Cash,,,000,Common Department,0,2864,10E201160,Books and Publications,,,040,Osaka Branch,99897550,2021-06
652.0,1.0,120,Debit,2021-06-26,Outsourcing fee,10E200020,Sales Commissions,,,040,Osaka Branch,472500,0,10B100630,Accounts Payable Other,,,000,Common Department,4781000,2021-06
652.0,1.0,120,Credit,2021-06-26,Outsourcing fee,10B100630,Accounts Payable Other,,,000,Common Department,0,472500,10E200020,Sales Commissions,,,040,Osaka Branch,8834636,2021-06
644.0,1.0,13,Debit,2021-06-26,Gasoline,10E201120,Vehicle Expenses,,,010,Sapporo Sales Office,3462,0,10A100020,Cash,,,000,Common Department,1353060,2021-06
644.0,1.0,13,Credit,2021-06-26,Gasoline,10A100020,Cash,,,000,Common Department,0,3462,10E201120,Vehicle Expenses,,,010,Sapporo Sales Office,99894088,2021-06
653.0,1.0,138,Debit,2021-06-26,Expressway toll,10E201120,Vehicle Expenses,,,040,Osaka Branch,7093,0,10A100020,Cash,,,000,Common Department,1360153,2021-06
653.0,1.0,138,Credit,2021-06-26,Expressway toll,10A100020,Cash,,,000,Common Department,0,7093,10E201120,Vehicle Expenses,,,040,Osaka Branch,99886995,2021-06
645.0,1.0,14,Debit,2021-06-26,Car wash expense,10E201120,Vehicle Expenses,,,010,Sapporo Sales Office,3000,0,10A100020,Cash,,,000,Common Department,1363153,2021-06
645.0,1.0,14,Credit,2021-06-26,Car wash expense,10A100020,Cash,,,000,Common Department,0,3000,10E201120,Vehicle Expenses,,,010,Sapporo Sales Office,99883995,2021-06
654.0,1.0,146,Debit,2021-06-26,Outsourcing fee,10E200020,Sales Commissions,,,050,Kyushu Sales Office,147000,0,10B100630,Accounts Payable Other,,,000,Common Department,4928000,2021-06
654.0,1.0,146,Credit,2021-06-26,Outsourcing fee,10B100630,Accounts Payable Other,,,000,Common Department,0,147000,10E200020,Sales Commissions,,,050,Kyushu Sales Office,8981636,2021-06
655.0,1.0,172,Debit,2021-06-26,Outsourcing fee payment,10E200020,Sales Commissions,,,010,Sapporo Sales Office,145000,0,10B100630,Accounts Payable Other,,,000,Common Department,5073000,2021-06
655.0,1.0,172,Credit,2021-06-26,Outsourcing fee payment,10B100630,Accounts Payable Other,,,000,Common Department,0,145000,10E200020,Sales Commissions,,,010,Sapporo Sales Office,9126636,2021-06
646.0,1.0,37,Debit,2021-06-26,Outsourcing fee,10E200020,Sales Commissions,,,020,Tokyo Branch,1320000,0,10B100630,Accounts Payable Other,,,000,Common Department,6393000,2021-06
646.0,1.0,37,Credit,2021-06-26,Outsourcing fee,10B100630,Accounts Payable Other,,,000,Common Department,0,1320000,10E200020,Sales Commissions,,,020,Tokyo Branch,10446636,2021-06
647.0,1.0,75,Debit,2021-06-26,Condolence gift,10E200150,Entertainment Expenses,,,020,Tokyo Branch,10000,0,10A100020,Cash,,,000,Common Department,1075102,2021-06
647.0,1.0,75,Credit,2021-06-26,Condolence gift,10A100020,Cash,,,000,Common Department,0,10000,10E200150,Entertainment Expenses,,,020,Tokyo Branch,99873995,2021-06
648.0,1.0,87,Debit,2021-06-26,Mobile phone expense,10E200180,Communication Expenses,,,030,Nagoya Branch,42562,0,10A100020,Ordinary Deposits,30,GHI Bank Nagoya Branch,000,Common Department,3554991,2021-06
648.0,1.0,87,Credit,2021-06-26,Mobile phone expense,10A100020,Ordinary Deposits,30,GHI Bank Nagoya Branch,000,Common Department,0,42562,10E200180,Communication Expenses,,,030,Nagoya Branch,99831433,2021-06
649.0,1.0,88,Debit,2021-06-26,Newspaper expense,10E201160,Books and Publications,,,030,Nagoya Branch,3568,0,10A100020,Cash,,,000,Common Department,71021,2021-06
649.0,1.0,88,Credit,2021-06-26,Newspaper expense,10A100020,Cash,,,000,Common Department,0,3568,10E201160,Books and Publications,,,030,Nagoya Branch,99827865,2021-06
660.0,1.0,127,Debit,2021-06-27,Revenue stamp,10E200210,Taxes and Dues,,,030,Nagoya Branch,9000,0,10A100020,Cash,,,000,Common Department,131000,2021-06
660.0,1.0,127,Credit,2021-06-27,Revenue stamp,10A100020,Cash,,,000,Common Department,0,9000,10E200210,Taxes and Dues,,,030,Nagoya Branch,99818865,2021-06
656.0,1.0,30,Debit,2021-06-27,Insurance Premium payment,10E200240,Insurance Expenses,,,010,Sapporo Sales Office,54320,0,10A100020,Ordinary Deposits,10,DEF Bank Station Branch,000,Common Department,691960,2021-06
656.0,1.0,30,Credit,2021-06-27,Insurance Premium payment,10A100020,Ordinary Deposits,10,DEF Bank Station Branch,000,Common Department,0,54320,10E200240,Insurance Expenses,,,010,Sapporo Sales Office,99764545,2021-06
657.0,1.0,35,Debit,2021-06-27,Newspaper expense,10E201160,Books and Publications,,,010,Sapporo Sales Office,3925,0,10A100020,Cash,,,000,Common Department,74946,2021-06
657.0,1.0,35,Credit,2021-06-27,Newspaper expense,10A100020,Cash,,,000,Common Department,0,3925,10E201160,Books and Publications,,,010,Sapporo Sales Office,99760620,2021-06
658.0,1.0,39,Debit,2021-06-27,Membership fee,10E200140,Employee Welfare Expenses,,,020,Tokyo Branch,9000,0,10A100020,Cash,,,000,Common Department,1296265,2021-06
658.0,1.0,39,Credit,2021-06-27,Membership fee,10A100020,Cash,,,000,Common Department,0,9000,10E200140,Employee Welfare Expenses,,,020,Tokyo Branch,99751620,2021-06
659.0,1.0,78,Debit,2021-06-27,Outsourcing fee payment,10E200020,Sales Commissions,,,030,Nagoya Branch,189000,0,10B100630,Accounts Payable Other,,,000,Common Department,6582000,2021-06
659.0,1.0,78,Credit,2021-06-27,Outsourcing fee payment,10B100630,Accounts Payable Other,,,000,Common Department,0,189000,10E200020,Sales Commissions,,,030,Nagoya Branch,10635636,2021-06
663.0,1.0,108,Debit,2021-06-28,Cof fee expense 2 people,10E200150,Entertainment Expenses,,,040,Osaka Branch,1120,0,10A100020,Cash,,,000,Common Department,1076222,2021-06
663.0,1.0,108,Credit,2021-06-28,Cof fee expense 2 people,10A100020,Cash,,,000,Common Department,0,1120,10E200150,Entertainment Expenses,,,040,Osaka Branch,99750500,2021-06
664.0,1.0,149,Debit,2021-06-28,Funds transfer,10A100020,Ordinary Deposits,20,ABC Bank Head Office,000,Common Department,5500000,0,10A100020,Ordinary Deposits,10,DEF Bank Station Branch,000,Common Department,105250500,2021-06
664.0,1.0,149,Credit,2021-06-28,Funds transfer,10A100020,Ordinary Deposits,10,DEF Bank Station Branch,000,Common Department,0,5500000,10A100020,Ordinary Deposits,20,ABC Bank Head Office,000,Common Department,99750500,2021-06
664.0,2.0,149,Debit,2021-06-28,Funds transfer,10A100020,Ordinary Deposits,20,ABC Bank Head Office,000,Common Department,4000000,0,10A100020,Ordinary Deposits,30,GHI Bank Nagoya Branch,000,Common Department,103750500,2021-06
664.0,2.0,149,Credit,2021-06-28,Funds transfer,10A100020,Ordinary Deposits,30,GHI Bank Nagoya Branch,000,Common Department,0,4000000,10A100020,Ordinary Deposits,20,ABC Bank Head Office,000,Common Department,99750500,2021-06
664.0,3.0,149,Debit,2021-06-28,Funds transfer,10A100020,Ordinary Deposits,20,ABC Bank Head Office,000,Common Department,3000000,0,10A100020,Ordinary Deposits,40,JKL Bank Umeda Branch,000,Common Department,102750500,2021-06
664.0,3.0,149,Credit,2021-06-28,Funds transfer,10A100020,Ordinary Deposits,40,JKL Bank Umeda Branch,000,Common Department,0,3000000,10A100020,Ordinary Deposits,20,ABC Bank Head Office,000,Common Department,99750500,2021-06
664.0,4.0,149,Debit,2021-06-28,Funds transfer,10A100020,Ordinary Deposits,20,ABC Bank Head Office,000,Common Department,6000000,0,10A100020,Ordinary Deposits,50,MNO Bank Kitakyushu Branch,000,Common Department,105750500,2021-06
664.0,4.0,149,Credit,2021-06-28,Funds transfer,10A100020,Ordinary Deposits,50,MNO Bank Kitakyushu Branch,000,Common Department,0,6000000,10A100020,Ordinary Deposits,20,ABC Bank Head Office,000,Common Department,99750500,2021-06
661.0,1.0,60,Debit,2021-06-28,Travel expense,10E201230,Travel and Transportation Expenses,,,020,Tokyo Branch,14500,0,10A100020,Cash,,,000,Common Department,3136340,2021-06
661.0,1.0,60,Credit,2021-06-28,Travel expense,10A100020,Cash,,,000,Common Department,0,14500,10E201230,Travel and Transportation Expenses,,,020,Tokyo Branch,99736000,2021-06
662.0,1.0,93,Debit,2021-06-28,Repair expense,10E201000,Repairs and Maintenance,,,030,Nagoya Branch,17850,0,10B100630,Accounts Payable Other,,,000,Common Department,176400,2021-06
662.0,1.0,93,Credit,2021-06-28,Repair expense,10B100630,Accounts Payable Other,,,000,Common Department,0,17850,10E201000,Repairs and Maintenance,,,030,Nagoya Branch,10653486,2021-06
665.0,1.0,83,Debit,2021-06-29,Vehicle management expense,10E201120,Vehicle Expenses,,,030,Nagoya Branch,51500,0,10A100020,Cash,,,000,Common Department,1414653,2021-06
665.0,1.0,83,Credit,2021-06-29,Vehicle management expense,10A100020,Cash,,,000,Common Department,0,51500,10E201120,Vehicle Expenses,,,030,Nagoya Branch,99684500,2021-06
666.0,1.0,1,Debit,2021-06-30,Freight Anonymized Carrier B,10E200870,Freight Expenses,,,010,Sapporo Sales Office,61350,0,10B100630,Accounts Payable Other,,,000,Common Department,7211651,2021-06
666.0,1.0,1,Credit,2021-06-30,Freight Anonymized Carrier B,10B100630,Accounts Payable Other,,,000,Common Department,0,61350,10E200870,Freight Expenses,,,010,Sapporo Sales Office,10714836,2021-06
682.0,1.0,100,Debit,2021-06-30,Membership fee,10E200140,Employee Welfare Expenses,,,040,Osaka Branch,6000,0,10A100020,Cash,,,000,Common Department,1302265,2021-06
682.0,1.0,100,Credit,2021-06-30,Membership fee,10A100020,Cash,,,000,Common Department,0,6000,10E200140,Employee Welfare Expenses,,,040,Osaka Branch,99678500,2021-06
682.0,2.0,100,Debit,2021-06-30,Insurance Premium Withheld portion,10B100690,Deposits Received,1,Insurance Expenses,000,Common Department,734249,0,10A100020,Ordinary Deposits,20,ABC Bank Head Office,000,Common Department,3688713,2021-06
682.0,2.0,100,Credit,2021-06-30,Insurance Premium Withheld portion,10A100020,Ordinary Deposits,20,ABC Bank Head Office,000,Common Department,0,734249,10B100690,Deposits Received,1,Insurance Expenses,000,Common Department,98944251,2021-06
682.0,3.0,100,Debit,2021-06-30,Insurance Premium Employer contribution,10E200540,Statutory Welfare Expenses,,,020,Tokyo Branch,111192,0,10A100020,Ordinary Deposits,20,ABC Bank Head Office,000,Common Department,1619603,2021-06
682.0,3.0,100,Credit,2021-06-30,Insurance Premium Employer contribution,10A100020,Ordinary Deposits,20,ABC Bank Head Office,000,Common Department,0,111192,10E200540,Statutory Welfare Expenses,,,020,Tokyo Branch,98833059,2021-06
682.0,4.0,100,Debit,2021-06-30,Insurance Premium Employer contribution,10E200540,Statutory Welfare Expenses,,,020,Tokyo Branch,216077,0,10A100020,Ordinary Deposits,20,ABC Bank Head Office,000,Common Department,1835680,2021-06
682.0,4.0,100,Credit,2021-06-30,Insurance Premium Employer contribution,10A100020,Ordinary Deposits,20,ABC Bank Head Office,000,Common Department,0,216077,10E200540,Statutory Welfare Expenses,,,020,Tokyo Branch,98616982,2021-06
682.0,5.0,100,Debit,2021-06-30,Insurance Premium Employer contribution,10E200540,Statutory Welfare Expenses,,,010,Sapporo Sales Office,100704,0,10A100020,Ordinary Deposits,20,ABC Bank Head Office,000,Common Department,1936384,2021-06
682.0,5.0,100,Credit,2021-06-30,Insurance Premium Employer contribution,10A100020,Ordinary Deposits,20,ABC Bank Head Office,000,Common Department,0,100704,10E200540,Statutory Welfare Expenses,,,010,Sapporo Sales Office,98516278,2021-06
682.0,6.0,100,Debit,2021-06-30,Insurance Premium Employer contribution,10E200540,Statutory Welfare Expenses,,,030,Nagoya Branch,92652,0,10A100020,Ordinary Deposits,20,ABC Bank Head Office,000,Common Department,2029036,2021-06
682.0,6.0,100,Credit,2021-06-30,Insurance Premium Employer contribution,10A100020,Ordinary Deposits,20,ABC Bank Head Office,000,Common Department,0,92652,10E200540,Statutory Welfare Expenses,,,030,Nagoya Branch,98423626,2021-06
682.0,7.0,100,Debit,2021-06-30,Insurance Premium Employer contribution,10E200540,Statutory Welfare Expenses,,,040,Osaka Branch,147385,0,10A100020,Ordinary Deposits,20,ABC Bank Head Office,000,Common Department,2176421,2021-06
682.0,7.0,100,Credit,2021-06-30,Insurance Premium Employer contribution,10A100020,Ordinary Deposits,20,ABC Bank Head Office,000,Common Department,0,147385,10E200540,Statutory Welfare Expenses,,,040,Osaka Branch,98276241,2021-06
682.0,8.0,100,Debit,2021-06-30,Insurance Premium Employer contribution,10E200540,Statutory Welfare Expenses,,,050,Kyushu Sales Office,66245,0,10A100020,Ordinary Deposits,20,ABC Bank Head Office,000,Common Department,2242666,2021-06
682.0,8.0,100,Credit,2021-06-30,Insurance Premium Employer contribution,10A100020,Ordinary Deposits,20,ABC Bank Head Office,000,Common Department,0,66245,10E200540,Statutory Welfare Expenses,,,050,Kyushu Sales Office,98209996,2021-06
682.0,9.0,100,Debit,2021-06-30,Child allowance contribution Employer contribution,10E200540,Statutory Welfare Expenses,,,020,Tokyo Branch,9672,0,10A100020,Ordinary Deposits,20,ABC Bank Head Office,000,Common Department,2252338,2021-06
682.0,9.0,100,Credit,2021-06-30,Child allowance contribution Employer contribution,10A100020,Ordinary Deposits,20,ABC Bank Head Office,000,Common Department,0,9672,10E200540,Statutory Welfare Expenses,,,020,Tokyo Branch,98200324,2021-06
683.0,1.0,115,Debit,2021-06-30,Insurance Expenses,10E200240,Insurance Expenses,,,040,Osaka Branch,64500,0,10A100020,Ordinary Deposits,40,JKL Bank Umeda Branch,000,Common Department,756460,2021-06
683.0,1.0,115,Credit,2021-06-30,Insurance Expenses,10A100020,Ordinary Deposits,40,JKL Bank Umeda Branch,000,Common Department,0,64500,10E200240,Insurance Expenses,,,040,Osaka Branch,98135824,2021-06
684.0,1.0,120,Debit,2021-06-30,6/1-6/30 periodSales,10A100090,Accounts Receivable,5,Anonymized Partner 030,000,Common Department,904048,0,10D100100,Gross Sales,,,010,Sapporo Sales Office,13518438,2021-06
684.0,1.0,120,Credit,2021-06-30,6/1-6/30 periodSales,10D100100,Gross Sales,,,010,Sapporo Sales Office,0,904048,10A100090,Accounts Receivable,5,Anonymized Partner 030,000,Common Department,122431512,2021-06
684.0,2.0,120,Debit,2021-06-30,6/1-6/30 periodSales,10A100090,Accounts Receivable,25,Anonymized Partner 033,000,Common Department,2998818,0,10D100100,Gross Sales,,,010,Sapporo Sales Office,16517256,2021-06
684.0,2.0,120,Credit,2021-06-30,6/1-6/30 periodSales,10D100100,Gross Sales,,,010,Sapporo Sales Office,0,2998818,10A100090,Accounts Receivable,25,Anonymized Partner 033,000,Common Department,125430330,2021-06
684.0,3.0,120,Debit,2021-06-30,6/1-6/30 periodSales,10A100090,Accounts Receivable,14,Anonymized Partner 066,000,Common Department,1536704,0,10D100100,Gross Sales,,,010,Sapporo Sales Office,18053960,2021-06
684.0,3.0,120,Credit,2021-06-30,6/1-6/30 periodSales,10D100100,Gross Sales,,,010,Sapporo Sales Office,0,1536704,10A100090,Accounts Receivable,14,Anonymized Partner 066,000,Common Department,126967034,2021-06
684.0,4.0,120,Debit,2021-06-30,6/1-6/30 periodSales,10D100110,Sales Discounts and Returns,,,010,Sapporo Sales Office,66560,0,10A100090,Accounts Receivable,14,Anonymized Partner 066,000,Common Department,738960,2021-06
684.0,4.0,120,Credit,2021-06-30,6/1-6/30 periodSales,10A100090,Accounts Receivable,14,Anonymized Partner 066,000,Common Department,0,66560,10D100110,Sales Discounts and Returns,,,010,Sapporo Sales Office,17987400,2021-06
685.0,1.0,121,Debit,2021-06-30,6/1-6/30 periodSales,10A100090,Accounts Receivable,12,Anonymized Partner 065,000,Common Department,10195015,0,10D100100,Gross Sales,,,020,Tokyo Branch,28182415,2021-06
685.0,1.0,121,Credit,2021-06-30,6/1-6/30 periodSales,10D100100,Gross Sales,,,020,Tokyo Branch,0,10195015,10A100090,Accounts Receivable,12,Anonymized Partner 065,000,Common Department,137162049,2021-06
685.0,2.0,121,Debit,2021-06-30,6/1-6/30 periodSales,10A100090,Accounts Receivable,2,Anonymized Partner 057,000,Common Department,14067110,0,10D100100,Gross Sales,,,020,Tokyo Branch,42249525,2021-06
685.0,2.0,121,Credit,2021-06-30,6/1-6/30 periodSales,10D100100,Gross Sales,,,020,Tokyo Branch,0,14067110,10A100090,Accounts Receivable,2,Anonymized Partner 057,000,Common Department,151229159,2021-06
685.0,3.0,121,Debit,2021-06-30,6/1-6/30 periodSales,10A100090,Accounts Receivable,30,Anonymized Partner 052,000,Common Department,1019738,0,10D100100,Gross Sales,,,020,Tokyo Branch,43269263,2021-06
685.0,3.0,121,Credit,2021-06-30,6/1-6/30 periodSales,10D100100,Gross Sales,,,020,Tokyo Branch,0,1019738,10A100090,Accounts Receivable,30,Anonymized Partner 052,000,Common Department,152248897,2021-06
685.0,4.0,121,Debit,2021-06-30,6/1-6/30 periodSales,10A100090,Accounts Receivable,24,Anonymized Partner 081,000,Common Department,602808,0,10D100100,Gross Sales,,,020,Tokyo Branch,43872071,2021-06
685.0,4.0,121,Credit,2021-06-30,6/1-6/30 periodSales,10D100100,Gross Sales,,,020,Tokyo Branch,0,602808,10A100090,Accounts Receivable,24,Anonymized Partner 081,000,Common Department,152851705,2021-06
685.0,5.0,121,Debit,2021-06-30,6/1-6/30 periodSales,10A100090,Accounts Receivable,11,Anonymized Partner 058,000,Common Department,603296,0,10D100100,Gross Sales,,,020,Tokyo Branch,44475367,2021-06
685.0,5.0,121,Credit,2021-06-30,6/1-6/30 periodSales,10D100100,Gross Sales,,,020,Tokyo Branch,0,603296,10A100090,Accounts Receivable,11,Anonymized Partner 058,000,Common Department,153455001,2021-06
685.0,6.0,121,Debit,2021-06-30,6/1-6/30 periodSales,10A100090,Accounts Receivable,13,Anonymized Partner 023,000,Common Department,1101380,0,10D100100,Gross Sales,,,020,Tokyo Branch,45576747,2021-06
685.0,6.0,121,Credit,2021-06-30,6/1-6/30 periodSales,10D100100,Gross Sales,,,020,Tokyo Branch,0,1101380,10A100090,Accounts Receivable,13,Anonymized Partner 023,000,Common Department,154556381,2021-06
685.0,7.0,121,Debit,2021-06-30,6/1-6/30 periodSales,10A100090,Accounts Receivable,14,Anonymized Partner 066,000,Common Department,1903676,0,10D100100,Gross Sales,,,020,Tokyo Branch,47480423,2021-06
685.0,7.0,121,Credit,2021-06-30,6/1-6/30 periodSales,10D100100,Gross Sales,,,020,Tokyo Branch,0,1903676,10A100090,Accounts Receivable,14,Anonymized Partner 066,000,Common Department,156460057,2021-06
685.0,8.0,121,Debit,2021-06-30,6/1-6/30 periodSales,10A100090,Accounts Receivable,10,Anonymized Partner 012,000,Common Department,372176,0,10D100100,Gross Sales,,,020,Tokyo Branch,47852599,2021-06
685.0,8.0,121,Credit,2021-06-30,6/1-6/30 periodSales,10D100100,Gross Sales,,,020,Tokyo Branch,0,372176,10A100090,Accounts Receivable,10,Anonymized Partner 012,000,Common Department,156832233,2021-06
685.0,9.0,121,Debit,2021-06-30,6/1-6/30 periodSales,10A100090,Accounts Receivable,26,Anonymized Partner 082,000,Common Department,763160,0,10D100100,Gross Sales,,,020,Tokyo Branch,48615759,2021-06
685.0,9.0,121,Credit,2021-06-30,6/1-6/30 periodSales,10D100100,Gross Sales,,,020,Tokyo Branch,0,763160,10A100090,Accounts Receivable,26,Anonymized Partner 082,000,Common Department,157595393,2021-06
685.0,10.0,121,Debit,2021-06-30,6/1-6/30 periodSales,10D100110,Sales Discounts and Returns,,,020,Tokyo Branch,40500,0,10A100090,Accounts Receivable,2,Anonymized Partner 057,000,Common Department,779460,2021-06
685.0,10.0,121,Credit,2021-06-30,6/1-6/30 periodSales,10A100090,Accounts Receivable,2,Anonymized Partner 057,000,Common Department,0,40500,10D100110,Sales Discounts and Returns,,,020,Tokyo Branch,48575259,2021-06
685.0,11.0,121,Debit,2021-06-30,6/1-6/30 periodSales,10D100110,Sales Discounts and Returns,,,020,Tokyo Branch,64752,0,10A100090,Accounts Receivable,12,Anonymized Partner 065,000,Common Department,844212,2021-06
685.0,11.0,121,Credit,2021-06-30,6/1-6/30 periodSales,10A100090,Accounts Receivable,12,Anonymized Partner 065,000,Common Department,0,64752,10D100110,Sales Discounts and Returns,,,020,Tokyo Branch,48510507,2021-06
686.0,1.0,122,Debit,2021-06-30,6/1-6/30 periodSales,10A100090,Accounts Receivable,27,Anonymized Partner 025,000,Common Department,799276,0,10D100100,Gross Sales,,,030,Nagoya Branch,49309783,2021-06
686.0,1.0,122,Credit,2021-06-30,6/1-6/30 periodSales,10D100100,Gross Sales,,,030,Nagoya Branch,0,799276,10A100090,Accounts Receivable,27,Anonymized Partner 025,000,Common Department,158394669,2021-06
686.0,2.0,122,Debit,2021-06-30,6/1-6/30 periodSales,10A100090,Accounts Receivable,7,Anonymized Partner 042,000,Common Department,1108544,0,10D100100,Gross Sales,,,030,Nagoya Branch,50418327,2021-06
686.0,2.0,122,Credit,2021-06-30,6/1-6/30 periodSales,10D100100,Gross Sales,,,030,Nagoya Branch,0,1108544,10A100090,Accounts Receivable,7,Anonymized Partner 042,000,Common Department,159503213,2021-06
686.0,3.0,122,Debit,2021-06-30,6/1-6/30 periodSales,10A100090,Accounts Receivable,6,Anonymized Partner 061,000,Common Department,893412,0,10D100100,Gross Sales,,,030,Nagoya Branch,51311739,2021-06
686.0,3.0,122,Credit,2021-06-30,6/1-6/30 periodSales,10D100100,Gross Sales,,,030,Nagoya Branch,0,893412,10A100090,Accounts Receivable,6,Anonymized Partner 061,000,Common Department,160396625,2021-06
686.0,4.0,122,Debit,2021-06-30,6/1-6/30 periodSales,10A100090,Accounts Receivable,14,Anonymized Partner 066,000,Common Department,1472424,0,10D100100,Gross Sales,,,030,Nagoya Branch,52784163,2021-06
686.0,4.0,122,Credit,2021-06-30,6/1-6/30 periodSales,10D100100,Gross Sales,,,030,Nagoya Branch,0,1472424,10A100090,Accounts Receivable,14,Anonymized Partner 066,000,Common Department,161869049,2021-06
686.0,5.0,122,Debit,2021-06-30,6/1-6/30 periodSales,10A100090,Accounts Receivable,19,Anonymized Partner 045,000,Common Department,804060,0,10D100100,Gross Sales,,,030,Nagoya Branch,53588223,2021-06
686.0,5.0,122,Credit,2021-06-30,6/1-6/30 periodSales,10D100100,Gross Sales,,,030,Nagoya Branch,0,804060,10A100090,Accounts Receivable,19,Anonymized Partner 045,000,Common Department,162673109,2021-06
686.0,6.0,122,Debit,2021-06-30,6/1-6/30 periodSales,10A100090,Accounts Receivable,21,Anonymized Partner 014,000,Common Department,504450,0,10D100100,Gross Sales,,,030,Nagoya Branch,54092673,2021-06
686.0,6.0,122,Credit,2021-06-30,6/1-6/30 periodSales,10D100100,Gross Sales,,,030,Nagoya Branch,0,504450,10A100090,Accounts Receivable,21,Anonymized Partner 014,000,Common Department,163177559,2021-06
686.0,7.0,122,Debit,2021-06-30,6/1-6/30 periodSales,10D100110,Sales Discounts and Returns,,,030,Nagoya Branch,23376,0,10A100090,Accounts Receivable,14,Anonymized Partner 066,000,Common Department,867588,2021-06
686.0,7.0,122,Credit,2021-06-30,6/1-6/30 periodSales,10A100090,Accounts Receivable,14,Anonymized Partner 066,000,Common Department,0,23376,10D100110,Sales Discounts and Returns,,,030,Nagoya Branch,54069297,2021-06
687.0,1.0,123,Debit,2021-06-30,6/1-6/30 periodSales,10A100090,Accounts Receivable,20,Anonymized Partner 079,000,Common Department,1016210,0,10D100100,Gross Sales,,,040,Osaka Branch,55085507,2021-06
687.0,1.0,123,Credit,2021-06-30,6/1-6/30 periodSales,10D100100,Gross Sales,,,040,Osaka Branch,0,1016210,10A100090,Accounts Receivable,20,Anonymized Partner 079,000,Common Department,164193769,2021-06
687.0,2.0,123,Debit,2021-06-30,6/1-6/30 periodSales,10A100090,Accounts Receivable,28,Anonymized Partner 072,000,Common Department,5645572,0,10D100100,Gross Sales,,,040,Osaka Branch,60731079,2021-06
687.0,2.0,123,Credit,2021-06-30,6/1-6/30 periodSales,10D100100,Gross Sales,,,040,Osaka Branch,0,5645572,10A100090,Accounts Receivable,28,Anonymized Partner 072,000,Common Department,169839341,2021-06
687.0,3.0,123,Debit,2021-06-30,6/1-6/30 periodSales,10A100090,Accounts Receivable,4,Anonymized Partner 032,000,Common Department,908128,0,10D100100,Gross Sales,,,040,Osaka Branch,61639207,2021-06
687.0,3.0,123,Credit,2021-06-30,6/1-6/30 periodSales,10D100100,Gross Sales,,,040,Osaka Branch,0,908128,10A100090,Accounts Receivable,4,Anonymized Partner 032,000,Common Department,170747469,2021-06
687.0,4.0,123,Debit,2021-06-30,6/1-6/30 periodSales,10A100090,Accounts Receivable,14,Anonymized Partner 066,000,Common Department,2319041,0,10D100100,Gross Sales,,,040,Osaka Branch,63958248,2021-06
687.0,4.0,123,Credit,2021-06-30,6/1-6/30 periodSales,10D100100,Gross Sales,,,040,Osaka Branch,0,2319041,10A100090,Accounts Receivable,14,Anonymized Partner 066,000,Common Department,173066510,2021-06
687.0,5.0,123,Debit,2021-06-30,6/1-6/30 periodSales,10A100090,Accounts Receivable,23,Anonymized Partner 056,000,Common Department,859929,0,10D100100,Gross Sales,,,040,Osaka Branch,64818177,2021-06
687.0,5.0,123,Credit,2021-06-30,6/1-6/30 periodSales,10D100100,Gross Sales,,,040,Osaka Branch,0,859929,10A100090,Accounts Receivable,23,Anonymized Partner 056,000,Common Department,173926439,2021-06
687.0,6.0,123,Debit,2021-06-30,6/1-6/30 periodSales,10A100090,Accounts Receivable,8,Anonymized Partner 073,000,Common Department,746892,0,10D100100,Gross Sales,,,040,Osaka Branch,65565069,2021-06
687.0,6.0,123,Credit,2021-06-30,6/1-6/30 periodSales,10D100100,Gross Sales,,,040,Osaka Branch,0,746892,10A100090,Accounts Receivable,8,Anonymized Partner 073,000,Common Department,174673331,2021-06
687.0,7.0,123,Debit,2021-06-30,6/1-6/30 periodSales,10A100090,Accounts Receivable,3,Anonymized Partner 085,000,Common Department,335052,0,10D100100,Gross Sales,,,040,Osaka Branch,65900121,2021-06
687.0,7.0,123,Credit,2021-06-30,6/1-6/30 periodSales,10D100100,Gross Sales,,,040,Osaka Branch,0,335052,10A100090,Accounts Receivable,3,Anonymized Partner 085,000,Common Department,175008383,2021-06
687.0,8.0,123,Debit,2021-06-30,6/1-6/30 periodSales,10A100090,Accounts Receivable,9,Anonymized Partner 026,000,Common Department,746304,0,10D100100,Gross Sales,,,040,Osaka Branch,66646425,2021-06
687.0,8.0,123,Credit,2021-06-30,6/1-6/30 periodSales,10D100100,Gross Sales,,,040,Osaka Branch,0,746304,10A100090,Accounts Receivable,9,Anonymized Partner 026,000,Common Department,175754687,2021-06
687.0,9.0,123,Debit,2021-06-30,6/1-6/30 periodSales,10D100110,Sales Discounts and Returns,,,040,Osaka Branch,28800,0,10A100090,Accounts Receivable,4,Anonymized Partner 032,000,Common Department,896388,2021-06
687.0,9.0,123,Credit,2021-06-30,6/1-6/30 periodSales,10A100090,Accounts Receivable,4,Anonymized Partner 032,000,Common Department,0,28800,10D100110,Sales Discounts and Returns,,,040,Osaka Branch,66617625,2021-06
687.0,10.0,123,Debit,2021-06-30,6/1-6/30 periodSales,10D100110,Sales Discounts and Returns,,,040,Osaka Branch,26496,0,10A100090,Accounts Receivable,28,Anonymized Partner 072,000,Common Department,922884,2021-06
687.0,10.0,123,Credit,2021-06-30,6/1-6/30 periodSales,10A100090,Accounts Receivable,28,Anonymized Partner 072,000,Common Department,0,26496,10D100110,Sales Discounts and Returns,,,040,Osaka Branch,66591129,2021-06
688.0,1.0,124,Debit,2021-06-30,6/1-6/30 periodSales,10A100090,Accounts Receivable,14,Anonymized Partner 066,000,Common Department,1335240,0,10D100100,Gross Sales,,,050,Kyushu Sales Office,67926369,2021-06
688.0,1.0,124,Credit,2021-06-30,6/1-6/30 periodSales,10D100100,Gross Sales,,,050,Kyushu Sales Office,0,1335240,10A100090,Accounts Receivable,14,Anonymized Partner 066,000,Common Department,177089927,2021-06
688.0,2.0,124,Debit,2021-06-30,6/1-6/30 periodSales,10A100090,Accounts Receivable,29,Anonymized Partner 049,000,Common Department,404352,0,10D100100,Gross Sales,,,050,Kyushu Sales Office,68330721,2021-06
688.0,2.0,124,Credit,2021-06-30,6/1-6/30 periodSales,10D100100,Gross Sales,,,050,Kyushu Sales Office,0,404352,10A100090,Accounts Receivable,29,Anonymized Partner 049,000,Common Department,177494279,2021-06
688.0,3.0,124,Debit,2021-06-30,6/1-6/30 periodSales,10A100090,Accounts Receivable,1,Anonymized Partner 068,000,Common Department,1221480,0,10D100100,Gross Sales,,,050,Kyushu Sales Office,69552201,2021-06
688.0,3.0,124,Credit,2021-06-30,6/1-6/30 periodSales,10D100100,Gross Sales,,,050,Kyushu Sales Office,0,1221480,10A100090,Accounts Receivable,1,Anonymized Partner 068,000,Common Department,178715759,2021-06
688.0,4.0,124,Debit,2021-06-30,6/1-6/30 periodSales,10A100090,Accounts Receivable,22,Anonymized Partner 070,000,Common Department,915480,0,10D100100,Gross Sales,,,050,Kyushu Sales Office,70467681,2021-06
688.0,4.0,124,Credit,2021-06-30,6/1-6/30 periodSales,10D100100,Gross Sales,,,050,Kyushu Sales Office,0,915480,10A100090,Accounts Receivable,22,Anonymized Partner 070,000,Common Department,179631239,2021-06
688.0,5.0,124,Debit,2021-06-30,6/1-6/30 periodSales,10D100110,Sales Discounts and Returns,,,050,Kyushu Sales Office,21600,0,10A100090,Accounts Receivable,1,Anonymized Partner 068,000,Common Department,944484,2021-06
688.0,5.0,124,Credit,2021-06-30,6/1-6/30 periodSales,10A100090,Accounts Receivable,1,Anonymized Partner 068,000,Common Department,0,21600,10D100110,Sales Discounts and Returns,,,050,Kyushu Sales Office,70446081,2021-06
689.0,1.0,125,Debit,2021-06-30,Voucher No. 248 dated 6/30 Anonymized Partner 032,10A100020,Ordinary Deposits,40,JKL Bank Umeda Branch,000,Common Department,1273800,0,10A100090,Accounts Receivable,4,Anonymized Partner 032,000,Common Department,99409624,2021-06
689.0,1.0,125,Credit,2021-06-30,Voucher No. 248 dated 6/30 Anonymized Partner 032,10A100090,Accounts Receivable,4,Anonymized Partner 032,000,Common Department,0,1273800,10A100020,Ordinary Deposits,40,JKL Bank Umeda Branch,000,Common Department,69172281,2021-06
689.0,2.0,125,Debit,2021-06-30,Voucher No. 248 dated 6/30 Anonymized Partner 032,10E200690,Service Fees,,,040,Osaka Branch,840,0,10A100090,Accounts Receivable,4,Anonymized Partner 032,000,Common Department,33283,2021-06
689.0,2.0,125,Credit,2021-06-30,Voucher No. 248 dated 6/30 Anonymized Partner 032,10A100090,Accounts Receivable,4,Anonymized Partner 032,000,Common Department,0,840,10E200690,Service Fees,,,040,Osaka Branch,69171441,2021-06
690.0,1.0,126,Debit,2021-06-30,Voucher No. 249 dated 6/30 Anonymized Partner 030,10A100020,Ordinary Deposits,10,DEF Bank Station Branch,000,Common Department,1203760,0,10A100090,Accounts Receivable,5,Anonymized Partner 030,000,Common Department,100613384,2021-06
690.0,1.0,126,Credit,2021-06-30,Voucher No. 249 dated 6/30 Anonymized Partner 030,10A100090,Accounts Receivable,5,Anonymized Partner 030,000,Common Department,0,1203760,10A100020,Ordinary Deposits,10,DEF Bank Station Branch,000,Common Department,67967681,2021-06
690.0,2.0,126,Debit,2021-06-30,Voucher No. 249 dated 6/30 Anonymized Partner 030,10E200690,Service Fees,,,010,Sapporo Sales Office,840,0,10A100090,Accounts Receivable,5,Anonymized Partner 030,000,Common Department,34123,2021-06
690.0,2.0,126,Credit,2021-06-30,Voucher No. 249 dated 6/30 Anonymized Partner 030,10A100090,Accounts Receivable,5,Anonymized Partner 030,000,Common Department,0,840,10E200690,Service Fees,,,010,Sapporo Sales Office,67966841,2021-06
691.0,1.0,127,Debit,2021-06-30,Voucher No. 250 dated 6/30 Anonymized Partner 065 | Sales voucher=20210531-115;Note number=R20210630-127-12,10A100060,Notes Receivable,,,000,Common Department,8000694,0,10A100090,Accounts Receivable,12,Anonymized Partner 065,000,Common Department,85235090,2021-06
691.0,1.0,127,Credit,2021-06-30,Voucher No. 250 dated 6/30 Anonymized Partner 065 | Sales voucher=20210531-115;Note number=R20210630-127-12,10A100090,Accounts Receivable,12,Anonymized Partner 065,000,Common Department,0,8000694,10A100060,Notes Receivable,,,000,Common Department,59966147,2021-06
692.0,1.0,128,Debit,2021-06-30,Revenue stamp,10E200210,Taxes and Dues,,,010,Sapporo Sales Office,4000,0,10A100020,Cash,,,000,Common Department,135000,2021-06
692.0,1.0,128,Credit,2021-06-30,Revenue stamp,10A100020,Cash,,,000,Common Department,0,4000,10E200210,Taxes and Dues,,,010,Sapporo Sales Office,100609384,2021-06
692.0,2.0,128,Debit,2021-06-30,Voucher No. 251 dated 6/30 Anonymized Partner 081,10A100020,Ordinary Deposits,20,ABC Bank Head Office,000,Common Department,729494,0,10A100090,Accounts Receivable,24,Anonymized Partner 081,000,Common Department,101338878,2021-06
692.0,2.0,128,Credit,2021-06-30,Voucher No. 251 dated 6/30 Anonymized Partner 081,10A100090,Accounts Receivable,24,Anonymized Partner 081,000,Common Department,0,729494,10A100020,Ordinary Deposits,20,ABC Bank Head Office,000,Common Department,59236653,2021-06
692.0,3.0,128,Debit,2021-06-30,Voucher No. 251 dated 6/30 Anonymized Partner 081,10E200690,Service Fees,,,020,Tokyo Branch,630,0,10A100090,Accounts Receivable,24,Anonymized Partner 081,000,Common Department,34753,2021-06
692.0,3.0,128,Credit,2021-06-30,Voucher No. 251 dated 6/30 Anonymized Partner 081,10A100090,Accounts Receivable,24,Anonymized Partner 081,000,Common Department,0,630,10E200690,Service Fees,,,020,Tokyo Branch,59236023,2021-06
693.0,1.0,129,Debit,2021-06-30,Voucher No. 252 dated 6/30 Anonymized Partner 049,10A100020,Ordinary Deposits,50,MNO Bank Kitakyushu Branch,000,Common Department,843450,0,10A100090,Accounts Receivable,29,Anonymized Partner 049,000,Common Department,102182328,2021-06
693.0,1.0,129,Credit,2021-06-30,Voucher No. 252 dated 6/30 Anonymized Partner 049,10A100090,Accounts Receivable,29,Anonymized Partner 049,000,Common Department,0,843450,10A100020,Ordinary Deposits,50,MNO Bank Kitakyushu Branch,000,Common Department,58392573,2021-06
693.0,2.0,129,Debit,2021-06-30,Voucher No. 252 dated 6/30 Anonymized Partner 049,10E200690,Service Fees,,,050,Kyushu Sales Office,210,0,10A100090,Accounts Receivable,29,Anonymized Partner 049,000,Common Department,34963,2021-06
693.0,2.0,129,Credit,2021-06-30,Voucher No. 252 dated 6/30 Anonymized Partner 049,10A100090,Accounts Receivable,29,Anonymized Partner 049,000,Common Department,0,210,10E200690,Service Fees,,,050,Kyushu Sales Office,58392363,2021-06
694.0,1.0,130,Debit,2021-06-30,Voucher No. 452 dated 6/30 Anonymized Partner 012,10A100020,Cash,,,000,Common Department,560672,0,10A100090,Accounts Receivable,10,Anonymized Partner 012,000,Common Department,102743000,2021-06
694.0,1.0,130,Credit,2021-06-30,Voucher No. 452 dated 6/30 Anonymized Partner 012,10A100090,Accounts Receivable,10,Anonymized Partner 012,000,Common Department,0,560672,10A100020,Cash,,,000,Common Department,57831691,2021-06
695.0,1.0,131,Debit,2021-06-30,6/1-6/30 period Purchases,10E100130,Merchandise Purchases,,,010,Sapporo Sales Office,77565,0,10B100040,Accounts Payable,2,Anonymized Partner 046,000,Common Department,73014828,2021-06
695.0,1.0,131,Credit,2021-06-30,6/1-6/30 period Purchases,10B100040,Accounts Payable,2,Anonymized Partner 046,000,Common Department,0,77565,10E100130,Merchandise Purchases,,,010,Sapporo Sales Office,30373577,2021-06
695.0,2.0,131,Debit,2021-06-30,6/1-6/30 period Purchases,10E100130,Merchandise Purchases,,,010,Sapporo Sales Office,49392,0,10B100040,Accounts Payable,8,Anonymized Partner 063,000,Common Department,73064220,2021-06
695.0,2.0,131,Credit,2021-06-30,6/1-6/30 period Purchases,10B100040,Accounts Payable,8,Anonymized Partner 063,000,Common Department,0,49392,10E100130,Merchandise Purchases,,,010,Sapporo Sales Office,30422969,2021-06
696.0,1.0,132,Debit,2021-06-30,6/1-6/30 period Purchases,10E100130,Merchandise Purchases,,,020,Tokyo Branch,4187544,0,10B100040,Accounts Payable,11,Anonymized Partner 067,000,Common Department,77251764,2021-06
696.0,1.0,132,Credit,2021-06-30,6/1-6/30 period Purchases,10B100040,Accounts Payable,11,Anonymized Partner 067,000,Common Department,0,4187544,10E100130,Merchandise Purchases,,,020,Tokyo Branch,34610513,2021-06
696.0,2.0,132,Debit,2021-06-30,6/1-6/30 period Purchases,10E100130,Merchandise Purchases,,,020,Tokyo Branch,5813524,0,10B100040,Accounts Payable,1,Anonymized Partner 043,000,Common Department,83065288,2021-06
696.0,2.0,132,Credit,2021-06-30,6/1-6/30 period Purchases,10B100040,Accounts Payable,1,Anonymized Partner 043,000,Common Department,0,5813524,10E100130,Merchandise Purchases,,,020,Tokyo Branch,40424037,2021-06
696.0,3.0,132,Debit,2021-06-30,6/1-6/30 period Purchases,10E100130,Merchandise Purchases,,,020,Tokyo Branch,2864586,0,10B100040,Accounts Payable,14,Anonymized Partner 011,000,Common Department,85929874,2021-06
696.0,3.0,132,Credit,2021-06-30,6/1-6/30 period Purchases,10B100040,Accounts Payable,14,Anonymized Partner 011,000,Common Department,0,2864586,10E100130,Merchandise Purchases,,,020,Tokyo Branch,43288623,2021-06
696.0,4.0,132,Debit,2021-06-30,6/1-6/30 period Purchases,10E100130,Merchandise Purchases,,,020,Tokyo Branch,3136658,0,10B100040,Accounts Payable,3,Anonymized Partner 085,000,Common Department,89066532,2021-06
696.0,4.0,132,Credit,2021-06-30,6/1-6/30 period Purchases,10B100040,Accounts Payable,3,Anonymized Partner 085,000,Common Department,0,3136658,10E100130,Merchandise Purchases,,,020,Tokyo Branch,46425281,2021-06
696.0,5.0,132,Debit,2021-06-30,6/1-6/30 period Purchases,10E100130,Merchandise Purchases,,,020,Tokyo Branch,1224976,0,10B100040,Accounts Payable,13,Anonymized Partner 027,000,Common Department,90291508,2021-06
696.0,5.0,132,Credit,2021-06-30,6/1-6/30 period Purchases,10B100040,Accounts Payable,13,Anonymized Partner 027,000,Common Department,0,1224976,10E100130,Merchandise Purchases,,,020,Tokyo Branch,47650257,2021-06
696.0,6.0,132,Debit,2021-06-30,6/1-6/30 period Purchases,10B100040,Accounts Payable,13,Anonymized Partner 027,000,Common Department,14784,0,10E100120,Purchase Discounts and Returns,,,020,Tokyo Branch,47635473,2021-06
696.0,6.0,132,Credit,2021-06-30,6/1-6/30 period Purchases,10E100120,Purchase Discounts and Returns,,,020,Tokyo Branch,0,14784,10B100040,Accounts Payable,13,Anonymized Partner 027,000,Common Department,449153,2021-06
696.0,7.0,132,Debit,2021-06-30,6/1-6/30 period Purchases,10E100130,Merchandise Purchases,,,020,Tokyo Branch,316537,0,10B100040,Accounts Payable,12,Anonymized Partner 059,000,Common Department,90608045,2021-06
696.0,7.0,132,Credit,2021-06-30,6/1-6/30 period Purchases,10B100040,Accounts Payable,12,Anonymized Partner 059,000,Common Department,0,316537,10E100130,Merchandise Purchases,,,020,Tokyo Branch,47952010,2021-06
696.0,8.0,132,Debit,2021-06-30,6/1-6/30 period Purchases,10B100040,Accounts Payable,11,Anonymized Partner 067,000,Common Department,67512,0,10E100120,Purchase Discounts and Returns,,,020,Tokyo Branch,47884498,2021-06
696.0,8.0,132,Credit,2021-06-30,6/1-6/30 period Purchases,10E100120,Purchase Discounts and Returns,,,020,Tokyo Branch,0,67512,10B100040,Accounts Payable,11,Anonymized Partner 067,000,Common Department,516665,2021-06
696.0,9.0,132,Debit,2021-06-30,6/1-6/30 period Purchases,10E100130,Merchandise Purchases,,,020,Tokyo Branch,222264,0,10B100040,Accounts Payable,8,Anonymized Partner 063,000,Common Department,90830309,2021-06
696.0,9.0,132,Credit,2021-06-30,6/1-6/30 period Purchases,10B100040,Accounts Payable,8,Anonymized Partner 063,000,Common Department,0,222264,10E100130,Merchandise Purchases,,,020,Tokyo Branch,48106762,2021-06
696.0,10.0,132,Debit,2021-06-30,6/1-6/30 period Purchases,10B100040,Accounts Payable,3,Anonymized Partner 085,000,Common Department,20580,0,10E100120,Purchase Discounts and Returns,,,020,Tokyo Branch,48086182,2021-06
696.0,10.0,132,Credit,2021-06-30,6/1-6/30 period Purchases,10E100120,Purchase Discounts and Returns,,,020,Tokyo Branch,0,20580,10B100040,Accounts Payable,3,Anonymized Partner 085,000,Common Department,537245,2021-06
696.0,11.0,132,Debit,2021-06-30,6/1-6/30 period Purchases,10E100130,Merchandise Purchases,,,020,Tokyo Branch,616209,0,10B100040,Accounts Payable,2,Anonymized Partner 046,000,Common Department,91446518,2021-06
696.0,11.0,132,Credit,2021-06-30,6/1-6/30 period Purchases,10B100040,Accounts Payable,2,Anonymized Partner 046,000,Common Department,0,616209,10E100130,Merchandise Purchases,,,020,Tokyo Branch,48702391,2021-06
697.0,1.0,133,Debit,2021-06-30,6/1-6/30 period Purchases,10E100130,Merchandise Purchases,,,030,Nagoya Branch,3490290,0,10B100040,Accounts Payable,7,Anonymized Partner 048,000,Common Department,94936808,2021-06
697.0,1.0,133,Credit,2021-06-30,6/1-6/30 period Purchases,10B100040,Accounts Payable,7,Anonymized Partner 048,000,Common Department,0,3490290,10E100130,Merchandise Purchases,,,030,Nagoya Branch,52192681,2021-06
697.0,2.0,133,Debit,2021-06-30,6/1-6/30 period Purchases,10E100130,Merchandise Purchases,,,030,Nagoya Branch,1712425,0,10B100040,Accounts Payable,9,Anonymized Partner 029,000,Common Department,96649233,2021-06
697.0,2.0,133,Credit,2021-06-30,6/1-6/30 period Purchases,10B100040,Accounts Payable,9,Anonymized Partner 029,000,Common Department,0,1712425,10E100130,Merchandise Purchases,,,030,Nagoya Branch,53905106,2021-06
697.0,3.0,133,Debit,2021-06-30,6/1-6/30 period Purchases,10E100130,Merchandise Purchases,,,030,Nagoya Branch,1109128,0,10B100040,Accounts Payable,15,Anonymized Partner 074,000,Common Department,97758361,2021-06
697.0,3.0,133,Credit,2021-06-30,6/1-6/30 period Purchases,10B100040,Accounts Payable,15,Anonymized Partner 074,000,Common Department,0,1109128,10E100130,Merchandise Purchases,,,030,Nagoya Branch,55014234,2021-06
697.0,4.0,133,Debit,2021-06-30,6/1-6/30 period Purchases,10E100130,Merchandise Purchases,,,030,Nagoya Branch,116346,0,10B100040,Accounts Payable,2,Anonymized Partner 046,000,Common Department,97874707,2021-06
697.0,4.0,133,Credit,2021-06-30,6/1-6/30 period Purchases,10B100040,Accounts Payable,2,Anonymized Partner 046,000,Common Department,0,116346,10E100130,Merchandise Purchases,,,030,Nagoya Branch,55130580,2021-06
697.0,5.0,133,Debit,2021-06-30,6/1-6/30 period Purchases,10E100130,Merchandise Purchases,,,030,Nagoya Branch,24696,0,10B100040,Accounts Payable,8,Anonymized Partner 063,000,Common Department,97899403,2021-06
697.0,5.0,133,Credit,2021-06-30,6/1-6/30 period Purchases,10B100040,Accounts Payable,8,Anonymized Partner 063,000,Common Department,0,24696,10E100130,Merchandise Purchases,,,030,Nagoya Branch,55155276,2021-06
697.0,6.0,133,Debit,2021-06-30,6/1-6/30 period Purchases,10B100040,Accounts Payable,7,Anonymized Partner 048,000,Common Department,42806,0,10E100120,Purchase Discounts and Returns,,,030,Nagoya Branch,55112470,2021-06
697.0,6.0,133,Credit,2021-06-30,6/1-6/30 period Purchases,10E100120,Purchase Discounts and Returns,,,030,Nagoya Branch,0,42806,10B100040,Accounts Payable,7,Anonymized Partner 048,000,Common Department,580051,2021-06
698.0,1.0,134,Debit,2021-06-30,6/1-6/30 period Purchases,10E100130,Merchandise Purchases,,,040,Osaka Branch,3040340,0,10B100040,Accounts Payable,10,Anonymized Partner 009,000,Common Department,100939743,2021-06
698.0,1.0,134,Credit,2021-06-30,6/1-6/30 period Purchases,10B100040,Accounts Payable,10,Anonymized Partner 009,000,Common Department,0,3040340,10E100130,Merchandise Purchases,,,040,Osaka Branch,58152810,2021-06
698.0,2.0,134,Debit,2021-06-30,6/1-6/30 period Purchases,10E100130,Merchandise Purchases,,,040,Osaka Branch,3482789,0,10B100040,Accounts Payable,6,Anonymized Partner 054,000,Common Department,104422532,2021-06
698.0,2.0,134,Credit,2021-06-30,6/1-6/30 period Purchases,10B100040,Accounts Payable,6,Anonymized Partner 054,000,Common Department,0,3482789,10E100130,Merchandise Purchases,,,040,Osaka Branch,61635599,2021-06
698.0,3.0,134,Debit,2021-06-30,6/1-6/30 period Purchases,10E100130,Merchandise Purchases,,,040,Osaka Branch,3702978,0,10B100040,Accounts Payable,5,Anonymized Partner 010,000,Common Department,108125510,2021-06
698.0,3.0,134,Credit,2021-06-30,6/1-6/30 period Purchases,10B100040,Accounts Payable,5,Anonymized Partner 010,000,Common Department,0,3702978,10E100130,Merchandise Purchases,,,040,Osaka Branch,65338577,2021-06
698.0,4.0,134,Debit,2021-06-30,6/1-6/30 period Purchases,10E100130,Merchandise Purchases,,,040,Osaka Branch,888656,0,10B100040,Accounts Payable,4,Anonymized Partner 047,000,Common Department,109014166,2021-06
698.0,4.0,134,Credit,2021-06-30,6/1-6/30 period Purchases,10B100040,Accounts Payable,4,Anonymized Partner 047,000,Common Department,0,888656,10E100130,Merchandise Purchases,,,040,Osaka Branch,66227233,2021-06
698.0,5.0,134,Debit,2021-06-30,6/1-6/30 period Purchases,10E100130,Merchandise Purchases,,,040,Osaka Branch,349042,0,10B100040,Accounts Payable,2,Anonymized Partner 046,000,Common Department,109363208,2021-06
698.0,5.0,134,Credit,2021-06-30,6/1-6/30 period Purchases,10B100040,Accounts Payable,2,Anonymized Partner 046,000,Common Department,0,349042,10E100130,Merchandise Purchases,,,040,Osaka Branch,66576275,2021-06
698.0,6.0,134,Debit,2021-06-30,6/1-6/30 period Purchases,10B100040,Accounts Payable,10,Anonymized Partner 009,000,Common Department,20160,0,10E100120,Purchase Discounts and Returns,,,040,Osaka Branch,66556115,2021-06
698.0,6.0,134,Credit,2021-06-30,6/1-6/30 period Purchases,10E100120,Purchase Discounts and Returns,,,040,Osaka Branch,0,20160,10B100040,Accounts Payable,10,Anonymized Partner 009,000,Common Department,600211,2021-06
698.0,7.0,134,Debit,2021-06-30,6/1-6/30 period Purchases,10E100130,Merchandise Purchases,,,040,Osaka Branch,44452,0,10B100040,Accounts Payable,8,Anonymized Partner 063,000,Common Department,109407660,2021-06
698.0,7.0,134,Credit,2021-06-30,6/1-6/30 period Purchases,10B100040,Accounts Payable,8,Anonymized Partner 063,000,Common Department,0,44452,10E100130,Merchandise Purchases,,,040,Osaka Branch,66600567,2021-06
698.0,8.0,134,Debit,2021-06-30,6/1-6/30 period Purchases,10B100040,Accounts Payable,5,Anonymized Partner 010,000,Common Department,22596,0,10E100120,Purchase Discounts and Returns,,,040,Osaka Branch,66577971,2021-06
698.0,8.0,134,Credit,2021-06-30,6/1-6/30 period Purchases,10E100120,Purchase Discounts and Returns,,,040,Osaka Branch,0,22596,10B100040,Accounts Payable,5,Anonymized Partner 010,000,Common Department,622807,2021-06
698.0,9.0,134,Debit,2021-06-30,6/1-6/30 period Purchases,10B100040,Accounts Payable,6,Anonymized Partner 054,000,Common Department,23436,0,10E100120,Purchase Discounts and Returns,,,040,Osaka Branch,66554535,2021-06
698.0,9.0,134,Credit,2021-06-30,6/1-6/30 period Purchases,10E100120,Purchase Discounts and Returns,,,040,Osaka Branch,0,23436,10B100040,Accounts Payable,6,Anonymized Partner 054,000,Common Department,646243,2021-06
699.0,1.0,135,Debit,2021-06-30,6/1-6/30 period Purchases,10E100130,Merchandise Purchases,,,050,Kyushu Sales Office,137893,0,10B100040,Accounts Payable,2,Anonymized Partner 046,000,Common Department,109545553,2021-06
699.0,1.0,135,Credit,2021-06-30,6/1-6/30 period Purchases,10B100040,Accounts Payable,2,Anonymized Partner 046,000,Common Department,0,137893,10E100130,Merchandise Purchases,,,050,Kyushu Sales Office,66692428,2021-06
699.0,2.0,135,Debit,2021-06-30,6/1-6/30 period Purchases,10E100130,Merchandise Purchases,,,050,Kyushu Sales Office,49392,0,10B100040,Accounts Payable,8,Anonymized Partner 063,000,Common Department,109594945,2021-06
699.0,2.0,135,Credit,2021-06-30,6/1-6/30 period Purchases,10B100040,Accounts Payable,8,Anonymized Partner 063,000,Common Department,0,49392,10E100130,Merchandise Purchases,,,050,Kyushu Sales Office,66741820,2021-06
700.0,1.0,136,Debit,2021-06-30,Voucher No. 161 dated 6/30 Anonymized Partner 046,10B100040,Accounts Payable,2,Anonymized Partner 046,000,Common Department,1295468,0,10A100020,Ordinary Deposits,20,ABC Bank Head Office,000,Common Department,65446352,2021-06
700.0,1.0,136,Credit,2021-06-30,Voucher No. 161 dated 6/30 Anonymized Partner 046,10A100020,Ordinary Deposits,20,ABC Bank Head Office,000,Common Department,0,1295468,10B100040,Accounts Payable,2,Anonymized Partner 046,000,Common Department,101447532,2021-06
701.0,1.0,137,Debit,2021-06-30,Wired service fee,10E201270,Miscellaneous Expenses,,,040,Osaka Branch,6000,0,10B100630,Accounts Payable Other,,,000,Common Department,1171442,2021-06
701.0,1.0,137,Credit,2021-06-30,Wired service fee,10B100630,Accounts Payable Other,,,000,Common Department,0,6000,10E201270,Miscellaneous Expenses,,,040,Osaka Branch,10720836,2021-06
701.0,2.0,137,Debit,2021-06-30,Security fee,10E201270,Miscellaneous Expenses,,,040,Osaka Branch,42858,0,10B100630,Accounts Payable Other,,,000,Common Department,1214300,2021-06
701.0,2.0,137,Credit,2021-06-30,Security fee,10B100630,Accounts Payable Other,,,000,Common Department,0,42858,10E201270,Miscellaneous Expenses,,,040,Osaka Branch,10763694,2021-06
701.0,3.0,137,Debit,2021-06-30,Expressway toll,10E201120,Vehicle Expenses,,,040,Osaka Branch,53315,0,10A100020,Ordinary Deposits,40,JKL Bank Umeda Branch,000,Common Department,1467968,2021-06
701.0,3.0,137,Credit,2021-06-30,Expressway toll,10A100020,Ordinary Deposits,40,JKL Bank Umeda Branch,000,Common Department,0,53315,10E201120,Vehicle Expenses,,,040,Osaka Branch,101394217,2021-06
701.0,4.0,137,Debit,2021-06-30,Cleaning fee,10E201270,Miscellaneous Expenses,,,040,Osaka Branch,73500,0,10B100630,Accounts Payable Other,,,000,Common Department,1287800,2021-06
701.0,4.0,137,Credit,2021-06-30,Cleaning fee,10B100630,Accounts Payable Other,,,000,Common Department,0,73500,10E201270,Miscellaneous Expenses,,,040,Osaka Branch,10837194,2021-06
701.0,5.0,137,Debit,2021-06-30,Voucher No. 162 dated 6/30 Anonymized Partner 010,10B100040,Accounts Payable,5,Anonymized Partner 010,000,Common Department,3722134,0,10B100030,Notes Payable,,,000,Common Department,61724218,2021-06
701.0,5.0,137,Credit,2021-06-30,Voucher No. 162 dated 6/30 Anonymized Partner 010,10B100030,Notes Payable,,,000,Common Department,0,3722134,10B100040,Accounts Payable,5,Anonymized Partner 010,000,Common Department,48434722,2021-06
702.0,1.0,138,Debit,2021-06-30,Voucher No. 163 dated 6/30 Anonymized Partner 048,10B100040,Accounts Payable,7,Anonymized Partner 048,000,Common Department,3532422,0,10A100020,Ordinary Deposits,20,ABC Bank Head Office,000,Common Department,58191796,2021-06
702.0,1.0,138,Credit,2021-06-30,Voucher No. 163 dated 6/30 Anonymized Partner 048,10A100020,Ordinary Deposits,20,ABC Bank Head Office,000,Common Department,0,3532422,10B100040,Accounts Payable,7,Anonymized Partner 048,000,Common Department,97861795,2021-06
703.0,1.0,139,Debit,2021-06-30,Voucher No. 164 dated 6/30 Anonymized Partner 029,10B100040,Accounts Payable,9,Anonymized Partner 029,000,Common Department,1759143,0,10B100030,Notes Payable,,,000,Common Department,56432653,2021-06
703.0,1.0,139,Credit,2021-06-30,Voucher No. 164 dated 6/30 Anonymized Partner 029,10B100030,Notes Payable,,,000,Common Department,0,1759143,10B100040,Accounts Payable,9,Anonymized Partner 029,000,Common Department,50193865,2021-06
704.0,1.0,140,Debit,2021-06-30,Voucher No. 165 dated 6/30 Anonymized Partner 009,10B100040,Accounts Payable,10,Anonymized Partner 009,000,Common Department,2974673,0,10B100030,Notes Payable,,,000,Common Department,53457980,2021-06
704.0,1.0,140,Credit,2021-06-30,Voucher No. 165 dated 6/30 Anonymized Partner 009,10B100030,Notes Payable,,,000,Common Department,0,2974673,10B100040,Accounts Payable,10,Anonymized Partner 009,000,Common Department,53168538,2021-06
705.0,1.0,141,Debit,2021-06-30,Voucher No. 166 dated 6/30 Anonymized Partner 059,10B100040,Accounts Payable,12,Anonymized Partner 059,000,Common Department,330220,0,10A100020,Ordinary Deposits,20,ABC Bank Head Office,000,Common Department,53127760,2021-06
705.0,1.0,141,Credit,2021-06-30,Voucher No. 166 dated 6/30 Anonymized Partner 059,10A100020,Ordinary Deposits,20,ABC Bank Head Office,000,Common Department,0,330220,10B100040,Accounts Payable,12,Anonymized Partner 059,000,Common Department,97531575,2021-06
706.0,1.0,142,Debit,2021-06-30,Voucher No. 167 dated 6/30 Anonymized Partner 027,10B100040,Accounts Payable,13,Anonymized Partner 027,000,Common Department,1263652,0,10A100020,Ordinary Deposits,20,ABC Bank Head Office,000,Common Department,51864108,2021-06
706.0,1.0,142,Credit,2021-06-30,Voucher No. 167 dated 6/30 Anonymized Partner 027,10A100020,Ordinary Deposits,20,ABC Bank Head Office,000,Common Department,0,1263652,10B100040,Accounts Payable,13,Anonymized Partner 027,000,Common Department,96267923,2021-06
707.0,1.0,143,Debit,2021-06-30,Voucher No. 168 dated 6/30 Anonymized Partner 011,10B100040,Accounts Payable,14,Anonymized Partner 011,000,Common Department,2895984,0,10A100020,Ordinary Deposits,20,ABC Bank Head Office,000,Common Department,48968124,2021-06
707.0,1.0,143,Credit,2021-06-30,Voucher No. 168 dated 6/30 Anonymized Partner 011,10A100020,Ordinary Deposits,20,ABC Bank Head Office,000,Common Department,0,2895984,10B100040,Accounts Payable,14,Anonymized Partner 011,000,Common Department,93371939,2021-06
708.0,1.0,144,Debit,2021-06-30,Voucher No. 169 dated 6/30 Anonymized Partner 074,10B100040,Accounts Payable,15,Anonymized Partner 074,000,Common Department,1154355,0,10A100020,Ordinary Deposits,20,ABC Bank Head Office,000,Common Department,47813769,2021-06
708.0,1.0,144,Credit,2021-06-30,Voucher No. 169 dated 6/30 Anonymized Partner 074,10A100020,Ordinary Deposits,20,ABC Bank Head Office,000,Common Department,0,1154355,10B100040,Accounts Payable,15,Anonymized Partner 074,000,Common Department,92217584,2021-06
708.0,2.0,144,Debit,2021-06-30,Note maturity Anonymized Partner 072 | Note number=R20210410-258-28,10A100020,Checking Deposits,1,ABC Bank,000,Common Department,7862107,0,10A100060,Notes Receivable,,,000,Common Department,100079691,2021-06
708.0,2.0,144,Credit,2021-06-30,Note maturity Anonymized Partner 072 | Note number=R20210410-258-28,10A100060,Notes Receivable,,,000,Common Department,0,7862107,10A100020,Checking Deposits,1,ABC Bank,000,Common Department,77372983,2021-06
709.0,1.0,145,Debit,2021-06-30,Freight Expenses,10E200870,Freight Expenses,,,050,Kyushu Sales Office,142450,0,10B100630,Accounts Payable Other,,,000,Common Department,7354101,2021-06
709.0,1.0,145,Credit,2021-06-30,Freight Expenses,10B100630,Accounts Payable Other,,,000,Common Department,0,142450,10E200870,Freight Expenses,,,050,Kyushu Sales Office,10979644,2021-06
709.0,2.0,145,Debit,2021-06-30,Note maturity Anonymized Partner 057 | Provisional note number=U20210630-145-2;Receipt journal entry unidentified,10A100020,Checking Deposits,1,ABC Bank,000,Common Department,13932999,0,10A100060,Notes Receivable,,,000,Common Department,114012690,2021-06
709.0,2.0,145,Credit,2021-06-30,Note maturity Anonymized Partner 057 | Provisional note number=U20210630-145-2;Receipt journal entry unidentified,10A100060,Notes Receivable,,,000,Common Department,0,13932999,10A100020,Checking Deposits,1,ABC Bank,000,Common Department,63439984,2021-06
710.0,1.0,146,Debit,2021-06-30,Note due date settlement Anonymized Partner 010,10B100030,Notes Payable,,,000,Common Department,4161432,0,10A100020,Checking Deposits,1,ABC Bank,000,Common Department,49007106,2021-06
710.0,1.0,146,Credit,2021-06-30,Note due date settlement Anonymized Partner 010,10A100020,Checking Deposits,1,ABC Bank,000,Common Department,0,4161432,10B100030,Notes Payable,,,000,Common Department,109851258,2021-06
710.0,2.0,146,Debit,2021-06-30,Note due date settlement Anonymized Partner 029,10B100030,Notes Payable,,,000,Common Department,1798460,0,10A100020,Checking Deposits,1,ABC Bank,000,Common Department,47208646,2021-06
710.0,2.0,146,Credit,2021-06-30,Note due date settlement Anonymized Partner 029,10A100020,Checking Deposits,1,ABC Bank,000,Common Department,0,1798460,10B100030,Notes Payable,,,000,Common Department,108052798,2021-06
710.0,3.0,146,Debit,2021-06-30,Note due date settlement Anonymized Partner 009,10B100030,Notes Payable,,,000,Common Department,3129144,0,10A100020,Checking Deposits,1,ABC Bank,000,Common Department,44079502,2021-06
710.0,3.0,146,Credit,2021-06-30,Note due date settlement Anonymized Partner 009,10A100020,Checking Deposits,1,ABC Bank,000,Common Department,0,3129144,10B100030,Notes Payable,,,000,Common Department,104923654,2021-06
711.0,1.0,151,Debit,2021-06-30,Loan repayment received,10A100020,Ordinary Deposits,20,ABC Bank Head Office,000,Common Department,40000,0,10A100610,Short-term Loans Receivable,,,000,Common Department,104963654,2021-06
711.0,1.0,151,Credit,2021-06-30,Loan repayment received,10A100610,Short-term Loans Receivable,,,000,Common Department,0,40000,10A100020,Ordinary Deposits,20,ABC Bank Head Office,000,Common Department,360000,2021-06
712.0,1.0,152,Debit,2021-06-30,Installment savings,10A100020,Installment Savings,,,000,Common Department,500000,0,10A100020,Ordinary Deposits,20,ABC Bank Head Office,000,Common Department,105463654,2021-06
712.0,1.0,152,Credit,2021-06-30,Installment savings,10A100020,Ordinary Deposits,20,ABC Bank Head Office,000,Common Department,0,500000,10A100020,Installment Savings,,,000,Common Department,104963654,2021-06
712.0,2.0,152,Debit,2021-06-30,Insurance Reserve Deposits,10A230570,Insurance Reserve Deposits,,,000,Common Department,125000,0,10A100020,Ordinary Deposits,20,ABC Bank Head Office,000,Common Department,1903000,2021-06
712.0,2.0,152,Credit,2021-06-30,Insurance Reserve Deposits,10A100020,Ordinary Deposits,20,ABC Bank Head Office,000,Common Department,0,125000,10A230570,Insurance Reserve Deposits,,,000,Common Department,104838654,2021-06
713.0,1.0,153,Debit,2021-06-30,Loan repayment,10B100790,Short-term Borrowings,,,000,Common Department,653500,0,10A100020,Checking Deposits,1,ABC Bank,000,Common Department,5881500,2021-06
713.0,1.0,153,Credit,2021-06-30,Loan repayment,10A100020,Checking Deposits,1,ABC Bank,000,Common Department,0,653500,10B100790,Short-term Borrowings,,,000,Common Department,104185154,2021-06
713.0,2.0,153,Debit,2021-06-30,Interest,10E300020,Interest Expense,,,020,Tokyo Branch,32675,0,10A100020,Checking Deposits,1,ABC Bank,000,Common Department,390376,2021-06
713.0,2.0,153,Credit,2021-06-30,Interest,10A100020,Checking Deposits,1,ABC Bank,000,Common Department,0,32675,10E300020,Interest Expense,,,020,Tokyo Branch,104152479,2021-06
667.0,1.0,36,Debit,2021-06-30,Freight Anonymized Carrier A,10E200870,Freight Expenses,,,020,Tokyo Branch,1637000,0,10B100630,Accounts Payable Other,,,000,Common Department,8991101,2021-06
667.0,1.0,36,Credit,2021-06-30,Freight Anonymized Carrier A,10B100630,Accounts Payable Other,,,000,Common Department,0,1637000,10E200870,Freight Expenses,,,020,Tokyo Branch,12616644,2021-06
667.0,2.0,36,Debit,2021-06-30,Freight Anonymized Carrier B,10E200870,Freight Expenses,,,020,Tokyo Branch,805743,0,10B100630,Accounts Payable Other,,,000,Common Department,9796844,2021-06
667.0,2.0,36,Credit,2021-06-30,Freight Anonymized Carrier B,10B100630,Accounts Payable Other,,,000,Common Department,0,805743,10E200870,Freight Expenses,,,020,Tokyo Branch,13422387,2021-06
668.0,1.0,40,Debit,2021-06-30,Advertising placement,10E200050,Advertising Expenses,,,020,Tokyo Branch,50000,0,10B100630,Accounts Payable Other,,,000,Common Department,507700,2021-06
668.0,1.0,40,Credit,2021-06-30,Advertising placement,10B100630,Accounts Payable Other,,,000,Common Department,0,50000,10E200050,Advertising Expenses,,,020,Tokyo Branch,13472387,2021-06
669.0,1.0,49,Debit,2021-06-30,Gasoline,10E201120,Vehicle Expenses,,,020,Tokyo Branch,120000,0,10A100020,Ordinary Deposits,20,ABC Bank Head Office,000,Common Department,1587968,2021-06
669.0,1.0,49,Credit,2021-06-30,Gasoline,10A100020,Ordinary Deposits,20,ABC Bank Head Office,000,Common Department,0,120000,10E201120,Vehicle Expenses,,,020,Tokyo Branch,104032479,2021-06
670.0,1.0,63,Debit,2021-06-30,Insurance Expenses,10E200240,Insurance Expenses,,,020,Tokyo Branch,81000,0,10A100020,Ordinary Deposits,20,ABC Bank Head Office,000,Common Department,837460,2021-06
670.0,1.0,63,Credit,2021-06-30,Insurance Expenses,10A100020,Ordinary Deposits,20,ABC Bank Head Office,000,Common Department,0,81000,10E200240,Insurance Expenses,,,020,Tokyo Branch,103951479,2021-06
671.0,1.0,67,Debit,2021-06-30,Membership fee Payment,10E201140,Membership Fees,,,020,Tokyo Branch,30000,0,10A100020,Cash,,,000,Common Department,348000,2021-06
671.0,1.0,67,Credit,2021-06-30,Membership fee Payment,10A100020,Cash,,,000,Common Department,0,30000,10E201140,Membership Fees,,,020,Tokyo Branch,103921479,2021-06
672.0,1.0,70,Debit,2021-06-30,Wired service fee,10E201270,Miscellaneous Expenses,,,020,Tokyo Branch,6000,0,10B100630,Accounts Payable Other,,,000,Common Department,1293800,2021-06
672.0,1.0,70,Credit,2021-06-30,Wired service fee,10B100630,Accounts Payable Other,,,000,Common Department,0,6000,10E201270,Miscellaneous Expenses,,,020,Tokyo Branch,13478387,2021-06
672.0,2.0,70,Debit,2021-06-30,Security fee,10E201270,Miscellaneous Expenses,,,020,Tokyo Branch,52381,0,10B100630,Accounts Payable Other,,,000,Common Department,1346181,2021-06
672.0,2.0,70,Credit,2021-06-30,Security fee,10B100630,Accounts Payable Other,,,000,Common Department,0,52381,10E201270,Miscellaneous Expenses,,,020,Tokyo Branch,13530768,2021-06
672.0,3.0,70,Debit,2021-06-30,Expressway toll,10E201120,Vehicle Expenses,,,020,Tokyo Branch,63350,0,10A100020,Ordinary Deposits,20,ABC Bank Head Office,000,Common Department,1651318,2021-06
672.0,3.0,70,Credit,2021-06-30,Expressway toll,10A100020,Ordinary Deposits,20,ABC Bank Head Office,000,Common Department,0,63350,10E201120,Vehicle Expenses,,,020,Tokyo Branch,103858129,2021-06
672.0,4.0,70,Debit,2021-06-30,Cleaning fee,10E201270,Miscellaneous Expenses,,,020,Tokyo Branch,73500,0,10B100630,Accounts Payable Other,,,000,Common Department,1419681,2021-06
672.0,4.0,70,Credit,2021-06-30,Cleaning fee,10B100630,Accounts Payable Other,,,000,Common Department,0,73500,10E201270,Miscellaneous Expenses,,,020,Tokyo Branch,13604268,2021-06
673.0,1.0,77,Debit,2021-06-30,Freight Expenses,10E200870,Freight Expenses,,,030,Nagoya Branch,149265,0,10B100630,Accounts Payable Other,,,000,Common Department,9946109,2021-06
673.0,1.0,77,Credit,2021-06-30,Freight Expenses,10B100630,Accounts Payable Other,,,000,Common Department,0,149265,10E200870,Freight Expenses,,,030,Nagoya Branch,13753533,2021-06
674.0,1.0,79,Debit,2021-06-30,Insurance Expenses,10E200240,Insurance Expenses,,,030,Nagoya Branch,62000,0,10A100020,Ordinary Deposits,30,GHI Bank Nagoya Branch,000,Common Department,899460,2021-06
674.0,1.0,79,Credit,2021-06-30,Insurance Expenses,10A100020,Ordinary Deposits,30,GHI Bank Nagoya Branch,000,Common Department,0,62000,10E200240,Insurance Expenses,,,030,Nagoya Branch,103796129,2021-06
675.0,1.0,80,Debit,2021-06-30,Insurance Premium Payment,10E200240,Insurance Expenses,,,050,Kyushu Sales Office,57000,0,10A100020,Ordinary Deposits,50,MNO Bank Kitakyushu Branch,000,Common Department,956460,2021-06
675.0,1.0,80,Credit,2021-06-30,Insurance Premium Payment,10A100020,Ordinary Deposits,50,MNO Bank Kitakyushu Branch,000,Common Department,0,57000,10E200240,Insurance Expenses,,,050,Kyushu Sales Office,103739129,2021-06
676.0,1.0,82,Debit,2021-06-30,Supplies expense department allocation,10E200200,Supplies Expenses,,,010,Sapporo Sales Office,28442,0,10E200200,Supplies Expenses,,,000,Common Department,909283,2021-06
676.0,1.0,82,Credit,2021-06-30,Supplies expense department allocation,10E200200,Supplies Expenses,,,000,Common Department,0,28442,10E200200,Supplies Expenses,,,010,Sapporo Sales Office,880841,2021-06
676.0,2.0,82,Debit,2021-06-30,Supplies expense department allocation,10E200200,Supplies Expenses,,,020,Tokyo Branch,124116,0,10E200200,Supplies Expenses,,,000,Common Department,1004957,2021-06
676.0,2.0,82,Credit,2021-06-30,Supplies expense department allocation,10E200200,Supplies Expenses,,,000,Common Department,0,124116,10E200200,Supplies Expenses,,,020,Tokyo Branch,880841,2021-06
676.0,3.0,82,Debit,2021-06-30,Supplies expense department allocation,10E200200,Supplies Expenses,,,030,Nagoya Branch,25857,0,10E200200,Supplies Expenses,,,000,Common Department,906698,2021-06
676.0,3.0,82,Credit,2021-06-30,Supplies expense department allocation,10E200200,Supplies Expenses,,,000,Common Department,0,25857,10E200200,Supplies Expenses,,,030,Nagoya Branch,880841,2021-06
676.0,4.0,82,Debit,2021-06-30,Supplies expense department allocation,10E200200,Supplies Expenses,,,040,Osaka Branch,62057,0,10E200200,Supplies Expenses,,,000,Common Department,942898,2021-06
676.0,4.0,82,Credit,2021-06-30,Supplies expense department allocation,10E200200,Supplies Expenses,,,000,Common Department,0,62057,10E200200,Supplies Expenses,,,040,Osaka Branch,880841,2021-06
676.0,5.0,82,Debit,2021-06-30,Supplies expense department allocation,10E200200,Supplies Expenses,,,050,Kyushu Sales Office,18100,0,10E200200,Supplies Expenses,,,000,Common Department,898941,2021-06
676.0,5.0,82,Credit,2021-06-30,Supplies expense department allocation,10E200200,Supplies Expenses,,,000,Common Department,0,18100,10E200200,Supplies Expenses,,,050,Kyushu Sales Office,880841,2021-06
677.0,1.0,84,Debit,2021-06-30,Gasoline,10E201120,Vehicle Expenses,,,050,Kyushu Sales Office,3411,0,10A100020,Cash,,,000,Common Department,1654729,2021-06
677.0,1.0,84,Credit,2021-06-30,Gasoline,10A100020,Cash,,,000,Common Department,0,3411,10E201120,Vehicle Expenses,,,050,Kyushu Sales Office,103735718,2021-06
678.0,1.0,92,Debit,2021-06-30,Month 6 Bonus Other 0020 Sales Department,10B100320,Provision for Bonuses,,,020,Tokyo Branch,1246323,0,10A100020,Ordinary Deposits,20,ABC Bank Head Office,000,Common Department,2122010,2021-06
678.0,1.0,92,Credit,2021-06-30,Month 6 Bonus Other 0020 Sales Department,10A100020,Ordinary Deposits,20,ABC Bank Head Office,000,Common Department,0,1246323,10B100320,Provision for Bonuses,,,020,Tokyo Branch,102489395,2021-06
678.0,2.0,92,Debit,2021-06-30,Month 6 Bonus Other 0020 Sales Department,10B100320,Provision for Bonuses,,,020,Tokyo Branch,185182,0,10B100690,Deposits Received,1,Insurance Expenses,000,Common Department,1936828,2021-06
678.0,2.0,92,Credit,2021-06-30,Month 6 Bonus Other 0020 Sales Department,10B100690,Deposits Received,1,Insurance Expenses,000,Common Department,0,185182,10B100320,Provision for Bonuses,,,020,Tokyo Branch,3873895,2021-06
678.0,3.0,92,Debit,2021-06-30,Month 6 Bonus Other 0020 Sales Department,10B100320,Provision for Bonuses,,,020,Tokyo Branch,129075,0,10B100690,Deposits Received,3,Withholding Tax,000,Common Department,1807753,2021-06
678.0,3.0,92,Credit,2021-06-30,Month 6 Bonus Other 0020 Sales Department,10B100690,Deposits Received,3,Withholding Tax,000,Common Department,0,129075,10B100320,Provision for Bonuses,,,020,Tokyo Branch,4002970,2021-06
678.0,4.0,92,Debit,2021-06-30,Month 6 Bonus Other 0020 Sales Department,10B100320,Provision for Bonuses,,,020,Tokyo Branch,9420,0,10B100690,Deposits Received,9,Other,000,Common Department,1798333,2021-06
678.0,4.0,92,Credit,2021-06-30,Month 6 Bonus Other 0020 Sales Department,10B100690,Deposits Received,9,Other,000,Common Department,0,9420,10B100320,Provision for Bonuses,,,020,Tokyo Branch,4012390,2021-06
678.0,5.0,92,Debit,2021-06-30,Month 6 Bonus Other 1000 Sapporo Sales Office,10B100320,Provision for Bonuses,,,010,Sapporo Sales Office,526495,0,10A100020,Ordinary Deposits,20,ABC Bank Head Office,000,Common Department,1271838,2021-06
678.0,5.0,92,Credit,2021-06-30,Month 6 Bonus Other 1000 Sapporo Sales Office,10A100020,Ordinary Deposits,20,ABC Bank Head Office,000,Common Department,0,526495,10B100320,Provision for Bonuses,,,010,Sapporo Sales Office,101962900,2021-06
678.0,6.0,92,Debit,2021-06-30,Month 6 Bonus Other 1000 Sapporo Sales Office,10B100320,Provision for Bonuses,,,010,Sapporo Sales Office,77070,0,10B100690,Deposits Received,1,Insurance Expenses,000,Common Department,1194768,2021-06
678.0,6.0,92,Credit,2021-06-30,Month 6 Bonus Other 1000 Sapporo Sales Office,10B100690,Deposits Received,1,Insurance Expenses,000,Common Department,0,77070,10B100320,Provision for Bonuses,,,010,Sapporo Sales Office,4089460,2021-06
678.0,7.0,92,Debit,2021-06-30,Month 6 Bonus Other 1000 Sapporo Sales Office,10B100320,Provision for Bonuses,,,010,Sapporo Sales Office,52475,0,10B100690,Deposits Received,3,Withholding Tax,000,Common Department,1142293,2021-06
678.0,7.0,92,Credit,2021-06-30,Month 6 Bonus Other 1000 Sapporo Sales Office,10B100690,Deposits Received,3,Withholding Tax,000,Common Department,0,52475,10B100320,Provision for Bonuses,,,010,Sapporo Sales Office,4141935,2021-06
678.0,8.0,92,Debit,2021-06-30,Month 6 Bonus Other 1000 Sapporo Sales Office,10B100320,Provision for Bonuses,,,010,Sapporo Sales Office,3960,0,10B100690,Deposits Received,9,Other,000,Common Department,1138333,2021-06
678.0,8.0,92,Credit,2021-06-30,Month 6 Bonus Other 1000 Sapporo Sales Office,10B100690,Deposits Received,9,Other,000,Common Department,0,3960,10B100320,Provision for Bonuses,,,010,Sapporo Sales Office,4145895,2021-06
678.0,9.0,92,Debit,2021-06-30,Month 6 Bonus Other 3000 Nagoya Sales Office,10B100320,Provision for Bonuses,,,030,Nagoya Branch,492891,0,10A100020,Ordinary Deposits,20,ABC Bank Head Office,000,Common Department,645442,2021-06
678.0,9.0,92,Credit,2021-06-30,Month 6 Bonus Other 3000 Nagoya Sales Office,10A100020,Ordinary Deposits,20,ABC Bank Head Office,000,Common Department,0,492891,10B100320,Provision for Bonuses,,,030,Nagoya Branch,101470009,2021-06
678.0,10.0,92,Debit,2021-06-30,Month 6 Bonus Other 3000 Nagoya Sales Office,10B100320,Provision for Bonuses,,,030,Nagoya Branch,72997,0,10B100690,Deposits Received,1,Insurance Expenses,000,Common Department,572445,2021-06
678.0,10.0,92,Credit,2021-06-30,Month 6 Bonus Other 3000 Nagoya Sales Office,10B100690,Deposits Received,1,Insurance Expenses,000,Common Department,0,72997,10B100320,Provision for Bonuses,,,030,Nagoya Branch,4218892,2021-06
678.0,11.0,92,Debit,2021-06-30,Month 6 Bonus Other 3000 Nagoya Sales Office,10B100320,Provision for Bonuses,,,030,Nagoya Branch,46416,0,10B100690,Deposits Received,3,Withholding Tax,000,Common Department,526029,2021-06
678.0,11.0,92,Credit,2021-06-30,Month 6 Bonus Other 3000 Nagoya Sales Office,10B100690,Deposits Received,3,Withholding Tax,000,Common Department,0,46416,10B100320,Provision for Bonuses,,,030,Nagoya Branch,4265308,2021-06
678.0,12.0,92,Debit,2021-06-30,Month 6 Bonus Other 3000 Nagoya Sales Office,10B100320,Provision for Bonuses,,,030,Nagoya Branch,3696,0,10B100690,Deposits Received,9,Other,000,Common Department,522333,2021-06
678.0,12.0,92,Credit,2021-06-30,Month 6 Bonus Other 3000 Nagoya Sales Office,10B100690,Deposits Received,9,Other,000,Common Department,0,3696,10B100320,Provision for Bonuses,,,030,Nagoya Branch,4269004,2021-06
678.0,13.0,92,Debit,2021-06-30,Month 6 Bonus Other 4000 Osaka Branch,10B100320,Provision for Bonuses,,,040,Osaka Branch,570872,0,10A100020,Ordinary Deposits,20,ABC Bank Head Office,000,Common Department,-48539,2021-06
678.0,13.0,92,Credit,2021-06-30,Month 6 Bonus Other 4000 Osaka Branch,10A100020,Ordinary Deposits,20,ABC Bank Head Office,000,Common Department,0,570872,10B100320,Provision for Bonuses,,,040,Osaka Branch,100899137,2021-06
678.0,14.0,92,Debit,2021-06-30,Month 6 Bonus Other 4000 Osaka Branch,10B100320,Provision for Bonuses,,,040,Osaka Branch,84304,0,10B100690,Deposits Received,1,Insurance Expenses,000,Common Department,-132843,2021-06
678.0,14.0,92,Credit,2021-06-30,Month 6 Bonus Other 4000 Osaka Branch,10B100690,Deposits Received,1,Insurance Expenses,000,Common Department,0,84304,10B100320,Provision for Bonuses,,,040,Osaka Branch,4353308,2021-06
678.0,15.0,92,Debit,2021-06-30,Month 6 Bonus Other 4000 Osaka Branch,10B100320,Provision for Bonuses,,,040,Osaka Branch,62492,0,10B100690,Deposits Received,3,Withholding Tax,000,Common Department,-195335,2021-06
678.0,15.0,92,Credit,2021-06-30,Month 6 Bonus Other 4000 Osaka Branch,10B100690,Deposits Received,3,Withholding Tax,000,Common Department,0,62492,10B100320,Provision for Bonuses,,,040,Osaka Branch,4415800,2021-06
678.0,16.0,92,Debit,2021-06-30,Month 6 Bonus Other 4000 Osaka Branch,10B100320,Provision for Bonuses,,,040,Osaka Branch,4332,0,10B100690,Deposits Received,9,Other,000,Common Department,-199667,2021-06
678.0,16.0,92,Credit,2021-06-30,Month 6 Bonus Other 4000 Osaka Branch,10B100690,Deposits Received,9,Other,000,Common Department,0,4332,10B100320,Provision for Bonuses,,,040,Osaka Branch,4420132,2021-06
678.0,17.0,92,Debit,2021-06-30,Month 6 Bonus Other 5000 Kyushu Sales Office,10B100320,Provision for Bonuses,,,050,Kyushu Sales Office,376270,0,10A100020,Ordinary Deposits,20,ABC Bank Head Office,000,Common Department,-575937,2021-06
678.0,17.0,92,Credit,2021-06-30,Month 6 Bonus Other 5000 Kyushu Sales Office,10A100020,Ordinary Deposits,20,ABC Bank Head Office,000,Common Department,0,376270,10B100320,Provision for Bonuses,,,050,Kyushu Sales Office,100522867,2021-06
678.0,18.0,92,Debit,2021-06-30,Month 6 Bonus Other 5000 Kyushu Sales Office,10B100320,Provision for Bonuses,,,050,Kyushu Sales Office,54135,0,10B100690,Deposits Received,1,Insurance Expenses,000,Common Department,-630072,2021-06
678.0,18.0,92,Credit,2021-06-30,Month 6 Bonus Other 5000 Kyushu Sales Office,10B100690,Deposits Received,1,Insurance Expenses,000,Common Department,0,54135,10B100320,Provision for Bonuses,,,050,Kyushu Sales Office,4474267,2021-06
678.0,19.0,92,Debit,2021-06-30,Month 6 Bonus Other 5000 Kyushu Sales Office,10B100320,Provision for Bonuses,,,050,Kyushu Sales Office,40751,0,10B100690,Deposits Received,3,Withholding Tax,000,Common Department,-670823,2021-06
678.0,19.0,92,Credit,2021-06-30,Month 6 Bonus Other 5000 Kyushu Sales Office,10B100690,Deposits Received,3,Withholding Tax,000,Common Department,0,40751,10B100320,Provision for Bonuses,,,050,Kyushu Sales Office,4515018,2021-06
678.0,20.0,92,Debit,2021-06-30,Month 6 Bonus Other 5000 Kyushu Sales Office,10B100320,Provision for Bonuses,,,050,Kyushu Sales Office,2844,0,10B100690,Deposits Received,9,Other,000,Common Department,-673667,2021-06
678.0,20.0,92,Credit,2021-06-30,Month 6 Bonus Other 5000 Kyushu Sales Office,10B100690,Deposits Received,9,Other,000,Common Department,0,2844,10B100320,Provision for Bonuses,,,050,Kyushu Sales Office,4517862,2021-06
679.0,1.0,93,Debit,2021-06-30,month 5 payment,10B100630,Accounts Payable Other,,,000,Common Department,7116470,0,10A100020,Ordinary Deposits,20,ABC Bank Head Office,000,Common Department,6637063,2021-06
679.0,1.0,93,Credit,2021-06-30,month 5 payment,10A100020,Ordinary Deposits,20,ABC Bank Head Office,000,Common Department,0,7116470,10B100630,Accounts Payable Other,,,000,Common Department,93406397,2021-06
680.0,1.0,96,Debit,2021-06-30,Security fee,10E201270,Miscellaneous Expenses,,,030,Nagoya Branch,22470,0,10A100020,Ordinary Deposits,30,GHI Bank Nagoya Branch,000,Common Department,1442151,2021-06
680.0,1.0,96,Credit,2021-06-30,Security fee,10A100020,Ordinary Deposits,30,GHI Bank Nagoya Branch,000,Common Department,0,22470,10E201270,Miscellaneous Expenses,,,030,Nagoya Branch,93383927,2021-06
681.0,1.0,99,Debit,2021-06-30,Freight Expenses,10E200870,Freight Expenses,,,040,Osaka Branch,612430,0,10B100630,Accounts Payable Other,,,000,Common Department,10558539,2021-06
681.0,1.0,99,Credit,2021-06-30,Freight Expenses,10B100630,Accounts Payable Other,,,000,Common Department,0,612430,10E200870,Freight Expenses,,,040,Osaka Branch,7249493,2021-06
714.0,1.0,990003,Debit,2021-06-30,Sample definition: Semiannual bonus accrual allocated evenly 202106 Department010,10E200130,Bonuses,,,010,Sapporo Sales Office,110000,0,10B100320,Provision for Bonuses,,,010,Sapporo Sales Office,1457333,2021-06
714.0,1.0,990003,Credit,2021-06-30,Sample definition: Semiannual bonus accrual allocated evenly 202106 Department010,10B100320,Provision for Bonuses,,,010,Sapporo Sales Office,0,110000,10E200130,Bonuses,,,010,Sapporo Sales Office,-563667,2021-06
714.0,2.0,990003,Debit,2021-06-30,Sample definition: Semiannual bonus accrual allocated evenly 202106 Department020,10E200130,Bonuses,,,020,Tokyo Branch,261667,0,10B100320,Provision for Bonuses,,,020,Tokyo Branch,1719000,2021-06
714.0,2.0,990003,Credit,2021-06-30,Sample definition: Semiannual bonus accrual allocated evenly 202106 Department020,10B100320,Provision for Bonuses,,,020,Tokyo Branch,0,261667,10E200130,Bonuses,,,020,Tokyo Branch,-302000,2021-06
714.0,3.0,990003,Debit,2021-06-30,Sample definition: Semiannual bonus accrual allocated evenly 202106 Department030,10E200130,Bonuses,,,030,Nagoya Branch,102667,0,10B100320,Provision for Bonuses,,,030,Nagoya Branch,1821667,2021-06
714.0,3.0,990003,Credit,2021-06-30,Sample definition: Semiannual bonus accrual allocated evenly 202106 Department030,10B100320,Provision for Bonuses,,,030,Nagoya Branch,0,102667,10E200130,Bonuses,,,030,Nagoya Branch,-199333,2021-06
714.0,4.0,990003,Debit,2021-06-30,Sample definition: Semiannual bonus accrual allocated evenly 202106 Department040,10E200130,Bonuses,,,040,Osaka Branch,120333,0,10B100320,Provision for Bonuses,,,040,Osaka Branch,1942000,2021-06
714.0,4.0,990003,Credit,2021-06-30,Sample definition: Semiannual bonus accrual allocated evenly 202106 Department040,10B100320,Provision for Bonuses,,,040,Osaka Branch,0,120333,10E200130,Bonuses,,,040,Osaka Branch,-79000,2021-06
714.0,5.0,990003,Debit,2021-06-30,Sample definition: Semiannual bonus accrual allocated evenly 202106 Department050,10E200130,Bonuses,,,050,Kyushu Sales Office,79000,0,10B100320,Provision for Bonuses,,,050,Kyushu Sales Office,2021000,2021-06
714.0,5.0,990003,Credit,2021-06-30,Sample definition: Semiannual bonus accrual allocated evenly 202106 Department050,10B100320,Provision for Bonuses,,,050,Kyushu Sales Office,0,79000,10E200130,Bonuses,,,050,Kyushu Sales Office,0,2021-06
