Transaction_ID,Line_ID,Entry_ID,Ledger_Side,Transaction_Date,Description,Ledger_Account_Number,Ledger_Account_Name,Subaccount_Code,Subaccount_Name,Department_Code,Department_Name,Debit_Amount,Credit_Amount,Counterpart_Account_Number,Counterpart_Account_Name,Counterpart_Subaccount_Code,Counterpart_Subaccount_Name,Counterpart_Department_Code,Counterpart_Department_Name,Balance,Month
,,,Opening,2022-02-01,* Beginning balance,10A100020,Ordinary Deposits,,,,,0,0,,,,,,,93363283,2022-02
,,,Opening,2022-02-01,* Beginning balance,10A100040,Allowance for Doubtful Accounts,,,,,0,0,,,,,,,1758018,2022-02
,,,Opening,2022-02-01,* Beginning balance,10A100060,Notes Receivable,,,,,0,0,,,,,,,99283776,2022-02
,,,Opening,2022-02-01,* Beginning balance,10A100090,Accounts Receivable,,,,,0,0,,,,,,,91476616,2022-02
,,,Opening,2022-02-01,* Beginning balance,10A100200,Electronically Recorded Monetary Claims,,,,,0,0,,,,,,,40000,2022-02
,,,Opening,2022-02-01,* Beginning balance,10A100230,Securities,,,,,0,0,,,,,,,1271350,2022-02
,,,Opening,2022-02-01,* Beginning balance,10A100280,Merchandise,,,,,0,0,,,,,,,63013226,2022-02
,,,Opening,2022-02-01,* Beginning balance,10A100610,Short-term Loans Receivable,,,,,0,0,,,,,,,580000,2022-02
,,,Opening,2022-02-01,* Beginning balance,10A100800,Guarantee Deposits,,,,,0,0,,,,,,,1200000,2022-02
,,,Opening,2022-02-01,* Beginning balance,10A100850,Temporary Consumption Tax Paid,,,,,0,0,,,,,,,2762581,2022-02
,,,Opening,2022-02-01,* Beginning balance,10A210130,Structures,,,,,0,0,,,,,,,3280000,2022-02
,,,Opening,2022-02-01,* Beginning balance,10A210410,"Tools, Furniture and Fixtures",,,,,0,0,,,,,,,4779810,2022-02
,,,Opening,2022-02-01,* Beginning balance,10A220190,Telephone Subscription Rights,,,,,0,0,,,,,,,512000,2022-02
,,,Opening,2022-02-01,* Beginning balance,10A230570,Insurance Reserve Deposits,,,,,0,0,,,,,,,2778000,2022-02
,,,Opening,2022-02-01,* Beginning balance,10A230650,Security Deposits,,,,,0,0,,,,,,,3140000,2022-02
,,,Opening,2022-02-01,* Beginning balance,10B100030,Notes Payable,,,,,0,0,,,,,,,49589092,2022-02
,,,Opening,2022-02-01,* Beginning balance,10B100040,Accounts Payable,,,,,0,0,,,,,,,74643693,2022-02
,,,Opening,2022-02-01,* Beginning balance,10B100320,Provision for Bonuses,,,,,0,0,,,,,,,673667,2022-02
,,,Opening,2022-02-01,* Beginning balance,10B100630,Accounts Payable Other,,,,,0,0,,,,,,,10119977,2022-02
,,,Opening,2022-02-01,* Beginning balance,10B100640,Accrued Corporate Taxes,,,,,0,0,,,,,,,0,2022-02
,,,Opening,2022-02-01,* Beginning balance,10B100660,Accrued Consumption Taxes,,,,,0,0,,,,,,,0,2022-02
,,,Opening,2022-02-01,* Beginning balance,10B100670,Accrued Enterprise Taxes,,,,,0,0,,,,,,,0,2022-02
,,,Opening,2022-02-01,* Beginning balance,10B100690,Deposits Received,,,,,0,0,,,,,,,5799622,2022-02
,,,Opening,2022-02-01,* Beginning balance,10B100790,Short-term Borrowings,,,,,0,0,,,,,,,1307000,2022-02
,,,Opening,2022-02-01,* Beginning balance,10B100890,Temporary Consumption Tax Received,,,,,0,0,,,,,,,6540636,2022-02
,,,Opening,2022-02-01,* Beginning balance,10B200080,Long-term Borrowings,,,,,0,0,,,,,,,37343150,2022-02
,,,Opening,2022-02-01,* Beginning balance,10B200120,Provision for Retirement Benefits,,,,,0,0,,,,,,,18560000,2022-02
,,,Opening,2022-02-01,* Beginning balance,10B200130,Provision for Directors' Retirement Benefits,,,,,0,0,,,,,,,22000000,2022-02
,,,Opening,2022-02-01,* Beginning balance,10C110010,Capital Stock,,,,,0,0,,,,,,,10000000,2022-02
,,,Opening,2022-02-01,* Beginning balance,10C120020,Capital Reserve,,,,,0,0,,,,,,,0,2022-02
,,,Opening,2022-02-01,* Beginning balance,10C130020,Legal Retained Earnings,,,,,0,0,,,,,,,7200000,2022-02
,,,Opening,2022-02-01,* Beginning balance,10C130360,General Reserve,,,,,0,0,,,,,,,4830000,2022-02
,,,Opening,2022-02-01,* Beginning balance,10C130370,Retained Earnings Brought Forward,,,,,0,0,,,,,,,82709171,2022-02
,,,Opening,2022-02-01,* Beginning balance,10D100100,Gross Sales,,,,,0,0,,,,,,,720393839,2022-02
,,,Opening,2022-02-01,* Beginning balance,10D100110,Sales Discounts and Returns,,,,,0,0,,,,,,,1267444,2022-02
,,,Opening,2022-02-01,* Beginning balance,10E100100,Beginning Merchandise Inventory,,,,,0,0,,,,,,,0,2022-02
,,,Opening,2022-02-01,* Beginning balance,10E100120,Purchase Discounts and Returns,,,,,0,0,,,,,,,733583,2022-02
,,,Opening,2022-02-01,* Beginning balance,10E100130,Merchandise Purchases,,,,,0,0,,,,,,,429449650,2022-02
,,,Opening,2022-02-01,* Beginning balance,10E100140,Ending Merchandise Inventory,,,,,0,0,,,,,,,0,2022-02
,,,Opening,2022-02-01,* Beginning balance,10E200020,Sales Commissions,,,,,0,0,,,,,,,22510167,2022-02
,,,Opening,2022-02-01,* Beginning balance,10E200050,Advertising Expenses,,,,,0,0,,,,,,,1795700,2022-02
,,,Opening,2022-02-01,* Beginning balance,10E200090,Directors' Compensation,,,,,0,0,,,,,,,17200000,2022-02
,,,Opening,2022-02-01,* Beginning balance,10E200130,Bonuses,,,,,0,0,,,,,,,9734667,2022-02
,,,Opening,2022-02-01,* Beginning balance,10E200140,Employee Welfare Expenses,,,,,0,0,,,,,,,4520559,2022-02
,,,Opening,2022-02-01,* Beginning balance,10E200150,Entertainment Expenses,,,,,0,0,,,,,,,3642056,2022-02
,,,Opening,2022-02-01,* Beginning balance,10E200180,Communication Expenses,,,,,0,0,,,,,,,11044224,2022-02
,,,Opening,2022-02-01,* Beginning balance,10E200200,Supplies Expenses,,,,,0,0,,,,,,,2715743,2022-02
,,,Opening,2022-02-01,* Beginning balance,10E200210,Taxes and Dues,,,,,0,0,,,,,,,243000,2022-02
,,,Opening,2022-02-01,* Beginning balance,10E200220,Depreciation Expenses,,,,,0,0,,,,,,,0,2022-02
,,,Opening,2022-02-01,* Beginning balance,10E200240,Insurance Expenses,,,,,0,0,,,,,,,3188200,2022-02
,,,Opening,2022-02-01,* Beginning balance,10E200370,Salaries and Allowances,,,,,0,0,,,,,,,51872825,2022-02
,,,Opening,2022-02-01,* Beginning balance,10E200520,Temporary Wages,,,,,0,0,,,,,,,4103762,2022-02
,,,Opening,2022-02-01,* Beginning balance,10E200540,Statutory Welfare Expenses,,,,,0,0,,,,,,,8600466,2022-02
,,,Opening,2022-02-01,* Beginning balance,10E200600,Professional Fees,,,,,0,0,,,,,,,1397100,2022-02
,,,Opening,2022-02-01,* Beginning balance,10E200690,Service Fees,,,,,0,0,,,,,,,119951,2022-02
,,,Opening,2022-02-01,* Beginning balance,10E200720,Rent Expenses,,,,,0,0,,,,,,,34460000,2022-02
,,,Opening,2022-02-01,* Beginning balance,10E200730,Land and Building Rent,,,,,0,0,,,,,,,2938500,2022-02
,,,Opening,2022-02-01,* Beginning balance,10E200870,Freight Expenses,,,,,0,0,,,,,,,43626856,2022-02
,,,Opening,2022-02-01,* Beginning balance,10E201000,Repairs and Maintenance,,,,,0,0,,,,,,,301650,2022-02
,,,Opening,2022-02-01,* Beginning balance,10E201040,Utilities Expenses,,,,,0,0,,,,,,,5974429,2022-02
,,,Opening,2022-02-01,* Beginning balance,10E201110,Office Supplies Expenses,,,,,0,0,,,,,,,1266514,2022-02
,,,Opening,2022-02-01,* Beginning balance,10E201120,Vehicle Expenses,,,,,0,0,,,,,,,6248399,2022-02
,,,Opening,2022-02-01,* Beginning balance,10E201130,Meeting Expenses,,,,,0,0,,,,,,,280429,2022-02
,,,Opening,2022-02-01,* Beginning balance,10E201140,Membership Fees,,,,,0,0,,,,,,,1160000,2022-02
,,,Opening,2022-02-01,* Beginning balance,10E201160,Books and Publications,,,,,0,0,,,,,,,249820,2022-02
,,,Opening,2022-02-01,* Beginning balance,10E201230,Travel and Transportation Expenses,,,,,0,0,,,,,,,10855801,2022-02
,,,Opening,2022-02-01,* Beginning balance,10E201270,Miscellaneous Expenses,,,,,0,0,,,,,,,4816476,2022-02
,,,Opening,2022-02-01,* Beginning balance,10E300020,Interest Expense,,,,,0,0,,,,,,,1136418,2022-02
,,,Opening,2022-02-01,* Beginning balance,10F100070,"Corporate, Inhabitant and Enterprise Taxes",,,,,0,0,,,,,,,0,2022-02
2369.0,1.0,67,Debit,2022-02-01,tissues and others,10E201270,Miscellaneous Expenses,,,040,Osaka Branch,1029,0,10A100020,Cash,,,000,Common Department,4817505,2022-02
2369.0,1.0,67,Credit,2022-02-01,tissues and others,10A100020,Cash,,,000,Common Department,0,1029,10E201270,Miscellaneous Expenses,,,040,Osaka Branch,93362254,2022-02
2372.0,1.0,102,Debit,2022-02-02,golf prize expense Anonymized Store 089,10E200150,Entertainment Expenses,,,040,Osaka Branch,5250,0,10A100020,Cash,,,000,Common Department,3647306,2022-02
2372.0,1.0,102,Credit,2022-02-02,golf prize expense Anonymized Store 089,10A100020,Cash,,,000,Common Department,0,5250,10E200150,Entertainment Expenses,,,040,Osaka Branch,93357004,2022-02
2373.0,1.0,150,Debit,2022-02-02,Meal expense Anonymized Store 084 4 people,10E200150,Entertainment Expenses,,,050,Kyushu Sales Office,14172,0,10A100020,Cash,,,000,Common Department,3661478,2022-02
2373.0,1.0,150,Credit,2022-02-02,Meal expense Anonymized Store 084 4 people,10A100020,Cash,,,000,Common Department,0,14172,10E200150,Entertainment Expenses,,,050,Kyushu Sales Office,93342832,2022-02
2373.0,2.0,150,Debit,2022-02-02,Meal expense Anonymized Store 034 4 people,10E200150,Entertainment Expenses,,,050,Kyushu Sales Office,15467,0,10A100020,Cash,,,000,Common Department,3676945,2022-02
2373.0,2.0,150,Credit,2022-02-02,Meal expense Anonymized Store 034 4 people,10A100020,Cash,,,000,Common Department,0,15467,10E200150,Entertainment Expenses,,,050,Kyushu Sales Office,93327365,2022-02
2370.0,1.0,18,Debit,2022-02-02,Travel expense,10E201230,Travel and Transportation Expenses,,,010,Sapporo Sales Office,14500,0,10A100020,Cash,,,000,Common Department,10870301,2022-02
2370.0,1.0,18,Credit,2022-02-02,Travel expense,10A100020,Cash,,,000,Common Department,0,14500,10E201230,Travel and Transportation Expenses,,,010,Sapporo Sales Office,93312865,2022-02
2371.0,1.0,94,Debit,2022-02-02,Kitchen supplies and others,10E201270,Miscellaneous Expenses,,,030,Nagoya Branch,1012,0,10A100020,Cash,,,000,Common Department,4818517,2022-02
2371.0,1.0,94,Credit,2022-02-02,Kitchen supplies and others,10A100020,Cash,,,000,Common Department,0,1012,10E201270,Miscellaneous Expenses,,,030,Nagoya Branch,93311853,2022-02
2375.0,1.0,134,Debit,2022-02-03,Paper,10E201110,Office Supplies Expenses,,,050,Kyushu Sales Office,10500,0,10B100630,Accounts Payable Other,,,000,Common Department,1277014,2022-02
2375.0,1.0,134,Credit,2022-02-03,Paper,10B100630,Accounts Payable Other,,,000,Common Department,0,10500,10E201110,Office Supplies Expenses,,,050,Kyushu Sales Office,10130477,2022-02
2374.0,1.0,41,Debit,2022-02-03,Condolence gift,10E200150,Entertainment Expenses,,,020,Tokyo Branch,10000,0,10A100020,Cash,,,000,Common Department,3686945,2022-02
2374.0,1.0,41,Credit,2022-02-03,Condolence gift,10A100020,Cash,,,000,Common Department,0,10000,10E200150,Entertainment Expenses,,,020,Tokyo Branch,93301853,2022-02
2377.0,1.0,147,Debit,2022-02-04,Gasoline,10E201120,Vehicle Expenses,,,050,Kyushu Sales Office,6693,0,10B100630,Accounts Payable Other,,,000,Common Department,6255092,2022-02
2377.0,1.0,147,Credit,2022-02-04,Gasoline,10B100630,Accounts Payable Other,,,000,Common Department,0,6693,10E201120,Vehicle Expenses,,,050,Kyushu Sales Office,10137170,2022-02
2376.0,1.0,19,Debit,2022-02-04,Travel expense,10E201230,Travel and Transportation Expenses,,,010,Sapporo Sales Office,8500,0,10A100020,Cash,,,000,Common Department,10878801,2022-02
2376.0,1.0,19,Credit,2022-02-04,Travel expense,10A100020,Cash,,,000,Common Department,0,8500,10E201230,Travel and Transportation Expenses,,,010,Sapporo Sales Office,93293353,2022-02
2383.0,1.0,133,Debit,2022-02-05,Tax accountant fee,10E200600,Professional Fees,,,020,Tokyo Branch,139710,0,10A100020,Ordinary Deposits,20,ABC Bank Head Office,000,Common Department,1536810,2022-02
2383.0,1.0,133,Credit,2022-02-05,Tax accountant fee,10A100020,Ordinary Deposits,20,ABC Bank Head Office,000,Common Department,0,139710,10E200600,Professional Fees,,,020,Tokyo Branch,93153643,2022-02
2384.0,1.0,142,Debit,2022-02-05,Expressway toll,10E201120,Vehicle Expenses,,,040,Osaka Branch,4991,0,10A100020,Cash,,,000,Common Department,6260083,2022-02
2384.0,1.0,142,Credit,2022-02-05,Expressway toll,10A100020,Cash,,,000,Common Department,0,4991,10E201120,Vehicle Expenses,,,040,Osaka Branch,93148652,2022-02
2384.0,2.0,142,Debit,2022-02-05,Expressway toll,10E201120,Vehicle Expenses,,,040,Osaka Branch,3004,0,10A100020,Cash,,,000,Common Department,6263087,2022-02
2384.0,2.0,142,Credit,2022-02-05,Expressway toll,10A100020,Cash,,,000,Common Department,0,3004,10E201120,Vehicle Expenses,,,040,Osaka Branch,93145648,2022-02
2384.0,3.0,142,Debit,2022-02-05,Expressway toll,10E201120,Vehicle Expenses,,,040,Osaka Branch,4561,0,10A100020,Cash,,,000,Common Department,6267648,2022-02
2384.0,3.0,142,Credit,2022-02-05,Expressway toll,10A100020,Cash,,,000,Common Department,0,4561,10E201120,Vehicle Expenses,,,040,Osaka Branch,93141087,2022-02
2385.0,1.0,161,Debit,2022-02-05,Travel expense,10E201230,Travel and Transportation Expenses,,,050,Kyushu Sales Office,6980,0,10A100020,Cash,,,000,Common Department,10885781,2022-02
2385.0,1.0,161,Credit,2022-02-05,Travel expense,10A100020,Cash,,,000,Common Department,0,6980,10E201230,Travel and Transportation Expenses,,,050,Kyushu Sales Office,93134107,2022-02
2378.0,1.0,20,Debit,2022-02-05,Travel expense,10E201230,Travel and Transportation Expenses,,,010,Sapporo Sales Office,42000,0,10A100020,Cash,,,000,Common Department,10927781,2022-02
2378.0,1.0,20,Credit,2022-02-05,Travel expense,10A100020,Cash,,,000,Common Department,0,42000,10E201230,Travel and Transportation Expenses,,,010,Sapporo Sales Office,93092107,2022-02
2379.0,1.0,76,Debit,2022-02-05,Employee meal,10E200140,Employee Welfare Expenses,,,020,Tokyo Branch,15608,0,10B100630,Accounts Payable Other,,,000,Common Department,4536167,2022-02
2379.0,1.0,76,Credit,2022-02-05,Employee meal,10B100630,Accounts Payable Other,,,000,Common Department,0,15608,10E200140,Employee Welfare Expenses,,,020,Tokyo Branch,10152778,2022-02
2380.0,1.0,85,Debit,2022-02-05,Voucher No. 432 dated 2/5 Anonymized Partner 070,10A100020,Ordinary Deposits,50,MNO Bank Kitakyushu Branch,000,Common Department,1508272,0,10A100090,Accounts Receivable,22,Anonymized Partner 070,000,Common Department,94600379,2022-02
2380.0,1.0,85,Credit,2022-02-05,Voucher No. 432 dated 2/5 Anonymized Partner 070,10A100090,Accounts Receivable,22,Anonymized Partner 070,000,Common Department,0,1508272,10A100020,Ordinary Deposits,50,MNO Bank Kitakyushu Branch,000,Common Department,89968344,2022-02
2380.0,2.0,85,Debit,2022-02-05,Voucher No. 432 dated 2/5 Anonymized Partner 070,10E200690,Service Fees,,,050,Kyushu Sales Office,472,0,10A100090,Accounts Receivable,22,Anonymized Partner 070,000,Common Department,120423,2022-02
2380.0,2.0,85,Credit,2022-02-05,Voucher No. 432 dated 2/5 Anonymized Partner 070,10A100090,Accounts Receivable,22,Anonymized Partner 070,000,Common Department,0,472,10E200690,Service Fees,,,050,Kyushu Sales Office,89967872,2022-02
2381.0,1.0,86,Debit,2022-02-05,Voucher No. 433 dated 2/5 Anonymized Partner 082,10A100020,Ordinary Deposits,20,ABC Bank Head Office,000,Common Department,1442003,0,10A100090,Accounts Receivable,26,Anonymized Partner 082,000,Common Department,96042382,2022-02
2381.0,1.0,86,Credit,2022-02-05,Voucher No. 433 dated 2/5 Anonymized Partner 082,10A100090,Accounts Receivable,26,Anonymized Partner 082,000,Common Department,0,1442003,10A100020,Ordinary Deposits,20,ABC Bank Head Office,000,Common Department,88525869,2022-02
2381.0,2.0,86,Debit,2022-02-05,Voucher No. 433 dated 2/5 Anonymized Partner 082,10E200690,Service Fees,,,020,Tokyo Branch,472,0,10A100090,Accounts Receivable,26,Anonymized Partner 082,000,Common Department,120895,2022-02
2381.0,2.0,86,Credit,2022-02-05,Voucher No. 433 dated 2/5 Anonymized Partner 082,10A100090,Accounts Receivable,26,Anonymized Partner 082,000,Common Department,0,472,10E200690,Service Fees,,,020,Tokyo Branch,88525397,2022-02
2382.0,1.0,87,Debit,2022-02-05,Voucher No. 434 dated 2/5 Anonymized Partner 025,10A100020,Ordinary Deposits,30,GHI Bank Nagoya Branch,000,Common Department,1918584,0,10A100090,Accounts Receivable,27,Anonymized Partner 025,000,Common Department,97960966,2022-02
2382.0,1.0,87,Credit,2022-02-05,Voucher No. 434 dated 2/5 Anonymized Partner 025,10A100090,Accounts Receivable,27,Anonymized Partner 025,000,Common Department,0,1918584,10A100020,Ordinary Deposits,30,GHI Bank Nagoya Branch,000,Common Department,86606813,2022-02
2387.0,1.0,106,Debit,2022-02-06,golf play expense,10E200150,Entertainment Expenses,,,040,Osaka Branch,18600,0,10A100020,Cash,,,000,Common Department,3705545,2022-02
2387.0,1.0,106,Credit,2022-02-06,golf play expense,10A100020,Cash,,,000,Common Department,0,18600,10E200150,Entertainment Expenses,,,040,Osaka Branch,97942366,2022-02
2388.0,1.0,110,Debit,2022-02-06,taxi expense,10E201230,Travel and Transportation Expenses,,,040,Osaka Branch,2290,0,10A100020,Cash,,,000,Common Department,10930071,2022-02
2388.0,1.0,110,Credit,2022-02-06,taxi expense,10A100020,Cash,,,000,Common Department,0,2290,10E201230,Travel and Transportation Expenses,,,040,Osaka Branch,97940076,2022-02
2389.0,1.0,149,Debit,2022-02-06,Cof fee expense 2 people,10E200150,Entertainment Expenses,,,030,Nagoya Branch,1260,0,10A100020,Cash,,,000,Common Department,3706805,2022-02
2389.0,1.0,149,Credit,2022-02-06,Cof fee expense 2 people,10A100020,Cash,,,000,Common Department,0,1260,10E200150,Entertainment Expenses,,,030,Nagoya Branch,97938816,2022-02
2386.0,1.0,21,Debit,2022-02-06,Anonymized Railway Company A expense,10E201230,Travel and Transportation Expenses,,,010,Sapporo Sales Office,59600,0,10A100020,Cash,,,000,Common Department,10989671,2022-02
2386.0,1.0,21,Credit,2022-02-06,Anonymized Railway Company A expense,10A100020,Cash,,,000,Common Department,0,59600,10E201230,Travel and Transportation Expenses,,,010,Sapporo Sales Office,97879216,2022-02
2392.0,1.0,143,Debit,2022-02-07,Vehicle management fee,10E201120,Vehicle Expenses,,,040,Osaka Branch,23200,0,10A100020,Cash,,,000,Common Department,6290848,2022-02
2392.0,1.0,143,Credit,2022-02-07,Vehicle management fee,10A100020,Cash,,,000,Common Department,0,23200,10E201120,Vehicle Expenses,,,040,Osaka Branch,97856016,2022-02
2390.0,1.0,43,Debit,2022-02-07,Cof fee expense and others 2 people,10E200150,Entertainment Expenses,,,020,Tokyo Branch,2210,0,10A100020,Cash,,,000,Common Department,3709015,2022-02
2390.0,1.0,43,Credit,2022-02-07,Cof fee expense and others 2 people,10A100020,Cash,,,000,Common Department,0,2210,10E200150,Entertainment Expenses,,,020,Tokyo Branch,97853806,2022-02
2391.0,1.0,58,Debit,2022-02-07,Travel expense,10E201230,Travel and Transportation Expenses,,,020,Tokyo Branch,70000,0,10A100020,Cash,,,000,Common Department,11059671,2022-02
2391.0,1.0,58,Credit,2022-02-07,Travel expense,10A100020,Cash,,,000,Common Department,0,70000,10E201230,Travel and Transportation Expenses,,,020,Tokyo Branch,97783806,2022-02
2395.0,1.0,164,Debit,2022-02-08,office supplies,10E201110,Office Supplies Expenses,,,050,Kyushu Sales Office,898,0,10A100020,Cash,,,000,Common Department,1277912,2022-02
2395.0,1.0,164,Credit,2022-02-08,office supplies,10A100020,Cash,,,000,Common Department,0,898,10E201110,Office Supplies Expenses,,,050,Kyushu Sales Office,97782908,2022-02
2393.0,1.0,50,Debit,2022-02-08,Expressway toll,10E201120,Vehicle Expenses,,,020,Tokyo Branch,1200,0,10A100020,Cash,,,000,Common Department,6292048,2022-02
2393.0,1.0,50,Credit,2022-02-08,Expressway toll,10A100020,Cash,,,000,Common Department,0,1200,10E201120,Vehicle Expenses,,,020,Tokyo Branch,97781708,2022-02
2394.0,1.0,75,Debit,2022-02-08,Gasoline,10E201120,Vehicle Expenses,,,050,Kyushu Sales Office,6630,0,10A100020,Cash,,,000,Common Department,6298678,2022-02
2394.0,1.0,75,Credit,2022-02-08,Gasoline,10A100020,Cash,,,000,Common Department,0,6630,10E201120,Vehicle Expenses,,,050,Kyushu Sales Office,97775078,2022-02
2394.0,2.0,75,Debit,2022-02-08,Expressway toll,10E201120,Vehicle Expenses,,,050,Kyushu Sales Office,2286,0,10A100020,Cash,,,000,Common Department,6300964,2022-02
2394.0,2.0,75,Credit,2022-02-08,Expressway toll,10A100020,Cash,,,000,Common Department,0,2286,10E201120,Vehicle Expenses,,,050,Kyushu Sales Office,97772792,2022-02
2394.0,3.0,75,Debit,2022-02-08,Parking fee,10E201120,Vehicle Expenses,,,050,Kyushu Sales Office,762,0,10A100020,Cash,,,000,Common Department,6301726,2022-02
2394.0,3.0,75,Credit,2022-02-08,Parking fee,10A100020,Cash,,,000,Common Department,0,762,10E201120,Vehicle Expenses,,,050,Kyushu Sales Office,97772030,2022-02
2396.0,1.0,152,Debit,2022-02-09,golf play expense,10E200150,Entertainment Expenses,,,050,Kyushu Sales Office,12000,0,10A100020,Cash,,,000,Common Department,3721015,2022-02
2396.0,1.0,152,Credit,2022-02-09,golf play expense,10A100020,Cash,,,000,Common Department,0,12000,10E200150,Entertainment Expenses,,,050,Kyushu Sales Office,97760030,2022-02
2397.0,1.0,10,Debit,2022-02-10,Gasoline,10E201120,Vehicle Expenses,,,010,Sapporo Sales Office,3000,0,10A100020,Cash,,,000,Common Department,6304726,2022-02
2397.0,1.0,10,Credit,2022-02-10,Gasoline,10A100020,Cash,,,000,Common Department,0,3000,10E201120,Vehicle Expenses,,,010,Sapporo Sales Office,97757030,2022-02
2409.0,1.0,137,Debit,2022-02-10,Note due date settlement Anonymized Partner 085,10B100030,Notes Payable,,,000,Common Department,2953678,0,10A100020,Checking Deposits,1,ABC Bank,000,Common Department,46635414,2022-02
2409.0,1.0,137,Credit,2022-02-10,Note due date settlement Anonymized Partner 085,10A100020,Checking Deposits,1,ABC Bank,000,Common Department,0,2953678,10B100030,Notes Payable,,,000,Common Department,94803352,2022-02
2410.0,1.0,162,Debit,2022-02-10,Meeting Meal expense,10E201130,Meeting Expenses,,,020,Tokyo Branch,24995,0,10A100020,Cash,,,000,Common Department,305424,2022-02
2410.0,1.0,162,Credit,2022-02-10,Meeting Meal expense,10A100020,Cash,,,000,Common Department,0,24995,10E201130,Meeting Expenses,,,020,Tokyo Branch,94778357,2022-02
2411.0,1.0,168,Debit,2022-02-10,Wired service fee,10E201270,Miscellaneous Expenses,,,050,Kyushu Sales Office,6000,0,10B100630,Accounts Payable Other,,,000,Common Department,4824517,2022-02
2411.0,1.0,168,Credit,2022-02-10,Wired service fee,10B100630,Accounts Payable Other,,,000,Common Department,0,6000,10E201270,Miscellaneous Expenses,,,050,Kyushu Sales Office,10158778,2022-02
2411.0,2.0,168,Debit,2022-02-10,Security fee,10E201270,Miscellaneous Expenses,,,050,Kyushu Sales Office,42858,0,10B100630,Accounts Payable Other,,,000,Common Department,4867375,2022-02
2411.0,2.0,168,Credit,2022-02-10,Security fee,10B100630,Accounts Payable Other,,,000,Common Department,0,42858,10E201270,Miscellaneous Expenses,,,050,Kyushu Sales Office,10201636,2022-02
2398.0,1.0,60,Debit,2022-02-10,Withdrawal,10A100020,Cash,,,000,Common Department,500000,0,10A100020,Checking Deposits,1,ABC Bank,000,Common Department,95278357,2022-02
2398.0,1.0,60,Credit,2022-02-10,Withdrawal,10A100020,Checking Deposits,1,ABC Bank,000,Common Department,0,500000,10A100020,Cash,,,000,Common Department,94778357,2022-02
2399.0,1.0,62,Debit,2022-02-10,Withholding Tax payment,10B100690,Deposits Received,3,Withholding Tax,000,Common Department,232482,0,10A100020,Ordinary Deposits,20,ABC Bank Head Office,000,Common Department,5567140,2022-02
2399.0,1.0,62,Credit,2022-02-10,Withholding Tax payment,10A100020,Ordinary Deposits,20,ABC Bank Head Office,000,Common Department,0,232482,10B100690,Deposits Received,3,Withholding Tax,000,Common Department,94545875,2022-02
2399.0,2.0,62,Debit,2022-02-10,Resident Tax payment,10B100690,Deposits Received,2,Resident Tax,000,Common Department,449500,0,10A100020,Ordinary Deposits,20,ABC Bank Head Office,000,Common Department,5117640,2022-02
2399.0,2.0,62,Credit,2022-02-10,Resident Tax payment,10A100020,Ordinary Deposits,20,ABC Bank Head Office,000,Common Department,0,449500,10B100690,Deposits Received,2,Resident Tax,000,Common Department,94096375,2022-02
2400.0,1.0,65,Debit,2022-02-10,Wired service fee,10E201270,Miscellaneous Expenses,,,010,Sapporo Sales Office,5000,0,10B100630,Accounts Payable Other,,,000,Common Department,4872375,2022-02
2400.0,1.0,65,Credit,2022-02-10,Wired service fee,10B100630,Accounts Payable Other,,,000,Common Department,0,5000,10E201270,Miscellaneous Expenses,,,010,Sapporo Sales Office,10206636,2022-02
2400.0,2.0,65,Debit,2022-02-10,Security fee,10E201270,Miscellaneous Expenses,,,010,Sapporo Sales Office,34286,0,10B100630,Accounts Payable Other,,,000,Common Department,4906661,2022-02
2400.0,2.0,65,Credit,2022-02-10,Security fee,10B100630,Accounts Payable Other,,,000,Common Department,0,34286,10E201270,Miscellaneous Expenses,,,010,Sapporo Sales Office,10240922,2022-02
2401.0,1.0,76,Debit,2022-02-10,Gasoline,10E201120,Vehicle Expenses,,,050,Kyushu Sales Office,6012,0,10A100020,Cash,,,000,Common Department,6310738,2022-02
2401.0,1.0,76,Credit,2022-02-10,Gasoline,10A100020,Cash,,,000,Common Department,0,6012,10E201120,Vehicle Expenses,,,050,Kyushu Sales Office,94090363,2022-02
2402.0,1.0,79,Debit,2022-02-10,Travel expense,10E201230,Travel and Transportation Expenses,,,030,Nagoya Branch,22000,0,10A100020,Cash,,,000,Common Department,11081671,2022-02
2402.0,1.0,79,Credit,2022-02-10,Travel expense,10A100020,Cash,,,000,Common Department,0,22000,10E201230,Travel and Transportation Expenses,,,030,Nagoya Branch,94068363,2022-02
2403.0,1.0,88,Debit,2022-02-10,Voucher No. 435 dated 2/10 Anonymized Partner 085,10B100040,Accounts Payable,3,Anonymized Partner 085,000,Common Department,4318710,0,10A100090,Accounts Receivable,3,Anonymized Partner 085,000,Common Department,70324983,2022-02
2403.0,1.0,88,Credit,2022-02-10,Voucher No. 435 dated 2/10 Anonymized Partner 085,10A100090,Accounts Receivable,3,Anonymized Partner 085,000,Common Department,0,4318710,10B100040,Accounts Payable,3,Anonymized Partner 085,000,Common Department,82288103,2022-02
2404.0,1.0,89,Debit,2022-02-10,Voucher No. 436 dated 2/10 Anonymized Partner 066 Tokyo Head Office,10A100020,Ordinary Deposits,20,ABC Bank Head Office,000,Common Department,15929155,0,10A100090,Accounts Receivable,14,Anonymized Partner 066,000,Common Department,109997518,2022-02
2404.0,1.0,89,Credit,2022-02-10,Voucher No. 436 dated 2/10 Anonymized Partner 066 Tokyo Head Office,10A100090,Accounts Receivable,14,Anonymized Partner 066,000,Common Department,0,15929155,10A100020,Ordinary Deposits,20,ABC Bank Head Office,000,Common Department,66358948,2022-02
2404.0,2.0,89,Debit,2022-02-10,Voucher No. 436 dated 2/10 Anonymized Partner 066 Tokyo Head Office,10E200690,Service Fees,,,020,Tokyo Branch,735,0,10A100090,Accounts Receivable,14,Anonymized Partner 066,000,Common Department,121630,2022-02
2404.0,2.0,89,Credit,2022-02-10,Voucher No. 436 dated 2/10 Anonymized Partner 066 Tokyo Head Office,10A100090,Accounts Receivable,14,Anonymized Partner 066,000,Common Department,0,735,10E200690,Service Fees,,,020,Tokyo Branch,66358213,2022-02
2405.0,1.0,90,Debit,2022-02-10,Voucher No. 437 dated 2/10 Anonymized Partner 045,10A100020,Ordinary Deposits,30,GHI Bank Nagoya Branch,000,Common Department,663855,0,10A100090,Accounts Receivable,19,Anonymized Partner 045,000,Common Department,110661373,2022-02
2405.0,1.0,90,Credit,2022-02-10,Voucher No. 437 dated 2/10 Anonymized Partner 045,10A100090,Accounts Receivable,19,Anonymized Partner 045,000,Common Department,0,663855,10A100020,Ordinary Deposits,30,GHI Bank Nagoya Branch,000,Common Department,65694358,2022-02
2405.0,2.0,90,Debit,2022-02-10,Voucher No. 437 dated 2/10 Anonymized Partner 045,10E200690,Service Fees,,,030,Nagoya Branch,735,0,10A100090,Accounts Receivable,19,Anonymized Partner 045,000,Common Department,122365,2022-02
2405.0,2.0,90,Credit,2022-02-10,Voucher No. 437 dated 2/10 Anonymized Partner 045,10A100090,Accounts Receivable,19,Anonymized Partner 045,000,Common Department,0,735,10E200690,Service Fees,,,030,Nagoya Branch,65693623,2022-02
2406.0,1.0,91,Debit,2022-02-10,Voucher No. 438 dated 2/10 Anonymized Partner 072 | Sales voucher=20220131-115;Note number=R20220210-91-28,10A100060,Notes Receivable,,,000,Common Department,8918449,0,10A100090,Accounts Receivable,28,Anonymized Partner 072,000,Common Department,108202225,2022-02
2406.0,1.0,91,Credit,2022-02-10,Voucher No. 438 dated 2/10 Anonymized Partner 072 | Sales voucher=20220131-115;Note number=R20220210-91-28,10A100090,Accounts Receivable,28,Anonymized Partner 072,000,Common Department,0,8918449,10A100060,Notes Receivable,,,000,Common Department,56775174,2022-02
2407.0,1.0,92,Debit,2022-02-10,Voucher No. 333 dated 2/10 Anonymized Partner 085,10B100040,Accounts Payable,3,Anonymized Partner 085,000,Common Department,457266,0,10B100030,Notes Payable,,,000,Common Department,69867717,2022-02
2407.0,1.0,92,Credit,2022-02-10,Voucher No. 333 dated 2/10 Anonymized Partner 085,10B100030,Notes Payable,,,000,Common Department,0,457266,10B100040,Accounts Payable,3,Anonymized Partner 085,000,Common Department,47092680,2022-02
2408.0,1.0,93,Debit,2022-02-10,Voucher No. 334 dated 2/10 Anonymized Partner 063,10B100040,Accounts Payable,8,Anonymized Partner 063,000,Common Department,560347,0,10A100020,Ordinary Deposits,20,ABC Bank Head Office,000,Common Department,69307370,2022-02
2408.0,1.0,93,Credit,2022-02-10,Voucher No. 334 dated 2/10 Anonymized Partner 063,10A100020,Ordinary Deposits,20,ABC Bank Head Office,000,Common Department,0,560347,10B100040,Accounts Payable,8,Anonymized Partner 063,000,Common Department,110101026,2022-02
2419.0,1.0,112,Debit,2022-02-11,Telephone expense,10E200180,Communication Expenses,,,040,Osaka Branch,159346,0,10A100020,Ordinary Deposits,40,JKL Bank Umeda Branch,000,Common Department,11203570,2022-02
2419.0,1.0,112,Credit,2022-02-11,Telephone expense,10A100020,Ordinary Deposits,40,JKL Bank Umeda Branch,000,Common Department,0,159346,10E200180,Communication Expenses,,,040,Osaka Branch,109941680,2022-02
2420.0,1.0,129,Debit,2022-02-11,Rent payment,10E200720,Rent Expenses,,,030,Nagoya Branch,399000,0,10A100020,Ordinary Deposits,30,GHI Bank Nagoya Branch,000,Common Department,34859000,2022-02
2420.0,1.0,129,Credit,2022-02-11,Rent payment,10A100020,Ordinary Deposits,30,GHI Bank Nagoya Branch,000,Common Department,0,399000,10E200720,Rent Expenses,,,030,Nagoya Branch,109542680,2022-02
2421.0,1.0,141,Debit,2022-02-11,Anonymized Railway Company A expense,10E201230,Travel and Transportation Expenses,,,040,Osaka Branch,21500,0,10A100020,Cash,,,000,Common Department,11103171,2022-02
2421.0,1.0,141,Credit,2022-02-11,Anonymized Railway Company A expense,10A100020,Cash,,,000,Common Department,0,21500,10E201230,Travel and Transportation Expenses,,,040,Osaka Branch,109521180,2022-02
2422.0,1.0,165,Debit,2022-02-11,tissues expense and others,10E201270,Miscellaneous Expenses,,,050,Kyushu Sales Office,1335,0,10A100020,Cash,,,000,Common Department,4907996,2022-02
2422.0,1.0,165,Credit,2022-02-11,tissues expense and others,10A100020,Cash,,,000,Common Department,0,1335,10E201270,Miscellaneous Expenses,,,050,Kyushu Sales Office,109519845,2022-02
2423.0,1.0,167,Debit,2022-02-11,Rent payment,10E200720,Rent Expenses,,,050,Kyushu Sales Office,630000,0,10A100020,Ordinary Deposits,50,MNO Bank Kitakyushu Branch,000,Common Department,35489000,2022-02
2423.0,1.0,167,Credit,2022-02-11,Rent payment,10A100020,Ordinary Deposits,50,MNO Bank Kitakyushu Branch,000,Common Department,0,630000,10E200720,Rent Expenses,,,050,Kyushu Sales Office,108889845,2022-02
2423.0,2.0,167,Debit,2022-02-11,Telephone expense,10E200180,Communication Expenses,,,050,Kyushu Sales Office,130648,0,10A100020,Ordinary Deposits,50,MNO Bank Kitakyushu Branch,000,Common Department,11334218,2022-02
2423.0,2.0,167,Credit,2022-02-11,Telephone expense,10A100020,Ordinary Deposits,50,MNO Bank Kitakyushu Branch,000,Common Department,0,130648,10E200180,Communication Expenses,,,050,Kyushu Sales Office,108759197,2022-02
2412.0,1.0,22,Debit,2022-02-11,Travel expense,10E201230,Travel and Transportation Expenses,,,010,Sapporo Sales Office,23000,0,10A100020,Cash,,,000,Common Department,11126171,2022-02
2412.0,1.0,22,Credit,2022-02-11,Travel expense,10A100020,Cash,,,000,Common Department,0,23000,10E201230,Travel and Transportation Expenses,,,010,Sapporo Sales Office,108736197,2022-02
2413.0,1.0,33,Debit,2022-02-11,Rent payment,10E200720,Rent Expenses,,,010,Sapporo Sales Office,320000,0,10A100020,Ordinary Deposits,10,DEF Bank Station Branch,000,Common Department,35809000,2022-02
2413.0,1.0,33,Credit,2022-02-11,Rent payment,10A100020,Ordinary Deposits,10,DEF Bank Station Branch,000,Common Department,0,320000,10E200720,Rent Expenses,,,010,Sapporo Sales Office,108416197,2022-02
2413.0,2.0,33,Debit,2022-02-11,Telephone expense,10E200180,Communication Expenses,,,010,Sapporo Sales Office,171286,0,10A100020,Ordinary Deposits,10,DEF Bank Station Branch,000,Common Department,11505504,2022-02
2413.0,2.0,33,Credit,2022-02-11,Telephone expense,10A100020,Ordinary Deposits,10,DEF Bank Station Branch,000,Common Department,0,171286,10E200180,Communication Expenses,,,010,Sapporo Sales Office,108244911,2022-02
2414.0,1.0,63,Debit,2022-02-11,Rent payment,10E200720,Rent Expenses,,,020,Tokyo Branch,1260000,0,10A100020,Ordinary Deposits,20,ABC Bank Head Office,000,Common Department,37069000,2022-02
2414.0,1.0,63,Credit,2022-02-11,Rent payment,10A100020,Ordinary Deposits,20,ABC Bank Head Office,000,Common Department,0,1260000,10E200720,Rent Expenses,,,020,Tokyo Branch,106984911,2022-02
2415.0,1.0,64,Debit,2022-02-11,Rent payment,10E200720,Rent Expenses,,,040,Osaka Branch,840000,0,10A100020,Ordinary Deposits,40,JKL Bank Umeda Branch,000,Common Department,37909000,2022-02
2415.0,1.0,64,Credit,2022-02-11,Rent payment,10A100020,Ordinary Deposits,40,JKL Bank Umeda Branch,000,Common Department,0,840000,10E200720,Rent Expenses,,,040,Osaka Branch,106144911,2022-02
2416.0,1.0,73,Debit,2022-02-11,Meal expense,10E200150,Entertainment Expenses,,,020,Tokyo Branch,26530,0,10A100020,Cash,,,000,Common Department,3747545,2022-02
2416.0,1.0,73,Credit,2022-02-11,Meal expense,10A100020,Cash,,,000,Common Department,0,26530,10E200150,Entertainment Expenses,,,020,Tokyo Branch,106118381,2022-02
2417.0,1.0,80,Debit,2022-02-11,Anonymized Railway Company A expense,10E201230,Travel and Transportation Expenses,,,030,Nagoya Branch,10000,0,10A100020,Cash,,,000,Common Department,11136171,2022-02
2417.0,1.0,80,Credit,2022-02-11,Anonymized Railway Company A expense,10A100020,Cash,,,000,Common Department,0,10000,10E201230,Travel and Transportation Expenses,,,030,Nagoya Branch,106108381,2022-02
2418.0,1.0,85,Debit,2022-02-11,Telephone expense,10E200180,Communication Expenses,,,030,Nagoya Branch,83240,0,10A100020,Ordinary Deposits,30,GHI Bank Nagoya Branch,000,Common Department,11588744,2022-02
2418.0,1.0,85,Credit,2022-02-11,Telephone expense,10A100020,Ordinary Deposits,30,GHI Bank Nagoya Branch,000,Common Department,0,83240,10E200180,Communication Expenses,,,030,Nagoya Branch,106025141,2022-02
2424.0,1.0,44,Debit,2022-02-12,Meal expense Anonymized Store 020 5 people,10E200150,Entertainment Expenses,,,020,Tokyo Branch,33690,0,10A100020,Cash,,,000,Common Department,3781235,2022-02
2424.0,1.0,44,Credit,2022-02-12,Meal expense Anonymized Store 020 5 people,10A100020,Cash,,,000,Common Department,0,33690,10E200150,Entertainment Expenses,,,020,Tokyo Branch,105991451,2022-02
2425.0,1.0,69,Debit,2022-02-12,golf play expense,10E200150,Entertainment Expenses,,,020,Tokyo Branch,12600,0,10A100020,Cash,,,000,Common Department,3793835,2022-02
2425.0,1.0,69,Credit,2022-02-12,golf play expense,10A100020,Cash,,,000,Common Department,0,12600,10E200150,Entertainment Expenses,,,020,Tokyo Branch,105978851,2022-02
2426.0,1.0,71,Debit,2022-02-12,golf play expense,10E200150,Entertainment Expenses,,,040,Osaka Branch,13650,0,10A100020,Cash,,,000,Common Department,3807485,2022-02
2426.0,1.0,71,Credit,2022-02-12,golf play expense,10A100020,Cash,,,000,Common Department,0,13650,10E200150,Entertainment Expenses,,,040,Osaka Branch,105965201,2022-02
2427.0,1.0,17,Debit,2022-02-13,Parking fee,10E201120,Vehicle Expenses,,,010,Sapporo Sales Office,381,0,10A100020,Cash,,,000,Common Department,6311119,2022-02
2427.0,1.0,17,Credit,2022-02-13,Parking fee,10A100020,Cash,,,000,Common Department,0,381,10E201120,Vehicle Expenses,,,010,Sapporo Sales Office,105964820,2022-02
2427.0,2.0,17,Debit,2022-02-13,Expressway toll,10E201120,Vehicle Expenses,,,010,Sapporo Sales Office,2000,0,10A100020,Cash,,,000,Common Department,6313119,2022-02
2427.0,2.0,17,Credit,2022-02-13,Expressway toll,10A100020,Cash,,,000,Common Department,0,2000,10E201120,Vehicle Expenses,,,010,Sapporo Sales Office,105962820,2022-02
2428.0,1.0,23,Debit,2022-02-13,Travel expense,10E201230,Travel and Transportation Expenses,,,010,Sapporo Sales Office,381,0,10A100020,Cash,,,000,Common Department,11136552,2022-02
2428.0,1.0,23,Credit,2022-02-13,Travel expense,10A100020,Cash,,,000,Common Department,0,381,10E201230,Travel and Transportation Expenses,,,010,Sapporo Sales Office,105962439,2022-02
2428.0,2.0,23,Debit,2022-02-13,Travel expense,10E201230,Travel and Transportation Expenses,,,010,Sapporo Sales Office,2000,0,10A100020,Cash,,,000,Common Department,11138552,2022-02
2428.0,2.0,23,Credit,2022-02-13,Travel expense,10A100020,Cash,,,000,Common Department,0,2000,10E201230,Travel and Transportation Expenses,,,010,Sapporo Sales Office,105960439,2022-02
2429.0,1.0,82,Debit,2022-02-13,Gasoline,10E201120,Vehicle Expenses,,,030,Nagoya Branch,31529,0,10B100630,Accounts Payable Other,,,000,Common Department,6344648,2022-02
2429.0,1.0,82,Credit,2022-02-13,Gasoline,10B100630,Accounts Payable Other,,,000,Common Department,0,31529,10E201120,Vehicle Expenses,,,030,Nagoya Branch,10272451,2022-02
2430.0,1.0,46,Debit,2022-02-14,Gasoline,10E201120,Vehicle Expenses,,,020,Tokyo Branch,2341,0,10A100020,Cash,,,000,Common Department,6346989,2022-02
2430.0,1.0,46,Credit,2022-02-14,Gasoline,10A100020,Cash,,,000,Common Department,0,2341,10E201120,Vehicle Expenses,,,020,Tokyo Branch,105958098,2022-02
2430.0,2.0,46,Debit,2022-02-14,Gasoline,10E201120,Vehicle Expenses,,,020,Tokyo Branch,4767,0,10A100020,Cash,,,000,Common Department,6351756,2022-02
2430.0,2.0,46,Credit,2022-02-14,Gasoline,10A100020,Cash,,,000,Common Department,0,4767,10E201120,Vehicle Expenses,,,020,Tokyo Branch,105953331,2022-02
2430.0,3.0,46,Debit,2022-02-14,Gasoline,10E201120,Vehicle Expenses,,,020,Tokyo Branch,4880,0,10A100020,Cash,,,000,Common Department,6356636,2022-02
2430.0,3.0,46,Credit,2022-02-14,Gasoline,10A100020,Cash,,,000,Common Department,0,4880,10E201120,Vehicle Expenses,,,020,Tokyo Branch,105948451,2022-02
2431.0,1.0,51,Debit,2022-02-14,Expressway toll,10E201120,Vehicle Expenses,,,020,Tokyo Branch,1505,0,10A100020,Cash,,,000,Common Department,6358141,2022-02
2431.0,1.0,51,Credit,2022-02-14,Expressway toll,10A100020,Cash,,,000,Common Department,0,1505,10E201120,Vehicle Expenses,,,020,Tokyo Branch,105946946,2022-02
2431.0,2.0,51,Debit,2022-02-14,Expressway toll,10E201120,Vehicle Expenses,,,020,Tokyo Branch,620,0,10A100020,Cash,,,000,Common Department,6358761,2022-02
2431.0,2.0,51,Credit,2022-02-14,Expressway toll,10A100020,Cash,,,000,Common Department,0,620,10E201120,Vehicle Expenses,,,020,Tokyo Branch,105946326,2022-02
2431.0,3.0,51,Debit,2022-02-14,Expressway toll,10E201120,Vehicle Expenses,,,020,Tokyo Branch,810,0,10A100020,Cash,,,000,Common Department,6359571,2022-02
2431.0,3.0,51,Credit,2022-02-14,Expressway toll,10A100020,Cash,,,000,Common Department,0,810,10E201120,Vehicle Expenses,,,020,Tokyo Branch,105945516,2022-02
2431.0,4.0,51,Debit,2022-02-14,Expressway toll,10E201120,Vehicle Expenses,,,020,Tokyo Branch,1096,0,10A100020,Cash,,,000,Common Department,6360667,2022-02
2431.0,4.0,51,Credit,2022-02-14,Expressway toll,10A100020,Cash,,,000,Common Department,0,1096,10E201120,Vehicle Expenses,,,020,Tokyo Branch,105944420,2022-02
2431.0,5.0,51,Debit,2022-02-14,Expressway toll,10E201120,Vehicle Expenses,,,020,Tokyo Branch,1096,0,10A100020,Cash,,,000,Common Department,6361763,2022-02
2431.0,5.0,51,Credit,2022-02-14,Expressway toll,10A100020,Cash,,,000,Common Department,0,1096,10E201120,Vehicle Expenses,,,020,Tokyo Branch,105943324,2022-02
2431.0,6.0,51,Debit,2022-02-14,Expressway toll,10E201120,Vehicle Expenses,,,020,Tokyo Branch,1096,0,10A100020,Cash,,,000,Common Department,6362859,2022-02
2431.0,6.0,51,Credit,2022-02-14,Expressway toll,10A100020,Cash,,,000,Common Department,0,1096,10E201120,Vehicle Expenses,,,020,Tokyo Branch,105942228,2022-02
2431.0,7.0,51,Debit,2022-02-14,Expressway toll,10E201120,Vehicle Expenses,,,020,Tokyo Branch,953,0,10A100020,Cash,,,000,Common Department,6363812,2022-02
2431.0,7.0,51,Credit,2022-02-14,Expressway toll,10A100020,Cash,,,000,Common Department,0,953,10E201120,Vehicle Expenses,,,020,Tokyo Branch,105941275,2022-02
2432.0,1.0,70,Debit,2022-02-14,golf play expense,10E200150,Entertainment Expenses,,,030,Nagoya Branch,8600,0,10A100020,Cash,,,000,Common Department,3816085,2022-02
2432.0,1.0,70,Credit,2022-02-14,golf play expense,10A100020,Cash,,,000,Common Department,0,8600,10E200150,Entertainment Expenses,,,030,Nagoya Branch,105932675,2022-02
2442.0,1.0,100,Debit,2022-02-15,Voucher No. 335 dated 2/15 Anonymized Partner 043,10B100040,Accounts Payable,1,Anonymized Partner 043,000,Common Department,10823612,0,10B100030,Notes Payable,,,000,Common Department,58483758,2022-02
2442.0,1.0,100,Credit,2022-02-15,Voucher No. 335 dated 2/15 Anonymized Partner 043,10B100030,Notes Payable,,,000,Common Department,0,10823612,10B100040,Accounts Payable,1,Anonymized Partner 043,000,Common Department,57916292,2022-02
2443.0,1.0,117,Debit,2022-02-15,Membership fee,10E201140,Membership Fees,,,040,Osaka Branch,20000,0,10A100020,Cash,,,000,Common Department,1180000,2022-02
2443.0,1.0,117,Credit,2022-02-15,Membership fee,10A100020,Cash,,,000,Common Department,0,20000,10E201140,Membership Fees,,,040,Osaka Branch,105912675,2022-02
2444.0,1.0,130,Debit,2022-02-15,Membership fee,10E201140,Membership Fees,,,040,Osaka Branch,24000,0,10A100020,Ordinary Deposits,40,JKL Bank Umeda Branch,000,Common Department,1204000,2022-02
2444.0,1.0,130,Credit,2022-02-15,Membership fee,10A100020,Ordinary Deposits,40,JKL Bank Umeda Branch,000,Common Department,0,24000,10E201140,Membership Fees,,,040,Osaka Branch,105888675,2022-02
2445.0,1.0,151,Debit,2022-02-15,Meal expense Anonymized Store 075,10E200150,Entertainment Expenses,,,040,Osaka Branch,12750,0,10A100020,Cash,,,000,Common Department,3828835,2022-02
2445.0,1.0,151,Credit,2022-02-15,Meal expense Anonymized Store 075,10A100020,Cash,,,000,Common Department,0,12750,10E200150,Entertainment Expenses,,,040,Osaka Branch,105875925,2022-02
2446.0,1.0,158,Debit,2022-02-15,Business travel expense,10E201230,Travel and Transportation Expenses,,,040,Osaka Branch,14000,0,10A100020,Cash,,,000,Common Department,11152552,2022-02
2446.0,1.0,158,Credit,2022-02-15,Business travel expense,10A100020,Cash,,,000,Common Department,0,14000,10E201230,Travel and Transportation Expenses,,,040,Osaka Branch,105861925,2022-02
2433.0,1.0,4,Debit,2022-02-15,Advertising expense,10E200050,Advertising Expenses,,,010,Sapporo Sales Office,31500,0,10B100630,Accounts Payable Other,,,000,Common Department,1827200,2022-02
2433.0,1.0,4,Credit,2022-02-15,Advertising expense,10B100630,Accounts Payable Other,,,000,Common Department,0,31500,10E200050,Advertising Expenses,,,010,Sapporo Sales Office,10303951,2022-02
2434.0,1.0,57,Debit,2022-02-15,Anonymized Railway Company A expense,10E201230,Travel and Transportation Expenses,,,020,Tokyo Branch,68700,0,10A100020,Cash,,,000,Common Department,11221252,2022-02
2434.0,1.0,57,Credit,2022-02-15,Anonymized Railway Company A expense,10A100020,Cash,,,000,Common Department,0,68700,10E201230,Travel and Transportation Expenses,,,020,Tokyo Branch,105793225,2022-02
2435.0,1.0,83,Debit,2022-02-15,Month 2 Payroll Other 0060 Part-time Staff,10E200520,Temporary Wages,,,020,Tokyo Branch,205380,0,10A100020,Cash,,,000,Common Department,4309142,2022-02
2435.0,1.0,83,Credit,2022-02-15,Month 2 Payroll Other 0060 Part-time Staff,10A100020,Cash,,,000,Common Department,0,205380,10E200520,Temporary Wages,,,020,Tokyo Branch,105587845,2022-02
2435.0,2.0,83,Debit,2022-02-15,Month 2 Payroll Other 0060 Part-time Staff,10E200520,Temporary Wages,,,020,Tokyo Branch,4860,0,10B100690,Deposits Received,9,Other,000,Common Department,4314002,2022-02
2435.0,2.0,83,Credit,2022-02-15,Month 2 Payroll Other 0060 Part-time Staff,10B100690,Deposits Received,9,Other,000,Common Department,0,4860,10E200520,Temporary Wages,,,020,Tokyo Branch,5122500,2022-02
2436.0,1.0,94,Debit,2022-02-15,Voucher No. 439 dated 2/15 Anonymized Partner 068,10A100020,Ordinary Deposits,50,MNO Bank Kitakyushu Branch,000,Common Department,1437184,0,10A100090,Accounts Receivable,1,Anonymized Partner 068,000,Common Department,107025029,2022-02
2436.0,1.0,94,Credit,2022-02-15,Voucher No. 439 dated 2/15 Anonymized Partner 068,10A100090,Accounts Receivable,1,Anonymized Partner 068,000,Common Department,0,1437184,10A100020,Ordinary Deposits,50,MNO Bank Kitakyushu Branch,000,Common Department,55337990,2022-02
2436.0,2.0,94,Debit,2022-02-15,Voucher No. 439 dated 2/15 Anonymized Partner 068,10E200690,Service Fees,,,050,Kyushu Sales Office,840,0,10A100090,Accounts Receivable,1,Anonymized Partner 068,000,Common Department,123205,2022-02
2436.0,2.0,94,Credit,2022-02-15,Voucher No. 439 dated 2/15 Anonymized Partner 068,10A100090,Accounts Receivable,1,Anonymized Partner 068,000,Common Department,0,840,10E200690,Service Fees,,,050,Kyushu Sales Office,55337150,2022-02
2437.0,1.0,95,Debit,2022-02-15,Voucher No. 440 dated 2/15 Anonymized Partner 061,10A100020,Ordinary Deposits,30,GHI Bank Nagoya Branch,000,Common Department,1297180,0,10A100090,Accounts Receivable,6,Anonymized Partner 061,000,Common Department,108322209,2022-02
2437.0,1.0,95,Credit,2022-02-15,Voucher No. 440 dated 2/15 Anonymized Partner 061,10A100090,Accounts Receivable,6,Anonymized Partner 061,000,Common Department,0,1297180,10A100020,Ordinary Deposits,30,GHI Bank Nagoya Branch,000,Common Department,54039970,2022-02
2437.0,2.0,95,Debit,2022-02-15,Voucher No. 440 dated 2/15 Anonymized Partner 061,10E200690,Service Fees,,,030,Nagoya Branch,840,0,10A100090,Accounts Receivable,6,Anonymized Partner 061,000,Common Department,124045,2022-02
2437.0,2.0,95,Credit,2022-02-15,Voucher No. 440 dated 2/15 Anonymized Partner 061,10A100090,Accounts Receivable,6,Anonymized Partner 061,000,Common Department,0,840,10E200690,Service Fees,,,030,Nagoya Branch,54039130,2022-02
2438.0,1.0,96,Debit,2022-02-15,Voucher No. 441 dated 2/15 Anonymized Partner 073,10A100020,Ordinary Deposits,40,JKL Bank Umeda Branch,000,Common Department,1240228,0,10A100090,Accounts Receivable,8,Anonymized Partner 073,000,Common Department,109562437,2022-02
2438.0,1.0,96,Credit,2022-02-15,Voucher No. 441 dated 2/15 Anonymized Partner 073,10A100090,Accounts Receivable,8,Anonymized Partner 073,000,Common Department,0,1240228,10A100020,Ordinary Deposits,40,JKL Bank Umeda Branch,000,Common Department,52798902,2022-02
2438.0,2.0,96,Debit,2022-02-15,Voucher No. 441 dated 2/15 Anonymized Partner 073,10E200690,Service Fees,,,040,Osaka Branch,840,0,10A100090,Accounts Receivable,8,Anonymized Partner 073,000,Common Department,124885,2022-02
2438.0,2.0,96,Credit,2022-02-15,Voucher No. 441 dated 2/15 Anonymized Partner 073,10A100090,Accounts Receivable,8,Anonymized Partner 073,000,Common Department,0,840,10E200690,Service Fees,,,040,Osaka Branch,52798062,2022-02
2439.0,1.0,97,Debit,2022-02-15,Voucher No. 442 dated 2/15 Anonymized Partner 026,10A100020,Ordinary Deposits,40,JKL Bank Umeda Branch,000,Common Department,1667304,0,10A100090,Accounts Receivable,9,Anonymized Partner 026,000,Common Department,111229741,2022-02
2439.0,1.0,97,Credit,2022-02-15,Voucher No. 442 dated 2/15 Anonymized Partner 026,10A100090,Accounts Receivable,9,Anonymized Partner 026,000,Common Department,0,1667304,10A100020,Ordinary Deposits,40,JKL Bank Umeda Branch,000,Common Department,51130758,2022-02
2439.0,2.0,97,Debit,2022-02-15,Voucher No. 442 dated 2/15 Anonymized Partner 026,10E200690,Service Fees,,,040,Osaka Branch,840,0,10A100090,Accounts Receivable,9,Anonymized Partner 026,000,Common Department,125725,2022-02
2439.0,2.0,97,Credit,2022-02-15,Voucher No. 442 dated 2/15 Anonymized Partner 026,10A100090,Accounts Receivable,9,Anonymized Partner 026,000,Common Department,0,840,10E200690,Service Fees,,,040,Osaka Branch,51129918,2022-02
2440.0,1.0,98,Debit,2022-02-15,Voucher No. 443 dated 2/15 Anonymized Partner 023,10A100020,Ordinary Deposits,20,ABC Bank Head Office,000,Common Department,1280304,0,10A100090,Accounts Receivable,13,Anonymized Partner 023,000,Common Department,112510045,2022-02
2440.0,1.0,98,Credit,2022-02-15,Voucher No. 443 dated 2/15 Anonymized Partner 023,10A100090,Accounts Receivable,13,Anonymized Partner 023,000,Common Department,0,1280304,10A100020,Ordinary Deposits,20,ABC Bank Head Office,000,Common Department,49849614,2022-02
2441.0,1.0,99,Debit,2022-02-15,Voucher No. 444 dated 2/15 Anonymized Partner 079,10A100020,Ordinary Deposits,40,JKL Bank Umeda Branch,000,Common Department,2217591,0,10A100090,Accounts Receivable,20,Anonymized Partner 079,000,Common Department,114727636,2022-02
2441.0,1.0,99,Credit,2022-02-15,Voucher No. 444 dated 2/15 Anonymized Partner 079,10A100090,Accounts Receivable,20,Anonymized Partner 079,000,Common Department,0,2217591,10A100020,Ordinary Deposits,40,JKL Bank Umeda Branch,000,Common Department,47632023,2022-02
2441.0,2.0,99,Debit,2022-02-15,Voucher No. 444 dated 2/15 Anonymized Partner 079,10E200690,Service Fees,,,040,Osaka Branch,315,0,10A100090,Accounts Receivable,20,Anonymized Partner 079,000,Common Department,126040,2022-02
2441.0,2.0,99,Credit,2022-02-15,Voucher No. 444 dated 2/15 Anonymized Partner 079,10A100090,Accounts Receivable,20,Anonymized Partner 079,000,Common Department,0,315,10E200690,Service Fees,,,040,Osaka Branch,47631708,2022-02
2448.0,1.0,11,Debit,2022-02-16,Gasoline,10E201120,Vehicle Expenses,,,010,Sapporo Sales Office,3210,0,10A100020,Cash,,,000,Common Department,6367022,2022-02
2448.0,1.0,11,Credit,2022-02-16,Gasoline,10A100020,Cash,,,000,Common Department,0,3210,10E201120,Vehicle Expenses,,,010,Sapporo Sales Office,114724426,2022-02
2451.0,1.0,136,Debit,2022-02-16,Anonymized Cleaning Company A expense,10E201270,Miscellaneous Expenses,,,040,Osaka Branch,16500,0,10A100020,Cash,,,000,Common Department,4924496,2022-02
2451.0,1.0,136,Credit,2022-02-16,Anonymized Cleaning Company A expense,10A100020,Cash,,,000,Common Department,0,16500,10E201270,Miscellaneous Expenses,,,040,Osaka Branch,114707926,2022-02
2452.0,1.0,148,Debit,2022-02-16,Gasoline,10E201120,Vehicle Expenses,,,050,Kyushu Sales Office,3570,0,10A100020,Cash,,,000,Common Department,6370592,2022-02
2452.0,1.0,148,Credit,2022-02-16,Gasoline,10A100020,Cash,,,000,Common Department,0,3570,10E201120,Vehicle Expenses,,,050,Kyushu Sales Office,114704356,2022-02
2453.0,1.0,154,Debit,2022-02-16,Gift expense Anonymized Store 067,10E200150,Entertainment Expenses,,,050,Kyushu Sales Office,6229,0,10B100630,Accounts Payable Other,,,000,Common Department,3835064,2022-02
2453.0,1.0,154,Credit,2022-02-16,Gift expense Anonymized Store 067,10B100630,Accounts Payable Other,,,000,Common Department,0,6229,10E200150,Entertainment Expenses,,,050,Kyushu Sales Office,10310180,2022-02
2453.0,2.0,154,Debit,2022-02-16,Meal expense Anonymized Store 024 4 people,10E200150,Entertainment Expenses,,,050,Kyushu Sales Office,18839,0,10B100630,Accounts Payable Other,,,000,Common Department,3853903,2022-02
2453.0,2.0,154,Credit,2022-02-16,Meal expense Anonymized Store 024 4 people,10B100630,Accounts Payable Other,,,000,Common Department,0,18839,10E200150,Entertainment Expenses,,,050,Kyushu Sales Office,10329019,2022-02
2449.0,1.0,61,Debit,2022-02-16,Telephone expense,10E200180,Communication Expenses,,,020,Tokyo Branch,176510,0,10A100020,Ordinary Deposits,20,ABC Bank Head Office,000,Common Department,11765254,2022-02
2449.0,1.0,61,Credit,2022-02-16,Telephone expense,10A100020,Ordinary Deposits,20,ABC Bank Head Office,000,Common Department,0,176510,10E200180,Communication Expenses,,,020,Tokyo Branch,114527846,2022-02
2447.0,1.0,7,Debit,2022-02-16,Lunch expense Anonymized Store 004 2 people,10E200150,Entertainment Expenses,,,010,Sapporo Sales Office,3750,0,10A100020,Cash,,,000,Common Department,3857653,2022-02
2447.0,1.0,7,Credit,2022-02-16,Lunch expense Anonymized Store 004 2 people,10A100020,Cash,,,000,Common Department,0,3750,10E200150,Entertainment Expenses,,,010,Sapporo Sales Office,114524096,2022-02
2450.0,1.0,79,Debit,2022-02-16,Prize expense,10E200140,Employee Welfare Expenses,,,030,Nagoya Branch,39415,0,10A100020,Cash,,,000,Common Department,4575582,2022-02
2450.0,1.0,79,Credit,2022-02-16,Prize expense,10A100020,Cash,,,000,Common Department,0,39415,10E200140,Employee Welfare Expenses,,,030,Nagoya Branch,114484681,2022-02
2454.0,1.0,47,Debit,2022-02-17,Gasoline,10E201120,Vehicle Expenses,,,020,Tokyo Branch,2540,0,10A100020,Cash,,,000,Common Department,6373132,2022-02
2454.0,1.0,47,Credit,2022-02-17,Gasoline,10A100020,Cash,,,000,Common Department,0,2540,10E201120,Vehicle Expenses,,,020,Tokyo Branch,114482141,2022-02
2455.0,1.0,52,Debit,2022-02-17,Expressway toll,10E201120,Vehicle Expenses,,,020,Tokyo Branch,1096,0,10A100020,Cash,,,000,Common Department,6374228,2022-02
2455.0,1.0,52,Credit,2022-02-17,Expressway toll,10A100020,Cash,,,000,Common Department,0,1096,10E201120,Vehicle Expenses,,,020,Tokyo Branch,114481045,2022-02
2455.0,2.0,52,Debit,2022-02-17,Expressway toll,10E201120,Vehicle Expenses,,,020,Tokyo Branch,1096,0,10A100020,Cash,,,000,Common Department,6375324,2022-02
2455.0,2.0,52,Credit,2022-02-17,Expressway toll,10A100020,Cash,,,000,Common Department,0,1096,10E201120,Vehicle Expenses,,,020,Tokyo Branch,114479949,2022-02
2455.0,3.0,52,Debit,2022-02-17,Expressway toll,10E201120,Vehicle Expenses,,,020,Tokyo Branch,1429,0,10A100020,Cash,,,000,Common Department,6376753,2022-02
2455.0,3.0,52,Credit,2022-02-17,Expressway toll,10A100020,Cash,,,000,Common Department,0,1429,10E201120,Vehicle Expenses,,,020,Tokyo Branch,114478520,2022-02
2456.0,1.0,74,Debit,2022-02-17,Meal expense Anonymized Store 049 5 people,10E200150,Entertainment Expenses,,,020,Tokyo Branch,8630,0,10A100020,Cash,,,000,Common Department,3866283,2022-02
2456.0,1.0,74,Credit,2022-02-17,Meal expense Anonymized Store 049 5 people,10A100020,Cash,,,000,Common Department,0,8630,10E200150,Entertainment Expenses,,,020,Tokyo Branch,114469890,2022-02
2457.0,1.0,159,Debit,2022-02-18,taxi expense,10E201230,Travel and Transportation Expenses,,,050,Kyushu Sales Office,7600,0,10A100020,Cash,,,000,Common Department,11228852,2022-02
2457.0,1.0,159,Credit,2022-02-18,taxi expense,10A100020,Cash,,,000,Common Department,0,7600,10E201230,Travel and Transportation Expenses,,,050,Kyushu Sales Office,114462290,2022-02
2460.0,1.0,103,Debit,2022-02-19,Meal expense boxed meal refreshments Anonymized Store 037,10E200150,Entertainment Expenses,,,040,Osaka Branch,2150,0,10A100020,Cash,,,000,Common Department,3868433,2022-02
2460.0,1.0,103,Credit,2022-02-19,Meal expense boxed meal refreshments Anonymized Store 037,10A100020,Cash,,,000,Common Department,0,2150,10E200150,Entertainment Expenses,,,040,Osaka Branch,114460140,2022-02
2461.0,1.0,138,Debit,2022-02-19,Expressway toll,10E201120,Vehicle Expenses,,,040,Osaka Branch,7187,0,10A100020,Cash,,,000,Common Department,6383940,2022-02
2461.0,1.0,138,Credit,2022-02-19,Expressway toll,10A100020,Cash,,,000,Common Department,0,7187,10E201120,Vehicle Expenses,,,040,Osaka Branch,114452953,2022-02
2461.0,2.0,138,Debit,2022-02-19,Parking fee,10E201120,Vehicle Expenses,,,040,Osaka Branch,3086,0,10A100020,Cash,,,000,Common Department,6387026,2022-02
2461.0,2.0,138,Credit,2022-02-19,Parking fee,10A100020,Cash,,,000,Common Department,0,3086,10E201120,Vehicle Expenses,,,040,Osaka Branch,114449867,2022-02
2461.0,3.0,138,Debit,2022-02-19,Expressway toll,10E201120,Vehicle Expenses,,,040,Osaka Branch,305,0,10A100020,Cash,,,000,Common Department,6387331,2022-02
2461.0,3.0,138,Credit,2022-02-19,Expressway toll,10A100020,Cash,,,000,Common Department,0,305,10E201120,Vehicle Expenses,,,040,Osaka Branch,114449562,2022-02
2461.0,4.0,138,Debit,2022-02-19,Expressway toll,10E201120,Vehicle Expenses,,,040,Osaka Branch,8329,0,10A100020,Cash,,,000,Common Department,6395660,2022-02
2461.0,4.0,138,Credit,2022-02-19,Expressway toll,10A100020,Cash,,,000,Common Department,0,8329,10E201120,Vehicle Expenses,,,040,Osaka Branch,114441233,2022-02
2461.0,5.0,138,Debit,2022-02-19,Expressway toll,10E201120,Vehicle Expenses,,,040,Osaka Branch,5181,0,10A100020,Cash,,,000,Common Department,6400841,2022-02
2461.0,5.0,138,Credit,2022-02-19,Expressway toll,10A100020,Cash,,,000,Common Department,0,5181,10E201120,Vehicle Expenses,,,040,Osaka Branch,114436052,2022-02
2462.0,1.0,160,Debit,2022-02-19,Business travel expense,10E201230,Travel and Transportation Expenses,,,020,Tokyo Branch,69700,0,10A100020,Cash,,,000,Common Department,11298552,2022-02
2462.0,1.0,160,Credit,2022-02-19,Business travel expense,10A100020,Cash,,,000,Common Department,0,69700,10E201230,Travel and Transportation Expenses,,,020,Tokyo Branch,114366352,2022-02
2458.0,1.0,45,Debit,2022-02-19,Meal expense Anonymized Store 079 5 people,10E200150,Entertainment Expenses,,,020,Tokyo Branch,19991,0,10A100020,Cash,,,000,Common Department,3888424,2022-02
2458.0,1.0,45,Credit,2022-02-19,Meal expense Anonymized Store 079 5 people,10A100020,Cash,,,000,Common Department,0,19991,10E200150,Entertainment Expenses,,,020,Tokyo Branch,114346361,2022-02
2458.0,2.0,45,Debit,2022-02-19,Meal expense Anonymized Store 025,10E200150,Entertainment Expenses,,,020,Tokyo Branch,28362,0,10A100020,Cash,,,000,Common Department,3916786,2022-02
2458.0,2.0,45,Credit,2022-02-19,Meal expense Anonymized Store 025,10A100020,Cash,,,000,Common Department,0,28362,10E200150,Entertainment Expenses,,,020,Tokyo Branch,114317999,2022-02
2459.0,1.0,59,Debit,2022-02-19,Travel expense,10E201230,Travel and Transportation Expenses,,,020,Tokyo Branch,45600,0,10A100020,Cash,,,000,Common Department,11344152,2022-02
2459.0,1.0,59,Credit,2022-02-19,Travel expense,10A100020,Cash,,,000,Common Department,0,45600,10E201230,Travel and Transportation Expenses,,,020,Tokyo Branch,114272399,2022-02
2463.0,1.0,1,Debit,2022-02-20,"Overtime meal, reduced tax rate",10E200140,Employee Welfare Expenses,,,000,Common Department,21600,0,10A100020,Cash,,,000,Common Department,4597182,2022-02
2463.0,1.0,1,Credit,2022-02-20,"Overtime meal, reduced tax rate",10A100020,Cash,,,000,Common Department,0,21600,10E200140,Employee Welfare Expenses,,,000,Common Department,114250799,2022-02
2477.0,1.0,101,Debit,2022-02-20,Advertising fee,10E200050,Advertising Expenses,,,040,Osaka Branch,52500,0,10B100630,Accounts Payable Other,,,000,Common Department,1879700,2022-02
2477.0,1.0,101,Credit,2022-02-20,Advertising fee,10B100630,Accounts Payable Other,,,000,Common Department,0,52500,10E200050,Advertising Expenses,,,040,Osaka Branch,10381519,2022-02
2477.0,2.0,101,Debit,2022-02-20,Voucher No. 445 dated 2/20 Anonymized Partner 058,10A100020,Cash,,,000,Common Department,1325236,0,10A100090,Accounts Receivable,11,Anonymized Partner 058,000,Common Department,115576035,2022-02
2477.0,2.0,101,Credit,2022-02-20,Voucher No. 445 dated 2/20 Anonymized Partner 058,10A100090,Accounts Receivable,11,Anonymized Partner 058,000,Common Department,0,1325236,10A100020,Cash,,,000,Common Department,46306472,2022-02
2478.0,1.0,102,Debit,2022-02-20,Voucher No. 446 dated 2/20 Anonymized Partner 014,10A100020,Ordinary Deposits,30,GHI Bank Nagoya Branch,000,Common Department,526466,0,10A100090,Accounts Receivable,21,Anonymized Partner 014,000,Common Department,116102501,2022-02
2478.0,1.0,102,Credit,2022-02-20,Voucher No. 446 dated 2/20 Anonymized Partner 014,10A100090,Accounts Receivable,21,Anonymized Partner 014,000,Common Department,0,526466,10A100020,Ordinary Deposits,30,GHI Bank Nagoya Branch,000,Common Department,45780006,2022-02
2478.0,2.0,102,Debit,2022-02-20,Voucher No. 446 dated 2/20 Anonymized Partner 014,10E200690,Service Fees,,,030,Nagoya Branch,472,0,10A100090,Accounts Receivable,21,Anonymized Partner 014,000,Common Department,126512,2022-02
2478.0,2.0,102,Credit,2022-02-20,Voucher No. 446 dated 2/20 Anonymized Partner 014,10A100090,Accounts Receivable,21,Anonymized Partner 014,000,Common Department,0,472,10E200690,Service Fees,,,030,Nagoya Branch,45779534,2022-02
2479.0,1.0,103,Debit,2022-02-20,Voucher No. 447 dated 2/20 Anonymized Partner 052,10A100020,Ordinary Deposits,20,ABC Bank Head Office,000,Common Department,2291137,0,10A100090,Accounts Receivable,30,Anonymized Partner 052,000,Common Department,118393638,2022-02
2479.0,1.0,103,Credit,2022-02-20,Voucher No. 447 dated 2/20 Anonymized Partner 052,10A100090,Accounts Receivable,30,Anonymized Partner 052,000,Common Department,0,2291137,10A100020,Ordinary Deposits,20,ABC Bank Head Office,000,Common Department,43488397,2022-02
2479.0,2.0,103,Debit,2022-02-20,Voucher No. 447 dated 2/20 Anonymized Partner 052,10E200690,Service Fees,,,020,Tokyo Branch,735,0,10A100090,Accounts Receivable,30,Anonymized Partner 052,000,Common Department,127247,2022-02
2479.0,2.0,103,Credit,2022-02-20,Voucher No. 447 dated 2/20 Anonymized Partner 052,10A100090,Accounts Receivable,30,Anonymized Partner 052,000,Common Department,0,735,10E200690,Service Fees,,,020,Tokyo Branch,43487662,2022-02
2480.0,1.0,104,Debit,2022-02-20,Voucher No. 336 dated 2/20 Anonymized Partner 047,10B100040,Accounts Payable,4,Anonymized Partner 047,000,Common Department,1466688,0,10A100020,Checking Deposits,1,ABC Bank,000,Common Department,57017070,2022-02
2480.0,1.0,104,Credit,2022-02-20,Voucher No. 336 dated 2/20 Anonymized Partner 047,10A100020,Checking Deposits,1,ABC Bank,000,Common Department,0,1466688,10B100040,Accounts Payable,4,Anonymized Partner 047,000,Common Department,116926950,2022-02
2481.0,1.0,105,Debit,2022-02-20,Voucher No. 337 dated 2/20 Anonymized Partner 054,10B100040,Accounts Payable,6,Anonymized Partner 054,000,Common Department,6893004,0,10A100020,Ordinary Deposits,20,ABC Bank Head Office,000,Common Department,50124066,2022-02
2481.0,1.0,105,Credit,2022-02-20,Voucher No. 337 dated 2/20 Anonymized Partner 054,10A100020,Ordinary Deposits,20,ABC Bank Head Office,000,Common Department,0,6893004,10B100040,Accounts Payable,6,Anonymized Partner 054,000,Common Department,110033946,2022-02
2482.0,1.0,106,Debit,2022-02-20,Voucher No. 338 dated 2/20 Anonymized Partner 067,10B100040,Accounts Payable,11,Anonymized Partner 067,000,Common Department,6049943,0,10B100030,Notes Payable,,,000,Common Department,44074123,2022-02
2482.0,1.0,106,Credit,2022-02-20,Voucher No. 338 dated 2/20 Anonymized Partner 067,10B100030,Notes Payable,,,000,Common Department,0,6049943,10B100040,Accounts Payable,11,Anonymized Partner 067,000,Common Department,63966235,2022-02
2483.0,1.0,118,Debit,2022-02-20,Copying expense expense,10E201110,Office Supplies Expenses,,,040,Osaka Branch,8012,0,10B100630,Accounts Payable Other,,,000,Common Department,1285924,2022-02
2483.0,1.0,118,Credit,2022-02-20,Copying expense expense,10B100630,Accounts Payable Other,,,000,Common Department,0,8012,10E201110,Office Supplies Expenses,,,040,Osaka Branch,10389531,2022-02
2484.0,1.0,132,Debit,2022-02-20,Electricity expense,10E201040,Utilities Expenses,,,040,Osaka Branch,83296,0,10A100020,Ordinary Deposits,40,JKL Bank Umeda Branch,000,Common Department,6057725,2022-02
2484.0,1.0,132,Credit,2022-02-20,Electricity expense,10A100020,Ordinary Deposits,40,JKL Bank Umeda Branch,000,Common Department,0,83296,10E201040,Utilities Expenses,,,040,Osaka Branch,109950650,2022-02
2484.0,2.0,132,Debit,2022-02-20,Water expense,10E201040,Utilities Expenses,,,040,Osaka Branch,5650,0,10A100020,Ordinary Deposits,40,JKL Bank Umeda Branch,000,Common Department,6063375,2022-02
2484.0,2.0,132,Credit,2022-02-20,Water expense,10A100020,Ordinary Deposits,40,JKL Bank Umeda Branch,000,Common Department,0,5650,10E201040,Utilities Expenses,,,040,Osaka Branch,109945000,2022-02
2485.0,1.0,135,Debit,2022-02-20,office supplies,10E201110,Office Supplies Expenses,,,040,Osaka Branch,2389,0,10B100630,Accounts Payable Other,,,000,Common Department,1288313,2022-02
2485.0,1.0,135,Credit,2022-02-20,office supplies,10B100630,Accounts Payable Other,,,000,Common Department,0,2389,10E201110,Office Supplies Expenses,,,040,Osaka Branch,10391920,2022-02
2486.0,1.0,144,Debit,2022-02-20,Gasoline,10E201120,Vehicle Expenses,,,040,Osaka Branch,4286,0,10A100020,Cash,,,000,Common Department,6405127,2022-02
2486.0,1.0,144,Credit,2022-02-20,Gasoline,10A100020,Cash,,,000,Common Department,0,4286,10E201120,Vehicle Expenses,,,040,Osaka Branch,109940714,2022-02
2486.0,2.0,144,Debit,2022-02-20,Gasoline,10E201120,Vehicle Expenses,,,040,Osaka Branch,5919,0,10A100020,Cash,,,000,Common Department,6411046,2022-02
2486.0,2.0,144,Credit,2022-02-20,Gasoline,10A100020,Cash,,,000,Common Department,0,5919,10E201120,Vehicle Expenses,,,040,Osaka Branch,109934795,2022-02
2487.0,1.0,153,Debit,2022-02-20,Meal expense Anonymized Store 064 2 people,10E200150,Entertainment Expenses,,,030,Nagoya Branch,9960,0,10A100020,Cash,,,000,Common Department,3926746,2022-02
2487.0,1.0,153,Credit,2022-02-20,Meal expense Anonymized Store 064 2 people,10A100020,Cash,,,000,Common Department,0,9960,10E200150,Entertainment Expenses,,,030,Nagoya Branch,109924835,2022-02
2488.0,1.0,163,Debit,2022-02-20,Membership fee,10E201140,Membership Fees,,,050,Kyushu Sales Office,18000,0,10A100020,Cash,,,000,Common Department,1222000,2022-02
2488.0,1.0,163,Credit,2022-02-20,Membership fee,10A100020,Cash,,,000,Common Department,0,18000,10E201140,Membership Fees,,,050,Kyushu Sales Office,109906835,2022-02
2489.0,1.0,169,Debit,2022-02-20,Electricity expense,10E201040,Utilities Expenses,,,050,Kyushu Sales Office,4286,0,10A100020,Ordinary Deposits,50,MNO Bank Kitakyushu Branch,000,Common Department,6067661,2022-02
2489.0,1.0,169,Credit,2022-02-20,Electricity expense,10A100020,Ordinary Deposits,50,MNO Bank Kitakyushu Branch,000,Common Department,0,4286,10E201040,Utilities Expenses,,,050,Kyushu Sales Office,109902549,2022-02
2489.0,2.0,169,Debit,2022-02-20,Water expense,10E201040,Utilities Expenses,,,050,Kyushu Sales Office,5919,0,10A100020,Ordinary Deposits,50,MNO Bank Kitakyushu Branch,000,Common Department,6073580,2022-02
2489.0,2.0,169,Credit,2022-02-20,Water expense,10A100020,Ordinary Deposits,50,MNO Bank Kitakyushu Branch,000,Common Department,0,5919,10E201040,Utilities Expenses,,,050,Kyushu Sales Office,109896630,2022-02
2464.0,1.0,31,Debit,2022-02-20,Copying expense expense,10E201110,Office Supplies Expenses,,,010,Sapporo Sales Office,3118,0,10B100630,Accounts Payable Other,,,000,Common Department,1291431,2022-02
2464.0,1.0,31,Credit,2022-02-20,Copying expense expense,10B100630,Accounts Payable Other,,,000,Common Department,0,3118,10E201110,Office Supplies Expenses,,,010,Sapporo Sales Office,10395038,2022-02
2465.0,1.0,34,Debit,2022-02-20,Electricity expense,10E201040,Utilities Expenses,,,010,Sapporo Sales Office,65379,0,10A100020,Ordinary Deposits,10,DEF Bank Station Branch,000,Common Department,6138959,2022-02
2465.0,1.0,34,Credit,2022-02-20,Electricity expense,10A100020,Ordinary Deposits,10,DEF Bank Station Branch,000,Common Department,0,65379,10E201040,Utilities Expenses,,,010,Sapporo Sales Office,109831251,2022-02
2465.0,2.0,34,Debit,2022-02-20,Water expense,10E201040,Utilities Expenses,,,010,Sapporo Sales Office,3634,0,10A100020,Ordinary Deposits,10,DEF Bank Station Branch,000,Common Department,6142593,2022-02
2465.0,2.0,34,Credit,2022-02-20,Water expense,10A100020,Ordinary Deposits,10,DEF Bank Station Branch,000,Common Department,0,3634,10E201040,Utilities Expenses,,,010,Sapporo Sales Office,109827617,2022-02
2466.0,1.0,38,Debit,2022-02-20,Lodging expense,10E200140,Employee Welfare Expenses,,,020,Tokyo Branch,48164,0,10B100630,Accounts Payable Other,,,000,Common Department,4645346,2022-02
2466.0,1.0,38,Credit,2022-02-20,Lodging expense,10B100630,Accounts Payable Other,,,000,Common Department,0,48164,10E200140,Employee Welfare Expenses,,,020,Tokyo Branch,10443202,2022-02
2467.0,1.0,48,Debit,2022-02-20,Gasoline,10E201120,Vehicle Expenses,,,020,Tokyo Branch,4303,0,10A100020,Cash,,,000,Common Department,6415349,2022-02
2467.0,1.0,48,Credit,2022-02-20,Gasoline,10A100020,Cash,,,000,Common Department,0,4303,10E201120,Vehicle Expenses,,,020,Tokyo Branch,109823314,2022-02
2468.0,1.0,53,Debit,2022-02-20,Expressway toll,10E201120,Vehicle Expenses,,,020,Tokyo Branch,381,0,10A100020,Cash,,,000,Common Department,6415730,2022-02
2468.0,1.0,53,Credit,2022-02-20,Expressway toll,10A100020,Cash,,,000,Common Department,0,381,10E201120,Vehicle Expenses,,,020,Tokyo Branch,109822933,2022-02
2468.0,2.0,53,Debit,2022-02-20,Expressway toll,10E201120,Vehicle Expenses,,,020,Tokyo Branch,1000,0,10A100020,Cash,,,000,Common Department,6416730,2022-02
2468.0,2.0,53,Credit,2022-02-20,Expressway toll,10A100020,Cash,,,000,Common Department,0,1000,10E201120,Vehicle Expenses,,,020,Tokyo Branch,109821933,2022-02
2468.0,3.0,53,Debit,2022-02-20,Expressway toll,10E201120,Vehicle Expenses,,,020,Tokyo Branch,1000,0,10A100020,Cash,,,000,Common Department,6417730,2022-02
2468.0,3.0,53,Credit,2022-02-20,Expressway toll,10A100020,Cash,,,000,Common Department,0,1000,10E201120,Vehicle Expenses,,,020,Tokyo Branch,109820933,2022-02
2469.0,1.0,64,Debit,2022-02-20,Electricity expense,10E201040,Utilities Expenses,,,020,Tokyo Branch,156878,0,10A100020,Ordinary Deposits,20,ABC Bank Head Office,000,Common Department,6299471,2022-02
2469.0,1.0,64,Credit,2022-02-20,Electricity expense,10A100020,Ordinary Deposits,20,ABC Bank Head Office,000,Common Department,0,156878,10E201040,Utilities Expenses,,,020,Tokyo Branch,109664055,2022-02
2469.0,2.0,64,Debit,2022-02-20,Water expense,10E201040,Utilities Expenses,,,020,Tokyo Branch,7190,0,10A100020,Ordinary Deposits,20,ABC Bank Head Office,000,Common Department,6306661,2022-02
2469.0,2.0,64,Credit,2022-02-20,Water expense,10A100020,Ordinary Deposits,20,ABC Bank Head Office,000,Common Department,0,7190,10E201040,Utilities Expenses,,,020,Tokyo Branch,109656865,2022-02
2470.0,1.0,66,Debit,2022-02-20,Wired service fee,10E201270,Miscellaneous Expenses,,,030,Nagoya Branch,5000,0,10B100630,Accounts Payable Other,,,000,Common Department,4929496,2022-02
2470.0,1.0,66,Credit,2022-02-20,Wired service fee,10B100630,Accounts Payable Other,,,000,Common Department,0,5000,10E201270,Miscellaneous Expenses,,,030,Nagoya Branch,10448202,2022-02
2471.0,1.0,68,Debit,2022-02-20,Copy counter charge,10E201110,Office Supplies Expenses,,,050,Kyushu Sales Office,6300,0,10B100630,Accounts Payable Other,,,000,Common Department,1297731,2022-02
2471.0,1.0,68,Credit,2022-02-20,Copy counter charge,10B100630,Accounts Payable Other,,,000,Common Department,0,6300,10E201110,Office Supplies Expenses,,,050,Kyushu Sales Office,10454502,2022-02
2472.0,1.0,71,Debit,2022-02-20,office supplies,10E201110,Office Supplies Expenses,,,020,Tokyo Branch,1505,0,10B100630,Accounts Payable Other,,,000,Common Department,1299236,2022-02
2472.0,1.0,71,Credit,2022-02-20,office supplies,10B100630,Accounts Payable Other,,,000,Common Department,0,1505,10E201110,Office Supplies Expenses,,,020,Tokyo Branch,10456007,2022-02
2472.0,2.0,71,Debit,2022-02-20,Copy counter charge,10E201110,Office Supplies Expenses,,,020,Tokyo Branch,34099,0,10B100630,Accounts Payable Other,,,000,Common Department,1333335,2022-02
2472.0,2.0,71,Credit,2022-02-20,Copy counter charge,10B100630,Accounts Payable Other,,,000,Common Department,0,34099,10E201110,Office Supplies Expenses,,,020,Tokyo Branch,10490106,2022-02
2473.0,1.0,74,Debit,2022-02-20,files and related supplies,10E200200,Supplies Expenses,,,000,Common Department,19396,0,10B100630,Accounts Payable Other,,,000,Common Department,2735139,2022-02
2473.0,1.0,74,Credit,2022-02-20,files and related supplies,10B100630,Accounts Payable Other,,,000,Common Department,0,19396,10E200200,Supplies Expenses,,,000,Common Department,10509502,2022-02
2473.0,2.0,74,Debit,2022-02-20,Drinking water,10E200200,Supplies Expenses,,,000,Common Department,232915,0,10B100630,Accounts Payable Other,,,000,Common Department,2968054,2022-02
2473.0,2.0,74,Credit,2022-02-20,Drinking water,10B100630,Accounts Payable Other,,,000,Common Department,0,232915,10E200200,Supplies Expenses,,,000,Common Department,10742417,2022-02
2473.0,3.0,74,Debit,2022-02-20,Business card expense,10E200200,Supplies Expenses,,,000,Common Department,52096,0,10B100630,Accounts Payable Other,,,000,Common Department,3020150,2022-02
2473.0,3.0,74,Credit,2022-02-20,Business card expense,10B100630,Accounts Payable Other,,,000,Common Department,0,52096,10E200200,Supplies Expenses,,,000,Common Department,10794513,2022-02
2474.0,1.0,89,Debit,2022-02-20,Electricity expense,10E201040,Utilities Expenses,,,030,Nagoya Branch,64140,0,10A100020,Ordinary Deposits,30,GHI Bank Nagoya Branch,000,Common Department,6370801,2022-02
2474.0,1.0,89,Credit,2022-02-20,Electricity expense,10A100020,Ordinary Deposits,30,GHI Bank Nagoya Branch,000,Common Department,0,64140,10E201040,Utilities Expenses,,,030,Nagoya Branch,109592725,2022-02
2474.0,2.0,89,Debit,2022-02-20,Water expense,10E201040,Utilities Expenses,,,030,Nagoya Branch,3072,0,10A100020,Ordinary Deposits,30,GHI Bank Nagoya Branch,000,Common Department,6373873,2022-02
2474.0,2.0,89,Credit,2022-02-20,Water expense,10A100020,Ordinary Deposits,30,GHI Bank Nagoya Branch,000,Common Department,0,3072,10E201040,Utilities Expenses,,,030,Nagoya Branch,109589653,2022-02
2474.0,3.0,89,Debit,2022-02-20,Gas expense,10E201040,Utilities Expenses,,,030,Nagoya Branch,3528,0,10A100020,Ordinary Deposits,30,GHI Bank Nagoya Branch,000,Common Department,6377401,2022-02
2474.0,3.0,89,Credit,2022-02-20,Gas expense,10A100020,Ordinary Deposits,30,GHI Bank Nagoya Branch,000,Common Department,0,3528,10E201040,Utilities Expenses,,,030,Nagoya Branch,109586125,2022-02
2475.0,1.0,97,Debit,2022-02-20,Copying expense expense,10E201110,Office Supplies Expenses,,,030,Nagoya Branch,40023,0,10B100630,Accounts Payable Other,,,000,Common Department,1373358,2022-02
2475.0,1.0,97,Credit,2022-02-20,Copying expense expense,10B100630,Accounts Payable Other,,,000,Common Department,0,40023,10E201110,Office Supplies Expenses,,,030,Nagoya Branch,10834536,2022-02
2476.0,1.0,98,Debit,2022-02-20,office supplies,10E201110,Office Supplies Expenses,,,030,Nagoya Branch,3156,0,10B100630,Accounts Payable Other,,,000,Common Department,1376514,2022-02
2476.0,1.0,98,Credit,2022-02-20,office supplies,10B100630,Accounts Payable Other,,,000,Common Department,0,3156,10E201110,Office Supplies Expenses,,,030,Nagoya Branch,10837692,2022-02
2495.0,1.0,137,Debit,2022-02-21,Wired service fee,10E201270,Miscellaneous Expenses,,,040,Osaka Branch,6000,0,10B100630,Accounts Payable Other,,,000,Common Department,4935496,2022-02
2495.0,1.0,137,Credit,2022-02-21,Wired service fee,10B100630,Accounts Payable Other,,,000,Common Department,0,6000,10E201270,Miscellaneous Expenses,,,040,Osaka Branch,10843692,2022-02
2495.0,2.0,137,Debit,2022-02-21,Security fee,10E201270,Miscellaneous Expenses,,,040,Osaka Branch,42858,0,10B100630,Accounts Payable Other,,,000,Common Department,4978354,2022-02
2495.0,2.0,137,Credit,2022-02-21,Security fee,10B100630,Accounts Payable Other,,,000,Common Department,0,42858,10E201270,Miscellaneous Expenses,,,040,Osaka Branch,10886550,2022-02
2495.0,3.0,137,Debit,2022-02-21,Expressway toll,10E201120,Vehicle Expenses,,,040,Osaka Branch,13541,0,10A100020,Ordinary Deposits,40,JKL Bank Umeda Branch,000,Common Department,6431271,2022-02
2495.0,3.0,137,Credit,2022-02-21,Expressway toll,10A100020,Ordinary Deposits,40,JKL Bank Umeda Branch,000,Common Department,0,13541,10E201120,Vehicle Expenses,,,040,Osaka Branch,109572584,2022-02
2495.0,4.0,137,Debit,2022-02-21,Cleaning fee,10E201270,Miscellaneous Expenses,,,040,Osaka Branch,56421,0,10B100630,Accounts Payable Other,,,000,Common Department,5034775,2022-02
2495.0,4.0,137,Credit,2022-02-21,Cleaning fee,10B100630,Accounts Payable Other,,,000,Common Department,0,56421,10E201270,Miscellaneous Expenses,,,040,Osaka Branch,10942971,2022-02
2492.0,1.0,25,Debit,2022-02-21,Travel expense,10E201230,Travel and Transportation Expenses,,,010,Sapporo Sales Office,56000,0,10A100020,Cash,,,000,Common Department,11400152,2022-02
2492.0,1.0,25,Credit,2022-02-21,Travel expense,10A100020,Cash,,,000,Common Department,0,56000,10E201230,Travel and Transportation Expenses,,,010,Sapporo Sales Office,109516584,2022-02
2493.0,1.0,27,Debit,2022-02-21,Travel expense,10E201230,Travel and Transportation Expenses,,,010,Sapporo Sales Office,41905,0,10A100020,Cash,,,000,Common Department,11442057,2022-02
2493.0,1.0,27,Credit,2022-02-21,Travel expense,10A100020,Cash,,,000,Common Department,0,41905,10E201230,Travel and Transportation Expenses,,,010,Sapporo Sales Office,109474679,2022-02
2493.0,2.0,27,Debit,2022-02-21,Travel expense,10E201230,Travel and Transportation Expenses,,,010,Sapporo Sales Office,28381,0,10A100020,Cash,,,000,Common Department,11470438,2022-02
2493.0,2.0,27,Credit,2022-02-21,Travel expense,10A100020,Cash,,,000,Common Department,0,28381,10E201230,Travel and Transportation Expenses,,,010,Sapporo Sales Office,109446298,2022-02
2493.0,3.0,27,Debit,2022-02-21,Travel expense,10E201230,Travel and Transportation Expenses,,,010,Sapporo Sales Office,30077,0,10A100020,Cash,,,000,Common Department,11500515,2022-02
2493.0,3.0,27,Credit,2022-02-21,Travel expense,10A100020,Cash,,,000,Common Department,0,30077,10E201230,Travel and Transportation Expenses,,,010,Sapporo Sales Office,109416221,2022-02
2490.0,1.0,6,Debit,2022-02-21,Advertising fee,10E200050,Advertising Expenses,,,010,Sapporo Sales Office,5000,0,10A100020,Cash,,,000,Common Department,1884700,2022-02
2490.0,1.0,6,Credit,2022-02-21,Advertising fee,10A100020,Cash,,,000,Common Department,0,5000,10E200050,Advertising Expenses,,,010,Sapporo Sales Office,109411221,2022-02
2491.0,1.0,8,Debit,2022-02-21,Regular meeting fee,10E200150,Entertainment Expenses,,,010,Sapporo Sales Office,20000,0,10A100020,Cash,,,000,Common Department,3946746,2022-02
2491.0,1.0,8,Credit,2022-02-21,Regular meeting fee,10A100020,Cash,,,000,Common Department,0,20000,10E200150,Entertainment Expenses,,,010,Sapporo Sales Office,109391221,2022-02
2494.0,1.0,80,Debit,2022-02-21,Membership fee Payment,10E200140,Employee Welfare Expenses,,,030,Nagoya Branch,417375,0,10B100630,Accounts Payable Other,,,000,Common Department,5062721,2022-02
2494.0,1.0,80,Credit,2022-02-21,Membership fee Payment,10B100630,Accounts Payable Other,,,000,Common Department,0,417375,10E200140,Employee Welfare Expenses,,,030,Nagoya Branch,11360346,2022-02
2496.0,1.0,12,Debit,2022-02-22,Gasoline,10E201120,Vehicle Expenses,,,010,Sapporo Sales Office,3810,0,10A100020,Cash,,,000,Common Department,6435081,2022-02
2496.0,1.0,12,Credit,2022-02-22,Gasoline,10A100020,Cash,,,000,Common Department,0,3810,10E201120,Vehicle Expenses,,,010,Sapporo Sales Office,109387411,2022-02
2496.0,2.0,12,Debit,2022-02-22,Gasoline,10E201120,Vehicle Expenses,,,010,Sapporo Sales Office,5715,0,10A100020,Cash,,,000,Common Department,6440796,2022-02
2496.0,2.0,12,Credit,2022-02-22,Gasoline,10A100020,Cash,,,000,Common Department,0,5715,10E201120,Vehicle Expenses,,,010,Sapporo Sales Office,109381696,2022-02
2499.0,1.0,155,Debit,2022-02-22,Gasoline,10E201120,Vehicle Expenses,,,050,Kyushu Sales Office,6222,0,10A100020,Cash,,,000,Common Department,6447018,2022-02
2499.0,1.0,155,Credit,2022-02-22,Gasoline,10A100020,Cash,,,000,Common Department,0,6222,10E201120,Vehicle Expenses,,,050,Kyushu Sales Office,109375474,2022-02
2500.0,1.0,166,Debit,2022-02-22,Anonymized Cleaning Company A expense,10E201270,Miscellaneous Expenses,,,050,Kyushu Sales Office,1890,0,10A100020,Cash,,,000,Common Department,5036665,2022-02
2500.0,1.0,166,Credit,2022-02-22,Anonymized Cleaning Company A expense,10A100020,Cash,,,000,Common Department,0,1890,10E201270,Miscellaneous Expenses,,,050,Kyushu Sales Office,109373584,2022-02
2497.0,1.0,90,Debit,2022-02-22,Anonymized Cleaning Company A expense,10E201270,Miscellaneous Expenses,,,030,Nagoya Branch,10500,0,10A100020,Cash,,,000,Common Department,5047165,2022-02
2497.0,1.0,90,Credit,2022-02-22,Anonymized Cleaning Company A expense,10A100020,Cash,,,000,Common Department,0,10500,10E201270,Miscellaneous Expenses,,,030,Nagoya Branch,109363084,2022-02
2498.0,1.0,95,Debit,2022-02-22,Cleaning fee,10E201270,Miscellaneous Expenses,,,030,Nagoya Branch,71675,0,10B100630,Accounts Payable Other,,,000,Common Department,5118840,2022-02
2498.0,1.0,95,Credit,2022-02-22,Cleaning fee,10B100630,Accounts Payable Other,,,000,Common Department,0,71675,10E201270,Miscellaneous Expenses,,,030,Nagoya Branch,11432021,2022-02
2508.0,1.0,140,Debit,2022-02-23,Travel expense,10E201230,Travel and Transportation Expenses,,,040,Osaka Branch,7400,0,10A100020,Cash,,,000,Common Department,11507915,2022-02
2508.0,1.0,140,Credit,2022-02-23,Travel expense,10A100020,Cash,,,000,Common Department,0,7400,10E201230,Travel and Transportation Expenses,,,040,Osaka Branch,109355684,2022-02
2509.0,1.0,156,Debit,2022-02-23,Business travel expense,10E201230,Travel and Transportation Expenses,,,050,Kyushu Sales Office,9500,0,10A100020,Cash,,,000,Common Department,11517415,2022-02
2509.0,1.0,156,Credit,2022-02-23,Business travel expense,10A100020,Cash,,,000,Common Department,0,9500,10E201230,Travel and Transportation Expenses,,,050,Kyushu Sales Office,109346184,2022-02
2503.0,1.0,26,Debit,2022-02-23,Travel expense,10E201230,Travel and Transportation Expenses,,,010,Sapporo Sales Office,11000,0,10A100020,Cash,,,000,Common Department,11528415,2022-02
2503.0,1.0,26,Credit,2022-02-23,Travel expense,10A100020,Cash,,,000,Common Department,0,11000,10E201230,Travel and Transportation Expenses,,,010,Sapporo Sales Office,109335184,2022-02
2504.0,1.0,28,Debit,2022-02-23,taxi expense,10E201230,Travel and Transportation Expenses,,,010,Sapporo Sales Office,2420,0,10B100630,Accounts Payable Other,,,000,Common Department,11530835,2022-02
2504.0,1.0,28,Credit,2022-02-23,taxi expense,10B100630,Accounts Payable Other,,,000,Common Department,0,2420,10E201230,Travel and Transportation Expenses,,,010,Sapporo Sales Office,11434441,2022-02
2501.0,1.0,3,Debit,2022-02-23,Lodging expense,10E200140,Employee Welfare Expenses,,,010,Sapporo Sales Office,28815,0,10B100630,Accounts Payable Other,,,000,Common Department,5091536,2022-02
2501.0,1.0,3,Credit,2022-02-23,Lodging expense,10B100630,Accounts Payable Other,,,000,Common Department,0,28815,10E200140,Employee Welfare Expenses,,,010,Sapporo Sales Office,11463256,2022-02
2505.0,1.0,54,Debit,2022-02-23,Expressway toll,10E201120,Vehicle Expenses,,,020,Tokyo Branch,1810,0,10A100020,Cash,,,000,Common Department,6448828,2022-02
2505.0,1.0,54,Credit,2022-02-23,Expressway toll,10A100020,Cash,,,000,Common Department,0,1810,10E201120,Vehicle Expenses,,,020,Tokyo Branch,109333374,2022-02
2505.0,2.0,54,Debit,2022-02-23,Expressway toll,10E201120,Vehicle Expenses,,,020,Tokyo Branch,2572,0,10A100020,Cash,,,000,Common Department,6451400,2022-02
2505.0,2.0,54,Credit,2022-02-23,Expressway toll,10A100020,Cash,,,000,Common Department,0,2572,10E201120,Vehicle Expenses,,,020,Tokyo Branch,109330802,2022-02
2506.0,1.0,61,Debit,2022-02-23,Tea expense,10E200140,Employee Welfare Expenses,,,050,Kyushu Sales Office,11080,0,10B100630,Accounts Payable Other,,,000,Common Department,5102616,2022-02
2506.0,1.0,61,Credit,2022-02-23,Tea expense,10B100630,Accounts Payable Other,,,000,Common Department,0,11080,10E200140,Employee Welfare Expenses,,,050,Kyushu Sales Office,11474336,2022-02
2507.0,1.0,84,Debit,2022-02-23,Month 2 Payroll Other 0001 Executive,10E200090,Directors' Compensation,,,020,Tokyo Branch,1124255,0,10A100020,Ordinary Deposits,20,ABC Bank Head Office,000,Common Department,18324255,2022-02
2507.0,1.0,84,Credit,2022-02-23,Month 2 Payroll Other 0001 Executive,10A100020,Ordinary Deposits,20,ABC Bank Head Office,000,Common Department,0,1124255,10E200090,Directors' Compensation,,,020,Tokyo Branch,108206547,2022-02
2507.0,2.0,84,Debit,2022-02-23,Month 2 Payroll Other 0001 Executive,10E200090,Directors' Compensation,,,020,Tokyo Branch,120411,0,10B100690,Deposits Received,1,Insurance Expenses,000,Common Department,18444666,2022-02
2507.0,2.0,84,Credit,2022-02-23,Month 2 Payroll Other 0001 Executive,10B100690,Deposits Received,1,Insurance Expenses,000,Common Department,0,120411,10E200090,Directors' Compensation,,,020,Tokyo Branch,5242911,2022-02
2507.0,3.0,84,Debit,2022-02-23,Month 2 Payroll Other 0001 Executive,10E200090,Directors' Compensation,,,020,Tokyo Branch,171200,0,10B100690,Deposits Received,2,Resident Tax,000,Common Department,18615866,2022-02
2507.0,3.0,84,Credit,2022-02-23,Month 2 Payroll Other 0001 Executive,10B100690,Deposits Received,2,Resident Tax,000,Common Department,0,171200,10E200090,Directors' Compensation,,,020,Tokyo Branch,5414111,2022-02
2507.0,4.0,84,Debit,2022-02-23,Month 2 Payroll Other 0001 Executive,10E200090,Directors' Compensation,,,020,Tokyo Branch,164442,0,10B100690,Deposits Received,3,Withholding Tax,000,Common Department,18780308,2022-02
2507.0,4.0,84,Credit,2022-02-23,Month 2 Payroll Other 0001 Executive,10B100690,Deposits Received,3,Withholding Tax,000,Common Department,0,164442,10E200090,Directors' Compensation,,,020,Tokyo Branch,5578553,2022-02
2507.0,5.0,84,Debit,2022-02-23,Month 2 Payroll Other 0001 Executive,10E200090,Directors' Compensation,,,020,Tokyo Branch,133972,0,10B100690,Deposits Received,4,Savings and Insurance,000,Common Department,18914280,2022-02
2507.0,5.0,84,Credit,2022-02-23,Month 2 Payroll Other 0001 Executive,10B100690,Deposits Received,4,Savings and Insurance,000,Common Department,0,133972,10E200090,Directors' Compensation,,,020,Tokyo Branch,5712525,2022-02
2507.0,6.0,84,Debit,2022-02-23,Month 2 Payroll Other 0001 Executive,10E200090,Directors' Compensation,,,020,Tokyo Branch,5720,0,10B100690,Deposits Received,9,Other,000,Common Department,18920000,2022-02
2507.0,6.0,84,Credit,2022-02-23,Month 2 Payroll Other 0001 Executive,10B100690,Deposits Received,9,Other,000,Common Department,0,5720,10E200090,Directors' Compensation,,,020,Tokyo Branch,5718245,2022-02
2507.0,7.0,84,Debit,2022-02-23,Month 2 Payroll Other 0020 Sales Department,10E200370,Salaries and Allowances,,,020,Tokyo Branch,1459122,0,10A100020,Ordinary Deposits,20,ABC Bank Head Office,000,Common Department,53331947,2022-02
2507.0,7.0,84,Credit,2022-02-23,Month 2 Payroll Other 0020 Sales Department,10A100020,Ordinary Deposits,20,ABC Bank Head Office,000,Common Department,0,1459122,10E200370,Salaries and Allowances,,,020,Tokyo Branch,106747425,2022-02
2507.0,8.0,84,Debit,2022-02-23,Month 2 Payroll Other 0020 Sales Department,10E200370,Salaries and Allowances,,,020,Tokyo Branch,236045,0,10B100690,Deposits Received,1,Insurance Expenses,000,Common Department,53567992,2022-02
2507.0,8.0,84,Credit,2022-02-23,Month 2 Payroll Other 0020 Sales Department,10B100690,Deposits Received,1,Insurance Expenses,000,Common Department,0,236045,10E200370,Salaries and Allowances,,,020,Tokyo Branch,5954290,2022-02
2507.0,9.0,84,Debit,2022-02-23,Month 2 Payroll Other 0020 Sales Department,10E200370,Salaries and Allowances,,,020,Tokyo Branch,104300,0,10B100690,Deposits Received,2,Resident Tax,000,Common Department,53672292,2022-02
2507.0,9.0,84,Credit,2022-02-23,Month 2 Payroll Other 0020 Sales Department,10B100690,Deposits Received,2,Resident Tax,000,Common Department,0,104300,10E200370,Salaries and Allowances,,,020,Tokyo Branch,6058590,2022-02
2507.0,10.0,84,Debit,2022-02-23,Month 2 Payroll Other 0020 Sales Department,10E200370,Salaries and Allowances,,,020,Tokyo Branch,35300,0,10B100690,Deposits Received,3,Withholding Tax,000,Common Department,53707592,2022-02
2507.0,10.0,84,Credit,2022-02-23,Month 2 Payroll Other 0020 Sales Department,10B100690,Deposits Received,3,Withholding Tax,000,Common Department,0,35300,10E200370,Salaries and Allowances,,,020,Tokyo Branch,6093890,2022-02
2507.0,11.0,84,Debit,2022-02-23,Month 2 Payroll Other 0020 Sales Department,10E200370,Salaries and Allowances,,,020,Tokyo Branch,43305,0,10B100690,Deposits Received,4,Savings and Insurance,000,Common Department,53750897,2022-02
2507.0,11.0,84,Credit,2022-02-23,Month 2 Payroll Other 0020 Sales Department,10B100690,Deposits Received,4,Savings and Insurance,000,Common Department,0,43305,10E200370,Salaries and Allowances,,,020,Tokyo Branch,6137195,2022-02
2507.0,12.0,84,Debit,2022-02-23,Month 2 Payroll Other 0020 Sales Department,10E200370,Salaries and Allowances,,,020,Tokyo Branch,65259,0,10B100690,Deposits Received,9,Other,000,Common Department,53816156,2022-02
2507.0,12.0,84,Credit,2022-02-23,Month 2 Payroll Other 0020 Sales Department,10B100690,Deposits Received,9,Other,000,Common Department,0,65259,10E200370,Salaries and Allowances,,,020,Tokyo Branch,6202454,2022-02
2507.0,13.0,84,Debit,2022-02-23,Month 2 Payroll Other 1000 Sapporo Sales Office,10E200370,Salaries and Allowances,,,010,Sapporo Sales Office,615966,0,10A100020,Ordinary Deposits,20,ABC Bank Head Office,000,Common Department,54432122,2022-02
2507.0,13.0,84,Credit,2022-02-23,Month 2 Payroll Other 1000 Sapporo Sales Office,10A100020,Ordinary Deposits,20,ABC Bank Head Office,000,Common Department,0,615966,10E200370,Salaries and Allowances,,,010,Sapporo Sales Office,106131459,2022-02
2507.0,14.0,84,Debit,2022-02-23,Month 2 Payroll Other 1000 Sapporo Sales Office,10E200370,Salaries and Allowances,,,010,Sapporo Sales Office,103424,0,10B100690,Deposits Received,1,Insurance Expenses,000,Common Department,54535546,2022-02
2507.0,14.0,84,Credit,2022-02-23,Month 2 Payroll Other 1000 Sapporo Sales Office,10B100690,Deposits Received,1,Insurance Expenses,000,Common Department,0,103424,10E200370,Salaries and Allowances,,,010,Sapporo Sales Office,6305878,2022-02
2507.0,15.0,84,Debit,2022-02-23,Month 2 Payroll Other 1000 Sapporo Sales Office,10E200370,Salaries and Allowances,,,010,Sapporo Sales Office,46300,0,10B100690,Deposits Received,2,Resident Tax,000,Common Department,54581846,2022-02
2507.0,15.0,84,Credit,2022-02-23,Month 2 Payroll Other 1000 Sapporo Sales Office,10B100690,Deposits Received,2,Resident Tax,000,Common Department,0,46300,10E200370,Salaries and Allowances,,,010,Sapporo Sales Office,6352178,2022-02
2507.0,16.0,84,Debit,2022-02-23,Month 2 Payroll Other 1000 Sapporo Sales Office,10E200370,Salaries and Allowances,,,010,Sapporo Sales Office,14100,0,10B100690,Deposits Received,3,Withholding Tax,000,Common Department,54595946,2022-02
2507.0,16.0,84,Credit,2022-02-23,Month 2 Payroll Other 1000 Sapporo Sales Office,10B100690,Deposits Received,3,Withholding Tax,000,Common Department,0,14100,10E200370,Salaries and Allowances,,,010,Sapporo Sales Office,6366278,2022-02
2507.0,17.0,84,Debit,2022-02-23,Month 2 Payroll Other 1000 Sapporo Sales Office,10E200370,Salaries and Allowances,,,010,Sapporo Sales Office,50648,0,10B100690,Deposits Received,4,Savings and Insurance,000,Common Department,54646594,2022-02
2507.0,17.0,84,Credit,2022-02-23,Month 2 Payroll Other 1000 Sapporo Sales Office,10B100690,Deposits Received,4,Savings and Insurance,000,Common Department,0,50648,10E200370,Salaries and Allowances,,,010,Sapporo Sales Office,6416926,2022-02
2507.0,18.0,84,Debit,2022-02-23,Month 2 Payroll Other 1000 Sapporo Sales Office,10E200370,Salaries and Allowances,,,010,Sapporo Sales Office,42034,0,10B100690,Deposits Received,9,Other,000,Common Department,54688628,2022-02
2507.0,18.0,84,Credit,2022-02-23,Month 2 Payroll Other 1000 Sapporo Sales Office,10B100690,Deposits Received,9,Other,000,Common Department,0,42034,10E200370,Salaries and Allowances,,,010,Sapporo Sales Office,6458960,2022-02
2507.0,19.0,84,Debit,2022-02-23,Month 2 Payroll Other 3000 Nagoya Sales Office,10E200370,Salaries and Allowances,,,030,Nagoya Branch,557677,0,10A100020,Ordinary Deposits,20,ABC Bank Head Office,000,Common Department,55246305,2022-02
2507.0,19.0,84,Credit,2022-02-23,Month 2 Payroll Other 3000 Nagoya Sales Office,10A100020,Ordinary Deposits,20,ABC Bank Head Office,000,Common Department,0,557677,10E200370,Salaries and Allowances,,,030,Nagoya Branch,105573782,2022-02
2507.0,20.0,84,Debit,2022-02-23,Month 2 Payroll Other 3000 Nagoya Sales Office,10E200370,Salaries and Allowances,,,030,Nagoya Branch,96352,0,10B100690,Deposits Received,1,Insurance Expenses,000,Common Department,55342657,2022-02
2507.0,20.0,84,Credit,2022-02-23,Month 2 Payroll Other 3000 Nagoya Sales Office,10B100690,Deposits Received,1,Insurance Expenses,000,Common Department,0,96352,10E200370,Salaries and Allowances,,,030,Nagoya Branch,6555312,2022-02
2507.0,21.0,84,Debit,2022-02-23,Month 2 Payroll Other 3000 Nagoya Sales Office,10E200370,Salaries and Allowances,,,030,Nagoya Branch,42600,0,10B100690,Deposits Received,2,Resident Tax,000,Common Department,55385257,2022-02
2507.0,21.0,84,Credit,2022-02-23,Month 2 Payroll Other 3000 Nagoya Sales Office,10B100690,Deposits Received,2,Resident Tax,000,Common Department,0,42600,10E200370,Salaries and Allowances,,,030,Nagoya Branch,6597912,2022-02
2507.0,22.0,84,Debit,2022-02-23,Month 2 Payroll Other 3000 Nagoya Sales Office,10E200370,Salaries and Allowances,,,030,Nagoya Branch,7960,0,10B100690,Deposits Received,3,Withholding Tax,000,Common Department,55393217,2022-02
2507.0,22.0,84,Credit,2022-02-23,Month 2 Payroll Other 3000 Nagoya Sales Office,10B100690,Deposits Received,3,Withholding Tax,000,Common Department,0,7960,10E200370,Salaries and Allowances,,,030,Nagoya Branch,6605872,2022-02
2507.0,23.0,84,Debit,2022-02-23,Month 2 Payroll Other 3000 Nagoya Sales Office,10E200370,Salaries and Allowances,,,030,Nagoya Branch,40759,0,10B100690,Deposits Received,4,Savings and Insurance,000,Common Department,55433976,2022-02
2507.0,23.0,84,Credit,2022-02-23,Month 2 Payroll Other 3000 Nagoya Sales Office,10B100690,Deposits Received,4,Savings and Insurance,000,Common Department,0,40759,10E200370,Salaries and Allowances,,,030,Nagoya Branch,6646631,2022-02
2507.0,24.0,84,Debit,2022-02-23,Month 2 Payroll Other 3000 Nagoya Sales Office,10E200370,Salaries and Allowances,,,030,Nagoya Branch,36691,0,10B100690,Deposits Received,9,Other,000,Common Department,55470667,2022-02
2507.0,24.0,84,Credit,2022-02-23,Month 2 Payroll Other 3000 Nagoya Sales Office,10B100690,Deposits Received,9,Other,000,Common Department,0,36691,10E200370,Salaries and Allowances,,,030,Nagoya Branch,6683322,2022-02
2507.0,25.0,84,Debit,2022-02-23,Month 2 Payroll Other 4000 Osaka Branch,10E200370,Salaries and Allowances,,,040,Osaka Branch,776468,0,10A100020,Ordinary Deposits,20,ABC Bank Head Office,000,Common Department,56247135,2022-02
2507.0,25.0,84,Credit,2022-02-23,Month 2 Payroll Other 4000 Osaka Branch,10A100020,Ordinary Deposits,20,ABC Bank Head Office,000,Common Department,0,776468,10E200370,Salaries and Allowances,,,040,Osaka Branch,104797314,2022-02
2507.0,26.0,84,Debit,2022-02-23,Month 2 Payroll Other 4000 Osaka Branch,10E200370,Salaries and Allowances,,,040,Osaka Branch,119477,0,10B100690,Deposits Received,1,Insurance Expenses,000,Common Department,56366612,2022-02
2507.0,26.0,84,Credit,2022-02-23,Month 2 Payroll Other 4000 Osaka Branch,10B100690,Deposits Received,1,Insurance Expenses,000,Common Department,0,119477,10E200370,Salaries and Allowances,,,040,Osaka Branch,6802799,2022-02
2507.0,27.0,84,Debit,2022-02-23,Month 2 Payroll Other 4000 Osaka Branch,10E200370,Salaries and Allowances,,,040,Osaka Branch,53400,0,10B100690,Deposits Received,2,Resident Tax,000,Common Department,56420012,2022-02
2507.0,27.0,84,Credit,2022-02-23,Month 2 Payroll Other 4000 Osaka Branch,10B100690,Deposits Received,2,Resident Tax,000,Common Department,0,53400,10E200370,Salaries and Allowances,,,040,Osaka Branch,6856199,2022-02
2507.0,28.0,84,Debit,2022-02-23,Month 2 Payroll Other 4000 Osaka Branch,10E200370,Salaries and Allowances,,,040,Osaka Branch,16950,0,10B100690,Deposits Received,3,Withholding Tax,000,Common Department,56436962,2022-02
2507.0,28.0,84,Credit,2022-02-23,Month 2 Payroll Other 4000 Osaka Branch,10B100690,Deposits Received,3,Withholding Tax,000,Common Department,0,16950,10E200370,Salaries and Allowances,,,040,Osaka Branch,6873149,2022-02
2507.0,29.0,84,Debit,2022-02-23,Month 2 Payroll Other 4000 Osaka Branch,10E200370,Salaries and Allowances,,,040,Osaka Branch,13570,0,10B100690,Deposits Received,4,Savings and Insurance,000,Common Department,56450532,2022-02
2507.0,29.0,84,Credit,2022-02-23,Month 2 Payroll Other 4000 Osaka Branch,10B100690,Deposits Received,4,Savings and Insurance,000,Common Department,0,13570,10E200370,Salaries and Allowances,,,040,Osaka Branch,6886719,2022-02
2507.0,30.0,84,Debit,2022-02-23,Month 2 Payroll Other 4000 Osaka Branch,10E200370,Salaries and Allowances,,,040,Osaka Branch,18388,0,10B100690,Deposits Received,9,Other,000,Common Department,56468920,2022-02
2507.0,30.0,84,Credit,2022-02-23,Month 2 Payroll Other 4000 Osaka Branch,10B100690,Deposits Received,9,Other,000,Common Department,0,18388,10E200370,Salaries and Allowances,,,040,Osaka Branch,6905107,2022-02
2507.0,31.0,84,Debit,2022-02-23,Month 2 Payroll Other 5000 Kyushu Sales Office,10E200370,Salaries and Allowances,,,050,Kyushu Sales Office,448558,0,10A100020,Ordinary Deposits,20,ABC Bank Head Office,000,Common Department,56917478,2022-02
2507.0,31.0,84,Credit,2022-02-23,Month 2 Payroll Other 5000 Kyushu Sales Office,10A100020,Ordinary Deposits,20,ABC Bank Head Office,000,Common Department,0,448558,10E200370,Salaries and Allowances,,,050,Kyushu Sales Office,104348756,2022-02
2507.0,32.0,84,Debit,2022-02-23,Month 2 Payroll Other 5000 Kyushu Sales Office,10E200370,Salaries and Allowances,,,050,Kyushu Sales Office,67268,0,10B100690,Deposits Received,1,Insurance Expenses,000,Common Department,56984746,2022-02
2507.0,32.0,84,Credit,2022-02-23,Month 2 Payroll Other 5000 Kyushu Sales Office,10B100690,Deposits Received,1,Insurance Expenses,000,Common Department,0,67268,10E200370,Salaries and Allowances,,,050,Kyushu Sales Office,6972375,2022-02
2507.0,33.0,84,Debit,2022-02-23,Month 2 Payroll Other 5000 Kyushu Sales Office,10E200370,Salaries and Allowances,,,050,Kyushu Sales Office,31700,0,10B100690,Deposits Received,2,Resident Tax,000,Common Department,57016446,2022-02
2507.0,33.0,84,Credit,2022-02-23,Month 2 Payroll Other 5000 Kyushu Sales Office,10B100690,Deposits Received,2,Resident Tax,000,Common Department,0,31700,10E200370,Salaries and Allowances,,,050,Kyushu Sales Office,7004075,2022-02
2507.0,34.0,84,Debit,2022-02-23,Month 2 Payroll Other 5000 Kyushu Sales Office,10E200370,Salaries and Allowances,,,050,Kyushu Sales Office,8180,0,10B100690,Deposits Received,3,Withholding Tax,000,Common Department,57024626,2022-02
2507.0,34.0,84,Credit,2022-02-23,Month 2 Payroll Other 5000 Kyushu Sales Office,10B100690,Deposits Received,3,Withholding Tax,000,Common Department,0,8180,10E200370,Salaries and Allowances,,,050,Kyushu Sales Office,7012255,2022-02
2507.0,35.0,84,Debit,2022-02-23,Month 2 Payroll Other 5000 Kyushu Sales Office,10E200370,Salaries and Allowances,,,050,Kyushu Sales Office,18540,0,10B100690,Deposits Received,4,Savings and Insurance,000,Common Department,57043166,2022-02
2507.0,35.0,84,Credit,2022-02-23,Month 2 Payroll Other 5000 Kyushu Sales Office,10B100690,Deposits Received,4,Savings and Insurance,000,Common Department,0,18540,10E200370,Salaries and Allowances,,,050,Kyushu Sales Office,7030795,2022-02
2507.0,36.0,84,Debit,2022-02-23,Month 2 Payroll Other 5000 Kyushu Sales Office,10E200370,Salaries and Allowances,,,050,Kyushu Sales Office,16343,0,10B100690,Deposits Received,9,Other,000,Common Department,57059509,2022-02
2507.0,36.0,84,Credit,2022-02-23,Month 2 Payroll Other 5000 Kyushu Sales Office,10B100690,Deposits Received,9,Other,000,Common Department,0,16343,10E200370,Salaries and Allowances,,,050,Kyushu Sales Office,7047138,2022-02
2502.0,1.0,9,Debit,2022-02-23,Condolence gift,10E200150,Entertainment Expenses,,,010,Sapporo Sales Office,10000,0,10A100020,Cash,,,000,Common Department,3956746,2022-02
2502.0,1.0,9,Credit,2022-02-23,Condolence gift,10A100020,Cash,,,000,Common Department,0,10000,10E200150,Entertainment Expenses,,,010,Sapporo Sales Office,104338756,2022-02
2502.0,2.0,9,Debit,2022-02-23,Flowers,10E200150,Entertainment Expenses,,,010,Sapporo Sales Office,12000,0,10A100020,Cash,,,000,Common Department,3968746,2022-02
2502.0,2.0,9,Credit,2022-02-23,Flowers,10A100020,Cash,,,000,Common Department,0,12000,10E200150,Entertainment Expenses,,,010,Sapporo Sales Office,104326756,2022-02
2514.0,1.0,104,Debit,2022-02-24,Cof fee expense 3 people,10E200150,Entertainment Expenses,,,040,Osaka Branch,1890,0,10A100020,Cash,,,000,Common Department,3970636,2022-02
2514.0,1.0,104,Credit,2022-02-24,Cof fee expense 3 people,10A100020,Cash,,,000,Common Department,0,1890,10E200150,Entertainment Expenses,,,040,Osaka Branch,104324866,2022-02
2515.0,1.0,120,Debit,2022-02-24,Outsourcing fee,10E200020,Sales Commissions,,,040,Osaka Branch,315000,0,10B100630,Accounts Payable Other,,,000,Common Department,22825167,2022-02
2515.0,1.0,120,Credit,2022-02-24,Outsourcing fee,10B100630,Accounts Payable Other,,,000,Common Department,0,315000,10E200020,Sales Commissions,,,040,Osaka Branch,11789336,2022-02
2516.0,1.0,157,Debit,2022-02-24,Airfare,10E201230,Travel and Transportation Expenses,,,050,Kyushu Sales Office,44000,0,10A100020,Ordinary Deposits,50,MNO Bank Kitakyushu Branch,000,Common Department,11574835,2022-02
2516.0,1.0,157,Credit,2022-02-24,Airfare,10A100020,Ordinary Deposits,50,MNO Bank Kitakyushu Branch,000,Common Department,0,44000,10E201230,Travel and Transportation Expenses,,,050,Kyushu Sales Office,104280866,2022-02
2517.0,1.0,172,Debit,2022-02-24,Outsourcing fee payment,10E200020,Sales Commissions,,,010,Sapporo Sales Office,122000,0,10B100630,Accounts Payable Other,,,000,Common Department,22947167,2022-02
2517.0,1.0,172,Credit,2022-02-24,Outsourcing fee payment,10B100630,Accounts Payable Other,,,000,Common Department,0,122000,10E200020,Sales Commissions,,,010,Sapporo Sales Office,11911336,2022-02
2510.0,1.0,75,Debit,2022-02-24,Cof fee expense 2 people,10E200150,Entertainment Expenses,,,020,Tokyo Branch,1260,0,10A100020,Cash,,,000,Common Department,3971896,2022-02
2510.0,1.0,75,Credit,2022-02-24,Cof fee expense 2 people,10A100020,Cash,,,000,Common Department,0,1260,10E200150,Entertainment Expenses,,,020,Tokyo Branch,104279606,2022-02
2511.0,1.0,78,Debit,2022-02-24,Outsourcing fee payment,10E200020,Sales Commissions,,,030,Nagoya Branch,189000,0,10B100630,Accounts Payable Other,,,000,Common Department,23136167,2022-02
2511.0,1.0,78,Credit,2022-02-24,Outsourcing fee payment,10B100630,Accounts Payable Other,,,000,Common Department,0,189000,10E200020,Sales Commissions,,,030,Nagoya Branch,12100336,2022-02
2512.0,1.0,83,Debit,2022-02-24,Vehicle management expense,10E201120,Vehicle Expenses,,,030,Nagoya Branch,38700,0,10A100020,Cash,,,000,Common Department,6490100,2022-02
2512.0,1.0,83,Credit,2022-02-24,Vehicle management expense,10A100020,Cash,,,000,Common Department,0,38700,10E201120,Vehicle Expenses,,,030,Nagoya Branch,104240906,2022-02
2513.0,1.0,87,Debit,2022-02-24,Mobile phone expense,10E200180,Communication Expenses,,,030,Nagoya Branch,71567,0,10A100020,Ordinary Deposits,30,GHI Bank Nagoya Branch,000,Common Department,11836821,2022-02
2513.0,1.0,87,Credit,2022-02-24,Mobile phone expense,10A100020,Ordinary Deposits,30,GHI Bank Nagoya Branch,000,Common Department,0,71567,10E200180,Communication Expenses,,,030,Nagoya Branch,104169339,2022-02
2522.0,1.0,107,Debit,2022-02-25,Voucher No. 448 dated 2/25 Anonymized Partner 057 | Sales voucher=20220131-113;Note number=R20220225-107-2,10A100060,Notes Receivable,,,000,Common Department,17480828,0,10A100090,Accounts Receivable,2,Anonymized Partner 057,000,Common Department,125683053,2022-02
2522.0,1.0,107,Credit,2022-02-25,Voucher No. 448 dated 2/25 Anonymized Partner 057 | Sales voucher=20220131-113;Note number=R20220225-107-2,10A100090,Accounts Receivable,2,Anonymized Partner 057,000,Common Department,0,17480828,10A100060,Notes Receivable,,,000,Common Department,26006834,2022-02
2523.0,1.0,108,Debit,2022-02-25,Voucher No. 449 dated 2/25 Anonymized Partner 042,10A100020,Ordinary Deposits,30,GHI Bank Nagoya Branch,000,Common Department,1733357,0,10A100090,Accounts Receivable,7,Anonymized Partner 042,000,Common Department,105902696,2022-02
2523.0,1.0,108,Credit,2022-02-25,Voucher No. 449 dated 2/25 Anonymized Partner 042,10A100090,Accounts Receivable,7,Anonymized Partner 042,000,Common Department,0,1733357,10A100020,Ordinary Deposits,30,GHI Bank Nagoya Branch,000,Common Department,24273477,2022-02
2523.0,2.0,108,Debit,2022-02-25,Voucher No. 449 dated 2/25 Anonymized Partner 042,10E200690,Service Fees,,,030,Nagoya Branch,735,0,10A100090,Accounts Receivable,7,Anonymized Partner 042,000,Common Department,127982,2022-02
2523.0,2.0,108,Credit,2022-02-25,Voucher No. 449 dated 2/25 Anonymized Partner 042,10A100090,Accounts Receivable,7,Anonymized Partner 042,000,Common Department,0,735,10E200690,Service Fees,,,030,Nagoya Branch,24272742,2022-02
2524.0,1.0,109,Debit,2022-02-25,Voucher No. 450 dated 2/25 Anonymized Partner 056,10A100020,Ordinary Deposits,40,JKL Bank Umeda Branch,000,Common Department,3998498,0,10A100090,Accounts Receivable,23,Anonymized Partner 056,000,Common Department,109901194,2022-02
2524.0,1.0,109,Credit,2022-02-25,Voucher No. 450 dated 2/25 Anonymized Partner 056,10A100090,Accounts Receivable,23,Anonymized Partner 056,000,Common Department,0,3998498,10A100020,Ordinary Deposits,40,JKL Bank Umeda Branch,000,Common Department,20274244,2022-02
2524.0,2.0,109,Debit,2022-02-25,Voucher No. 450 dated 2/25 Anonymized Partner 056,10E200690,Service Fees,,,040,Osaka Branch,630,0,10A100090,Accounts Receivable,23,Anonymized Partner 056,000,Common Department,128612,2022-02
2524.0,2.0,109,Credit,2022-02-25,Voucher No. 450 dated 2/25 Anonymized Partner 056,10A100090,Accounts Receivable,23,Anonymized Partner 056,000,Common Department,0,630,10E200690,Service Fees,,,040,Osaka Branch,20273614,2022-02
2525.0,1.0,110,Debit,2022-02-25,Voucher No. 451 dated 2/25 Anonymized Partner 033,10A100020,Ordinary Deposits,10,DEF Bank Station Branch,000,Common Department,4781918,0,10A100090,Accounts Receivable,25,Anonymized Partner 033,000,Common Department,114683112,2022-02
2525.0,1.0,110,Credit,2022-02-25,Voucher No. 451 dated 2/25 Anonymized Partner 033,10A100090,Accounts Receivable,25,Anonymized Partner 033,000,Common Department,0,4781918,10A100020,Ordinary Deposits,10,DEF Bank Station Branch,000,Common Department,15491696,2022-02
2525.0,2.0,110,Debit,2022-02-25,Voucher No. 451 dated 2/25 Anonymized Partner 033,10E200690,Service Fees,,,010,Sapporo Sales Office,840,0,10A100090,Accounts Receivable,25,Anonymized Partner 033,000,Common Department,129452,2022-02
2525.0,2.0,110,Credit,2022-02-25,Voucher No. 451 dated 2/25 Anonymized Partner 033,10A100090,Accounts Receivable,25,Anonymized Partner 033,000,Common Department,0,840,10E200690,Service Fees,,,010,Sapporo Sales Office,15490856,2022-02
2526.0,1.0,111,Debit,2022-02-25,taxi expense,10E201230,Travel and Transportation Expenses,,,040,Osaka Branch,14750,0,10B100630,Accounts Payable Other,,,000,Common Department,11589585,2022-02
2526.0,1.0,111,Credit,2022-02-25,taxi expense,10B100630,Accounts Payable Other,,,000,Common Department,0,14750,10E201230,Travel and Transportation Expenses,,,040,Osaka Branch,12115086,2022-02
2527.0,1.0,121,Debit,2022-02-25,Tea expense,10E200140,Employee Welfare Expenses,,,040,Osaka Branch,9500,0,10A100020,Cash,,,000,Common Department,5112116,2022-02
2527.0,1.0,121,Credit,2022-02-25,Tea expense,10A100020,Cash,,,000,Common Department,0,9500,10E200140,Employee Welfare Expenses,,,040,Osaka Branch,114673612,2022-02
2518.0,1.0,24,Debit,2022-02-25,Anonymized Railway Company A multi-ride ticket,10E201230,Travel and Transportation Expenses,,,010,Sapporo Sales Office,55850,0,10A100020,Cash,,,000,Common Department,11645435,2022-02
2518.0,1.0,24,Credit,2022-02-25,Anonymized Railway Company A multi-ride ticket,10A100020,Cash,,,000,Common Department,0,55850,10E201230,Travel and Transportation Expenses,,,010,Sapporo Sales Office,114617762,2022-02
2519.0,1.0,35,Debit,2022-02-25,Newspaper expense,10E201160,Books and Publications,,,010,Sapporo Sales Office,3925,0,10A100020,Cash,,,000,Common Department,253745,2022-02
2519.0,1.0,35,Credit,2022-02-25,Newspaper expense,10A100020,Cash,,,000,Common Department,0,3925,10E201160,Books and Publications,,,010,Sapporo Sales Office,114613837,2022-02
2520.0,1.0,37,Debit,2022-02-25,Outsourcing fee,10E200020,Sales Commissions,,,020,Tokyo Branch,754100,0,10B100630,Accounts Payable Other,,,000,Common Department,23890267,2022-02
2520.0,1.0,37,Credit,2022-02-25,Outsourcing fee,10B100630,Accounts Payable Other,,,000,Common Department,0,754100,10E200020,Sales Commissions,,,020,Tokyo Branch,12869186,2022-02
2521.0,1.0,60,Debit,2022-02-25,Travel expense,10E201230,Travel and Transportation Expenses,,,020,Tokyo Branch,10500,0,10A100020,Cash,,,000,Common Department,11655935,2022-02
2521.0,1.0,60,Credit,2022-02-25,Travel expense,10A100020,Cash,,,000,Common Department,0,10500,10E201230,Travel and Transportation Expenses,,,020,Tokyo Branch,114603337,2022-02
2533.0,1.0,109,Debit,2022-02-26,Gasoline,10E201120,Vehicle Expenses,,,040,Osaka Branch,46487,0,10B100630,Accounts Payable Other,,,000,Common Department,6536587,2022-02
2533.0,1.0,109,Credit,2022-02-26,Gasoline,10B100630,Accounts Payable Other,,,000,Common Department,0,46487,10E201120,Vehicle Expenses,,,040,Osaka Branch,12915673,2022-02
2534.0,1.0,113,Debit,2022-02-26,Mobile phone expense,10E200180,Communication Expenses,,,040,Osaka Branch,59831,0,10A100020,Ordinary Deposits,40,JKL Bank Umeda Branch,000,Common Department,11896652,2022-02
2534.0,1.0,113,Credit,2022-02-26,Mobile phone expense,10A100020,Ordinary Deposits,40,JKL Bank Umeda Branch,000,Common Department,0,59831,10E200180,Communication Expenses,,,040,Osaka Branch,114543506,2022-02
2535.0,1.0,114,Debit,2022-02-26,Newspaper expense,10E201160,Books and Publications,,,040,Osaka Branch,2540,0,10A100020,Cash,,,000,Common Department,256285,2022-02
2535.0,1.0,114,Credit,2022-02-26,Newspaper expense,10A100020,Cash,,,000,Common Department,0,2540,10E201160,Books and Publications,,,040,Osaka Branch,114540966,2022-02
2535.0,2.0,114,Debit,2022-02-26,Newspaper expense,10E201160,Books and Publications,,,040,Osaka Branch,2864,0,10A100020,Cash,,,000,Common Department,259149,2022-02
2535.0,2.0,114,Credit,2022-02-26,Newspaper expense,10A100020,Cash,,,000,Common Department,0,2864,10E201160,Books and Publications,,,040,Osaka Branch,114538102,2022-02
2536.0,1.0,131,Debit,2022-02-26,Membership fee,10E201140,Membership Fees,,,040,Osaka Branch,24000,0,10A100020,Ordinary Deposits,40,JKL Bank Umeda Branch,000,Common Department,1246000,2022-02
2536.0,1.0,131,Credit,2022-02-26,Membership fee,10A100020,Ordinary Deposits,40,JKL Bank Umeda Branch,000,Common Department,0,24000,10E201140,Membership Fees,,,040,Osaka Branch,114514102,2022-02
2537.0,1.0,146,Debit,2022-02-26,Outsourcing fee,10E200020,Sales Commissions,,,050,Kyushu Sales Office,168000,0,10B100630,Accounts Payable Other,,,000,Common Department,24058267,2022-02
2537.0,1.0,146,Credit,2022-02-26,Outsourcing fee,10B100630,Accounts Payable Other,,,000,Common Department,0,168000,10E200020,Sales Commissions,,,050,Kyushu Sales Office,13083673,2022-02
2538.0,1.0,170,Debit,2022-02-26,Newspaper expense,10E201160,Books and Publications,,,050,Kyushu Sales Office,3007,0,10A100020,Cash,,,000,Common Department,262156,2022-02
2538.0,1.0,170,Credit,2022-02-26,Newspaper expense,10A100020,Cash,,,000,Common Department,0,3007,10E201160,Books and Publications,,,050,Kyushu Sales Office,114511095,2022-02
2528.0,1.0,29,Debit,2022-02-26,Mobile phone expense,10E200180,Communication Expenses,,,010,Sapporo Sales Office,66751,0,10A100020,Ordinary Deposits,10,DEF Bank Station Branch,000,Common Department,11963403,2022-02
2528.0,1.0,29,Credit,2022-02-26,Mobile phone expense,10A100020,Ordinary Deposits,10,DEF Bank Station Branch,000,Common Department,0,66751,10E200180,Communication Expenses,,,010,Sapporo Sales Office,114444344,2022-02
2529.0,1.0,62,Debit,2022-02-26,Mobile phone expense,10E200180,Communication Expenses,,,020,Tokyo Branch,72648,0,10A100020,Ordinary Deposits,20,ABC Bank Head Office,000,Common Department,12036051,2022-02
2529.0,1.0,62,Credit,2022-02-26,Mobile phone expense,10A100020,Ordinary Deposits,20,ABC Bank Head Office,000,Common Department,0,72648,10E200180,Communication Expenses,,,020,Tokyo Branch,114371696,2022-02
2530.0,1.0,72,Debit,2022-02-26,Newspaper expense,10E201160,Books and Publications,,,020,Tokyo Branch,2864,0,10A100020,Cash,,,000,Common Department,265020,2022-02
2530.0,1.0,72,Credit,2022-02-26,Newspaper expense,10A100020,Cash,,,000,Common Department,0,2864,10E201160,Books and Publications,,,020,Tokyo Branch,114368832,2022-02
2530.0,2.0,72,Debit,2022-02-26,Newspaper expense,10E201160,Books and Publications,,,020,Tokyo Branch,2815,0,10A100020,Cash,,,000,Common Department,267835,2022-02
2530.0,2.0,72,Credit,2022-02-26,Newspaper expense,10A100020,Cash,,,000,Common Department,0,2815,10E201160,Books and Publications,,,020,Tokyo Branch,114366017,2022-02
2530.0,3.0,72,Debit,2022-02-26,Newspaper expense,10E201160,Books and Publications,,,020,Tokyo Branch,3399,0,10A100020,Cash,,,000,Common Department,271234,2022-02
2530.0,3.0,72,Credit,2022-02-26,Newspaper expense,10A100020,Cash,,,000,Common Department,0,3399,10E201160,Books and Publications,,,020,Tokyo Branch,114362618,2022-02
2531.0,1.0,82,Debit,2022-02-26,taxi expense,10E201230,Travel and Transportation Expenses,,,030,Nagoya Branch,4500,0,10A100020,Cash,,,000,Common Department,11660435,2022-02
2531.0,1.0,82,Credit,2022-02-26,taxi expense,10A100020,Cash,,,000,Common Department,0,4500,10E201230,Travel and Transportation Expenses,,,030,Nagoya Branch,114358118,2022-02
2532.0,1.0,88,Debit,2022-02-26,Newspaper expense,10E201160,Books and Publications,,,030,Nagoya Branch,3568,0,10A100020,Cash,,,000,Common Department,274802,2022-02
2532.0,1.0,88,Credit,2022-02-26,Newspaper expense,10A100020,Cash,,,000,Common Department,0,3568,10E201160,Books and Publications,,,030,Nagoya Branch,114354550,2022-02
2539.0,1.0,15,Debit,2022-02-27,Expressway toll,10E201120,Vehicle Expenses,,,010,Sapporo Sales Office,2100,0,10A100020,Cash,,,000,Common Department,6538687,2022-02
2539.0,1.0,15,Credit,2022-02-27,Expressway toll,10A100020,Cash,,,000,Common Department,0,2100,10E201120,Vehicle Expenses,,,010,Sapporo Sales Office,114352450,2022-02
2543.0,1.0,171,Debit,2022-02-27,Mobile phone expense,10E200180,Communication Expenses,,,050,Kyushu Sales Office,51396,0,10A100020,Ordinary Deposits,50,MNO Bank Kitakyushu Branch,000,Common Department,12087447,2022-02
2543.0,1.0,171,Credit,2022-02-27,Mobile phone expense,10A100020,Ordinary Deposits,50,MNO Bank Kitakyushu Branch,000,Common Department,0,51396,10E200180,Communication Expenses,,,050,Kyushu Sales Office,114301054,2022-02
2540.0,1.0,30,Debit,2022-02-27,Insurance Premium payment,10E200240,Insurance Expenses,,,010,Sapporo Sales Office,54320,0,10A100020,Ordinary Deposits,10,DEF Bank Station Branch,000,Common Department,3242520,2022-02
2540.0,1.0,30,Credit,2022-02-27,Insurance Premium payment,10A100020,Ordinary Deposits,10,DEF Bank Station Branch,000,Common Department,0,54320,10E200240,Insurance Expenses,,,010,Sapporo Sales Office,114246734,2022-02
2541.0,1.0,39,Debit,2022-02-27,Membership fee,10E200140,Employee Welfare Expenses,,,020,Tokyo Branch,9000,0,10A100020,Cash,,,000,Common Department,5121116,2022-02
2541.0,1.0,39,Credit,2022-02-27,Membership fee,10A100020,Cash,,,000,Common Department,0,9000,10E200140,Employee Welfare Expenses,,,020,Tokyo Branch,114237734,2022-02
2542.0,1.0,77,Debit,2022-02-27,Gasoline,10E201120,Vehicle Expenses,,,050,Kyushu Sales Office,4893,0,10A100020,Cash,,,000,Common Department,6543580,2022-02
2542.0,1.0,77,Credit,2022-02-27,Gasoline,10A100020,Cash,,,000,Common Department,0,4893,10E201120,Vehicle Expenses,,,050,Kyushu Sales Office,114232841,2022-02
2542.0,2.0,77,Debit,2022-02-27,Car wash expense,10E201120,Vehicle Expenses,,,050,Kyushu Sales Office,1143,0,10A100020,Cash,,,000,Common Department,6544723,2022-02
2542.0,2.0,77,Credit,2022-02-27,Car wash expense,10A100020,Cash,,,000,Common Department,0,1143,10E201120,Vehicle Expenses,,,050,Kyushu Sales Office,114231698,2022-02
2544.0,1.0,1,Debit,2022-02-28,Freight Anonymized Carrier B,10E200870,Freight Expenses,,,010,Sapporo Sales Office,129830,0,10B100630,Accounts Payable Other,,,000,Common Department,43756686,2022-02
2544.0,1.0,1,Credit,2022-02-28,Freight Anonymized Carrier B,10B100630,Accounts Payable Other,,,000,Common Department,0,129830,10E200870,Freight Expenses,,,010,Sapporo Sales Office,13213503,2022-02
2562.0,1.0,100,Debit,2022-02-28,Membership fee,10E200140,Employee Welfare Expenses,,,040,Osaka Branch,6000,0,10A100020,Cash,,,000,Common Department,5127116,2022-02
2562.0,1.0,100,Credit,2022-02-28,Membership fee,10A100020,Cash,,,000,Common Department,0,6000,10E200140,Employee Welfare Expenses,,,040,Osaka Branch,114225698,2022-02
2563.0,1.0,102,Debit,2022-02-28,Insurance Premium Withheld portion,10B100690,Deposits Received,1,Insurance Expenses,000,Common Department,742977,0,10A100020,Ordinary Deposits,20,ABC Bank Head Office,000,Common Department,6304161,2022-02
2563.0,1.0,102,Credit,2022-02-28,Insurance Premium Withheld portion,10A100020,Ordinary Deposits,20,ABC Bank Head Office,000,Common Department,0,742977,10B100690,Deposits Received,1,Insurance Expenses,000,Common Department,113482721,2022-02
2563.0,2.0,102,Debit,2022-02-28,Insurance Premium Employer contribution,10E200540,Statutory Welfare Expenses,,,020,Tokyo Branch,120411,0,10A100020,Ordinary Deposits,20,ABC Bank Head Office,000,Common Department,8720877,2022-02
2563.0,2.0,102,Credit,2022-02-28,Insurance Premium Employer contribution,10A100020,Ordinary Deposits,20,ABC Bank Head Office,000,Common Department,0,120411,10E200540,Statutory Welfare Expenses,,,020,Tokyo Branch,113362310,2022-02
2563.0,3.0,102,Debit,2022-02-28,Insurance Premium Employer contribution,10E200540,Statutory Welfare Expenses,,,020,Tokyo Branch,236045,0,10A100020,Ordinary Deposits,20,ABC Bank Head Office,000,Common Department,8956922,2022-02
2563.0,3.0,102,Credit,2022-02-28,Insurance Premium Employer contribution,10A100020,Ordinary Deposits,20,ABC Bank Head Office,000,Common Department,0,236045,10E200540,Statutory Welfare Expenses,,,020,Tokyo Branch,113126265,2022-02
2563.0,4.0,102,Debit,2022-02-28,Insurance Premium Employer contribution,10E200540,Statutory Welfare Expenses,,,010,Sapporo Sales Office,103424,0,10A100020,Ordinary Deposits,20,ABC Bank Head Office,000,Common Department,9060346,2022-02
2563.0,4.0,102,Credit,2022-02-28,Insurance Premium Employer contribution,10A100020,Ordinary Deposits,20,ABC Bank Head Office,000,Common Department,0,103424,10E200540,Statutory Welfare Expenses,,,010,Sapporo Sales Office,113022841,2022-02
2563.0,5.0,102,Debit,2022-02-28,Insurance Premium Employer contribution,10E200540,Statutory Welfare Expenses,,,030,Nagoya Branch,96352,0,10A100020,Ordinary Deposits,20,ABC Bank Head Office,000,Common Department,9156698,2022-02
2563.0,5.0,102,Credit,2022-02-28,Insurance Premium Employer contribution,10A100020,Ordinary Deposits,20,ABC Bank Head Office,000,Common Department,0,96352,10E200540,Statutory Welfare Expenses,,,030,Nagoya Branch,112926489,2022-02
2563.0,6.0,102,Debit,2022-02-28,Insurance Premium Employer contribution,10E200540,Statutory Welfare Expenses,,,040,Osaka Branch,119477,0,10A100020,Ordinary Deposits,20,ABC Bank Head Office,000,Common Department,9276175,2022-02
2563.0,6.0,102,Credit,2022-02-28,Insurance Premium Employer contribution,10A100020,Ordinary Deposits,20,ABC Bank Head Office,000,Common Department,0,119477,10E200540,Statutory Welfare Expenses,,,040,Osaka Branch,112807012,2022-02
2563.0,7.0,102,Debit,2022-02-28,Insurance Premium Employer contribution,10E200540,Statutory Welfare Expenses,,,050,Kyushu Sales Office,67268,0,10A100020,Ordinary Deposits,20,ABC Bank Head Office,000,Common Department,9343443,2022-02
2563.0,7.0,102,Credit,2022-02-28,Insurance Premium Employer contribution,10A100020,Ordinary Deposits,20,ABC Bank Head Office,000,Common Department,0,67268,10E200540,Statutory Welfare Expenses,,,050,Kyushu Sales Office,112739744,2022-02
2563.0,8.0,102,Debit,2022-02-28,Child allowance contribution Employer contribution,10E200540,Statutory Welfare Expenses,,,020,Tokyo Branch,11056,0,10A100020,Ordinary Deposits,20,ABC Bank Head Office,000,Common Department,9354499,2022-02
2563.0,8.0,102,Credit,2022-02-28,Child allowance contribution Employer contribution,10A100020,Ordinary Deposits,20,ABC Bank Head Office,000,Common Department,0,11056,10E200540,Statutory Welfare Expenses,,,020,Tokyo Branch,112728688,2022-02
2564.0,1.0,108,Debit,2022-02-28,Meal expense Anonymized Store 044 3 people,10E200150,Entertainment Expenses,,,040,Osaka Branch,21330,0,10A100020,Cash,,,000,Common Department,3993226,2022-02
2564.0,1.0,108,Credit,2022-02-28,Meal expense Anonymized Store 044 3 people,10A100020,Cash,,,000,Common Department,0,21330,10E200150,Entertainment Expenses,,,040,Osaka Branch,112707358,2022-02
2565.0,1.0,111,Debit,2022-02-28,2/1-2/28 periodSales,10A100090,Accounts Receivable,14,Anonymized Partner 066,000,Common Department,1492021,0,10D100100,Gross Sales,,,010,Sapporo Sales Office,16982877,2022-02
2565.0,1.0,111,Credit,2022-02-28,2/1-2/28 periodSales,10D100100,Gross Sales,,,010,Sapporo Sales Office,0,1492021,10A100090,Accounts Receivable,14,Anonymized Partner 066,000,Common Department,721885860,2022-02
2565.0,2.0,111,Debit,2022-02-28,2/1-2/28 periodSales,10A100090,Accounts Receivable,25,Anonymized Partner 033,000,Common Department,3741296,0,10D100100,Gross Sales,,,010,Sapporo Sales Office,20724173,2022-02
2565.0,2.0,111,Credit,2022-02-28,2/1-2/28 periodSales,10D100100,Gross Sales,,,010,Sapporo Sales Office,0,3741296,10A100090,Accounts Receivable,25,Anonymized Partner 033,000,Common Department,725627156,2022-02
2565.0,3.0,111,Debit,2022-02-28,2/1-2/28 periodSales,10A100090,Accounts Receivable,5,Anonymized Partner 030,000,Common Department,1394098,0,10D100100,Gross Sales,,,010,Sapporo Sales Office,22118271,2022-02
2565.0,3.0,111,Credit,2022-02-28,2/1-2/28 periodSales,10D100100,Gross Sales,,,010,Sapporo Sales Office,0,1394098,10A100090,Accounts Receivable,5,Anonymized Partner 030,000,Common Department,727021254,2022-02
2566.0,1.0,112,Debit,2022-02-28,2/1-2/28 periodSales,10A100090,Accounts Receivable,12,Anonymized Partner 065,000,Common Department,7423367,0,10D100100,Gross Sales,,,020,Tokyo Branch,29541638,2022-02
2566.0,1.0,112,Credit,2022-02-28,2/1-2/28 periodSales,10D100100,Gross Sales,,,020,Tokyo Branch,0,7423367,10A100090,Accounts Receivable,12,Anonymized Partner 065,000,Common Department,734444621,2022-02
2566.0,2.0,112,Debit,2022-02-28,2/1-2/28 periodSales,10A100090,Accounts Receivable,26,Anonymized Partner 082,000,Common Department,1096632,0,10D100100,Gross Sales,,,020,Tokyo Branch,30638270,2022-02
2566.0,2.0,112,Credit,2022-02-28,2/1-2/28 periodSales,10D100100,Gross Sales,,,020,Tokyo Branch,0,1096632,10A100090,Accounts Receivable,26,Anonymized Partner 082,000,Common Department,735541253,2022-02
2566.0,3.0,112,Debit,2022-02-28,2/1-2/28 periodSales,10A100090,Accounts Receivable,30,Anonymized Partner 052,000,Common Department,1425220,0,10D100100,Gross Sales,,,020,Tokyo Branch,32063490,2022-02
2566.0,3.0,112,Credit,2022-02-28,2/1-2/28 periodSales,10D100100,Gross Sales,,,020,Tokyo Branch,0,1425220,10A100090,Accounts Receivable,30,Anonymized Partner 052,000,Common Department,736966473,2022-02
2566.0,4.0,112,Debit,2022-02-28,2/1-2/28 periodSales,10A100090,Accounts Receivable,2,Anonymized Partner 057,000,Common Department,13269523,0,10D100100,Gross Sales,,,020,Tokyo Branch,45333013,2022-02
2566.0,4.0,112,Credit,2022-02-28,2/1-2/28 periodSales,10D100100,Gross Sales,,,020,Tokyo Branch,0,13269523,10A100090,Accounts Receivable,2,Anonymized Partner 057,000,Common Department,750235996,2022-02
2566.0,5.0,112,Debit,2022-02-28,2/1-2/28 periodSales,10A100090,Accounts Receivable,24,Anonymized Partner 081,000,Common Department,226620,0,10D100100,Gross Sales,,,020,Tokyo Branch,45559633,2022-02
2566.0,5.0,112,Credit,2022-02-28,2/1-2/28 periodSales,10D100100,Gross Sales,,,020,Tokyo Branch,0,226620,10A100090,Accounts Receivable,24,Anonymized Partner 081,000,Common Department,750462616,2022-02
2566.0,6.0,112,Debit,2022-02-28,2/1-2/28 periodSales,10A100090,Accounts Receivable,11,Anonymized Partner 058,000,Common Department,806985,0,10D100100,Gross Sales,,,020,Tokyo Branch,46366618,2022-02
2566.0,6.0,112,Credit,2022-02-28,2/1-2/28 periodSales,10D100100,Gross Sales,,,020,Tokyo Branch,0,806985,10A100090,Accounts Receivable,11,Anonymized Partner 058,000,Common Department,751269601,2022-02
2566.0,7.0,112,Debit,2022-02-28,2/1-2/28 periodSales,10A100090,Accounts Receivable,13,Anonymized Partner 023,000,Common Department,1024020,0,10D100100,Gross Sales,,,020,Tokyo Branch,47390638,2022-02
2566.0,7.0,112,Credit,2022-02-28,2/1-2/28 periodSales,10D100100,Gross Sales,,,020,Tokyo Branch,0,1024020,10A100090,Accounts Receivable,13,Anonymized Partner 023,000,Common Department,752293621,2022-02
2566.0,8.0,112,Debit,2022-02-28,2/1-2/28 periodSales,10A100090,Accounts Receivable,14,Anonymized Partner 066,000,Common Department,1540024,0,10D100100,Gross Sales,,,020,Tokyo Branch,48930662,2022-02
2566.0,8.0,112,Credit,2022-02-28,2/1-2/28 periodSales,10D100100,Gross Sales,,,020,Tokyo Branch,0,1540024,10A100090,Accounts Receivable,14,Anonymized Partner 066,000,Common Department,753833645,2022-02
2566.0,9.0,112,Debit,2022-02-28,2/1-2/28 periodSales,10A100090,Accounts Receivable,10,Anonymized Partner 012,000,Common Department,140000,0,10D100100,Gross Sales,,,020,Tokyo Branch,49070662,2022-02
2566.0,9.0,112,Credit,2022-02-28,2/1-2/28 periodSales,10D100100,Gross Sales,,,020,Tokyo Branch,0,140000,10A100090,Accounts Receivable,10,Anonymized Partner 012,000,Common Department,753973645,2022-02
2567.0,1.0,113,Debit,2022-02-28,2/1-2/28 periodSales,10A100090,Accounts Receivable,21,Anonymized Partner 014,000,Common Department,482866,0,10D100100,Gross Sales,,,030,Nagoya Branch,49553528,2022-02
2567.0,1.0,113,Credit,2022-02-28,2/1-2/28 periodSales,10D100100,Gross Sales,,,030,Nagoya Branch,0,482866,10A100090,Accounts Receivable,21,Anonymized Partner 014,000,Common Department,754456511,2022-02
2567.0,2.0,113,Debit,2022-02-28,2/1-2/28 periodSales,10A100090,Accounts Receivable,6,Anonymized Partner 061,000,Common Department,1033750,0,10D100100,Gross Sales,,,030,Nagoya Branch,50587278,2022-02
2567.0,2.0,113,Credit,2022-02-28,2/1-2/28 periodSales,10D100100,Gross Sales,,,030,Nagoya Branch,0,1033750,10A100090,Accounts Receivable,6,Anonymized Partner 061,000,Common Department,755490261,2022-02
2567.0,3.0,113,Debit,2022-02-28,2/1-2/28 periodSales,10A100090,Accounts Receivable,7,Anonymized Partner 042,000,Common Department,1323972,0,10D100100,Gross Sales,,,030,Nagoya Branch,51911250,2022-02
2567.0,3.0,113,Credit,2022-02-28,2/1-2/28 periodSales,10D100100,Gross Sales,,,030,Nagoya Branch,0,1323972,10A100090,Accounts Receivable,7,Anonymized Partner 042,000,Common Department,756814233,2022-02
2567.0,4.0,113,Debit,2022-02-28,2/1-2/28 periodSales,10A100090,Accounts Receivable,14,Anonymized Partner 066,000,Common Department,1256285,0,10D100100,Gross Sales,,,030,Nagoya Branch,53167535,2022-02
2567.0,4.0,113,Credit,2022-02-28,2/1-2/28 periodSales,10D100100,Gross Sales,,,030,Nagoya Branch,0,1256285,10A100090,Accounts Receivable,14,Anonymized Partner 066,000,Common Department,758070518,2022-02
2567.0,5.0,113,Debit,2022-02-28,2/1-2/28 periodSales,10A100090,Accounts Receivable,27,Anonymized Partner 025,000,Common Department,919584,0,10D100100,Gross Sales,,,030,Nagoya Branch,54087119,2022-02
2567.0,5.0,113,Credit,2022-02-28,2/1-2/28 periodSales,10D100100,Gross Sales,,,030,Nagoya Branch,0,919584,10A100090,Accounts Receivable,27,Anonymized Partner 025,000,Common Department,758990102,2022-02
2567.0,6.0,113,Debit,2022-02-28,2/1-2/28 periodSales,10A100090,Accounts Receivable,19,Anonymized Partner 045,000,Common Department,352450,0,10D100100,Gross Sales,,,030,Nagoya Branch,54439569,2022-02
2567.0,6.0,113,Credit,2022-02-28,2/1-2/28 periodSales,10D100100,Gross Sales,,,030,Nagoya Branch,0,352450,10A100090,Accounts Receivable,19,Anonymized Partner 045,000,Common Department,759342552,2022-02
2568.0,1.0,114,Debit,2022-02-28,2/1-2/28 periodSales,10A100090,Accounts Receivable,28,Anonymized Partner 072,000,Common Department,6175852,0,10D100100,Gross Sales,,,040,Osaka Branch,60615421,2022-02
2568.0,1.0,114,Credit,2022-02-28,2/1-2/28 periodSales,10D100100,Gross Sales,,,040,Osaka Branch,0,6175852,10A100090,Accounts Receivable,28,Anonymized Partner 072,000,Common Department,765518404,2022-02
2568.0,2.0,114,Debit,2022-02-28,2/1-2/28 periodSales,10A100090,Accounts Receivable,14,Anonymized Partner 066,000,Common Department,2468352,0,10D100100,Gross Sales,,,040,Osaka Branch,63083773,2022-02
2568.0,2.0,114,Credit,2022-02-28,2/1-2/28 periodSales,10D100100,Gross Sales,,,040,Osaka Branch,0,2468352,10A100090,Accounts Receivable,14,Anonymized Partner 066,000,Common Department,767986756,2022-02
2568.0,3.0,114,Debit,2022-02-28,2/1-2/28 periodSales,10A100090,Accounts Receivable,4,Anonymized Partner 032,000,Common Department,1290240,0,10D100100,Gross Sales,,,040,Osaka Branch,64374013,2022-02
2568.0,3.0,114,Credit,2022-02-28,2/1-2/28 periodSales,10D100100,Gross Sales,,,040,Osaka Branch,0,1290240,10A100090,Accounts Receivable,4,Anonymized Partner 032,000,Common Department,769276996,2022-02
2568.0,4.0,114,Debit,2022-02-28,2/1-2/28 periodSales,10A100090,Accounts Receivable,9,Anonymized Partner 026,000,Common Department,1713160,0,10D100100,Gross Sales,,,040,Osaka Branch,66087173,2022-02
2568.0,4.0,114,Credit,2022-02-28,2/1-2/28 periodSales,10D100100,Gross Sales,,,040,Osaka Branch,0,1713160,10A100090,Accounts Receivable,9,Anonymized Partner 026,000,Common Department,770990156,2022-02
2568.0,5.0,114,Debit,2022-02-28,2/1-2/28 periodSales,10A100090,Accounts Receivable,20,Anonymized Partner 079,000,Common Department,794114,0,10D100100,Gross Sales,,,040,Osaka Branch,66881287,2022-02
2568.0,5.0,114,Credit,2022-02-28,2/1-2/28 periodSales,10D100100,Gross Sales,,,040,Osaka Branch,0,794114,10A100090,Accounts Receivable,20,Anonymized Partner 079,000,Common Department,771784270,2022-02
2568.0,6.0,114,Debit,2022-02-28,2/1-2/28 periodSales,10A100090,Accounts Receivable,3,Anonymized Partner 085,000,Common Department,828232,0,10D100100,Gross Sales,,,040,Osaka Branch,67709519,2022-02
2568.0,6.0,114,Credit,2022-02-28,2/1-2/28 periodSales,10D100100,Gross Sales,,,040,Osaka Branch,0,828232,10A100090,Accounts Receivable,3,Anonymized Partner 085,000,Common Department,772612502,2022-02
2568.0,7.0,114,Debit,2022-02-28,2/1-2/28 periodSales,10A100090,Accounts Receivable,8,Anonymized Partner 073,000,Common Department,649800,0,10D100100,Gross Sales,,,040,Osaka Branch,68359319,2022-02
2568.0,7.0,114,Credit,2022-02-28,2/1-2/28 periodSales,10D100100,Gross Sales,,,040,Osaka Branch,0,649800,10A100090,Accounts Receivable,8,Anonymized Partner 073,000,Common Department,773262302,2022-02
2568.0,8.0,114,Debit,2022-02-28,2/1-2/28 periodSales,10A100090,Accounts Receivable,23,Anonymized Partner 056,000,Common Department,534144,0,10D100100,Gross Sales,,,040,Osaka Branch,68893463,2022-02
2568.0,8.0,114,Credit,2022-02-28,2/1-2/28 periodSales,10D100100,Gross Sales,,,040,Osaka Branch,0,534144,10A100090,Accounts Receivable,23,Anonymized Partner 056,000,Common Department,773796446,2022-02
2569.0,1.0,115,Debit,2022-02-28,2/1-2/28 periodSales,10A100090,Accounts Receivable,14,Anonymized Partner 066,000,Common Department,1202181,0,10D100100,Gross Sales,,,050,Kyushu Sales Office,70095644,2022-02
2569.0,1.0,115,Credit,2022-02-28,2/1-2/28 periodSales,10D100100,Gross Sales,,,050,Kyushu Sales Office,0,1202181,10A100090,Accounts Receivable,14,Anonymized Partner 066,000,Common Department,774998627,2022-02
2569.0,2.0,115,Debit,2022-02-28,2/1-2/28 periodSales,10A100090,Accounts Receivable,22,Anonymized Partner 070,000,Common Department,1056168,0,10D100100,Gross Sales,,,050,Kyushu Sales Office,71151812,2022-02
2569.0,2.0,115,Credit,2022-02-28,2/1-2/28 periodSales,10D100100,Gross Sales,,,050,Kyushu Sales Office,0,1056168,10A100090,Accounts Receivable,22,Anonymized Partner 070,000,Common Department,776054795,2022-02
2569.0,3.0,115,Debit,2022-02-28,2/1-2/28 periodSales,10A100090,Accounts Receivable,1,Anonymized Partner 068,000,Common Department,1608844,0,10D100100,Gross Sales,,,050,Kyushu Sales Office,72760656,2022-02
2569.0,3.0,115,Credit,2022-02-28,2/1-2/28 periodSales,10D100100,Gross Sales,,,050,Kyushu Sales Office,0,1608844,10A100090,Accounts Receivable,1,Anonymized Partner 068,000,Common Department,777663639,2022-02
2569.0,4.0,115,Debit,2022-02-28,2/1-2/28 periodSales,10A100090,Accounts Receivable,29,Anonymized Partner 049,000,Common Department,486020,0,10D100100,Gross Sales,,,050,Kyushu Sales Office,73246676,2022-02
2569.0,4.0,115,Credit,2022-02-28,2/1-2/28 periodSales,10D100100,Gross Sales,,,050,Kyushu Sales Office,0,486020,10A100090,Accounts Receivable,29,Anonymized Partner 049,000,Common Department,778149659,2022-02
2569.0,5.0,115,Debit,2022-02-28,Insurance Expenses,10E200240,Insurance Expenses,,,040,Osaka Branch,64500,0,10A100020,Ordinary Deposits,40,JKL Bank Umeda Branch,000,Common Department,3307020,2022-02
2569.0,5.0,115,Credit,2022-02-28,Insurance Expenses,10A100020,Ordinary Deposits,40,JKL Bank Umeda Branch,000,Common Department,0,64500,10E200240,Insurance Expenses,,,040,Osaka Branch,112642858,2022-02
2570.0,1.0,116,Debit,2022-02-28,lease fee,10E200730,Land and Building Rent,,,040,Osaka Branch,84000,0,10A100020,Ordinary Deposits,40,JKL Bank Umeda Branch,000,Common Department,3022500,2022-02
2570.0,1.0,116,Credit,2022-02-28,lease fee,10A100020,Ordinary Deposits,40,JKL Bank Umeda Branch,000,Common Department,0,84000,10E200730,Land and Building Rent,,,040,Osaka Branch,112558858,2022-02
2570.0,2.0,116,Debit,2022-02-28,Voucher No. 452 dated 2/28 Anonymized Partner 032,10A100020,Ordinary Deposits,40,JKL Bank Umeda Branch,000,Common Department,1024980,0,10A100090,Accounts Receivable,4,Anonymized Partner 032,000,Common Department,113583838,2022-02
2570.0,2.0,116,Credit,2022-02-28,Voucher No. 452 dated 2/28 Anonymized Partner 032,10A100090,Accounts Receivable,4,Anonymized Partner 032,000,Common Department,0,1024980,10A100020,Ordinary Deposits,40,JKL Bank Umeda Branch,000,Common Department,72221696,2022-02
2570.0,3.0,116,Debit,2022-02-28,Voucher No. 452 dated 2/28 Anonymized Partner 032,10E200690,Service Fees,,,040,Osaka Branch,840,0,10A100090,Accounts Receivable,4,Anonymized Partner 032,000,Common Department,130292,2022-02
2570.0,3.0,116,Credit,2022-02-28,Voucher No. 452 dated 2/28 Anonymized Partner 032,10A100090,Accounts Receivable,4,Anonymized Partner 032,000,Common Department,0,840,10E200690,Service Fees,,,040,Osaka Branch,72220856,2022-02
2571.0,1.0,117,Debit,2022-02-28,Voucher No. 453 dated 2/28 Anonymized Partner 030,10A100020,Ordinary Deposits,10,DEF Bank Station Branch,000,Common Department,1624854,0,10A100090,Accounts Receivable,5,Anonymized Partner 030,000,Common Department,115208692,2022-02
2571.0,1.0,117,Credit,2022-02-28,Voucher No. 453 dated 2/28 Anonymized Partner 030,10A100090,Accounts Receivable,5,Anonymized Partner 030,000,Common Department,0,1624854,10A100020,Ordinary Deposits,10,DEF Bank Station Branch,000,Common Department,70596002,2022-02
2571.0,2.0,117,Debit,2022-02-28,Voucher No. 453 dated 2/28 Anonymized Partner 030,10E200690,Service Fees,,,010,Sapporo Sales Office,840,0,10A100090,Accounts Receivable,5,Anonymized Partner 030,000,Common Department,131132,2022-02
2571.0,2.0,117,Credit,2022-02-28,Voucher No. 453 dated 2/28 Anonymized Partner 030,10A100090,Accounts Receivable,5,Anonymized Partner 030,000,Common Department,0,840,10E200690,Service Fees,,,010,Sapporo Sales Office,70595162,2022-02
2572.0,1.0,118,Debit,2022-02-28,Voucher No. 454 dated 2/28 Anonymized Partner 012,10A100020,Cash,,,000,Common Department,357664,0,10A100090,Accounts Receivable,10,Anonymized Partner 012,000,Common Department,115566356,2022-02
2572.0,1.0,118,Credit,2022-02-28,Voucher No. 454 dated 2/28 Anonymized Partner 012,10A100090,Accounts Receivable,10,Anonymized Partner 012,000,Common Department,0,357664,10A100020,Cash,,,000,Common Department,70237498,2022-02
2573.0,1.0,119,Debit,2022-02-28,Voucher No. 455 dated 2/28 Anonymized Partner 065 | Sales voucher=20220131-113;Note number=R20220228-119-12,10A100060,Notes Receivable,,,000,Common Department,11583188,0,10A100090,Accounts Receivable,12,Anonymized Partner 065,000,Common Department,137266241,2022-02
2573.0,1.0,119,Credit,2022-02-28,Voucher No. 455 dated 2/28 Anonymized Partner 065 | Sales voucher=20220131-113;Note number=R20220228-119-12,10A100090,Accounts Receivable,12,Anonymized Partner 065,000,Common Department,0,11583188,10A100060,Notes Receivable,,,000,Common Department,58654310,2022-02
2574.0,1.0,120,Debit,2022-02-28,Voucher No. 456 dated 2/28 Anonymized Partner 081,10A100020,Ordinary Deposits,20,ABC Bank Head Office,000,Common Department,535410,0,10A100090,Accounts Receivable,24,Anonymized Partner 081,000,Common Department,116101766,2022-02
2574.0,1.0,120,Credit,2022-02-28,Voucher No. 456 dated 2/28 Anonymized Partner 081,10A100090,Accounts Receivable,24,Anonymized Partner 081,000,Common Department,0,535410,10A100020,Ordinary Deposits,20,ABC Bank Head Office,000,Common Department,58118900,2022-02
2574.0,2.0,120,Debit,2022-02-28,Voucher No. 456 dated 2/28 Anonymized Partner 081,10E200690,Service Fees,,,020,Tokyo Branch,630,0,10A100090,Accounts Receivable,24,Anonymized Partner 081,000,Common Department,131762,2022-02
2574.0,2.0,120,Credit,2022-02-28,Voucher No. 456 dated 2/28 Anonymized Partner 081,10A100090,Accounts Receivable,24,Anonymized Partner 081,000,Common Department,0,630,10E200690,Service Fees,,,020,Tokyo Branch,58118270,2022-02
2575.0,1.0,121,Debit,2022-02-28,Voucher No. 457 dated 2/28 Anonymized Partner 049,10A100020,Ordinary Deposits,50,MNO Bank Kitakyushu Branch,000,Common Department,362240,0,10A100090,Accounts Receivable,29,Anonymized Partner 049,000,Common Department,116464006,2022-02
2575.0,1.0,121,Credit,2022-02-28,Voucher No. 457 dated 2/28 Anonymized Partner 049,10A100090,Accounts Receivable,29,Anonymized Partner 049,000,Common Department,0,362240,10A100020,Ordinary Deposits,50,MNO Bank Kitakyushu Branch,000,Common Department,57756030,2022-02
2575.0,2.0,121,Debit,2022-02-28,Voucher No. 457 dated 2/28 Anonymized Partner 049,10E200690,Service Fees,,,050,Kyushu Sales Office,210,0,10A100090,Accounts Receivable,29,Anonymized Partner 049,000,Common Department,131972,2022-02
2575.0,2.0,121,Credit,2022-02-28,Voucher No. 457 dated 2/28 Anonymized Partner 049,10A100090,Accounts Receivable,29,Anonymized Partner 049,000,Common Department,0,210,10E200690,Service Fees,,,050,Kyushu Sales Office,57755820,2022-02
2576.0,1.0,122,Debit,2022-02-28,2/1-2/28 period Purchases,10E100130,Merchandise Purchases,,,010,Sapporo Sales Office,224733,0,10B100040,Accounts Payable,2,Anonymized Partner 046,000,Common Department,429674383,2022-02
2576.0,1.0,122,Credit,2022-02-28,2/1-2/28 period Purchases,10B100040,Accounts Payable,2,Anonymized Partner 046,000,Common Department,0,224733,10E100130,Merchandise Purchases,,,010,Sapporo Sales Office,44298856,2022-02
2576.0,2.0,122,Debit,2022-02-28,2/1-2/28 period Purchases,10E100130,Merchandise Purchases,,,010,Sapporo Sales Office,26208,0,10B100040,Accounts Payable,8,Anonymized Partner 063,000,Common Department,429700591,2022-02
2576.0,2.0,122,Credit,2022-02-28,2/1-2/28 period Purchases,10B100040,Accounts Payable,8,Anonymized Partner 063,000,Common Department,0,26208,10E100130,Merchandise Purchases,,,010,Sapporo Sales Office,44325064,2022-02
2577.0,1.0,123,Debit,2022-02-28,2/1-2/28 period Purchases,10E100130,Merchandise Purchases,,,020,Tokyo Branch,3385746,0,10B100040,Accounts Payable,14,Anonymized Partner 011,000,Common Department,433086337,2022-02
2577.0,1.0,123,Credit,2022-02-28,2/1-2/28 period Purchases,10B100040,Accounts Payable,14,Anonymized Partner 011,000,Common Department,0,3385746,10E100130,Merchandise Purchases,,,020,Tokyo Branch,47710810,2022-02
2577.0,2.0,123,Debit,2022-02-28,2/1-2/28 period Purchases,10E100130,Merchandise Purchases,,,020,Tokyo Branch,3726253,0,10B100040,Accounts Payable,3,Anonymized Partner 085,000,Common Department,436812590,2022-02
2577.0,2.0,123,Credit,2022-02-28,2/1-2/28 period Purchases,10B100040,Accounts Payable,3,Anonymized Partner 085,000,Common Department,0,3726253,10E100130,Merchandise Purchases,,,020,Tokyo Branch,51437063,2022-02
2577.0,3.0,123,Debit,2022-02-28,2/1-2/28 period Purchases,10E100130,Merchandise Purchases,,,020,Tokyo Branch,1292036,0,10B100040,Accounts Payable,13,Anonymized Partner 027,000,Common Department,438104626,2022-02
2577.0,3.0,123,Credit,2022-02-28,2/1-2/28 period Purchases,10B100040,Accounts Payable,13,Anonymized Partner 027,000,Common Department,0,1292036,10E100130,Merchandise Purchases,,,020,Tokyo Branch,52729099,2022-02
2577.0,4.0,123,Debit,2022-02-28,2/1-2/28 period Purchases,10E100130,Merchandise Purchases,,,020,Tokyo Branch,4705170,0,10B100040,Accounts Payable,1,Anonymized Partner 043,000,Common Department,442809796,2022-02
2577.0,4.0,123,Credit,2022-02-28,2/1-2/28 period Purchases,10B100040,Accounts Payable,1,Anonymized Partner 043,000,Common Department,0,4705170,10E100130,Merchandise Purchases,,,020,Tokyo Branch,57434269,2022-02
2577.0,5.0,123,Debit,2022-02-28,2/1-2/28 period Purchases,10E100130,Merchandise Purchases,,,020,Tokyo Branch,3661476,0,10B100040,Accounts Payable,11,Anonymized Partner 067,000,Common Department,446471272,2022-02
2577.0,5.0,123,Credit,2022-02-28,2/1-2/28 period Purchases,10B100040,Accounts Payable,11,Anonymized Partner 067,000,Common Department,0,3661476,10E100130,Merchandise Purchases,,,020,Tokyo Branch,61095745,2022-02
2577.0,6.0,123,Debit,2022-02-28,2/1-2/28 period Purchases,10E100130,Merchandise Purchases,,,020,Tokyo Branch,255528,0,10B100040,Accounts Payable,12,Anonymized Partner 059,000,Common Department,446726800,2022-02
2577.0,6.0,123,Credit,2022-02-28,2/1-2/28 period Purchases,10B100040,Accounts Payable,12,Anonymized Partner 059,000,Common Department,0,255528,10E100130,Merchandise Purchases,,,020,Tokyo Branch,61351273,2022-02
2577.0,7.0,123,Debit,2022-02-28,2/1-2/28 period Purchases,10E100130,Merchandise Purchases,,,020,Tokyo Branch,361670,0,10B100040,Accounts Payable,8,Anonymized Partner 063,000,Common Department,447088470,2022-02
2577.0,7.0,123,Credit,2022-02-28,2/1-2/28 period Purchases,10B100040,Accounts Payable,8,Anonymized Partner 063,000,Common Department,0,361670,10E100130,Merchandise Purchases,,,020,Tokyo Branch,61712943,2022-02
2577.0,8.0,123,Debit,2022-02-28,2/1-2/28 period Purchases,10E100130,Merchandise Purchases,,,020,Tokyo Branch,554953,0,10B100040,Accounts Payable,2,Anonymized Partner 046,000,Common Department,447643423,2022-02
2577.0,8.0,123,Credit,2022-02-28,2/1-2/28 period Purchases,10B100040,Accounts Payable,2,Anonymized Partner 046,000,Common Department,0,554953,10E100130,Merchandise Purchases,,,020,Tokyo Branch,62267896,2022-02
2578.0,1.0,124,Debit,2022-02-28,2/1-2/28 period Purchases,10E100130,Merchandise Purchases,,,030,Nagoya Branch,2042022,0,10B100040,Accounts Payable,9,Anonymized Partner 029,000,Common Department,449685445,2022-02
2578.0,1.0,124,Credit,2022-02-28,2/1-2/28 period Purchases,10B100040,Accounts Payable,9,Anonymized Partner 029,000,Common Department,0,2042022,10E100130,Merchandise Purchases,,,030,Nagoya Branch,64309918,2022-02
2578.0,2.0,124,Debit,2022-02-28,2/1-2/28 period Purchases,10E100130,Merchandise Purchases,,,030,Nagoya Branch,1144940,0,10B100040,Accounts Payable,15,Anonymized Partner 074,000,Common Department,450830385,2022-02
2578.0,2.0,124,Credit,2022-02-28,2/1-2/28 period Purchases,10B100040,Accounts Payable,15,Anonymized Partner 074,000,Common Department,0,1144940,10E100130,Merchandise Purchases,,,030,Nagoya Branch,65454858,2022-02
2578.0,3.0,124,Debit,2022-02-28,2/1-2/28 period Purchases,10E100130,Merchandise Purchases,,,030,Nagoya Branch,3221820,0,10B100040,Accounts Payable,7,Anonymized Partner 048,000,Common Department,454052205,2022-02
2578.0,3.0,124,Credit,2022-02-28,2/1-2/28 period Purchases,10B100040,Accounts Payable,7,Anonymized Partner 048,000,Common Department,0,3221820,10E100130,Merchandise Purchases,,,030,Nagoya Branch,68676678,2022-02
2578.0,4.0,124,Debit,2022-02-28,2/1-2/28 period Purchases,10E100130,Merchandise Purchases,,,030,Nagoya Branch,105486,0,10B100040,Accounts Payable,2,Anonymized Partner 046,000,Common Department,454157691,2022-02
2578.0,4.0,124,Credit,2022-02-28,2/1-2/28 period Purchases,10B100040,Accounts Payable,2,Anonymized Partner 046,000,Common Department,0,105486,10E100130,Merchandise Purchases,,,030,Nagoya Branch,68782164,2022-02
2578.0,5.0,124,Debit,2022-02-28,2/1-2/28 period Purchases,10E100130,Merchandise Purchases,,,030,Nagoya Branch,52416,0,10B100040,Accounts Payable,8,Anonymized Partner 063,000,Common Department,454210107,2022-02
2578.0,5.0,124,Credit,2022-02-28,2/1-2/28 period Purchases,10B100040,Accounts Payable,8,Anonymized Partner 063,000,Common Department,0,52416,10E100130,Merchandise Purchases,,,030,Nagoya Branch,68834580,2022-02
2579.0,1.0,125,Debit,2022-02-28,2/1-2/28 period Purchases,10E100130,Merchandise Purchases,,,040,Osaka Branch,4236496,0,10B100040,Accounts Payable,5,Anonymized Partner 010,000,Common Department,458446603,2022-02
2579.0,1.0,125,Credit,2022-02-28,2/1-2/28 period Purchases,10B100040,Accounts Payable,5,Anonymized Partner 010,000,Common Department,0,4236496,10E100130,Merchandise Purchases,,,040,Osaka Branch,73071076,2022-02
2579.0,2.0,125,Debit,2022-02-28,2/1-2/28 period Purchases,10E100130,Merchandise Purchases,,,040,Osaka Branch,1046118,0,10B100040,Accounts Payable,4,Anonymized Partner 047,000,Common Department,459492721,2022-02
2579.0,2.0,125,Credit,2022-02-28,2/1-2/28 period Purchases,10B100040,Accounts Payable,4,Anonymized Partner 047,000,Common Department,0,1046118,10E100130,Merchandise Purchases,,,040,Osaka Branch,74117194,2022-02
2579.0,3.0,125,Debit,2022-02-28,2/1-2/28 period Purchases,10E100130,Merchandise Purchases,,,040,Osaka Branch,2656388,0,10B100040,Accounts Payable,10,Anonymized Partner 009,000,Common Department,462149109,2022-02
2579.0,3.0,125,Credit,2022-02-28,2/1-2/28 period Purchases,10B100040,Accounts Payable,10,Anonymized Partner 009,000,Common Department,0,2656388,10E100130,Merchandise Purchases,,,040,Osaka Branch,76773582,2022-02
2579.0,4.0,125,Debit,2022-02-28,2/1-2/28 period Purchases,10E100130,Merchandise Purchases,,,040,Osaka Branch,3218877,0,10B100040,Accounts Payable,6,Anonymized Partner 054,000,Common Department,465367986,2022-02
2579.0,4.0,125,Credit,2022-02-28,2/1-2/28 period Purchases,10B100040,Accounts Payable,6,Anonymized Partner 054,000,Common Department,0,3218877,10E100130,Merchandise Purchases,,,040,Osaka Branch,79992459,2022-02
2579.0,5.0,125,Debit,2022-02-28,2/1-2/28 period Purchases,10E100130,Merchandise Purchases,,,040,Osaka Branch,536607,0,10B100040,Accounts Payable,2,Anonymized Partner 046,000,Common Department,465904593,2022-02
2579.0,5.0,125,Credit,2022-02-28,2/1-2/28 period Purchases,10B100040,Accounts Payable,2,Anonymized Partner 046,000,Common Department,0,536607,10E100130,Merchandise Purchases,,,040,Osaka Branch,80529066,2022-02
2579.0,6.0,125,Debit,2022-02-28,2/1-2/28 period Purchases,10E100130,Merchandise Purchases,,,040,Osaka Branch,52416,0,10B100040,Accounts Payable,8,Anonymized Partner 063,000,Common Department,465957009,2022-02
2579.0,6.0,125,Credit,2022-02-28,2/1-2/28 period Purchases,10B100040,Accounts Payable,8,Anonymized Partner 063,000,Common Department,0,52416,10E100130,Merchandise Purchases,,,040,Osaka Branch,80581482,2022-02
2580.0,1.0,126,Debit,2022-02-28,2/1-2/28 period Purchases,10E100130,Merchandise Purchases,,,050,Kyushu Sales Office,26208,0,10B100040,Accounts Payable,8,Anonymized Partner 063,000,Common Department,465983217,2022-02
2580.0,1.0,126,Credit,2022-02-28,2/1-2/28 period Purchases,10B100040,Accounts Payable,8,Anonymized Partner 063,000,Common Department,0,26208,10E100130,Merchandise Purchases,,,050,Kyushu Sales Office,80607690,2022-02
2580.0,2.0,126,Debit,2022-02-28,2/1-2/28 period Purchases,10E100130,Merchandise Purchases,,,050,Kyushu Sales Office,165109,0,10B100040,Accounts Payable,2,Anonymized Partner 046,000,Common Department,466148326,2022-02
2580.0,2.0,126,Credit,2022-02-28,2/1-2/28 period Purchases,10B100040,Accounts Payable,2,Anonymized Partner 046,000,Common Department,0,165109,10E100130,Merchandise Purchases,,,050,Kyushu Sales Office,80772799,2022-02
2581.0,1.0,127,Debit,2022-02-28,Voucher No. 339 dated 2/28 Anonymized Partner 046,10B100040,Accounts Payable,2,Anonymized Partner 046,000,Common Department,1377066,0,10A100020,Ordinary Deposits,20,ABC Bank Head Office,000,Common Department,79395733,2022-02
2581.0,1.0,127,Credit,2022-02-28,Voucher No. 339 dated 2/28 Anonymized Partner 046,10A100020,Ordinary Deposits,20,ABC Bank Head Office,000,Common Department,0,1377066,10B100040,Accounts Payable,2,Anonymized Partner 046,000,Common Department,115086940,2022-02
2582.0,1.0,128,Debit,2022-02-28,Voucher No. 340 dated 2/28 Anonymized Partner 010,10B100040,Accounts Payable,5,Anonymized Partner 010,000,Common Department,5649316,0,10B100030,Notes Payable,,,000,Common Department,73746417,2022-02
2582.0,1.0,128,Credit,2022-02-28,Voucher No. 340 dated 2/28 Anonymized Partner 010,10B100030,Notes Payable,,,000,Common Department,0,5649316,10B100040,Accounts Payable,5,Anonymized Partner 010,000,Common Department,69615551,2022-02
2583.0,1.0,129,Debit,2022-02-28,Voucher No. 341 dated 2/28 Anonymized Partner 048,10B100040,Accounts Payable,7,Anonymized Partner 048,000,Common Department,5256041,0,10A100020,Ordinary Deposits,20,ABC Bank Head Office,000,Common Department,68490376,2022-02
2583.0,1.0,129,Credit,2022-02-28,Voucher No. 341 dated 2/28 Anonymized Partner 048,10A100020,Ordinary Deposits,20,ABC Bank Head Office,000,Common Department,0,5256041,10B100040,Accounts Payable,7,Anonymized Partner 048,000,Common Department,109830899,2022-02
2584.0,1.0,130,Debit,2022-02-28,Voucher No. 342 dated 2/28 Anonymized Partner 029,10B100040,Accounts Payable,9,Anonymized Partner 029,000,Common Department,2620813,0,10B100030,Notes Payable,,,000,Common Department,65869563,2022-02
2584.0,1.0,130,Credit,2022-02-28,Voucher No. 342 dated 2/28 Anonymized Partner 029,10B100030,Notes Payable,,,000,Common Department,0,2620813,10B100040,Accounts Payable,9,Anonymized Partner 029,000,Common Department,72236364,2022-02
2585.0,1.0,131,Debit,2022-02-28,Voucher No. 343 dated 2/28 Anonymized Partner 009,10B100040,Accounts Payable,10,Anonymized Partner 009,000,Common Department,4760408,0,10B100030,Notes Payable,,,000,Common Department,61109155,2022-02
2585.0,1.0,131,Credit,2022-02-28,Voucher No. 343 dated 2/28 Anonymized Partner 009,10B100030,Notes Payable,,,000,Common Department,0,4760408,10B100040,Accounts Payable,10,Anonymized Partner 009,000,Common Department,76996772,2022-02
2586.0,1.0,132,Debit,2022-02-28,Voucher No. 344 dated 2/28 Anonymized Partner 059,10B100040,Accounts Payable,12,Anonymized Partner 059,000,Common Department,517154,0,10A100020,Ordinary Deposits,20,ABC Bank Head Office,000,Common Department,60592001,2022-02
2586.0,1.0,132,Credit,2022-02-28,Voucher No. 344 dated 2/28 Anonymized Partner 059,10A100020,Ordinary Deposits,20,ABC Bank Head Office,000,Common Department,0,517154,10B100040,Accounts Payable,12,Anonymized Partner 059,000,Common Department,109313745,2022-02
2587.0,1.0,133,Debit,2022-02-28,Voucher No. 345 dated 2/28 Anonymized Partner 027,10B100040,Accounts Payable,13,Anonymized Partner 027,000,Common Department,2069835,0,10A100020,Ordinary Deposits,20,ABC Bank Head Office,000,Common Department,58522166,2022-02
2587.0,1.0,133,Credit,2022-02-28,Voucher No. 345 dated 2/28 Anonymized Partner 027,10A100020,Ordinary Deposits,20,ABC Bank Head Office,000,Common Department,0,2069835,10B100040,Accounts Payable,13,Anonymized Partner 027,000,Common Department,107243910,2022-02
2588.0,1.0,134,Debit,2022-02-28,Voucher No. 346 dated 2/28 Anonymized Partner 011,10B100040,Accounts Payable,14,Anonymized Partner 011,000,Common Department,4344303,0,10A100020,Ordinary Deposits,20,ABC Bank Head Office,000,Common Department,54177863,2022-02
2588.0,1.0,134,Credit,2022-02-28,Voucher No. 346 dated 2/28 Anonymized Partner 011,10A100020,Ordinary Deposits,20,ABC Bank Head Office,000,Common Department,0,4344303,10B100040,Accounts Payable,14,Anonymized Partner 011,000,Common Department,102899607,2022-02
2589.0,1.0,135,Debit,2022-02-28,Voucher No. 347 dated 2/28 Anonymized Partner 074,10B100040,Accounts Payable,15,Anonymized Partner 074,000,Common Department,1692895,0,10A100020,Ordinary Deposits,20,ABC Bank Head Office,000,Common Department,52484968,2022-02
2589.0,1.0,135,Credit,2022-02-28,Voucher No. 347 dated 2/28 Anonymized Partner 074,10A100020,Ordinary Deposits,20,ABC Bank Head Office,000,Common Department,0,1692895,10B100040,Accounts Payable,15,Anonymized Partner 074,000,Common Department,101206712,2022-02
2590.0,1.0,136,Debit,2022-02-28,month 1 payment,10B100630,Accounts Payable Other,,,000,Common Department,10119977,0,10A100020,Ordinary Deposits,20,ABC Bank Head Office,000,Common Department,3093526,2022-02
2590.0,1.0,136,Credit,2022-02-28,month 1 payment,10A100020,Ordinary Deposits,20,ABC Bank Head Office,000,Common Department,0,10119977,10B100630,Accounts Payable Other,,,000,Common Department,91086735,2022-02
2591.0,1.0,138,Debit,2022-02-28,Note due date settlement Anonymized Partner 010,10B100030,Notes Payable,,,000,Common Department,3923430,0,10A100020,Checking Deposits,1,ABC Bank,000,Common Department,73073342,2022-02
2591.0,1.0,138,Credit,2022-02-28,Note due date settlement Anonymized Partner 010,10A100020,Checking Deposits,1,ABC Bank,000,Common Department,0,3923430,10B100030,Notes Payable,,,000,Common Department,87163305,2022-02
2591.0,2.0,138,Debit,2022-02-28,Note due date settlement Anonymized Partner 029,10B100030,Notes Payable,,,000,Common Department,1859340,0,10A100020,Checking Deposits,1,ABC Bank,000,Common Department,71214002,2022-02
2591.0,2.0,138,Credit,2022-02-28,Note due date settlement Anonymized Partner 029,10A100020,Checking Deposits,1,ABC Bank,000,Common Department,0,1859340,10B100030,Notes Payable,,,000,Common Department,85303965,2022-02
2591.0,3.0,138,Debit,2022-02-28,Note due date settlement Anonymized Partner 009,10B100030,Notes Payable,,,000,Common Department,3215415,0,10A100020,Checking Deposits,1,ABC Bank,000,Common Department,67998587,2022-02
2591.0,3.0,138,Credit,2022-02-28,Note due date settlement Anonymized Partner 009,10A100020,Checking Deposits,1,ABC Bank,000,Common Department,0,3215415,10B100030,Notes Payable,,,000,Common Department,82088550,2022-02
2592.0,1.0,140,Debit,2022-02-28,Note maturity Anonymized Partner 057 | Note number=R20211125-107-2;Receipt amount corrected to settlement amount,10A100020,Checking Deposits,1,ABC Bank,000,Common Department,14382264,0,10A100060,Notes Receivable,,,000,Common Department,96470814,2022-02
2592.0,1.0,140,Credit,2022-02-28,Note maturity Anonymized Partner 057 | Note number=R20211125-107-2;Receipt amount corrected to settlement amount,10A100060,Notes Receivable,,,000,Common Department,0,14382264,10A100020,Checking Deposits,1,ABC Bank,000,Common Department,122883977,2022-02
2593.0,1.0,141,Debit,2022-02-28,Note maturity Anonymized Partner 065 | Note number=R20211231-129-12;Receipt amount corrected to settlement amount,10A100020,Checking Deposits,1,ABC Bank,000,Common Department,10629137,0,10A100060,Notes Receivable,,,000,Common Department,107099951,2022-02
2593.0,1.0,141,Credit,2022-02-28,Note maturity Anonymized Partner 065 | Note number=R20211231-129-12;Receipt amount corrected to settlement amount,10A100060,Notes Receivable,,,000,Common Department,0,10629137,10A100020,Checking Deposits,1,ABC Bank,000,Common Department,112254840,2022-02
2594.0,1.0,143,Debit,2022-02-28,Funds transfer,10A100020,Ordinary Deposits,20,ABC Bank Head Office,000,Common Department,6500000,0,10A100020,Ordinary Deposits,10,DEF Bank Station Branch,000,Common Department,113599951,2022-02
2594.0,1.0,143,Credit,2022-02-28,Funds transfer,10A100020,Ordinary Deposits,10,DEF Bank Station Branch,000,Common Department,0,6500000,10A100020,Ordinary Deposits,20,ABC Bank Head Office,000,Common Department,107099951,2022-02
2594.0,2.0,143,Debit,2022-02-28,Funds transfer,10A100020,Ordinary Deposits,20,ABC Bank Head Office,000,Common Department,7000000,0,10A100020,Ordinary Deposits,30,GHI Bank Nagoya Branch,000,Common Department,114099951,2022-02
2594.0,2.0,143,Credit,2022-02-28,Funds transfer,10A100020,Ordinary Deposits,30,GHI Bank Nagoya Branch,000,Common Department,0,7000000,10A100020,Ordinary Deposits,20,ABC Bank Head Office,000,Common Department,107099951,2022-02
2594.0,3.0,143,Debit,2022-02-28,Funds transfer,10A100020,Ordinary Deposits,20,ABC Bank Head Office,000,Common Department,6500000,0,10A100020,Ordinary Deposits,40,JKL Bank Umeda Branch,000,Common Department,113599951,2022-02
2594.0,3.0,143,Credit,2022-02-28,Funds transfer,10A100020,Ordinary Deposits,40,JKL Bank Umeda Branch,000,Common Department,0,6500000,10A100020,Ordinary Deposits,20,ABC Bank Head Office,000,Common Department,107099951,2022-02
2594.0,4.0,143,Debit,2022-02-28,Funds transfer,10A100020,Ordinary Deposits,20,ABC Bank Head Office,000,Common Department,4000000,0,10A100020,Ordinary Deposits,50,MNO Bank Kitakyushu Branch,000,Common Department,111099951,2022-02
2594.0,4.0,143,Credit,2022-02-28,Funds transfer,10A100020,Ordinary Deposits,50,MNO Bank Kitakyushu Branch,000,Common Department,0,4000000,10A100020,Ordinary Deposits,20,ABC Bank Head Office,000,Common Department,107099951,2022-02
2595.0,1.0,144,Debit,2022-02-28,Loan repayment received,10A100020,Ordinary Deposits,20,ABC Bank Head Office,000,Common Department,40000,0,10A100610,Short-term Loans Receivable,,,000,Common Department,107139951,2022-02
2595.0,1.0,144,Credit,2022-02-28,Loan repayment received,10A100610,Short-term Loans Receivable,,,000,Common Department,0,40000,10A100020,Ordinary Deposits,20,ABC Bank Head Office,000,Common Department,540000,2022-02
2595.0,2.0,144,Debit,2022-02-28,Loan repayment received,10A100020,Ordinary Deposits,20,ABC Bank Head Office,000,Common Department,50000,0,10A100610,Short-term Loans Receivable,,,000,Common Department,107189951,2022-02
2595.0,2.0,144,Credit,2022-02-28,Loan repayment received,10A100610,Short-term Loans Receivable,,,000,Common Department,0,50000,10A100020,Ordinary Deposits,20,ABC Bank Head Office,000,Common Department,490000,2022-02
2596.0,1.0,145,Debit,2022-02-28,Freight Expenses,10E200870,Freight Expenses,,,050,Kyushu Sales Office,168150,0,10B100630,Accounts Payable Other,,,000,Common Department,43924836,2022-02
2596.0,1.0,145,Credit,2022-02-28,Freight Expenses,10B100630,Accounts Payable Other,,,000,Common Department,0,168150,10E200870,Freight Expenses,,,050,Kyushu Sales Office,3261676,2022-02
2596.0,2.0,145,Debit,2022-02-28,Installment savings,10A100020,Installment Savings,,,000,Common Department,500000,0,10A100020,Ordinary Deposits,20,ABC Bank Head Office,000,Common Department,107689951,2022-02
2596.0,2.0,145,Credit,2022-02-28,Installment savings,10A100020,Ordinary Deposits,20,ABC Bank Head Office,000,Common Department,0,500000,10A100020,Installment Savings,,,000,Common Department,107189951,2022-02
2596.0,3.0,145,Debit,2022-02-28,New installment savings,10A100020,Installment Savings,,,000,Common Department,240000,0,10A100020,Ordinary Deposits,20,ABC Bank Head Office,000,Common Department,107429951,2022-02
2596.0,3.0,145,Credit,2022-02-28,New installment savings,10A100020,Ordinary Deposits,20,ABC Bank Head Office,000,Common Department,0,240000,10A100020,Installment Savings,,,000,Common Department,107189951,2022-02
2596.0,4.0,145,Debit,2022-02-28,Insurance Reserve Deposits,10A230570,Insurance Reserve Deposits,,,000,Common Department,125000,0,10A100020,Ordinary Deposits,20,ABC Bank Head Office,000,Common Department,2903000,2022-02
2596.0,4.0,145,Credit,2022-02-28,Insurance Reserve Deposits,10A100020,Ordinary Deposits,20,ABC Bank Head Office,000,Common Department,0,125000,10A230570,Insurance Reserve Deposits,,,000,Common Department,107064951,2022-02
2597.0,1.0,146,Debit,2022-02-28,Loan repayment,10B100790,Short-term Borrowings,,,000,Common Department,653500,0,10A100020,Checking Deposits,1,ABC Bank,000,Common Department,653500,2022-02
2597.0,1.0,146,Credit,2022-02-28,Loan repayment,10A100020,Checking Deposits,1,ABC Bank,000,Common Department,0,653500,10B100790,Short-term Borrowings,,,000,Common Department,106411451,2022-02
2597.0,2.0,146,Debit,2022-02-28,Interest,10E300020,Interest Expense,,,020,Tokyo Branch,32675,0,10A100020,Checking Deposits,1,ABC Bank,000,Common Department,1169093,2022-02
2597.0,2.0,146,Credit,2022-02-28,Interest,10A100020,Checking Deposits,1,ABC Bank,000,Common Department,0,32675,10E300020,Interest Expense,,,020,Tokyo Branch,106378776,2022-02
2546.0,1.0,36,Debit,2022-02-28,Freight Anonymized Carrier A,10E200870,Freight Expenses,,,020,Tokyo Branch,1568981,0,10B100630,Accounts Payable Other,,,000,Common Department,45493817,2022-02
2546.0,1.0,36,Credit,2022-02-28,Freight Anonymized Carrier A,10B100630,Accounts Payable Other,,,000,Common Department,0,1568981,10E200870,Freight Expenses,,,020,Tokyo Branch,4830657,2022-02
2546.0,2.0,36,Debit,2022-02-28,Freight Anonymized Carrier B,10E200870,Freight Expenses,,,020,Tokyo Branch,733172,0,10B100630,Accounts Payable Other,,,000,Common Department,46226989,2022-02
2546.0,2.0,36,Credit,2022-02-28,Freight Anonymized Carrier B,10B100630,Accounts Payable Other,,,000,Common Department,0,733172,10E200870,Freight Expenses,,,020,Tokyo Branch,5563829,2022-02
2547.0,1.0,40,Debit,2022-02-28,Advertising placement,10E200050,Advertising Expenses,,,020,Tokyo Branch,50000,0,10B100630,Accounts Payable Other,,,000,Common Department,1934700,2022-02
2547.0,1.0,40,Credit,2022-02-28,Advertising placement,10B100630,Accounts Payable Other,,,000,Common Department,0,50000,10E200050,Advertising Expenses,,,020,Tokyo Branch,5613829,2022-02
2548.0,1.0,49,Debit,2022-02-28,Gasoline,10E201120,Vehicle Expenses,,,020,Tokyo Branch,163470,0,10B100630,Accounts Payable Other,,,000,Common Department,6708193,2022-02
2548.0,1.0,49,Credit,2022-02-28,Gasoline,10B100630,Accounts Payable Other,,,000,Common Department,0,163470,10E201120,Vehicle Expenses,,,020,Tokyo Branch,5777299,2022-02
2548.0,2.0,49,Debit,2022-02-28,Gasoline,10E201120,Vehicle Expenses,,,020,Tokyo Branch,2626,0,10A100020,Cash,,,000,Common Department,6710819,2022-02
2548.0,2.0,49,Credit,2022-02-28,Gasoline,10A100020,Cash,,,000,Common Department,0,2626,10E201120,Vehicle Expenses,,,020,Tokyo Branch,106376150,2022-02
2548.0,3.0,49,Debit,2022-02-28,Gasoline,10E201120,Vehicle Expenses,,,020,Tokyo Branch,5729,0,10A100020,Cash,,,000,Common Department,6716548,2022-02
2548.0,3.0,49,Credit,2022-02-28,Gasoline,10A100020,Cash,,,000,Common Department,0,5729,10E201120,Vehicle Expenses,,,020,Tokyo Branch,106370421,2022-02
2545.0,1.0,5,Debit,2022-02-28,Advertising expense,10E200050,Advertising Expenses,,,010,Sapporo Sales Office,52500,0,10A100020,Ordinary Deposits,10,DEF Bank Station Branch,000,Common Department,1987200,2022-02
2545.0,1.0,5,Credit,2022-02-28,Advertising expense,10A100020,Ordinary Deposits,10,DEF Bank Station Branch,000,Common Department,0,52500,10E200050,Advertising Expenses,,,010,Sapporo Sales Office,106317921,2022-02
2549.0,1.0,55,Debit,2022-02-28,Vehicle management expense,10E201120,Vehicle Expenses,,,020,Tokyo Branch,23810,0,10A100020,Cash,,,000,Common Department,6740358,2022-02
2549.0,1.0,55,Credit,2022-02-28,Vehicle management expense,10A100020,Cash,,,000,Common Department,0,23810,10E201120,Vehicle Expenses,,,020,Tokyo Branch,106294111,2022-02
2549.0,2.0,55,Debit,2022-02-28,Vehicle management expense,10E201120,Vehicle Expenses,,,020,Tokyo Branch,26667,0,10A100020,Cash,,,000,Common Department,6767025,2022-02
2549.0,2.0,55,Credit,2022-02-28,Vehicle management expense,10A100020,Cash,,,000,Common Department,0,26667,10E201120,Vehicle Expenses,,,020,Tokyo Branch,106267444,2022-02
2549.0,3.0,55,Debit,2022-02-28,Expressway toll,10E201120,Vehicle Expenses,,,020,Tokyo Branch,7667,0,10A100020,Cash,,,000,Common Department,6774692,2022-02
2549.0,3.0,55,Credit,2022-02-28,Expressway toll,10A100020,Cash,,,000,Common Department,0,7667,10E201120,Vehicle Expenses,,,020,Tokyo Branch,106259777,2022-02
2550.0,1.0,63,Debit,2022-02-28,Insurance Expenses,10E200240,Insurance Expenses,,,020,Tokyo Branch,81000,0,10A100020,Ordinary Deposits,20,ABC Bank Head Office,000,Common Department,3388020,2022-02
2550.0,1.0,63,Credit,2022-02-28,Insurance Expenses,10A100020,Ordinary Deposits,20,ABC Bank Head Office,000,Common Department,0,81000,10E200240,Insurance Expenses,,,020,Tokyo Branch,106178777,2022-02
2551.0,1.0,66,Debit,2022-02-28,lease fee,10E200730,Land and Building Rent,,,020,Tokyo Branch,209850,0,10A100020,Ordinary Deposits,20,ABC Bank Head Office,000,Common Department,3232350,2022-02
2551.0,1.0,66,Credit,2022-02-28,lease fee,10A100020,Ordinary Deposits,20,ABC Bank Head Office,000,Common Department,0,209850,10E200730,Land and Building Rent,,,020,Tokyo Branch,105968927,2022-02
2552.0,1.0,67,Debit,2022-02-28,Membership fee Payment,10E201140,Membership Fees,,,020,Tokyo Branch,30000,0,10A100020,Cash,,,000,Common Department,1276000,2022-02
2552.0,1.0,67,Credit,2022-02-28,Membership fee Payment,10A100020,Cash,,,000,Common Department,0,30000,10E201140,Membership Fees,,,020,Tokyo Branch,105938927,2022-02
2553.0,1.0,70,Debit,2022-02-28,Wired service fee,10E201270,Miscellaneous Expenses,,,020,Tokyo Branch,6000,0,10B100630,Accounts Payable Other,,,000,Common Department,5124840,2022-02
2553.0,1.0,70,Credit,2022-02-28,Wired service fee,10B100630,Accounts Payable Other,,,000,Common Department,0,6000,10E201270,Miscellaneous Expenses,,,020,Tokyo Branch,5783299,2022-02
2553.0,2.0,70,Debit,2022-02-28,Security fee,10E201270,Miscellaneous Expenses,,,020,Tokyo Branch,52381,0,10B100630,Accounts Payable Other,,,000,Common Department,5177221,2022-02
2553.0,2.0,70,Credit,2022-02-28,Security fee,10B100630,Accounts Payable Other,,,000,Common Department,0,52381,10E201270,Miscellaneous Expenses,,,020,Tokyo Branch,5835680,2022-02
2553.0,3.0,70,Debit,2022-02-28,Expressway toll,10E201120,Vehicle Expenses,,,020,Tokyo Branch,73315,0,10A100020,Ordinary Deposits,20,ABC Bank Head Office,000,Common Department,6848007,2022-02
2553.0,3.0,70,Credit,2022-02-28,Expressway toll,10A100020,Ordinary Deposits,20,ABC Bank Head Office,000,Common Department,0,73315,10E201120,Vehicle Expenses,,,020,Tokyo Branch,105865612,2022-02
2553.0,4.0,70,Debit,2022-02-28,Cleaning fee,10E201270,Miscellaneous Expenses,,,020,Tokyo Branch,73500,0,10B100630,Accounts Payable Other,,,000,Common Department,5250721,2022-02
2553.0,4.0,70,Credit,2022-02-28,Cleaning fee,10B100630,Accounts Payable Other,,,000,Common Department,0,73500,10E201270,Miscellaneous Expenses,,,020,Tokyo Branch,5909180,2022-02
2554.0,1.0,72,Debit,2022-02-28,Insurance Expenses,10E200240,Insurance Expenses,,,030,Nagoya Branch,62000,0,10A100020,Ordinary Deposits,30,GHI Bank Nagoya Branch,000,Common Department,3450020,2022-02
2554.0,1.0,72,Credit,2022-02-28,Insurance Expenses,10A100020,Ordinary Deposits,30,GHI Bank Nagoya Branch,000,Common Department,0,62000,10E200240,Insurance Expenses,,,030,Nagoya Branch,105803612,2022-02
2555.0,1.0,73,Debit,2022-02-28,Insurance Premium Payment,10E200240,Insurance Expenses,,,050,Kyushu Sales Office,57000,0,10A100020,Ordinary Deposits,50,MNO Bank Kitakyushu Branch,000,Common Department,3507020,2022-02
2555.0,1.0,73,Credit,2022-02-28,Insurance Premium Payment,10A100020,Ordinary Deposits,50,MNO Bank Kitakyushu Branch,000,Common Department,0,57000,10E200240,Insurance Expenses,,,050,Kyushu Sales Office,105746612,2022-02
2556.0,1.0,77,Debit,2022-02-28,Freight Expenses,10E200870,Freight Expenses,,,030,Nagoya Branch,141620,0,10B100630,Accounts Payable Other,,,000,Common Department,46368609,2022-02
2556.0,1.0,77,Credit,2022-02-28,Freight Expenses,10B100630,Accounts Payable Other,,,000,Common Department,0,141620,10E200870,Freight Expenses,,,030,Nagoya Branch,6050800,2022-02
2557.0,1.0,78,Debit,2022-02-28,Supplies expense department allocation,10E200200,Supplies Expenses,,,010,Sapporo Sales Office,33484,0,10E200200,Supplies Expenses,,,000,Common Department,3053634,2022-02
2557.0,1.0,78,Credit,2022-02-28,Supplies expense department allocation,10E200200,Supplies Expenses,,,000,Common Department,0,33484,10E200200,Supplies Expenses,,,010,Sapporo Sales Office,3020150,2022-02
2557.0,2.0,78,Debit,2022-02-28,Supplies expense department allocation,10E200200,Supplies Expenses,,,020,Tokyo Branch,146118,0,10E200200,Supplies Expenses,,,000,Common Department,3166268,2022-02
2557.0,2.0,78,Credit,2022-02-28,Supplies expense department allocation,10E200200,Supplies Expenses,,,000,Common Department,0,146118,10E200200,Supplies Expenses,,,020,Tokyo Branch,3020150,2022-02
2557.0,3.0,78,Debit,2022-02-28,Supplies expense department allocation,10E200200,Supplies Expenses,,,030,Nagoya Branch,30440,0,10E200200,Supplies Expenses,,,000,Common Department,3050590,2022-02
2557.0,3.0,78,Credit,2022-02-28,Supplies expense department allocation,10E200200,Supplies Expenses,,,000,Common Department,0,30440,10E200200,Supplies Expenses,,,030,Nagoya Branch,3020150,2022-02
2557.0,4.0,78,Debit,2022-02-28,Supplies expense department allocation,10E200200,Supplies Expenses,,,040,Osaka Branch,73057,0,10E200200,Supplies Expenses,,,000,Common Department,3093207,2022-02
2557.0,4.0,78,Credit,2022-02-28,Supplies expense department allocation,10E200200,Supplies Expenses,,,000,Common Department,0,73057,10E200200,Supplies Expenses,,,040,Osaka Branch,3020150,2022-02
2557.0,5.0,78,Debit,2022-02-28,Supplies expense department allocation,10E200200,Supplies Expenses,,,050,Kyushu Sales Office,21308,0,10E200200,Supplies Expenses,,,000,Common Department,3041458,2022-02
2557.0,5.0,78,Credit,2022-02-28,Supplies expense department allocation,10E200200,Supplies Expenses,,,000,Common Department,0,21308,10E200200,Supplies Expenses,,,050,Kyushu Sales Office,3020150,2022-02
2558.0,1.0,81,Debit,2022-02-28,Tea expense,10E200140,Employee Welfare Expenses,,,030,Nagoya Branch,19900,0,10B100630,Accounts Payable Other,,,000,Common Department,5147016,2022-02
2558.0,1.0,81,Credit,2022-02-28,Tea expense,10B100630,Accounts Payable Other,,,000,Common Department,0,19900,10E200140,Employee Welfare Expenses,,,030,Nagoya Branch,6070700,2022-02
2559.0,1.0,93,Debit,2022-02-28,Repair expense,10E201000,Repairs and Maintenance,,,010,Sapporo Sales Office,17850,0,10B100630,Accounts Payable Other,,,000,Common Department,319500,2022-02
2559.0,1.0,93,Credit,2022-02-28,Repair expense,10B100630,Accounts Payable Other,,,000,Common Department,0,17850,10E201000,Repairs and Maintenance,,,010,Sapporo Sales Office,6088550,2022-02
2560.0,1.0,96,Debit,2022-02-28,Security fee,10E201270,Miscellaneous Expenses,,,030,Nagoya Branch,22470,0,10A100020,Ordinary Deposits,30,GHI Bank Nagoya Branch,000,Common Department,5273191,2022-02
2560.0,1.0,96,Credit,2022-02-28,Security fee,10A100020,Ordinary Deposits,30,GHI Bank Nagoya Branch,000,Common Department,0,22470,10E201270,Miscellaneous Expenses,,,030,Nagoya Branch,105724142,2022-02
2561.0,1.0,99,Debit,2022-02-28,Freight Expenses,10E200870,Freight Expenses,,,040,Osaka Branch,798630,0,10B100630,Accounts Payable Other,,,000,Common Department,47167239,2022-02
2561.0,1.0,99,Credit,2022-02-28,Freight Expenses,10B100630,Accounts Payable Other,,,000,Common Department,0,798630,10E200870,Freight Expenses,,,040,Osaka Branch,6887180,2022-02
2598.0,1.0,990011,Debit,2022-02-28,Sample definition: Semiannual bonus accrual allocated evenly 202202 Department010,10E200130,Bonuses,,,010,Sapporo Sales Office,110000,0,10B100320,Provision for Bonuses,,,010,Sapporo Sales Office,9844667,2022-02
2598.0,1.0,990011,Credit,2022-02-28,Sample definition: Semiannual bonus accrual allocated evenly 202202 Department010,10B100320,Provision for Bonuses,,,010,Sapporo Sales Office,0,110000,10E200130,Bonuses,,,010,Sapporo Sales Office,783667,2022-02
2598.0,2.0,990011,Debit,2022-02-28,Sample definition: Semiannual bonus accrual allocated evenly 202202 Department020,10E200130,Bonuses,,,020,Tokyo Branch,261666,0,10B100320,Provision for Bonuses,,,020,Tokyo Branch,10106333,2022-02
2598.0,2.0,990011,Credit,2022-02-28,Sample definition: Semiannual bonus accrual allocated evenly 202202 Department020,10B100320,Provision for Bonuses,,,020,Tokyo Branch,0,261666,10E200130,Bonuses,,,020,Tokyo Branch,1045333,2022-02
2598.0,3.0,990011,Debit,2022-02-28,Sample definition: Semiannual bonus accrual allocated evenly 202202 Department030,10E200130,Bonuses,,,030,Nagoya Branch,102666,0,10B100320,Provision for Bonuses,,,030,Nagoya Branch,10208999,2022-02
2598.0,3.0,990011,Credit,2022-02-28,Sample definition: Semiannual bonus accrual allocated evenly 202202 Department030,10B100320,Provision for Bonuses,,,030,Nagoya Branch,0,102666,10E200130,Bonuses,,,030,Nagoya Branch,1147999,2022-02
2598.0,4.0,990011,Debit,2022-02-28,Sample definition: Semiannual bonus accrual allocated evenly 202202 Department040,10E200130,Bonuses,,,040,Osaka Branch,120334,0,10B100320,Provision for Bonuses,,,040,Osaka Branch,10329333,2022-02
2598.0,4.0,990011,Credit,2022-02-28,Sample definition: Semiannual bonus accrual allocated evenly 202202 Department040,10B100320,Provision for Bonuses,,,040,Osaka Branch,0,120334,10E200130,Bonuses,,,040,Osaka Branch,1268333,2022-02
2598.0,5.0,990011,Debit,2022-02-28,Sample definition: Semiannual bonus accrual allocated evenly 202202 Department050,10E200130,Bonuses,,,050,Kyushu Sales Office,79000,0,10B100320,Provision for Bonuses,,,050,Kyushu Sales Office,10408333,2022-02
2598.0,5.0,990011,Credit,2022-02-28,Sample definition: Semiannual bonus accrual allocated evenly 202202 Department050,10B100320,Provision for Bonuses,,,050,Kyushu Sales Office,0,79000,10E200130,Bonuses,,,050,Kyushu Sales Office,1347333,2022-02
