Transaction_ID,Line_ID,Entry_ID,Ledger_Side,Transaction_Date,Description,Ledger_Account_Number,Ledger_Account_Name,Subaccount_Code,Subaccount_Name,Department_Code,Department_Name,Debit_Amount,Credit_Amount,Counterpart_Account_Number,Counterpart_Account_Name,Counterpart_Subaccount_Code,Counterpart_Subaccount_Name,Counterpart_Department_Code,Counterpart_Department_Name,Balance,Source_Row,Entry_Key,Occurrence,Semantic_Path,Month
,,,Opening,2021-04-01,* Opening balance,1000,Demo Cash,,,,,0,0,,,,,,,600000,,,,,2021-04
,,,Opening,2021-04-01,* Opening balance,1010,Demo Petty Cash,,,,,0,0,,,,,,,120000,,,,,2021-04
,,,Opening,2021-04-01,* Opening balance,1100,Demo Central Ordinary Deposit,,,,,0,0,,,,,,,17049930,,,,,2021-04
,,,Opening,2021-04-01,* Opening balance,1110,Demo North Current Deposit,,,,,0,0,,,,,,,20425970,,,,,2021-04
,,,Opening,2021-04-01,* Opening balance,1120,Demo Harbor Ordinary Deposit,,,,,0,0,,,,,,,16688910,,,,,2021-04
,,,Opening,2021-04-01,* Opening balance,1200,Demo Accounts Receivable,,,,,0,0,,,,,,,1500000,,,,,2021-04
,,,Opening,2021-04-01,* Opening balance,1210,Demo Notes Receivable,,,,,0,0,,,,,,,800000,,,,,2021-04
,,,Opening,2021-04-01,* Opening balance,1300,Demo Inventory,,,,,0,0,,,,,,,1200000,,,,,2021-04
,,,Opening,2021-04-01,* Opening balance,1400,Demo Prepaid Expenses,,,,,0,0,,,,,,,300000,,,,,2021-04
,,,Opening,2021-04-01,* Opening balance,1410,Demo Advances Paid,,,,,0,0,,,,,,,250000,,,,,2021-04
,,,Opening,2021-04-01,* Opening balance,1420,Demo Temporary Payments,,,,,0,0,,,,,,,150000,,,,,2021-04
,,,Opening,2021-04-01,* Opening balance,1430,Demo Input Tax Receivable,,,,,0,0,,,,,,,400000,,,,,2021-04
,,,Opening,2021-04-01,* Opening balance,1500,Demo Equipment,,,,,0,0,,,,,,,2000000,,,,,2021-04
,,,Opening,2021-04-01,* Opening balance,1510,Demo Vehicles,,,,,0,0,,,,,,,1200000,,,,,2021-04
,,,Opening,2021-04-01,* Opening balance,1520,Demo Software,,,,,0,0,,,,,,,700000,,,,,2021-04
,,,Opening,2021-04-01,* Opening balance,1590,Demo Accumulated Depreciation,,,,,0,0,,,,,,,900000,,,,,2021-04
,,,Opening,2021-04-01,* Opening balance,2000,Demo Accounts Payable,,,,,0,0,,,,,,,3423720,,,,,2021-04
,,,Opening,2021-04-01,* Opening balance,2010,Demo Notes Payable,,,,,0,0,,,,,,,600000,,,,,2021-04
,,,Opening,2021-04-01,* Opening balance,2100,Demo Accrued Payables,,,,,0,0,,,,,,,11150830,,,,,2021-04
,,,Opening,2021-04-01,* Opening balance,2110,Demo Payroll Withholding,,,,,0,0,,,,,,,6159250,,,,,2021-04
,,,Opening,2021-04-01,* Opening balance,2120,Demo Output Tax Payable,,,,,0,0,,,,,,,450000,,,,,2021-04
,,,Opening,2021-04-01,* Opening balance,2130,Demo Temporary Receipts,,,,,0,0,,,,,,,120000,,,,,2021-04
,,,Opening,2021-04-01,* Opening balance,2200,Demo Short-term Loans,,,,,0,0,,,,,,,6572000,,,,,2021-04
,,,Opening,2021-04-01,* Opening balance,2300,Demo Long-term Loans,,,,,0,0,,,,,,,2500000,,,,,2021-04
,,,Opening,2021-04-01,* Opening balance,2400,Demo Unearned Revenue,,,,,0,0,,,,,,,350000,,,,,2021-04
,,,Opening,2021-04-01,* Opening balance,3000,Demo Capital,,,,,0,0,,,,,,,5000000,,,,,2021-04
,,,Opening,2021-04-01,* Opening balance,3100,Demo Retained Earnings,,,,,0,0,,,,,,,26159010,,,,,2021-04
,,,Opening,2021-04-01,* Opening balance,4000,Demo Product Sales,,,,,0,0,,,,,,,0,,,,,2021-04
,,,Opening,2021-04-01,* Opening balance,4010,Demo Service Revenue,,,,,0,0,,,,,,,0,,,,,2021-04
,,,Opening,2021-04-01,* Opening balance,4020,Demo Other Operating Revenue,,,,,0,0,,,,,,,0,,,,,2021-04
,,,Opening,2021-04-01,* Opening balance,4030,Demo Interest Income,,,,,0,0,,,,,,,0,,,,,2021-04
,,,Opening,2021-04-01,* Opening balance,4040,Demo Miscellaneous Income,,,,,0,0,,,,,,,0,,,,,2021-04
,,,Opening,2021-04-01,* Opening balance,5000,Demo Purchases,,,,,0,0,,,,,,,0,,,,,2021-04
,,,Opening,2021-04-01,* Opening balance,5010,Demo Freight-in,,,,,0,0,,,,,,,0,,,,,2021-04
,,,Opening,2021-04-01,* Opening balance,5020,Demo Inventory Adjustment,,,,,0,0,,,,,,,0,,,,,2021-04
,,,Opening,2021-04-01,* Opening balance,6000,Demo Salaries,,,,,0,0,,,,,,,0,,,,,2021-04
,,,Opening,2021-04-01,* Opening balance,6010,Demo Statutory Welfare,,,,,0,0,,,,,,,0,,,,,2021-04
,,,Opening,2021-04-01,* Opening balance,6020,Demo Office Rent,,,,,0,0,,,,,,,0,,,,,2021-04
,,,Opening,2021-04-01,* Opening balance,6030,Demo Utilities,,,,,0,0,,,,,,,0,,,,,2021-04
,,,Opening,2021-04-01,* Opening balance,6040,Demo Communication,,,,,0,0,,,,,,,0,,,,,2021-04
,,,Opening,2021-04-01,* Opening balance,6050,Demo Business Travel,,,,,0,0,,,,,,,0,,,,,2021-04
,,,Opening,2021-04-01,* Opening balance,6060,Demo Office Supplies,,,,,0,0,,,,,,,0,,,,,2021-04
,,,Opening,2021-04-01,* Opening balance,6070,Demo Bank Fees,,,,,0,0,,,,,,,0,,,,,2021-04
,,,Opening,2021-04-01,* Opening balance,6080,Demo Advertising,,,,,0,0,,,,,,,0,,,,,2021-04
,,,Opening,2021-04-01,* Opening balance,6090,Demo Insurance,,,,,0,0,,,,,,,0,,,,,2021-04
,,,Opening,2021-04-01,* Opening balance,6100,Demo Repairs,,,,,0,0,,,,,,,0,,,,,2021-04
,,,Opening,2021-04-01,* Opening balance,6110,Demo Depreciation Expense,,,,,0,0,,,,,,,0,,,,,2021-04
,,,Opening,2021-04-01,* Opening balance,6120,Demo Professional Fees,,,,,0,0,,,,,,,0,,,,,2021-04
,,,Opening,2021-04-01,* Opening balance,6130,Demo Training,,,,,0,0,,,,,,,0,,,,,2021-04
,,,Opening,2021-04-01,* Opening balance,6140,Demo Vehicle Expense,,,,,0,0,,,,,,,0,,,,,2021-04
,,,Opening,2021-04-01,* Opening balance,6150,Demo Software Subscription,,,,,0,0,,,,,,,0,,,,,2021-04
,,,Opening,2021-04-01,* Opening balance,6160,Demo Shipping,,,,,0,0,,,,,,,0,,,,,2021-04
,,,Opening,2021-04-01,* Opening balance,6170,Demo Miscellaneous Expense,,,,,0,0,,,,,,,0,,,,,2021-04
,,,Opening,2021-04-01,* Opening balance,7000,Demo Taxes and Dues,,,,,0,0,,,,,,,0,,,,,2021-04
,,,Opening,2021-04-01,* Opening balance,7010,Demo Corporate Tax,,,,,0,0,,,,,,,0,,,,,2021-04
,,,Opening,2021-04-01,* Opening balance,7020,Demo Consumption Tax Expense,,,,,0,0,,,,,,,0,,,,,2021-04
,,,Opening,2021-04-01,* Opening balance,8000,Demo Suspense,,,,,0,0,,,,,,,50000,,,,,2021-04
,,,Opening,2021-04-01,* Opening balance,8010,Demo Clearing,,,,,0,0,,,,,,,50000,,,,,2021-04
1,1,900050,Credit,2021-04-02,Synthetic demo credit sale 900050,4020,Demo Other Operating Revenue,C001,Demo Customer Aurora,D01,Demo Sales,0,427020,1200,Demo Accounts Receivable,,,,,427020,1,"[""20210402"",""900050""]",1-C,cor:monetaryAmount,2021-04
1,2,900050,Debit,2021-04-02,Synthetic demo credit sale 900050,1200,Demo Accounts Receivable,C001,Demo Customer Aurora,D01,Demo Sales,427020,0,4020,Demo Other Operating Revenue,,,,,1927020,1,"[""20210402"",""900050""]",1-D,cor:monetaryAmount,2021-04
2,1,900001,Credit,2021-04-03,Synthetic demo credit sale 900001,4010,Demo Service Revenue,C004,Demo Customer Dawn,D01,Demo Sales,0,355310,1200,Demo Accounts Receivable,,,,,355310,2,"[""20210403"",""900001""]",2-C,cor:monetaryAmount,2021-04
2,2,900001,Debit,2021-04-03,Synthetic demo credit sale 900001,1200,Demo Accounts Receivable,C004,Demo Customer Dawn,D01,Demo Sales,355310,0,4010,Demo Service Revenue,,,,,2282330,2,"[""20210403"",""900001""]",2-D,cor:monetaryAmount,2021-04
3,1,900012,Credit,2021-04-03,Synthetic demo credit sale 900012,4000,Demo Product Sales,C007,Demo Customer Grove,D01,Demo Sales,0,555650,1200,Demo Accounts Receivable,,,,,555650,3,"[""20210403"",""900012""]",3-C,cor:monetaryAmount,2021-04
3,2,900012,Debit,2021-04-03,Synthetic demo credit sale 900012,1200,Demo Accounts Receivable,C007,Demo Customer Grove,D01,Demo Sales,555650,0,4000,Demo Product Sales,,,,,2837980,3,"[""20210403"",""900012""]",3-D,cor:monetaryAmount,2021-04
4,1,900017,Credit,2021-04-04,Synthetic demo vendor settlement 900017,1120,Demo Harbor Ordinary Deposit,B003,Harbor Demo Bank,D04,Demo Logistics,0,336970,2000,Demo Accounts Payable,,,,,16351940,4,"[""20210404"",""900017""]",4-C,cor:monetaryAmount,2021-04
4,2,900017,Debit,2021-04-04,Synthetic demo vendor settlement 900017,2000,Demo Accounts Payable,V006,Demo Vendor Prairie,D04,Demo Logistics,336970,0,1120,Demo Harbor Ordinary Deposit,,,,,3086750,4,"[""20210404"",""900017""]",4-D,cor:monetaryAmount,2021-04
5,1,900006,Credit,2021-04-06,Synthetic demo purchase on account 900006,2000,Demo Accounts Payable,V001,Demo Vendor Keystone,D04,Demo Logistics,0,367850,5000,Demo Purchases,,,,,3454600,5,"[""20210406"",""900006""]",5-C,cor:monetaryAmount,2021-04
5,2,900006,Debit,2021-04-06,Synthetic demo purchase on account 900006,5000,Demo Purchases,V001,Demo Vendor Keystone,D04,Demo Logistics,367850,0,2000,Demo Accounts Payable,,,,,367850,5,"[""20210406"",""900006""]",5-D,cor:monetaryAmount,2021-04
6,1,900010,Credit,2021-04-06,Synthetic demo credit sale 900010,4010,Demo Service Revenue,C001,Demo Customer Aurora,D01,Demo Sales,0,228470,1200,Demo Accounts Receivable,,,,,583780,6,"[""20210406"",""900010""]",6-C,cor:monetaryAmount,2021-04
6,2,900010,Debit,2021-04-06,Synthetic demo credit sale 900010,1200,Demo Accounts Receivable,C001,Demo Customer Aurora,D01,Demo Sales,228470,0,4010,Demo Service Revenue,,,,,3066450,6,"[""20210406"",""900010""]",6-D,cor:monetaryAmount,2021-04
7,1,900024,Credit,2021-04-06,Synthetic demo monthly payroll bundle 900024,1100,Demo Central Ordinary Deposit,B001,Demo Central Bank,D02,Demo Administration,0,686450,,,,,,,16363480,7,"[""20210406"",""900024""]",7-C,cor:monetaryAmount,2021-04
7,2,900024,Debit,2021-04-06,Synthetic demo monthly payroll bundle 900024,6000,Demo Salaries,,,D02,Demo Administration,260850,0,1100,Demo Central Ordinary Deposit,,,,,260850,7,"[""20210406"",""900024""]",7-D,cor:monetaryAmount,2021-04
7,3,900024,Debit,2021-04-06,Synthetic demo monthly payroll bundle 900024,6010,Demo Statutory Welfare,,,D02,Demo Administration,253980,0,1100,Demo Central Ordinary Deposit,,,,,253980,8,"[""20210406"",""900024""]",8-D,cor:monetaryAmount,2021-04
7,4,900024,Debit,2021-04-06,Synthetic demo monthly payroll bundle 900024,2110,Demo Payroll Withholding,,,D02,Demo Administration,171620,0,1100,Demo Central Ordinary Deposit,,,,,5987630,9,"[""20210406"",""900024""]",9-D,cor:monetaryAmount,2021-04
8,1,900027,Credit,2021-04-06,Synthetic demo vendor settlement 900027,1100,Demo Central Ordinary Deposit,B001,Demo Central Bank,D04,Demo Logistics,0,110390,2000,Demo Accounts Payable,,,,,16253090,10,"[""20210406"",""900027""]",10-C,cor:monetaryAmount,2021-04
8,2,900027,Debit,2021-04-06,Synthetic demo vendor settlement 900027,2000,Demo Accounts Payable,V006,Demo Vendor Prairie,D04,Demo Logistics,110390,0,1100,Demo Central Ordinary Deposit,,,,,3344210,10,"[""20210406"",""900027""]",10-D,cor:monetaryAmount,2021-04
9,1,900045,Credit,2021-04-07,Synthetic demo purchase on account 900045,2000,Demo Accounts Payable,V006,Demo Vendor Prairie,D04,Demo Logistics,0,95580,5000,Demo Purchases,,,,,3439790,11,"[""20210407"",""900045""]",11-C,cor:monetaryAmount,2021-04
9,2,900045,Debit,2021-04-07,Synthetic demo purchase on account 900045,5000,Demo Purchases,V006,Demo Vendor Prairie,D04,Demo Logistics,95580,0,2000,Demo Accounts Payable,,,,,463430,11,"[""20210407"",""900045""]",11-D,cor:monetaryAmount,2021-04
10,1,900056,Credit,2021-04-07,Synthetic demo purchase on account 900056,2000,Demo Accounts Payable,V001,Demo Vendor Keystone,D04,Demo Logistics,0,222250,5020,Demo Inventory Adjustment,,,,,3662040,12,"[""20210407"",""900056""]",12-C,cor:monetaryAmount,2021-04
10,2,900056,Debit,2021-04-07,Synthetic demo purchase on account 900056,5020,Demo Inventory Adjustment,V001,Demo Vendor Keystone,D04,Demo Logistics,222250,0,2000,Demo Accounts Payable,,,,,222250,12,"[""20210407"",""900056""]",12-D,cor:monetaryAmount,2021-04
11,1,900020,Credit,2021-04-08,Synthetic demo credit sale 900020,4020,Demo Other Operating Revenue,C001,Demo Customer Aurora,D01,Demo Sales,0,65230,1200,Demo Accounts Receivable,,,,,492250,13,"[""20210408"",""900020""]",13-C,cor:monetaryAmount,2021-04
11,2,900020,Debit,2021-04-08,Synthetic demo credit sale 900020,1200,Demo Accounts Receivable,C001,Demo Customer Aurora,D01,Demo Sales,65230,0,4020,Demo Other Operating Revenue,,,,,3131680,13,"[""20210408"",""900020""]",13-D,cor:monetaryAmount,2021-04
12,1,900028,Debit,2021-04-08,Synthetic demo mixed sales and receipt 900028,1110,Demo North Current Deposit,B002,North Demo Bank,D01,Demo Sales,418510,0,,,,,,,20844480,14,"[""20210408"",""900028""]",14-D,cor:monetaryAmount,2021-04
12,2,900028,Debit,2021-04-08,Synthetic demo mixed sales and receipt 900028,1200,Demo Accounts Receivable,C009,Demo Customer Indigo,D01,Demo Sales,290830,0,,,,,,,3422510,15,"[""20210408"",""900028""]",15-D,cor:monetaryAmount,2021-04
12,3,900028,Credit,2021-04-08,Synthetic demo mixed sales and receipt 900028,4000,Demo Product Sales,C010,Demo Customer Juniper,D01,Demo Sales,0,397230,,,,,,,952880,16,"[""20210408"",""900028""]",16-C,cor:monetaryAmount,2021-04
12,4,900028,Credit,2021-04-08,Synthetic demo mixed sales and receipt 900028,4010,Demo Service Revenue,C001,Demo Customer Aurora,D01,Demo Sales,0,312110,,,,,,,895890,17,"[""20210408"",""900028""]",17-C,cor:monetaryAmount,2021-04
13,1,900037,Credit,2021-04-09,Synthetic demo operating cost bundle 900037,1110,Demo North Current Deposit,B002,North Demo Bank,D03,Demo Operations,0,558900,,,,,,,20285580,18,"[""20210409"",""900037""]",18-C,cor:monetaryAmount,2021-04
13,2,900037,Debit,2021-04-09,Synthetic demo operating cost bundle 900037,6030,Demo Utilities,S002,Demo Energy Services,D03,Demo Operations,374460,0,1110,Demo North Current Deposit,,,,,374460,18,"[""20210409"",""900037""]",18-D,cor:monetaryAmount,2021-04
13,3,900037,Debit,2021-04-09,Synthetic demo operating cost bundle 900037,6040,Demo Communication,S003,Demo Network Services,D03,Demo Operations,22350,0,1110,Demo North Current Deposit,,,,,22350,19,"[""20210409"",""900037""]",19-D,cor:monetaryAmount,2021-04
13,4,900037,Debit,2021-04-09,Synthetic demo operating cost bundle 900037,6060,Demo Office Supplies,V008,Demo Vendor Rivulet,D03,Demo Operations,162090,0,1110,Demo North Current Deposit,,,,,162090,20,"[""20210409"",""900037""]",20-D,cor:monetaryAmount,2021-04
14,1,900004,Credit,2021-04-10,Synthetic demo customer receipt 900004,1200,Demo Accounts Receivable,C003,Demo Customer Cobalt,D01,Demo Sales,0,200680,1110,Demo North Current Deposit,,,,,3221830,21,"[""20210410"",""900004""]",21-C,cor:monetaryAmount,2021-04
14,2,900004,Debit,2021-04-10,Synthetic demo customer receipt 900004,1110,Demo North Current Deposit,B002,North Demo Bank,D01,Demo Sales,200680,0,1200,Demo Accounts Receivable,,,,,20486260,21,"[""20210410"",""900004""]",21-D,cor:monetaryAmount,2021-04
15,1,900035,Credit,2021-04-11,Synthetic demo purchase on account 900035,2000,Demo Accounts Payable,V006,Demo Vendor Prairie,D04,Demo Logistics,0,181350,5020,Demo Inventory Adjustment,,,,,3843390,22,"[""20210411"",""900035""]",22-C,cor:monetaryAmount,2021-04
15,2,900035,Debit,2021-04-11,Synthetic demo purchase on account 900035,5020,Demo Inventory Adjustment,V006,Demo Vendor Prairie,D04,Demo Logistics,181350,0,2000,Demo Accounts Payable,,,,,403600,22,"[""20210411"",""900035""]",22-D,cor:monetaryAmount,2021-04
16,1,900003,Debit,2021-04-12,Synthetic demo multi-vendor settlement 900003,2000,Demo Accounts Payable,V004,Demo Vendor Nimbus,D01,Demo Sales,298830,0,,,,,,,3544560,23,"[""20210412"",""900003""]",23-D,cor:monetaryAmount,2021-04
16,2,900003,Debit,2021-04-12,Synthetic demo multi-vendor settlement 900003,2100,Demo Accrued Payables,V007,Demo Vendor Quartz,D01,Demo Sales,380340,0,,,,,,,10770490,24,"[""20210412"",""900003""]",24-D,cor:monetaryAmount,2021-04
16,3,900003,Credit,2021-04-12,Synthetic demo multi-vendor settlement 900003,1100,Demo Central Ordinary Deposit,B001,Demo Central Bank,D01,Demo Sales,0,516160,,,,,,,15736930,25,"[""20210412"",""900003""]",25-C,cor:monetaryAmount,2021-04
16,4,900003,Credit,2021-04-12,Synthetic demo multi-vendor settlement 900003,1110,Demo North Current Deposit,B002,North Demo Bank,D01,Demo Sales,0,163010,,,,,,,20323250,26,"[""20210412"",""900003""]",26-C,cor:monetaryAmount,2021-04
17,1,900043,Credit,2021-04-12,Synthetic demo operating cost bundle 900043,1110,Demo North Current Deposit,B002,North Demo Bank,D03,Demo Operations,0,402120,,,,,,,19921130,27,"[""20210412"",""900043""]",27-C,cor:monetaryAmount,2021-04
17,2,900043,Debit,2021-04-12,Synthetic demo operating cost bundle 900043,6030,Demo Utilities,S002,Demo Energy Services,D03,Demo Operations,108570,0,1110,Demo North Current Deposit,,,,,483030,27,"[""20210412"",""900043""]",27-D,cor:monetaryAmount,2021-04
17,3,900043,Debit,2021-04-12,Synthetic demo operating cost bundle 900043,6040,Demo Communication,S003,Demo Network Services,D03,Demo Operations,80420,0,1110,Demo North Current Deposit,,,,,102770,28,"[""20210412"",""900043""]",28-D,cor:monetaryAmount,2021-04
17,4,900043,Debit,2021-04-12,Synthetic demo operating cost bundle 900043,6060,Demo Office Supplies,V004,Demo Vendor Nimbus,D03,Demo Operations,213130,0,1110,Demo North Current Deposit,,,,,375220,29,"[""20210412"",""900043""]",29-D,cor:monetaryAmount,2021-04
18,1,900060,Credit,2021-04-12,Synthetic demo credit sale 900060,4000,Demo Product Sales,C001,Demo Customer Aurora,D01,Demo Sales,0,227480,1200,Demo Accounts Receivable,,,,,1180360,30,"[""20210412"",""900060""]",30-C,cor:monetaryAmount,2021-04
18,2,900060,Debit,2021-04-12,Synthetic demo credit sale 900060,1200,Demo Accounts Receivable,C001,Demo Customer Aurora,D01,Demo Sales,227480,0,4000,Demo Product Sales,,,,,3449310,30,"[""20210412"",""900060""]",30-D,cor:monetaryAmount,2021-04
19,1,900026,Credit,2021-04-14,Synthetic demo purchase on account 900026,2000,Demo Accounts Payable,V001,Demo Vendor Keystone,D04,Demo Logistics,0,78360,5020,Demo Inventory Adjustment,,,,,3622920,31,"[""20210414"",""900026""]",31-C,cor:monetaryAmount,2021-04
19,2,900026,Debit,2021-04-14,Synthetic demo purchase on account 900026,5020,Demo Inventory Adjustment,V001,Demo Vendor Keystone,D04,Demo Logistics,78360,0,2000,Demo Accounts Payable,,,,,481960,31,"[""20210414"",""900026""]",31-D,cor:monetaryAmount,2021-04
20,1,900044,Credit,2021-04-14,Synthetic demo customer receipt 900044,1200,Demo Accounts Receivable,C003,Demo Customer Cobalt,D01,Demo Sales,0,489180,1120,Demo Harbor Ordinary Deposit,,,,,2960130,32,"[""20210414"",""900044""]",32-C,cor:monetaryAmount,2021-04
20,2,900044,Debit,2021-04-14,Synthetic demo customer receipt 900044,1120,Demo Harbor Ordinary Deposit,B003,Harbor Demo Bank,D01,Demo Sales,489180,0,1200,Demo Accounts Receivable,,,,,16841120,32,"[""20210414"",""900044""]",32-D,cor:monetaryAmount,2021-04
21,1,900031,Credit,2021-04-15,Synthetic demo credit sale 900031,4010,Demo Service Revenue,C004,Demo Customer Dawn,D01,Demo Sales,0,372520,1200,Demo Accounts Receivable,,,,,1268410,33,"[""20210415"",""900031""]",33-C,cor:monetaryAmount,2021-04
21,2,900031,Debit,2021-04-15,Synthetic demo credit sale 900031,1200,Demo Accounts Receivable,C004,Demo Customer Dawn,D01,Demo Sales,372520,0,4010,Demo Service Revenue,,,,,3332650,33,"[""20210415"",""900031""]",33-D,cor:monetaryAmount,2021-04
22,1,900033,Credit,2021-04-15,Synthetic demo customer receipt 900033,1200,Demo Accounts Receivable,C010,Demo Customer Juniper,D01,Demo Sales,0,341050,1100,Demo Central Ordinary Deposit,,,,,2991600,34,"[""20210415"",""900033""]",34-C,cor:monetaryAmount,2021-04
22,2,900033,Debit,2021-04-15,Synthetic demo customer receipt 900033,1100,Demo Central Ordinary Deposit,B001,Demo Central Bank,D01,Demo Sales,341050,0,1200,Demo Accounts Receivable,,,,,16077980,34,"[""20210415"",""900033""]",34-D,cor:monetaryAmount,2021-04
23,1,900048,Credit,2021-04-15,Synthetic demo operating expense 900048,1100,Demo Central Ordinary Deposit,B001,Demo Central Bank,D02,Demo Administration,0,132570,6140,Demo Vehicle Expense,,,,,15945410,35,"[""20210415"",""900048""]",35-C,cor:monetaryAmount,2021-04
23,2,900048,Debit,2021-04-15,Synthetic demo operating expense 900048,6140,Demo Vehicle Expense,V001,Demo Vendor Keystone,D02,Demo Administration,132570,0,1100,Demo Central Ordinary Deposit,,,,,132570,35,"[""20210415"",""900048""]",35-D,cor:monetaryAmount,2021-04
24,1,900049,Debit,2021-04-15,Synthetic demo multi-vendor settlement 900049,2000,Demo Accounts Payable,V010,Demo Vendor Tandem,D01,Demo Sales,146320,0,,,,,,,3476600,36,"[""20210415"",""900049""]",36-D,cor:monetaryAmount,2021-04
24,2,900049,Debit,2021-04-15,Synthetic demo multi-vendor settlement 900049,2100,Demo Accrued Payables,V003,Demo Vendor Mosaic,D01,Demo Sales,54120,0,,,,,,,10716370,37,"[""20210415"",""900049""]",37-D,cor:monetaryAmount,2021-04
24,3,900049,Credit,2021-04-15,Synthetic demo multi-vendor settlement 900049,1110,Demo North Current Deposit,B002,North Demo Bank,D01,Demo Sales,0,156340,,,,,,,19764790,38,"[""20210415"",""900049""]",38-C,cor:monetaryAmount,2021-04
24,4,900049,Credit,2021-04-15,Synthetic demo multi-vendor settlement 900049,1120,Demo Harbor Ordinary Deposit,B003,Harbor Demo Bank,D01,Demo Sales,0,44100,,,,,,,16797020,39,"[""20210415"",""900049""]",39-C,cor:monetaryAmount,2021-04
25,1,900014,Credit,2021-04-16,Synthetic demo customer receipt 900014,1200,Demo Accounts Receivable,C003,Demo Customer Cobalt,D01,Demo Sales,0,270050,1120,Demo Harbor Ordinary Deposit,,,,,2721550,40,"[""20210416"",""900014""]",40-C,cor:monetaryAmount,2021-04
25,2,900014,Debit,2021-04-16,Synthetic demo customer receipt 900014,1120,Demo Harbor Ordinary Deposit,B003,Harbor Demo Bank,D01,Demo Sales,270050,0,1200,Demo Accounts Receivable,,,,,17067070,40,"[""20210416"",""900014""]",40-D,cor:monetaryAmount,2021-04
26,1,900034,Debit,2021-04-16,Synthetic demo mixed sales and receipt 900034,1110,Demo North Current Deposit,B002,North Demo Bank,D01,Demo Sales,388000,0,,,,,,,20152790,41,"[""20210416"",""900034""]",41-D,cor:monetaryAmount,2021-04
26,2,900034,Debit,2021-04-16,Synthetic demo mixed sales and receipt 900034,1200,Demo Accounts Receivable,C005,Demo Customer Elm,D01,Demo Sales,280970,0,,,,,,,3002520,42,"[""20210416"",""900034""]",42-D,cor:monetaryAmount,2021-04
26,3,900034,Credit,2021-04-16,Synthetic demo mixed sales and receipt 900034,4000,Demo Product Sales,C006,Demo Customer Fjord,D01,Demo Sales,0,247510,,,,,,,1427870,43,"[""20210416"",""900034""]",43-C,cor:monetaryAmount,2021-04
26,4,900034,Credit,2021-04-16,Synthetic demo mixed sales and receipt 900034,4010,Demo Service Revenue,C007,Demo Customer Grove,D01,Demo Sales,0,421460,,,,,,,1689870,44,"[""20210416"",""900034""]",44-C,cor:monetaryAmount,2021-04
27,1,900046,Credit,2021-04-16,Synthetic demo combined customer receipt 900046,1200,Demo Accounts Receivable,C007,Demo Customer Grove,D01,Demo Sales,0,254860,1110,Demo North Current Deposit,,,,,2747660,45,"[""20210416"",""900046""]",45-C,cor:monetaryAmount,2021-04
27,2,900046,Debit,2021-04-16,Synthetic demo combined customer receipt 900046,1110,Demo North Current Deposit,B002,North Demo Bank,D01,Demo Sales,424770,0,,,,,,,20577560,45,"[""20210416"",""900046""]",45-D,cor:monetaryAmount,2021-04
27,3,900046,Credit,2021-04-16,Synthetic demo combined customer receipt 900046,1200,Demo Accounts Receivable,C008,Demo Customer Halo,D01,Demo Sales,0,33980,1110,Demo North Current Deposit,,,,,2713680,46,"[""20210416"",""900046""]",46-C,cor:monetaryAmount,2021-04
27,4,900046,Credit,2021-04-16,Synthetic demo combined customer receipt 900046,1200,Demo Accounts Receivable,C009,Demo Customer Indigo,D01,Demo Sales,0,135930,1110,Demo North Current Deposit,,,,,2577750,47,"[""20210416"",""900046""]",47-C,cor:monetaryAmount,2021-04
28,1,900058,Credit,2021-04-16,Synthetic demo operating cost bundle 900058,1110,Demo North Current Deposit,B002,North Demo Bank,D03,Demo Operations,0,515790,,,,,,,20061770,48,"[""20210416"",""900058""]",48-C,cor:monetaryAmount,2021-04
28,2,900058,Debit,2021-04-16,Synthetic demo operating cost bundle 900058,6030,Demo Utilities,S002,Demo Energy Services,D03,Demo Operations,92840,0,1110,Demo North Current Deposit,,,,,575870,48,"[""20210416"",""900058""]",48-D,cor:monetaryAmount,2021-04
28,3,900058,Debit,2021-04-16,Synthetic demo operating cost bundle 900058,6040,Demo Communication,S003,Demo Network Services,D03,Demo Operations,154730,0,1110,Demo North Current Deposit,,,,,257500,49,"[""20210416"",""900058""]",49-D,cor:monetaryAmount,2021-04
28,4,900058,Debit,2021-04-16,Synthetic demo operating cost bundle 900058,6060,Demo Office Supplies,V009,Demo Vendor Summit,D03,Demo Operations,268220,0,1110,Demo North Current Deposit,,,,,643440,50,"[""20210416"",""900058""]",50-D,cor:monetaryAmount,2021-04
29,1,900007,Credit,2021-04-17,Synthetic demo vendor settlement 900007,1110,Demo North Current Deposit,B002,North Demo Bank,D04,Demo Logistics,0,106280,2000,Demo Accounts Payable,,,,,19955490,51,"[""20210417"",""900007""]",51-C,cor:monetaryAmount,2021-04
29,2,900007,Debit,2021-04-17,Synthetic demo vendor settlement 900007,2000,Demo Accounts Payable,V006,Demo Vendor Prairie,D04,Demo Logistics,106280,0,1110,Demo North Current Deposit,,,,,3370320,51,"[""20210417"",""900007""]",51-D,cor:monetaryAmount,2021-04
30,1,900051,Credit,2021-04-17,Synthetic demo credit sale 900051,4000,Demo Product Sales,C004,Demo Customer Dawn,D01,Demo Sales,0,496230,1200,Demo Accounts Receivable,,,,,1924100,52,"[""20210417"",""900051""]",52-C,cor:monetaryAmount,2021-04
30,2,900051,Debit,2021-04-17,Synthetic demo credit sale 900051,1200,Demo Accounts Receivable,C004,Demo Customer Dawn,D01,Demo Sales,496230,0,4000,Demo Product Sales,,,,,3073980,52,"[""20210417"",""900051""]",52-D,cor:monetaryAmount,2021-04
31,1,900008,Credit,2021-04-18,Synthetic demo operating expense 900008,1120,Demo Harbor Ordinary Deposit,B003,Harbor Demo Bank,D05,Demo Digital Services,0,71340,6100,Demo Repairs,,,,,16995730,53,"[""20210418"",""900008""]",53-C,cor:monetaryAmount,2021-04
31,2,900008,Debit,2021-04-18,Synthetic demo operating expense 900008,6100,Demo Repairs,V001,Demo Vendor Keystone,D05,Demo Digital Services,71340,0,1120,Demo Harbor Ordinary Deposit,,,,,71340,53,"[""20210418"",""900008""]",53-D,cor:monetaryAmount,2021-04
32,1,900023,Credit,2021-04-18,Synthetic demo customer receipt 900023,1200,Demo Accounts Receivable,C010,Demo Customer Juniper,D01,Demo Sales,0,323360,1120,Demo Harbor Ordinary Deposit,,,,,2750620,54,"[""20210418"",""900023""]",54-C,cor:monetaryAmount,2021-04
32,2,900023,Debit,2021-04-18,Synthetic demo customer receipt 900023,1120,Demo Harbor Ordinary Deposit,B003,Harbor Demo Bank,D01,Demo Sales,323360,0,1200,Demo Accounts Receivable,,,,,17319090,54,"[""20210418"",""900023""]",54-D,cor:monetaryAmount,2021-04
33,1,900030,Credit,2021-04-19,Synthetic demo monthly payroll bundle 900030,1100,Demo Central Ordinary Deposit,B001,Demo Central Bank,D02,Demo Administration,0,660970,,,,,,,15284440,55,"[""20210419"",""900030""]",55-C,cor:monetaryAmount,2021-04
33,2,900030,Debit,2021-04-19,Synthetic demo monthly payroll bundle 900030,6000,Demo Salaries,,,D02,Demo Administration,277600,0,1100,Demo Central Ordinary Deposit,,,,,538450,55,"[""20210419"",""900030""]",55-D,cor:monetaryAmount,2021-04
33,3,900030,Debit,2021-04-19,Synthetic demo monthly payroll bundle 900030,6010,Demo Statutory Welfare,,,D02,Demo Administration,112360,0,1100,Demo Central Ordinary Deposit,,,,,366340,56,"[""20210419"",""900030""]",56-D,cor:monetaryAmount,2021-04
33,4,900030,Debit,2021-04-19,Synthetic demo monthly payroll bundle 900030,2110,Demo Payroll Withholding,,,D02,Demo Administration,271010,0,1100,Demo Central Ordinary Deposit,,,,,5716620,57,"[""20210419"",""900030""]",57-D,cor:monetaryAmount,2021-04
34,1,900032,Credit,2021-04-19,Synthetic demo credit sale 900032,4020,Demo Other Operating Revenue,C007,Demo Customer Grove,D01,Demo Sales,0,104340,1200,Demo Accounts Receivable,,,,,596590,58,"[""20210419"",""900032""]",58-C,cor:monetaryAmount,2021-04
34,2,900032,Debit,2021-04-19,Synthetic demo credit sale 900032,1200,Demo Accounts Receivable,C007,Demo Customer Grove,D01,Demo Sales,104340,0,4020,Demo Other Operating Revenue,,,,,2854960,58,"[""20210419"",""900032""]",58-D,cor:monetaryAmount,2021-04
35,1,900036,Credit,2021-04-19,Synthetic demo purchase on account 900036,2000,Demo Accounts Payable,V001,Demo Vendor Keystone,D04,Demo Logistics,0,68760,5000,Demo Purchases,,,,,3439080,59,"[""20210419"",""900036""]",59-C,cor:monetaryAmount,2021-04
35,2,900036,Debit,2021-04-19,Synthetic demo purchase on account 900036,5000,Demo Purchases,V001,Demo Vendor Keystone,D04,Demo Logistics,68760,0,2000,Demo Accounts Payable,,,,,532190,59,"[""20210419"",""900036""]",59-D,cor:monetaryAmount,2021-04
36,1,900055,Debit,2021-04-19,Synthetic demo multi-vendor settlement 900055,2000,Demo Accounts Payable,V006,Demo Vendor Prairie,D01,Demo Sales,87280,0,,,,,,,3351800,60,"[""20210419"",""900055""]",60-D,cor:monetaryAmount,2021-04
36,2,900055,Debit,2021-04-19,Synthetic demo multi-vendor settlement 900055,2100,Demo Accrued Payables,V009,Demo Vendor Summit,D01,Demo Sales,194270,0,,,,,,,10522100,61,"[""20210419"",""900055""]",61-D,cor:monetaryAmount,2021-04
36,3,900055,Credit,2021-04-19,Synthetic demo multi-vendor settlement 900055,1110,Demo North Current Deposit,B002,North Demo Bank,D01,Demo Sales,0,219600,,,,,,,19735890,62,"[""20210419"",""900055""]",62-C,cor:monetaryAmount,2021-04
36,4,900055,Credit,2021-04-19,Synthetic demo multi-vendor settlement 900055,1120,Demo Harbor Ordinary Deposit,B003,Harbor Demo Bank,D01,Demo Sales,0,61950,,,,,,,17257140,63,"[""20210419"",""900055""]",63-C,cor:monetaryAmount,2021-04
37,1,900005,Credit,2021-04-20,Synthetic demo financing settlement 900005,1120,Demo Harbor Ordinary Deposit,B003,Harbor Demo Bank,D06,Demo Management,0,398610,,,,,,,16858530,64,"[""20210420"",""900005""]",64-C,cor:monetaryAmount,2021-04
37,2,900005,Debit,2021-04-20,Synthetic demo financing settlement 900005,2200,Demo Short-term Loans,,,D06,Demo Management,127550,0,1120,Demo Harbor Ordinary Deposit,,,,,6444450,64,"[""20210420"",""900005""]",64-D,cor:monetaryAmount,2021-04
37,3,900005,Debit,2021-04-20,Synthetic demo financing settlement 900005,6070,Demo Bank Fees,B003,Harbor Demo Bank,D06,Demo Management,187340,0,1120,Demo Harbor Ordinary Deposit,,,,,187340,65,"[""20210420"",""900005""]",65-D,cor:monetaryAmount,2021-04
37,4,900005,Debit,2021-04-20,Synthetic demo financing settlement 900005,7000,Demo Taxes and Dues,,,D06,Demo Management,83720,0,1120,Demo Harbor Ordinary Deposit,,,,,83720,66,"[""20210420"",""900005""]",66-D,cor:monetaryAmount,2021-04
38,1,900015,Debit,2021-04-20,Synthetic demo multi-vendor settlement 900015,2000,Demo Accounts Payable,V006,Demo Vendor Prairie,D01,Demo Sales,479460,0,,,,,,,2872340,67,"[""20210420"",""900015""]",67-D,cor:monetaryAmount,2021-04
38,2,900015,Debit,2021-04-20,Synthetic demo multi-vendor settlement 900015,2100,Demo Accrued Payables,V009,Demo Vendor Summit,D01,Demo Sales,135240,0,,,,,,,10386860,68,"[""20210420"",""900015""]",68-D,cor:monetaryAmount,2021-04
38,3,900015,Credit,2021-04-20,Synthetic demo multi-vendor settlement 900015,1100,Demo Central Ordinary Deposit,B001,Demo Central Bank,D01,Demo Sales,0,116790,,,,,,,15167650,69,"[""20210420"",""900015""]",69-C,cor:monetaryAmount,2021-04
38,4,900015,Credit,2021-04-20,Synthetic demo multi-vendor settlement 900015,1110,Demo North Current Deposit,B002,North Demo Bank,D01,Demo Sales,0,497910,,,,,,,19237980,70,"[""20210420"",""900015""]",70-C,cor:monetaryAmount,2021-04
39,1,900029,Credit,2021-04-20,Synthetic demo prepaid service 900029,1120,Demo Harbor Ordinary Deposit,B003,Harbor Demo Bank,D05,Demo Digital Services,0,183370,1400,Demo Prepaid Expenses,,,,,16675160,71,"[""20210420"",""900029""]",71-C,cor:monetaryAmount,2021-04
39,2,900029,Debit,2021-04-20,Synthetic demo prepaid service 900029,1400,Demo Prepaid Expenses,S001,Demo Property Services,D05,Demo Digital Services,183370,0,1120,Demo Harbor Ordinary Deposit,,,,,483370,71,"[""20210420"",""900029""]",71-D,cor:monetaryAmount,2021-04
40,1,900039,Credit,2021-04-20,Synthetic demo prepaid service 900039,1100,Demo Central Ordinary Deposit,B001,Demo Central Bank,D05,Demo Digital Services,0,83970,1400,Demo Prepaid Expenses,,,,,15083680,72,"[""20210420"",""900039""]",72-C,cor:monetaryAmount,2021-04
40,2,900039,Debit,2021-04-20,Synthetic demo prepaid service 900039,1400,Demo Prepaid Expenses,S005,Demo Professional Services,D05,Demo Digital Services,83970,0,1100,Demo Central Ordinary Deposit,,,,,567340,72,"[""20210420"",""900039""]",72-D,cor:monetaryAmount,2021-04
41,1,900016,Credit,2021-04-22,Synthetic demo purchase on account 900016,2000,Demo Accounts Payable,V001,Demo Vendor Keystone,D04,Demo Logistics,0,241670,5010,Demo Freight-in,,,,,3114010,73,"[""20210422"",""900016""]",73-C,cor:monetaryAmount,2021-04
41,2,900016,Debit,2021-04-22,Synthetic demo purchase on account 900016,5010,Demo Freight-in,V001,Demo Vendor Keystone,D04,Demo Logistics,241670,0,2000,Demo Accounts Payable,,,,,241670,73,"[""20210422"",""900016""]",73-D,cor:monetaryAmount,2021-04
42,1,900021,Debit,2021-04-22,Synthetic demo multi-vendor settlement 900021,2000,Demo Accounts Payable,V002,Demo Vendor Lattice,D01,Demo Sales,189620,0,,,,,,,2924390,74,"[""20210422"",""900021""]",74-D,cor:monetaryAmount,2021-04
42,2,900021,Debit,2021-04-22,Synthetic demo multi-vendor settlement 900021,2100,Demo Accrued Payables,V005,Demo Vendor Orchid,D01,Demo Sales,93400,0,,,,,,,10293460,75,"[""20210422"",""900021""]",75-D,cor:monetaryAmount,2021-04
42,3,900021,Credit,2021-04-22,Synthetic demo multi-vendor settlement 900021,1100,Demo Central Ordinary Deposit,B001,Demo Central Bank,D01,Demo Sales,0,90560,,,,,,,14993120,76,"[""20210422"",""900021""]",76-C,cor:monetaryAmount,2021-04
42,4,900021,Credit,2021-04-22,Synthetic demo multi-vendor settlement 900021,1110,Demo North Current Deposit,B002,North Demo Bank,D01,Demo Sales,0,192460,,,,,,,19045520,77,"[""20210422"",""900021""]",77-C,cor:monetaryAmount,2021-04
43,1,900025,Credit,2021-04-22,Synthetic demo purchase on account 900025,2000,Demo Accounts Payable,V006,Demo Vendor Prairie,D04,Demo Logistics,0,187410,5010,Demo Freight-in,,,,,3111800,78,"[""20210422"",""900025""]",78-C,cor:monetaryAmount,2021-04
43,2,900025,Debit,2021-04-22,Synthetic demo purchase on account 900025,5010,Demo Freight-in,V006,Demo Vendor Prairie,D04,Demo Logistics,187410,0,2000,Demo Accounts Payable,,,,,429080,78,"[""20210422"",""900025""]",78-D,cor:monetaryAmount,2021-04
44,1,900040,Debit,2021-04-22,Synthetic demo mixed sales and receipt 900040,1110,Demo North Current Deposit,B002,North Demo Bank,D01,Demo Sales,43800,0,,,,,,,19089320,79,"[""20210422"",""900040""]",79-D,cor:monetaryAmount,2021-04
44,2,900040,Debit,2021-04-22,Synthetic demo mixed sales and receipt 900040,1200,Demo Accounts Receivable,C001,Demo Customer Aurora,D01,Demo Sales,164790,0,,,,,,,3019750,80,"[""20210422"",""900040""]",80-D,cor:monetaryAmount,2021-04
44,3,900040,Credit,2021-04-22,Synthetic demo mixed sales and receipt 900040,4000,Demo Product Sales,C002,Demo Customer Birch,D01,Demo Sales,0,60490,,,,,,,1984590,81,"[""20210422"",""900040""]",81-C,cor:monetaryAmount,2021-04
44,4,900040,Credit,2021-04-22,Synthetic demo mixed sales and receipt 900040,4010,Demo Service Revenue,C003,Demo Customer Cobalt,D01,Demo Sales,0,148100,,,,,,,1837970,82,"[""20210422"",""900040""]",82-C,cor:monetaryAmount,2021-04
45,1,900002,Credit,2021-04-23,Synthetic demo credit sale 900002,4020,Demo Other Operating Revenue,C007,Demo Customer Grove,D01,Demo Sales,0,152170,1200,Demo Accounts Receivable,,,,,748760,83,"[""20210423"",""900002""]",83-C,cor:monetaryAmount,2021-04
45,2,900002,Debit,2021-04-23,Synthetic demo credit sale 900002,1200,Demo Accounts Receivable,C007,Demo Customer Grove,D01,Demo Sales,152170,0,4020,Demo Other Operating Revenue,,,,,3171920,83,"[""20210423"",""900002""]",83-D,cor:monetaryAmount,2021-04
46,1,900041,Credit,2021-04-23,Synthetic demo credit sale 900041,4020,Demo Other Operating Revenue,C004,Demo Customer Dawn,D01,Demo Sales,0,97700,1200,Demo Accounts Receivable,,,,,846460,84,"[""20210423"",""900041""]",84-C,cor:monetaryAmount,2021-04
46,2,900041,Debit,2021-04-23,Synthetic demo credit sale 900041,1200,Demo Accounts Receivable,C004,Demo Customer Dawn,D01,Demo Sales,97700,0,4020,Demo Other Operating Revenue,,,,,3269620,84,"[""20210423"",""900041""]",84-D,cor:monetaryAmount,2021-04
47,1,900052,Credit,2021-04-23,Synthetic demo operating cost bundle 900052,1110,Demo North Current Deposit,B002,North Demo Bank,D03,Demo Operations,0,246630,,,,,,,18842690,85,"[""20210423"",""900052""]",85-C,cor:monetaryAmount,2021-04
47,2,900052,Debit,2021-04-23,Synthetic demo operating cost bundle 900052,6030,Demo Utilities,S002,Demo Energy Services,D03,Demo Operations,96180,0,1110,Demo North Current Deposit,,,,,672050,85,"[""20210423"",""900052""]",85-D,cor:monetaryAmount,2021-04
47,3,900052,Debit,2021-04-23,Synthetic demo operating cost bundle 900052,6040,Demo Communication,S003,Demo Network Services,D03,Demo Operations,59190,0,1110,Demo North Current Deposit,,,,,316690,86,"[""20210423"",""900052""]",86-D,cor:monetaryAmount,2021-04
47,4,900052,Debit,2021-04-23,Synthetic demo operating cost bundle 900052,6060,Demo Office Supplies,V003,Demo Vendor Mosaic,D03,Demo Operations,91260,0,1110,Demo North Current Deposit,,,,,734700,87,"[""20210423"",""900052""]",87-D,cor:monetaryAmount,2021-04
48,1,900009,Debit,2021-04-24,Synthetic demo multi-vendor settlement 900009,2000,Demo Accounts Payable,V010,Demo Vendor Tandem,D01,Demo Sales,206960,0,,,,,,,2904840,88,"[""20210424"",""900009""]",88-D,cor:monetaryAmount,2021-04
48,2,900009,Debit,2021-04-24,Synthetic demo multi-vendor settlement 900009,2100,Demo Accrued Payables,V003,Demo Vendor Mosaic,D01,Demo Sales,101950,0,,,,,,,10191510,89,"[""20210424"",""900009""]",89-D,cor:monetaryAmount,2021-04
48,3,900009,Credit,2021-04-24,Synthetic demo multi-vendor settlement 900009,1100,Demo Central Ordinary Deposit,B001,Demo Central Bank,D01,Demo Sales,0,52510,,,,,,,14940610,90,"[""20210424"",""900009""]",90-C,cor:monetaryAmount,2021-04
48,4,900009,Credit,2021-04-24,Synthetic demo multi-vendor settlement 900009,1110,Demo North Current Deposit,B002,North Demo Bank,D01,Demo Sales,0,256400,,,,,,,18586290,91,"[""20210424"",""900009""]",91-C,cor:monetaryAmount,2021-04
49,1,900019,Credit,2021-04-24,Synthetic demo prepaid service 900019,1110,Demo North Current Deposit,B002,North Demo Bank,D05,Demo Digital Services,0,83490,1400,Demo Prepaid Expenses,,,,,18502800,92,"[""20210424"",""900019""]",92-C,cor:monetaryAmount,2021-04
49,2,900019,Debit,2021-04-24,Synthetic demo prepaid service 900019,1400,Demo Prepaid Expenses,S002,Demo Energy Services,D05,Demo Digital Services,83490,0,1110,Demo North Current Deposit,,,,,650830,92,"[""20210424"",""900019""]",92-D,cor:monetaryAmount,2021-04
50,1,900038,Credit,2021-04-24,Synthetic demo operating expense 900038,1120,Demo Harbor Ordinary Deposit,B003,Harbor Demo Bank,D05,Demo Digital Services,0,34930,6040,Demo Communication,,,,,16640230,93,"[""20210424"",""900038""]",93-C,cor:monetaryAmount,2021-04
50,2,900038,Debit,2021-04-24,Synthetic demo operating expense 900038,6040,Demo Communication,V001,Demo Vendor Keystone,D05,Demo Digital Services,34930,0,1120,Demo Harbor Ordinary Deposit,,,,,351620,93,"[""20210424"",""900038""]",93-D,cor:monetaryAmount,2021-04
51,1,900042,Credit,2021-04-25,Synthetic demo credit sale 900042,4000,Demo Product Sales,C007,Demo Customer Grove,D01,Demo Sales,0,70700,1200,Demo Accounts Receivable,,,,,2055290,94,"[""20210425"",""900042""]",94-C,cor:monetaryAmount,2021-04
51,2,900042,Debit,2021-04-25,Synthetic demo credit sale 900042,1200,Demo Accounts Receivable,C007,Demo Customer Grove,D01,Demo Sales,70700,0,4000,Demo Product Sales,,,,,3340320,94,"[""20210425"",""900042""]",94-D,cor:monetaryAmount,2021-04
52,1,900057,Credit,2021-04-26,Synthetic demo vendor settlement 900057,1100,Demo Central Ordinary Deposit,B001,Demo Central Bank,D04,Demo Logistics,0,122790,2000,Demo Accounts Payable,,,,,14817820,95,"[""20210426"",""900057""]",95-C,cor:monetaryAmount,2021-04
52,2,900057,Debit,2021-04-26,Synthetic demo vendor settlement 900057,2000,Demo Accounts Payable,V006,Demo Vendor Prairie,D04,Demo Logistics,122790,0,1100,Demo Central Ordinary Deposit,,,,,2782050,95,"[""20210426"",""900057""]",95-D,cor:monetaryAmount,2021-04
53,1,900059,Credit,2021-04-26,Synthetic demo prepaid service 900059,1120,Demo Harbor Ordinary Deposit,B003,Harbor Demo Bank,D05,Demo Digital Services,0,249310,1400,Demo Prepaid Expenses,,,,,16390920,96,"[""20210426"",""900059""]",96-C,cor:monetaryAmount,2021-04
53,2,900059,Debit,2021-04-26,Synthetic demo prepaid service 900059,1400,Demo Prepaid Expenses,S006,Demo Insurance Services,D05,Demo Digital Services,249310,0,1120,Demo Harbor Ordinary Deposit,,,,,900140,96,"[""20210426"",""900059""]",96-D,cor:monetaryAmount,2021-04
54,1,900022,Credit,2021-04-27,Synthetic demo credit sale 900022,4010,Demo Service Revenue,C007,Demo Customer Grove,D01,Demo Sales,0,545850,1200,Demo Accounts Receivable,,,,,2383820,97,"[""20210427"",""900022""]",97-C,cor:monetaryAmount,2021-04
54,2,900022,Debit,2021-04-27,Synthetic demo credit sale 900022,1200,Demo Accounts Receivable,C007,Demo Customer Grove,D01,Demo Sales,545850,0,4010,Demo Service Revenue,,,,,3886170,97,"[""20210427"",""900022""]",97-D,cor:monetaryAmount,2021-04
55,1,900061,Debit,2021-04-27,Synthetic demo multi-vendor settlement 900061,2000,Demo Accounts Payable,V002,Demo Vendor Lattice,D01,Demo Sales,174850,0,,,,,,,2607200,98,"[""20210427"",""900061""]",98-D,cor:monetaryAmount,2021-04
55,2,900061,Debit,2021-04-27,Synthetic demo multi-vendor settlement 900061,2100,Demo Accrued Payables,V005,Demo Vendor Orchid,D01,Demo Sales,35820,0,,,,,,,10155690,99,"[""20210427"",""900061""]",99-D,cor:monetaryAmount,2021-04
55,3,900061,Credit,2021-04-27,Synthetic demo multi-vendor settlement 900061,1110,Demo North Current Deposit,B002,North Demo Bank,D01,Demo Sales,0,61090,,,,,,,18441710,100,"[""20210427"",""900061""]",100-C,cor:monetaryAmount,2021-04
55,4,900061,Credit,2021-04-27,Synthetic demo multi-vendor settlement 900061,1120,Demo Harbor Ordinary Deposit,B003,Harbor Demo Bank,D01,Demo Sales,0,149580,,,,,,,16241340,101,"[""20210427"",""900061""]",101-C,cor:monetaryAmount,2021-04
56,1,900053,Credit,2021-04-28,Synthetic demo customer receipt 900053,1200,Demo Accounts Receivable,C010,Demo Customer Juniper,D01,Demo Sales,0,326610,1120,Demo Harbor Ordinary Deposit,,,,,3559560,102,"[""20210428"",""900053""]",102-C,cor:monetaryAmount,2021-04
56,2,900053,Debit,2021-04-28,Synthetic demo customer receipt 900053,1120,Demo Harbor Ordinary Deposit,B003,Harbor Demo Bank,D01,Demo Sales,326610,0,1200,Demo Accounts Receivable,,,,,16567950,102,"[""20210428"",""900053""]",102-D,cor:monetaryAmount,2021-04
57,1,900013,Credit,2021-04-29,Synthetic demo customer receipt 900013,1200,Demo Accounts Receivable,C010,Demo Customer Juniper,D01,Demo Sales,0,151030,1110,Demo North Current Deposit,,,,,3408530,103,"[""20210429"",""900013""]",103-C,cor:monetaryAmount,2021-04
57,2,900013,Debit,2021-04-29,Synthetic demo customer receipt 900013,1110,Demo North Current Deposit,B002,North Demo Bank,D01,Demo Sales,151030,0,1200,Demo Accounts Receivable,,,,,18592740,103,"[""20210429"",""900013""]",103-D,cor:monetaryAmount,2021-04
58,1,900018,Credit,2021-04-29,Synthetic demo monthly payroll bundle 900018,1100,Demo Central Ordinary Deposit,B001,Demo Central Bank,D02,Demo Administration,0,296470,,,,,,,14521350,104,"[""20210429"",""900018""]",104-C,cor:monetaryAmount,2021-04
58,2,900018,Debit,2021-04-29,Synthetic demo monthly payroll bundle 900018,6000,Demo Salaries,,,D02,Demo Administration,91900,0,1100,Demo Central Ordinary Deposit,,,,,630350,104,"[""20210429"",""900018""]",104-D,cor:monetaryAmount,2021-04
58,3,900018,Debit,2021-04-29,Synthetic demo monthly payroll bundle 900018,6010,Demo Statutory Welfare,,,D02,Demo Administration,44470,0,1100,Demo Central Ordinary Deposit,,,,,410810,105,"[""20210429"",""900018""]",105-D,cor:monetaryAmount,2021-04
58,4,900018,Debit,2021-04-29,Synthetic demo monthly payroll bundle 900018,2110,Demo Payroll Withholding,,,D02,Demo Administration,160100,0,1100,Demo Central Ordinary Deposit,,,,,5556520,106,"[""20210429"",""900018""]",106-D,cor:monetaryAmount,2021-04
59,1,900047,Credit,2021-04-29,Synthetic demo vendor settlement 900047,1120,Demo Harbor Ordinary Deposit,B003,Harbor Demo Bank,D04,Demo Logistics,0,338130,2000,Demo Accounts Payable,,,,,16229820,107,"[""20210429"",""900047""]",107-C,cor:monetaryAmount,2021-04
59,2,900047,Debit,2021-04-29,Synthetic demo vendor settlement 900047,2000,Demo Accounts Payable,V006,Demo Vendor Prairie,D04,Demo Logistics,338130,0,1120,Demo Harbor Ordinary Deposit,,,,,2269070,107,"[""20210429"",""900047""]",107-D,cor:monetaryAmount,2021-04
60,1,900011,Credit,2021-04-30,Synthetic demo financing settlement 900011,1120,Demo Harbor Ordinary Deposit,B003,Harbor Demo Bank,D06,Demo Management,0,360350,,,,,,,15869470,108,"[""20210430"",""900011""]",108-C,cor:monetaryAmount,2021-04
60,2,900011,Debit,2021-04-30,Synthetic demo financing settlement 900011,2200,Demo Short-term Loans,,,D06,Demo Management,82880,0,1120,Demo Harbor Ordinary Deposit,,,,,6361570,108,"[""20210430"",""900011""]",108-D,cor:monetaryAmount,2021-04
60,3,900011,Debit,2021-04-30,Synthetic demo financing settlement 900011,6070,Demo Bank Fees,B003,Harbor Demo Bank,D06,Demo Management,21620,0,1120,Demo Harbor Ordinary Deposit,,,,,208960,109,"[""20210430"",""900011""]",109-D,cor:monetaryAmount,2021-04
60,4,900011,Debit,2021-04-30,Synthetic demo financing settlement 900011,7000,Demo Taxes and Dues,,,D06,Demo Management,255850,0,1120,Demo Harbor Ordinary Deposit,,,,,339570,110,"[""20210430"",""900011""]",110-D,cor:monetaryAmount,2021-04
61,1,900054,Credit,2021-04-30,Synthetic demo customer receipt 900054,1200,Demo Accounts Receivable,C003,Demo Customer Cobalt,D01,Demo Sales,0,163850,1100,Demo Central Ordinary Deposit,,,,,3244680,111,"[""20210430"",""900054""]",111-C,cor:monetaryAmount,2021-04
61,2,900054,Debit,2021-04-30,Synthetic demo customer receipt 900054,1100,Demo Central Ordinary Deposit,B001,Demo Central Bank,D01,Demo Sales,163850,0,1200,Demo Accounts Receivable,,,,,14685200,111,"[""20210430"",""900054""]",111-D,cor:monetaryAmount,2021-04
62,1,900062,Credit,2021-04-30,Synthetic demo credit sale 900062,4020,Demo Other Operating Revenue,C007,Demo Customer Grove,D01,Demo Sales,0,525670,1200,Demo Accounts Receivable,,,,,1372130,112,"[""20210430"",""900062""]",112-C,cor:monetaryAmount,2021-04
62,2,900062,Debit,2021-04-30,Synthetic demo credit sale 900062,1200,Demo Accounts Receivable,C007,Demo Customer Grove,D01,Demo Sales,525670,0,4020,Demo Other Operating Revenue,,,,,3770350,112,"[""20210430"",""900062""]",112-D,cor:monetaryAmount,2021-04
,,,Opening,2021-05-01,* Opening balance,1000,Demo Cash,,,,,0,0,,,,,,,600000,,,,,2021-05
,,,Opening,2021-05-01,* Opening balance,1010,Demo Petty Cash,,,,,0,0,,,,,,,120000,,,,,2021-05
,,,Opening,2021-05-01,* Opening balance,1100,Demo Central Ordinary Deposit,,,,,0,0,,,,,,,14685200,,,,,2021-05
,,,Opening,2021-05-01,* Opening balance,1110,Demo North Current Deposit,,,,,0,0,,,,,,,18592740,,,,,2021-05
,,,Opening,2021-05-01,* Opening balance,1120,Demo Harbor Ordinary Deposit,,,,,0,0,,,,,,,15869470,,,,,2021-05
,,,Opening,2021-05-01,* Opening balance,1200,Demo Accounts Receivable,,,,,0,0,,,,,,,3770350,,,,,2021-05
,,,Opening,2021-05-01,* Opening balance,1210,Demo Notes Receivable,,,,,0,0,,,,,,,800000,,,,,2021-05
,,,Opening,2021-05-01,* Opening balance,1300,Demo Inventory,,,,,0,0,,,,,,,1200000,,,,,2021-05
,,,Opening,2021-05-01,* Opening balance,1400,Demo Prepaid Expenses,,,,,0,0,,,,,,,900140,,,,,2021-05
,,,Opening,2021-05-01,* Opening balance,1410,Demo Advances Paid,,,,,0,0,,,,,,,250000,,,,,2021-05
,,,Opening,2021-05-01,* Opening balance,1420,Demo Temporary Payments,,,,,0,0,,,,,,,150000,,,,,2021-05
,,,Opening,2021-05-01,* Opening balance,1430,Demo Input Tax Receivable,,,,,0,0,,,,,,,400000,,,,,2021-05
,,,Opening,2021-05-01,* Opening balance,1500,Demo Equipment,,,,,0,0,,,,,,,2000000,,,,,2021-05
,,,Opening,2021-05-01,* Opening balance,1510,Demo Vehicles,,,,,0,0,,,,,,,1200000,,,,,2021-05
,,,Opening,2021-05-01,* Opening balance,1520,Demo Software,,,,,0,0,,,,,,,700000,,,,,2021-05
,,,Opening,2021-05-01,* Opening balance,1590,Demo Accumulated Depreciation,,,,,0,0,,,,,,,900000,,,,,2021-05
,,,Opening,2021-05-01,* Opening balance,2000,Demo Accounts Payable,,,,,0,0,,,,,,,2269070,,,,,2021-05
,,,Opening,2021-05-01,* Opening balance,2010,Demo Notes Payable,,,,,0,0,,,,,,,600000,,,,,2021-05
,,,Opening,2021-05-01,* Opening balance,2100,Demo Accrued Payables,,,,,0,0,,,,,,,10155690,,,,,2021-05
,,,Opening,2021-05-01,* Opening balance,2110,Demo Payroll Withholding,,,,,0,0,,,,,,,5556520,,,,,2021-05
,,,Opening,2021-05-01,* Opening balance,2120,Demo Output Tax Payable,,,,,0,0,,,,,,,450000,,,,,2021-05
,,,Opening,2021-05-01,* Opening balance,2130,Demo Temporary Receipts,,,,,0,0,,,,,,,120000,,,,,2021-05
,,,Opening,2021-05-01,* Opening balance,2200,Demo Short-term Loans,,,,,0,0,,,,,,,6361570,,,,,2021-05
,,,Opening,2021-05-01,* Opening balance,2300,Demo Long-term Loans,,,,,0,0,,,,,,,2500000,,,,,2021-05
,,,Opening,2021-05-01,* Opening balance,2400,Demo Unearned Revenue,,,,,0,0,,,,,,,350000,,,,,2021-05
,,,Opening,2021-05-01,* Opening balance,3000,Demo Capital,,,,,0,0,,,,,,,5000000,,,,,2021-05
,,,Opening,2021-05-01,* Opening balance,3100,Demo Retained Earnings,,,,,0,0,,,,,,,26159010,,,,,2021-05
,,,Opening,2021-05-01,* Opening balance,4000,Demo Product Sales,,,,,0,0,,,,,,,2055290,,,,,2021-05
,,,Opening,2021-05-01,* Opening balance,4010,Demo Service Revenue,,,,,0,0,,,,,,,2383820,,,,,2021-05
,,,Opening,2021-05-01,* Opening balance,4020,Demo Other Operating Revenue,,,,,0,0,,,,,,,1372130,,,,,2021-05
,,,Opening,2021-05-01,* Opening balance,4030,Demo Interest Income,,,,,0,0,,,,,,,0,,,,,2021-05
,,,Opening,2021-05-01,* Opening balance,4040,Demo Miscellaneous Income,,,,,0,0,,,,,,,0,,,,,2021-05
,,,Opening,2021-05-01,* Opening balance,5000,Demo Purchases,,,,,0,0,,,,,,,532190,,,,,2021-05
,,,Opening,2021-05-01,* Opening balance,5010,Demo Freight-in,,,,,0,0,,,,,,,429080,,,,,2021-05
,,,Opening,2021-05-01,* Opening balance,5020,Demo Inventory Adjustment,,,,,0,0,,,,,,,481960,,,,,2021-05
,,,Opening,2021-05-01,* Opening balance,6000,Demo Salaries,,,,,0,0,,,,,,,630350,,,,,2021-05
,,,Opening,2021-05-01,* Opening balance,6010,Demo Statutory Welfare,,,,,0,0,,,,,,,410810,,,,,2021-05
,,,Opening,2021-05-01,* Opening balance,6020,Demo Office Rent,,,,,0,0,,,,,,,0,,,,,2021-05
,,,Opening,2021-05-01,* Opening balance,6030,Demo Utilities,,,,,0,0,,,,,,,672050,,,,,2021-05
,,,Opening,2021-05-01,* Opening balance,6040,Demo Communication,,,,,0,0,,,,,,,351620,,,,,2021-05
,,,Opening,2021-05-01,* Opening balance,6050,Demo Business Travel,,,,,0,0,,,,,,,0,,,,,2021-05
,,,Opening,2021-05-01,* Opening balance,6060,Demo Office Supplies,,,,,0,0,,,,,,,734700,,,,,2021-05
,,,Opening,2021-05-01,* Opening balance,6070,Demo Bank Fees,,,,,0,0,,,,,,,208960,,,,,2021-05
,,,Opening,2021-05-01,* Opening balance,6080,Demo Advertising,,,,,0,0,,,,,,,0,,,,,2021-05
,,,Opening,2021-05-01,* Opening balance,6090,Demo Insurance,,,,,0,0,,,,,,,0,,,,,2021-05
,,,Opening,2021-05-01,* Opening balance,6100,Demo Repairs,,,,,0,0,,,,,,,71340,,,,,2021-05
,,,Opening,2021-05-01,* Opening balance,6110,Demo Depreciation Expense,,,,,0,0,,,,,,,0,,,,,2021-05
,,,Opening,2021-05-01,* Opening balance,6120,Demo Professional Fees,,,,,0,0,,,,,,,0,,,,,2021-05
,,,Opening,2021-05-01,* Opening balance,6130,Demo Training,,,,,0,0,,,,,,,0,,,,,2021-05
,,,Opening,2021-05-01,* Opening balance,6140,Demo Vehicle Expense,,,,,0,0,,,,,,,132570,,,,,2021-05
,,,Opening,2021-05-01,* Opening balance,6150,Demo Software Subscription,,,,,0,0,,,,,,,0,,,,,2021-05
,,,Opening,2021-05-01,* Opening balance,6160,Demo Shipping,,,,,0,0,,,,,,,0,,,,,2021-05
,,,Opening,2021-05-01,* Opening balance,6170,Demo Miscellaneous Expense,,,,,0,0,,,,,,,0,,,,,2021-05
,,,Opening,2021-05-01,* Opening balance,7000,Demo Taxes and Dues,,,,,0,0,,,,,,,339570,,,,,2021-05
,,,Opening,2021-05-01,* Opening balance,7010,Demo Corporate Tax,,,,,0,0,,,,,,,0,,,,,2021-05
,,,Opening,2021-05-01,* Opening balance,7020,Demo Consumption Tax Expense,,,,,0,0,,,,,,,0,,,,,2021-05
,,,Opening,2021-05-01,* Opening balance,8000,Demo Suspense,,,,,0,0,,,,,,,50000,,,,,2021-05
,,,Opening,2021-05-01,* Opening balance,8010,Demo Clearing,,,,,0,0,,,,,,,50000,,,,,2021-05
1,1,900065,Credit,2021-05-01,Synthetic demo financing settlement 900065,1120,Demo Harbor Ordinary Deposit,B003,Harbor Demo Bank,D06,Demo Management,0,462890,,,,,,,15406580,113,"[""20210501"",""900065""]",113-C,cor:monetaryAmount,2021-05
1,2,900065,Debit,2021-05-01,Synthetic demo financing settlement 900065,2200,Demo Short-term Loans,,,D06,Demo Management,78690,0,1120,Demo Harbor Ordinary Deposit,,,,,6282880,113,"[""20210501"",""900065""]",113-D,cor:monetaryAmount,2021-05
1,3,900065,Debit,2021-05-01,Synthetic demo financing settlement 900065,6070,Demo Bank Fees,B003,Harbor Demo Bank,D06,Demo Management,78690,0,1120,Demo Harbor Ordinary Deposit,,,,,287650,114,"[""20210501"",""900065""]",114-D,cor:monetaryAmount,2021-05
1,4,900065,Debit,2021-05-01,Synthetic demo financing settlement 900065,7000,Demo Taxes and Dues,,,D06,Demo Management,305510,0,1120,Demo Harbor Ordinary Deposit,,,,,645080,115,"[""20210501"",""900065""]",115-D,cor:monetaryAmount,2021-05
2,1,900121,Credit,2021-05-01,Synthetic demo credit sale 900121,4010,Demo Service Revenue,C004,Demo Customer Dawn,D01,Demo Sales,0,440700,1200,Demo Accounts Receivable,,,,,2824520,116,"[""20210501"",""900121""]",116-C,cor:monetaryAmount,2021-05
2,2,900121,Debit,2021-05-01,Synthetic demo credit sale 900121,1200,Demo Accounts Receivable,C004,Demo Customer Dawn,D01,Demo Sales,440700,0,4010,Demo Service Revenue,,,,,4211050,116,"[""20210501"",""900121""]",116-D,cor:monetaryAmount,2021-05
3,1,900119,Credit,2021-05-02,Synthetic demo prepaid service 900119,1120,Demo Harbor Ordinary Deposit,B003,Harbor Demo Bank,D05,Demo Digital Services,0,184270,1400,Demo Prepaid Expenses,,,,,15222310,117,"[""20210502"",""900119""]",117-C,cor:monetaryAmount,2021-05
3,2,900119,Debit,2021-05-02,Synthetic demo prepaid service 900119,1400,Demo Prepaid Expenses,S006,Demo Insurance Services,D05,Demo Digital Services,184270,0,1120,Demo Harbor Ordinary Deposit,,,,,1084410,117,"[""20210502"",""900119""]",117-D,cor:monetaryAmount,2021-05
4,1,900069,Credit,2021-05-03,Synthetic demo prepaid service 900069,1100,Demo Central Ordinary Deposit,B001,Demo Central Bank,D05,Demo Digital Services,0,42190,1400,Demo Prepaid Expenses,,,,,14643010,118,"[""20210503"",""900069""]",118-C,cor:monetaryAmount,2021-05
4,2,900069,Debit,2021-05-03,Synthetic demo prepaid service 900069,1400,Demo Prepaid Expenses,S004,Demo Logistics Services,D05,Demo Digital Services,42190,0,1100,Demo Central Ordinary Deposit,,,,,1126600,118,"[""20210503"",""900069""]",118-D,cor:monetaryAmount,2021-05
5,1,900079,Credit,2021-05-04,Synthetic demo prepaid service 900079,1110,Demo North Current Deposit,B002,North Demo Bank,D05,Demo Digital Services,0,96050,1400,Demo Prepaid Expenses,,,,,18496690,119,"[""20210504"",""900079""]",119-C,cor:monetaryAmount,2021-05
5,2,900079,Debit,2021-05-04,Synthetic demo prepaid service 900079,1400,Demo Prepaid Expenses,S002,Demo Energy Services,D05,Demo Digital Services,96050,0,1110,Demo North Current Deposit,,,,,1222650,119,"[""20210504"",""900079""]",119-D,cor:monetaryAmount,2021-05
6,1,900086,Debit,2021-05-04,Synthetic demo mixed sales and receipt 900086,1120,Demo Harbor Ordinary Deposit,B003,Harbor Demo Bank,D01,Demo Sales,169060,0,,,,,,,15391370,120,"[""20210504"",""900086""]",120-D,cor:monetaryAmount,2021-05
6,2,900086,Debit,2021-05-04,Synthetic demo mixed sales and receipt 900086,1200,Demo Accounts Receivable,C007,Demo Customer Grove,D01,Demo Sales,535390,0,,,,,,,4746440,121,"[""20210504"",""900086""]",121-D,cor:monetaryAmount,2021-05
6,3,900086,Credit,2021-05-04,Synthetic demo mixed sales and receipt 900086,4000,Demo Product Sales,C008,Demo Customer Halo,D01,Demo Sales,0,521290,,,,,,,2576580,122,"[""20210504"",""900086""]",122-C,cor:monetaryAmount,2021-05
6,4,900086,Credit,2021-05-04,Synthetic demo mixed sales and receipt 900086,4010,Demo Service Revenue,C009,Demo Customer Indigo,D01,Demo Sales,0,183160,,,,,,,3007680,123,"[""20210504"",""900086""]",123-C,cor:monetaryAmount,2021-05
7,1,900090,Credit,2021-05-04,Synthetic demo monthly payroll bundle 900090,1100,Demo Central Ordinary Deposit,B001,Demo Central Bank,D02,Demo Administration,0,481970,,,,,,,14161040,124,"[""20210504"",""900090""]",124-C,cor:monetaryAmount,2021-05
7,2,900090,Debit,2021-05-04,Synthetic demo monthly payroll bundle 900090,6000,Demo Salaries,,,D02,Demo Administration,183140,0,1100,Demo Central Ordinary Deposit,,,,,813490,124,"[""20210504"",""900090""]",124-D,cor:monetaryAmount,2021-05
7,3,900090,Debit,2021-05-04,Synthetic demo monthly payroll bundle 900090,6010,Demo Statutory Welfare,,,D02,Demo Administration,154230,0,1100,Demo Central Ordinary Deposit,,,,,565040,125,"[""20210504"",""900090""]",125-D,cor:monetaryAmount,2021-05
7,4,900090,Debit,2021-05-04,Synthetic demo monthly payroll bundle 900090,2110,Demo Payroll Withholding,,,D02,Demo Administration,144600,0,1100,Demo Central Ordinary Deposit,,,,,5411920,126,"[""20210504"",""900090""]",126-D,cor:monetaryAmount,2021-05
8,1,900097,Credit,2021-05-04,Synthetic demo operating cost bundle 900097,1110,Demo North Current Deposit,B002,North Demo Bank,D03,Demo Operations,0,673710,,,,,,,17822980,127,"[""20210504"",""900097""]",127-C,cor:monetaryAmount,2021-05
8,2,900097,Debit,2021-05-04,Synthetic demo operating cost bundle 900097,6030,Demo Utilities,S002,Demo Energy Services,D03,Demo Operations,323380,0,1110,Demo North Current Deposit,,,,,995430,127,"[""20210504"",""900097""]",127-D,cor:monetaryAmount,2021-05
8,3,900097,Debit,2021-05-04,Synthetic demo operating cost bundle 900097,6040,Demo Communication,S003,Demo Network Services,D03,Demo Operations,188630,0,1110,Demo North Current Deposit,,,,,540250,128,"[""20210504"",""900097""]",128-D,cor:monetaryAmount,2021-05
8,4,900097,Debit,2021-05-04,Synthetic demo operating cost bundle 900097,6060,Demo Office Supplies,V008,Demo Vendor Rivulet,D03,Demo Operations,161700,0,1110,Demo North Current Deposit,,,,,896400,129,"[""20210504"",""900097""]",129-D,cor:monetaryAmount,2021-05
9,1,900101,Credit,2021-05-04,Synthetic demo credit sale 900101,4020,Demo Other Operating Revenue,C004,Demo Customer Dawn,D01,Demo Sales,0,266140,1200,Demo Accounts Receivable,,,,,1638270,130,"[""20210504"",""900101""]",130-C,cor:monetaryAmount,2021-05
9,2,900101,Debit,2021-05-04,Synthetic demo credit sale 900101,1200,Demo Accounts Receivable,C004,Demo Customer Dawn,D01,Demo Sales,266140,0,4020,Demo Other Operating Revenue,,,,,5012580,130,"[""20210504"",""900101""]",130-D,cor:monetaryAmount,2021-05
10,1,900094,Credit,2021-05-05,Synthetic demo customer receipt 900094,1200,Demo Accounts Receivable,C003,Demo Customer Cobalt,D01,Demo Sales,0,467140,1110,Demo North Current Deposit,,,,,4545440,131,"[""20210505"",""900094""]",131-C,cor:monetaryAmount,2021-05
10,2,900094,Debit,2021-05-05,Synthetic demo customer receipt 900094,1110,Demo North Current Deposit,B002,North Demo Bank,D01,Demo Sales,467140,0,1200,Demo Accounts Receivable,,,,,18290120,131,"[""20210505"",""900094""]",131-D,cor:monetaryAmount,2021-05
11,1,900091,Credit,2021-05-06,Synthetic demo credit sale 900091,4010,Demo Service Revenue,C004,Demo Customer Dawn,D01,Demo Sales,0,124120,1200,Demo Accounts Receivable,,,,,3131800,132,"[""20210506"",""900091""]",132-C,cor:monetaryAmount,2021-05
11,2,900091,Debit,2021-05-06,Synthetic demo credit sale 900091,1200,Demo Accounts Receivable,C004,Demo Customer Dawn,D01,Demo Sales,124120,0,4010,Demo Service Revenue,,,,,4669560,132,"[""20210506"",""900091""]",132-D,cor:monetaryAmount,2021-05
12,1,900095,Credit,2021-05-07,Synthetic demo purchase on account 900095,2000,Demo Accounts Payable,V006,Demo Vendor Prairie,D04,Demo Logistics,0,350590,5020,Demo Inventory Adjustment,,,,,2619660,133,"[""20210507"",""900095""]",133-C,cor:monetaryAmount,2021-05
12,2,900095,Debit,2021-05-07,Synthetic demo purchase on account 900095,5020,Demo Inventory Adjustment,V006,Demo Vendor Prairie,D04,Demo Logistics,350590,0,2000,Demo Accounts Payable,,,,,832550,133,"[""20210507"",""900095""]",133-D,cor:monetaryAmount,2021-05
13,1,900100,Credit,2021-05-07,Synthetic demo credit sale 900100,4010,Demo Service Revenue,C001,Demo Customer Aurora,D01,Demo Sales,0,536790,1200,Demo Accounts Receivable,,,,,3668590,134,"[""20210507"",""900100""]",134-C,cor:monetaryAmount,2021-05
13,2,900100,Debit,2021-05-07,Synthetic demo credit sale 900100,1200,Demo Accounts Receivable,C001,Demo Customer Aurora,D01,Demo Sales,536790,0,4010,Demo Service Revenue,,,,,5206350,134,"[""20210507"",""900100""]",134-D,cor:monetaryAmount,2021-05
14,1,900092,Credit,2021-05-08,Synthetic demo credit sale 900092,4020,Demo Other Operating Revenue,C007,Demo Customer Grove,D01,Demo Sales,0,569760,1200,Demo Accounts Receivable,,,,,2208030,135,"[""20210508"",""900092""]",135-C,cor:monetaryAmount,2021-05
14,2,900092,Debit,2021-05-08,Synthetic demo credit sale 900092,1200,Demo Accounts Receivable,C007,Demo Customer Grove,D01,Demo Sales,569760,0,4020,Demo Other Operating Revenue,,,,,5776110,135,"[""20210508"",""900092""]",135-D,cor:monetaryAmount,2021-05
15,1,900111,Credit,2021-05-08,Synthetic demo credit sale 900111,4000,Demo Product Sales,C004,Demo Customer Dawn,D01,Demo Sales,0,311690,1200,Demo Accounts Receivable,,,,,2888270,136,"[""20210508"",""900111""]",136-C,cor:monetaryAmount,2021-05
15,2,900111,Debit,2021-05-08,Synthetic demo credit sale 900111,1200,Demo Accounts Receivable,C004,Demo Customer Dawn,D01,Demo Sales,311690,0,4000,Demo Product Sales,,,,,6087800,136,"[""20210508"",""900111""]",136-D,cor:monetaryAmount,2021-05
16,1,900066,Credit,2021-05-09,Synthetic demo purchase on account 900066,2000,Demo Accounts Payable,V001,Demo Vendor Keystone,D04,Demo Logistics,0,51360,5000,Demo Purchases,,,,,2671020,137,"[""20210509"",""900066""]",137-C,cor:monetaryAmount,2021-05
16,2,900066,Debit,2021-05-09,Synthetic demo purchase on account 900066,5000,Demo Purchases,V001,Demo Vendor Keystone,D04,Demo Logistics,51360,0,2000,Demo Accounts Payable,,,,,583550,137,"[""20210509"",""900066""]",137-D,cor:monetaryAmount,2021-05
17,1,900068,Debit,2021-05-09,Synthetic demo mixed sales and receipt 900068,1120,Demo Harbor Ordinary Deposit,B003,Harbor Demo Bank,D01,Demo Sales,273730,0,,,,,,,15665100,138,"[""20210509"",""900068""]",138-D,cor:monetaryAmount,2021-05
17,2,900068,Debit,2021-05-09,Synthetic demo mixed sales and receipt 900068,1200,Demo Accounts Receivable,C009,Demo Customer Indigo,D01,Demo Sales,91250,0,,,,,,,6179050,139,"[""20210509"",""900068""]",139-D,cor:monetaryAmount,2021-05
17,3,900068,Credit,2021-05-09,Synthetic demo mixed sales and receipt 900068,4000,Demo Product Sales,C010,Demo Customer Juniper,D01,Demo Sales,0,138690,,,,,,,3026960,140,"[""20210509"",""900068""]",140-C,cor:monetaryAmount,2021-05
17,4,900068,Credit,2021-05-09,Synthetic demo mixed sales and receipt 900068,4010,Demo Service Revenue,C001,Demo Customer Aurora,D01,Demo Sales,0,226290,,,,,,,3894880,141,"[""20210509"",""900068""]",141-C,cor:monetaryAmount,2021-05
18,1,900075,Credit,2021-05-09,Synthetic demo purchase on account 900075,2000,Demo Accounts Payable,V006,Demo Vendor Prairie,D04,Demo Logistics,0,379290,5000,Demo Purchases,,,,,3050310,142,"[""20210509"",""900075""]",142-C,cor:monetaryAmount,2021-05
18,2,900075,Debit,2021-05-09,Synthetic demo purchase on account 900075,5000,Demo Purchases,V006,Demo Vendor Prairie,D04,Demo Logistics,379290,0,2000,Demo Accounts Payable,,,,,962840,142,"[""20210509"",""900075""]",142-D,cor:monetaryAmount,2021-05
19,1,900082,Credit,2021-05-09,Synthetic demo credit sale 900082,4010,Demo Service Revenue,C007,Demo Customer Grove,D01,Demo Sales,0,355510,1200,Demo Accounts Receivable,,,,,4250390,143,"[""20210509"",""900082""]",143-C,cor:monetaryAmount,2021-05
19,2,900082,Debit,2021-05-09,Synthetic demo credit sale 900082,1200,Demo Accounts Receivable,C007,Demo Customer Grove,D01,Demo Sales,355510,0,4010,Demo Service Revenue,,,,,6534560,143,"[""20210509"",""900082""]",143-D,cor:monetaryAmount,2021-05
20,1,900099,Debit,2021-05-09,Synthetic demo multi-vendor settlement 900099,2000,Demo Accounts Payable,V010,Demo Vendor Tandem,D01,Demo Sales,176880,0,,,,,,,2873430,144,"[""20210509"",""900099""]",144-D,cor:monetaryAmount,2021-05
20,2,900099,Debit,2021-05-09,Synthetic demo multi-vendor settlement 900099,2100,Demo Accrued Payables,V003,Demo Vendor Mosaic,D01,Demo Sales,95250,0,,,,,,,10060440,145,"[""20210509"",""900099""]",145-D,cor:monetaryAmount,2021-05
20,3,900099,Credit,2021-05-09,Synthetic demo multi-vendor settlement 900099,1100,Demo Central Ordinary Deposit,B001,Demo Central Bank,D01,Demo Sales,0,73470,,,,,,,14087570,146,"[""20210509"",""900099""]",146-C,cor:monetaryAmount,2021-05
20,4,900099,Credit,2021-05-09,Synthetic demo multi-vendor settlement 900099,1110,Demo North Current Deposit,B002,North Demo Bank,D01,Demo Sales,0,198660,,,,,,,18091460,147,"[""20210509"",""900099""]",147-C,cor:monetaryAmount,2021-05
21,1,900076,Credit,2021-05-10,Synthetic demo purchase on account 900076,2000,Demo Accounts Payable,V001,Demo Vendor Keystone,D04,Demo Logistics,0,161300,5010,Demo Freight-in,,,,,3034730,148,"[""20210510"",""900076""]",148-C,cor:monetaryAmount,2021-05
21,2,900076,Debit,2021-05-10,Synthetic demo purchase on account 900076,5010,Demo Freight-in,V001,Demo Vendor Keystone,D04,Demo Logistics,161300,0,2000,Demo Accounts Payable,,,,,590380,148,"[""20210510"",""900076""]",148-D,cor:monetaryAmount,2021-05
22,1,900077,Credit,2021-05-10,Synthetic demo vendor settlement 900077,1120,Demo Harbor Ordinary Deposit,B003,Harbor Demo Bank,D04,Demo Logistics,0,147100,2000,Demo Accounts Payable,,,,,15518000,149,"[""20210510"",""900077""]",149-C,cor:monetaryAmount,2021-05
22,2,900077,Debit,2021-05-10,Synthetic demo vendor settlement 900077,2000,Demo Accounts Payable,V006,Demo Vendor Prairie,D04,Demo Logistics,147100,0,1120,Demo Harbor Ordinary Deposit,,,,,2887630,149,"[""20210510"",""900077""]",149-D,cor:monetaryAmount,2021-05
23,1,900106,Credit,2021-05-10,Synthetic demo purchase on account 900106,2000,Demo Accounts Payable,V001,Demo Vendor Keystone,D04,Demo Logistics,0,182290,5010,Demo Freight-in,,,,,3069920,150,"[""20210510"",""900106""]",150-C,cor:monetaryAmount,2021-05
23,2,900106,Debit,2021-05-10,Synthetic demo purchase on account 900106,5010,Demo Freight-in,V001,Demo Vendor Keystone,D04,Demo Logistics,182290,0,2000,Demo Accounts Payable,,,,,772670,150,"[""20210510"",""900106""]",150-D,cor:monetaryAmount,2021-05
24,1,900089,Credit,2021-05-11,Synthetic demo prepaid service 900089,1120,Demo Harbor Ordinary Deposit,B003,Harbor Demo Bank,D05,Demo Digital Services,0,29040,1400,Demo Prepaid Expenses,,,,,15488960,151,"[""20210511"",""900089""]",151-C,cor:monetaryAmount,2021-05
24,2,900089,Debit,2021-05-11,Synthetic demo prepaid service 900089,1400,Demo Prepaid Expenses,S006,Demo Insurance Services,D05,Demo Digital Services,29040,0,1120,Demo Harbor Ordinary Deposit,,,,,1251690,151,"[""20210511"",""900089""]",151-D,cor:monetaryAmount,2021-05
25,1,900074,Debit,2021-05-12,Synthetic demo mixed sales and receipt 900074,1120,Demo Harbor Ordinary Deposit,B003,Harbor Demo Bank,D01,Demo Sales,103280,0,,,,,,,15592240,152,"[""20210512"",""900074""]",152-D,cor:monetaryAmount,2021-05
25,2,900074,Debit,2021-05-12,Synthetic demo mixed sales and receipt 900074,1200,Demo Accounts Receivable,C005,Demo Customer Elm,D01,Demo Sales,71780,0,,,,,,,6606340,153,"[""20210512"",""900074""]",153-D,cor:monetaryAmount,2021-05
25,3,900074,Credit,2021-05-12,Synthetic demo mixed sales and receipt 900074,4000,Demo Product Sales,C006,Demo Customer Fjord,D01,Demo Sales,0,28000,,,,,,,3054960,154,"[""20210512"",""900074""]",154-C,cor:monetaryAmount,2021-05
25,4,900074,Credit,2021-05-12,Synthetic demo mixed sales and receipt 900074,4010,Demo Service Revenue,C007,Demo Customer Grove,D01,Demo Sales,0,147060,,,,,,,4397450,155,"[""20210512"",""900074""]",155-C,cor:monetaryAmount,2021-05
26,1,900112,Credit,2021-05-12,Synthetic demo operating cost bundle 900112,1110,Demo North Current Deposit,B002,North Demo Bank,D03,Demo Operations,0,249790,,,,,,,17841670,156,"[""20210512"",""900112""]",156-C,cor:monetaryAmount,2021-05
26,2,900112,Debit,2021-05-12,Synthetic demo operating cost bundle 900112,6030,Demo Utilities,S002,Demo Energy Services,D03,Demo Operations,74930,0,1110,Demo North Current Deposit,,,,,1070360,156,"[""20210512"",""900112""]",156-D,cor:monetaryAmount,2021-05
26,3,900112,Debit,2021-05-12,Synthetic demo operating cost bundle 900112,6040,Demo Communication,S003,Demo Network Services,D03,Demo Operations,112400,0,1110,Demo North Current Deposit,,,,,652650,157,"[""20210512"",""900112""]",157-D,cor:monetaryAmount,2021-05
26,4,900112,Debit,2021-05-12,Synthetic demo operating cost bundle 900112,6060,Demo Office Supplies,V003,Demo Vendor Mosaic,D03,Demo Operations,62460,0,1110,Demo North Current Deposit,,,,,958860,158,"[""20210512"",""900112""]",158-D,cor:monetaryAmount,2021-05
27,1,900096,Credit,2021-05-13,Synthetic demo purchase on account 900096,2000,Demo Accounts Payable,V001,Demo Vendor Keystone,D04,Demo Logistics,0,183300,5000,Demo Purchases,,,,,3253220,159,"[""20210513"",""900096""]",159-C,cor:monetaryAmount,2021-05
27,2,900096,Debit,2021-05-13,Synthetic demo purchase on account 900096,5000,Demo Purchases,V001,Demo Vendor Keystone,D04,Demo Logistics,183300,0,2000,Demo Accounts Payable,,,,,1146140,159,"[""20210513"",""900096""]",159-D,cor:monetaryAmount,2021-05
28,1,900073,Credit,2021-05-14,Synthetic demo customer receipt 900073,1200,Demo Accounts Receivable,C010,Demo Customer Juniper,D01,Demo Sales,0,289520,1110,Demo North Current Deposit,,,,,6316820,160,"[""20210514"",""900073""]",160-C,cor:monetaryAmount,2021-05
28,2,900073,Debit,2021-05-14,Synthetic demo customer receipt 900073,1110,Demo North Current Deposit,B002,North Demo Bank,D01,Demo Sales,289520,0,1200,Demo Accounts Receivable,,,,,18131190,160,"[""20210514"",""900073""]",160-D,cor:monetaryAmount,2021-05
29,1,900067,Credit,2021-05-15,Synthetic demo vendor settlement 900067,1110,Demo North Current Deposit,B002,North Demo Bank,D04,Demo Logistics,0,134370,2000,Demo Accounts Payable,,,,,17996820,161,"[""20210515"",""900067""]",161-C,cor:monetaryAmount,2021-05
29,2,900067,Debit,2021-05-15,Synthetic demo vendor settlement 900067,2000,Demo Accounts Payable,V006,Demo Vendor Prairie,D04,Demo Logistics,134370,0,1110,Demo North Current Deposit,,,,,3118850,161,"[""20210515"",""900067""]",161-D,cor:monetaryAmount,2021-05
30,1,900108,Credit,2021-05-15,Synthetic demo operating expense 900108,1100,Demo Central Ordinary Deposit,B001,Demo Central Bank,D02,Demo Administration,0,6210,6020,Demo Office Rent,,,,,14081360,162,"[""20210515"",""900108""]",162-C,cor:monetaryAmount,2021-05
30,2,900108,Debit,2021-05-15,Synthetic demo operating expense 900108,6020,Demo Office Rent,V001,Demo Vendor Keystone,D02,Demo Administration,6210,0,1100,Demo Central Ordinary Deposit,,,,,6210,162,"[""20210515"",""900108""]",162-D,cor:monetaryAmount,2021-05
31,1,900117,Credit,2021-05-15,Synthetic demo vendor settlement 900117,1100,Demo Central Ordinary Deposit,B001,Demo Central Bank,D04,Demo Logistics,0,103780,2000,Demo Accounts Payable,,,,,13977580,163,"[""20210515"",""900117""]",163-C,cor:monetaryAmount,2021-05
31,2,900117,Debit,2021-05-15,Synthetic demo vendor settlement 900117,2000,Demo Accounts Payable,V006,Demo Vendor Prairie,D04,Demo Logistics,103780,0,1100,Demo Central Ordinary Deposit,,,,,3015070,163,"[""20210515"",""900117""]",163-D,cor:monetaryAmount,2021-05
32,1,900080,Debit,2021-05-16,Synthetic demo mixed sales and receipt 900080,1120,Demo Harbor Ordinary Deposit,B003,Harbor Demo Bank,D01,Demo Sales,132500,0,,,,,,,15724740,164,"[""20210516"",""900080""]",164-D,cor:monetaryAmount,2021-05
32,2,900080,Debit,2021-05-16,Synthetic demo mixed sales and receipt 900080,1200,Demo Accounts Receivable,C001,Demo Customer Aurora,D01,Demo Sales,324430,0,,,,,,,6641250,165,"[""20210516"",""900080""]",165-D,cor:monetaryAmount,2021-05
32,3,900080,Credit,2021-05-16,Synthetic demo mixed sales and receipt 900080,4000,Demo Product Sales,C002,Demo Customer Birch,D01,Demo Sales,0,379250,,,,,,,3434210,166,"[""20210516"",""900080""]",166-C,cor:monetaryAmount,2021-05
32,4,900080,Credit,2021-05-16,Synthetic demo mixed sales and receipt 900080,4010,Demo Service Revenue,C003,Demo Customer Cobalt,D01,Demo Sales,0,77680,,,,,,,4475130,167,"[""20210516"",""900080""]",167-C,cor:monetaryAmount,2021-05
33,1,900116,Debit,2021-05-16,Synthetic demo mixed sales and receipt 900116,1120,Demo Harbor Ordinary Deposit,B003,Harbor Demo Bank,D01,Demo Sales,126090,0,,,,,,,15850830,168,"[""20210516"",""900116""]",168-D,cor:monetaryAmount,2021-05
33,2,900116,Debit,2021-05-16,Synthetic demo mixed sales and receipt 900116,1200,Demo Accounts Receivable,C007,Demo Customer Grove,D01,Demo Sales,181470,0,,,,,,,6822720,169,"[""20210516"",""900116""]",169-D,cor:monetaryAmount,2021-05
33,3,900116,Credit,2021-05-16,Synthetic demo mixed sales and receipt 900116,4000,Demo Product Sales,C008,Demo Customer Halo,D01,Demo Sales,0,172230,,,,,,,3606440,170,"[""20210516"",""900116""]",170-C,cor:monetaryAmount,2021-05
33,4,900116,Credit,2021-05-16,Synthetic demo mixed sales and receipt 900116,4010,Demo Service Revenue,C009,Demo Customer Indigo,D01,Demo Sales,0,135330,,,,,,,4610460,171,"[""20210516"",""900116""]",171-C,cor:monetaryAmount,2021-05
34,1,900122,Debit,2021-05-16,Synthetic demo mixed sales and receipt 900122,1120,Demo Harbor Ordinary Deposit,B003,Harbor Demo Bank,D01,Demo Sales,158780,0,,,,,,,16009610,172,"[""20210516"",""900122""]",172-D,cor:monetaryAmount,2021-05
34,2,900122,Debit,2021-05-16,Synthetic demo mixed sales and receipt 900122,1200,Demo Accounts Receivable,C003,Demo Customer Cobalt,D01,Demo Sales,114980,0,,,,,,,6937700,173,"[""20210516"",""900122""]",173-D,cor:monetaryAmount,2021-05
34,3,900122,Credit,2021-05-16,Synthetic demo mixed sales and receipt 900122,4000,Demo Product Sales,C004,Demo Customer Dawn,D01,Demo Sales,0,65700,,,,,,,3672140,174,"[""20210516"",""900122""]",174-C,cor:monetaryAmount,2021-05
34,4,900122,Credit,2021-05-16,Synthetic demo mixed sales and receipt 900122,4010,Demo Service Revenue,C005,Demo Customer Elm,D01,Demo Sales,0,208060,,,,,,,4818520,175,"[""20210516"",""900122""]",175-C,cor:monetaryAmount,2021-05
35,1,900081,Credit,2021-05-17,Synthetic demo credit sale 900081,4000,Demo Product Sales,C004,Demo Customer Dawn,D01,Demo Sales,0,267410,1200,Demo Accounts Receivable,,,,,3939550,176,"[""20210517"",""900081""]",176-C,cor:monetaryAmount,2021-05
35,2,900081,Debit,2021-05-17,Synthetic demo credit sale 900081,1200,Demo Accounts Receivable,C004,Demo Customer Dawn,D01,Demo Sales,267410,0,4000,Demo Product Sales,,,,,7205110,176,"[""20210517"",""900081""]",176-D,cor:monetaryAmount,2021-05
36,1,900118,Credit,2021-05-17,Synthetic demo operating cost bundle 900118,1110,Demo North Current Deposit,B002,North Demo Bank,D03,Demo Operations,0,699350,,,,,,,17297470,177,"[""20210517"",""900118""]",177-C,cor:monetaryAmount,2021-05
36,2,900118,Debit,2021-05-17,Synthetic demo operating cost bundle 900118,6030,Demo Utilities,S002,Demo Energy Services,D03,Demo Operations,440590,0,1110,Demo North Current Deposit,,,,,1510950,177,"[""20210517"",""900118""]",177-D,cor:monetaryAmount,2021-05
36,3,900118,Debit,2021-05-17,Synthetic demo operating cost bundle 900118,6040,Demo Communication,S003,Demo Network Services,D03,Demo Operations,55940,0,1110,Demo North Current Deposit,,,,,708590,178,"[""20210517"",""900118""]",178-D,cor:monetaryAmount,2021-05
36,4,900118,Debit,2021-05-17,Synthetic demo operating cost bundle 900118,6060,Demo Office Supplies,V009,Demo Vendor Summit,D03,Demo Operations,202820,0,1110,Demo North Current Deposit,,,,,1161680,179,"[""20210517"",""900118""]",179-D,cor:monetaryAmount,2021-05
37,1,900113,Credit,2021-05-18,Synthetic demo customer receipt 900113,1200,Demo Accounts Receivable,C010,Demo Customer Juniper,D01,Demo Sales,0,343570,1120,Demo Harbor Ordinary Deposit,,,,,6861540,180,"[""20210518"",""900113""]",180-C,cor:monetaryAmount,2021-05
37,2,900113,Debit,2021-05-18,Synthetic demo customer receipt 900113,1120,Demo Harbor Ordinary Deposit,B003,Harbor Demo Bank,D01,Demo Sales,343570,0,1200,Demo Accounts Receivable,,,,,16353180,180,"[""20210518"",""900113""]",180-D,cor:monetaryAmount,2021-05
38,1,900105,Credit,2021-05-19,Synthetic demo monthly payroll bundle 900105,1100,Demo Central Ordinary Deposit,B001,Demo Central Bank,D02,Demo Administration,0,399660,,,,,,,13577920,181,"[""20210519"",""900105""]",181-C,cor:monetaryAmount,2021-05
38,2,900105,Debit,2021-05-19,Synthetic demo monthly payroll bundle 900105,6000,Demo Salaries,,,D02,Demo Administration,319720,0,1100,Demo Central Ordinary Deposit,,,,,1133210,181,"[""20210519"",""900105""]",181-D,cor:monetaryAmount,2021-05
38,3,900105,Debit,2021-05-19,Synthetic demo monthly payroll bundle 900105,6010,Demo Statutory Welfare,,,D02,Demo Administration,19980,0,1100,Demo Central Ordinary Deposit,,,,,585020,182,"[""20210519"",""900105""]",182-D,cor:monetaryAmount,2021-05
38,4,900105,Debit,2021-05-19,Synthetic demo monthly payroll bundle 900105,2110,Demo Payroll Withholding,,,D02,Demo Administration,59960,0,1100,Demo Central Ordinary Deposit,,,,,5351960,183,"[""20210519"",""900105""]",183-D,cor:monetaryAmount,2021-05
39,1,900085,Credit,2021-05-20,Synthetic demo purchase on account 900085,2000,Demo Accounts Payable,V006,Demo Vendor Prairie,D04,Demo Logistics,0,209540,5010,Demo Freight-in,,,,,3224610,184,"[""20210520"",""900085""]",184-C,cor:monetaryAmount,2021-05
39,2,900085,Debit,2021-05-20,Synthetic demo purchase on account 900085,5010,Demo Freight-in,V006,Demo Vendor Prairie,D04,Demo Logistics,209540,0,2000,Demo Accounts Payable,,,,,982210,184,"[""20210520"",""900085""]",184-D,cor:monetaryAmount,2021-05
40,1,900087,Credit,2021-05-21,Synthetic demo vendor settlement 900087,1100,Demo Central Ordinary Deposit,B001,Demo Central Bank,D04,Demo Logistics,0,25360,2000,Demo Accounts Payable,,,,,13552560,185,"[""20210521"",""900087""]",185-C,cor:monetaryAmount,2021-05
40,2,900087,Debit,2021-05-21,Synthetic demo vendor settlement 900087,2000,Demo Accounts Payable,V006,Demo Vendor Prairie,D04,Demo Logistics,25360,0,1100,Demo Central Ordinary Deposit,,,,,3199250,185,"[""20210521"",""900087""]",185-D,cor:monetaryAmount,2021-05
41,1,900064,Credit,2021-05-22,Synthetic demo customer receipt 900064,1200,Demo Accounts Receivable,C003,Demo Customer Cobalt,D01,Demo Sales,0,497600,1110,Demo North Current Deposit,,,,,6363940,186,"[""20210522"",""900064""]",186-C,cor:monetaryAmount,2021-05
41,2,900064,Debit,2021-05-22,Synthetic demo customer receipt 900064,1110,Demo North Current Deposit,B002,North Demo Bank,D01,Demo Sales,497600,0,1200,Demo Accounts Receivable,,,,,17795070,186,"[""20210522"",""900064""]",186-D,cor:monetaryAmount,2021-05
42,1,900084,Credit,2021-05-22,Synthetic demo monthly payroll bundle 900084,1100,Demo Central Ordinary Deposit,B001,Demo Central Bank,D02,Demo Administration,0,271820,,,,,,,13280740,187,"[""20210522"",""900084""]",187-C,cor:monetaryAmount,2021-05
42,2,900084,Debit,2021-05-22,Synthetic demo monthly payroll bundle 900084,6000,Demo Salaries,,,D02,Demo Administration,201140,0,1100,Demo Central Ordinary Deposit,,,,,1334350,187,"[""20210522"",""900084""]",187-D,cor:monetaryAmount,2021-05
42,3,900084,Debit,2021-05-22,Synthetic demo monthly payroll bundle 900084,6010,Demo Statutory Welfare,,,D02,Demo Administration,13590,0,1100,Demo Central Ordinary Deposit,,,,,598610,188,"[""20210522"",""900084""]",188-D,cor:monetaryAmount,2021-05
42,4,900084,Debit,2021-05-22,Synthetic demo monthly payroll bundle 900084,2110,Demo Payroll Withholding,,,D02,Demo Administration,57090,0,1100,Demo Central Ordinary Deposit,,,,,5294870,189,"[""20210522"",""900084""]",189-D,cor:monetaryAmount,2021-05
43,1,900104,Credit,2021-05-22,Synthetic demo customer receipt 900104,1200,Demo Accounts Receivable,C003,Demo Customer Cobalt,D01,Demo Sales,0,106650,1120,Demo Harbor Ordinary Deposit,,,,,6257290,190,"[""20210522"",""900104""]",190-C,cor:monetaryAmount,2021-05
43,2,900104,Debit,2021-05-22,Synthetic demo customer receipt 900104,1120,Demo Harbor Ordinary Deposit,B003,Harbor Demo Bank,D01,Demo Sales,106650,0,1200,Demo Accounts Receivable,,,,,16459830,190,"[""20210522"",""900104""]",190-D,cor:monetaryAmount,2021-05
44,1,900078,Credit,2021-05-23,Synthetic demo monthly payroll bundle 900078,1100,Demo Central Ordinary Deposit,B001,Demo Central Bank,D02,Demo Administration,0,574360,,,,,,,12706380,191,"[""20210523"",""900078""]",191-C,cor:monetaryAmount,2021-05
44,2,900078,Debit,2021-05-23,Synthetic demo monthly payroll bundle 900078,6000,Demo Salaries,,,D02,Demo Administration,367590,0,1100,Demo Central Ordinary Deposit,,,,,1701940,191,"[""20210523"",""900078""]",191-D,cor:monetaryAmount,2021-05
44,3,900078,Debit,2021-05-23,Synthetic demo monthly payroll bundle 900078,6010,Demo Statutory Welfare,,,D02,Demo Administration,40200,0,1100,Demo Central Ordinary Deposit,,,,,638810,192,"[""20210523"",""900078""]",192-D,cor:monetaryAmount,2021-05
44,4,900078,Debit,2021-05-23,Synthetic demo monthly payroll bundle 900078,2110,Demo Payroll Withholding,,,D02,Demo Administration,166570,0,1100,Demo Central Ordinary Deposit,,,,,5128300,193,"[""20210523"",""900078""]",193-D,cor:monetaryAmount,2021-05
45,1,900083,Credit,2021-05-23,Synthetic demo customer receipt 900083,1200,Demo Accounts Receivable,C010,Demo Customer Juniper,D01,Demo Sales,0,192450,1120,Demo Harbor Ordinary Deposit,,,,,6064840,194,"[""20210523"",""900083""]",194-C,cor:monetaryAmount,2021-05
45,2,900083,Debit,2021-05-23,Synthetic demo customer receipt 900083,1120,Demo Harbor Ordinary Deposit,B003,Harbor Demo Bank,D01,Demo Sales,192450,0,1200,Demo Accounts Receivable,,,,,16652280,194,"[""20210523"",""900083""]",194-D,cor:monetaryAmount,2021-05
46,1,900107,Credit,2021-05-23,Synthetic demo vendor settlement 900107,1120,Demo Harbor Ordinary Deposit,B003,Harbor Demo Bank,D04,Demo Logistics,0,182360,2000,Demo Accounts Payable,,,,,16469920,195,"[""20210523"",""900107""]",195-C,cor:monetaryAmount,2021-05
46,2,900107,Debit,2021-05-23,Synthetic demo vendor settlement 900107,2000,Demo Accounts Payable,V006,Demo Vendor Prairie,D04,Demo Logistics,182360,0,1120,Demo Harbor Ordinary Deposit,,,,,3016890,195,"[""20210523"",""900107""]",195-D,cor:monetaryAmount,2021-05
47,1,900063,Credit,2021-05-24,Synthetic demo customer receipt 900063,1200,Demo Accounts Receivable,C010,Demo Customer Juniper,D01,Demo Sales,0,348220,1100,Demo Central Ordinary Deposit,,,,,5716620,196,"[""20210524"",""900063""]",196-C,cor:monetaryAmount,2021-05
47,2,900063,Debit,2021-05-24,Synthetic demo customer receipt 900063,1100,Demo Central Ordinary Deposit,B001,Demo Central Bank,D01,Demo Sales,348220,0,1200,Demo Accounts Receivable,,,,,13054600,196,"[""20210524"",""900063""]",196-D,cor:monetaryAmount,2021-05
48,1,900114,Credit,2021-05-24,Synthetic demo customer receipt 900114,1200,Demo Accounts Receivable,C003,Demo Customer Cobalt,D01,Demo Sales,0,254150,1100,Demo Central Ordinary Deposit,,,,,5462470,197,"[""20210524"",""900114""]",197-C,cor:monetaryAmount,2021-05
48,2,900114,Debit,2021-05-24,Synthetic demo customer receipt 900114,1100,Demo Central Ordinary Deposit,B001,Demo Central Bank,D01,Demo Sales,254150,0,1200,Demo Accounts Receivable,,,,,13308750,197,"[""20210524"",""900114""]",197-D,cor:monetaryAmount,2021-05
49,1,900109,Debit,2021-05-25,Synthetic demo multi-vendor settlement 900109,2000,Demo Accounts Payable,V010,Demo Vendor Tandem,D01,Demo Sales,120280,0,,,,,,,2896610,198,"[""20210525"",""900109""]",198-D,cor:monetaryAmount,2021-05
49,2,900109,Debit,2021-05-25,Synthetic demo multi-vendor settlement 900109,2100,Demo Accrued Payables,V003,Demo Vendor Mosaic,D01,Demo Sales,244220,0,,,,,,,9816220,199,"[""20210525"",""900109""]",199-D,cor:monetaryAmount,2021-05
49,3,900109,Credit,2021-05-25,Synthetic demo multi-vendor settlement 900109,1110,Demo North Current Deposit,B002,North Demo Bank,D01,Demo Sales,0,193180,,,,,,,17601890,200,"[""20210525"",""900109""]",200-C,cor:monetaryAmount,2021-05
49,4,900109,Credit,2021-05-25,Synthetic demo multi-vendor settlement 900109,1120,Demo Harbor Ordinary Deposit,B003,Harbor Demo Bank,D01,Demo Sales,0,171320,,,,,,,16298600,201,"[""20210525"",""900109""]",201-C,cor:monetaryAmount,2021-05
50,1,900070,Credit,2021-05-26,Synthetic demo credit sale 900070,4010,Demo Service Revenue,C001,Demo Customer Aurora,D01,Demo Sales,0,237630,1200,Demo Accounts Receivable,,,,,5056150,202,"[""20210526"",""900070""]",202-C,cor:monetaryAmount,2021-05
50,2,900070,Debit,2021-05-26,Synthetic demo credit sale 900070,1200,Demo Accounts Receivable,C001,Demo Customer Aurora,D01,Demo Sales,237630,0,4010,Demo Service Revenue,,,,,5700100,202,"[""20210526"",""900070""]",202-D,cor:monetaryAmount,2021-05
51,1,900102,Credit,2021-05-26,Synthetic demo credit sale 900102,4000,Demo Product Sales,C007,Demo Customer Grove,D01,Demo Sales,0,482460,1200,Demo Accounts Receivable,,,,,4422010,203,"[""20210526"",""900102""]",203-C,cor:monetaryAmount,2021-05
51,2,900102,Debit,2021-05-26,Synthetic demo credit sale 900102,1200,Demo Accounts Receivable,C007,Demo Customer Grove,D01,Demo Sales,482460,0,4000,Demo Product Sales,,,,,6182560,203,"[""20210526"",""900102""]",203-D,cor:monetaryAmount,2021-05
52,1,900103,Debit,2021-05-26,Synthetic demo multi-vendor settlement 900103,2000,Demo Accounts Payable,V004,Demo Vendor Nimbus,D01,Demo Sales,347920,0,,,,,,,2548690,204,"[""20210526"",""900103""]",204-D,cor:monetaryAmount,2021-05
52,2,900103,Debit,2021-05-26,Synthetic demo multi-vendor settlement 900103,2100,Demo Accrued Payables,V007,Demo Vendor Quartz,D01,Demo Sales,76380,0,,,,,,,9739840,205,"[""20210526"",""900103""]",205-D,cor:monetaryAmount,2021-05
52,3,900103,Credit,2021-05-26,Synthetic demo multi-vendor settlement 900103,1110,Demo North Current Deposit,B002,North Demo Bank,D01,Demo Sales,0,190930,,,,,,,17410960,206,"[""20210526"",""900103""]",206-C,cor:monetaryAmount,2021-05
52,4,900103,Credit,2021-05-26,Synthetic demo multi-vendor settlement 900103,1120,Demo Harbor Ordinary Deposit,B003,Harbor Demo Bank,D01,Demo Sales,0,233370,,,,,,,16065230,207,"[""20210526"",""900103""]",207-C,cor:monetaryAmount,2021-05
53,1,900072,Credit,2021-05-27,Synthetic demo credit sale 900072,4000,Demo Product Sales,C007,Demo Customer Grove,D01,Demo Sales,0,396750,1200,Demo Accounts Receivable,,,,,4818760,208,"[""20210527"",""900072""]",208-C,cor:monetaryAmount,2021-05
53,2,900072,Debit,2021-05-27,Synthetic demo credit sale 900072,1200,Demo Accounts Receivable,C007,Demo Customer Grove,D01,Demo Sales,396750,0,4000,Demo Product Sales,,,,,6579310,208,"[""20210527"",""900072""]",208-D,cor:monetaryAmount,2021-05
54,1,900098,Credit,2021-05-27,Synthetic demo operating expense 900098,1120,Demo Harbor Ordinary Deposit,B003,Harbor Demo Bank,D05,Demo Digital Services,0,147960,6100,Demo Repairs,,,,,15917270,209,"[""20210527"",""900098""]",209-C,cor:monetaryAmount,2021-05
54,2,900098,Debit,2021-05-27,Synthetic demo operating expense 900098,6100,Demo Repairs,V001,Demo Vendor Keystone,D05,Demo Digital Services,147960,0,1120,Demo Harbor Ordinary Deposit,,,,,219300,209,"[""20210527"",""900098""]",209-D,cor:monetaryAmount,2021-05
55,1,900120,Credit,2021-05-27,Synthetic demo credit sale 900120,4000,Demo Product Sales,C001,Demo Customer Aurora,D01,Demo Sales,0,97300,1200,Demo Accounts Receivable,,,,,4916060,210,"[""20210527"",""900120""]",210-C,cor:monetaryAmount,2021-05
55,2,900120,Debit,2021-05-27,Synthetic demo credit sale 900120,1200,Demo Accounts Receivable,C001,Demo Customer Aurora,D01,Demo Sales,97300,0,4000,Demo Product Sales,,,,,6676610,210,"[""20210527"",""900120""]",210-D,cor:monetaryAmount,2021-05
56,1,900110,Credit,2021-05-28,Synthetic demo credit sale 900110,4020,Demo Other Operating Revenue,C001,Demo Customer Aurora,D01,Demo Sales,0,240910,1200,Demo Accounts Receivable,,,,,2448940,211,"[""20210528"",""900110""]",211-C,cor:monetaryAmount,2021-05
56,2,900110,Debit,2021-05-28,Synthetic demo credit sale 900110,1200,Demo Accounts Receivable,C001,Demo Customer Aurora,D01,Demo Sales,240910,0,4020,Demo Other Operating Revenue,,,,,6917520,211,"[""20210528"",""900110""]",211-D,cor:monetaryAmount,2021-05
57,1,900071,Credit,2021-05-29,Synthetic demo financing settlement 900071,1120,Demo Harbor Ordinary Deposit,B003,Harbor Demo Bank,D06,Demo Management,0,533310,,,,,,,15383960,212,"[""20210529"",""900071""]",212-C,cor:monetaryAmount,2021-05
57,2,900071,Debit,2021-05-29,Synthetic demo financing settlement 900071,2200,Demo Short-term Loans,,,D06,Demo Management,330650,0,1120,Demo Harbor Ordinary Deposit,,,,,5952230,212,"[""20210529"",""900071""]",212-D,cor:monetaryAmount,2021-05
57,3,900071,Debit,2021-05-29,Synthetic demo financing settlement 900071,6070,Demo Bank Fees,B003,Harbor Demo Bank,D06,Demo Management,31990,0,1120,Demo Harbor Ordinary Deposit,,,,,319640,213,"[""20210529"",""900071""]",213-D,cor:monetaryAmount,2021-05
57,4,900071,Debit,2021-05-29,Synthetic demo financing settlement 900071,7000,Demo Taxes and Dues,,,D06,Demo Management,170670,0,1120,Demo Harbor Ordinary Deposit,,,,,815750,214,"[""20210529"",""900071""]",214-D,cor:monetaryAmount,2021-05
58,1,900093,Debit,2021-05-29,Synthetic demo multi-vendor settlement 900093,2000,Demo Accounts Payable,V004,Demo Vendor Nimbus,D01,Demo Sales,135240,0,,,,,,,2413450,215,"[""20210529"",""900093""]",215-D,cor:monetaryAmount,2021-05
58,2,900093,Debit,2021-05-29,Synthetic demo multi-vendor settlement 900093,2100,Demo Accrued Payables,V007,Demo Vendor Quartz,D01,Demo Sales,274600,0,,,,,,,9465240,216,"[""20210529"",""900093""]",216-D,cor:monetaryAmount,2021-05
58,3,900093,Credit,2021-05-29,Synthetic demo multi-vendor settlement 900093,1100,Demo Central Ordinary Deposit,B001,Demo Central Bank,D01,Demo Sales,0,331970,,,,,,,12976780,217,"[""20210529"",""900093""]",217-C,cor:monetaryAmount,2021-05
58,4,900093,Credit,2021-05-29,Synthetic demo multi-vendor settlement 900093,1110,Demo North Current Deposit,B002,North Demo Bank,D01,Demo Sales,0,77870,,,,,,,17333090,218,"[""20210529"",""900093""]",218-C,cor:monetaryAmount,2021-05
59,1,900088,Credit,2021-05-30,Synthetic demo operating expense 900088,1110,Demo North Current Deposit,B002,North Demo Bank,D03,Demo Operations,0,167270,7000,Demo Taxes and Dues,,,,,17165820,219,"[""20210530"",""900088""]",219-C,cor:monetaryAmount,2021-05
59,2,900088,Debit,2021-05-30,Synthetic demo operating expense 900088,7000,Demo Taxes and Dues,V001,Demo Vendor Keystone,D03,Demo Operations,167270,0,1110,Demo North Current Deposit,,,,,983020,219,"[""20210530"",""900088""]",219-D,cor:monetaryAmount,2021-05
60,1,900115,Credit,2021-05-31,Synthetic demo purchase on account 900115,2000,Demo Accounts Payable,V006,Demo Vendor Prairie,D04,Demo Logistics,0,36650,5010,Demo Freight-in,,,,,2450100,220,"[""20210531"",""900115""]",220-C,cor:monetaryAmount,2021-05
60,2,900115,Debit,2021-05-31,Synthetic demo purchase on account 900115,5010,Demo Freight-in,V006,Demo Vendor Prairie,D04,Demo Logistics,36650,0,2000,Demo Accounts Payable,,,,,1018860,220,"[""20210531"",""900115""]",220-D,cor:monetaryAmount,2021-05
,,,Opening,2021-06-01,* Opening balance,1000,Demo Cash,,,,,0,0,,,,,,,600000,,,,,2021-06
,,,Opening,2021-06-01,* Opening balance,1010,Demo Petty Cash,,,,,0,0,,,,,,,120000,,,,,2021-06
,,,Opening,2021-06-01,* Opening balance,1100,Demo Central Ordinary Deposit,,,,,0,0,,,,,,,12976780,,,,,2021-06
,,,Opening,2021-06-01,* Opening balance,1110,Demo North Current Deposit,,,,,0,0,,,,,,,17165820,,,,,2021-06
,,,Opening,2021-06-01,* Opening balance,1120,Demo Harbor Ordinary Deposit,,,,,0,0,,,,,,,15383960,,,,,2021-06
,,,Opening,2021-06-01,* Opening balance,1200,Demo Accounts Receivable,,,,,0,0,,,,,,,6917520,,,,,2021-06
,,,Opening,2021-06-01,* Opening balance,1210,Demo Notes Receivable,,,,,0,0,,,,,,,800000,,,,,2021-06
,,,Opening,2021-06-01,* Opening balance,1300,Demo Inventory,,,,,0,0,,,,,,,1200000,,,,,2021-06
,,,Opening,2021-06-01,* Opening balance,1400,Demo Prepaid Expenses,,,,,0,0,,,,,,,1251690,,,,,2021-06
,,,Opening,2021-06-01,* Opening balance,1410,Demo Advances Paid,,,,,0,0,,,,,,,250000,,,,,2021-06
,,,Opening,2021-06-01,* Opening balance,1420,Demo Temporary Payments,,,,,0,0,,,,,,,150000,,,,,2021-06
,,,Opening,2021-06-01,* Opening balance,1430,Demo Input Tax Receivable,,,,,0,0,,,,,,,400000,,,,,2021-06
,,,Opening,2021-06-01,* Opening balance,1500,Demo Equipment,,,,,0,0,,,,,,,2000000,,,,,2021-06
,,,Opening,2021-06-01,* Opening balance,1510,Demo Vehicles,,,,,0,0,,,,,,,1200000,,,,,2021-06
,,,Opening,2021-06-01,* Opening balance,1520,Demo Software,,,,,0,0,,,,,,,700000,,,,,2021-06
,,,Opening,2021-06-01,* Opening balance,1590,Demo Accumulated Depreciation,,,,,0,0,,,,,,,900000,,,,,2021-06
,,,Opening,2021-06-01,* Opening balance,2000,Demo Accounts Payable,,,,,0,0,,,,,,,2450100,,,,,2021-06
,,,Opening,2021-06-01,* Opening balance,2010,Demo Notes Payable,,,,,0,0,,,,,,,600000,,,,,2021-06
,,,Opening,2021-06-01,* Opening balance,2100,Demo Accrued Payables,,,,,0,0,,,,,,,9465240,,,,,2021-06
,,,Opening,2021-06-01,* Opening balance,2110,Demo Payroll Withholding,,,,,0,0,,,,,,,5128300,,,,,2021-06
,,,Opening,2021-06-01,* Opening balance,2120,Demo Output Tax Payable,,,,,0,0,,,,,,,450000,,,,,2021-06
,,,Opening,2021-06-01,* Opening balance,2130,Demo Temporary Receipts,,,,,0,0,,,,,,,120000,,,,,2021-06
,,,Opening,2021-06-01,* Opening balance,2200,Demo Short-term Loans,,,,,0,0,,,,,,,5952230,,,,,2021-06
,,,Opening,2021-06-01,* Opening balance,2300,Demo Long-term Loans,,,,,0,0,,,,,,,2500000,,,,,2021-06
,,,Opening,2021-06-01,* Opening balance,2400,Demo Unearned Revenue,,,,,0,0,,,,,,,350000,,,,,2021-06
,,,Opening,2021-06-01,* Opening balance,3000,Demo Capital,,,,,0,0,,,,,,,5000000,,,,,2021-06
,,,Opening,2021-06-01,* Opening balance,3100,Demo Retained Earnings,,,,,0,0,,,,,,,26159010,,,,,2021-06
,,,Opening,2021-06-01,* Opening balance,4000,Demo Product Sales,,,,,0,0,,,,,,,4916060,,,,,2021-06
,,,Opening,2021-06-01,* Opening balance,4010,Demo Service Revenue,,,,,0,0,,,,,,,5056150,,,,,2021-06
,,,Opening,2021-06-01,* Opening balance,4020,Demo Other Operating Revenue,,,,,0,0,,,,,,,2448940,,,,,2021-06
,,,Opening,2021-06-01,* Opening balance,4030,Demo Interest Income,,,,,0,0,,,,,,,0,,,,,2021-06
,,,Opening,2021-06-01,* Opening balance,4040,Demo Miscellaneous Income,,,,,0,0,,,,,,,0,,,,,2021-06
,,,Opening,2021-06-01,* Opening balance,5000,Demo Purchases,,,,,0,0,,,,,,,1146140,,,,,2021-06
,,,Opening,2021-06-01,* Opening balance,5010,Demo Freight-in,,,,,0,0,,,,,,,1018860,,,,,2021-06
,,,Opening,2021-06-01,* Opening balance,5020,Demo Inventory Adjustment,,,,,0,0,,,,,,,832550,,,,,2021-06
,,,Opening,2021-06-01,* Opening balance,6000,Demo Salaries,,,,,0,0,,,,,,,1701940,,,,,2021-06
,,,Opening,2021-06-01,* Opening balance,6010,Demo Statutory Welfare,,,,,0,0,,,,,,,638810,,,,,2021-06
,,,Opening,2021-06-01,* Opening balance,6020,Demo Office Rent,,,,,0,0,,,,,,,6210,,,,,2021-06
,,,Opening,2021-06-01,* Opening balance,6030,Demo Utilities,,,,,0,0,,,,,,,1510950,,,,,2021-06
,,,Opening,2021-06-01,* Opening balance,6040,Demo Communication,,,,,0,0,,,,,,,708590,,,,,2021-06
,,,Opening,2021-06-01,* Opening balance,6050,Demo Business Travel,,,,,0,0,,,,,,,0,,,,,2021-06
,,,Opening,2021-06-01,* Opening balance,6060,Demo Office Supplies,,,,,0,0,,,,,,,1161680,,,,,2021-06
,,,Opening,2021-06-01,* Opening balance,6070,Demo Bank Fees,,,,,0,0,,,,,,,319640,,,,,2021-06
,,,Opening,2021-06-01,* Opening balance,6080,Demo Advertising,,,,,0,0,,,,,,,0,,,,,2021-06
,,,Opening,2021-06-01,* Opening balance,6090,Demo Insurance,,,,,0,0,,,,,,,0,,,,,2021-06
,,,Opening,2021-06-01,* Opening balance,6100,Demo Repairs,,,,,0,0,,,,,,,219300,,,,,2021-06
,,,Opening,2021-06-01,* Opening balance,6110,Demo Depreciation Expense,,,,,0,0,,,,,,,0,,,,,2021-06
,,,Opening,2021-06-01,* Opening balance,6120,Demo Professional Fees,,,,,0,0,,,,,,,0,,,,,2021-06
,,,Opening,2021-06-01,* Opening balance,6130,Demo Training,,,,,0,0,,,,,,,0,,,,,2021-06
,,,Opening,2021-06-01,* Opening balance,6140,Demo Vehicle Expense,,,,,0,0,,,,,,,132570,,,,,2021-06
,,,Opening,2021-06-01,* Opening balance,6150,Demo Software Subscription,,,,,0,0,,,,,,,0,,,,,2021-06
,,,Opening,2021-06-01,* Opening balance,6160,Demo Shipping,,,,,0,0,,,,,,,0,,,,,2021-06
,,,Opening,2021-06-01,* Opening balance,6170,Demo Miscellaneous Expense,,,,,0,0,,,,,,,0,,,,,2021-06
,,,Opening,2021-06-01,* Opening balance,7000,Demo Taxes and Dues,,,,,0,0,,,,,,,983020,,,,,2021-06
,,,Opening,2021-06-01,* Opening balance,7010,Demo Corporate Tax,,,,,0,0,,,,,,,0,,,,,2021-06
,,,Opening,2021-06-01,* Opening balance,7020,Demo Consumption Tax Expense,,,,,0,0,,,,,,,0,,,,,2021-06
,,,Opening,2021-06-01,* Opening balance,8000,Demo Suspense,,,,,0,0,,,,,,,50000,,,,,2021-06
,,,Opening,2021-06-01,* Opening balance,8010,Demo Clearing,,,,,0,0,,,,,,,50000,,,,,2021-06
1,1,900143,Credit,2021-06-01,Synthetic demo customer receipt 900143,1200,Demo Accounts Receivable,C010,Demo Customer Juniper,D01,Demo Sales,0,163200,1120,Demo Harbor Ordinary Deposit,,,,,6754320,221,"[""20210601"",""900143""]",221-C,cor:monetaryAmount,2021-06
1,2,900143,Debit,2021-06-01,Synthetic demo customer receipt 900143,1120,Demo Harbor Ordinary Deposit,B003,Harbor Demo Bank,D01,Demo Sales,163200,0,1200,Demo Accounts Receivable,,,,,15547160,221,"[""20210601"",""900143""]",221-D,cor:monetaryAmount,2021-06
2,1,900158,Credit,2021-06-01,Synthetic demo operating expense 900158,1120,Demo Harbor Ordinary Deposit,B003,Harbor Demo Bank,D05,Demo Digital Services,0,119830,6160,Demo Shipping,,,,,15427330,222,"[""20210601"",""900158""]",222-C,cor:monetaryAmount,2021-06
2,2,900158,Debit,2021-06-01,Synthetic demo operating expense 900158,6160,Demo Shipping,V001,Demo Vendor Keystone,D05,Demo Digital Services,119830,0,1120,Demo Harbor Ordinary Deposit,,,,,119830,222,"[""20210601"",""900158""]",222-D,cor:monetaryAmount,2021-06
3,1,900170,Credit,2021-06-01,Synthetic demo credit sale 900170,4020,Demo Other Operating Revenue,C001,Demo Customer Aurora,D01,Demo Sales,0,431450,1200,Demo Accounts Receivable,,,,,2880390,223,"[""20210601"",""900170""]",223-C,cor:monetaryAmount,2021-06
3,2,900170,Debit,2021-06-01,Synthetic demo credit sale 900170,1200,Demo Accounts Receivable,C001,Demo Customer Aurora,D01,Demo Sales,431450,0,4020,Demo Other Operating Revenue,,,,,7185770,223,"[""20210601"",""900170""]",223-D,cor:monetaryAmount,2021-06
4,1,900124,Credit,2021-06-02,Synthetic demo customer receipt 900124,1200,Demo Accounts Receivable,C003,Demo Customer Cobalt,D01,Demo Sales,0,100030,1110,Demo North Current Deposit,,,,,7085740,224,"[""20210602"",""900124""]",224-C,cor:monetaryAmount,2021-06
4,2,900124,Debit,2021-06-02,Synthetic demo customer receipt 900124,1110,Demo North Current Deposit,B002,North Demo Bank,D01,Demo Sales,100030,0,1200,Demo Accounts Receivable,,,,,17265850,224,"[""20210602"",""900124""]",224-D,cor:monetaryAmount,2021-06
5,1,900133,Credit,2021-06-02,Synthetic demo customer receipt 900133,1200,Demo Accounts Receivable,C010,Demo Customer Juniper,D01,Demo Sales,0,211410,1110,Demo North Current Deposit,,,,,6874330,225,"[""20210602"",""900133""]",225-C,cor:monetaryAmount,2021-06
5,2,900133,Debit,2021-06-02,Synthetic demo customer receipt 900133,1110,Demo North Current Deposit,B002,North Demo Bank,D01,Demo Sales,211410,0,1200,Demo Accounts Receivable,,,,,17477260,225,"[""20210602"",""900133""]",225-D,cor:monetaryAmount,2021-06
6,1,900167,Credit,2021-06-02,Synthetic demo vendor settlement 900167,1120,Demo Harbor Ordinary Deposit,B003,Harbor Demo Bank,D04,Demo Logistics,0,98770,2000,Demo Accounts Payable,,,,,15328560,226,"[""20210602"",""900167""]",226-C,cor:monetaryAmount,2021-06
6,2,900167,Debit,2021-06-02,Synthetic demo vendor settlement 900167,2000,Demo Accounts Payable,V006,Demo Vendor Prairie,D04,Demo Logistics,98770,0,1120,Demo Harbor Ordinary Deposit,,,,,2351330,226,"[""20210602"",""900167""]",226-D,cor:monetaryAmount,2021-06
7,1,900169,Credit,2021-06-02,Synthetic demo combined customer receipt 900169,1200,Demo Accounts Receivable,C010,Demo Customer Juniper,D01,Demo Sales,0,153850,1110,Demo North Current Deposit,,,,,6720480,227,"[""20210602"",""900169""]",227-C,cor:monetaryAmount,2021-06
7,2,900169,Debit,2021-06-02,Synthetic demo combined customer receipt 900169,1110,Demo North Current Deposit,B002,North Demo Bank,D01,Demo Sales,307700,0,,,,,,,17784960,227,"[""20210602"",""900169""]",227-D,cor:monetaryAmount,2021-06
7,3,900169,Credit,2021-06-02,Synthetic demo combined customer receipt 900169,1200,Demo Accounts Receivable,C001,Demo Customer Aurora,D01,Demo Sales,0,12300,1110,Demo North Current Deposit,,,,,6708180,228,"[""20210602"",""900169""]",228-C,cor:monetaryAmount,2021-06
7,4,900169,Credit,2021-06-02,Synthetic demo combined customer receipt 900169,1200,Demo Accounts Receivable,C002,Demo Customer Birch,D01,Demo Sales,0,141550,1110,Demo North Current Deposit,,,,,6566630,229,"[""20210602"",""900169""]",229-C,cor:monetaryAmount,2021-06
8,1,900154,Credit,2021-06-03,Synthetic demo customer receipt 900154,1200,Demo Accounts Receivable,C003,Demo Customer Cobalt,D01,Demo Sales,0,126120,1110,Demo North Current Deposit,,,,,6440510,230,"[""20210603"",""900154""]",230-C,cor:monetaryAmount,2021-06
8,2,900154,Debit,2021-06-03,Synthetic demo customer receipt 900154,1110,Demo North Current Deposit,B002,North Demo Bank,D01,Demo Sales,126120,0,1200,Demo Accounts Receivable,,,,,17911080,230,"[""20210603"",""900154""]",230-D,cor:monetaryAmount,2021-06
9,1,900128,Debit,2021-06-04,Synthetic demo mixed sales and receipt 900128,1120,Demo Harbor Ordinary Deposit,B003,Harbor Demo Bank,D01,Demo Sales,67510,0,,,,,,,15396070,231,"[""20210604"",""900128""]",231-D,cor:monetaryAmount,2021-06
9,2,900128,Debit,2021-06-04,Synthetic demo mixed sales and receipt 900128,1200,Demo Accounts Receivable,C009,Demo Customer Indigo,D01,Demo Sales,131050,0,,,,,,,6571560,232,"[""20210604"",""900128""]",232-D,cor:monetaryAmount,2021-06
9,3,900128,Credit,2021-06-04,Synthetic demo mixed sales and receipt 900128,4000,Demo Product Sales,C010,Demo Customer Juniper,D01,Demo Sales,0,133030,,,,,,,5049090,233,"[""20210604"",""900128""]",233-C,cor:monetaryAmount,2021-06
9,4,900128,Credit,2021-06-04,Synthetic demo mixed sales and receipt 900128,4010,Demo Service Revenue,C001,Demo Customer Aurora,D01,Demo Sales,0,65530,,,,,,,5121680,234,"[""20210604"",""900128""]",234-C,cor:monetaryAmount,2021-06
10,1,900146,Credit,2021-06-05,Synthetic demo purchase on account 900146,2000,Demo Accounts Payable,V001,Demo Vendor Keystone,D04,Demo Logistics,0,321220,5020,Demo Inventory Adjustment,,,,,2672550,235,"[""20210605"",""900146""]",235-C,cor:monetaryAmount,2021-06
10,2,900146,Debit,2021-06-05,Synthetic demo purchase on account 900146,5020,Demo Inventory Adjustment,V001,Demo Vendor Keystone,D04,Demo Logistics,321220,0,2000,Demo Accounts Payable,,,,,1153770,235,"[""20210605"",""900146""]",235-D,cor:monetaryAmount,2021-06
11,1,900157,Credit,2021-06-05,Synthetic demo operating cost bundle 900157,1110,Demo North Current Deposit,B002,North Demo Bank,D03,Demo Operations,0,314400,,,,,,,17596680,236,"[""20210605"",""900157""]",236-C,cor:monetaryAmount,2021-06
11,2,900157,Debit,2021-06-05,Synthetic demo operating cost bundle 900157,6030,Demo Utilities,S002,Demo Energy Services,D03,Demo Operations,84880,0,1110,Demo North Current Deposit,,,,,1595830,236,"[""20210605"",""900157""]",236-D,cor:monetaryAmount,2021-06
11,3,900157,Debit,2021-06-05,Synthetic demo operating cost bundle 900157,6040,Demo Communication,S003,Demo Network Services,D03,Demo Operations,125760,0,1110,Demo North Current Deposit,,,,,834350,237,"[""20210605"",""900157""]",237-D,cor:monetaryAmount,2021-06
11,4,900157,Debit,2021-06-05,Synthetic demo operating cost bundle 900157,6060,Demo Office Supplies,V008,Demo Vendor Rivulet,D03,Demo Operations,103760,0,1110,Demo North Current Deposit,,,,,1265440,238,"[""20210605"",""900157""]",238-D,cor:monetaryAmount,2021-06
12,1,900129,Credit,2021-06-06,Synthetic demo prepaid service 900129,1100,Demo Central Ordinary Deposit,B001,Demo Central Bank,D05,Demo Digital Services,0,35480,1400,Demo Prepaid Expenses,,,,,12941300,239,"[""20210606"",""900129""]",239-C,cor:monetaryAmount,2021-06
12,2,900129,Debit,2021-06-06,Synthetic demo prepaid service 900129,1400,Demo Prepaid Expenses,S004,Demo Logistics Services,D05,Demo Digital Services,35480,0,1100,Demo Central Ordinary Deposit,,,,,1287170,239,"[""20210606"",""900129""]",239-D,cor:monetaryAmount,2021-06
13,1,900155,Credit,2021-06-06,Synthetic demo purchase on account 900155,2000,Demo Accounts Payable,V006,Demo Vendor Prairie,D04,Demo Logistics,0,308680,5020,Demo Inventory Adjustment,,,,,2981230,240,"[""20210606"",""900155""]",240-C,cor:monetaryAmount,2021-06
13,2,900155,Debit,2021-06-06,Synthetic demo purchase on account 900155,5020,Demo Inventory Adjustment,V006,Demo Vendor Prairie,D04,Demo Logistics,308680,0,2000,Demo Accounts Payable,,,,,1462450,240,"[""20210606"",""900155""]",240-D,cor:monetaryAmount,2021-06
14,1,900140,Credit,2021-06-07,Synthetic demo credit sale 900140,4020,Demo Other Operating Revenue,C001,Demo Customer Aurora,D01,Demo Sales,0,470070,1200,Demo Accounts Receivable,,,,,3350460,241,"[""20210607"",""900140""]",241-C,cor:monetaryAmount,2021-06
14,2,900140,Debit,2021-06-07,Synthetic demo credit sale 900140,1200,Demo Accounts Receivable,C001,Demo Customer Aurora,D01,Demo Sales,470070,0,4020,Demo Other Operating Revenue,,,,,7041630,241,"[""20210607"",""900140""]",241-D,cor:monetaryAmount,2021-06
15,1,900173,Credit,2021-06-07,Synthetic demo customer receipt 900173,1200,Demo Accounts Receivable,C010,Demo Customer Juniper,D01,Demo Sales,0,70630,1120,Demo Harbor Ordinary Deposit,,,,,6971000,242,"[""20210607"",""900173""]",242-C,cor:monetaryAmount,2021-06
15,2,900173,Debit,2021-06-07,Synthetic demo customer receipt 900173,1120,Demo Harbor Ordinary Deposit,B003,Harbor Demo Bank,D01,Demo Sales,70630,0,1200,Demo Accounts Receivable,,,,,15466700,242,"[""20210607"",""900173""]",242-D,cor:monetaryAmount,2021-06
16,1,900145,Credit,2021-06-08,Synthetic demo purchase on account 900145,2000,Demo Accounts Payable,V006,Demo Vendor Prairie,D04,Demo Logistics,0,295460,5010,Demo Freight-in,,,,,3276690,243,"[""20210608"",""900145""]",243-C,cor:monetaryAmount,2021-06
16,2,900145,Debit,2021-06-08,Synthetic demo purchase on account 900145,5010,Demo Freight-in,V006,Demo Vendor Prairie,D04,Demo Logistics,295460,0,2000,Demo Accounts Payable,,,,,1314320,243,"[""20210608"",""900145""]",243-D,cor:monetaryAmount,2021-06
17,1,900174,Debit,2021-06-08,Synthetic demo mixed sales and receipt 900174,1100,Demo Central Ordinary Deposit,B001,Demo Central Bank,D01,Demo Sales,113080,0,,,,,,,13054380,244,"[""20210608"",""900174""]",244-D,cor:monetaryAmount,2021-06
17,2,900174,Debit,2021-06-08,Synthetic demo mixed sales and receipt 900174,1200,Demo Accounts Receivable,C005,Demo Customer Elm,D01,Demo Sales,169640,0,,,,,,,7140640,245,"[""20210608"",""900174""]",245-D,cor:monetaryAmount,2021-06
17,3,900174,Credit,2021-06-08,Synthetic demo mixed sales and receipt 900174,4000,Demo Product Sales,C006,Demo Customer Fjord,D01,Demo Sales,0,189420,,,,,,,5238510,246,"[""20210608"",""900174""]",246-C,cor:monetaryAmount,2021-06
17,4,900174,Credit,2021-06-08,Synthetic demo mixed sales and receipt 900174,4010,Demo Service Revenue,C007,Demo Customer Grove,D01,Demo Sales,0,93300,,,,,,,5214980,247,"[""20210608"",""900174""]",247-C,cor:monetaryAmount,2021-06
18,1,900132,Credit,2021-06-09,Synthetic demo credit sale 900132,4000,Demo Product Sales,C007,Demo Customer Grove,D01,Demo Sales,0,593870,1200,Demo Accounts Receivable,,,,,5832380,248,"[""20210609"",""900132""]",248-C,cor:monetaryAmount,2021-06
18,2,900132,Debit,2021-06-09,Synthetic demo credit sale 900132,1200,Demo Accounts Receivable,C007,Demo Customer Grove,D01,Demo Sales,593870,0,4000,Demo Product Sales,,,,,7734510,248,"[""20210609"",""900132""]",248-D,cor:monetaryAmount,2021-06
19,1,900153,Debit,2021-06-09,Synthetic demo multi-vendor settlement 900153,2000,Demo Accounts Payable,V004,Demo Vendor Nimbus,D01,Demo Sales,156360,0,,,,,,,3120330,249,"[""20210609"",""900153""]",249-D,cor:monetaryAmount,2021-06
19,2,900153,Debit,2021-06-09,Synthetic demo multi-vendor settlement 900153,2100,Demo Accrued Payables,V007,Demo Vendor Quartz,D01,Demo Sales,364860,0,,,,,,,9100380,250,"[""20210609"",""900153""]",250-D,cor:monetaryAmount,2021-06
19,3,900153,Credit,2021-06-09,Synthetic demo multi-vendor settlement 900153,1100,Demo Central Ordinary Deposit,B001,Demo Central Bank,D01,Demo Sales,0,218910,,,,,,,12835470,251,"[""20210609"",""900153""]",251-C,cor:monetaryAmount,2021-06
19,4,900153,Credit,2021-06-09,Synthetic demo multi-vendor settlement 900153,1110,Demo North Current Deposit,B002,North Demo Bank,D01,Demo Sales,0,302310,,,,,,,17294370,252,"[""20210609"",""900153""]",252-C,cor:monetaryAmount,2021-06
20,1,900163,Credit,2021-06-09,Synthetic demo operating cost bundle 900163,1110,Demo North Current Deposit,B002,North Demo Bank,D03,Demo Operations,0,570350,,,,,,,16724020,253,"[""20210609"",""900163""]",253-C,cor:monetaryAmount,2021-06
20,2,900163,Debit,2021-06-09,Synthetic demo operating cost bundle 900163,6030,Demo Utilities,S002,Demo Energy Services,D03,Demo Operations,119770,0,1110,Demo North Current Deposit,,,,,1715600,253,"[""20210609"",""900163""]",253-D,cor:monetaryAmount,2021-06
20,3,900163,Debit,2021-06-09,Synthetic demo operating cost bundle 900163,6040,Demo Communication,S003,Demo Network Services,D03,Demo Operations,131180,0,1110,Demo North Current Deposit,,,,,965530,254,"[""20210609"",""900163""]",254-D,cor:monetaryAmount,2021-06
20,4,900163,Debit,2021-06-09,Synthetic demo operating cost bundle 900163,6060,Demo Office Supplies,V004,Demo Vendor Nimbus,D03,Demo Operations,319400,0,1110,Demo North Current Deposit,,,,,1584840,255,"[""20210609"",""900163""]",255-D,cor:monetaryAmount,2021-06
21,1,900141,Debit,2021-06-10,Synthetic demo multi-vendor settlement 900141,2000,Demo Accounts Payable,V002,Demo Vendor Lattice,D01,Demo Sales,163090,0,,,,,,,2957240,256,"[""20210610"",""900141""]",256-D,cor:monetaryAmount,2021-06
21,2,900141,Debit,2021-06-10,Synthetic demo multi-vendor settlement 900141,2100,Demo Accrued Payables,V005,Demo Vendor Orchid,D01,Demo Sales,80340,0,,,,,,,9020040,257,"[""20210610"",""900141""]",257-D,cor:monetaryAmount,2021-06
21,3,900141,Credit,2021-06-10,Synthetic demo multi-vendor settlement 900141,1100,Demo Central Ordinary Deposit,B001,Demo Central Bank,D01,Demo Sales,0,204480,,,,,,,12630990,258,"[""20210610"",""900141""]",258-C,cor:monetaryAmount,2021-06
21,4,900141,Credit,2021-06-10,Synthetic demo multi-vendor settlement 900141,1110,Demo North Current Deposit,B002,North Demo Bank,D01,Demo Sales,0,38950,,,,,,,16685070,259,"[""20210610"",""900141""]",259-C,cor:monetaryAmount,2021-06
22,1,900149,Credit,2021-06-10,Synthetic demo prepaid service 900149,1120,Demo Harbor Ordinary Deposit,B003,Harbor Demo Bank,D05,Demo Digital Services,0,136940,1400,Demo Prepaid Expenses,,,,,15329760,260,"[""20210610"",""900149""]",260-C,cor:monetaryAmount,2021-06
22,2,900149,Debit,2021-06-10,Synthetic demo prepaid service 900149,1400,Demo Prepaid Expenses,S006,Demo Insurance Services,D05,Demo Digital Services,136940,0,1120,Demo Harbor Ordinary Deposit,,,,,1424110,260,"[""20210610"",""900149""]",260-D,cor:monetaryAmount,2021-06
23,1,900162,Credit,2021-06-10,Synthetic demo credit sale 900162,4000,Demo Product Sales,C007,Demo Customer Grove,D01,Demo Sales,0,412360,1200,Demo Accounts Receivable,,,,,6244740,261,"[""20210610"",""900162""]",261-C,cor:monetaryAmount,2021-06
23,2,900162,Debit,2021-06-10,Synthetic demo credit sale 900162,1200,Demo Accounts Receivable,C007,Demo Customer Grove,D01,Demo Sales,412360,0,4000,Demo Product Sales,,,,,8146870,261,"[""20210610"",""900162""]",261-D,cor:monetaryAmount,2021-06
24,1,900168,Credit,2021-06-10,Synthetic demo operating expense 900168,1100,Demo Central Ordinary Deposit,B001,Demo Central Bank,D02,Demo Administration,0,146860,6080,Demo Advertising,,,,,12484130,262,"[""20210610"",""900168""]",262-C,cor:monetaryAmount,2021-06
24,2,900168,Debit,2021-06-10,Synthetic demo operating expense 900168,6080,Demo Advertising,V001,Demo Vendor Keystone,D02,Demo Administration,146860,0,1100,Demo Central Ordinary Deposit,,,,,146860,262,"[""20210610"",""900168""]",262-D,cor:monetaryAmount,2021-06
25,1,900136,Credit,2021-06-11,Synthetic demo purchase on account 900136,2000,Demo Accounts Payable,V001,Demo Vendor Keystone,D04,Demo Logistics,0,311910,5010,Demo Freight-in,,,,,3269150,263,"[""20210611"",""900136""]",263-C,cor:monetaryAmount,2021-06
25,2,900136,Debit,2021-06-11,Synthetic demo purchase on account 900136,5010,Demo Freight-in,V001,Demo Vendor Keystone,D04,Demo Logistics,311910,0,2000,Demo Accounts Payable,,,,,1626230,263,"[""20210611"",""900136""]",263-D,cor:monetaryAmount,2021-06
26,1,900164,Credit,2021-06-11,Synthetic demo customer receipt 900164,1200,Demo Accounts Receivable,C003,Demo Customer Cobalt,D01,Demo Sales,0,172860,1120,Demo Harbor Ordinary Deposit,,,,,7974010,264,"[""20210611"",""900164""]",264-C,cor:monetaryAmount,2021-06
26,2,900164,Debit,2021-06-11,Synthetic demo customer receipt 900164,1120,Demo Harbor Ordinary Deposit,B003,Harbor Demo Bank,D01,Demo Sales,172860,0,1200,Demo Accounts Receivable,,,,,15502620,264,"[""20210611"",""900164""]",264-D,cor:monetaryAmount,2021-06
27,1,900130,Credit,2021-06-12,Synthetic demo credit sale 900130,4010,Demo Service Revenue,C001,Demo Customer Aurora,D01,Demo Sales,0,196610,1200,Demo Accounts Receivable,,,,,5411590,265,"[""20210612"",""900130""]",265-C,cor:monetaryAmount,2021-06
27,2,900130,Debit,2021-06-12,Synthetic demo credit sale 900130,1200,Demo Accounts Receivable,C001,Demo Customer Aurora,D01,Demo Sales,196610,0,4010,Demo Service Revenue,,,,,8170620,265,"[""20210612"",""900130""]",265-D,cor:monetaryAmount,2021-06
28,1,900138,Credit,2021-06-12,Synthetic demo operating expense 900138,1100,Demo Central Ordinary Deposit,B001,Demo Central Bank,D02,Demo Administration,0,167560,6140,Demo Vehicle Expense,,,,,12316570,266,"[""20210612"",""900138""]",266-C,cor:monetaryAmount,2021-06
28,2,900138,Debit,2021-06-12,Synthetic demo operating expense 900138,6140,Demo Vehicle Expense,V001,Demo Vendor Keystone,D02,Demo Administration,167560,0,1100,Demo Central Ordinary Deposit,,,,,300130,266,"[""20210612"",""900138""]",266-D,cor:monetaryAmount,2021-06
29,1,900148,Credit,2021-06-12,Synthetic demo operating expense 900148,1110,Demo North Current Deposit,B002,North Demo Bank,D03,Demo Operations,0,144520,6060,Demo Office Supplies,,,,,16540550,267,"[""20210612"",""900148""]",267-C,cor:monetaryAmount,2021-06
29,2,900148,Debit,2021-06-12,Synthetic demo operating expense 900148,6060,Demo Office Supplies,V001,Demo Vendor Keystone,D03,Demo Operations,144520,0,1110,Demo North Current Deposit,,,,,1729360,267,"[""20210612"",""900148""]",267-D,cor:monetaryAmount,2021-06
30,1,900123,Credit,2021-06-13,Synthetic demo customer receipt 900123,1200,Demo Accounts Receivable,C010,Demo Customer Juniper,D01,Demo Sales,0,276130,1100,Demo Central Ordinary Deposit,,,,,7894490,268,"[""20210613"",""900123""]",268-C,cor:monetaryAmount,2021-06
30,2,900123,Debit,2021-06-13,Synthetic demo customer receipt 900123,1100,Demo Central Ordinary Deposit,B001,Demo Central Bank,D01,Demo Sales,276130,0,1200,Demo Accounts Receivable,,,,,12592700,268,"[""20210613"",""900123""]",268-D,cor:monetaryAmount,2021-06
31,1,900178,Credit,2021-06-13,Synthetic demo operating cost bundle 900178,1110,Demo North Current Deposit,B002,North Demo Bank,D03,Demo Operations,0,608990,,,,,,,15931560,269,"[""20210613"",""900178""]",269-C,cor:monetaryAmount,2021-06
31,2,900178,Debit,2021-06-13,Synthetic demo operating cost bundle 900178,6030,Demo Utilities,S002,Demo Energy Services,D03,Demo Operations,91340,0,1110,Demo North Current Deposit,,,,,1806940,269,"[""20210613"",""900178""]",269-D,cor:monetaryAmount,2021-06
31,3,900178,Debit,2021-06-13,Synthetic demo operating cost bundle 900178,6040,Demo Communication,S003,Demo Network Services,D03,Demo Operations,115700,0,1110,Demo North Current Deposit,,,,,1081230,270,"[""20210613"",""900178""]",270-D,cor:monetaryAmount,2021-06
31,4,900178,Debit,2021-06-13,Synthetic demo operating cost bundle 900178,6060,Demo Office Supplies,V009,Demo Vendor Summit,D03,Demo Operations,401950,0,1110,Demo North Current Deposit,,,,,2131310,271,"[""20210613"",""900178""]",271-D,cor:monetaryAmount,2021-06
32,1,900176,Credit,2021-06-14,Synthetic demo purchase on account 900176,2000,Demo Accounts Payable,V001,Demo Vendor Keystone,D04,Demo Logistics,0,78180,5020,Demo Inventory Adjustment,,,,,3347330,272,"[""20210614"",""900176""]",272-C,cor:monetaryAmount,2021-06
32,2,900176,Debit,2021-06-14,Synthetic demo purchase on account 900176,5020,Demo Inventory Adjustment,V001,Demo Vendor Keystone,D04,Demo Logistics,78180,0,2000,Demo Accounts Payable,,,,,1540630,272,"[""20210614"",""900176""]",272-D,cor:monetaryAmount,2021-06
33,1,900125,Credit,2021-06-15,Synthetic demo financing settlement 900125,1120,Demo Harbor Ordinary Deposit,B003,Harbor Demo Bank,D06,Demo Management,0,263560,,,,,,,15239060,273,"[""20210615"",""900125""]",273-C,cor:monetaryAmount,2021-06
33,2,900125,Debit,2021-06-15,Synthetic demo financing settlement 900125,2200,Demo Short-term Loans,,,D06,Demo Management,129140,0,1120,Demo Harbor Ordinary Deposit,,,,,5823090,273,"[""20210615"",""900125""]",273-D,cor:monetaryAmount,2021-06
33,3,900125,Debit,2021-06-15,Synthetic demo financing settlement 900125,6070,Demo Bank Fees,B003,Harbor Demo Bank,D06,Demo Management,23720,0,1120,Demo Harbor Ordinary Deposit,,,,,343360,274,"[""20210615"",""900125""]",274-D,cor:monetaryAmount,2021-06
33,4,900125,Debit,2021-06-15,Synthetic demo financing settlement 900125,7000,Demo Taxes and Dues,,,D06,Demo Management,110700,0,1120,Demo Harbor Ordinary Deposit,,,,,1093720,275,"[""20210615"",""900125""]",275-D,cor:monetaryAmount,2021-06
34,1,900126,Credit,2021-06-15,Synthetic demo purchase on account 900126,2000,Demo Accounts Payable,V001,Demo Vendor Keystone,D04,Demo Logistics,0,99670,5000,Demo Purchases,,,,,3447000,276,"[""20210615"",""900126""]",276-C,cor:monetaryAmount,2021-06
34,2,900126,Debit,2021-06-15,Synthetic demo purchase on account 900126,5000,Demo Purchases,V001,Demo Vendor Keystone,D04,Demo Logistics,99670,0,2000,Demo Accounts Payable,,,,,1245810,276,"[""20210615"",""900126""]",276-D,cor:monetaryAmount,2021-06
35,1,900160,Debit,2021-06-17,Synthetic demo mixed sales and receipt 900160,1110,Demo North Current Deposit,B002,North Demo Bank,D01,Demo Sales,366180,0,,,,,,,16297740,277,"[""20210617"",""900160""]",277-D,cor:monetaryAmount,2021-06
35,2,900160,Debit,2021-06-17,Synthetic demo mixed sales and receipt 900160,1200,Demo Accounts Receivable,C001,Demo Customer Aurora,D01,Demo Sales,172330,0,,,,,,,8066820,278,"[""20210617"",""900160""]",278-D,cor:monetaryAmount,2021-06
35,3,900160,Credit,2021-06-17,Synthetic demo mixed sales and receipt 900160,4000,Demo Product Sales,C002,Demo Customer Birch,D01,Demo Sales,0,296180,,,,,,,6540920,279,"[""20210617"",""900160""]",279-C,cor:monetaryAmount,2021-06
35,4,900160,Credit,2021-06-17,Synthetic demo mixed sales and receipt 900160,4010,Demo Service Revenue,C003,Demo Customer Cobalt,D01,Demo Sales,0,242330,,,,,,,5653920,280,"[""20210617"",""900160""]",280-C,cor:monetaryAmount,2021-06
36,1,900134,Credit,2021-06-19,Synthetic demo customer receipt 900134,1200,Demo Accounts Receivable,C003,Demo Customer Cobalt,D01,Demo Sales,0,145720,1120,Demo Harbor Ordinary Deposit,,,,,7921100,281,"[""20210619"",""900134""]",281-C,cor:monetaryAmount,2021-06
36,2,900134,Debit,2021-06-19,Synthetic demo customer receipt 900134,1120,Demo Harbor Ordinary Deposit,B003,Harbor Demo Bank,D01,Demo Sales,145720,0,1200,Demo Accounts Receivable,,,,,15384780,281,"[""20210619"",""900134""]",281-D,cor:monetaryAmount,2021-06
37,1,900147,Debit,2021-06-19,Synthetic demo multi-vendor settlement 900147,2000,Demo Accounts Payable,V008,Demo Vendor Rivulet,D01,Demo Sales,219780,0,,,,,,,3227220,282,"[""20210619"",""900147""]",282-D,cor:monetaryAmount,2021-06
37,2,900147,Debit,2021-06-19,Synthetic demo multi-vendor settlement 900147,2100,Demo Accrued Payables,V001,Demo Vendor Keystone,D01,Demo Sales,194910,0,,,,,,,8825130,283,"[""20210619"",""900147""]",283-D,cor:monetaryAmount,2021-06
37,3,900147,Credit,2021-06-19,Synthetic demo multi-vendor settlement 900147,1100,Demo Central Ordinary Deposit,B001,Demo Central Bank,D01,Demo Sales,0,265400,,,,,,,12327300,284,"[""20210619"",""900147""]",284-C,cor:monetaryAmount,2021-06
37,4,900147,Credit,2021-06-19,Synthetic demo multi-vendor settlement 900147,1110,Demo North Current Deposit,B002,North Demo Bank,D01,Demo Sales,0,149290,,,,,,,16148450,285,"[""20210619"",""900147""]",285-C,cor:monetaryAmount,2021-06
38,1,900175,Credit,2021-06-19,Synthetic demo purchase on account 900175,2000,Demo Accounts Payable,V006,Demo Vendor Prairie,D04,Demo Logistics,0,123750,5010,Demo Freight-in,,,,,3350970,286,"[""20210619"",""900175""]",286-C,cor:monetaryAmount,2021-06
38,2,900175,Debit,2021-06-19,Synthetic demo purchase on account 900175,5010,Demo Freight-in,V006,Demo Vendor Prairie,D04,Demo Logistics,123750,0,2000,Demo Accounts Payable,,,,,1749980,286,"[""20210619"",""900175""]",286-D,cor:monetaryAmount,2021-06
39,1,900144,Credit,2021-06-20,Synthetic demo monthly payroll bundle 900144,1100,Demo Central Ordinary Deposit,B001,Demo Central Bank,D02,Demo Administration,0,639440,,,,,,,11687860,287,"[""20210620"",""900144""]",287-C,cor:monetaryAmount,2021-06
39,2,900144,Debit,2021-06-20,Synthetic demo monthly payroll bundle 900144,6000,Demo Salaries,,,D02,Demo Administration,185430,0,1100,Demo Central Ordinary Deposit,,,,,1887370,287,"[""20210620"",""900144""]",287-D,cor:monetaryAmount,2021-06
39,3,900144,Debit,2021-06-20,Synthetic demo monthly payroll bundle 900144,6010,Demo Statutory Welfare,,,D02,Demo Administration,38360,0,1100,Demo Central Ordinary Deposit,,,,,677170,288,"[""20210620"",""900144""]",288-D,cor:monetaryAmount,2021-06
39,4,900144,Debit,2021-06-20,Synthetic demo monthly payroll bundle 900144,2110,Demo Payroll Withholding,,,D02,Demo Administration,415650,0,1100,Demo Central Ordinary Deposit,,,,,4712650,289,"[""20210620"",""900144""]",289-D,cor:monetaryAmount,2021-06
40,1,900135,Debit,2021-06-22,Synthetic demo multi-vendor settlement 900135,2000,Demo Accounts Payable,V006,Demo Vendor Prairie,D01,Demo Sales,406490,0,,,,,,,2944480,290,"[""20210622"",""900135""]",290-D,cor:monetaryAmount,2021-06
40,2,900135,Debit,2021-06-22,Synthetic demo multi-vendor settlement 900135,2100,Demo Accrued Payables,V009,Demo Vendor Summit,D01,Demo Sales,332590,0,,,,,,,8492540,291,"[""20210622"",""900135""]",291-D,cor:monetaryAmount,2021-06
40,3,900135,Credit,2021-06-22,Synthetic demo multi-vendor settlement 900135,1100,Demo Central Ordinary Deposit,B001,Demo Central Bank,D01,Demo Sales,0,502570,,,,,,,11185290,292,"[""20210622"",""900135""]",292-C,cor:monetaryAmount,2021-06
40,4,900135,Credit,2021-06-22,Synthetic demo multi-vendor settlement 900135,1110,Demo North Current Deposit,B002,North Demo Bank,D01,Demo Sales,0,236510,,,,,,,15911940,293,"[""20210622"",""900135""]",293-C,cor:monetaryAmount,2021-06
41,1,900137,Credit,2021-06-22,Synthetic demo financing settlement 900137,1120,Demo Harbor Ordinary Deposit,B003,Harbor Demo Bank,D06,Demo Management,0,274110,,,,,,,15110670,294,"[""20210622"",""900137""]",294-C,cor:monetaryAmount,2021-06
41,2,900137,Debit,2021-06-22,Synthetic demo financing settlement 900137,2200,Demo Short-term Loans,,,D06,Demo Management,74000,0,1120,Demo Harbor Ordinary Deposit,,,,,5749090,294,"[""20210622"",""900137""]",294-D,cor:monetaryAmount,2021-06
41,3,900137,Debit,2021-06-22,Synthetic demo financing settlement 900137,6070,Demo Bank Fees,B003,Harbor Demo Bank,D06,Demo Management,24660,0,1120,Demo Harbor Ordinary Deposit,,,,,368020,295,"[""20210622"",""900137""]",295-D,cor:monetaryAmount,2021-06
41,4,900137,Debit,2021-06-22,Synthetic demo financing settlement 900137,7000,Demo Taxes and Dues,,,D06,Demo Management,175450,0,1120,Demo Harbor Ordinary Deposit,,,,,1269170,296,"[""20210622"",""900137""]",296-D,cor:monetaryAmount,2021-06
42,1,900177,Credit,2021-06-23,Synthetic demo vendor settlement 900177,1100,Demo Central Ordinary Deposit,B001,Demo Central Bank,D04,Demo Logistics,0,211780,2000,Demo Accounts Payable,,,,,10973510,297,"[""20210623"",""900177""]",297-C,cor:monetaryAmount,2021-06
42,2,900177,Debit,2021-06-23,Synthetic demo vendor settlement 900177,2000,Demo Accounts Payable,V006,Demo Vendor Prairie,D04,Demo Logistics,211780,0,1100,Demo Central Ordinary Deposit,,,,,2732700,297,"[""20210623"",""900177""]",297-D,cor:monetaryAmount,2021-06
43,1,900150,Credit,2021-06-25,Synthetic demo monthly payroll bundle 900150,1100,Demo Central Ordinary Deposit,B001,Demo Central Bank,D02,Demo Administration,0,746950,,,,,,,10226560,298,"[""20210625"",""900150""]",298-C,cor:monetaryAmount,2021-06
43,2,900150,Debit,2021-06-25,Synthetic demo monthly payroll bundle 900150,6000,Demo Salaries,,,D02,Demo Administration,343590,0,1100,Demo Central Ordinary Deposit,,,,,2230960,298,"[""20210625"",""900150""]",298-D,cor:monetaryAmount,2021-06
43,3,900150,Debit,2021-06-25,Synthetic demo monthly payroll bundle 900150,6010,Demo Statutory Welfare,,,D02,Demo Administration,179260,0,1100,Demo Central Ordinary Deposit,,,,,856430,299,"[""20210625"",""900150""]",299-D,cor:monetaryAmount,2021-06
43,4,900150,Debit,2021-06-25,Synthetic demo monthly payroll bundle 900150,2110,Demo Payroll Withholding,,,D02,Demo Administration,224100,0,1100,Demo Central Ordinary Deposit,,,,,4488550,300,"[""20210625"",""900150""]",300-D,cor:monetaryAmount,2021-06
44,1,900152,Credit,2021-06-25,Synthetic demo credit sale 900152,4020,Demo Other Operating Revenue,C007,Demo Customer Grove,D01,Demo Sales,0,503860,1200,Demo Accounts Receivable,,,,,3854320,301,"[""20210625"",""900152""]",301-C,cor:monetaryAmount,2021-06
44,2,900152,Debit,2021-06-25,Synthetic demo credit sale 900152,1200,Demo Accounts Receivable,C007,Demo Customer Grove,D01,Demo Sales,503860,0,4020,Demo Other Operating Revenue,,,,,8424960,301,"[""20210625"",""900152""]",301-D,cor:monetaryAmount,2021-06
45,1,900156,Credit,2021-06-25,Synthetic demo purchase on account 900156,2000,Demo Accounts Payable,V001,Demo Vendor Keystone,D04,Demo Logistics,0,207690,5000,Demo Purchases,,,,,2940390,302,"[""20210625"",""900156""]",302-C,cor:monetaryAmount,2021-06
45,2,900156,Debit,2021-06-25,Synthetic demo purchase on account 900156,5000,Demo Purchases,V001,Demo Vendor Keystone,D04,Demo Logistics,207690,0,2000,Demo Accounts Payable,,,,,1453500,302,"[""20210625"",""900156""]",302-D,cor:monetaryAmount,2021-06
46,1,900159,Credit,2021-06-25,Synthetic demo prepaid service 900159,1100,Demo Central Ordinary Deposit,B001,Demo Central Bank,D05,Demo Digital Services,0,25040,1400,Demo Prepaid Expenses,,,,,10201520,303,"[""20210625"",""900159""]",303-C,cor:monetaryAmount,2021-06
46,2,900159,Debit,2021-06-25,Synthetic demo prepaid service 900159,1400,Demo Prepaid Expenses,S004,Demo Logistics Services,D05,Demo Digital Services,25040,0,1100,Demo Central Ordinary Deposit,,,,,1449150,303,"[""20210625"",""900159""]",303-D,cor:monetaryAmount,2021-06
47,1,900161,Credit,2021-06-25,Synthetic demo credit sale 900161,4020,Demo Other Operating Revenue,C004,Demo Customer Dawn,D01,Demo Sales,0,98340,1200,Demo Accounts Receivable,,,,,3952660,304,"[""20210625"",""900161""]",304-C,cor:monetaryAmount,2021-06
47,2,900161,Debit,2021-06-25,Synthetic demo credit sale 900161,1200,Demo Accounts Receivable,C004,Demo Customer Dawn,D01,Demo Sales,98340,0,4020,Demo Other Operating Revenue,,,,,8523300,304,"[""20210625"",""900161""]",304-D,cor:monetaryAmount,2021-06
48,1,900151,Credit,2021-06-26,Synthetic demo credit sale 900151,4010,Demo Service Revenue,C004,Demo Customer Dawn,D01,Demo Sales,0,102260,1200,Demo Accounts Receivable,,,,,5756180,305,"[""20210626"",""900151""]",305-C,cor:monetaryAmount,2021-06
48,2,900151,Debit,2021-06-26,Synthetic demo credit sale 900151,1200,Demo Accounts Receivable,C004,Demo Customer Dawn,D01,Demo Sales,102260,0,4010,Demo Service Revenue,,,,,8625560,305,"[""20210626"",""900151""]",305-D,cor:monetaryAmount,2021-06
49,1,900166,Debit,2021-06-26,Synthetic demo mixed sales and receipt 900166,1110,Demo North Current Deposit,B002,North Demo Bank,D01,Demo Sales,175070,0,,,,,,,16087010,306,"[""20210626"",""900166""]",306-D,cor:monetaryAmount,2021-06
49,2,900166,Debit,2021-06-26,Synthetic demo mixed sales and receipt 900166,1200,Demo Accounts Receivable,C007,Demo Customer Grove,D01,Demo Sales,175070,0,,,,,,,8800630,307,"[""20210626"",""900166""]",307-D,cor:monetaryAmount,2021-06
49,3,900166,Credit,2021-06-26,Synthetic demo mixed sales and receipt 900166,4000,Demo Product Sales,C008,Demo Customer Halo,D01,Demo Sales,0,266100,,,,,,,6807020,308,"[""20210626"",""900166""]",308-C,cor:monetaryAmount,2021-06
49,4,900166,Credit,2021-06-26,Synthetic demo mixed sales and receipt 900166,4010,Demo Service Revenue,C009,Demo Customer Indigo,D01,Demo Sales,0,84040,,,,,,,5840220,309,"[""20210626"",""900166""]",309-C,cor:monetaryAmount,2021-06
50,1,900171,Credit,2021-06-27,Synthetic demo credit sale 900171,4000,Demo Product Sales,C004,Demo Customer Dawn,D01,Demo Sales,0,168530,1200,Demo Accounts Receivable,,,,,6975550,310,"[""20210627"",""900171""]",310-C,cor:monetaryAmount,2021-06
50,2,900171,Debit,2021-06-27,Synthetic demo credit sale 900171,1200,Demo Accounts Receivable,C004,Demo Customer Dawn,D01,Demo Sales,168530,0,4000,Demo Product Sales,,,,,8969160,310,"[""20210627"",""900171""]",310-D,cor:monetaryAmount,2021-06
51,1,900131,Credit,2021-06-29,Synthetic demo financing settlement 900131,1120,Demo Harbor Ordinary Deposit,B003,Harbor Demo Bank,D06,Demo Management,0,470220,,,,,,,14640450,311,"[""20210629"",""900131""]",311-C,cor:monetaryAmount,2021-06
51,2,900131,Debit,2021-06-29,Synthetic demo financing settlement 900131,2200,Demo Short-term Loans,,,D06,Demo Management,117550,0,1120,Demo Harbor Ordinary Deposit,,,,,5631540,311,"[""20210629"",""900131""]",311-D,cor:monetaryAmount,2021-06
51,3,900131,Debit,2021-06-29,Synthetic demo financing settlement 900131,6070,Demo Bank Fees,B003,Harbor Demo Bank,D06,Demo Management,103440,0,1120,Demo Harbor Ordinary Deposit,,,,,471460,312,"[""20210629"",""900131""]",312-D,cor:monetaryAmount,2021-06
51,4,900131,Debit,2021-06-29,Synthetic demo financing settlement 900131,7000,Demo Taxes and Dues,,,D06,Demo Management,249230,0,1120,Demo Harbor Ordinary Deposit,,,,,1518400,313,"[""20210629"",""900131""]",313-D,cor:monetaryAmount,2021-06
52,1,900139,Credit,2021-06-29,Synthetic demo prepaid service 900139,1110,Demo North Current Deposit,B002,North Demo Bank,D05,Demo Digital Services,0,205380,1400,Demo Prepaid Expenses,,,,,15881630,314,"[""20210629"",""900139""]",314-C,cor:monetaryAmount,2021-06
52,2,900139,Debit,2021-06-29,Synthetic demo prepaid service 900139,1400,Demo Prepaid Expenses,S002,Demo Energy Services,D05,Demo Digital Services,205380,0,1110,Demo North Current Deposit,,,,,1654530,314,"[""20210629"",""900139""]",314-D,cor:monetaryAmount,2021-06
53,1,900127,Credit,2021-06-30,Synthetic demo vendor settlement 900127,1110,Demo North Current Deposit,B002,North Demo Bank,D04,Demo Logistics,0,357230,2000,Demo Accounts Payable,,,,,15524400,315,"[""20210630"",""900127""]",315-C,cor:monetaryAmount,2021-06
53,2,900127,Debit,2021-06-30,Synthetic demo vendor settlement 900127,2000,Demo Accounts Payable,V006,Demo Vendor Prairie,D04,Demo Logistics,357230,0,1110,Demo North Current Deposit,,,,,2583160,315,"[""20210630"",""900127""]",315-D,cor:monetaryAmount,2021-06
54,1,900142,Credit,2021-06-30,Synthetic demo credit sale 900142,4010,Demo Service Revenue,C007,Demo Customer Grove,D01,Demo Sales,0,399260,1200,Demo Accounts Receivable,,,,,6239480,316,"[""20210630"",""900142""]",316-C,cor:monetaryAmount,2021-06
54,2,900142,Debit,2021-06-30,Synthetic demo credit sale 900142,1200,Demo Accounts Receivable,C007,Demo Customer Grove,D01,Demo Sales,399260,0,4010,Demo Service Revenue,,,,,9368420,316,"[""20210630"",""900142""]",316-D,cor:monetaryAmount,2021-06
55,1,900165,Credit,2021-06-30,Synthetic demo purchase on account 900165,2000,Demo Accounts Payable,V006,Demo Vendor Prairie,D04,Demo Logistics,0,129600,5000,Demo Purchases,,,,,2712760,317,"[""20210630"",""900165""]",317-C,cor:monetaryAmount,2021-06
55,2,900165,Debit,2021-06-30,Synthetic demo purchase on account 900165,5000,Demo Purchases,V006,Demo Vendor Prairie,D04,Demo Logistics,129600,0,2000,Demo Accounts Payable,,,,,1583100,317,"[""20210630"",""900165""]",317-D,cor:monetaryAmount,2021-06
56,1,900172,Credit,2021-06-30,Synthetic demo operating cost bundle 900172,1110,Demo North Current Deposit,B002,North Demo Bank,D03,Demo Operations,0,467140,,,,,,,15057260,318,"[""20210630"",""900172""]",318-C,cor:monetaryAmount,2021-06
56,2,900172,Debit,2021-06-30,Synthetic demo operating cost bundle 900172,6030,Demo Utilities,S002,Demo Energy Services,D03,Demo Operations,121450,0,1110,Demo North Current Deposit,,,,,1928390,318,"[""20210630"",""900172""]",318-D,cor:monetaryAmount,2021-06
56,3,900172,Debit,2021-06-30,Synthetic demo operating cost bundle 900172,6040,Demo Communication,S003,Demo Network Services,D03,Demo Operations,74740,0,1110,Demo North Current Deposit,,,,,1155970,319,"[""20210630"",""900172""]",319-D,cor:monetaryAmount,2021-06
56,4,900172,Debit,2021-06-30,Synthetic demo operating cost bundle 900172,6060,Demo Office Supplies,V003,Demo Vendor Mosaic,D03,Demo Operations,270950,0,1110,Demo North Current Deposit,,,,,2402260,320,"[""20210630"",""900172""]",320-D,cor:monetaryAmount,2021-06
,,,Opening,2021-07-01,* Opening balance,1000,Demo Cash,,,,,0,0,,,,,,,600000,,,,,2021-07
,,,Opening,2021-07-01,* Opening balance,1010,Demo Petty Cash,,,,,0,0,,,,,,,120000,,,,,2021-07
,,,Opening,2021-07-01,* Opening balance,1100,Demo Central Ordinary Deposit,,,,,0,0,,,,,,,10201520,,,,,2021-07
,,,Opening,2021-07-01,* Opening balance,1110,Demo North Current Deposit,,,,,0,0,,,,,,,15057260,,,,,2021-07
,,,Opening,2021-07-01,* Opening balance,1120,Demo Harbor Ordinary Deposit,,,,,0,0,,,,,,,14640450,,,,,2021-07
,,,Opening,2021-07-01,* Opening balance,1200,Demo Accounts Receivable,,,,,0,0,,,,,,,9368420,,,,,2021-07
,,,Opening,2021-07-01,* Opening balance,1210,Demo Notes Receivable,,,,,0,0,,,,,,,800000,,,,,2021-07
,,,Opening,2021-07-01,* Opening balance,1300,Demo Inventory,,,,,0,0,,,,,,,1200000,,,,,2021-07
,,,Opening,2021-07-01,* Opening balance,1400,Demo Prepaid Expenses,,,,,0,0,,,,,,,1654530,,,,,2021-07
,,,Opening,2021-07-01,* Opening balance,1410,Demo Advances Paid,,,,,0,0,,,,,,,250000,,,,,2021-07
,,,Opening,2021-07-01,* Opening balance,1420,Demo Temporary Payments,,,,,0,0,,,,,,,150000,,,,,2021-07
,,,Opening,2021-07-01,* Opening balance,1430,Demo Input Tax Receivable,,,,,0,0,,,,,,,400000,,,,,2021-07
,,,Opening,2021-07-01,* Opening balance,1500,Demo Equipment,,,,,0,0,,,,,,,2000000,,,,,2021-07
,,,Opening,2021-07-01,* Opening balance,1510,Demo Vehicles,,,,,0,0,,,,,,,1200000,,,,,2021-07
,,,Opening,2021-07-01,* Opening balance,1520,Demo Software,,,,,0,0,,,,,,,700000,,,,,2021-07
,,,Opening,2021-07-01,* Opening balance,1590,Demo Accumulated Depreciation,,,,,0,0,,,,,,,900000,,,,,2021-07
,,,Opening,2021-07-01,* Opening balance,2000,Demo Accounts Payable,,,,,0,0,,,,,,,2712760,,,,,2021-07
,,,Opening,2021-07-01,* Opening balance,2010,Demo Notes Payable,,,,,0,0,,,,,,,600000,,,,,2021-07
,,,Opening,2021-07-01,* Opening balance,2100,Demo Accrued Payables,,,,,0,0,,,,,,,8492540,,,,,2021-07
,,,Opening,2021-07-01,* Opening balance,2110,Demo Payroll Withholding,,,,,0,0,,,,,,,4488550,,,,,2021-07
,,,Opening,2021-07-01,* Opening balance,2120,Demo Output Tax Payable,,,,,0,0,,,,,,,450000,,,,,2021-07
,,,Opening,2021-07-01,* Opening balance,2130,Demo Temporary Receipts,,,,,0,0,,,,,,,120000,,,,,2021-07
,,,Opening,2021-07-01,* Opening balance,2200,Demo Short-term Loans,,,,,0,0,,,,,,,5631540,,,,,2021-07
,,,Opening,2021-07-01,* Opening balance,2300,Demo Long-term Loans,,,,,0,0,,,,,,,2500000,,,,,2021-07
,,,Opening,2021-07-01,* Opening balance,2400,Demo Unearned Revenue,,,,,0,0,,,,,,,350000,,,,,2021-07
,,,Opening,2021-07-01,* Opening balance,3000,Demo Capital,,,,,0,0,,,,,,,5000000,,,,,2021-07
,,,Opening,2021-07-01,* Opening balance,3100,Demo Retained Earnings,,,,,0,0,,,,,,,26159010,,,,,2021-07
,,,Opening,2021-07-01,* Opening balance,4000,Demo Product Sales,,,,,0,0,,,,,,,6975550,,,,,2021-07
,,,Opening,2021-07-01,* Opening balance,4010,Demo Service Revenue,,,,,0,0,,,,,,,6239480,,,,,2021-07
,,,Opening,2021-07-01,* Opening balance,4020,Demo Other Operating Revenue,,,,,0,0,,,,,,,3952660,,,,,2021-07
,,,Opening,2021-07-01,* Opening balance,4030,Demo Interest Income,,,,,0,0,,,,,,,0,,,,,2021-07
,,,Opening,2021-07-01,* Opening balance,4040,Demo Miscellaneous Income,,,,,0,0,,,,,,,0,,,,,2021-07
,,,Opening,2021-07-01,* Opening balance,5000,Demo Purchases,,,,,0,0,,,,,,,1583100,,,,,2021-07
,,,Opening,2021-07-01,* Opening balance,5010,Demo Freight-in,,,,,0,0,,,,,,,1749980,,,,,2021-07
,,,Opening,2021-07-01,* Opening balance,5020,Demo Inventory Adjustment,,,,,0,0,,,,,,,1540630,,,,,2021-07
,,,Opening,2021-07-01,* Opening balance,6000,Demo Salaries,,,,,0,0,,,,,,,2230960,,,,,2021-07
,,,Opening,2021-07-01,* Opening balance,6010,Demo Statutory Welfare,,,,,0,0,,,,,,,856430,,,,,2021-07
,,,Opening,2021-07-01,* Opening balance,6020,Demo Office Rent,,,,,0,0,,,,,,,6210,,,,,2021-07
,,,Opening,2021-07-01,* Opening balance,6030,Demo Utilities,,,,,0,0,,,,,,,1928390,,,,,2021-07
,,,Opening,2021-07-01,* Opening balance,6040,Demo Communication,,,,,0,0,,,,,,,1155970,,,,,2021-07
,,,Opening,2021-07-01,* Opening balance,6050,Demo Business Travel,,,,,0,0,,,,,,,0,,,,,2021-07
,,,Opening,2021-07-01,* Opening balance,6060,Demo Office Supplies,,,,,0,0,,,,,,,2402260,,,,,2021-07
,,,Opening,2021-07-01,* Opening balance,6070,Demo Bank Fees,,,,,0,0,,,,,,,471460,,,,,2021-07
,,,Opening,2021-07-01,* Opening balance,6080,Demo Advertising,,,,,0,0,,,,,,,146860,,,,,2021-07
,,,Opening,2021-07-01,* Opening balance,6090,Demo Insurance,,,,,0,0,,,,,,,0,,,,,2021-07
,,,Opening,2021-07-01,* Opening balance,6100,Demo Repairs,,,,,0,0,,,,,,,219300,,,,,2021-07
,,,Opening,2021-07-01,* Opening balance,6110,Demo Depreciation Expense,,,,,0,0,,,,,,,0,,,,,2021-07
,,,Opening,2021-07-01,* Opening balance,6120,Demo Professional Fees,,,,,0,0,,,,,,,0,,,,,2021-07
,,,Opening,2021-07-01,* Opening balance,6130,Demo Training,,,,,0,0,,,,,,,0,,,,,2021-07
,,,Opening,2021-07-01,* Opening balance,6140,Demo Vehicle Expense,,,,,0,0,,,,,,,300130,,,,,2021-07
,,,Opening,2021-07-01,* Opening balance,6150,Demo Software Subscription,,,,,0,0,,,,,,,0,,,,,2021-07
,,,Opening,2021-07-01,* Opening balance,6160,Demo Shipping,,,,,0,0,,,,,,,119830,,,,,2021-07
,,,Opening,2021-07-01,* Opening balance,6170,Demo Miscellaneous Expense,,,,,0,0,,,,,,,0,,,,,2021-07
,,,Opening,2021-07-01,* Opening balance,7000,Demo Taxes and Dues,,,,,0,0,,,,,,,1518400,,,,,2021-07
,,,Opening,2021-07-01,* Opening balance,7010,Demo Corporate Tax,,,,,0,0,,,,,,,0,,,,,2021-07
,,,Opening,2021-07-01,* Opening balance,7020,Demo Consumption Tax Expense,,,,,0,0,,,,,,,0,,,,,2021-07
,,,Opening,2021-07-01,* Opening balance,8000,Demo Suspense,,,,,0,0,,,,,,,50000,,,,,2021-07
,,,Opening,2021-07-01,* Opening balance,8010,Demo Clearing,,,,,0,0,,,,,,,50000,,,,,2021-07
1,1,900184,Credit,2021-07-01,Synthetic demo operating cost bundle 900184,1110,Demo North Current Deposit,B002,North Demo Bank,D03,Demo Operations,0,559040,,,,,,,14498220,321,"[""20210701"",""900184""]",321-C,cor:monetaryAmount,2021-07
1,2,900184,Debit,2021-07-01,Synthetic demo operating cost bundle 900184,6030,Demo Utilities,S002,Demo Energy Services,D03,Demo Operations,234790,0,1110,Demo North Current Deposit,,,,,2163180,321,"[""20210701"",""900184""]",321-D,cor:monetaryAmount,2021-07
1,3,900184,Debit,2021-07-01,Synthetic demo operating cost bundle 900184,6040,Demo Communication,S003,Demo Network Services,D03,Demo Operations,150940,0,1110,Demo North Current Deposit,,,,,1306910,322,"[""20210701"",""900184""]",322-D,cor:monetaryAmount,2021-07
1,4,900184,Debit,2021-07-01,Synthetic demo operating cost bundle 900184,6060,Demo Office Supplies,V005,Demo Vendor Orchid,D03,Demo Operations,173310,0,1110,Demo North Current Deposit,,,,,2575570,323,"[""20210701"",""900184""]",323-D,cor:monetaryAmount,2021-07
2,1,900190,Credit,2021-07-01,Synthetic demo credit sale 900190,4010,Demo Service Revenue,C001,Demo Customer Aurora,D01,Demo Sales,0,322010,1200,Demo Accounts Receivable,,,,,6561490,324,"[""20210701"",""900190""]",324-C,cor:monetaryAmount,2021-07
2,2,900190,Debit,2021-07-01,Synthetic demo credit sale 900190,1200,Demo Accounts Receivable,C001,Demo Customer Aurora,D01,Demo Sales,322010,0,4010,Demo Service Revenue,,,,,9690430,324,"[""20210701"",""900190""]",324-D,cor:monetaryAmount,2021-07
3,1,900211,Credit,2021-07-03,Synthetic demo credit sale 900211,4010,Demo Service Revenue,C004,Demo Customer Dawn,D01,Demo Sales,0,417160,1200,Demo Accounts Receivable,,,,,6978650,325,"[""20210703"",""900211""]",325-C,cor:monetaryAmount,2021-07
3,2,900211,Debit,2021-07-03,Synthetic demo credit sale 900211,1200,Demo Accounts Receivable,C004,Demo Customer Dawn,D01,Demo Sales,417160,0,4010,Demo Service Revenue,,,,,10107590,325,"[""20210703"",""900211""]",325-D,cor:monetaryAmount,2021-07
4,1,900226,Credit,2021-07-03,Synthetic demo purchase on account 900226,2000,Demo Accounts Payable,V001,Demo Vendor Keystone,D04,Demo Logistics,0,84120,5010,Demo Freight-in,,,,,2796880,326,"[""20210703"",""900226""]",326-C,cor:monetaryAmount,2021-07
4,2,900226,Debit,2021-07-03,Synthetic demo purchase on account 900226,5010,Demo Freight-in,V001,Demo Vendor Keystone,D04,Demo Logistics,84120,0,2000,Demo Accounts Payable,,,,,1834100,326,"[""20210703"",""900226""]",326-D,cor:monetaryAmount,2021-07
5,1,900235,Debit,2021-07-04,Synthetic demo multi-vendor settlement 900235,2000,Demo Accounts Payable,V006,Demo Vendor Prairie,D01,Demo Sales,135020,0,,,,,,,2661860,327,"[""20210704"",""900235""]",327-D,cor:monetaryAmount,2021-07
5,2,900235,Debit,2021-07-04,Synthetic demo multi-vendor settlement 900235,2100,Demo Accrued Payables,V009,Demo Vendor Summit,D01,Demo Sales,124640,0,,,,,,,8367900,328,"[""20210704"",""900235""]",328-D,cor:monetaryAmount,2021-07
5,3,900235,Credit,2021-07-04,Synthetic demo multi-vendor settlement 900235,1110,Demo North Current Deposit,B002,North Demo Bank,D01,Demo Sales,0,163580,,,,,,,14334640,329,"[""20210704"",""900235""]",329-C,cor:monetaryAmount,2021-07
5,4,900235,Credit,2021-07-04,Synthetic demo multi-vendor settlement 900235,1120,Demo Harbor Ordinary Deposit,B003,Harbor Demo Bank,D01,Demo Sales,0,96080,,,,,,,14544370,330,"[""20210704"",""900235""]",330-C,cor:monetaryAmount,2021-07
6,1,900218,Credit,2021-07-05,Synthetic demo operating expense 900218,1120,Demo Harbor Ordinary Deposit,B003,Harbor Demo Bank,D05,Demo Digital Services,0,3900,6040,Demo Communication,,,,,14540470,331,"[""20210705"",""900218""]",331-C,cor:monetaryAmount,2021-07
6,2,900218,Debit,2021-07-05,Synthetic demo operating expense 900218,6040,Demo Communication,V001,Demo Vendor Keystone,D05,Demo Digital Services,3900,0,1120,Demo Harbor Ordinary Deposit,,,,,1310810,331,"[""20210705"",""900218""]",331-D,cor:monetaryAmount,2021-07
7,1,900188,Credit,2021-07-06,Synthetic demo operating expense 900188,1120,Demo Harbor Ordinary Deposit,B003,Harbor Demo Bank,D05,Demo Digital Services,0,97330,6100,Demo Repairs,,,,,14443140,332,"[""20210706"",""900188""]",332-C,cor:monetaryAmount,2021-07
7,2,900188,Debit,2021-07-06,Synthetic demo operating expense 900188,6100,Demo Repairs,V001,Demo Vendor Keystone,D05,Demo Digital Services,97330,0,1120,Demo Harbor Ordinary Deposit,,,,,316630,332,"[""20210706"",""900188""]",332-D,cor:monetaryAmount,2021-07
8,1,900194,Credit,2021-07-06,Synthetic demo customer receipt 900194,1200,Demo Accounts Receivable,C003,Demo Customer Cobalt,D01,Demo Sales,0,426780,1120,Demo Harbor Ordinary Deposit,,,,,9680810,333,"[""20210706"",""900194""]",333-C,cor:monetaryAmount,2021-07
8,2,900194,Debit,2021-07-06,Synthetic demo customer receipt 900194,1120,Demo Harbor Ordinary Deposit,B003,Harbor Demo Bank,D01,Demo Sales,426780,0,1200,Demo Accounts Receivable,,,,,14869920,333,"[""20210706"",""900194""]",333-D,cor:monetaryAmount,2021-07
9,1,900201,Credit,2021-07-06,Synthetic demo credit sale 900201,4000,Demo Product Sales,C004,Demo Customer Dawn,D01,Demo Sales,0,452220,1200,Demo Accounts Receivable,,,,,7427770,334,"[""20210706"",""900201""]",334-C,cor:monetaryAmount,2021-07
9,2,900201,Debit,2021-07-06,Synthetic demo credit sale 900201,1200,Demo Accounts Receivable,C004,Demo Customer Dawn,D01,Demo Sales,452220,0,4000,Demo Product Sales,,,,,10133030,334,"[""20210706"",""900201""]",334-D,cor:monetaryAmount,2021-07
10,1,900225,Credit,2021-07-10,Synthetic demo monthly payroll bundle 900225,1100,Demo Central Ordinary Deposit,B001,Demo Central Bank,D02,Demo Administration,0,531540,,,,,,,9669980,335,"[""20210710"",""900225""]",335-C,cor:monetaryAmount,2021-07
10,2,900225,Debit,2021-07-10,Synthetic demo monthly payroll bundle 900225,6000,Demo Salaries,,,D02,Demo Administration,164770,0,1100,Demo Central Ordinary Deposit,,,,,2395730,335,"[""20210710"",""900225""]",335-D,cor:monetaryAmount,2021-07
10,3,900225,Debit,2021-07-10,Synthetic demo monthly payroll bundle 900225,6010,Demo Statutory Welfare,,,D02,Demo Administration,191350,0,1100,Demo Central Ordinary Deposit,,,,,1047780,336,"[""20210710"",""900225""]",336-D,cor:monetaryAmount,2021-07
10,4,900225,Debit,2021-07-10,Synthetic demo monthly payroll bundle 900225,2110,Demo Payroll Withholding,,,D02,Demo Administration,175420,0,1100,Demo Central Ordinary Deposit,,,,,4313130,337,"[""20210710"",""900225""]",337-D,cor:monetaryAmount,2021-07
11,1,900231,Credit,2021-07-10,Synthetic demo credit sale 900231,4000,Demo Product Sales,C004,Demo Customer Dawn,D01,Demo Sales,0,292430,1200,Demo Accounts Receivable,,,,,7720200,338,"[""20210710"",""900231""]",338-C,cor:monetaryAmount,2021-07
11,2,900231,Debit,2021-07-10,Synthetic demo credit sale 900231,1200,Demo Accounts Receivable,C004,Demo Customer Dawn,D01,Demo Sales,292430,0,4000,Demo Product Sales,,,,,10425460,338,"[""20210710"",""900231""]",338-D,cor:monetaryAmount,2021-07
12,1,900199,Debit,2021-07-11,Synthetic demo multi-vendor settlement 900199,2000,Demo Accounts Payable,V010,Demo Vendor Tandem,D01,Demo Sales,72970,0,,,,,,,2588890,339,"[""20210711"",""900199""]",339-D,cor:monetaryAmount,2021-07
12,2,900199,Debit,2021-07-11,Synthetic demo multi-vendor settlement 900199,2100,Demo Accrued Payables,V003,Demo Vendor Mosaic,D01,Demo Sales,311120,0,,,,,,,8056780,340,"[""20210711"",""900199""]",340-D,cor:monetaryAmount,2021-07
12,3,900199,Credit,2021-07-11,Synthetic demo multi-vendor settlement 900199,1110,Demo North Current Deposit,B002,North Demo Bank,D01,Demo Sales,0,238130,,,,,,,14096510,341,"[""20210711"",""900199""]",341-C,cor:monetaryAmount,2021-07
12,4,900199,Credit,2021-07-11,Synthetic demo multi-vendor settlement 900199,1120,Demo Harbor Ordinary Deposit,B003,Harbor Demo Bank,D01,Demo Sales,0,145960,,,,,,,14723960,342,"[""20210711"",""900199""]",342-C,cor:monetaryAmount,2021-07
13,1,900181,Debit,2021-07-12,Synthetic demo multi-vendor settlement 900181,2000,Demo Accounts Payable,V002,Demo Vendor Lattice,D01,Demo Sales,248190,0,,,,,,,2340700,343,"[""20210712"",""900181""]",343-D,cor:monetaryAmount,2021-07
13,2,900181,Debit,2021-07-12,Synthetic demo multi-vendor settlement 900181,2100,Demo Accrued Payables,V005,Demo Vendor Orchid,D01,Demo Sales,82730,0,,,,,,,7974050,344,"[""20210712"",""900181""]",344-D,cor:monetaryAmount,2021-07
13,3,900181,Credit,2021-07-12,Synthetic demo multi-vendor settlement 900181,1110,Demo North Current Deposit,B002,North Demo Bank,D01,Demo Sales,0,86030,,,,,,,14010480,345,"[""20210712"",""900181""]",345-C,cor:monetaryAmount,2021-07
13,4,900181,Credit,2021-07-12,Synthetic demo multi-vendor settlement 900181,1120,Demo Harbor Ordinary Deposit,B003,Harbor Demo Bank,D01,Demo Sales,0,244890,,,,,,,14479070,346,"[""20210712"",""900181""]",346-C,cor:monetaryAmount,2021-07
14,1,900192,Credit,2021-07-12,Synthetic demo credit sale 900192,4000,Demo Product Sales,C007,Demo Customer Grove,D01,Demo Sales,0,264960,1200,Demo Accounts Receivable,,,,,7985160,347,"[""20210712"",""900192""]",347-C,cor:monetaryAmount,2021-07
14,2,900192,Debit,2021-07-12,Synthetic demo credit sale 900192,1200,Demo Accounts Receivable,C007,Demo Customer Grove,D01,Demo Sales,264960,0,4000,Demo Product Sales,,,,,10690420,347,"[""20210712"",""900192""]",347-D,cor:monetaryAmount,2021-07
15,1,900186,Credit,2021-07-13,Synthetic demo purchase on account 900186,2000,Demo Accounts Payable,V001,Demo Vendor Keystone,D04,Demo Logistics,0,272140,5000,Demo Purchases,,,,,2612840,348,"[""20210713"",""900186""]",348-C,cor:monetaryAmount,2021-07
15,2,900186,Debit,2021-07-13,Synthetic demo purchase on account 900186,5000,Demo Purchases,V001,Demo Vendor Keystone,D04,Demo Logistics,272140,0,2000,Demo Accounts Payable,,,,,1855240,348,"[""20210713"",""900186""]",348-D,cor:monetaryAmount,2021-07
16,1,900189,Credit,2021-07-13,Synthetic demo prepaid service 900189,1100,Demo Central Ordinary Deposit,B001,Demo Central Bank,D05,Demo Digital Services,0,136230,1400,Demo Prepaid Expenses,,,,,9533750,349,"[""20210713"",""900189""]",349-C,cor:monetaryAmount,2021-07
16,2,900189,Debit,2021-07-13,Synthetic demo prepaid service 900189,1400,Demo Prepaid Expenses,S004,Demo Logistics Services,D05,Demo Digital Services,136230,0,1100,Demo Central Ordinary Deposit,,,,,1790760,349,"[""20210713"",""900189""]",349-D,cor:monetaryAmount,2021-07
17,1,900234,Credit,2021-07-13,Synthetic demo customer receipt 900234,1200,Demo Accounts Receivable,C003,Demo Customer Cobalt,D01,Demo Sales,0,398450,1100,Demo Central Ordinary Deposit,,,,,10291970,350,"[""20210713"",""900234""]",350-C,cor:monetaryAmount,2021-07
17,2,900234,Debit,2021-07-13,Synthetic demo customer receipt 900234,1100,Demo Central Ordinary Deposit,B001,Demo Central Bank,D01,Demo Sales,398450,0,1200,Demo Accounts Receivable,,,,,9932200,350,"[""20210713"",""900234""]",350-D,cor:monetaryAmount,2021-07
18,1,900212,Credit,2021-07-14,Synthetic demo financing settlement 900212,1120,Demo Harbor Ordinary Deposit,B003,Harbor Demo Bank,D06,Demo Management,0,216910,,,,,,,14262160,351,"[""20210714"",""900212""]",351-C,cor:monetaryAmount,2021-07
18,2,900212,Debit,2021-07-14,Synthetic demo financing settlement 900212,2200,Demo Short-term Loans,,,D06,Demo Management,82420,0,1120,Demo Harbor Ordinary Deposit,,,,,5549120,351,"[""20210714"",""900212""]",351-D,cor:monetaryAmount,2021-07
18,3,900212,Debit,2021-07-14,Synthetic demo financing settlement 900212,6070,Demo Bank Fees,B003,Harbor Demo Bank,D06,Demo Management,17350,0,1120,Demo Harbor Ordinary Deposit,,,,,488810,352,"[""20210714"",""900212""]",352-D,cor:monetaryAmount,2021-07
18,4,900212,Debit,2021-07-14,Synthetic demo financing settlement 900212,7000,Demo Taxes and Dues,,,D06,Demo Management,117140,0,1120,Demo Harbor Ordinary Deposit,,,,,1635540,353,"[""20210714"",""900212""]",353-D,cor:monetaryAmount,2021-07
19,1,900221,Credit,2021-07-14,Synthetic demo credit sale 900221,4020,Demo Other Operating Revenue,C004,Demo Customer Dawn,D01,Demo Sales,0,383150,1200,Demo Accounts Receivable,,,,,4335810,354,"[""20210714"",""900221""]",354-C,cor:monetaryAmount,2021-07
19,2,900221,Debit,2021-07-14,Synthetic demo credit sale 900221,1200,Demo Accounts Receivable,C004,Demo Customer Dawn,D01,Demo Sales,383150,0,4020,Demo Other Operating Revenue,,,,,10675120,354,"[""20210714"",""900221""]",354-D,cor:monetaryAmount,2021-07
20,1,900195,Credit,2021-07-15,Synthetic demo purchase on account 900195,2000,Demo Accounts Payable,V006,Demo Vendor Prairie,D04,Demo Logistics,0,106450,5000,Demo Purchases,,,,,2719290,355,"[""20210715"",""900195""]",355-C,cor:monetaryAmount,2021-07
20,2,900195,Debit,2021-07-15,Synthetic demo purchase on account 900195,5000,Demo Purchases,V006,Demo Vendor Prairie,D04,Demo Logistics,106450,0,2000,Demo Accounts Payable,,,,,1961690,355,"[""20210715"",""900195""]",355-D,cor:monetaryAmount,2021-07
21,1,900200,Credit,2021-07-15,Synthetic demo credit sale 900200,4020,Demo Other Operating Revenue,C001,Demo Customer Aurora,D01,Demo Sales,0,269950,1200,Demo Accounts Receivable,,,,,4605760,356,"[""20210715"",""900200""]",356-C,cor:monetaryAmount,2021-07
21,2,900200,Debit,2021-07-15,Synthetic demo credit sale 900200,1200,Demo Accounts Receivable,C001,Demo Customer Aurora,D01,Demo Sales,269950,0,4020,Demo Other Operating Revenue,,,,,10945070,356,"[""20210715"",""900200""]",356-D,cor:monetaryAmount,2021-07
22,1,900204,Debit,2021-07-16,Synthetic demo mixed sales and receipt 900204,1100,Demo Central Ordinary Deposit,B001,Demo Central Bank,D01,Demo Sales,144640,0,,,,,,,10076840,357,"[""20210716"",""900204""]",357-D,cor:monetaryAmount,2021-07
22,2,900204,Debit,2021-07-16,Synthetic demo mixed sales and receipt 900204,1200,Demo Accounts Receivable,C005,Demo Customer Elm,D01,Demo Sales,56250,0,,,,,,,11001320,358,"[""20210716"",""900204""]",358-D,cor:monetaryAmount,2021-07
22,3,900204,Credit,2021-07-16,Synthetic demo mixed sales and receipt 900204,4000,Demo Product Sales,C006,Demo Customer Fjord,D01,Demo Sales,0,38160,,,,,,,8023320,359,"[""20210716"",""900204""]",359-C,cor:monetaryAmount,2021-07
22,4,900204,Credit,2021-07-16,Synthetic demo mixed sales and receipt 900204,4010,Demo Service Revenue,C007,Demo Customer Grove,D01,Demo Sales,0,162730,,,,,,,7141380,360,"[""20210716"",""900204""]",360-C,cor:monetaryAmount,2021-07
23,1,900228,Credit,2021-07-16,Synthetic demo operating expense 900228,1100,Demo Central Ordinary Deposit,B001,Demo Central Bank,D02,Demo Administration,0,71370,6140,Demo Vehicle Expense,,,,,10005470,361,"[""20210716"",""900228""]",361-C,cor:monetaryAmount,2021-07
23,2,900228,Debit,2021-07-16,Synthetic demo operating expense 900228,6140,Demo Vehicle Expense,V001,Demo Vendor Keystone,D02,Demo Administration,71370,0,1100,Demo Central Ordinary Deposit,,,,,371500,361,"[""20210716"",""900228""]",361-D,cor:monetaryAmount,2021-07
24,1,900182,Credit,2021-07-17,Synthetic demo credit sale 900182,4020,Demo Other Operating Revenue,C007,Demo Customer Grove,D01,Demo Sales,0,303390,1200,Demo Accounts Receivable,,,,,4909150,362,"[""20210717"",""900182""]",362-C,cor:monetaryAmount,2021-07
24,2,900182,Debit,2021-07-17,Synthetic demo credit sale 900182,1200,Demo Accounts Receivable,C007,Demo Customer Grove,D01,Demo Sales,303390,0,4020,Demo Other Operating Revenue,,,,,11304710,362,"[""20210717"",""900182""]",362-D,cor:monetaryAmount,2021-07
25,1,900215,Credit,2021-07-17,Synthetic demo purchase on account 900215,2000,Demo Accounts Payable,V006,Demo Vendor Prairie,D04,Demo Logistics,0,289860,5020,Demo Inventory Adjustment,,,,,3009150,363,"[""20210717"",""900215""]",363-C,cor:monetaryAmount,2021-07
25,2,900215,Debit,2021-07-17,Synthetic demo purchase on account 900215,5020,Demo Inventory Adjustment,V006,Demo Vendor Prairie,D04,Demo Logistics,289860,0,2000,Demo Accounts Payable,,,,,1830490,363,"[""20210717"",""900215""]",363-D,cor:monetaryAmount,2021-07
26,1,900233,Credit,2021-07-17,Synthetic demo customer receipt 900233,1200,Demo Accounts Receivable,C010,Demo Customer Juniper,D01,Demo Sales,0,368740,1120,Demo Harbor Ordinary Deposit,,,,,10935970,364,"[""20210717"",""900233""]",364-C,cor:monetaryAmount,2021-07
26,2,900233,Debit,2021-07-17,Synthetic demo customer receipt 900233,1120,Demo Harbor Ordinary Deposit,B003,Harbor Demo Bank,D01,Demo Sales,368740,0,1200,Demo Accounts Receivable,,,,,14630900,364,"[""20210717"",""900233""]",364-D,cor:monetaryAmount,2021-07
27,1,900180,Credit,2021-07-18,Synthetic demo credit sale 900180,4000,Demo Product Sales,C001,Demo Customer Aurora,D01,Demo Sales,0,399270,1200,Demo Accounts Receivable,,,,,8422590,365,"[""20210718"",""900180""]",365-C,cor:monetaryAmount,2021-07
27,2,900180,Debit,2021-07-18,Synthetic demo credit sale 900180,1200,Demo Accounts Receivable,C001,Demo Customer Aurora,D01,Demo Sales,399270,0,4000,Demo Product Sales,,,,,11335240,365,"[""20210718"",""900180""]",365-D,cor:monetaryAmount,2021-07
28,1,900193,Debit,2021-07-18,Synthetic demo multi-vendor settlement 900193,2000,Demo Accounts Payable,V004,Demo Vendor Nimbus,D01,Demo Sales,228590,0,,,,,,,2780560,366,"[""20210718"",""900193""]",366-D,cor:monetaryAmount,2021-07
28,2,900193,Debit,2021-07-18,Synthetic demo multi-vendor settlement 900193,2100,Demo Accrued Payables,V007,Demo Vendor Quartz,D01,Demo Sales,303020,0,,,,,,,7671030,367,"[""20210718"",""900193""]",367-D,cor:monetaryAmount,2021-07
28,3,900193,Credit,2021-07-18,Synthetic demo multi-vendor settlement 900193,1110,Demo North Current Deposit,B002,North Demo Bank,D01,Demo Sales,0,255170,,,,,,,13755310,368,"[""20210718"",""900193""]",368-C,cor:monetaryAmount,2021-07
28,4,900193,Credit,2021-07-18,Synthetic demo multi-vendor settlement 900193,1120,Demo Harbor Ordinary Deposit,B003,Harbor Demo Bank,D01,Demo Sales,0,276440,,,,,,,14354460,369,"[""20210718"",""900193""]",369-C,cor:monetaryAmount,2021-07
29,1,900197,Credit,2021-07-18,Synthetic demo financing settlement 900197,1120,Demo Harbor Ordinary Deposit,B003,Harbor Demo Bank,D06,Demo Management,0,573920,,,,,,,13780540,370,"[""20210718"",""900197""]",370-C,cor:monetaryAmount,2021-07
29,2,900197,Debit,2021-07-18,Synthetic demo financing settlement 900197,2200,Demo Short-term Loans,,,D06,Demo Management,246780,0,1120,Demo Harbor Ordinary Deposit,,,,,5302340,370,"[""20210718"",""900197""]",370-D,cor:monetaryAmount,2021-07
29,3,900197,Debit,2021-07-18,Synthetic demo financing settlement 900197,6070,Demo Bank Fees,B003,Harbor Demo Bank,D06,Demo Management,126260,0,1120,Demo Harbor Ordinary Deposit,,,,,615070,371,"[""20210718"",""900197""]",371-D,cor:monetaryAmount,2021-07
29,4,900197,Debit,2021-07-18,Synthetic demo financing settlement 900197,7000,Demo Taxes and Dues,,,D06,Demo Management,200880,0,1120,Demo Harbor Ordinary Deposit,,,,,1836420,372,"[""20210718"",""900197""]",372-D,cor:monetaryAmount,2021-07
30,1,900206,Credit,2021-07-18,Synthetic demo financing settlement 900206,1120,Demo Harbor Ordinary Deposit,B003,Harbor Demo Bank,D06,Demo Management,0,248100,,,,,,,13532440,373,"[""20210718"",""900206""]",373-C,cor:monetaryAmount,2021-07
30,2,900206,Debit,2021-07-18,Synthetic demo financing settlement 900206,2200,Demo Short-term Loans,,,D06,Demo Management,181110,0,1120,Demo Harbor Ordinary Deposit,,,,,5121230,373,"[""20210718"",""900206""]",373-D,cor:monetaryAmount,2021-07
30,3,900206,Debit,2021-07-18,Synthetic demo financing settlement 900206,6070,Demo Bank Fees,B003,Harbor Demo Bank,D06,Demo Management,7440,0,1120,Demo Harbor Ordinary Deposit,,,,,622510,374,"[""20210718"",""900206""]",374-D,cor:monetaryAmount,2021-07
30,4,900206,Debit,2021-07-18,Synthetic demo financing settlement 900206,7000,Demo Taxes and Dues,,,D06,Demo Management,59550,0,1120,Demo Harbor Ordinary Deposit,,,,,1895970,375,"[""20210718"",""900206""]",375-D,cor:monetaryAmount,2021-07
31,1,900209,Credit,2021-07-19,Synthetic demo prepaid service 900209,1120,Demo Harbor Ordinary Deposit,B003,Harbor Demo Bank,D05,Demo Digital Services,0,132930,1400,Demo Prepaid Expenses,,,,,13399510,376,"[""20210719"",""900209""]",376-C,cor:monetaryAmount,2021-07
31,2,900209,Debit,2021-07-19,Synthetic demo prepaid service 900209,1400,Demo Prepaid Expenses,S006,Demo Insurance Services,D05,Demo Digital Services,132930,0,1120,Demo Harbor Ordinary Deposit,,,,,1923690,376,"[""20210719"",""900209""]",376-D,cor:monetaryAmount,2021-07
32,1,900210,Debit,2021-07-19,Synthetic demo mixed sales and receipt 900210,1100,Demo Central Ordinary Deposit,B001,Demo Central Bank,D01,Demo Sales,271330,0,,,,,,,10276800,377,"[""20210719"",""900210""]",377-D,cor:monetaryAmount,2021-07
32,2,900210,Debit,2021-07-19,Synthetic demo mixed sales and receipt 900210,1200,Demo Accounts Receivable,C001,Demo Customer Aurora,D01,Demo Sales,240630,0,,,,,,,11575870,378,"[""20210719"",""900210""]",378-D,cor:monetaryAmount,2021-07
32,3,900210,Credit,2021-07-19,Synthetic demo mixed sales and receipt 900210,4000,Demo Product Sales,C002,Demo Customer Birch,D01,Demo Sales,0,225260,,,,,,,8647850,379,"[""20210719"",""900210""]",379-C,cor:monetaryAmount,2021-07
32,4,900210,Credit,2021-07-19,Synthetic demo mixed sales and receipt 900210,4010,Demo Service Revenue,C003,Demo Customer Cobalt,D01,Demo Sales,0,286700,,,,,,,7428080,380,"[""20210719"",""900210""]",380-C,cor:monetaryAmount,2021-07
33,1,900196,Credit,2021-07-20,Synthetic demo purchase on account 900196,2000,Demo Accounts Payable,V001,Demo Vendor Keystone,D04,Demo Logistics,0,263010,5010,Demo Freight-in,,,,,3043570,381,"[""20210720"",""900196""]",381-C,cor:monetaryAmount,2021-07
33,2,900196,Debit,2021-07-20,Synthetic demo purchase on account 900196,5010,Demo Freight-in,V001,Demo Vendor Keystone,D04,Demo Logistics,263010,0,2000,Demo Accounts Payable,,,,,2097110,381,"[""20210720"",""900196""]",381-D,cor:monetaryAmount,2021-07
34,1,900198,Credit,2021-07-20,Synthetic demo operating expense 900198,1100,Demo Central Ordinary Deposit,B001,Demo Central Bank,D02,Demo Administration,0,126430,6020,Demo Office Rent,,,,,10150370,382,"[""20210720"",""900198""]",382-C,cor:monetaryAmount,2021-07
34,2,900198,Debit,2021-07-20,Synthetic demo operating expense 900198,6020,Demo Office Rent,V001,Demo Vendor Keystone,D02,Demo Administration,126430,0,1100,Demo Central Ordinary Deposit,,,,,132640,382,"[""20210720"",""900198""]",382-D,cor:monetaryAmount,2021-07
35,1,900213,Credit,2021-07-20,Synthetic demo customer receipt 900213,1200,Demo Accounts Receivable,C010,Demo Customer Juniper,D01,Demo Sales,0,170730,1100,Demo Central Ordinary Deposit,,,,,11405140,383,"[""20210720"",""900213""]",383-C,cor:monetaryAmount,2021-07
35,2,900213,Debit,2021-07-20,Synthetic demo customer receipt 900213,1100,Demo Central Ordinary Deposit,B001,Demo Central Bank,D01,Demo Sales,170730,0,1200,Demo Accounts Receivable,,,,,10321100,383,"[""20210720"",""900213""]",383-D,cor:monetaryAmount,2021-07
36,1,900224,Credit,2021-07-20,Synthetic demo customer receipt 900224,1200,Demo Accounts Receivable,C003,Demo Customer Cobalt,D01,Demo Sales,0,316120,1120,Demo Harbor Ordinary Deposit,,,,,11089020,384,"[""20210720"",""900224""]",384-C,cor:monetaryAmount,2021-07
36,2,900224,Debit,2021-07-20,Synthetic demo customer receipt 900224,1120,Demo Harbor Ordinary Deposit,B003,Harbor Demo Bank,D01,Demo Sales,316120,0,1200,Demo Accounts Receivable,,,,,13715630,384,"[""20210720"",""900224""]",384-D,cor:monetaryAmount,2021-07
37,1,900236,Credit,2021-07-20,Synthetic demo purchase on account 900236,2000,Demo Accounts Payable,V001,Demo Vendor Keystone,D04,Demo Logistics,0,58120,5020,Demo Inventory Adjustment,,,,,3101690,385,"[""20210720"",""900236""]",385-C,cor:monetaryAmount,2021-07
37,2,900236,Debit,2021-07-20,Synthetic demo purchase on account 900236,5020,Demo Inventory Adjustment,V001,Demo Vendor Keystone,D04,Demo Logistics,58120,0,2000,Demo Accounts Payable,,,,,1888610,385,"[""20210720"",""900236""]",385-D,cor:monetaryAmount,2021-07
38,1,900237,Credit,2021-07-23,Synthetic demo vendor settlement 900237,1100,Demo Central Ordinary Deposit,B001,Demo Central Bank,D04,Demo Logistics,0,84300,2000,Demo Accounts Payable,,,,,10236800,386,"[""20210723"",""900237""]",386-C,cor:monetaryAmount,2021-07
38,2,900237,Debit,2021-07-23,Synthetic demo vendor settlement 900237,2000,Demo Accounts Payable,V006,Demo Vendor Prairie,D04,Demo Logistics,84300,0,1100,Demo Central Ordinary Deposit,,,,,3017390,386,"[""20210723"",""900237""]",386-D,cor:monetaryAmount,2021-07
39,1,900183,Credit,2021-07-24,Synthetic demo customer receipt 900183,1200,Demo Accounts Receivable,C010,Demo Customer Juniper,D01,Demo Sales,0,405780,1100,Demo Central Ordinary Deposit,,,,,10683240,387,"[""20210724"",""900183""]",387-C,cor:monetaryAmount,2021-07
39,2,900183,Debit,2021-07-24,Synthetic demo customer receipt 900183,1100,Demo Central Ordinary Deposit,B001,Demo Central Bank,D01,Demo Sales,405780,0,1200,Demo Accounts Receivable,,,,,10642580,387,"[""20210724"",""900183""]",387-D,cor:monetaryAmount,2021-07
40,1,900187,Debit,2021-07-24,Synthetic demo multi-vendor settlement 900187,2000,Demo Accounts Payable,V008,Demo Vendor Rivulet,D01,Demo Sales,92020,0,,,,,,,2925370,388,"[""20210724"",""900187""]",388-D,cor:monetaryAmount,2021-07
40,2,900187,Debit,2021-07-24,Synthetic demo multi-vendor settlement 900187,2100,Demo Accrued Payables,V001,Demo Vendor Keystone,D01,Demo Sales,132420,0,,,,,,,7538610,389,"[""20210724"",""900187""]",389-D,cor:monetaryAmount,2021-07
40,3,900187,Credit,2021-07-24,Synthetic demo multi-vendor settlement 900187,1110,Demo North Current Deposit,B002,North Demo Bank,D01,Demo Sales,0,107730,,,,,,,13647580,390,"[""20210724"",""900187""]",390-C,cor:monetaryAmount,2021-07
40,4,900187,Credit,2021-07-24,Synthetic demo multi-vendor settlement 900187,1120,Demo Harbor Ordinary Deposit,B003,Harbor Demo Bank,D01,Demo Sales,0,116710,,,,,,,13598920,391,"[""20210724"",""900187""]",391-C,cor:monetaryAmount,2021-07
41,1,900223,Debit,2021-07-24,Synthetic demo multi-vendor settlement 900223,2000,Demo Accounts Payable,V004,Demo Vendor Nimbus,D01,Demo Sales,243940,0,,,,,,,2681430,392,"[""20210724"",""900223""]",392-D,cor:monetaryAmount,2021-07
41,2,900223,Debit,2021-07-24,Synthetic demo multi-vendor settlement 900223,2100,Demo Accrued Payables,V007,Demo Vendor Quartz,D01,Demo Sales,298170,0,,,,,,,7240440,393,"[""20210724"",""900223""]",393-D,cor:monetaryAmount,2021-07
41,3,900223,Credit,2021-07-24,Synthetic demo multi-vendor settlement 900223,1110,Demo North Current Deposit,B002,North Demo Bank,D01,Demo Sales,0,119260,,,,,,,13528320,394,"[""20210724"",""900223""]",394-C,cor:monetaryAmount,2021-07
41,4,900223,Credit,2021-07-24,Synthetic demo multi-vendor settlement 900223,1120,Demo Harbor Ordinary Deposit,B003,Harbor Demo Bank,D01,Demo Sales,0,422850,,,,,,,13176070,395,"[""20210724"",""900223""]",395-C,cor:monetaryAmount,2021-07
42,1,900179,Credit,2021-07-25,Synthetic demo prepaid service 900179,1120,Demo Harbor Ordinary Deposit,B003,Harbor Demo Bank,D05,Demo Digital Services,0,150410,1400,Demo Prepaid Expenses,,,,,13025660,396,"[""20210725"",""900179""]",396-C,cor:monetaryAmount,2021-07
42,2,900179,Debit,2021-07-25,Synthetic demo prepaid service 900179,1400,Demo Prepaid Expenses,S006,Demo Insurance Services,D05,Demo Digital Services,150410,0,1120,Demo Harbor Ordinary Deposit,,,,,2074100,396,"[""20210725"",""900179""]",396-D,cor:monetaryAmount,2021-07
43,1,900214,Credit,2021-07-25,Synthetic demo customer receipt 900214,1200,Demo Accounts Receivable,C003,Demo Customer Cobalt,D01,Demo Sales,0,214710,1110,Demo North Current Deposit,,,,,10468530,397,"[""20210725"",""900214""]",397-C,cor:monetaryAmount,2021-07
43,2,900214,Debit,2021-07-25,Synthetic demo customer receipt 900214,1110,Demo North Current Deposit,B002,North Demo Bank,D01,Demo Sales,214710,0,1200,Demo Accounts Receivable,,,,,13743030,397,"[""20210725"",""900214""]",397-D,cor:monetaryAmount,2021-07
44,1,900203,Credit,2021-07-26,Synthetic demo customer receipt 900203,1200,Demo Accounts Receivable,C010,Demo Customer Juniper,D01,Demo Sales,0,411010,1120,Demo Harbor Ordinary Deposit,,,,,10057520,398,"[""20210726"",""900203""]",398-C,cor:monetaryAmount,2021-07
44,2,900203,Debit,2021-07-26,Synthetic demo customer receipt 900203,1120,Demo Harbor Ordinary Deposit,B003,Harbor Demo Bank,D01,Demo Sales,411010,0,1200,Demo Accounts Receivable,,,,,13436670,398,"[""20210726"",""900203""]",398-D,cor:monetaryAmount,2021-07
45,1,900230,Credit,2021-07-26,Synthetic demo credit sale 900230,4020,Demo Other Operating Revenue,C001,Demo Customer Aurora,D01,Demo Sales,0,233380,1200,Demo Accounts Receivable,,,,,5142530,399,"[""20210726"",""900230""]",399-C,cor:monetaryAmount,2021-07
45,2,900230,Debit,2021-07-26,Synthetic demo credit sale 900230,1200,Demo Accounts Receivable,C001,Demo Customer Aurora,D01,Demo Sales,233380,0,4020,Demo Other Operating Revenue,,,,,10290900,399,"[""20210726"",""900230""]",399-D,cor:monetaryAmount,2021-07
46,1,900191,Credit,2021-07-28,Synthetic demo financing settlement 900191,1120,Demo Harbor Ordinary Deposit,B003,Harbor Demo Bank,D06,Demo Management,0,474420,,,,,,,12962250,400,"[""20210728"",""900191""]",400-C,cor:monetaryAmount,2021-07
46,2,900191,Debit,2021-07-28,Synthetic demo financing settlement 900191,2200,Demo Short-term Loans,,,D06,Demo Management,284650,0,1120,Demo Harbor Ordinary Deposit,,,,,4836580,400,"[""20210728"",""900191""]",400-D,cor:monetaryAmount,2021-07
46,3,900191,Debit,2021-07-28,Synthetic demo financing settlement 900191,6070,Demo Bank Fees,B003,Harbor Demo Bank,D06,Demo Management,14230,0,1120,Demo Harbor Ordinary Deposit,,,,,636740,401,"[""20210728"",""900191""]",401-D,cor:monetaryAmount,2021-07
46,4,900191,Debit,2021-07-28,Synthetic demo financing settlement 900191,7000,Demo Taxes and Dues,,,D06,Demo Management,175540,0,1120,Demo Harbor Ordinary Deposit,,,,,2071510,402,"[""20210728"",""900191""]",402-D,cor:monetaryAmount,2021-07
47,1,900216,Debit,2021-07-28,Synthetic demo mixed sales and receipt 900216,1100,Demo Central Ordinary Deposit,B001,Demo Central Bank,D01,Demo Sales,125450,0,,,,,,,10768030,403,"[""20210728"",""900216""]",403-D,cor:monetaryAmount,2021-07
47,2,900216,Debit,2021-07-28,Synthetic demo mixed sales and receipt 900216,1200,Demo Accounts Receivable,C007,Demo Customer Grove,D01,Demo Sales,420010,0,,,,,,,10710910,404,"[""20210728"",""900216""]",404-D,cor:monetaryAmount,2021-07
47,3,900216,Credit,2021-07-28,Synthetic demo mixed sales and receipt 900216,4000,Demo Product Sales,C008,Demo Customer Halo,D01,Demo Sales,0,387270,,,,,,,9035120,405,"[""20210728"",""900216""]",405-C,cor:monetaryAmount,2021-07
47,4,900216,Credit,2021-07-28,Synthetic demo mixed sales and receipt 900216,4010,Demo Service Revenue,C009,Demo Customer Indigo,D01,Demo Sales,0,158190,,,,,,,7586270,406,"[""20210728"",""900216""]",406-C,cor:monetaryAmount,2021-07
48,1,900220,Credit,2021-07-28,Synthetic demo credit sale 900220,4010,Demo Service Revenue,C001,Demo Customer Aurora,D01,Demo Sales,0,458600,1200,Demo Accounts Receivable,,,,,8044870,407,"[""20210728"",""900220""]",407-C,cor:monetaryAmount,2021-07
48,2,900220,Debit,2021-07-28,Synthetic demo credit sale 900220,1200,Demo Accounts Receivable,C001,Demo Customer Aurora,D01,Demo Sales,458600,0,4010,Demo Service Revenue,,,,,11169510,407,"[""20210728"",""900220""]",407-D,cor:monetaryAmount,2021-07
49,1,900222,Credit,2021-07-28,Synthetic demo credit sale 900222,4000,Demo Product Sales,C007,Demo Customer Grove,D01,Demo Sales,0,597180,1200,Demo Accounts Receivable,,,,,9632300,408,"[""20210728"",""900222""]",408-C,cor:monetaryAmount,2021-07
49,2,900222,Debit,2021-07-28,Synthetic demo credit sale 900222,1200,Demo Accounts Receivable,C007,Demo Customer Grove,D01,Demo Sales,597180,0,4000,Demo Product Sales,,,,,11766690,408,"[""20210728"",""900222""]",408-D,cor:monetaryAmount,2021-07
50,1,900227,Credit,2021-07-28,Synthetic demo vendor settlement 900227,1120,Demo Harbor Ordinary Deposit,B003,Harbor Demo Bank,D04,Demo Logistics,0,336990,2000,Demo Accounts Payable,,,,,12625260,409,"[""20210728"",""900227""]",409-C,cor:monetaryAmount,2021-07
50,2,900227,Debit,2021-07-28,Synthetic demo vendor settlement 900227,2000,Demo Accounts Payable,V006,Demo Vendor Prairie,D04,Demo Logistics,336990,0,1120,Demo Harbor Ordinary Deposit,,,,,2344440,409,"[""20210728"",""900227""]",409-D,cor:monetaryAmount,2021-07
51,1,900202,Credit,2021-07-29,Synthetic demo credit sale 900202,4010,Demo Service Revenue,C007,Demo Customer Grove,D01,Demo Sales,0,317450,1200,Demo Accounts Receivable,,,,,8362320,410,"[""20210729"",""900202""]",410-C,cor:monetaryAmount,2021-07
51,2,900202,Debit,2021-07-29,Synthetic demo credit sale 900202,1200,Demo Accounts Receivable,C007,Demo Customer Grove,D01,Demo Sales,317450,0,4010,Demo Service Revenue,,,,,12084140,410,"[""20210729"",""900202""]",410-D,cor:monetaryAmount,2021-07
52,1,900205,Credit,2021-07-29,Synthetic demo purchase on account 900205,2000,Demo Accounts Payable,V006,Demo Vendor Prairie,D04,Demo Logistics,0,62220,5010,Demo Freight-in,,,,,2406660,411,"[""20210729"",""900205""]",411-C,cor:monetaryAmount,2021-07
52,2,900205,Debit,2021-07-29,Synthetic demo purchase on account 900205,5010,Demo Freight-in,V006,Demo Vendor Prairie,D04,Demo Logistics,62220,0,2000,Demo Accounts Payable,,,,,2159330,411,"[""20210729"",""900205""]",411-D,cor:monetaryAmount,2021-07
53,1,900207,Credit,2021-07-29,Synthetic demo vendor settlement 900207,1100,Demo Central Ordinary Deposit,B001,Demo Central Bank,D04,Demo Logistics,0,142340,2000,Demo Accounts Payable,,,,,10625690,412,"[""20210729"",""900207""]",412-C,cor:monetaryAmount,2021-07
53,2,900207,Debit,2021-07-29,Synthetic demo vendor settlement 900207,2000,Demo Accounts Payable,V006,Demo Vendor Prairie,D04,Demo Logistics,142340,0,1100,Demo Central Ordinary Deposit,,,,,2264320,412,"[""20210729"",""900207""]",412-D,cor:monetaryAmount,2021-07
54,1,900219,Credit,2021-07-30,Synthetic demo monthly payroll bundle 900219,1100,Demo Central Ordinary Deposit,B001,Demo Central Bank,D02,Demo Administration,0,509620,,,,,,,10116070,413,"[""20210730"",""900219""]",413-C,cor:monetaryAmount,2021-07
54,2,900219,Debit,2021-07-30,Synthetic demo monthly payroll bundle 900219,6000,Demo Salaries,,,D02,Demo Administration,214040,0,1100,Demo Central Ordinary Deposit,,,,,2609770,413,"[""20210730"",""900219""]",413-D,cor:monetaryAmount,2021-07
54,3,900219,Debit,2021-07-30,Synthetic demo monthly payroll bundle 900219,6010,Demo Statutory Welfare,,,D02,Demo Administration,117210,0,1100,Demo Central Ordinary Deposit,,,,,1164990,414,"[""20210730"",""900219""]",414-D,cor:monetaryAmount,2021-07
54,4,900219,Debit,2021-07-30,Synthetic demo monthly payroll bundle 900219,2110,Demo Payroll Withholding,,,D02,Demo Administration,178370,0,1100,Demo Central Ordinary Deposit,,,,,4134760,415,"[""20210730"",""900219""]",415-D,cor:monetaryAmount,2021-07
55,1,900232,Credit,2021-07-30,Synthetic demo operating cost bundle 900232,1110,Demo North Current Deposit,B002,North Demo Bank,D03,Demo Operations,0,445020,,,,,,,13298010,416,"[""20210730"",""900232""]",416-C,cor:monetaryAmount,2021-07
55,2,900232,Debit,2021-07-30,Synthetic demo operating cost bundle 900232,6030,Demo Utilities,S002,Demo Energy Services,D03,Demo Operations,244760,0,1110,Demo North Current Deposit,,,,,2407940,416,"[""20210730"",""900232""]",416-D,cor:monetaryAmount,2021-07
55,3,900232,Debit,2021-07-30,Synthetic demo operating cost bundle 900232,6040,Demo Communication,S003,Demo Network Services,D03,Demo Operations,80100,0,1110,Demo North Current Deposit,,,,,1390910,417,"[""20210730"",""900232""]",417-D,cor:monetaryAmount,2021-07
55,4,900232,Debit,2021-07-30,Synthetic demo operating cost bundle 900232,6060,Demo Office Supplies,V003,Demo Vendor Mosaic,D03,Demo Operations,120160,0,1110,Demo North Current Deposit,,,,,2695730,418,"[""20210730"",""900232""]",418-D,cor:monetaryAmount,2021-07
56,1,900185,Credit,2021-07-31,Synthetic demo purchase on account 900185,2000,Demo Accounts Payable,V006,Demo Vendor Prairie,D04,Demo Logistics,0,252490,5020,Demo Inventory Adjustment,,,,,2516810,419,"[""20210731"",""900185""]",419-C,cor:monetaryAmount,2021-07
56,2,900185,Debit,2021-07-31,Synthetic demo purchase on account 900185,5020,Demo Inventory Adjustment,V006,Demo Vendor Prairie,D04,Demo Logistics,252490,0,2000,Demo Accounts Payable,,,,,2141100,419,"[""20210731"",""900185""]",419-D,cor:monetaryAmount,2021-07
57,1,900208,Credit,2021-07-31,Synthetic demo operating expense 900208,1110,Demo North Current Deposit,B002,North Demo Bank,D03,Demo Operations,0,124060,6120,Demo Professional Fees,,,,,13173950,420,"[""20210731"",""900208""]",420-C,cor:monetaryAmount,2021-07
57,2,900208,Debit,2021-07-31,Synthetic demo operating expense 900208,6120,Demo Professional Fees,V001,Demo Vendor Keystone,D03,Demo Operations,124060,0,1110,Demo North Current Deposit,,,,,124060,420,"[""20210731"",""900208""]",420-D,cor:monetaryAmount,2021-07
58,1,900217,Credit,2021-07-31,Synthetic demo vendor settlement 900217,1110,Demo North Current Deposit,B002,North Demo Bank,D04,Demo Logistics,0,99660,2000,Demo Accounts Payable,,,,,13074290,421,"[""20210731"",""900217""]",421-C,cor:monetaryAmount,2021-07
58,2,900217,Debit,2021-07-31,Synthetic demo vendor settlement 900217,2000,Demo Accounts Payable,V006,Demo Vendor Prairie,D04,Demo Logistics,99660,0,1110,Demo North Current Deposit,,,,,2417150,421,"[""20210731"",""900217""]",421-D,cor:monetaryAmount,2021-07
59,1,900229,Debit,2021-07-31,Synthetic demo multi-vendor settlement 900229,2000,Demo Accounts Payable,V010,Demo Vendor Tandem,D01,Demo Sales,469810,0,,,,,,,1947340,422,"[""20210731"",""900229""]",422-D,cor:monetaryAmount,2021-07
59,2,900229,Debit,2021-07-31,Synthetic demo multi-vendor settlement 900229,2100,Demo Accrued Payables,V003,Demo Vendor Mosaic,D01,Demo Sales,287950,0,,,,,,,6952490,423,"[""20210731"",""900229""]",423-D,cor:monetaryAmount,2021-07
59,3,900229,Credit,2021-07-31,Synthetic demo multi-vendor settlement 900229,1110,Demo North Current Deposit,B002,North Demo Bank,D01,Demo Sales,0,409190,,,,,,,12665100,424,"[""20210731"",""900229""]",424-C,cor:monetaryAmount,2021-07
59,4,900229,Credit,2021-07-31,Synthetic demo multi-vendor settlement 900229,1120,Demo Harbor Ordinary Deposit,B003,Harbor Demo Bank,D01,Demo Sales,0,348570,,,,,,,12276690,425,"[""20210731"",""900229""]",425-C,cor:monetaryAmount,2021-07
,,,Opening,2021-08-01,* Opening balance,1000,Demo Cash,,,,,0,0,,,,,,,600000,,,,,2021-08
,,,Opening,2021-08-01,* Opening balance,1010,Demo Petty Cash,,,,,0,0,,,,,,,120000,,,,,2021-08
,,,Opening,2021-08-01,* Opening balance,1100,Demo Central Ordinary Deposit,,,,,0,0,,,,,,,10116070,,,,,2021-08
,,,Opening,2021-08-01,* Opening balance,1110,Demo North Current Deposit,,,,,0,0,,,,,,,12665100,,,,,2021-08
,,,Opening,2021-08-01,* Opening balance,1120,Demo Harbor Ordinary Deposit,,,,,0,0,,,,,,,12276690,,,,,2021-08
,,,Opening,2021-08-01,* Opening balance,1200,Demo Accounts Receivable,,,,,0,0,,,,,,,12084140,,,,,2021-08
,,,Opening,2021-08-01,* Opening balance,1210,Demo Notes Receivable,,,,,0,0,,,,,,,800000,,,,,2021-08
,,,Opening,2021-08-01,* Opening balance,1300,Demo Inventory,,,,,0,0,,,,,,,1200000,,,,,2021-08
,,,Opening,2021-08-01,* Opening balance,1400,Demo Prepaid Expenses,,,,,0,0,,,,,,,2074100,,,,,2021-08
,,,Opening,2021-08-01,* Opening balance,1410,Demo Advances Paid,,,,,0,0,,,,,,,250000,,,,,2021-08
,,,Opening,2021-08-01,* Opening balance,1420,Demo Temporary Payments,,,,,0,0,,,,,,,150000,,,,,2021-08
,,,Opening,2021-08-01,* Opening balance,1430,Demo Input Tax Receivable,,,,,0,0,,,,,,,400000,,,,,2021-08
,,,Opening,2021-08-01,* Opening balance,1500,Demo Equipment,,,,,0,0,,,,,,,2000000,,,,,2021-08
,,,Opening,2021-08-01,* Opening balance,1510,Demo Vehicles,,,,,0,0,,,,,,,1200000,,,,,2021-08
,,,Opening,2021-08-01,* Opening balance,1520,Demo Software,,,,,0,0,,,,,,,700000,,,,,2021-08
,,,Opening,2021-08-01,* Opening balance,1590,Demo Accumulated Depreciation,,,,,0,0,,,,,,,900000,,,,,2021-08
,,,Opening,2021-08-01,* Opening balance,2000,Demo Accounts Payable,,,,,0,0,,,,,,,1947340,,,,,2021-08
,,,Opening,2021-08-01,* Opening balance,2010,Demo Notes Payable,,,,,0,0,,,,,,,600000,,,,,2021-08
,,,Opening,2021-08-01,* Opening balance,2100,Demo Accrued Payables,,,,,0,0,,,,,,,6952490,,,,,2021-08
,,,Opening,2021-08-01,* Opening balance,2110,Demo Payroll Withholding,,,,,0,0,,,,,,,4134760,,,,,2021-08
,,,Opening,2021-08-01,* Opening balance,2120,Demo Output Tax Payable,,,,,0,0,,,,,,,450000,,,,,2021-08
,,,Opening,2021-08-01,* Opening balance,2130,Demo Temporary Receipts,,,,,0,0,,,,,,,120000,,,,,2021-08
,,,Opening,2021-08-01,* Opening balance,2200,Demo Short-term Loans,,,,,0,0,,,,,,,4836580,,,,,2021-08
,,,Opening,2021-08-01,* Opening balance,2300,Demo Long-term Loans,,,,,0,0,,,,,,,2500000,,,,,2021-08
,,,Opening,2021-08-01,* Opening balance,2400,Demo Unearned Revenue,,,,,0,0,,,,,,,350000,,,,,2021-08
,,,Opening,2021-08-01,* Opening balance,3000,Demo Capital,,,,,0,0,,,,,,,5000000,,,,,2021-08
,,,Opening,2021-08-01,* Opening balance,3100,Demo Retained Earnings,,,,,0,0,,,,,,,26159010,,,,,2021-08
,,,Opening,2021-08-01,* Opening balance,4000,Demo Product Sales,,,,,0,0,,,,,,,9632300,,,,,2021-08
,,,Opening,2021-08-01,* Opening balance,4010,Demo Service Revenue,,,,,0,0,,,,,,,8362320,,,,,2021-08
,,,Opening,2021-08-01,* Opening balance,4020,Demo Other Operating Revenue,,,,,0,0,,,,,,,5142530,,,,,2021-08
,,,Opening,2021-08-01,* Opening balance,4030,Demo Interest Income,,,,,0,0,,,,,,,0,,,,,2021-08
,,,Opening,2021-08-01,* Opening balance,4040,Demo Miscellaneous Income,,,,,0,0,,,,,,,0,,,,,2021-08
,,,Opening,2021-08-01,* Opening balance,5000,Demo Purchases,,,,,0,0,,,,,,,1961690,,,,,2021-08
,,,Opening,2021-08-01,* Opening balance,5010,Demo Freight-in,,,,,0,0,,,,,,,2159330,,,,,2021-08
,,,Opening,2021-08-01,* Opening balance,5020,Demo Inventory Adjustment,,,,,0,0,,,,,,,2141100,,,,,2021-08
,,,Opening,2021-08-01,* Opening balance,6000,Demo Salaries,,,,,0,0,,,,,,,2609770,,,,,2021-08
,,,Opening,2021-08-01,* Opening balance,6010,Demo Statutory Welfare,,,,,0,0,,,,,,,1164990,,,,,2021-08
,,,Opening,2021-08-01,* Opening balance,6020,Demo Office Rent,,,,,0,0,,,,,,,132640,,,,,2021-08
,,,Opening,2021-08-01,* Opening balance,6030,Demo Utilities,,,,,0,0,,,,,,,2407940,,,,,2021-08
,,,Opening,2021-08-01,* Opening balance,6040,Demo Communication,,,,,0,0,,,,,,,1390910,,,,,2021-08
,,,Opening,2021-08-01,* Opening balance,6050,Demo Business Travel,,,,,0,0,,,,,,,0,,,,,2021-08
,,,Opening,2021-08-01,* Opening balance,6060,Demo Office Supplies,,,,,0,0,,,,,,,2695730,,,,,2021-08
,,,Opening,2021-08-01,* Opening balance,6070,Demo Bank Fees,,,,,0,0,,,,,,,636740,,,,,2021-08
,,,Opening,2021-08-01,* Opening balance,6080,Demo Advertising,,,,,0,0,,,,,,,146860,,,,,2021-08
,,,Opening,2021-08-01,* Opening balance,6090,Demo Insurance,,,,,0,0,,,,,,,0,,,,,2021-08
,,,Opening,2021-08-01,* Opening balance,6100,Demo Repairs,,,,,0,0,,,,,,,316630,,,,,2021-08
,,,Opening,2021-08-01,* Opening balance,6110,Demo Depreciation Expense,,,,,0,0,,,,,,,0,,,,,2021-08
,,,Opening,2021-08-01,* Opening balance,6120,Demo Professional Fees,,,,,0,0,,,,,,,124060,,,,,2021-08
,,,Opening,2021-08-01,* Opening balance,6130,Demo Training,,,,,0,0,,,,,,,0,,,,,2021-08
,,,Opening,2021-08-01,* Opening balance,6140,Demo Vehicle Expense,,,,,0,0,,,,,,,371500,,,,,2021-08
,,,Opening,2021-08-01,* Opening balance,6150,Demo Software Subscription,,,,,0,0,,,,,,,0,,,,,2021-08
,,,Opening,2021-08-01,* Opening balance,6160,Demo Shipping,,,,,0,0,,,,,,,119830,,,,,2021-08
,,,Opening,2021-08-01,* Opening balance,6170,Demo Miscellaneous Expense,,,,,0,0,,,,,,,0,,,,,2021-08
,,,Opening,2021-08-01,* Opening balance,7000,Demo Taxes and Dues,,,,,0,0,,,,,,,2071510,,,,,2021-08
,,,Opening,2021-08-01,* Opening balance,7010,Demo Corporate Tax,,,,,0,0,,,,,,,0,,,,,2021-08
,,,Opening,2021-08-01,* Opening balance,7020,Demo Consumption Tax Expense,,,,,0,0,,,,,,,0,,,,,2021-08
,,,Opening,2021-08-01,* Opening balance,8000,Demo Suspense,,,,,0,0,,,,,,,50000,,,,,2021-08
,,,Opening,2021-08-01,* Opening balance,8010,Demo Clearing,,,,,0,0,,,,,,,50000,,,,,2021-08
1,1,900274,Credit,2021-08-01,Synthetic demo customer receipt 900274,1200,Demo Accounts Receivable,C003,Demo Customer Cobalt,D01,Demo Sales,0,417370,1110,Demo North Current Deposit,,,,,11666770,426,"[""20210801"",""900274""]",426-C,cor:monetaryAmount,2021-08
1,2,900274,Debit,2021-08-01,Synthetic demo customer receipt 900274,1110,Demo North Current Deposit,B002,North Demo Bank,D01,Demo Sales,417370,0,1200,Demo Accounts Receivable,,,,,13082470,426,"[""20210801"",""900274""]",426-D,cor:monetaryAmount,2021-08
2,1,900241,Debit,2021-08-02,Synthetic demo multi-vendor settlement 900241,2000,Demo Accounts Payable,V002,Demo Vendor Lattice,D01,Demo Sales,90560,0,,,,,,,1856780,427,"[""20210802"",""900241""]",427-D,cor:monetaryAmount,2021-08
2,2,900241,Debit,2021-08-02,Synthetic demo multi-vendor settlement 900241,2100,Demo Accrued Payables,V005,Demo Vendor Orchid,D01,Demo Sales,102140,0,,,,,,,6850350,428,"[""20210802"",""900241""]",428-D,cor:monetaryAmount,2021-08
2,3,900241,Credit,2021-08-02,Synthetic demo multi-vendor settlement 900241,1110,Demo North Current Deposit,B002,North Demo Bank,D01,Demo Sales,0,131030,,,,,,,12951440,429,"[""20210802"",""900241""]",429-C,cor:monetaryAmount,2021-08
2,4,900241,Credit,2021-08-02,Synthetic demo multi-vendor settlement 900241,1120,Demo Harbor Ordinary Deposit,B003,Harbor Demo Bank,D01,Demo Sales,0,61670,,,,,,,12215020,430,"[""20210802"",""900241""]",430-C,cor:monetaryAmount,2021-08
3,1,900250,Credit,2021-08-02,Synthetic demo credit sale 900250,4010,Demo Service Revenue,C001,Demo Customer Aurora,D01,Demo Sales,0,366950,1200,Demo Accounts Receivable,,,,,8729270,431,"[""20210802"",""900250""]",431-C,cor:monetaryAmount,2021-08
3,2,900250,Debit,2021-08-02,Synthetic demo credit sale 900250,1200,Demo Accounts Receivable,C001,Demo Customer Aurora,D01,Demo Sales,366950,0,4010,Demo Service Revenue,,,,,12033720,431,"[""20210802"",""900250""]",431-D,cor:monetaryAmount,2021-08
4,1,900252,Credit,2021-08-02,Synthetic demo credit sale 900252,4000,Demo Product Sales,C007,Demo Customer Grove,D01,Demo Sales,0,583320,1200,Demo Accounts Receivable,,,,,10215620,432,"[""20210802"",""900252""]",432-C,cor:monetaryAmount,2021-08
4,2,900252,Debit,2021-08-02,Synthetic demo credit sale 900252,1200,Demo Accounts Receivable,C007,Demo Customer Grove,D01,Demo Sales,583320,0,4000,Demo Product Sales,,,,,12617040,432,"[""20210802"",""900252""]",432-D,cor:monetaryAmount,2021-08
5,1,900269,Credit,2021-08-02,Synthetic demo prepaid service 900269,1120,Demo Harbor Ordinary Deposit,B003,Harbor Demo Bank,D05,Demo Digital Services,0,192880,1400,Demo Prepaid Expenses,,,,,12022140,433,"[""20210802"",""900269""]",433-C,cor:monetaryAmount,2021-08
5,2,900269,Debit,2021-08-02,Synthetic demo prepaid service 900269,1400,Demo Prepaid Expenses,S006,Demo Insurance Services,D05,Demo Digital Services,192880,0,1120,Demo Harbor Ordinary Deposit,,,,,2266980,433,"[""20210802"",""900269""]",433-D,cor:monetaryAmount,2021-08
6,1,900240,Credit,2021-08-04,Synthetic demo credit sale 900240,4000,Demo Product Sales,C001,Demo Customer Aurora,D01,Demo Sales,0,378250,1200,Demo Accounts Receivable,,,,,10593870,434,"[""20210804"",""900240""]",434-C,cor:monetaryAmount,2021-08
6,2,900240,Debit,2021-08-04,Synthetic demo credit sale 900240,1200,Demo Accounts Receivable,C001,Demo Customer Aurora,D01,Demo Sales,378250,0,4000,Demo Product Sales,,,,,12995290,434,"[""20210804"",""900240""]",434-D,cor:monetaryAmount,2021-08
7,1,900257,Credit,2021-08-04,Synthetic demo financing settlement 900257,1120,Demo Harbor Ordinary Deposit,B003,Harbor Demo Bank,D06,Demo Management,0,626720,,,,,,,11395420,435,"[""20210804"",""900257""]",435-C,cor:monetaryAmount,2021-08
7,2,900257,Debit,2021-08-04,Synthetic demo financing settlement 900257,2200,Demo Short-term Loans,,,D06,Demo Management,188010,0,1120,Demo Harbor Ordinary Deposit,,,,,4648570,435,"[""20210804"",""900257""]",435-D,cor:monetaryAmount,2021-08
7,3,900257,Debit,2021-08-04,Synthetic demo financing settlement 900257,6070,Demo Bank Fees,B003,Harbor Demo Bank,D06,Demo Management,238150,0,1120,Demo Harbor Ordinary Deposit,,,,,874890,436,"[""20210804"",""900257""]",436-D,cor:monetaryAmount,2021-08
7,4,900257,Debit,2021-08-04,Synthetic demo financing settlement 900257,7000,Demo Taxes and Dues,,,D06,Demo Management,200560,0,1120,Demo Harbor Ordinary Deposit,,,,,2272070,437,"[""20210804"",""900257""]",437-D,cor:monetaryAmount,2021-08
8,1,900259,Credit,2021-08-04,Synthetic demo prepaid service 900259,1110,Demo North Current Deposit,B002,North Demo Bank,D05,Demo Digital Services,0,139150,1400,Demo Prepaid Expenses,,,,,12812290,438,"[""20210804"",""900259""]",438-C,cor:monetaryAmount,2021-08
8,2,900259,Debit,2021-08-04,Synthetic demo prepaid service 900259,1400,Demo Prepaid Expenses,S002,Demo Energy Services,D05,Demo Digital Services,139150,0,1110,Demo North Current Deposit,,,,,2406130,438,"[""20210804"",""900259""]",438-D,cor:monetaryAmount,2021-08
9,1,900277,Credit,2021-08-04,Synthetic demo vendor settlement 900277,1110,Demo North Current Deposit,B002,North Demo Bank,D04,Demo Logistics,0,34910,2000,Demo Accounts Payable,,,,,12777380,439,"[""20210804"",""900277""]",439-C,cor:monetaryAmount,2021-08
9,2,900277,Debit,2021-08-04,Synthetic demo vendor settlement 900277,2000,Demo Accounts Payable,V006,Demo Vendor Prairie,D04,Demo Logistics,34910,0,1110,Demo North Current Deposit,,,,,1821870,439,"[""20210804"",""900277""]",439-D,cor:monetaryAmount,2021-08
10,1,900273,Debit,2021-08-05,Synthetic demo multi-vendor settlement 900273,2000,Demo Accounts Payable,V004,Demo Vendor Nimbus,D01,Demo Sales,184040,0,,,,,,,1637830,440,"[""20210805"",""900273""]",440-D,cor:monetaryAmount,2021-08
10,2,900273,Debit,2021-08-05,Synthetic demo multi-vendor settlement 900273,2100,Demo Accrued Payables,V007,Demo Vendor Quartz,D01,Demo Sales,40400,0,,,,,,,6809950,441,"[""20210805"",""900273""]",441-D,cor:monetaryAmount,2021-08
10,3,900273,Credit,2021-08-05,Synthetic demo multi-vendor settlement 900273,1100,Demo Central Ordinary Deposit,B001,Demo Central Bank,D01,Demo Sales,0,141390,,,,,,,9974680,442,"[""20210805"",""900273""]",442-C,cor:monetaryAmount,2021-08
10,4,900273,Credit,2021-08-05,Synthetic demo multi-vendor settlement 900273,1110,Demo North Current Deposit,B002,North Demo Bank,D01,Demo Sales,0,83050,,,,,,,12694330,443,"[""20210805"",""900273""]",443-C,cor:monetaryAmount,2021-08
11,1,900255,Credit,2021-08-06,Synthetic demo purchase on account 900255,2000,Demo Accounts Payable,V006,Demo Vendor Prairie,D04,Demo Logistics,0,149650,5000,Demo Purchases,,,,,1787480,444,"[""20210806"",""900255""]",444-C,cor:monetaryAmount,2021-08
11,2,900255,Debit,2021-08-06,Synthetic demo purchase on account 900255,5000,Demo Purchases,V006,Demo Vendor Prairie,D04,Demo Logistics,149650,0,2000,Demo Accounts Payable,,,,,2111340,444,"[""20210806"",""900255""]",444-D,cor:monetaryAmount,2021-08
12,1,900270,Credit,2021-08-06,Synthetic demo monthly payroll bundle 900270,1100,Demo Central Ordinary Deposit,B001,Demo Central Bank,D02,Demo Administration,0,569590,,,,,,,9405090,445,"[""20210806"",""900270""]",445-C,cor:monetaryAmount,2021-08
12,2,900270,Debit,2021-08-06,Synthetic demo monthly payroll bundle 900270,6000,Demo Salaries,,,D02,Demo Administration,244920,0,1100,Demo Central Ordinary Deposit,,,,,2854690,445,"[""20210806"",""900270""]",445-D,cor:monetaryAmount,2021-08
12,3,900270,Debit,2021-08-06,Synthetic demo monthly payroll bundle 900270,6010,Demo Statutory Welfare,,,D02,Demo Administration,11390,0,1100,Demo Central Ordinary Deposit,,,,,1176380,446,"[""20210806"",""900270""]",446-D,cor:monetaryAmount,2021-08
12,4,900270,Debit,2021-08-06,Synthetic demo monthly payroll bundle 900270,2110,Demo Payroll Withholding,,,D02,Demo Administration,313280,0,1100,Demo Central Ordinary Deposit,,,,,3821480,447,"[""20210806"",""900270""]",447-D,cor:monetaryAmount,2021-08
13,1,900279,Credit,2021-08-07,Synthetic demo monthly payroll bundle 900279,1100,Demo Central Ordinary Deposit,B001,Demo Central Bank,D02,Demo Administration,0,700610,,,,,,,8704480,448,"[""20210807"",""900279""]",448-C,cor:monetaryAmount,2021-08
13,2,900279,Debit,2021-08-07,Synthetic demo monthly payroll bundle 900279,6000,Demo Salaries,,,D02,Demo Administration,112090,0,1100,Demo Central Ordinary Deposit,,,,,2966780,448,"[""20210807"",""900279""]",448-D,cor:monetaryAmount,2021-08
13,3,900279,Debit,2021-08-07,Synthetic demo monthly payroll bundle 900279,6010,Demo Statutory Welfare,,,D02,Demo Administration,245210,0,1100,Demo Central Ordinary Deposit,,,,,1421590,449,"[""20210807"",""900279""]",449-D,cor:monetaryAmount,2021-08
13,4,900279,Debit,2021-08-07,Synthetic demo monthly payroll bundle 900279,2110,Demo Payroll Withholding,,,D02,Demo Administration,343310,0,1100,Demo Central Ordinary Deposit,,,,,3478170,450,"[""20210807"",""900279""]",450-D,cor:monetaryAmount,2021-08
14,1,900245,Credit,2021-08-08,Synthetic demo purchase on account 900245,2000,Demo Accounts Payable,V006,Demo Vendor Prairie,D04,Demo Logistics,0,189000,5020,Demo Inventory Adjustment,,,,,1976480,451,"[""20210808"",""900245""]",451-C,cor:monetaryAmount,2021-08
14,2,900245,Debit,2021-08-08,Synthetic demo purchase on account 900245,5020,Demo Inventory Adjustment,V006,Demo Vendor Prairie,D04,Demo Logistics,189000,0,2000,Demo Accounts Payable,,,,,2330100,451,"[""20210808"",""900245""]",451-D,cor:monetaryAmount,2021-08
15,1,900264,Credit,2021-08-09,Synthetic demo monthly payroll bundle 900264,1100,Demo Central Ordinary Deposit,B001,Demo Central Bank,D02,Demo Administration,0,418120,,,,,,,8286360,452,"[""20210809"",""900264""]",452-C,cor:monetaryAmount,2021-08
15,2,900264,Debit,2021-08-09,Synthetic demo monthly payroll bundle 900264,6000,Demo Salaries,,,D02,Demo Administration,62710,0,1100,Demo Central Ordinary Deposit,,,,,3029490,452,"[""20210809"",""900264""]",452-D,cor:monetaryAmount,2021-08
15,3,900264,Debit,2021-08-09,Synthetic demo monthly payroll bundle 900264,6010,Demo Statutory Welfare,,,D02,Demo Administration,121250,0,1100,Demo Central Ordinary Deposit,,,,,1542840,453,"[""20210809"",""900264""]",453-D,cor:monetaryAmount,2021-08
15,4,900264,Debit,2021-08-09,Synthetic demo monthly payroll bundle 900264,2110,Demo Payroll Withholding,,,D02,Demo Administration,234160,0,1100,Demo Central Ordinary Deposit,,,,,3244010,454,"[""20210809"",""900264""]",454-D,cor:monetaryAmount,2021-08
16,1,900280,Credit,2021-08-09,Synthetic demo credit sale 900280,4010,Demo Service Revenue,C001,Demo Customer Aurora,D01,Demo Sales,0,532330,1200,Demo Accounts Receivable,,,,,9261600,455,"[""20210809"",""900280""]",455-C,cor:monetaryAmount,2021-08
16,2,900280,Debit,2021-08-09,Synthetic demo credit sale 900280,1200,Demo Accounts Receivable,C001,Demo Customer Aurora,D01,Demo Sales,532330,0,4010,Demo Service Revenue,,,,,13527620,455,"[""20210809"",""900280""]",455-D,cor:monetaryAmount,2021-08
17,1,900291,Credit,2021-08-11,Synthetic demo monthly payroll bundle 900291,1100,Demo Central Ordinary Deposit,B001,Demo Central Bank,D02,Demo Administration,0,197380,,,,,,,8088980,456,"[""20210811"",""900291""]",456-C,cor:monetaryAmount,2021-08
17,2,900291,Debit,2021-08-11,Synthetic demo monthly payroll bundle 900291,6000,Demo Salaries,,,D02,Demo Administration,96710,0,1100,Demo Central Ordinary Deposit,,,,,3126200,456,"[""20210811"",""900291""]",456-D,cor:monetaryAmount,2021-08
17,3,900291,Debit,2021-08-11,Synthetic demo monthly payroll bundle 900291,6010,Demo Statutory Welfare,,,D02,Demo Administration,59210,0,1100,Demo Central Ordinary Deposit,,,,,1602050,457,"[""20210811"",""900291""]",457-D,cor:monetaryAmount,2021-08
17,4,900291,Debit,2021-08-11,Synthetic demo monthly payroll bundle 900291,2110,Demo Payroll Withholding,,,D02,Demo Administration,41460,0,1100,Demo Central Ordinary Deposit,,,,,3202550,458,"[""20210811"",""900291""]",458-D,cor:monetaryAmount,2021-08
18,1,900292,Credit,2021-08-11,Synthetic demo credit sale 900292,4010,Demo Service Revenue,C007,Demo Customer Grove,D01,Demo Sales,0,282820,1200,Demo Accounts Receivable,,,,,9544420,459,"[""20210811"",""900292""]",459-C,cor:monetaryAmount,2021-08
18,2,900292,Debit,2021-08-11,Synthetic demo credit sale 900292,1200,Demo Accounts Receivable,C007,Demo Customer Grove,D01,Demo Sales,282820,0,4010,Demo Service Revenue,,,,,13810440,459,"[""20210811"",""900292""]",459-D,cor:monetaryAmount,2021-08
19,1,900249,Credit,2021-08-12,Synthetic demo prepaid service 900249,1100,Demo Central Ordinary Deposit,B001,Demo Central Bank,D05,Demo Digital Services,0,172120,1400,Demo Prepaid Expenses,,,,,7916860,460,"[""20210812"",""900249""]",460-C,cor:monetaryAmount,2021-08
19,2,900249,Debit,2021-08-12,Synthetic demo prepaid service 900249,1400,Demo Prepaid Expenses,S004,Demo Logistics Services,D05,Demo Digital Services,172120,0,1100,Demo Central Ordinary Deposit,,,,,2578250,460,"[""20210812"",""900249""]",460-D,cor:monetaryAmount,2021-08
20,1,900287,Debit,2021-08-12,Synthetic demo multi-vendor settlement 900287,2000,Demo Accounts Payable,V008,Demo Vendor Rivulet,D01,Demo Sales,262520,0,,,,,,,1713960,461,"[""20210812"",""900287""]",461-D,cor:monetaryAmount,2021-08
20,2,900287,Debit,2021-08-12,Synthetic demo multi-vendor settlement 900287,2100,Demo Accrued Payables,V001,Demo Vendor Keystone,D01,Demo Sales,447020,0,,,,,,,6362930,462,"[""20210812"",""900287""]",462-D,cor:monetaryAmount,2021-08
20,3,900287,Credit,2021-08-12,Synthetic demo multi-vendor settlement 900287,1120,Demo Harbor Ordinary Deposit,B003,Harbor Demo Bank,D01,Demo Sales,0,546340,,,,,,,10849080,463,"[""20210812"",""900287""]",463-C,cor:monetaryAmount,2021-08
20,4,900287,Credit,2021-08-12,Synthetic demo multi-vendor settlement 900287,1100,Demo Central Ordinary Deposit,B001,Demo Central Bank,D01,Demo Sales,0,163200,,,,,,,7753660,464,"[""20210812"",""900287""]",464-C,cor:monetaryAmount,2021-08
21,1,900253,Credit,2021-08-13,Synthetic demo customer receipt 900253,1200,Demo Accounts Receivable,C010,Demo Customer Juniper,D01,Demo Sales,0,179710,1110,Demo North Current Deposit,,,,,13630730,465,"[""20210813"",""900253""]",465-C,cor:monetaryAmount,2021-08
21,2,900253,Debit,2021-08-13,Synthetic demo customer receipt 900253,1110,Demo North Current Deposit,B002,North Demo Bank,D01,Demo Sales,179710,0,1200,Demo Accounts Receivable,,,,,12874040,465,"[""20210813"",""900253""]",465-D,cor:monetaryAmount,2021-08
22,1,900278,Credit,2021-08-13,Synthetic demo operating expense 900278,1120,Demo Harbor Ordinary Deposit,B003,Harbor Demo Bank,D05,Demo Digital Services,0,103020,6100,Demo Repairs,,,,,10746060,466,"[""20210813"",""900278""]",466-C,cor:monetaryAmount,2021-08
22,2,900278,Debit,2021-08-13,Synthetic demo operating expense 900278,6100,Demo Repairs,V001,Demo Vendor Keystone,D05,Demo Digital Services,103020,0,1120,Demo Harbor Ordinary Deposit,,,,,419650,466,"[""20210813"",""900278""]",466-D,cor:monetaryAmount,2021-08
23,1,900283,Credit,2021-08-13,Synthetic demo customer receipt 900283,1200,Demo Accounts Receivable,C010,Demo Customer Juniper,D01,Demo Sales,0,237520,1110,Demo North Current Deposit,,,,,13393210,467,"[""20210813"",""900283""]",467-C,cor:monetaryAmount,2021-08
23,2,900283,Debit,2021-08-13,Synthetic demo customer receipt 900283,1110,Demo North Current Deposit,B002,North Demo Bank,D01,Demo Sales,237520,0,1200,Demo Accounts Receivable,,,,,13111560,467,"[""20210813"",""900283""]",467-D,cor:monetaryAmount,2021-08
24,1,900294,Debit,2021-08-13,Synthetic demo mixed sales and receipt 900294,1100,Demo Central Ordinary Deposit,B001,Demo Central Bank,D01,Demo Sales,555460,0,,,,,,,8309120,468,"[""20210813"",""900294""]",468-D,cor:monetaryAmount,2021-08
24,2,900294,Debit,2021-08-13,Synthetic demo mixed sales and receipt 900294,1200,Demo Accounts Receivable,C005,Demo Customer Elm,D01,Demo Sales,130300,0,,,,,,,13523510,469,"[""20210813"",""900294""]",469-D,cor:monetaryAmount,2021-08
24,3,900294,Credit,2021-08-13,Synthetic demo mixed sales and receipt 900294,4000,Demo Product Sales,C006,Demo Customer Fjord,D01,Demo Sales,0,205720,,,,,,,10799590,470,"[""20210813"",""900294""]",470-C,cor:monetaryAmount,2021-08
24,4,900294,Credit,2021-08-13,Synthetic demo mixed sales and receipt 900294,4010,Demo Service Revenue,C007,Demo Customer Grove,D01,Demo Sales,0,480040,,,,,,,10024460,471,"[""20210813"",""900294""]",471-C,cor:monetaryAmount,2021-08
25,1,900272,Credit,2021-08-14,Synthetic demo credit sale 900272,4020,Demo Other Operating Revenue,C007,Demo Customer Grove,D01,Demo Sales,0,284960,1200,Demo Accounts Receivable,,,,,5427490,472,"[""20210814"",""900272""]",472-C,cor:monetaryAmount,2021-08
25,2,900272,Debit,2021-08-14,Synthetic demo credit sale 900272,1200,Demo Accounts Receivable,C007,Demo Customer Grove,D01,Demo Sales,284960,0,4020,Demo Other Operating Revenue,,,,,13808470,472,"[""20210814"",""900272""]",472-D,cor:monetaryAmount,2021-08
26,1,900238,Credit,2021-08-15,Synthetic demo operating cost bundle 900238,1110,Demo North Current Deposit,B002,North Demo Bank,D03,Demo Operations,0,229780,,,,,,,12881780,473,"[""20210815"",""900238""]",473-C,cor:monetaryAmount,2021-08
26,2,900238,Debit,2021-08-15,Synthetic demo operating cost bundle 900238,6030,Demo Utilities,S002,Demo Energy Services,D03,Demo Operations,179220,0,1110,Demo North Current Deposit,,,,,2587160,473,"[""20210815"",""900238""]",473-D,cor:monetaryAmount,2021-08
26,3,900238,Debit,2021-08-15,Synthetic demo operating cost bundle 900238,6040,Demo Communication,S003,Demo Network Services,D03,Demo Operations,13780,0,1110,Demo North Current Deposit,,,,,1404690,474,"[""20210815"",""900238""]",474-D,cor:monetaryAmount,2021-08
26,4,900238,Debit,2021-08-15,Synthetic demo operating cost bundle 900238,6060,Demo Office Supplies,V009,Demo Vendor Summit,D03,Demo Operations,36780,0,1110,Demo North Current Deposit,,,,,2732510,475,"[""20210815"",""900238""]",475-D,cor:monetaryAmount,2021-08
27,1,900248,Debit,2021-08-15,Synthetic demo mixed sales and receipt 900248,1120,Demo Harbor Ordinary Deposit,B003,Harbor Demo Bank,D01,Demo Sales,393100,0,,,,,,,11139160,476,"[""20210815"",""900248""]",476-D,cor:monetaryAmount,2021-08
27,2,900248,Debit,2021-08-15,Synthetic demo mixed sales and receipt 900248,1200,Demo Accounts Receivable,C009,Demo Customer Indigo,D01,Demo Sales,104500,0,,,,,,,13912970,477,"[""20210815"",""900248""]",477-D,cor:monetaryAmount,2021-08
27,3,900248,Credit,2021-08-15,Synthetic demo mixed sales and receipt 900248,4000,Demo Product Sales,C010,Demo Customer Juniper,D01,Demo Sales,0,144300,,,,,,,10943890,478,"[""20210815"",""900248""]",478-C,cor:monetaryAmount,2021-08
27,4,900248,Credit,2021-08-15,Synthetic demo mixed sales and receipt 900248,4010,Demo Service Revenue,C001,Demo Customer Aurora,D01,Demo Sales,0,353300,,,,,,,10377760,479,"[""20210815"",""900248""]",479-C,cor:monetaryAmount,2021-08
28,1,900254,Debit,2021-08-15,Synthetic demo mixed sales and receipt 900254,1120,Demo Harbor Ordinary Deposit,B003,Harbor Demo Bank,D01,Demo Sales,343440,0,,,,,,,11482600,480,"[""20210815"",""900254""]",480-D,cor:monetaryAmount,2021-08
28,2,900254,Debit,2021-08-15,Synthetic demo mixed sales and receipt 900254,1200,Demo Accounts Receivable,C005,Demo Customer Elm,D01,Demo Sales,85870,0,,,,,,,13998840,481,"[""20210815"",""900254""]",481-D,cor:monetaryAmount,2021-08
28,3,900254,Credit,2021-08-15,Synthetic demo mixed sales and receipt 900254,4000,Demo Product Sales,C006,Demo Customer Fjord,D01,Demo Sales,0,141670,,,,,,,11085560,482,"[""20210815"",""900254""]",482-C,cor:monetaryAmount,2021-08
28,4,900254,Credit,2021-08-15,Synthetic demo mixed sales and receipt 900254,4010,Demo Service Revenue,C007,Demo Customer Grove,D01,Demo Sales,0,287640,,,,,,,10665400,483,"[""20210815"",""900254""]",483-C,cor:monetaryAmount,2021-08
29,1,900261,Credit,2021-08-15,Synthetic demo credit sale 900261,4000,Demo Product Sales,C004,Demo Customer Dawn,D01,Demo Sales,0,268900,1200,Demo Accounts Receivable,,,,,11354460,484,"[""20210815"",""900261""]",484-C,cor:monetaryAmount,2021-08
29,2,900261,Debit,2021-08-15,Synthetic demo credit sale 900261,1200,Demo Accounts Receivable,C004,Demo Customer Dawn,D01,Demo Sales,268900,0,4000,Demo Product Sales,,,,,14267740,484,"[""20210815"",""900261""]",484-D,cor:monetaryAmount,2021-08
30,1,900260,Debit,2021-08-16,Synthetic demo mixed sales and receipt 900260,1120,Demo Harbor Ordinary Deposit,B003,Harbor Demo Bank,D01,Demo Sales,53760,0,,,,,,,11536360,485,"[""20210816"",""900260""]",485-D,cor:monetaryAmount,2021-08
30,2,900260,Debit,2021-08-16,Synthetic demo mixed sales and receipt 900260,1200,Demo Accounts Receivable,C001,Demo Customer Aurora,D01,Demo Sales,109160,0,,,,,,,14376900,486,"[""20210816"",""900260""]",486-D,cor:monetaryAmount,2021-08
30,3,900260,Credit,2021-08-16,Synthetic demo mixed sales and receipt 900260,4000,Demo Product Sales,C002,Demo Customer Birch,D01,Demo Sales,0,26060,,,,,,,11380520,487,"[""20210816"",""900260""]",487-C,cor:monetaryAmount,2021-08
30,4,900260,Credit,2021-08-16,Synthetic demo mixed sales and receipt 900260,4010,Demo Service Revenue,C003,Demo Customer Cobalt,D01,Demo Sales,0,136860,,,,,,,10802260,488,"[""20210816"",""900260""]",488-C,cor:monetaryAmount,2021-08
31,1,900282,Credit,2021-08-16,Synthetic demo credit sale 900282,4000,Demo Product Sales,C007,Demo Customer Grove,D01,Demo Sales,0,146210,1200,Demo Accounts Receivable,,,,,11526730,489,"[""20210816"",""900282""]",489-C,cor:monetaryAmount,2021-08
31,2,900282,Debit,2021-08-16,Synthetic demo credit sale 900282,1200,Demo Accounts Receivable,C007,Demo Customer Grove,D01,Demo Sales,146210,0,4000,Demo Product Sales,,,,,14523110,489,"[""20210816"",""900282""]",489-D,cor:monetaryAmount,2021-08
32,1,900239,Credit,2021-08-17,Synthetic demo prepaid service 900239,1120,Demo Harbor Ordinary Deposit,B003,Harbor Demo Bank,D05,Demo Digital Services,0,208130,1400,Demo Prepaid Expenses,,,,,11328230,490,"[""20210817"",""900239""]",490-C,cor:monetaryAmount,2021-08
32,2,900239,Debit,2021-08-17,Synthetic demo prepaid service 900239,1400,Demo Prepaid Expenses,S006,Demo Insurance Services,D05,Demo Digital Services,208130,0,1120,Demo Harbor Ordinary Deposit,,,,,2786380,490,"[""20210817"",""900239""]",490-D,cor:monetaryAmount,2021-08
33,1,900271,Credit,2021-08-17,Synthetic demo credit sale 900271,4010,Demo Service Revenue,C004,Demo Customer Dawn,D01,Demo Sales,0,316370,1200,Demo Accounts Receivable,,,,,11118630,491,"[""20210817"",""900271""]",491-C,cor:monetaryAmount,2021-08
33,2,900271,Debit,2021-08-17,Synthetic demo credit sale 900271,1200,Demo Accounts Receivable,C004,Demo Customer Dawn,D01,Demo Sales,316370,0,4010,Demo Service Revenue,,,,,14839480,491,"[""20210817"",""900271""]",491-D,cor:monetaryAmount,2021-08
34,1,900284,Credit,2021-08-17,Synthetic demo customer receipt 900284,1200,Demo Accounts Receivable,C003,Demo Customer Cobalt,D01,Demo Sales,0,182170,1120,Demo Harbor Ordinary Deposit,,,,,14657310,492,"[""20210817"",""900284""]",492-C,cor:monetaryAmount,2021-08
34,2,900284,Debit,2021-08-17,Synthetic demo customer receipt 900284,1120,Demo Harbor Ordinary Deposit,B003,Harbor Demo Bank,D01,Demo Sales,182170,0,1200,Demo Accounts Receivable,,,,,11510400,492,"[""20210817"",""900284""]",492-D,cor:monetaryAmount,2021-08
35,1,900288,Credit,2021-08-17,Synthetic demo operating expense 900288,1100,Demo Central Ordinary Deposit,B001,Demo Central Bank,D02,Demo Administration,0,75170,6020,Demo Office Rent,,,,,8233950,493,"[""20210817"",""900288""]",493-C,cor:monetaryAmount,2021-08
35,2,900288,Debit,2021-08-17,Synthetic demo operating expense 900288,6020,Demo Office Rent,V001,Demo Vendor Keystone,D02,Demo Administration,75170,0,1100,Demo Central Ordinary Deposit,,,,,207810,493,"[""20210817"",""900288""]",493-D,cor:monetaryAmount,2021-08
36,1,900247,Credit,2021-08-18,Synthetic demo vendor settlement 900247,1110,Demo North Current Deposit,B002,North Demo Bank,D04,Demo Logistics,0,120360,2000,Demo Accounts Payable,,,,,12761420,494,"[""20210818"",""900247""]",494-C,cor:monetaryAmount,2021-08
36,2,900247,Debit,2021-08-18,Synthetic demo vendor settlement 900247,2000,Demo Accounts Payable,V006,Demo Vendor Prairie,D04,Demo Logistics,120360,0,1110,Demo North Current Deposit,,,,,1593600,494,"[""20210818"",""900247""]",494-D,cor:monetaryAmount,2021-08
37,1,900276,Credit,2021-08-18,Synthetic demo combined customer receipt 900276,1200,Demo Accounts Receivable,C007,Demo Customer Grove,D01,Demo Sales,0,148340,1100,Demo Central Ordinary Deposit,,,,,14508970,495,"[""20210818"",""900276""]",495-C,cor:monetaryAmount,2021-08
37,2,900276,Debit,2021-08-18,Synthetic demo combined customer receipt 900276,1100,Demo Central Ordinary Deposit,B001,Demo Central Bank,D01,Demo Sales,593370,0,,,,,,,8827320,495,"[""20210818"",""900276""]",495-D,cor:monetaryAmount,2021-08
37,3,900276,Credit,2021-08-18,Synthetic demo combined customer receipt 900276,1200,Demo Accounts Receivable,C008,Demo Customer Halo,D01,Demo Sales,0,35600,1100,Demo Central Ordinary Deposit,,,,,14473370,496,"[""20210818"",""900276""]",496-C,cor:monetaryAmount,2021-08
37,4,900276,Credit,2021-08-18,Synthetic demo combined customer receipt 900276,1200,Demo Accounts Receivable,C009,Demo Customer Indigo,D01,Demo Sales,0,409430,1100,Demo Central Ordinary Deposit,,,,,14063940,497,"[""20210818"",""900276""]",497-C,cor:monetaryAmount,2021-08
38,1,900281,Debit,2021-08-18,Synthetic demo multi-vendor settlement 900281,2000,Demo Accounts Payable,V002,Demo Vendor Lattice,D01,Demo Sales,360210,0,,,,,,,1233390,498,"[""20210818"",""900281""]",498-D,cor:monetaryAmount,2021-08
38,2,900281,Debit,2021-08-18,Synthetic demo multi-vendor settlement 900281,2100,Demo Accrued Payables,V005,Demo Vendor Orchid,D01,Demo Sales,101610,0,,,,,,,6261320,499,"[""20210818"",""900281""]",499-D,cor:monetaryAmount,2021-08
38,3,900281,Credit,2021-08-18,Synthetic demo multi-vendor settlement 900281,1120,Demo Harbor Ordinary Deposit,B003,Harbor Demo Bank,D01,Demo Sales,0,193960,,,,,,,11316440,500,"[""20210818"",""900281""]",500-C,cor:monetaryAmount,2021-08
38,4,900281,Credit,2021-08-18,Synthetic demo multi-vendor settlement 900281,1100,Demo Central Ordinary Deposit,B001,Demo Central Bank,D01,Demo Sales,0,267860,,,,,,,8559460,501,"[""20210818"",""900281""]",501-C,cor:monetaryAmount,2021-08
39,1,900285,Credit,2021-08-18,Synthetic demo monthly payroll bundle 900285,1100,Demo Central Ordinary Deposit,B001,Demo Central Bank,D02,Demo Administration,0,653300,,,,,,,7906160,502,"[""20210818"",""900285""]",502-C,cor:monetaryAmount,2021-08
39,2,900285,Debit,2021-08-18,Synthetic demo monthly payroll bundle 900285,6000,Demo Salaries,,,D02,Demo Administration,169850,0,1100,Demo Central Ordinary Deposit,,,,,3296050,502,"[""20210818"",""900285""]",502-D,cor:monetaryAmount,2021-08
39,3,900285,Debit,2021-08-18,Synthetic demo monthly payroll bundle 900285,6010,Demo Statutory Welfare,,,D02,Demo Administration,287450,0,1100,Demo Central Ordinary Deposit,,,,,1889500,503,"[""20210818"",""900285""]",503-D,cor:monetaryAmount,2021-08
39,4,900285,Debit,2021-08-18,Synthetic demo monthly payroll bundle 900285,2110,Demo Payroll Withholding,,,D02,Demo Administration,196000,0,1100,Demo Central Ordinary Deposit,,,,,3006550,504,"[""20210818"",""900285""]",504-D,cor:monetaryAmount,2021-08
40,1,900265,Credit,2021-08-19,Synthetic demo purchase on account 900265,2000,Demo Accounts Payable,V006,Demo Vendor Prairie,D04,Demo Logistics,0,96540,5010,Demo Freight-in,,,,,1329930,505,"[""20210819"",""900265""]",505-C,cor:monetaryAmount,2021-08
40,2,900265,Debit,2021-08-19,Synthetic demo purchase on account 900265,5010,Demo Freight-in,V006,Demo Vendor Prairie,D04,Demo Logistics,96540,0,2000,Demo Accounts Payable,,,,,2255870,505,"[""20210819"",""900265""]",505-D,cor:monetaryAmount,2021-08
41,1,900275,Credit,2021-08-19,Synthetic demo purchase on account 900275,2000,Demo Accounts Payable,V006,Demo Vendor Prairie,D04,Demo Logistics,0,330660,5020,Demo Inventory Adjustment,,,,,1660590,506,"[""20210819"",""900275""]",506-C,cor:monetaryAmount,2021-08
41,2,900275,Debit,2021-08-19,Synthetic demo purchase on account 900275,5020,Demo Inventory Adjustment,V006,Demo Vendor Prairie,D04,Demo Logistics,330660,0,2000,Demo Accounts Payable,,,,,2660760,506,"[""20210819"",""900275""]",506-D,cor:monetaryAmount,2021-08
42,1,900286,Credit,2021-08-19,Synthetic demo purchase on account 900286,2000,Demo Accounts Payable,V001,Demo Vendor Keystone,D04,Demo Logistics,0,63790,5010,Demo Freight-in,,,,,1724380,507,"[""20210819"",""900286""]",507-C,cor:monetaryAmount,2021-08
42,2,900286,Debit,2021-08-19,Synthetic demo purchase on account 900286,5010,Demo Freight-in,V001,Demo Vendor Keystone,D04,Demo Logistics,63790,0,2000,Demo Accounts Payable,,,,,2319660,507,"[""20210819"",""900286""]",507-D,cor:monetaryAmount,2021-08
43,1,900289,Credit,2021-08-19,Synthetic demo prepaid service 900289,1110,Demo North Current Deposit,B002,North Demo Bank,D05,Demo Digital Services,0,135110,1400,Demo Prepaid Expenses,,,,,12626310,508,"[""20210819"",""900289""]",508-C,cor:monetaryAmount,2021-08
43,2,900289,Debit,2021-08-19,Synthetic demo prepaid service 900289,1400,Demo Prepaid Expenses,S002,Demo Energy Services,D05,Demo Digital Services,135110,0,1110,Demo North Current Deposit,,,,,2921490,508,"[""20210819"",""900289""]",508-D,cor:monetaryAmount,2021-08
44,1,900243,Credit,2021-08-22,Synthetic demo customer receipt 900243,1200,Demo Accounts Receivable,C010,Demo Customer Juniper,D01,Demo Sales,0,511200,1100,Demo Central Ordinary Deposit,,,,,13552740,509,"[""20210822"",""900243""]",509-C,cor:monetaryAmount,2021-08
44,2,900243,Debit,2021-08-22,Synthetic demo customer receipt 900243,1100,Demo Central Ordinary Deposit,B001,Demo Central Bank,D01,Demo Sales,511200,0,1200,Demo Accounts Receivable,,,,,8417360,509,"[""20210822"",""900243""]",509-D,cor:monetaryAmount,2021-08
45,1,900244,Credit,2021-08-22,Synthetic demo operating cost bundle 900244,1110,Demo North Current Deposit,B002,North Demo Bank,D03,Demo Operations,0,289950,,,,,,,12336360,510,"[""20210822"",""900244""]",510-C,cor:monetaryAmount,2021-08
45,2,900244,Debit,2021-08-22,Synthetic demo operating cost bundle 900244,6030,Demo Utilities,S002,Demo Energy Services,D03,Demo Operations,142070,0,1110,Demo North Current Deposit,,,,,2729230,510,"[""20210822"",""900244""]",510-D,cor:monetaryAmount,2021-08
45,3,900244,Debit,2021-08-22,Synthetic demo operating cost bundle 900244,6040,Demo Communication,S003,Demo Network Services,D03,Demo Operations,14490,0,1110,Demo North Current Deposit,,,,,1419180,511,"[""20210822"",""900244""]",511-D,cor:monetaryAmount,2021-08
45,4,900244,Debit,2021-08-22,Synthetic demo operating cost bundle 900244,6060,Demo Office Supplies,V005,Demo Vendor Orchid,D03,Demo Operations,133390,0,1110,Demo North Current Deposit,,,,,2865900,512,"[""20210822"",""900244""]",512-D,cor:monetaryAmount,2021-08
46,1,900263,Credit,2021-08-22,Synthetic demo customer receipt 900263,1200,Demo Accounts Receivable,C010,Demo Customer Juniper,D01,Demo Sales,0,415340,1120,Demo Harbor Ordinary Deposit,,,,,13137400,513,"[""20210822"",""900263""]",513-C,cor:monetaryAmount,2021-08
46,2,900263,Debit,2021-08-22,Synthetic demo customer receipt 900263,1120,Demo Harbor Ordinary Deposit,B003,Harbor Demo Bank,D01,Demo Sales,415340,0,1200,Demo Accounts Receivable,,,,,11731780,513,"[""20210822"",""900263""]",513-D,cor:monetaryAmount,2021-08
47,1,900293,Credit,2021-08-22,Synthetic demo customer receipt 900293,1200,Demo Accounts Receivable,C010,Demo Customer Juniper,D01,Demo Sales,0,434210,1120,Demo Harbor Ordinary Deposit,,,,,12703190,514,"[""20210822"",""900293""]",514-C,cor:monetaryAmount,2021-08
47,2,900293,Debit,2021-08-22,Synthetic demo customer receipt 900293,1120,Demo Harbor Ordinary Deposit,B003,Harbor Demo Bank,D01,Demo Sales,434210,0,1200,Demo Accounts Receivable,,,,,12165990,514,"[""20210822"",""900293""]",514-D,cor:monetaryAmount,2021-08
48,1,900246,Credit,2021-08-24,Synthetic demo purchase on account 900246,2000,Demo Accounts Payable,V001,Demo Vendor Keystone,D04,Demo Logistics,0,31780,5000,Demo Purchases,,,,,1756160,515,"[""20210824"",""900246""]",515-C,cor:monetaryAmount,2021-08
48,2,900246,Debit,2021-08-24,Synthetic demo purchase on account 900246,5000,Demo Purchases,V001,Demo Vendor Keystone,D04,Demo Logistics,31780,0,2000,Demo Accounts Payable,,,,,2143120,515,"[""20210824"",""900246""]",515-D,cor:monetaryAmount,2021-08
49,1,900267,Debit,2021-08-24,Synthetic demo multi-vendor settlement 900267,2000,Demo Accounts Payable,V008,Demo Vendor Rivulet,D01,Demo Sales,334530,0,,,,,,,1421630,516,"[""20210824"",""900267""]",516-D,cor:monetaryAmount,2021-08
49,2,900267,Debit,2021-08-24,Synthetic demo multi-vendor settlement 900267,2100,Demo Accrued Payables,V001,Demo Vendor Keystone,D01,Demo Sales,392720,0,,,,,,,5868600,517,"[""20210824"",""900267""]",517-D,cor:monetaryAmount,2021-08
49,3,900267,Credit,2021-08-24,Synthetic demo multi-vendor settlement 900267,1100,Demo Central Ordinary Deposit,B001,Demo Central Bank,D01,Demo Sales,0,421800,,,,,,,7995560,518,"[""20210824"",""900267""]",518-C,cor:monetaryAmount,2021-08
49,4,900267,Credit,2021-08-24,Synthetic demo multi-vendor settlement 900267,1110,Demo North Current Deposit,B002,North Demo Bank,D01,Demo Sales,0,305450,,,,,,,12030910,519,"[""20210824"",""900267""]",519-C,cor:monetaryAmount,2021-08
50,1,900290,Credit,2021-08-26,Synthetic demo credit sale 900290,4020,Demo Other Operating Revenue,C001,Demo Customer Aurora,D01,Demo Sales,0,444700,1200,Demo Accounts Receivable,,,,,5872190,520,"[""20210826"",""900290""]",520-C,cor:monetaryAmount,2021-08
50,2,900290,Debit,2021-08-26,Synthetic demo credit sale 900290,1200,Demo Accounts Receivable,C001,Demo Customer Aurora,D01,Demo Sales,444700,0,4020,Demo Other Operating Revenue,,,,,13147890,520,"[""20210826"",""900290""]",520-D,cor:monetaryAmount,2021-08
51,1,900251,Credit,2021-08-27,Synthetic demo financing settlement 900251,1120,Demo Harbor Ordinary Deposit,B003,Harbor Demo Bank,D06,Demo Management,0,700360,,,,,,,11465630,521,"[""20210827"",""900251""]",521-C,cor:monetaryAmount,2021-08
51,2,900251,Debit,2021-08-27,Synthetic demo financing settlement 900251,2200,Demo Short-term Loans,,,D06,Demo Management,147070,0,1120,Demo Harbor Ordinary Deposit,,,,,4501500,521,"[""20210827"",""900251""]",521-D,cor:monetaryAmount,2021-08
51,3,900251,Debit,2021-08-27,Synthetic demo financing settlement 900251,6070,Demo Bank Fees,B003,Harbor Demo Bank,D06,Demo Management,70030,0,1120,Demo Harbor Ordinary Deposit,,,,,944920,522,"[""20210827"",""900251""]",522-D,cor:monetaryAmount,2021-08
51,4,900251,Debit,2021-08-27,Synthetic demo financing settlement 900251,7000,Demo Taxes and Dues,,,D06,Demo Management,483260,0,1120,Demo Harbor Ordinary Deposit,,,,,2755330,523,"[""20210827"",""900251""]",523-D,cor:monetaryAmount,2021-08
52,1,900295,Credit,2021-08-27,Synthetic demo purchase on account 900295,2000,Demo Accounts Payable,V006,Demo Vendor Prairie,D04,Demo Logistics,0,334370,5010,Demo Freight-in,,,,,1756000,524,"[""20210827"",""900295""]",524-C,cor:monetaryAmount,2021-08
52,2,900295,Debit,2021-08-27,Synthetic demo purchase on account 900295,5010,Demo Freight-in,V006,Demo Vendor Prairie,D04,Demo Logistics,334370,0,2000,Demo Accounts Payable,,,,,2654030,524,"[""20210827"",""900295""]",524-D,cor:monetaryAmount,2021-08
53,1,900268,Credit,2021-08-28,Synthetic demo operating expense 900268,1110,Demo North Current Deposit,B002,North Demo Bank,D03,Demo Operations,0,31250,7000,Demo Taxes and Dues,,,,,11999660,525,"[""20210828"",""900268""]",525-C,cor:monetaryAmount,2021-08
53,2,900268,Debit,2021-08-28,Synthetic demo operating expense 900268,7000,Demo Taxes and Dues,V001,Demo Vendor Keystone,D03,Demo Operations,31250,0,1110,Demo North Current Deposit,,,,,2786580,525,"[""20210828"",""900268""]",525-D,cor:monetaryAmount,2021-08
54,1,900256,Credit,2021-08-30,Synthetic demo purchase on account 900256,2000,Demo Accounts Payable,V001,Demo Vendor Keystone,D04,Demo Logistics,0,333720,5010,Demo Freight-in,,,,,2089720,526,"[""20210830"",""900256""]",526-C,cor:monetaryAmount,2021-08
54,2,900256,Debit,2021-08-30,Synthetic demo purchase on account 900256,5010,Demo Freight-in,V001,Demo Vendor Keystone,D04,Demo Logistics,333720,0,2000,Demo Accounts Payable,,,,,2987750,526,"[""20210830"",""900256""]",526-D,cor:monetaryAmount,2021-08
55,1,900258,Credit,2021-08-30,Synthetic demo operating expense 900258,1100,Demo Central Ordinary Deposit,B001,Demo Central Bank,D02,Demo Administration,0,87240,6080,Demo Advertising,,,,,7908320,527,"[""20210830"",""900258""]",527-C,cor:monetaryAmount,2021-08
55,2,900258,Debit,2021-08-30,Synthetic demo operating expense 900258,6080,Demo Advertising,V001,Demo Vendor Keystone,D02,Demo Administration,87240,0,1100,Demo Central Ordinary Deposit,,,,,234100,527,"[""20210830"",""900258""]",527-D,cor:monetaryAmount,2021-08
56,1,900242,Credit,2021-08-31,Synthetic demo credit sale 900242,4020,Demo Other Operating Revenue,C007,Demo Customer Grove,D01,Demo Sales,0,62850,1200,Demo Accounts Receivable,,,,,5935040,528,"[""20210831"",""900242""]",528-C,cor:monetaryAmount,2021-08
56,2,900242,Debit,2021-08-31,Synthetic demo credit sale 900242,1200,Demo Accounts Receivable,C007,Demo Customer Grove,D01,Demo Sales,62850,0,4020,Demo Other Operating Revenue,,,,,13210740,528,"[""20210831"",""900242""]",528-D,cor:monetaryAmount,2021-08
57,1,900262,Credit,2021-08-31,Synthetic demo credit sale 900262,4010,Demo Service Revenue,C007,Demo Customer Grove,D01,Demo Sales,0,263930,1200,Demo Accounts Receivable,,,,,11382560,529,"[""20210831"",""900262""]",529-C,cor:monetaryAmount,2021-08
57,2,900262,Debit,2021-08-31,Synthetic demo credit sale 900262,1200,Demo Accounts Receivable,C007,Demo Customer Grove,D01,Demo Sales,263930,0,4010,Demo Service Revenue,,,,,13474670,529,"[""20210831"",""900262""]",529-D,cor:monetaryAmount,2021-08
58,1,900266,Credit,2021-08-31,Synthetic demo purchase on account 900266,2000,Demo Accounts Payable,V001,Demo Vendor Keystone,D04,Demo Logistics,0,371680,5020,Demo Inventory Adjustment,,,,,2461400,530,"[""20210831"",""900266""]",530-C,cor:monetaryAmount,2021-08
58,2,900266,Debit,2021-08-31,Synthetic demo purchase on account 900266,5020,Demo Inventory Adjustment,V001,Demo Vendor Keystone,D04,Demo Logistics,371680,0,2000,Demo Accounts Payable,,,,,3032440,530,"[""20210831"",""900266""]",530-D,cor:monetaryAmount,2021-08
,,,Opening,2021-09-01,* Opening balance,1000,Demo Cash,,,,,0,0,,,,,,,600000,,,,,2021-09
,,,Opening,2021-09-01,* Opening balance,1010,Demo Petty Cash,,,,,0,0,,,,,,,120000,,,,,2021-09
,,,Opening,2021-09-01,* Opening balance,1100,Demo Central Ordinary Deposit,,,,,0,0,,,,,,,7908320,,,,,2021-09
,,,Opening,2021-09-01,* Opening balance,1110,Demo North Current Deposit,,,,,0,0,,,,,,,11999660,,,,,2021-09
,,,Opening,2021-09-01,* Opening balance,1120,Demo Harbor Ordinary Deposit,,,,,0,0,,,,,,,11465630,,,,,2021-09
,,,Opening,2021-09-01,* Opening balance,1200,Demo Accounts Receivable,,,,,0,0,,,,,,,13474670,,,,,2021-09
,,,Opening,2021-09-01,* Opening balance,1210,Demo Notes Receivable,,,,,0,0,,,,,,,800000,,,,,2021-09
,,,Opening,2021-09-01,* Opening balance,1300,Demo Inventory,,,,,0,0,,,,,,,1200000,,,,,2021-09
,,,Opening,2021-09-01,* Opening balance,1400,Demo Prepaid Expenses,,,,,0,0,,,,,,,2921490,,,,,2021-09
,,,Opening,2021-09-01,* Opening balance,1410,Demo Advances Paid,,,,,0,0,,,,,,,250000,,,,,2021-09
,,,Opening,2021-09-01,* Opening balance,1420,Demo Temporary Payments,,,,,0,0,,,,,,,150000,,,,,2021-09
,,,Opening,2021-09-01,* Opening balance,1430,Demo Input Tax Receivable,,,,,0,0,,,,,,,400000,,,,,2021-09
,,,Opening,2021-09-01,* Opening balance,1500,Demo Equipment,,,,,0,0,,,,,,,2000000,,,,,2021-09
,,,Opening,2021-09-01,* Opening balance,1510,Demo Vehicles,,,,,0,0,,,,,,,1200000,,,,,2021-09
,,,Opening,2021-09-01,* Opening balance,1520,Demo Software,,,,,0,0,,,,,,,700000,,,,,2021-09
,,,Opening,2021-09-01,* Opening balance,1590,Demo Accumulated Depreciation,,,,,0,0,,,,,,,900000,,,,,2021-09
,,,Opening,2021-09-01,* Opening balance,2000,Demo Accounts Payable,,,,,0,0,,,,,,,2461400,,,,,2021-09
,,,Opening,2021-09-01,* Opening balance,2010,Demo Notes Payable,,,,,0,0,,,,,,,600000,,,,,2021-09
,,,Opening,2021-09-01,* Opening balance,2100,Demo Accrued Payables,,,,,0,0,,,,,,,5868600,,,,,2021-09
,,,Opening,2021-09-01,* Opening balance,2110,Demo Payroll Withholding,,,,,0,0,,,,,,,3006550,,,,,2021-09
,,,Opening,2021-09-01,* Opening balance,2120,Demo Output Tax Payable,,,,,0,0,,,,,,,450000,,,,,2021-09
,,,Opening,2021-09-01,* Opening balance,2130,Demo Temporary Receipts,,,,,0,0,,,,,,,120000,,,,,2021-09
,,,Opening,2021-09-01,* Opening balance,2200,Demo Short-term Loans,,,,,0,0,,,,,,,4501500,,,,,2021-09
,,,Opening,2021-09-01,* Opening balance,2300,Demo Long-term Loans,,,,,0,0,,,,,,,2500000,,,,,2021-09
,,,Opening,2021-09-01,* Opening balance,2400,Demo Unearned Revenue,,,,,0,0,,,,,,,350000,,,,,2021-09
,,,Opening,2021-09-01,* Opening balance,3000,Demo Capital,,,,,0,0,,,,,,,5000000,,,,,2021-09
,,,Opening,2021-09-01,* Opening balance,3100,Demo Retained Earnings,,,,,0,0,,,,,,,26159010,,,,,2021-09
,,,Opening,2021-09-01,* Opening balance,4000,Demo Product Sales,,,,,0,0,,,,,,,11526730,,,,,2021-09
,,,Opening,2021-09-01,* Opening balance,4010,Demo Service Revenue,,,,,0,0,,,,,,,11382560,,,,,2021-09
,,,Opening,2021-09-01,* Opening balance,4020,Demo Other Operating Revenue,,,,,0,0,,,,,,,5935040,,,,,2021-09
,,,Opening,2021-09-01,* Opening balance,4030,Demo Interest Income,,,,,0,0,,,,,,,0,,,,,2021-09
,,,Opening,2021-09-01,* Opening balance,4040,Demo Miscellaneous Income,,,,,0,0,,,,,,,0,,,,,2021-09
,,,Opening,2021-09-01,* Opening balance,5000,Demo Purchases,,,,,0,0,,,,,,,2143120,,,,,2021-09
,,,Opening,2021-09-01,* Opening balance,5010,Demo Freight-in,,,,,0,0,,,,,,,2987750,,,,,2021-09
,,,Opening,2021-09-01,* Opening balance,5020,Demo Inventory Adjustment,,,,,0,0,,,,,,,3032440,,,,,2021-09
,,,Opening,2021-09-01,* Opening balance,6000,Demo Salaries,,,,,0,0,,,,,,,3296050,,,,,2021-09
,,,Opening,2021-09-01,* Opening balance,6010,Demo Statutory Welfare,,,,,0,0,,,,,,,1889500,,,,,2021-09
,,,Opening,2021-09-01,* Opening balance,6020,Demo Office Rent,,,,,0,0,,,,,,,207810,,,,,2021-09
,,,Opening,2021-09-01,* Opening balance,6030,Demo Utilities,,,,,0,0,,,,,,,2729230,,,,,2021-09
,,,Opening,2021-09-01,* Opening balance,6040,Demo Communication,,,,,0,0,,,,,,,1419180,,,,,2021-09
,,,Opening,2021-09-01,* Opening balance,6050,Demo Business Travel,,,,,0,0,,,,,,,0,,,,,2021-09
,,,Opening,2021-09-01,* Opening balance,6060,Demo Office Supplies,,,,,0,0,,,,,,,2865900,,,,,2021-09
,,,Opening,2021-09-01,* Opening balance,6070,Demo Bank Fees,,,,,0,0,,,,,,,944920,,,,,2021-09
,,,Opening,2021-09-01,* Opening balance,6080,Demo Advertising,,,,,0,0,,,,,,,234100,,,,,2021-09
,,,Opening,2021-09-01,* Opening balance,6090,Demo Insurance,,,,,0,0,,,,,,,0,,,,,2021-09
,,,Opening,2021-09-01,* Opening balance,6100,Demo Repairs,,,,,0,0,,,,,,,419650,,,,,2021-09
,,,Opening,2021-09-01,* Opening balance,6110,Demo Depreciation Expense,,,,,0,0,,,,,,,0,,,,,2021-09
,,,Opening,2021-09-01,* Opening balance,6120,Demo Professional Fees,,,,,0,0,,,,,,,124060,,,,,2021-09
,,,Opening,2021-09-01,* Opening balance,6130,Demo Training,,,,,0,0,,,,,,,0,,,,,2021-09
,,,Opening,2021-09-01,* Opening balance,6140,Demo Vehicle Expense,,,,,0,0,,,,,,,371500,,,,,2021-09
,,,Opening,2021-09-01,* Opening balance,6150,Demo Software Subscription,,,,,0,0,,,,,,,0,,,,,2021-09
,,,Opening,2021-09-01,* Opening balance,6160,Demo Shipping,,,,,0,0,,,,,,,119830,,,,,2021-09
,,,Opening,2021-09-01,* Opening balance,6170,Demo Miscellaneous Expense,,,,,0,0,,,,,,,0,,,,,2021-09
,,,Opening,2021-09-01,* Opening balance,7000,Demo Taxes and Dues,,,,,0,0,,,,,,,2786580,,,,,2021-09
,,,Opening,2021-09-01,* Opening balance,7010,Demo Corporate Tax,,,,,0,0,,,,,,,0,,,,,2021-09
,,,Opening,2021-09-01,* Opening balance,7020,Demo Consumption Tax Expense,,,,,0,0,,,,,,,0,,,,,2021-09
,,,Opening,2021-09-01,* Opening balance,8000,Demo Suspense,,,,,0,0,,,,,,,50000,,,,,2021-09
,,,Opening,2021-09-01,* Opening balance,8010,Demo Clearing,,,,,0,0,,,,,,,50000,,,,,2021-09
1,1,900308,Credit,2021-09-01,Synthetic demo operating expense 900308,1120,Demo Harbor Ordinary Deposit,B003,Harbor Demo Bank,D05,Demo Digital Services,0,42530,6040,Demo Communication,,,,,11423100,531,"[""20210901"",""900308""]",531-C,cor:monetaryAmount,2021-09
1,2,900308,Debit,2021-09-01,Synthetic demo operating expense 900308,6040,Demo Communication,V001,Demo Vendor Keystone,D05,Demo Digital Services,42530,0,1120,Demo Harbor Ordinary Deposit,,,,,1461710,531,"[""20210901"",""900308""]",531-D,cor:monetaryAmount,2021-09
2,1,900339,Credit,2021-09-01,Synthetic demo prepaid service 900339,1100,Demo Central Ordinary Deposit,B001,Demo Central Bank,D05,Demo Digital Services,0,83340,1400,Demo Prepaid Expenses,,,,,7824980,532,"[""20210901"",""900339""]",532-C,cor:monetaryAmount,2021-09
2,2,900339,Debit,2021-09-01,Synthetic demo prepaid service 900339,1400,Demo Prepaid Expenses,S004,Demo Logistics Services,D05,Demo Digital Services,83340,0,1100,Demo Central Ordinary Deposit,,,,,3004830,532,"[""20210901"",""900339""]",532-D,cor:monetaryAmount,2021-09
3,1,900343,Credit,2021-09-02,Synthetic demo customer receipt 900343,1200,Demo Accounts Receivable,C010,Demo Customer Juniper,D01,Demo Sales,0,290130,1110,Demo North Current Deposit,,,,,13184540,533,"[""20210902"",""900343""]",533-C,cor:monetaryAmount,2021-09
3,2,900343,Debit,2021-09-02,Synthetic demo customer receipt 900343,1110,Demo North Current Deposit,B002,North Demo Bank,D01,Demo Sales,290130,0,1200,Demo Accounts Receivable,,,,,12289790,533,"[""20210902"",""900343""]",533-D,cor:monetaryAmount,2021-09
4,1,900351,Credit,2021-09-02,Synthetic demo monthly payroll bundle 900351,1100,Demo Central Ordinary Deposit,B001,Demo Central Bank,D02,Demo Administration,0,607870,,,,,,,7217110,534,"[""20210902"",""900351""]",534-C,cor:monetaryAmount,2021-09
4,2,900351,Debit,2021-09-02,Synthetic demo monthly payroll bundle 900351,6000,Demo Salaries,,,D02,Demo Administration,243140,0,1100,Demo Central Ordinary Deposit,,,,,3539190,534,"[""20210902"",""900351""]",534-D,cor:monetaryAmount,2021-09
4,3,900351,Debit,2021-09-02,Synthetic demo monthly payroll bundle 900351,6010,Demo Statutory Welfare,,,D02,Demo Administration,72940,0,1100,Demo Central Ordinary Deposit,,,,,1962440,535,"[""20210902"",""900351""]",535-D,cor:monetaryAmount,2021-09
4,4,900351,Debit,2021-09-02,Synthetic demo monthly payroll bundle 900351,2110,Demo Payroll Withholding,,,D02,Demo Administration,291790,0,1100,Demo Central Ordinary Deposit,,,,,2714760,536,"[""20210902"",""900351""]",536-D,cor:monetaryAmount,2021-09
5,1,900312,Credit,2021-09-03,Synthetic demo credit sale 900312,4000,Demo Product Sales,C007,Demo Customer Grove,D01,Demo Sales,0,381440,1200,Demo Accounts Receivable,,,,,11908170,537,"[""20210903"",""900312""]",537-C,cor:monetaryAmount,2021-09
5,2,900312,Debit,2021-09-03,Synthetic demo credit sale 900312,1200,Demo Accounts Receivable,C007,Demo Customer Grove,D01,Demo Sales,381440,0,4000,Demo Product Sales,,,,,13565980,537,"[""20210903"",""900312""]",537-D,cor:monetaryAmount,2021-09
6,1,900336,Debit,2021-09-03,Synthetic demo mixed sales and receipt 900336,1100,Demo Central Ordinary Deposit,B001,Demo Central Bank,D01,Demo Sales,166240,0,,,,,,,7383350,538,"[""20210903"",""900336""]",538-D,cor:monetaryAmount,2021-09
6,2,900336,Debit,2021-09-03,Synthetic demo mixed sales and receipt 900336,1200,Demo Accounts Receivable,C007,Demo Customer Grove,D01,Demo Sales,283080,0,,,,,,,13849060,539,"[""20210903"",""900336""]",539-D,cor:monetaryAmount,2021-09
6,3,900336,Credit,2021-09-03,Synthetic demo mixed sales and receipt 900336,4000,Demo Product Sales,C008,Demo Customer Halo,D01,Demo Sales,0,89860,,,,,,,11998030,540,"[""20210903"",""900336""]",540-C,cor:monetaryAmount,2021-09
6,4,900336,Credit,2021-09-03,Synthetic demo mixed sales and receipt 900336,4010,Demo Service Revenue,C009,Demo Customer Indigo,D01,Demo Sales,0,359460,,,,,,,11742020,541,"[""20210903"",""900336""]",541-C,cor:monetaryAmount,2021-09
7,1,900338,Credit,2021-09-03,Synthetic demo financing settlement 900338,1120,Demo Harbor Ordinary Deposit,B003,Harbor Demo Bank,D06,Demo Management,0,561320,,,,,,,10861780,542,"[""20210903"",""900338""]",542-C,cor:monetaryAmount,2021-09
7,2,900338,Debit,2021-09-03,Synthetic demo financing settlement 900338,2200,Demo Short-term Loans,,,D06,Demo Management,123490,0,1120,Demo Harbor Ordinary Deposit,,,,,4378010,542,"[""20210903"",""900338""]",542-D,cor:monetaryAmount,2021-09
7,3,900338,Debit,2021-09-03,Synthetic demo financing settlement 900338,6070,Demo Bank Fees,B003,Harbor Demo Bank,D06,Demo Management,179620,0,1120,Demo Harbor Ordinary Deposit,,,,,1124540,543,"[""20210903"",""900338""]",543-D,cor:monetaryAmount,2021-09
7,4,900338,Debit,2021-09-03,Synthetic demo financing settlement 900338,7000,Demo Taxes and Dues,,,D06,Demo Management,258210,0,1120,Demo Harbor Ordinary Deposit,,,,,3044790,544,"[""20210903"",""900338""]",544-D,cor:monetaryAmount,2021-09
8,1,900324,Credit,2021-09-04,Synthetic demo customer receipt 900324,1200,Demo Accounts Receivable,C003,Demo Customer Cobalt,D01,Demo Sales,0,382510,1100,Demo Central Ordinary Deposit,,,,,13466550,545,"[""20210904"",""900324""]",545-C,cor:monetaryAmount,2021-09
8,2,900324,Debit,2021-09-04,Synthetic demo customer receipt 900324,1100,Demo Central Ordinary Deposit,B001,Demo Central Bank,D01,Demo Sales,382510,0,1200,Demo Accounts Receivable,,,,,7765860,545,"[""20210904"",""900324""]",545-D,cor:monetaryAmount,2021-09
9,1,900340,Credit,2021-09-04,Synthetic demo credit sale 900340,4010,Demo Service Revenue,C001,Demo Customer Aurora,D01,Demo Sales,0,556670,1200,Demo Accounts Receivable,,,,,12298690,546,"[""20210904"",""900340""]",546-C,cor:monetaryAmount,2021-09
9,2,900340,Debit,2021-09-04,Synthetic demo credit sale 900340,1200,Demo Accounts Receivable,C001,Demo Customer Aurora,D01,Demo Sales,556670,0,4010,Demo Service Revenue,,,,,14023220,546,"[""20210904"",""900340""]",546-D,cor:monetaryAmount,2021-09
10,1,900349,Credit,2021-09-05,Synthetic demo prepaid service 900349,1110,Demo North Current Deposit,B002,North Demo Bank,D05,Demo Digital Services,0,236490,1400,Demo Prepaid Expenses,,,,,12053300,547,"[""20210905"",""900349""]",547-C,cor:monetaryAmount,2021-09
10,2,900349,Debit,2021-09-05,Synthetic demo prepaid service 900349,1400,Demo Prepaid Expenses,S002,Demo Energy Services,D05,Demo Digital Services,236490,0,1110,Demo North Current Deposit,,,,,3241320,547,"[""20210905"",""900349""]",547-D,cor:monetaryAmount,2021-09
11,1,900299,Credit,2021-09-06,Synthetic demo prepaid service 900299,1120,Demo Harbor Ordinary Deposit,B003,Harbor Demo Bank,D05,Demo Digital Services,0,123160,1400,Demo Prepaid Expenses,,,,,10738620,548,"[""20210906"",""900299""]",548-C,cor:monetaryAmount,2021-09
11,2,900299,Debit,2021-09-06,Synthetic demo prepaid service 900299,1400,Demo Prepaid Expenses,S006,Demo Insurance Services,D05,Demo Digital Services,123160,0,1120,Demo Harbor Ordinary Deposit,,,,,3364480,548,"[""20210906"",""900299""]",548-D,cor:monetaryAmount,2021-09
12,1,900300,Debit,2021-09-06,Synthetic demo mixed sales and receipt 900300,1100,Demo Central Ordinary Deposit,B001,Demo Central Bank,D01,Demo Sales,141350,0,,,,,,,7907210,549,"[""20210906"",""900300""]",549-D,cor:monetaryAmount,2021-09
12,2,900300,Debit,2021-09-06,Synthetic demo mixed sales and receipt 900300,1200,Demo Accounts Receivable,C001,Demo Customer Aurora,D01,Demo Sales,153130,0,,,,,,,14176350,550,"[""20210906"",""900300""]",550-D,cor:monetaryAmount,2021-09
12,3,900300,Credit,2021-09-06,Synthetic demo mixed sales and receipt 900300,4000,Demo Product Sales,C002,Demo Customer Birch,D01,Demo Sales,0,114840,,,,,,,12112870,551,"[""20210906"",""900300""]",551-C,cor:monetaryAmount,2021-09
12,4,900300,Credit,2021-09-06,Synthetic demo mixed sales and receipt 900300,4010,Demo Service Revenue,C003,Demo Customer Cobalt,D01,Demo Sales,0,179640,,,,,,,12478330,552,"[""20210906"",""900300""]",552-C,cor:monetaryAmount,2021-09
13,1,900313,Credit,2021-09-06,Synthetic demo operating cost bundle 900313,1110,Demo North Current Deposit,B002,North Demo Bank,D03,Demo Operations,0,768830,,,,,,,11284470,553,"[""20210906"",""900313""]",553-C,cor:monetaryAmount,2021-09
13,2,900313,Debit,2021-09-06,Synthetic demo operating cost bundle 900313,6030,Demo Utilities,S002,Demo Energy Services,D03,Demo Operations,276770,0,1110,Demo North Current Deposit,,,,,3006000,553,"[""20210906"",""900313""]",553-D,cor:monetaryAmount,2021-09
13,3,900313,Debit,2021-09-06,Synthetic demo operating cost bundle 900313,6040,Demo Communication,S003,Demo Network Services,D03,Demo Operations,322900,0,1110,Demo North Current Deposit,,,,,1784610,554,"[""20210906"",""900313""]",554-D,cor:monetaryAmount,2021-09
13,4,900313,Debit,2021-09-06,Synthetic demo operating cost bundle 900313,6060,Demo Office Supplies,V004,Demo Vendor Nimbus,D03,Demo Operations,169160,0,1110,Demo North Current Deposit,,,,,3035060,555,"[""20210906"",""900313""]",555-D,cor:monetaryAmount,2021-09
14,1,900353,Credit,2021-09-07,Synthetic demo customer receipt 900353,1200,Demo Accounts Receivable,C010,Demo Customer Juniper,D01,Demo Sales,0,386200,1120,Demo Harbor Ordinary Deposit,,,,,13790150,556,"[""20210907"",""900353""]",556-C,cor:monetaryAmount,2021-09
14,2,900353,Debit,2021-09-07,Synthetic demo customer receipt 900353,1120,Demo Harbor Ordinary Deposit,B003,Harbor Demo Bank,D01,Demo Sales,386200,0,1200,Demo Accounts Receivable,,,,,11124820,556,"[""20210907"",""900353""]",556-D,cor:monetaryAmount,2021-09
15,1,900327,Credit,2021-09-08,Synthetic demo vendor settlement 900327,1100,Demo Central Ordinary Deposit,B001,Demo Central Bank,D04,Demo Logistics,0,168360,2000,Demo Accounts Payable,,,,,7738850,557,"[""20210908"",""900327""]",557-C,cor:monetaryAmount,2021-09
15,2,900327,Debit,2021-09-08,Synthetic demo vendor settlement 900327,2000,Demo Accounts Payable,V006,Demo Vendor Prairie,D04,Demo Logistics,168360,0,1100,Demo Central Ordinary Deposit,,,,,2293040,557,"[""20210908"",""900327""]",557-D,cor:monetaryAmount,2021-09
16,1,900314,Credit,2021-09-09,Synthetic demo customer receipt 900314,1200,Demo Accounts Receivable,C003,Demo Customer Cobalt,D01,Demo Sales,0,87980,1120,Demo Harbor Ordinary Deposit,,,,,13702170,558,"[""20210909"",""900314""]",558-C,cor:monetaryAmount,2021-09
16,2,900314,Debit,2021-09-09,Synthetic demo customer receipt 900314,1120,Demo Harbor Ordinary Deposit,B003,Harbor Demo Bank,D01,Demo Sales,87980,0,1200,Demo Accounts Receivable,,,,,11212800,558,"[""20210909"",""900314""]",558-D,cor:monetaryAmount,2021-09
17,1,900326,Credit,2021-09-09,Synthetic demo financing settlement 900326,1120,Demo Harbor Ordinary Deposit,B003,Harbor Demo Bank,D06,Demo Management,0,390260,,,,,,,10822540,559,"[""20210909"",""900326""]",559-C,cor:monetaryAmount,2021-09
17,2,900326,Debit,2021-09-09,Synthetic demo financing settlement 900326,2200,Demo Short-term Loans,,,D06,Demo Management,160000,0,1120,Demo Harbor Ordinary Deposit,,,,,4218010,559,"[""20210909"",""900326""]",559-D,cor:monetaryAmount,2021-09
17,3,900326,Debit,2021-09-09,Synthetic demo financing settlement 900326,6070,Demo Bank Fees,B003,Harbor Demo Bank,D06,Demo Management,27310,0,1120,Demo Harbor Ordinary Deposit,,,,,1151850,560,"[""20210909"",""900326""]",560-D,cor:monetaryAmount,2021-09
17,4,900326,Debit,2021-09-09,Synthetic demo financing settlement 900326,7000,Demo Taxes and Dues,,,D06,Demo Management,202950,0,1120,Demo Harbor Ordinary Deposit,,,,,3247740,561,"[""20210909"",""900326""]",561-D,cor:monetaryAmount,2021-09
18,1,900317,Debit,2021-09-10,Synthetic demo multi-vendor settlement 900317,2000,Demo Accounts Payable,V008,Demo Vendor Rivulet,D01,Demo Sales,123380,0,,,,,,,2169660,562,"[""20210910"",""900317""]",562-D,cor:monetaryAmount,2021-09
18,2,900317,Debit,2021-09-10,Synthetic demo multi-vendor settlement 900317,2100,Demo Accrued Payables,V001,Demo Vendor Keystone,D01,Demo Sales,118550,0,,,,,,,5750050,563,"[""20210910"",""900317""]",563-D,cor:monetaryAmount,2021-09
18,3,900317,Credit,2021-09-10,Synthetic demo multi-vendor settlement 900317,1120,Demo Harbor Ordinary Deposit,B003,Harbor Demo Bank,D01,Demo Sales,0,91930,,,,,,,10730610,564,"[""20210910"",""900317""]",564-C,cor:monetaryAmount,2021-09
18,4,900317,Credit,2021-09-10,Synthetic demo multi-vendor settlement 900317,1100,Demo Central Ordinary Deposit,B001,Demo Central Bank,D01,Demo Sales,0,150000,,,,,,,7588850,565,"[""20210910"",""900317""]",565-C,cor:monetaryAmount,2021-09
19,1,900330,Credit,2021-09-10,Synthetic demo credit sale 900330,4000,Demo Product Sales,C001,Demo Customer Aurora,D01,Demo Sales,0,195040,1200,Demo Accounts Receivable,,,,,12307910,566,"[""20210910"",""900330""]",566-C,cor:monetaryAmount,2021-09
19,2,900330,Debit,2021-09-10,Synthetic demo credit sale 900330,1200,Demo Accounts Receivable,C001,Demo Customer Aurora,D01,Demo Sales,195040,0,4000,Demo Product Sales,,,,,13897210,566,"[""20210910"",""900330""]",566-D,cor:monetaryAmount,2021-09
20,1,900350,Credit,2021-09-11,Synthetic demo credit sale 900350,4020,Demo Other Operating Revenue,C001,Demo Customer Aurora,D01,Demo Sales,0,314480,1200,Demo Accounts Receivable,,,,,6249520,567,"[""20210911"",""900350""]",567-C,cor:monetaryAmount,2021-09
20,2,900350,Debit,2021-09-11,Synthetic demo credit sale 900350,1200,Demo Accounts Receivable,C001,Demo Customer Aurora,D01,Demo Sales,314480,0,4020,Demo Other Operating Revenue,,,,,14211690,567,"[""20210911"",""900350""]",567-D,cor:monetaryAmount,2021-09
21,1,900296,Credit,2021-09-12,Synthetic demo purchase on account 900296,2000,Demo Accounts Payable,V001,Demo Vendor Keystone,D04,Demo Logistics,0,258430,5020,Demo Inventory Adjustment,,,,,2428090,568,"[""20210912"",""900296""]",568-C,cor:monetaryAmount,2021-09
21,2,900296,Debit,2021-09-12,Synthetic demo purchase on account 900296,5020,Demo Inventory Adjustment,V001,Demo Vendor Keystone,D04,Demo Logistics,258430,0,2000,Demo Accounts Payable,,,,,3290870,568,"[""20210912"",""900296""]",568-D,cor:monetaryAmount,2021-09
22,1,900329,Debit,2021-09-13,Synthetic demo multi-vendor settlement 900329,2000,Demo Accounts Payable,V010,Demo Vendor Tandem,D01,Demo Sales,138360,0,,,,,,,2289730,569,"[""20210913"",""900329""]",569-D,cor:monetaryAmount,2021-09
22,2,900329,Debit,2021-09-13,Synthetic demo multi-vendor settlement 900329,2100,Demo Accrued Payables,V003,Demo Vendor Mosaic,D01,Demo Sales,520540,0,,,,,,,5229510,570,"[""20210913"",""900329""]",570-D,cor:monetaryAmount,2021-09
22,3,900329,Credit,2021-09-13,Synthetic demo multi-vendor settlement 900329,1120,Demo Harbor Ordinary Deposit,B003,Harbor Demo Bank,D01,Demo Sales,0,349210,,,,,,,10381400,571,"[""20210913"",""900329""]",571-C,cor:monetaryAmount,2021-09
22,4,900329,Credit,2021-09-13,Synthetic demo multi-vendor settlement 900329,1100,Demo Central Ordinary Deposit,B001,Demo Central Bank,D01,Demo Sales,0,309690,,,,,,,7279160,572,"[""20210913"",""900329""]",572-C,cor:monetaryAmount,2021-09
23,1,900301,Credit,2021-09-14,Synthetic demo credit sale 900301,4010,Demo Service Revenue,C004,Demo Customer Dawn,D01,Demo Sales,0,168150,1200,Demo Accounts Receivable,,,,,12646480,573,"[""20210914"",""900301""]",573-C,cor:monetaryAmount,2021-09
23,2,900301,Debit,2021-09-14,Synthetic demo credit sale 900301,1200,Demo Accounts Receivable,C004,Demo Customer Dawn,D01,Demo Sales,168150,0,4010,Demo Service Revenue,,,,,14379840,573,"[""20210914"",""900301""]",573-D,cor:monetaryAmount,2021-09
24,1,900309,Credit,2021-09-14,Synthetic demo prepaid service 900309,1100,Demo Central Ordinary Deposit,B001,Demo Central Bank,D05,Demo Digital Services,0,111220,1400,Demo Prepaid Expenses,,,,,7167940,574,"[""20210914"",""900309""]",574-C,cor:monetaryAmount,2021-09
24,2,900309,Debit,2021-09-14,Synthetic demo prepaid service 900309,1400,Demo Prepaid Expenses,S004,Demo Logistics Services,D05,Demo Digital Services,111220,0,1100,Demo Central Ordinary Deposit,,,,,3475700,574,"[""20210914"",""900309""]",574-D,cor:monetaryAmount,2021-09
25,1,900310,Credit,2021-09-14,Synthetic demo credit sale 900310,4010,Demo Service Revenue,C001,Demo Customer Aurora,D01,Demo Sales,0,110630,1200,Demo Accounts Receivable,,,,,12757110,575,"[""20210914"",""900310""]",575-C,cor:monetaryAmount,2021-09
25,2,900310,Debit,2021-09-14,Synthetic demo credit sale 900310,1200,Demo Accounts Receivable,C001,Demo Customer Aurora,D01,Demo Sales,110630,0,4010,Demo Service Revenue,,,,,14490470,575,"[""20210914"",""900310""]",575-D,cor:monetaryAmount,2021-09
26,1,900306,Credit,2021-09-15,Synthetic demo monthly payroll bundle 900306,1100,Demo Central Ordinary Deposit,B001,Demo Central Bank,D02,Demo Administration,0,557490,,,,,,,6610450,576,"[""20210915"",""900306""]",576-C,cor:monetaryAmount,2021-09
26,2,900306,Debit,2021-09-15,Synthetic demo monthly payroll bundle 900306,6000,Demo Salaries,,,D02,Demo Administration,306610,0,1100,Demo Central Ordinary Deposit,,,,,3845800,576,"[""20210915"",""900306""]",576-D,cor:monetaryAmount,2021-09
26,3,900306,Debit,2021-09-15,Synthetic demo monthly payroll bundle 900306,6010,Demo Statutory Welfare,,,D02,Demo Administration,61320,0,1100,Demo Central Ordinary Deposit,,,,,2023760,577,"[""20210915"",""900306""]",577-D,cor:monetaryAmount,2021-09
26,4,900306,Debit,2021-09-15,Synthetic demo monthly payroll bundle 900306,2110,Demo Payroll Withholding,,,D02,Demo Administration,189560,0,1100,Demo Central Ordinary Deposit,,,,,2525200,578,"[""20210915"",""900306""]",578-D,cor:monetaryAmount,2021-09
27,1,900331,Credit,2021-09-15,Synthetic demo credit sale 900331,4010,Demo Service Revenue,C004,Demo Customer Dawn,D01,Demo Sales,0,118570,1200,Demo Accounts Receivable,,,,,12875680,579,"[""20210915"",""900331""]",579-C,cor:monetaryAmount,2021-09
27,2,900331,Debit,2021-09-15,Synthetic demo credit sale 900331,1200,Demo Accounts Receivable,C004,Demo Customer Dawn,D01,Demo Sales,118570,0,4010,Demo Service Revenue,,,,,14609040,579,"[""20210915"",""900331""]",579-D,cor:monetaryAmount,2021-09
28,1,900348,Debit,2021-09-15,Synthetic demo mixed sales and receipt 900348,1100,Demo Central Ordinary Deposit,B001,Demo Central Bank,D01,Demo Sales,142590,0,,,,,,,6753040,580,"[""20210915"",""900348""]",580-D,cor:monetaryAmount,2021-09
28,2,900348,Debit,2021-09-15,Synthetic demo mixed sales and receipt 900348,1200,Demo Accounts Receivable,C009,Demo Customer Indigo,D01,Demo Sales,160810,0,,,,,,,14769850,581,"[""20210915"",""900348""]",581-D,cor:monetaryAmount,2021-09
28,3,900348,Credit,2021-09-15,Synthetic demo mixed sales and receipt 900348,4000,Demo Product Sales,C010,Demo Customer Juniper,D01,Demo Sales,0,54610,,,,,,,12362520,582,"[""20210915"",""900348""]",582-C,cor:monetaryAmount,2021-09
28,4,900348,Credit,2021-09-15,Synthetic demo mixed sales and receipt 900348,4010,Demo Service Revenue,C001,Demo Customer Aurora,D01,Demo Sales,0,248790,,,,,,,13124470,583,"[""20210915"",""900348""]",583-C,cor:monetaryAmount,2021-09
29,1,900298,Credit,2021-09-16,Synthetic demo operating cost bundle 900298,1110,Demo North Current Deposit,B002,North Demo Bank,D03,Demo Operations,0,658430,,,,,,,10626040,584,"[""20210916"",""900298""]",584-C,cor:monetaryAmount,2021-09
29,2,900298,Debit,2021-09-16,Synthetic demo operating cost bundle 900298,6030,Demo Utilities,S002,Demo Energy Services,D03,Demo Operations,131680,0,1110,Demo North Current Deposit,,,,,3137680,584,"[""20210916"",""900298""]",584-D,cor:monetaryAmount,2021-09
29,3,900298,Debit,2021-09-16,Synthetic demo operating cost bundle 900298,6040,Demo Communication,S003,Demo Network Services,D03,Demo Operations,223860,0,1110,Demo North Current Deposit,,,,,2008470,585,"[""20210916"",""900298""]",585-D,cor:monetaryAmount,2021-09
29,4,900298,Debit,2021-09-16,Synthetic demo operating cost bundle 900298,6060,Demo Office Supplies,V009,Demo Vendor Summit,D03,Demo Operations,302890,0,1110,Demo North Current Deposit,,,,,3337950,586,"[""20210916"",""900298""]",586-D,cor:monetaryAmount,2021-09
30,1,900323,Debit,2021-09-16,Synthetic demo multi-vendor settlement 900323,2000,Demo Accounts Payable,V004,Demo Vendor Nimbus,D01,Demo Sales,44500,0,,,,,,,2245230,587,"[""20210916"",""900323""]",587-D,cor:monetaryAmount,2021-09
30,2,900323,Debit,2021-09-16,Synthetic demo multi-vendor settlement 900323,2100,Demo Accrued Payables,V007,Demo Vendor Quartz,D01,Demo Sales,252190,0,,,,,,,4977320,588,"[""20210916"",""900323""]",588-D,cor:monetaryAmount,2021-09
30,3,900323,Credit,2021-09-16,Synthetic demo multi-vendor settlement 900323,1120,Demo Harbor Ordinary Deposit,B003,Harbor Demo Bank,D01,Demo Sales,0,109770,,,,,,,10271630,589,"[""20210916"",""900323""]",589-C,cor:monetaryAmount,2021-09
30,4,900323,Credit,2021-09-16,Synthetic demo multi-vendor settlement 900323,1100,Demo Central Ordinary Deposit,B001,Demo Central Bank,D01,Demo Sales,0,186920,,,,,,,6566120,590,"[""20210916"",""900323""]",590-C,cor:monetaryAmount,2021-09
31,1,900345,Credit,2021-09-16,Synthetic demo monthly payroll bundle 900345,1100,Demo Central Ordinary Deposit,B001,Demo Central Bank,D02,Demo Administration,0,449240,,,,,,,6116880,591,"[""20210916"",""900345""]",591-C,cor:monetaryAmount,2021-09
31,2,900345,Debit,2021-09-16,Synthetic demo monthly payroll bundle 900345,6000,Demo Salaries,,,D02,Demo Administration,134770,0,1100,Demo Central Ordinary Deposit,,,,,3980570,591,"[""20210916"",""900345""]",591-D,cor:monetaryAmount,2021-09
31,3,900345,Debit,2021-09-16,Synthetic demo monthly payroll bundle 900345,6010,Demo Statutory Welfare,,,D02,Demo Administration,8980,0,1100,Demo Central Ordinary Deposit,,,,,2032740,592,"[""20210916"",""900345""]",592-D,cor:monetaryAmount,2021-09
31,4,900345,Debit,2021-09-16,Synthetic demo monthly payroll bundle 900345,2110,Demo Payroll Withholding,,,D02,Demo Administration,305490,0,1100,Demo Central Ordinary Deposit,,,,,2219710,593,"[""20210916"",""900345""]",593-D,cor:monetaryAmount,2021-09
32,1,900302,Credit,2021-09-17,Synthetic demo credit sale 900302,4020,Demo Other Operating Revenue,C007,Demo Customer Grove,D01,Demo Sales,0,450750,1200,Demo Accounts Receivable,,,,,6700270,594,"[""20210917"",""900302""]",594-C,cor:monetaryAmount,2021-09
32,2,900302,Debit,2021-09-17,Synthetic demo credit sale 900302,1200,Demo Accounts Receivable,C007,Demo Customer Grove,D01,Demo Sales,450750,0,4020,Demo Other Operating Revenue,,,,,15220600,594,"[""20210917"",""900302""]",594-D,cor:monetaryAmount,2021-09
33,1,900319,Credit,2021-09-17,Synthetic demo operating cost bundle 900319,1110,Demo North Current Deposit,B002,North Demo Bank,D03,Demo Operations,0,425260,,,,,,,10200780,595,"[""20210917"",""900319""]",595-C,cor:monetaryAmount,2021-09
33,2,900319,Debit,2021-09-17,Synthetic demo operating cost bundle 900319,6030,Demo Utilities,S002,Demo Energy Services,D03,Demo Operations,157340,0,1110,Demo North Current Deposit,,,,,3295020,595,"[""20210917"",""900319""]",595-D,cor:monetaryAmount,2021-09
33,3,900319,Debit,2021-09-17,Synthetic demo operating cost bundle 900319,6040,Demo Communication,S003,Demo Network Services,D03,Demo Operations,106310,0,1110,Demo North Current Deposit,,,,,2114780,596,"[""20210917"",""900319""]",596-D,cor:monetaryAmount,2021-09
33,4,900319,Debit,2021-09-17,Synthetic demo operating cost bundle 900319,6060,Demo Office Supplies,V010,Demo Vendor Tandem,D03,Demo Operations,161610,0,1110,Demo North Current Deposit,,,,,3499560,597,"[""20210917"",""900319""]",597-D,cor:monetaryAmount,2021-09
34,1,900334,Credit,2021-09-17,Synthetic demo customer receipt 900334,1200,Demo Accounts Receivable,C003,Demo Customer Cobalt,D01,Demo Sales,0,92990,1110,Demo North Current Deposit,,,,,15127610,598,"[""20210917"",""900334""]",598-C,cor:monetaryAmount,2021-09
34,2,900334,Debit,2021-09-17,Synthetic demo customer receipt 900334,1110,Demo North Current Deposit,B002,North Demo Bank,D01,Demo Sales,92990,0,1200,Demo Accounts Receivable,,,,,10293770,598,"[""20210917"",""900334""]",598-D,cor:monetaryAmount,2021-09
35,1,900335,Credit,2021-09-17,Synthetic demo purchase on account 900335,2000,Demo Accounts Payable,V006,Demo Vendor Prairie,D04,Demo Logistics,0,178650,5020,Demo Inventory Adjustment,,,,,2423880,599,"[""20210917"",""900335""]",599-C,cor:monetaryAmount,2021-09
35,2,900335,Debit,2021-09-17,Synthetic demo purchase on account 900335,5020,Demo Inventory Adjustment,V006,Demo Vendor Prairie,D04,Demo Logistics,178650,0,2000,Demo Accounts Payable,,,,,3469520,599,"[""20210917"",""900335""]",599-D,cor:monetaryAmount,2021-09
36,1,900344,Credit,2021-09-17,Synthetic demo customer receipt 900344,1200,Demo Accounts Receivable,C003,Demo Customer Cobalt,D01,Demo Sales,0,112580,1120,Demo Harbor Ordinary Deposit,,,,,15015030,600,"[""20210917"",""900344""]",600-C,cor:monetaryAmount,2021-09
36,2,900344,Debit,2021-09-17,Synthetic demo customer receipt 900344,1120,Demo Harbor Ordinary Deposit,B003,Harbor Demo Bank,D01,Demo Sales,112580,0,1200,Demo Accounts Receivable,,,,,10384210,600,"[""20210917"",""900344""]",600-D,cor:monetaryAmount,2021-09
37,1,900346,Credit,2021-09-17,Synthetic demo purchase on account 900346,2000,Demo Accounts Payable,V001,Demo Vendor Keystone,D04,Demo Logistics,0,332620,5010,Demo Freight-in,,,,,2756500,601,"[""20210917"",""900346""]",601-C,cor:monetaryAmount,2021-09
37,2,900346,Debit,2021-09-17,Synthetic demo purchase on account 900346,5010,Demo Freight-in,V001,Demo Vendor Keystone,D04,Demo Logistics,332620,0,2000,Demo Accounts Payable,,,,,3320370,601,"[""20210917"",""900346""]",601-D,cor:monetaryAmount,2021-09
38,1,900322,Credit,2021-09-18,Synthetic demo credit sale 900322,4010,Demo Service Revenue,C007,Demo Customer Grove,D01,Demo Sales,0,174370,1200,Demo Accounts Receivable,,,,,13298840,602,"[""20210918"",""900322""]",602-C,cor:monetaryAmount,2021-09
38,2,900322,Debit,2021-09-18,Synthetic demo credit sale 900322,1200,Demo Accounts Receivable,C007,Demo Customer Grove,D01,Demo Sales,174370,0,4010,Demo Service Revenue,,,,,15189400,602,"[""20210918"",""900322""]",602-D,cor:monetaryAmount,2021-09
39,1,900325,Credit,2021-09-18,Synthetic demo purchase on account 900325,2000,Demo Accounts Payable,V006,Demo Vendor Prairie,D04,Demo Logistics,0,284710,5010,Demo Freight-in,,,,,3041210,603,"[""20210918"",""900325""]",603-C,cor:monetaryAmount,2021-09
39,2,900325,Debit,2021-09-18,Synthetic demo purchase on account 900325,5010,Demo Freight-in,V006,Demo Vendor Prairie,D04,Demo Logistics,284710,0,2000,Demo Accounts Payable,,,,,3605080,603,"[""20210918"",""900325""]",603-D,cor:monetaryAmount,2021-09
40,1,900304,Debit,2021-09-19,Synthetic demo mixed sales and receipt 900304,1110,Demo North Current Deposit,B002,North Demo Bank,D01,Demo Sales,122860,0,,,,,,,10416630,604,"[""20210919"",""900304""]",604-D,cor:monetaryAmount,2021-09
40,2,900304,Debit,2021-09-19,Synthetic demo mixed sales and receipt 900304,1200,Demo Accounts Receivable,C005,Demo Customer Elm,D01,Demo Sales,523820,0,,,,,,,15713220,605,"[""20210919"",""900304""]",605-D,cor:monetaryAmount,2021-09
40,3,900304,Credit,2021-09-19,Synthetic demo mixed sales and receipt 900304,4000,Demo Product Sales,C006,Demo Customer Fjord,D01,Demo Sales,0,155200,,,,,,,12517720,606,"[""20210919"",""900304""]",606-C,cor:monetaryAmount,2021-09
40,4,900304,Credit,2021-09-19,Synthetic demo mixed sales and receipt 900304,4010,Demo Service Revenue,C007,Demo Customer Grove,D01,Demo Sales,0,491480,,,,,,,13790320,607,"[""20210919"",""900304""]",607-C,cor:monetaryAmount,2021-09
41,1,900332,Credit,2021-09-20,Synthetic demo financing settlement 900332,1120,Demo Harbor Ordinary Deposit,B003,Harbor Demo Bank,D06,Demo Management,0,448340,,,,,,,9935870,608,"[""20210920"",""900332""]",608-C,cor:monetaryAmount,2021-09
41,2,900332,Debit,2021-09-20,Synthetic demo financing settlement 900332,2200,Demo Short-term Loans,,,D06,Demo Management,251070,0,1120,Demo Harbor Ordinary Deposit,,,,,3966940,608,"[""20210920"",""900332""]",608-D,cor:monetaryAmount,2021-09
41,3,900332,Debit,2021-09-20,Synthetic demo financing settlement 900332,6070,Demo Bank Fees,B003,Harbor Demo Bank,D06,Demo Management,80700,0,1120,Demo Harbor Ordinary Deposit,,,,,1232550,609,"[""20210920"",""900332""]",609-D,cor:monetaryAmount,2021-09
41,4,900332,Debit,2021-09-20,Synthetic demo financing settlement 900332,7000,Demo Taxes and Dues,,,D06,Demo Management,116570,0,1120,Demo Harbor Ordinary Deposit,,,,,3364310,610,"[""20210920"",""900332""]",610-D,cor:monetaryAmount,2021-09
42,1,900342,Debit,2021-09-20,Synthetic demo mixed sales and receipt 900342,1100,Demo Central Ordinary Deposit,B001,Demo Central Bank,D01,Demo Sales,195920,0,,,,,,,6312800,611,"[""20210920"",""900342""]",611-D,cor:monetaryAmount,2021-09
42,2,900342,Debit,2021-09-20,Synthetic demo mixed sales and receipt 900342,1200,Demo Accounts Receivable,C003,Demo Customer Cobalt,D01,Demo Sales,160300,0,,,,,,,15873520,612,"[""20210920"",""900342""]",612-D,cor:monetaryAmount,2021-09
42,3,900342,Credit,2021-09-20,Synthetic demo mixed sales and receipt 900342,4000,Demo Product Sales,C004,Demo Customer Dawn,D01,Demo Sales,0,302780,,,,,,,12820500,613,"[""20210920"",""900342""]",613-C,cor:monetaryAmount,2021-09
42,4,900342,Credit,2021-09-20,Synthetic demo mixed sales and receipt 900342,4010,Demo Service Revenue,C005,Demo Customer Elm,D01,Demo Sales,0,53440,,,,,,,13843760,614,"[""20210920"",""900342""]",614-C,cor:monetaryAmount,2021-09
43,1,900316,Credit,2021-09-21,Synthetic demo purchase on account 900316,2000,Demo Accounts Payable,V001,Demo Vendor Keystone,D04,Demo Logistics,0,148540,5010,Demo Freight-in,,,,,3189750,615,"[""20210921"",""900316""]",615-C,cor:monetaryAmount,2021-09
43,2,900316,Debit,2021-09-21,Synthetic demo purchase on account 900316,5010,Demo Freight-in,V001,Demo Vendor Keystone,D04,Demo Logistics,148540,0,2000,Demo Accounts Payable,,,,,3753620,615,"[""20210921"",""900316""]",615-D,cor:monetaryAmount,2021-09
44,1,900328,Credit,2021-09-21,Synthetic demo operating expense 900328,1110,Demo North Current Deposit,B002,North Demo Bank,D03,Demo Operations,0,34930,6060,Demo Office Supplies,,,,,10381700,616,"[""20210921"",""900328""]",616-C,cor:monetaryAmount,2021-09
44,2,900328,Debit,2021-09-21,Synthetic demo operating expense 900328,6060,Demo Office Supplies,V001,Demo Vendor Keystone,D03,Demo Operations,34930,0,1110,Demo North Current Deposit,,,,,3534490,616,"[""20210921"",""900328""]",616-D,cor:monetaryAmount,2021-09
45,1,900297,Credit,2021-09-23,Synthetic demo vendor settlement 900297,1100,Demo Central Ordinary Deposit,B001,Demo Central Bank,D04,Demo Logistics,0,146380,2000,Demo Accounts Payable,,,,,6166420,617,"[""20210923"",""900297""]",617-C,cor:monetaryAmount,2021-09
45,2,900297,Debit,2021-09-23,Synthetic demo vendor settlement 900297,2000,Demo Accounts Payable,V006,Demo Vendor Prairie,D04,Demo Logistics,146380,0,1100,Demo Central Ordinary Deposit,,,,,3043370,617,"[""20210923"",""900297""]",617-D,cor:monetaryAmount,2021-09
46,1,900315,Credit,2021-09-23,Synthetic demo purchase on account 900315,2000,Demo Accounts Payable,V006,Demo Vendor Prairie,D04,Demo Logistics,0,353960,5000,Demo Purchases,,,,,3397330,618,"[""20210923"",""900315""]",618-C,cor:monetaryAmount,2021-09
46,2,900315,Debit,2021-09-23,Synthetic demo purchase on account 900315,5000,Demo Purchases,V006,Demo Vendor Prairie,D04,Demo Logistics,353960,0,2000,Demo Accounts Payable,,,,,2497080,618,"[""20210923"",""900315""]",618-D,cor:monetaryAmount,2021-09
47,1,900311,Debit,2021-09-25,Synthetic demo multi-vendor settlement 900311,2000,Demo Accounts Payable,V002,Demo Vendor Lattice,D01,Demo Sales,116410,0,,,,,,,3280920,619,"[""20210925"",""900311""]",619-D,cor:monetaryAmount,2021-09
47,2,900311,Debit,2021-09-25,Synthetic demo multi-vendor settlement 900311,2100,Demo Accrued Payables,V005,Demo Vendor Orchid,D01,Demo Sales,465670,0,,,,,,,4511650,620,"[""20210925"",""900311""]",620-D,cor:monetaryAmount,2021-09
47,3,900311,Credit,2021-09-25,Synthetic demo multi-vendor settlement 900311,1120,Demo Harbor Ordinary Deposit,B003,Harbor Demo Bank,D01,Demo Sales,0,232830,,,,,,,9703040,621,"[""20210925"",""900311""]",621-C,cor:monetaryAmount,2021-09
47,4,900311,Credit,2021-09-25,Synthetic demo multi-vendor settlement 900311,1100,Demo Central Ordinary Deposit,B001,Demo Central Bank,D01,Demo Sales,0,349250,,,,,,,5817170,622,"[""20210925"",""900311""]",622-C,cor:monetaryAmount,2021-09
48,1,900320,Credit,2021-09-25,Synthetic demo credit sale 900320,4020,Demo Other Operating Revenue,C001,Demo Customer Aurora,D01,Demo Sales,0,305090,1200,Demo Accounts Receivable,,,,,7005360,623,"[""20210925"",""900320""]",623-C,cor:monetaryAmount,2021-09
48,2,900320,Debit,2021-09-25,Synthetic demo credit sale 900320,1200,Demo Accounts Receivable,C001,Demo Customer Aurora,D01,Demo Sales,305090,0,4020,Demo Other Operating Revenue,,,,,16178610,623,"[""20210925"",""900320""]",623-D,cor:monetaryAmount,2021-09
49,1,900347,Credit,2021-09-25,Synthetic demo vendor settlement 900347,1120,Demo Harbor Ordinary Deposit,B003,Harbor Demo Bank,D04,Demo Logistics,0,185570,2000,Demo Accounts Payable,,,,,9517470,624,"[""20210925"",""900347""]",624-C,cor:monetaryAmount,2021-09
49,2,900347,Debit,2021-09-25,Synthetic demo vendor settlement 900347,2000,Demo Accounts Payable,V006,Demo Vendor Prairie,D04,Demo Logistics,185570,0,1120,Demo Harbor Ordinary Deposit,,,,,3095350,624,"[""20210925"",""900347""]",624-D,cor:monetaryAmount,2021-09
50,1,900318,Credit,2021-09-26,Synthetic demo operating expense 900318,1100,Demo Central Ordinary Deposit,B001,Demo Central Bank,D02,Demo Administration,0,143410,6140,Demo Vehicle Expense,,,,,5673760,625,"[""20210926"",""900318""]",625-C,cor:monetaryAmount,2021-09
50,2,900318,Debit,2021-09-26,Synthetic demo operating expense 900318,6140,Demo Vehicle Expense,V001,Demo Vendor Keystone,D02,Demo Administration,143410,0,1100,Demo Central Ordinary Deposit,,,,,514910,625,"[""20210926"",""900318""]",625-D,cor:monetaryAmount,2021-09
51,1,900307,Credit,2021-09-28,Synthetic demo vendor settlement 900307,1110,Demo North Current Deposit,B002,North Demo Bank,D04,Demo Logistics,0,214630,2000,Demo Accounts Payable,,,,,10167070,626,"[""20210928"",""900307""]",626-C,cor:monetaryAmount,2021-09
51,2,900307,Debit,2021-09-28,Synthetic demo vendor settlement 900307,2000,Demo Accounts Payable,V006,Demo Vendor Prairie,D04,Demo Logistics,214630,0,1110,Demo North Current Deposit,,,,,2880720,626,"[""20210928"",""900307""]",626-D,cor:monetaryAmount,2021-09
52,1,900337,Credit,2021-09-28,Synthetic demo vendor settlement 900337,1110,Demo North Current Deposit,B002,North Demo Bank,D04,Demo Logistics,0,221550,2000,Demo Accounts Payable,,,,,9945520,627,"[""20210928"",""900337""]",627-C,cor:monetaryAmount,2021-09
52,2,900337,Debit,2021-09-28,Synthetic demo vendor settlement 900337,2000,Demo Accounts Payable,V006,Demo Vendor Prairie,D04,Demo Logistics,221550,0,1110,Demo North Current Deposit,,,,,2659170,627,"[""20210928"",""900337""]",627-D,cor:monetaryAmount,2021-09
53,1,900321,Credit,2021-09-29,Synthetic demo credit sale 900321,4000,Demo Product Sales,C004,Demo Customer Dawn,D01,Demo Sales,0,595770,1200,Demo Accounts Receivable,,,,,13416270,628,"[""20210929"",""900321""]",628-C,cor:monetaryAmount,2021-09
53,2,900321,Debit,2021-09-29,Synthetic demo credit sale 900321,1200,Demo Accounts Receivable,C004,Demo Customer Dawn,D01,Demo Sales,595770,0,4000,Demo Product Sales,,,,,16774380,628,"[""20210929"",""900321""]",628-D,cor:monetaryAmount,2021-09
54,1,900333,Credit,2021-09-29,Synthetic demo customer receipt 900333,1200,Demo Accounts Receivable,C010,Demo Customer Juniper,D01,Demo Sales,0,203720,1100,Demo Central Ordinary Deposit,,,,,16570660,629,"[""20210929"",""900333""]",629-C,cor:monetaryAmount,2021-09
54,2,900333,Debit,2021-09-29,Synthetic demo customer receipt 900333,1100,Demo Central Ordinary Deposit,B001,Demo Central Bank,D01,Demo Sales,203720,0,1200,Demo Accounts Receivable,,,,,5877480,629,"[""20210929"",""900333""]",629-D,cor:monetaryAmount,2021-09
55,1,900341,Credit,2021-09-29,Synthetic demo credit sale 900341,4020,Demo Other Operating Revenue,C004,Demo Customer Dawn,D01,Demo Sales,0,285420,1200,Demo Accounts Receivable,,,,,7290780,630,"[""20210929"",""900341""]",630-C,cor:monetaryAmount,2021-09
55,2,900341,Debit,2021-09-29,Synthetic demo credit sale 900341,1200,Demo Accounts Receivable,C004,Demo Customer Dawn,D01,Demo Sales,285420,0,4020,Demo Other Operating Revenue,,,,,16856080,630,"[""20210929"",""900341""]",630-D,cor:monetaryAmount,2021-09
56,1,900303,Credit,2021-09-30,Synthetic demo customer receipt 900303,1200,Demo Accounts Receivable,C010,Demo Customer Juniper,D01,Demo Sales,0,175050,1100,Demo Central Ordinary Deposit,,,,,16681030,631,"[""20210930"",""900303""]",631-C,cor:monetaryAmount,2021-09
56,2,900303,Debit,2021-09-30,Synthetic demo customer receipt 900303,1100,Demo Central Ordinary Deposit,B001,Demo Central Bank,D01,Demo Sales,175050,0,1200,Demo Accounts Receivable,,,,,6052530,631,"[""20210930"",""900303""]",631-D,cor:monetaryAmount,2021-09
57,1,900305,Credit,2021-09-30,Synthetic demo purchase on account 900305,2000,Demo Accounts Payable,V006,Demo Vendor Prairie,D04,Demo Logistics,0,101790,5020,Demo Inventory Adjustment,,,,,2760960,632,"[""20210930"",""900305""]",632-C,cor:monetaryAmount,2021-09
57,2,900305,Debit,2021-09-30,Synthetic demo purchase on account 900305,5020,Demo Inventory Adjustment,V006,Demo Vendor Prairie,D04,Demo Logistics,101790,0,2000,Demo Accounts Payable,,,,,3571310,632,"[""20210930"",""900305""]",632-D,cor:monetaryAmount,2021-09
58,1,900352,Credit,2021-09-30,Synthetic demo credit sale 900352,4010,Demo Service Revenue,C007,Demo Customer Grove,D01,Demo Sales,0,272770,1200,Demo Accounts Receivable,,,,,14116530,633,"[""20210930"",""900352""]",633-C,cor:monetaryAmount,2021-09
58,2,900352,Debit,2021-09-30,Synthetic demo credit sale 900352,1200,Demo Accounts Receivable,C007,Demo Customer Grove,D01,Demo Sales,272770,0,4010,Demo Service Revenue,,,,,16953800,633,"[""20210930"",""900352""]",633-D,cor:monetaryAmount,2021-09
,,,Opening,2021-10-01,* Opening balance,1000,Demo Cash,,,,,0,0,,,,,,,600000,,,,,2021-10
,,,Opening,2021-10-01,* Opening balance,1010,Demo Petty Cash,,,,,0,0,,,,,,,120000,,,,,2021-10
,,,Opening,2021-10-01,* Opening balance,1100,Demo Central Ordinary Deposit,,,,,0,0,,,,,,,6052530,,,,,2021-10
,,,Opening,2021-10-01,* Opening balance,1110,Demo North Current Deposit,,,,,0,0,,,,,,,9945520,,,,,2021-10
,,,Opening,2021-10-01,* Opening balance,1120,Demo Harbor Ordinary Deposit,,,,,0,0,,,,,,,9517470,,,,,2021-10
,,,Opening,2021-10-01,* Opening balance,1200,Demo Accounts Receivable,,,,,0,0,,,,,,,16953800,,,,,2021-10
,,,Opening,2021-10-01,* Opening balance,1210,Demo Notes Receivable,,,,,0,0,,,,,,,800000,,,,,2021-10
,,,Opening,2021-10-01,* Opening balance,1300,Demo Inventory,,,,,0,0,,,,,,,1200000,,,,,2021-10
,,,Opening,2021-10-01,* Opening balance,1400,Demo Prepaid Expenses,,,,,0,0,,,,,,,3475700,,,,,2021-10
,,,Opening,2021-10-01,* Opening balance,1410,Demo Advances Paid,,,,,0,0,,,,,,,250000,,,,,2021-10
,,,Opening,2021-10-01,* Opening balance,1420,Demo Temporary Payments,,,,,0,0,,,,,,,150000,,,,,2021-10
,,,Opening,2021-10-01,* Opening balance,1430,Demo Input Tax Receivable,,,,,0,0,,,,,,,400000,,,,,2021-10
,,,Opening,2021-10-01,* Opening balance,1500,Demo Equipment,,,,,0,0,,,,,,,2000000,,,,,2021-10
,,,Opening,2021-10-01,* Opening balance,1510,Demo Vehicles,,,,,0,0,,,,,,,1200000,,,,,2021-10
,,,Opening,2021-10-01,* Opening balance,1520,Demo Software,,,,,0,0,,,,,,,700000,,,,,2021-10
,,,Opening,2021-10-01,* Opening balance,1590,Demo Accumulated Depreciation,,,,,0,0,,,,,,,900000,,,,,2021-10
,,,Opening,2021-10-01,* Opening balance,2000,Demo Accounts Payable,,,,,0,0,,,,,,,2760960,,,,,2021-10
,,,Opening,2021-10-01,* Opening balance,2010,Demo Notes Payable,,,,,0,0,,,,,,,600000,,,,,2021-10
,,,Opening,2021-10-01,* Opening balance,2100,Demo Accrued Payables,,,,,0,0,,,,,,,4511650,,,,,2021-10
,,,Opening,2021-10-01,* Opening balance,2110,Demo Payroll Withholding,,,,,0,0,,,,,,,2219710,,,,,2021-10
,,,Opening,2021-10-01,* Opening balance,2120,Demo Output Tax Payable,,,,,0,0,,,,,,,450000,,,,,2021-10
,,,Opening,2021-10-01,* Opening balance,2130,Demo Temporary Receipts,,,,,0,0,,,,,,,120000,,,,,2021-10
,,,Opening,2021-10-01,* Opening balance,2200,Demo Short-term Loans,,,,,0,0,,,,,,,3966940,,,,,2021-10
,,,Opening,2021-10-01,* Opening balance,2300,Demo Long-term Loans,,,,,0,0,,,,,,,2500000,,,,,2021-10
,,,Opening,2021-10-01,* Opening balance,2400,Demo Unearned Revenue,,,,,0,0,,,,,,,350000,,,,,2021-10
,,,Opening,2021-10-01,* Opening balance,3000,Demo Capital,,,,,0,0,,,,,,,5000000,,,,,2021-10
,,,Opening,2021-10-01,* Opening balance,3100,Demo Retained Earnings,,,,,0,0,,,,,,,26159010,,,,,2021-10
,,,Opening,2021-10-01,* Opening balance,4000,Demo Product Sales,,,,,0,0,,,,,,,13416270,,,,,2021-10
,,,Opening,2021-10-01,* Opening balance,4010,Demo Service Revenue,,,,,0,0,,,,,,,14116530,,,,,2021-10
,,,Opening,2021-10-01,* Opening balance,4020,Demo Other Operating Revenue,,,,,0,0,,,,,,,7290780,,,,,2021-10
,,,Opening,2021-10-01,* Opening balance,4030,Demo Interest Income,,,,,0,0,,,,,,,0,,,,,2021-10
,,,Opening,2021-10-01,* Opening balance,4040,Demo Miscellaneous Income,,,,,0,0,,,,,,,0,,,,,2021-10
,,,Opening,2021-10-01,* Opening balance,5000,Demo Purchases,,,,,0,0,,,,,,,2497080,,,,,2021-10
,,,Opening,2021-10-01,* Opening balance,5010,Demo Freight-in,,,,,0,0,,,,,,,3753620,,,,,2021-10
,,,Opening,2021-10-01,* Opening balance,5020,Demo Inventory Adjustment,,,,,0,0,,,,,,,3571310,,,,,2021-10
,,,Opening,2021-10-01,* Opening balance,6000,Demo Salaries,,,,,0,0,,,,,,,3980570,,,,,2021-10
,,,Opening,2021-10-01,* Opening balance,6010,Demo Statutory Welfare,,,,,0,0,,,,,,,2032740,,,,,2021-10
,,,Opening,2021-10-01,* Opening balance,6020,Demo Office Rent,,,,,0,0,,,,,,,207810,,,,,2021-10
,,,Opening,2021-10-01,* Opening balance,6030,Demo Utilities,,,,,0,0,,,,,,,3295020,,,,,2021-10
,,,Opening,2021-10-01,* Opening balance,6040,Demo Communication,,,,,0,0,,,,,,,2114780,,,,,2021-10
,,,Opening,2021-10-01,* Opening balance,6050,Demo Business Travel,,,,,0,0,,,,,,,0,,,,,2021-10
,,,Opening,2021-10-01,* Opening balance,6060,Demo Office Supplies,,,,,0,0,,,,,,,3534490,,,,,2021-10
,,,Opening,2021-10-01,* Opening balance,6070,Demo Bank Fees,,,,,0,0,,,,,,,1232550,,,,,2021-10
,,,Opening,2021-10-01,* Opening balance,6080,Demo Advertising,,,,,0,0,,,,,,,234100,,,,,2021-10
,,,Opening,2021-10-01,* Opening balance,6090,Demo Insurance,,,,,0,0,,,,,,,0,,,,,2021-10
,,,Opening,2021-10-01,* Opening balance,6100,Demo Repairs,,,,,0,0,,,,,,,419650,,,,,2021-10
,,,Opening,2021-10-01,* Opening balance,6110,Demo Depreciation Expense,,,,,0,0,,,,,,,0,,,,,2021-10
,,,Opening,2021-10-01,* Opening balance,6120,Demo Professional Fees,,,,,0,0,,,,,,,124060,,,,,2021-10
,,,Opening,2021-10-01,* Opening balance,6130,Demo Training,,,,,0,0,,,,,,,0,,,,,2021-10
,,,Opening,2021-10-01,* Opening balance,6140,Demo Vehicle Expense,,,,,0,0,,,,,,,514910,,,,,2021-10
,,,Opening,2021-10-01,* Opening balance,6150,Demo Software Subscription,,,,,0,0,,,,,,,0,,,,,2021-10
,,,Opening,2021-10-01,* Opening balance,6160,Demo Shipping,,,,,0,0,,,,,,,119830,,,,,2021-10
,,,Opening,2021-10-01,* Opening balance,6170,Demo Miscellaneous Expense,,,,,0,0,,,,,,,0,,,,,2021-10
,,,Opening,2021-10-01,* Opening balance,7000,Demo Taxes and Dues,,,,,0,0,,,,,,,3364310,,,,,2021-10
,,,Opening,2021-10-01,* Opening balance,7010,Demo Corporate Tax,,,,,0,0,,,,,,,0,,,,,2021-10
,,,Opening,2021-10-01,* Opening balance,7020,Demo Consumption Tax Expense,,,,,0,0,,,,,,,0,,,,,2021-10
,,,Opening,2021-10-01,* Opening balance,8000,Demo Suspense,,,,,0,0,,,,,,,50000,,,,,2021-10
,,,Opening,2021-10-01,* Opening balance,8010,Demo Clearing,,,,,0,0,,,,,,,50000,,,,,2021-10
1,1,900367,Debit,2021-10-01,Synthetic demo multi-vendor settlement 900367,2000,Demo Accounts Payable,V008,Demo Vendor Rivulet,D01,Demo Sales,146200,0,,,,,,,2614760,634,"[""20211001"",""900367""]",634-D,cor:monetaryAmount,2021-10
1,2,900367,Debit,2021-10-01,Synthetic demo multi-vendor settlement 900367,2100,Demo Accrued Payables,V001,Demo Vendor Keystone,D01,Demo Sales,341150,0,,,,,,,4170500,635,"[""20211001"",""900367""]",635-D,cor:monetaryAmount,2021-10
1,3,900367,Credit,2021-10-01,Synthetic demo multi-vendor settlement 900367,1110,Demo North Current Deposit,B002,North Demo Bank,D01,Demo Sales,0,341140,,,,,,,9604380,636,"[""20211001"",""900367""]",636-C,cor:monetaryAmount,2021-10
1,4,900367,Credit,2021-10-01,Synthetic demo multi-vendor settlement 900367,1120,Demo Harbor Ordinary Deposit,B003,Harbor Demo Bank,D01,Demo Sales,0,146210,,,,,,,9371260,637,"[""20211001"",""900367""]",637-C,cor:monetaryAmount,2021-10
2,1,900399,Credit,2021-10-01,Synthetic demo prepaid service 900399,1100,Demo Central Ordinary Deposit,B001,Demo Central Bank,D05,Demo Digital Services,0,202420,1400,Demo Prepaid Expenses,,,,,5850110,638,"[""20211001"",""900399""]",638-C,cor:monetaryAmount,2021-10
2,2,900399,Debit,2021-10-01,Synthetic demo prepaid service 900399,1400,Demo Prepaid Expenses,S004,Demo Logistics Services,D05,Demo Digital Services,202420,0,1100,Demo Central Ordinary Deposit,,,,,3678120,638,"[""20211001"",""900399""]",638-D,cor:monetaryAmount,2021-10
3,1,900385,Credit,2021-10-02,Synthetic demo purchase on account 900385,2000,Demo Accounts Payable,V006,Demo Vendor Prairie,D04,Demo Logistics,0,36660,5010,Demo Freight-in,,,,,2651420,639,"[""20211002"",""900385""]",639-C,cor:monetaryAmount,2021-10
3,2,900385,Debit,2021-10-02,Synthetic demo purchase on account 900385,5010,Demo Freight-in,V006,Demo Vendor Prairie,D04,Demo Logistics,36660,0,2000,Demo Accounts Payable,,,,,3790280,639,"[""20211002"",""900385""]",639-D,cor:monetaryAmount,2021-10
4,1,900383,Credit,2021-10-03,Synthetic demo financing settlement 900383,1120,Demo Harbor Ordinary Deposit,B003,Harbor Demo Bank,D06,Demo Management,0,434210,,,,,,,8937050,640,"[""20211003"",""900383""]",640-C,cor:monetaryAmount,2021-10
4,2,900383,Debit,2021-10-03,Synthetic demo financing settlement 900383,2200,Demo Short-term Loans,,,D06,Demo Management,121570,0,1120,Demo Harbor Ordinary Deposit,,,,,3845370,640,"[""20211003"",""900383""]",640-D,cor:monetaryAmount,2021-10
4,3,900383,Debit,2021-10-03,Synthetic demo financing settlement 900383,6070,Demo Bank Fees,B003,Harbor Demo Bank,D06,Demo Management,243150,0,1120,Demo Harbor Ordinary Deposit,,,,,1475700,641,"[""20211003"",""900383""]",641-D,cor:monetaryAmount,2021-10
4,4,900383,Debit,2021-10-03,Synthetic demo financing settlement 900383,7000,Demo Taxes and Dues,,,D06,Demo Management,69490,0,1120,Demo Harbor Ordinary Deposit,,,,,3433800,642,"[""20211003"",""900383""]",642-D,cor:monetaryAmount,2021-10
5,1,900401,Debit,2021-10-03,Synthetic demo multi-vendor settlement 900401,2000,Demo Accounts Payable,V002,Demo Vendor Lattice,D01,Demo Sales,231960,0,,,,,,,2419460,643,"[""20211003"",""900401""]",643-D,cor:monetaryAmount,2021-10
5,2,900401,Debit,2021-10-03,Synthetic demo multi-vendor settlement 900401,2100,Demo Accrued Payables,V005,Demo Vendor Orchid,D01,Demo Sales,61670,0,,,,,,,4108830,644,"[""20211003"",""900401""]",644-D,cor:monetaryAmount,2021-10
5,3,900401,Credit,2021-10-03,Synthetic demo multi-vendor settlement 900401,1120,Demo Harbor Ordinary Deposit,B003,Harbor Demo Bank,D01,Demo Sales,0,138000,,,,,,,8799050,645,"[""20211003"",""900401""]",645-C,cor:monetaryAmount,2021-10
5,4,900401,Credit,2021-10-03,Synthetic demo multi-vendor settlement 900401,1100,Demo Central Ordinary Deposit,B001,Demo Central Bank,D01,Demo Sales,0,155630,,,,,,,5694480,646,"[""20211003"",""900401""]",646-C,cor:monetaryAmount,2021-10
6,1,900406,Credit,2021-10-04,Synthetic demo purchase on account 900406,2000,Demo Accounts Payable,V001,Demo Vendor Keystone,D04,Demo Logistics,0,333950,5010,Demo Freight-in,,,,,2753410,647,"[""20211004"",""900406""]",647-C,cor:monetaryAmount,2021-10
6,2,900406,Debit,2021-10-04,Synthetic demo purchase on account 900406,5010,Demo Freight-in,V001,Demo Vendor Keystone,D04,Demo Logistics,333950,0,2000,Demo Accounts Payable,,,,,4124230,647,"[""20211004"",""900406""]",647-D,cor:monetaryAmount,2021-10
7,1,900395,Credit,2021-10-05,Synthetic demo purchase on account 900395,2000,Demo Accounts Payable,V006,Demo Vendor Prairie,D04,Demo Logistics,0,195440,5020,Demo Inventory Adjustment,,,,,2948850,648,"[""20211005"",""900395""]",648-C,cor:monetaryAmount,2021-10
7,2,900395,Debit,2021-10-05,Synthetic demo purchase on account 900395,5020,Demo Inventory Adjustment,V006,Demo Vendor Prairie,D04,Demo Logistics,195440,0,2000,Demo Accounts Payable,,,,,3766750,648,"[""20211005"",""900395""]",648-D,cor:monetaryAmount,2021-10
8,1,900372,Credit,2021-10-06,Synthetic demo credit sale 900372,4000,Demo Product Sales,C007,Demo Customer Grove,D01,Demo Sales,0,486740,1200,Demo Accounts Receivable,,,,,13903010,649,"[""20211006"",""900372""]",649-C,cor:monetaryAmount,2021-10
8,2,900372,Debit,2021-10-06,Synthetic demo credit sale 900372,1200,Demo Accounts Receivable,C007,Demo Customer Grove,D01,Demo Sales,486740,0,4000,Demo Product Sales,,,,,17440540,649,"[""20211006"",""900372""]",649-D,cor:monetaryAmount,2021-10
9,1,900396,Credit,2021-10-06,Synthetic demo combined customer receipt 900396,1200,Demo Accounts Receivable,C007,Demo Customer Grove,D01,Demo Sales,0,80610,1100,Demo Central Ordinary Deposit,,,,,17359930,650,"[""20211006"",""900396""]",650-C,cor:monetaryAmount,2021-10
9,2,900396,Debit,2021-10-06,Synthetic demo combined customer receipt 900396,1100,Demo Central Ordinary Deposit,B001,Demo Central Bank,D01,Demo Sales,268710,0,,,,,,,5963190,650,"[""20211006"",""900396""]",650-D,cor:monetaryAmount,2021-10
9,3,900396,Credit,2021-10-06,Synthetic demo combined customer receipt 900396,1200,Demo Accounts Receivable,C008,Demo Customer Halo,D01,Demo Sales,0,29550,1100,Demo Central Ordinary Deposit,,,,,17330380,651,"[""20211006"",""900396""]",651-C,cor:monetaryAmount,2021-10
9,4,900396,Credit,2021-10-06,Synthetic demo combined customer receipt 900396,1200,Demo Accounts Receivable,C009,Demo Customer Indigo,D01,Demo Sales,0,158550,1100,Demo Central Ordinary Deposit,,,,,17171830,652,"[""20211006"",""900396""]",652-C,cor:monetaryAmount,2021-10
10,1,900408,Credit,2021-10-06,Synthetic demo operating expense 900408,1100,Demo Central Ordinary Deposit,B001,Demo Central Bank,D02,Demo Administration,0,64460,6140,Demo Vehicle Expense,,,,,5898730,653,"[""20211006"",""900408""]",653-C,cor:monetaryAmount,2021-10
10,2,900408,Debit,2021-10-06,Synthetic demo operating expense 900408,6140,Demo Vehicle Expense,V001,Demo Vendor Keystone,D02,Demo Administration,64460,0,1100,Demo Central Ordinary Deposit,,,,,579370,653,"[""20211006"",""900408""]",653-D,cor:monetaryAmount,2021-10
11,1,900364,Credit,2021-10-07,Synthetic demo operating cost bundle 900364,1110,Demo North Current Deposit,B002,North Demo Bank,D03,Demo Operations,0,524240,,,,,,,9080140,654,"[""20211007"",""900364""]",654-C,cor:monetaryAmount,2021-10
11,2,900364,Debit,2021-10-07,Synthetic demo operating cost bundle 900364,6030,Demo Utilities,S002,Demo Energy Services,D03,Demo Operations,330270,0,1110,Demo North Current Deposit,,,,,3625290,654,"[""20211007"",""900364""]",654-D,cor:monetaryAmount,2021-10
11,3,900364,Debit,2021-10-07,Synthetic demo operating cost bundle 900364,6040,Demo Communication,S003,Demo Network Services,D03,Demo Operations,78630,0,1110,Demo North Current Deposit,,,,,2193410,655,"[""20211007"",""900364""]",655-D,cor:monetaryAmount,2021-10
11,4,900364,Debit,2021-10-07,Synthetic demo operating cost bundle 900364,6060,Demo Office Supplies,V005,Demo Vendor Orchid,D03,Demo Operations,115340,0,1110,Demo North Current Deposit,,,,,3649830,656,"[""20211007"",""900364""]",656-D,cor:monetaryAmount,2021-10
12,1,900380,Debit,2021-10-07,Synthetic demo mixed sales and receipt 900380,1120,Demo Harbor Ordinary Deposit,B003,Harbor Demo Bank,D01,Demo Sales,146410,0,,,,,,,8945460,657,"[""20211007"",""900380""]",657-D,cor:monetaryAmount,2021-10
12,2,900380,Debit,2021-10-07,Synthetic demo mixed sales and receipt 900380,1200,Demo Accounts Receivable,C001,Demo Customer Aurora,D01,Demo Sales,78840,0,,,,,,,17250670,658,"[""20211007"",""900380""]",658-D,cor:monetaryAmount,2021-10
12,3,900380,Credit,2021-10-07,Synthetic demo mixed sales and receipt 900380,4000,Demo Product Sales,C002,Demo Customer Birch,D01,Demo Sales,0,128390,,,,,,,14031400,659,"[""20211007"",""900380""]",659-C,cor:monetaryAmount,2021-10
12,4,900380,Credit,2021-10-07,Synthetic demo mixed sales and receipt 900380,4010,Demo Service Revenue,C003,Demo Customer Cobalt,D01,Demo Sales,0,96860,,,,,,,14213390,660,"[""20211007"",""900380""]",660-C,cor:monetaryAmount,2021-10
13,1,900382,Credit,2021-10-08,Synthetic demo credit sale 900382,4010,Demo Service Revenue,C007,Demo Customer Grove,D01,Demo Sales,0,100740,1200,Demo Accounts Receivable,,,,,14314130,661,"[""20211008"",""900382""]",661-C,cor:monetaryAmount,2021-10
13,2,900382,Debit,2021-10-08,Synthetic demo credit sale 900382,1200,Demo Accounts Receivable,C007,Demo Customer Grove,D01,Demo Sales,100740,0,4010,Demo Service Revenue,,,,,17351410,661,"[""20211008"",""900382""]",661-D,cor:monetaryAmount,2021-10
14,1,900392,Debit,2021-10-08,Synthetic demo mixed sales and receipt 900392,1120,Demo Harbor Ordinary Deposit,B003,Harbor Demo Bank,D01,Demo Sales,110050,0,,,,,,,9055510,662,"[""20211008"",""900392""]",662-D,cor:monetaryAmount,2021-10
14,2,900392,Debit,2021-10-08,Synthetic demo mixed sales and receipt 900392,1200,Demo Accounts Receivable,C003,Demo Customer Cobalt,D01,Demo Sales,368460,0,,,,,,,17719870,663,"[""20211008"",""900392""]",663-D,cor:monetaryAmount,2021-10
14,3,900392,Credit,2021-10-08,Synthetic demo mixed sales and receipt 900392,4000,Demo Product Sales,C004,Demo Customer Dawn,D01,Demo Sales,0,291890,,,,,,,14323290,664,"[""20211008"",""900392""]",664-C,cor:monetaryAmount,2021-10
14,4,900392,Credit,2021-10-08,Synthetic demo mixed sales and receipt 900392,4010,Demo Service Revenue,C005,Demo Customer Elm,D01,Demo Sales,0,186620,,,,,,,14500750,665,"[""20211008"",""900392""]",665-C,cor:monetaryAmount,2021-10
15,1,900354,Credit,2021-10-09,Synthetic demo customer receipt 900354,1200,Demo Accounts Receivable,C003,Demo Customer Cobalt,D01,Demo Sales,0,451200,1100,Demo Central Ordinary Deposit,,,,,17268670,666,"[""20211009"",""900354""]",666-C,cor:monetaryAmount,2021-10
15,2,900354,Debit,2021-10-09,Synthetic demo customer receipt 900354,1100,Demo Central Ordinary Deposit,B001,Demo Central Bank,D01,Demo Sales,451200,0,1200,Demo Accounts Receivable,,,,,6349930,666,"[""20211009"",""900354""]",666-D,cor:monetaryAmount,2021-10
16,1,900356,Credit,2021-10-09,Synthetic demo purchase on account 900356,2000,Demo Accounts Payable,V001,Demo Vendor Keystone,D04,Demo Logistics,0,268000,5020,Demo Inventory Adjustment,,,,,3216850,667,"[""20211009"",""900356""]",667-C,cor:monetaryAmount,2021-10
16,2,900356,Debit,2021-10-09,Synthetic demo purchase on account 900356,5020,Demo Inventory Adjustment,V001,Demo Vendor Keystone,D04,Demo Logistics,268000,0,2000,Demo Accounts Payable,,,,,4034750,667,"[""20211009"",""900356""]",667-D,cor:monetaryAmount,2021-10
17,1,900381,Credit,2021-10-09,Synthetic demo credit sale 900381,4000,Demo Product Sales,C004,Demo Customer Dawn,D01,Demo Sales,0,335100,1200,Demo Accounts Receivable,,,,,14658390,668,"[""20211009"",""900381""]",668-C,cor:monetaryAmount,2021-10
17,2,900381,Debit,2021-10-09,Synthetic demo credit sale 900381,1200,Demo Accounts Receivable,C004,Demo Customer Dawn,D01,Demo Sales,335100,0,4000,Demo Product Sales,,,,,17603770,668,"[""20211009"",""900381""]",668-D,cor:monetaryAmount,2021-10
18,1,900388,Credit,2021-10-09,Synthetic demo operating expense 900388,1110,Demo North Current Deposit,B002,North Demo Bank,D03,Demo Operations,0,124270,6120,Demo Professional Fees,,,,,8955870,669,"[""20211009"",""900388""]",669-C,cor:monetaryAmount,2021-10
18,2,900388,Debit,2021-10-09,Synthetic demo operating expense 900388,6120,Demo Professional Fees,V001,Demo Vendor Keystone,D03,Demo Operations,124270,0,1110,Demo North Current Deposit,,,,,248330,669,"[""20211009"",""900388""]",669-D,cor:monetaryAmount,2021-10
19,1,900398,Credit,2021-10-10,Synthetic demo financing settlement 900398,1120,Demo Harbor Ordinary Deposit,B003,Harbor Demo Bank,D06,Demo Management,0,469040,,,,,,,8586470,670,"[""20211010"",""900398""]",670-C,cor:monetaryAmount,2021-10
19,2,900398,Debit,2021-10-10,Synthetic demo financing settlement 900398,2200,Demo Short-term Loans,,,D06,Demo Management,84420,0,1120,Demo Harbor Ordinary Deposit,,,,,3760950,670,"[""20211010"",""900398""]",670-D,cor:monetaryAmount,2021-10
19,3,900398,Debit,2021-10-10,Synthetic demo financing settlement 900398,6070,Demo Bank Fees,B003,Harbor Demo Bank,D06,Demo Management,187610,0,1120,Demo Harbor Ordinary Deposit,,,,,1663310,671,"[""20211010"",""900398""]",671-D,cor:monetaryAmount,2021-10
19,4,900398,Debit,2021-10-10,Synthetic demo financing settlement 900398,7000,Demo Taxes and Dues,,,D06,Demo Management,197010,0,1120,Demo Harbor Ordinary Deposit,,,,,3630810,672,"[""20211010"",""900398""]",672-D,cor:monetaryAmount,2021-10
20,1,900400,Credit,2021-10-10,Synthetic demo credit sale 900400,4010,Demo Service Revenue,C001,Demo Customer Aurora,D01,Demo Sales,0,246940,1200,Demo Accounts Receivable,,,,,14747690,673,"[""20211010"",""900400""]",673-C,cor:monetaryAmount,2021-10
20,2,900400,Debit,2021-10-10,Synthetic demo credit sale 900400,1200,Demo Accounts Receivable,C001,Demo Customer Aurora,D01,Demo Sales,246940,0,4010,Demo Service Revenue,,,,,17850710,673,"[""20211010"",""900400""]",673-D,cor:monetaryAmount,2021-10
21,1,900411,Debit,2021-10-10,Synthetic demo multi-vendor settlement 900411,2000,Demo Accounts Payable,V002,Demo Vendor Lattice,D01,Demo Sales,260030,0,,,,,,,2956820,674,"[""20211010"",""900411""]",674-D,cor:monetaryAmount,2021-10
21,2,900411,Debit,2021-10-10,Synthetic demo multi-vendor settlement 900411,2100,Demo Accrued Payables,V005,Demo Vendor Orchid,D01,Demo Sales,221520,0,,,,,,,3887310,675,"[""20211010"",""900411""]",675-D,cor:monetaryAmount,2021-10
21,3,900411,Credit,2021-10-10,Synthetic demo multi-vendor settlement 900411,1100,Demo Central Ordinary Deposit,B001,Demo Central Bank,D01,Demo Sales,0,158910,,,,,,,6191020,676,"[""20211010"",""900411""]",676-C,cor:monetaryAmount,2021-10
21,4,900411,Credit,2021-10-10,Synthetic demo multi-vendor settlement 900411,1110,Demo North Current Deposit,B002,North Demo Bank,D01,Demo Sales,0,322640,,,,,,,8633230,677,"[""20211010"",""900411""]",677-C,cor:monetaryAmount,2021-10
22,1,900368,Credit,2021-10-11,Synthetic demo operating expense 900368,1120,Demo Harbor Ordinary Deposit,B003,Harbor Demo Bank,D05,Demo Digital Services,0,154920,6100,Demo Repairs,,,,,8431550,678,"[""20211011"",""900368""]",678-C,cor:monetaryAmount,2021-10
22,2,900368,Debit,2021-10-11,Synthetic demo operating expense 900368,6100,Demo Repairs,V001,Demo Vendor Keystone,D05,Demo Digital Services,154920,0,1120,Demo Harbor Ordinary Deposit,,,,,574570,678,"[""20211011"",""900368""]",678-D,cor:monetaryAmount,2021-10
23,1,900394,Credit,2021-10-11,Synthetic demo customer receipt 900394,1200,Demo Accounts Receivable,C003,Demo Customer Cobalt,D01,Demo Sales,0,102750,1110,Demo North Current Deposit,,,,,17747960,679,"[""20211011"",""900394""]",679-C,cor:monetaryAmount,2021-10
23,2,900394,Debit,2021-10-11,Synthetic demo customer receipt 900394,1110,Demo North Current Deposit,B002,North Demo Bank,D01,Demo Sales,102750,0,1200,Demo Accounts Receivable,,,,,8735980,679,"[""20211011"",""900394""]",679-D,cor:monetaryAmount,2021-10
24,1,900360,Credit,2021-10-12,Synthetic demo credit sale 900360,4000,Demo Product Sales,C001,Demo Customer Aurora,D01,Demo Sales,0,302090,1200,Demo Accounts Receivable,,,,,14960480,680,"[""20211012"",""900360""]",680-C,cor:monetaryAmount,2021-10
24,2,900360,Debit,2021-10-12,Synthetic demo credit sale 900360,1200,Demo Accounts Receivable,C001,Demo Customer Aurora,D01,Demo Sales,302090,0,4000,Demo Product Sales,,,,,18050050,680,"[""20211012"",""900360""]",680-D,cor:monetaryAmount,2021-10
25,1,900407,Credit,2021-10-12,Synthetic demo financing settlement 900407,1120,Demo Harbor Ordinary Deposit,B003,Harbor Demo Bank,D06,Demo Management,0,690440,,,,,,,7741110,681,"[""20211012"",""900407""]",681-C,cor:monetaryAmount,2021-10
25,2,900407,Debit,2021-10-12,Synthetic demo financing settlement 900407,2200,Demo Short-term Loans,,,D06,Demo Management,207130,0,1120,Demo Harbor Ordinary Deposit,,,,,3553820,681,"[""20211012"",""900407""]",681-D,cor:monetaryAmount,2021-10
25,3,900407,Debit,2021-10-12,Synthetic demo financing settlement 900407,6070,Demo Bank Fees,B003,Harbor Demo Bank,D06,Demo Management,62130,0,1120,Demo Harbor Ordinary Deposit,,,,,1725440,682,"[""20211012"",""900407""]",682-D,cor:monetaryAmount,2021-10
25,4,900407,Debit,2021-10-12,Synthetic demo financing settlement 900407,7000,Demo Taxes and Dues,,,D06,Demo Management,421180,0,1120,Demo Harbor Ordinary Deposit,,,,,4051990,683,"[""20211012"",""900407""]",683-D,cor:monetaryAmount,2021-10
26,1,900377,Credit,2021-10-14,Synthetic demo financing settlement 900377,1120,Demo Harbor Ordinary Deposit,B003,Harbor Demo Bank,D06,Demo Management,0,271640,,,,,,,7469470,684,"[""20211014"",""900377""]",684-C,cor:monetaryAmount,2021-10
26,2,900377,Debit,2021-10-14,Synthetic demo financing settlement 900377,2200,Demo Short-term Loans,,,D06,Demo Management,59760,0,1120,Demo Harbor Ordinary Deposit,,,,,3494060,684,"[""20211014"",""900377""]",684-D,cor:monetaryAmount,2021-10
26,3,900377,Debit,2021-10-14,Synthetic demo financing settlement 900377,6070,Demo Bank Fees,B003,Harbor Demo Bank,D06,Demo Management,95070,0,1120,Demo Harbor Ordinary Deposit,,,,,1820510,685,"[""20211014"",""900377""]",685-D,cor:monetaryAmount,2021-10
26,4,900377,Debit,2021-10-14,Synthetic demo financing settlement 900377,7000,Demo Taxes and Dues,,,D06,Demo Management,116810,0,1120,Demo Harbor Ordinary Deposit,,,,,4168800,686,"[""20211014"",""900377""]",686-D,cor:monetaryAmount,2021-10
27,1,900361,Debit,2021-10-15,Synthetic demo multi-vendor settlement 900361,2000,Demo Accounts Payable,V002,Demo Vendor Lattice,D01,Demo Sales,73490,0,,,,,,,2883330,687,"[""20211015"",""900361""]",687-D,cor:monetaryAmount,2021-10
27,2,900361,Debit,2021-10-15,Synthetic demo multi-vendor settlement 900361,2100,Demo Accrued Payables,V005,Demo Vendor Orchid,D01,Demo Sales,114960,0,,,,,,,3772350,688,"[""20211015"",""900361""]",688-D,cor:monetaryAmount,2021-10
27,3,900361,Credit,2021-10-15,Synthetic demo multi-vendor settlement 900361,1110,Demo North Current Deposit,B002,North Demo Bank,D01,Demo Sales,0,67840,,,,,,,8668140,689,"[""20211015"",""900361""]",689-C,cor:monetaryAmount,2021-10
27,4,900361,Credit,2021-10-15,Synthetic demo multi-vendor settlement 900361,1120,Demo Harbor Ordinary Deposit,B003,Harbor Demo Bank,D01,Demo Sales,0,120610,,,,,,,7348860,690,"[""20211015"",""900361""]",690-C,cor:monetaryAmount,2021-10
28,1,900386,Debit,2021-10-15,Synthetic demo mixed sales and receipt 900386,1120,Demo Harbor Ordinary Deposit,B003,Harbor Demo Bank,D01,Demo Sales,186290,0,,,,,,,7535150,691,"[""20211015"",""900386""]",691-D,cor:monetaryAmount,2021-10
28,2,900386,Debit,2021-10-15,Synthetic demo mixed sales and receipt 900386,1200,Demo Accounts Receivable,C007,Demo Customer Grove,D01,Demo Sales,279450,0,,,,,,,18329500,692,"[""20211015"",""900386""]",692-D,cor:monetaryAmount,2021-10
28,3,900386,Credit,2021-10-15,Synthetic demo mixed sales and receipt 900386,4000,Demo Product Sales,C008,Demo Customer Halo,D01,Demo Sales,0,339990,,,,,,,15300470,693,"[""20211015"",""900386""]",693-C,cor:monetaryAmount,2021-10
28,4,900386,Credit,2021-10-15,Synthetic demo mixed sales and receipt 900386,4010,Demo Service Revenue,C009,Demo Customer Indigo,D01,Demo Sales,0,125750,,,,,,,14873440,694,"[""20211015"",""900386""]",694-C,cor:monetaryAmount,2021-10
29,1,900397,Credit,2021-10-15,Synthetic demo vendor settlement 900397,1110,Demo North Current Deposit,B002,North Demo Bank,D04,Demo Logistics,0,169710,2000,Demo Accounts Payable,,,,,8498430,695,"[""20211015"",""900397""]",695-C,cor:monetaryAmount,2021-10
29,2,900397,Debit,2021-10-15,Synthetic demo vendor settlement 900397,2000,Demo Accounts Payable,V006,Demo Vendor Prairie,D04,Demo Logistics,169710,0,1110,Demo North Current Deposit,,,,,2713620,695,"[""20211015"",""900397""]",695-D,cor:monetaryAmount,2021-10
30,1,900363,Credit,2021-10-16,Synthetic demo customer receipt 900363,1200,Demo Accounts Receivable,C010,Demo Customer Juniper,D01,Demo Sales,0,261390,1100,Demo Central Ordinary Deposit,,,,,18068110,696,"[""20211016"",""900363""]",696-C,cor:monetaryAmount,2021-10
30,2,900363,Debit,2021-10-16,Synthetic demo customer receipt 900363,1100,Demo Central Ordinary Deposit,B001,Demo Central Bank,D01,Demo Sales,261390,0,1200,Demo Accounts Receivable,,,,,6452410,696,"[""20211016"",""900363""]",696-D,cor:monetaryAmount,2021-10
31,1,900389,Credit,2021-10-16,Synthetic demo prepaid service 900389,1120,Demo Harbor Ordinary Deposit,B003,Harbor Demo Bank,D05,Demo Digital Services,0,143090,1400,Demo Prepaid Expenses,,,,,7392060,697,"[""20211016"",""900389""]",697-C,cor:monetaryAmount,2021-10
31,2,900389,Debit,2021-10-16,Synthetic demo prepaid service 900389,1400,Demo Prepaid Expenses,S006,Demo Insurance Services,D05,Demo Digital Services,143090,0,1120,Demo Harbor Ordinary Deposit,,,,,3821210,697,"[""20211016"",""900389""]",697-D,cor:monetaryAmount,2021-10
32,1,900391,Credit,2021-10-16,Synthetic demo credit sale 900391,4010,Demo Service Revenue,C004,Demo Customer Dawn,D01,Demo Sales,0,100730,1200,Demo Accounts Receivable,,,,,14974170,698,"[""20211016"",""900391""]",698-C,cor:monetaryAmount,2021-10
32,2,900391,Debit,2021-10-16,Synthetic demo credit sale 900391,1200,Demo Accounts Receivable,C004,Demo Customer Dawn,D01,Demo Sales,100730,0,4010,Demo Service Revenue,,,,,18168840,698,"[""20211016"",""900391""]",698-D,cor:monetaryAmount,2021-10
33,1,900404,Credit,2021-10-17,Synthetic demo customer receipt 900404,1200,Demo Accounts Receivable,C003,Demo Customer Cobalt,D01,Demo Sales,0,358490,1120,Demo Harbor Ordinary Deposit,,,,,17810350,699,"[""20211017"",""900404""]",699-C,cor:monetaryAmount,2021-10
33,2,900404,Debit,2021-10-17,Synthetic demo customer receipt 900404,1120,Demo Harbor Ordinary Deposit,B003,Harbor Demo Bank,D01,Demo Sales,358490,0,1200,Demo Accounts Receivable,,,,,7750550,699,"[""20211017"",""900404""]",699-D,cor:monetaryAmount,2021-10
34,1,900378,Credit,2021-10-18,Synthetic demo operating expense 900378,1100,Demo Central Ordinary Deposit,B001,Demo Central Bank,D02,Demo Administration,0,167040,6020,Demo Office Rent,,,,,6285370,700,"[""20211018"",""900378""]",700-C,cor:monetaryAmount,2021-10
34,2,900378,Debit,2021-10-18,Synthetic demo operating expense 900378,6020,Demo Office Rent,V001,Demo Vendor Keystone,D02,Demo Administration,167040,0,1100,Demo Central Ordinary Deposit,,,,,374850,700,"[""20211018"",""900378""]",700-D,cor:monetaryAmount,2021-10
35,1,900402,Credit,2021-10-19,Synthetic demo credit sale 900402,4000,Demo Product Sales,C007,Demo Customer Grove,D01,Demo Sales,0,71050,1200,Demo Accounts Receivable,,,,,15371520,701,"[""20211019"",""900402""]",701-C,cor:monetaryAmount,2021-10
35,2,900402,Debit,2021-10-19,Synthetic demo credit sale 900402,1200,Demo Accounts Receivable,C007,Demo Customer Grove,D01,Demo Sales,71050,0,4000,Demo Product Sales,,,,,17881400,701,"[""20211019"",""900402""]",701-D,cor:monetaryAmount,2021-10
36,1,900359,Credit,2021-10-20,Synthetic demo prepaid service 900359,1120,Demo Harbor Ordinary Deposit,B003,Harbor Demo Bank,D05,Demo Digital Services,0,170010,1400,Demo Prepaid Expenses,,,,,7580540,702,"[""20211020"",""900359""]",702-C,cor:monetaryAmount,2021-10
36,2,900359,Debit,2021-10-20,Synthetic demo prepaid service 900359,1400,Demo Prepaid Expenses,S006,Demo Insurance Services,D05,Demo Digital Services,170010,0,1120,Demo Harbor Ordinary Deposit,,,,,3991220,702,"[""20211020"",""900359""]",702-D,cor:monetaryAmount,2021-10
37,1,900375,Credit,2021-10-20,Synthetic demo purchase on account 900375,2000,Demo Accounts Payable,V006,Demo Vendor Prairie,D04,Demo Logistics,0,113680,5000,Demo Purchases,,,,,2827300,703,"[""20211020"",""900375""]",703-C,cor:monetaryAmount,2021-10
37,2,900375,Debit,2021-10-20,Synthetic demo purchase on account 900375,5000,Demo Purchases,V006,Demo Vendor Prairie,D04,Demo Logistics,113680,0,2000,Demo Accounts Payable,,,,,2610760,703,"[""20211020"",""900375""]",703-D,cor:monetaryAmount,2021-10
38,1,900384,Credit,2021-10-21,Synthetic demo customer receipt 900384,1200,Demo Accounts Receivable,C003,Demo Customer Cobalt,D01,Demo Sales,0,188430,1100,Demo Central Ordinary Deposit,,,,,17692970,704,"[""20211021"",""900384""]",704-C,cor:monetaryAmount,2021-10
38,2,900384,Debit,2021-10-21,Synthetic demo customer receipt 900384,1100,Demo Central Ordinary Deposit,B001,Demo Central Bank,D01,Demo Sales,188430,0,1200,Demo Accounts Receivable,,,,,6473800,704,"[""20211021"",""900384""]",704-D,cor:monetaryAmount,2021-10
39,1,900409,Credit,2021-10-21,Synthetic demo prepaid service 900409,1110,Demo North Current Deposit,B002,North Demo Bank,D05,Demo Digital Services,0,170990,1400,Demo Prepaid Expenses,,,,,8327440,705,"[""20211021"",""900409""]",705-C,cor:monetaryAmount,2021-10
39,2,900409,Debit,2021-10-21,Synthetic demo prepaid service 900409,1400,Demo Prepaid Expenses,S002,Demo Energy Services,D05,Demo Digital Services,170990,0,1110,Demo North Current Deposit,,,,,4162210,705,"[""20211021"",""900409""]",705-D,cor:monetaryAmount,2021-10
40,1,900357,Credit,2021-10-22,Synthetic demo vendor settlement 900357,1100,Demo Central Ordinary Deposit,B001,Demo Central Bank,D04,Demo Logistics,0,344900,2000,Demo Accounts Payable,,,,,6128900,706,"[""20211022"",""900357""]",706-C,cor:monetaryAmount,2021-10
40,2,900357,Debit,2021-10-22,Synthetic demo vendor settlement 900357,2000,Demo Accounts Payable,V006,Demo Vendor Prairie,D04,Demo Logistics,344900,0,1100,Demo Central Ordinary Deposit,,,,,2482400,706,"[""20211022"",""900357""]",706-D,cor:monetaryAmount,2021-10
41,1,900362,Credit,2021-10-23,Synthetic demo credit sale 900362,4020,Demo Other Operating Revenue,C007,Demo Customer Grove,D01,Demo Sales,0,149380,1200,Demo Accounts Receivable,,,,,7440160,707,"[""20211023"",""900362""]",707-C,cor:monetaryAmount,2021-10
41,2,900362,Debit,2021-10-23,Synthetic demo credit sale 900362,1200,Demo Accounts Receivable,C007,Demo Customer Grove,D01,Demo Sales,149380,0,4020,Demo Other Operating Revenue,,,,,17842350,707,"[""20211023"",""900362""]",707-D,cor:monetaryAmount,2021-10
42,1,900366,Credit,2021-10-23,Synthetic demo purchase on account 900366,2000,Demo Accounts Payable,V001,Demo Vendor Keystone,D04,Demo Logistics,0,222290,5000,Demo Purchases,,,,,2704690,708,"[""20211023"",""900366""]",708-C,cor:monetaryAmount,2021-10
42,2,900366,Debit,2021-10-23,Synthetic demo purchase on account 900366,5000,Demo Purchases,V001,Demo Vendor Keystone,D04,Demo Logistics,222290,0,2000,Demo Accounts Payable,,,,,2833050,708,"[""20211023"",""900366""]",708-D,cor:monetaryAmount,2021-10
43,1,900373,Debit,2021-10-23,Synthetic demo multi-vendor settlement 900373,2000,Demo Accounts Payable,V004,Demo Vendor Nimbus,D01,Demo Sales,420400,0,,,,,,,2284290,709,"[""20211023"",""900373""]",709-D,cor:monetaryAmount,2021-10
43,2,900373,Debit,2021-10-23,Synthetic demo multi-vendor settlement 900373,2100,Demo Accrued Payables,V007,Demo Vendor Quartz,D01,Demo Sales,304440,0,,,,,,,3467910,710,"[""20211023"",""900373""]",710-D,cor:monetaryAmount,2021-10
43,3,900373,Credit,2021-10-23,Synthetic demo multi-vendor settlement 900373,1110,Demo North Current Deposit,B002,North Demo Bank,D01,Demo Sales,0,181210,,,,,,,8146230,711,"[""20211023"",""900373""]",711-C,cor:monetaryAmount,2021-10
43,4,900373,Credit,2021-10-23,Synthetic demo multi-vendor settlement 900373,1120,Demo Harbor Ordinary Deposit,B003,Harbor Demo Bank,D01,Demo Sales,0,543630,,,,,,,7036910,712,"[""20211023"",""900373""]",712-C,cor:monetaryAmount,2021-10
44,1,900379,Credit,2021-10-23,Synthetic demo prepaid service 900379,1110,Demo North Current Deposit,B002,North Demo Bank,D05,Demo Digital Services,0,193830,1400,Demo Prepaid Expenses,,,,,7952400,713,"[""20211023"",""900379""]",713-C,cor:monetaryAmount,2021-10
44,2,900379,Debit,2021-10-23,Synthetic demo prepaid service 900379,1400,Demo Prepaid Expenses,S002,Demo Energy Services,D05,Demo Digital Services,193830,0,1110,Demo North Current Deposit,,,,,4356040,713,"[""20211023"",""900379""]",713-D,cor:monetaryAmount,2021-10
45,1,900358,Credit,2021-10-24,Synthetic demo operating cost bundle 900358,1110,Demo North Current Deposit,B002,North Demo Bank,D03,Demo Operations,0,612420,,,,,,,7339980,714,"[""20211024"",""900358""]",714-C,cor:monetaryAmount,2021-10
45,2,900358,Debit,2021-10-24,Synthetic demo operating cost bundle 900358,6030,Demo Utilities,S002,Demo Energy Services,D03,Demo Operations,226590,0,1110,Demo North Current Deposit,,,,,3851880,714,"[""20211024"",""900358""]",714-D,cor:monetaryAmount,2021-10
45,3,900358,Debit,2021-10-24,Synthetic demo operating cost bundle 900358,6040,Demo Communication,S003,Demo Network Services,D03,Demo Operations,251090,0,1110,Demo North Current Deposit,,,,,2444500,715,"[""20211024"",""900358""]",715-D,cor:monetaryAmount,2021-10
45,4,900358,Debit,2021-10-24,Synthetic demo operating cost bundle 900358,6060,Demo Office Supplies,V009,Demo Vendor Summit,D03,Demo Operations,134740,0,1110,Demo North Current Deposit,,,,,3784570,716,"[""20211024"",""900358""]",716-D,cor:monetaryAmount,2021-10
46,1,900405,Debit,2021-10-25,Synthetic demo multi-vendor settlement 900405,2000,Demo Accounts Payable,V006,Demo Vendor Prairie,D01,Demo Sales,202880,0,,,,,,,2081410,717,"[""20211025"",""900405""]",717-D,cor:monetaryAmount,2021-10
46,2,900405,Debit,2021-10-25,Synthetic demo multi-vendor settlement 900405,2100,Demo Accrued Payables,V009,Demo Vendor Summit,D01,Demo Sales,41560,0,,,,,,,3426350,718,"[""20211025"",""900405""]",718-D,cor:monetaryAmount,2021-10
46,3,900405,Credit,2021-10-25,Synthetic demo multi-vendor settlement 900405,1100,Demo Central Ordinary Deposit,B001,Demo Central Bank,D01,Demo Sales,0,83100,,,,,,,6045800,719,"[""20211025"",""900405""]",719-C,cor:monetaryAmount,2021-10
46,4,900405,Credit,2021-10-25,Synthetic demo multi-vendor settlement 900405,1110,Demo North Current Deposit,B002,North Demo Bank,D01,Demo Sales,0,161340,,,,,,,7178640,720,"[""20211025"",""900405""]",720-C,cor:monetaryAmount,2021-10
47,1,900369,Credit,2021-10-26,Synthetic demo prepaid service 900369,1100,Demo Central Ordinary Deposit,B001,Demo Central Bank,D05,Demo Digital Services,0,165310,1400,Demo Prepaid Expenses,,,,,5880490,721,"[""20211026"",""900369""]",721-C,cor:monetaryAmount,2021-10
47,2,900369,Debit,2021-10-26,Synthetic demo prepaid service 900369,1400,Demo Prepaid Expenses,S004,Demo Logistics Services,D05,Demo Digital Services,165310,0,1100,Demo Central Ordinary Deposit,,,,,4521350,721,"[""20211026"",""900369""]",721-D,cor:monetaryAmount,2021-10
48,1,900374,Credit,2021-10-26,Synthetic demo customer receipt 900374,1200,Demo Accounts Receivable,C003,Demo Customer Cobalt,D01,Demo Sales,0,453950,1120,Demo Harbor Ordinary Deposit,,,,,17388400,722,"[""20211026"",""900374""]",722-C,cor:monetaryAmount,2021-10
48,2,900374,Debit,2021-10-26,Synthetic demo customer receipt 900374,1120,Demo Harbor Ordinary Deposit,B003,Harbor Demo Bank,D01,Demo Sales,453950,0,1200,Demo Accounts Receivable,,,,,7490860,722,"[""20211026"",""900374""]",722-D,cor:monetaryAmount,2021-10
49,1,900365,Credit,2021-10-27,Synthetic demo purchase on account 900365,2000,Demo Accounts Payable,V006,Demo Vendor Prairie,D04,Demo Logistics,0,249130,5020,Demo Inventory Adjustment,,,,,2330540,723,"[""20211027"",""900365""]",723-C,cor:monetaryAmount,2021-10
49,2,900365,Debit,2021-10-27,Synthetic demo purchase on account 900365,5020,Demo Inventory Adjustment,V006,Demo Vendor Prairie,D04,Demo Logistics,249130,0,2000,Demo Accounts Payable,,,,,4283880,723,"[""20211027"",""900365""]",723-D,cor:monetaryAmount,2021-10
50,1,900370,Credit,2021-10-28,Synthetic demo credit sale 900370,4010,Demo Service Revenue,C001,Demo Customer Aurora,D01,Demo Sales,0,376100,1200,Demo Accounts Receivable,,,,,15350270,724,"[""20211028"",""900370""]",724-C,cor:monetaryAmount,2021-10
50,2,900370,Debit,2021-10-28,Synthetic demo credit sale 900370,1200,Demo Accounts Receivable,C001,Demo Customer Aurora,D01,Demo Sales,376100,0,4010,Demo Service Revenue,,,,,17764500,724,"[""20211028"",""900370""]",724-D,cor:monetaryAmount,2021-10
51,1,900371,Credit,2021-10-28,Synthetic demo financing settlement 900371,1120,Demo Harbor Ordinary Deposit,B003,Harbor Demo Bank,D06,Demo Management,0,344680,,,,,,,7146180,725,"[""20211028"",""900371""]",725-C,cor:monetaryAmount,2021-10
51,2,900371,Debit,2021-10-28,Synthetic demo financing settlement 900371,2200,Demo Short-term Loans,,,D06,Demo Management,186120,0,1120,Demo Harbor Ordinary Deposit,,,,,3307940,725,"[""20211028"",""900371""]",725-D,cor:monetaryAmount,2021-10
51,3,900371,Debit,2021-10-28,Synthetic demo financing settlement 900371,6070,Demo Bank Fees,B003,Harbor Demo Bank,D06,Demo Management,86170,0,1120,Demo Harbor Ordinary Deposit,,,,,1906680,726,"[""20211028"",""900371""]",726-D,cor:monetaryAmount,2021-10
51,4,900371,Debit,2021-10-28,Synthetic demo financing settlement 900371,7000,Demo Taxes and Dues,,,D06,Demo Management,72390,0,1120,Demo Harbor Ordinary Deposit,,,,,4241190,727,"[""20211028"",""900371""]",727-D,cor:monetaryAmount,2021-10
52,1,900376,Credit,2021-10-28,Synthetic demo purchase on account 900376,2000,Demo Accounts Payable,V001,Demo Vendor Keystone,D04,Demo Logistics,0,184540,5010,Demo Freight-in,,,,,2515080,728,"[""20211028"",""900376""]",728-C,cor:monetaryAmount,2021-10
52,2,900376,Debit,2021-10-28,Synthetic demo purchase on account 900376,5010,Demo Freight-in,V001,Demo Vendor Keystone,D04,Demo Logistics,184540,0,2000,Demo Accounts Payable,,,,,4308770,728,"[""20211028"",""900376""]",728-D,cor:monetaryAmount,2021-10
53,1,900410,Credit,2021-10-28,Synthetic demo credit sale 900410,4020,Demo Other Operating Revenue,C001,Demo Customer Aurora,D01,Demo Sales,0,256830,1200,Demo Accounts Receivable,,,,,7696990,729,"[""20211028"",""900410""]",729-C,cor:monetaryAmount,2021-10
53,2,900410,Debit,2021-10-28,Synthetic demo credit sale 900410,1200,Demo Accounts Receivable,C001,Demo Customer Aurora,D01,Demo Sales,256830,0,4020,Demo Other Operating Revenue,,,,,18021330,729,"[""20211028"",""900410""]",729-D,cor:monetaryAmount,2021-10
54,1,900355,Debit,2021-10-31,Synthetic demo multi-vendor settlement 900355,2000,Demo Accounts Payable,V006,Demo Vendor Prairie,D01,Demo Sales,326130,0,,,,,,,2188950,730,"[""20211031"",""900355""]",730-D,cor:monetaryAmount,2021-10
54,2,900355,Debit,2021-10-31,Synthetic demo multi-vendor settlement 900355,2100,Demo Accrued Payables,V009,Demo Vendor Summit,D01,Demo Sales,339450,0,,,,,,,3086900,731,"[""20211031"",""900355""]",731-D,cor:monetaryAmount,2021-10
54,3,900355,Credit,2021-10-31,Synthetic demo multi-vendor settlement 900355,1110,Demo North Current Deposit,B002,North Demo Bank,D01,Demo Sales,0,372720,,,,,,,6805920,732,"[""20211031"",""900355""]",732-C,cor:monetaryAmount,2021-10
54,4,900355,Credit,2021-10-31,Synthetic demo multi-vendor settlement 900355,1120,Demo Harbor Ordinary Deposit,B003,Harbor Demo Bank,D01,Demo Sales,0,292860,,,,,,,6853320,733,"[""20211031"",""900355""]",733-C,cor:monetaryAmount,2021-10
55,1,900387,Credit,2021-10-31,Synthetic demo vendor settlement 900387,1100,Demo Central Ordinary Deposit,B001,Demo Central Bank,D04,Demo Logistics,0,82330,2000,Demo Accounts Payable,,,,,5798160,734,"[""20211031"",""900387""]",734-C,cor:monetaryAmount,2021-10
55,2,900387,Debit,2021-10-31,Synthetic demo vendor settlement 900387,2000,Demo Accounts Payable,V006,Demo Vendor Prairie,D04,Demo Logistics,82330,0,1100,Demo Central Ordinary Deposit,,,,,2106620,734,"[""20211031"",""900387""]",734-D,cor:monetaryAmount,2021-10
56,1,900390,Credit,2021-10-31,Synthetic demo monthly payroll bundle 900390,1100,Demo Central Ordinary Deposit,B001,Demo Central Bank,D02,Demo Administration,0,406750,,,,,,,5391410,735,"[""20211031"",""900390""]",735-C,cor:monetaryAmount,2021-10
56,2,900390,Debit,2021-10-31,Synthetic demo monthly payroll bundle 900390,6000,Demo Salaries,,,D02,Demo Administration,178970,0,1100,Demo Central Ordinary Deposit,,,,,4159540,735,"[""20211031"",""900390""]",735-D,cor:monetaryAmount,2021-10
56,3,900390,Debit,2021-10-31,Synthetic demo monthly payroll bundle 900390,6010,Demo Statutory Welfare,,,D02,Demo Administration,28470,0,1100,Demo Central Ordinary Deposit,,,,,2061210,736,"[""20211031"",""900390""]",736-D,cor:monetaryAmount,2021-10
56,4,900390,Debit,2021-10-31,Synthetic demo monthly payroll bundle 900390,2110,Demo Payroll Withholding,,,D02,Demo Administration,199310,0,1100,Demo Central Ordinary Deposit,,,,,2020400,737,"[""20211031"",""900390""]",737-D,cor:monetaryAmount,2021-10
57,1,900393,Credit,2021-10-31,Synthetic demo customer receipt 900393,1200,Demo Accounts Receivable,C010,Demo Customer Juniper,D01,Demo Sales,0,423760,1100,Demo Central Ordinary Deposit,,,,,17597570,738,"[""20211031"",""900393""]",738-C,cor:monetaryAmount,2021-10
57,2,900393,Debit,2021-10-31,Synthetic demo customer receipt 900393,1100,Demo Central Ordinary Deposit,B001,Demo Central Bank,D01,Demo Sales,423760,0,1200,Demo Accounts Receivable,,,,,5815170,738,"[""20211031"",""900393""]",738-D,cor:monetaryAmount,2021-10
58,1,900403,Credit,2021-10-31,Synthetic demo customer receipt 900403,1200,Demo Accounts Receivable,C010,Demo Customer Juniper,D01,Demo Sales,0,268760,1110,Demo North Current Deposit,,,,,17328810,739,"[""20211031"",""900403""]",739-C,cor:monetaryAmount,2021-10
58,2,900403,Debit,2021-10-31,Synthetic demo customer receipt 900403,1110,Demo North Current Deposit,B002,North Demo Bank,D01,Demo Sales,268760,0,1200,Demo Accounts Receivable,,,,,7074680,739,"[""20211031"",""900403""]",739-D,cor:monetaryAmount,2021-10
,,,Opening,2021-11-01,* Opening balance,1000,Demo Cash,,,,,0,0,,,,,,,600000,,,,,2021-11
,,,Opening,2021-11-01,* Opening balance,1010,Demo Petty Cash,,,,,0,0,,,,,,,120000,,,,,2021-11
,,,Opening,2021-11-01,* Opening balance,1100,Demo Central Ordinary Deposit,,,,,0,0,,,,,,,5815170,,,,,2021-11
,,,Opening,2021-11-01,* Opening balance,1110,Demo North Current Deposit,,,,,0,0,,,,,,,7074680,,,,,2021-11
,,,Opening,2021-11-01,* Opening balance,1120,Demo Harbor Ordinary Deposit,,,,,0,0,,,,,,,6853320,,,,,2021-11
,,,Opening,2021-11-01,* Opening balance,1200,Demo Accounts Receivable,,,,,0,0,,,,,,,17328810,,,,,2021-11
,,,Opening,2021-11-01,* Opening balance,1210,Demo Notes Receivable,,,,,0,0,,,,,,,800000,,,,,2021-11
,,,Opening,2021-11-01,* Opening balance,1300,Demo Inventory,,,,,0,0,,,,,,,1200000,,,,,2021-11
,,,Opening,2021-11-01,* Opening balance,1400,Demo Prepaid Expenses,,,,,0,0,,,,,,,4521350,,,,,2021-11
,,,Opening,2021-11-01,* Opening balance,1410,Demo Advances Paid,,,,,0,0,,,,,,,250000,,,,,2021-11
,,,Opening,2021-11-01,* Opening balance,1420,Demo Temporary Payments,,,,,0,0,,,,,,,150000,,,,,2021-11
,,,Opening,2021-11-01,* Opening balance,1430,Demo Input Tax Receivable,,,,,0,0,,,,,,,400000,,,,,2021-11
,,,Opening,2021-11-01,* Opening balance,1500,Demo Equipment,,,,,0,0,,,,,,,2000000,,,,,2021-11
,,,Opening,2021-11-01,* Opening balance,1510,Demo Vehicles,,,,,0,0,,,,,,,1200000,,,,,2021-11
,,,Opening,2021-11-01,* Opening balance,1520,Demo Software,,,,,0,0,,,,,,,700000,,,,,2021-11
,,,Opening,2021-11-01,* Opening balance,1590,Demo Accumulated Depreciation,,,,,0,0,,,,,,,900000,,,,,2021-11
,,,Opening,2021-11-01,* Opening balance,2000,Demo Accounts Payable,,,,,0,0,,,,,,,2106620,,,,,2021-11
,,,Opening,2021-11-01,* Opening balance,2010,Demo Notes Payable,,,,,0,0,,,,,,,600000,,,,,2021-11
,,,Opening,2021-11-01,* Opening balance,2100,Demo Accrued Payables,,,,,0,0,,,,,,,3086900,,,,,2021-11
,,,Opening,2021-11-01,* Opening balance,2110,Demo Payroll Withholding,,,,,0,0,,,,,,,2020400,,,,,2021-11
,,,Opening,2021-11-01,* Opening balance,2120,Demo Output Tax Payable,,,,,0,0,,,,,,,450000,,,,,2021-11
,,,Opening,2021-11-01,* Opening balance,2130,Demo Temporary Receipts,,,,,0,0,,,,,,,120000,,,,,2021-11
,,,Opening,2021-11-01,* Opening balance,2200,Demo Short-term Loans,,,,,0,0,,,,,,,3307940,,,,,2021-11
,,,Opening,2021-11-01,* Opening balance,2300,Demo Long-term Loans,,,,,0,0,,,,,,,2500000,,,,,2021-11
,,,Opening,2021-11-01,* Opening balance,2400,Demo Unearned Revenue,,,,,0,0,,,,,,,350000,,,,,2021-11
,,,Opening,2021-11-01,* Opening balance,3000,Demo Capital,,,,,0,0,,,,,,,5000000,,,,,2021-11
,,,Opening,2021-11-01,* Opening balance,3100,Demo Retained Earnings,,,,,0,0,,,,,,,26159010,,,,,2021-11
,,,Opening,2021-11-01,* Opening balance,4000,Demo Product Sales,,,,,0,0,,,,,,,15371520,,,,,2021-11
,,,Opening,2021-11-01,* Opening balance,4010,Demo Service Revenue,,,,,0,0,,,,,,,15350270,,,,,2021-11
,,,Opening,2021-11-01,* Opening balance,4020,Demo Other Operating Revenue,,,,,0,0,,,,,,,7696990,,,,,2021-11
,,,Opening,2021-11-01,* Opening balance,4030,Demo Interest Income,,,,,0,0,,,,,,,0,,,,,2021-11
,,,Opening,2021-11-01,* Opening balance,4040,Demo Miscellaneous Income,,,,,0,0,,,,,,,0,,,,,2021-11
,,,Opening,2021-11-01,* Opening balance,5000,Demo Purchases,,,,,0,0,,,,,,,2833050,,,,,2021-11
,,,Opening,2021-11-01,* Opening balance,5010,Demo Freight-in,,,,,0,0,,,,,,,4308770,,,,,2021-11
,,,Opening,2021-11-01,* Opening balance,5020,Demo Inventory Adjustment,,,,,0,0,,,,,,,4283880,,,,,2021-11
,,,Opening,2021-11-01,* Opening balance,6000,Demo Salaries,,,,,0,0,,,,,,,4159540,,,,,2021-11
,,,Opening,2021-11-01,* Opening balance,6010,Demo Statutory Welfare,,,,,0,0,,,,,,,2061210,,,,,2021-11
,,,Opening,2021-11-01,* Opening balance,6020,Demo Office Rent,,,,,0,0,,,,,,,374850,,,,,2021-11
,,,Opening,2021-11-01,* Opening balance,6030,Demo Utilities,,,,,0,0,,,,,,,3851880,,,,,2021-11
,,,Opening,2021-11-01,* Opening balance,6040,Demo Communication,,,,,0,0,,,,,,,2444500,,,,,2021-11
,,,Opening,2021-11-01,* Opening balance,6050,Demo Business Travel,,,,,0,0,,,,,,,0,,,,,2021-11
,,,Opening,2021-11-01,* Opening balance,6060,Demo Office Supplies,,,,,0,0,,,,,,,3784570,,,,,2021-11
,,,Opening,2021-11-01,* Opening balance,6070,Demo Bank Fees,,,,,0,0,,,,,,,1906680,,,,,2021-11
,,,Opening,2021-11-01,* Opening balance,6080,Demo Advertising,,,,,0,0,,,,,,,234100,,,,,2021-11
,,,Opening,2021-11-01,* Opening balance,6090,Demo Insurance,,,,,0,0,,,,,,,0,,,,,2021-11
,,,Opening,2021-11-01,* Opening balance,6100,Demo Repairs,,,,,0,0,,,,,,,574570,,,,,2021-11
,,,Opening,2021-11-01,* Opening balance,6110,Demo Depreciation Expense,,,,,0,0,,,,,,,0,,,,,2021-11
,,,Opening,2021-11-01,* Opening balance,6120,Demo Professional Fees,,,,,0,0,,,,,,,248330,,,,,2021-11
,,,Opening,2021-11-01,* Opening balance,6130,Demo Training,,,,,0,0,,,,,,,0,,,,,2021-11
,,,Opening,2021-11-01,* Opening balance,6140,Demo Vehicle Expense,,,,,0,0,,,,,,,579370,,,,,2021-11
,,,Opening,2021-11-01,* Opening balance,6150,Demo Software Subscription,,,,,0,0,,,,,,,0,,,,,2021-11
,,,Opening,2021-11-01,* Opening balance,6160,Demo Shipping,,,,,0,0,,,,,,,119830,,,,,2021-11
,,,Opening,2021-11-01,* Opening balance,6170,Demo Miscellaneous Expense,,,,,0,0,,,,,,,0,,,,,2021-11
,,,Opening,2021-11-01,* Opening balance,7000,Demo Taxes and Dues,,,,,0,0,,,,,,,4241190,,,,,2021-11
,,,Opening,2021-11-01,* Opening balance,7010,Demo Corporate Tax,,,,,0,0,,,,,,,0,,,,,2021-11
,,,Opening,2021-11-01,* Opening balance,7020,Demo Consumption Tax Expense,,,,,0,0,,,,,,,0,,,,,2021-11
,,,Opening,2021-11-01,* Opening balance,8000,Demo Suspense,,,,,0,0,,,,,,,50000,,,,,2021-11
,,,Opening,2021-11-01,* Opening balance,8010,Demo Clearing,,,,,0,0,,,,,,,50000,,,,,2021-11
1,1,900414,Credit,2021-11-01,Synthetic demo customer receipt 900414,1200,Demo Accounts Receivable,C003,Demo Customer Cobalt,D01,Demo Sales,0,70310,1100,Demo Central Ordinary Deposit,,,,,17258500,740,"[""20211101"",""900414""]",740-C,cor:monetaryAmount,2021-11
1,2,900414,Debit,2021-11-01,Synthetic demo customer receipt 900414,1100,Demo Central Ordinary Deposit,B001,Demo Central Bank,D01,Demo Sales,70310,0,1200,Demo Accounts Receivable,,,,,5885480,740,"[""20211101"",""900414""]",740-D,cor:monetaryAmount,2021-11
2,1,900425,Credit,2021-11-01,Synthetic demo purchase on account 900425,2000,Demo Accounts Payable,V006,Demo Vendor Prairie,D04,Demo Logistics,0,309160,5020,Demo Inventory Adjustment,,,,,2415780,741,"[""20211101"",""900425""]",741-C,cor:monetaryAmount,2021-11
2,2,900425,Debit,2021-11-01,Synthetic demo purchase on account 900425,5020,Demo Inventory Adjustment,V006,Demo Vendor Prairie,D04,Demo Logistics,309160,0,2000,Demo Accounts Payable,,,,,4593040,741,"[""20211101"",""900425""]",741-D,cor:monetaryAmount,2021-11
3,1,900418,Credit,2021-11-02,Synthetic demo operating expense 900418,1110,Demo North Current Deposit,B002,North Demo Bank,D03,Demo Operations,0,172140,6060,Demo Office Supplies,,,,,6902540,742,"[""20211102"",""900418""]",742-C,cor:monetaryAmount,2021-11
3,2,900418,Debit,2021-11-02,Synthetic demo operating expense 900418,6060,Demo Office Supplies,V001,Demo Vendor Keystone,D03,Demo Operations,172140,0,1110,Demo North Current Deposit,,,,,3956710,742,"[""20211102"",""900418""]",742-D,cor:monetaryAmount,2021-11
4,1,900435,Credit,2021-11-02,Synthetic demo purchase on account 900435,2000,Demo Accounts Payable,V006,Demo Vendor Prairie,D04,Demo Logistics,0,72000,5000,Demo Purchases,,,,,2487780,743,"[""20211102"",""900435""]",743-C,cor:monetaryAmount,2021-11
4,2,900435,Debit,2021-11-02,Synthetic demo purchase on account 900435,5000,Demo Purchases,V006,Demo Vendor Prairie,D04,Demo Logistics,72000,0,2000,Demo Accounts Payable,,,,,2905050,743,"[""20211102"",""900435""]",743-D,cor:monetaryAmount,2021-11
5,1,900454,Credit,2021-11-02,Synthetic demo customer receipt 900454,1200,Demo Accounts Receivable,C003,Demo Customer Cobalt,D01,Demo Sales,0,454500,1110,Demo North Current Deposit,,,,,16804000,744,"[""20211102"",""900454""]",744-C,cor:monetaryAmount,2021-11
5,2,900454,Debit,2021-11-02,Synthetic demo customer receipt 900454,1110,Demo North Current Deposit,B002,North Demo Bank,D01,Demo Sales,454500,0,1200,Demo Accounts Receivable,,,,,7357040,744,"[""20211102"",""900454""]",744-D,cor:monetaryAmount,2021-11
6,1,900466,Credit,2021-11-04,Synthetic demo purchase on account 900466,2000,Demo Accounts Payable,V001,Demo Vendor Keystone,D04,Demo Logistics,0,363650,5010,Demo Freight-in,,,,,2851430,745,"[""20211104"",""900466""]",745-C,cor:monetaryAmount,2021-11
6,2,900466,Debit,2021-11-04,Synthetic demo purchase on account 900466,5010,Demo Freight-in,V001,Demo Vendor Keystone,D04,Demo Logistics,363650,0,2000,Demo Accounts Payable,,,,,4672420,745,"[""20211104"",""900466""]",745-D,cor:monetaryAmount,2021-11
7,1,900453,Credit,2021-11-05,Synthetic demo customer receipt 900453,1200,Demo Accounts Receivable,C010,Demo Customer Juniper,D01,Demo Sales,0,343560,1100,Demo Central Ordinary Deposit,,,,,16460440,746,"[""20211105"",""900453""]",746-C,cor:monetaryAmount,2021-11
7,2,900453,Debit,2021-11-05,Synthetic demo customer receipt 900453,1100,Demo Central Ordinary Deposit,B001,Demo Central Bank,D01,Demo Sales,343560,0,1200,Demo Accounts Receivable,,,,,6229040,746,"[""20211105"",""900453""]",746-D,cor:monetaryAmount,2021-11
8,1,900462,Credit,2021-11-05,Synthetic demo credit sale 900462,4000,Demo Product Sales,C007,Demo Customer Grove,D01,Demo Sales,0,236330,1200,Demo Accounts Receivable,,,,,15607850,747,"[""20211105"",""900462""]",747-C,cor:monetaryAmount,2021-11
8,2,900462,Debit,2021-11-05,Synthetic demo credit sale 900462,1200,Demo Accounts Receivable,C007,Demo Customer Grove,D01,Demo Sales,236330,0,4000,Demo Product Sales,,,,,16696770,747,"[""20211105"",""900462""]",747-D,cor:monetaryAmount,2021-11
9,1,900463,Credit,2021-11-05,Synthetic demo customer receipt 900463,1200,Demo Accounts Receivable,C010,Demo Customer Juniper,D01,Demo Sales,0,81510,1110,Demo North Current Deposit,,,,,16615260,748,"[""20211105"",""900463""]",748-C,cor:monetaryAmount,2021-11
9,2,900463,Debit,2021-11-05,Synthetic demo customer receipt 900463,1110,Demo North Current Deposit,B002,North Demo Bank,D01,Demo Sales,81510,0,1200,Demo Accounts Receivable,,,,,7438550,748,"[""20211105"",""900463""]",748-D,cor:monetaryAmount,2021-11
10,1,900412,Credit,2021-11-06,Synthetic demo credit sale 900412,4010,Demo Service Revenue,C007,Demo Customer Grove,D01,Demo Sales,0,438890,1200,Demo Accounts Receivable,,,,,15789160,749,"[""20211106"",""900412""]",749-C,cor:monetaryAmount,2021-11
10,2,900412,Debit,2021-11-06,Synthetic demo credit sale 900412,1200,Demo Accounts Receivable,C007,Demo Customer Grove,D01,Demo Sales,438890,0,4010,Demo Service Revenue,,,,,17054150,749,"[""20211106"",""900412""]",749-D,cor:monetaryAmount,2021-11
11,1,900455,Debit,2021-11-06,Synthetic demo multi-vendor settlement 900455,2000,Demo Accounts Payable,V006,Demo Vendor Prairie,D01,Demo Sales,232730,0,,,,,,,2618700,750,"[""20211106"",""900455""]",750-D,cor:monetaryAmount,2021-11
11,2,900455,Debit,2021-11-06,Synthetic demo multi-vendor settlement 900455,2100,Demo Accrued Payables,V009,Demo Vendor Summit,D01,Demo Sales,472520,0,,,,,,,2614380,751,"[""20211106"",""900455""]",751-D,cor:monetaryAmount,2021-11
11,3,900455,Credit,2021-11-06,Synthetic demo multi-vendor settlement 900455,1120,Demo Harbor Ordinary Deposit,B003,Harbor Demo Bank,D01,Demo Sales,0,472510,,,,,,,6380810,752,"[""20211106"",""900455""]",752-C,cor:monetaryAmount,2021-11
11,4,900455,Credit,2021-11-06,Synthetic demo multi-vendor settlement 900455,1100,Demo Central Ordinary Deposit,B001,Demo Central Bank,D01,Demo Sales,0,232740,,,,,,,5996300,753,"[""20211106"",""900455""]",753-C,cor:monetaryAmount,2021-11
12,1,900465,Credit,2021-11-06,Synthetic demo monthly payroll bundle 900465,1100,Demo Central Ordinary Deposit,B001,Demo Central Bank,D02,Demo Administration,0,345220,,,,,,,5651080,754,"[""20211106"",""900465""]",754-C,cor:monetaryAmount,2021-11
12,2,900465,Debit,2021-11-06,Synthetic demo monthly payroll bundle 900465,6000,Demo Salaries,,,D02,Demo Administration,124270,0,1100,Demo Central Ordinary Deposit,,,,,4283810,754,"[""20211106"",""900465""]",754-D,cor:monetaryAmount,2021-11
12,3,900465,Debit,2021-11-06,Synthetic demo monthly payroll bundle 900465,6010,Demo Statutory Welfare,,,D02,Demo Administration,69040,0,1100,Demo Central Ordinary Deposit,,,,,2130250,755,"[""20211106"",""900465""]",755-D,cor:monetaryAmount,2021-11
12,4,900465,Debit,2021-11-06,Synthetic demo monthly payroll bundle 900465,2110,Demo Payroll Withholding,,,D02,Demo Administration,151910,0,1100,Demo Central Ordinary Deposit,,,,,1868490,756,"[""20211106"",""900465""]",756-D,cor:monetaryAmount,2021-11
13,1,900439,Credit,2021-11-07,Synthetic demo operating cost bundle 900439,1110,Demo North Current Deposit,B002,North Demo Bank,D03,Demo Operations,0,509690,,,,,,,6928860,757,"[""20211107"",""900439""]",757-C,cor:monetaryAmount,2021-11
13,2,900439,Debit,2021-11-07,Synthetic demo operating cost bundle 900439,6030,Demo Utilities,S002,Demo Energy Services,D03,Demo Operations,127420,0,1110,Demo North Current Deposit,,,,,3979300,757,"[""20211107"",""900439""]",757-D,cor:monetaryAmount,2021-11
13,3,900439,Debit,2021-11-07,Synthetic demo operating cost bundle 900439,6040,Demo Communication,S003,Demo Network Services,D03,Demo Operations,168190,0,1110,Demo North Current Deposit,,,,,2612690,758,"[""20211107"",""900439""]",758-D,cor:monetaryAmount,2021-11
13,4,900439,Debit,2021-11-07,Synthetic demo operating cost bundle 900439,6060,Demo Office Supplies,V010,Demo Vendor Tandem,D03,Demo Operations,214080,0,1110,Demo North Current Deposit,,,,,4170790,759,"[""20211107"",""900439""]",759-D,cor:monetaryAmount,2021-11
14,1,900440,Credit,2021-11-07,Synthetic demo credit sale 900440,4020,Demo Other Operating Revenue,C001,Demo Customer Aurora,D01,Demo Sales,0,83210,1200,Demo Accounts Receivable,,,,,7780200,760,"[""20211107"",""900440""]",760-C,cor:monetaryAmount,2021-11
14,2,900440,Debit,2021-11-07,Synthetic demo credit sale 900440,1200,Demo Accounts Receivable,C001,Demo Customer Aurora,D01,Demo Sales,83210,0,4020,Demo Other Operating Revenue,,,,,17137360,760,"[""20211107"",""900440""]",760-D,cor:monetaryAmount,2021-11
15,1,900443,Credit,2021-11-07,Synthetic demo customer receipt 900443,1200,Demo Accounts Receivable,C010,Demo Customer Juniper,D01,Demo Sales,0,404850,1120,Demo Harbor Ordinary Deposit,,,,,16732510,761,"[""20211107"",""900443""]",761-C,cor:monetaryAmount,2021-11
15,2,900443,Debit,2021-11-07,Synthetic demo customer receipt 900443,1120,Demo Harbor Ordinary Deposit,B003,Harbor Demo Bank,D01,Demo Sales,404850,0,1200,Demo Accounts Receivable,,,,,6785660,761,"[""20211107"",""900443""]",761-D,cor:monetaryAmount,2021-11
16,1,900464,Credit,2021-11-07,Synthetic demo customer receipt 900464,1200,Demo Accounts Receivable,C003,Demo Customer Cobalt,D01,Demo Sales,0,121240,1120,Demo Harbor Ordinary Deposit,,,,,16611270,762,"[""20211107"",""900464""]",762-C,cor:monetaryAmount,2021-11
16,2,900464,Debit,2021-11-07,Synthetic demo customer receipt 900464,1120,Demo Harbor Ordinary Deposit,B003,Harbor Demo Bank,D01,Demo Sales,121240,0,1200,Demo Accounts Receivable,,,,,6906900,762,"[""20211107"",""900464""]",762-D,cor:monetaryAmount,2021-11
17,1,900449,Debit,2021-11-08,Synthetic demo multi-vendor settlement 900449,2000,Demo Accounts Payable,V010,Demo Vendor Tandem,D01,Demo Sales,401520,0,,,,,,,2217180,763,"[""20211108"",""900449""]",763-D,cor:monetaryAmount,2021-11
17,2,900449,Debit,2021-11-08,Synthetic demo multi-vendor settlement 900449,2100,Demo Accrued Payables,V003,Demo Vendor Mosaic,D01,Demo Sales,156160,0,,,,,,,2458220,764,"[""20211108"",""900449""]",764-D,cor:monetaryAmount,2021-11
17,3,900449,Credit,2021-11-08,Synthetic demo multi-vendor settlement 900449,1120,Demo Harbor Ordinary Deposit,B003,Harbor Demo Bank,D01,Demo Sales,0,133840,,,,,,,6773060,765,"[""20211108"",""900449""]",765-C,cor:monetaryAmount,2021-11
17,4,900449,Credit,2021-11-08,Synthetic demo multi-vendor settlement 900449,1100,Demo Central Ordinary Deposit,B001,Demo Central Bank,D01,Demo Sales,0,423840,,,,,,,5227240,766,"[""20211108"",""900449""]",766-C,cor:monetaryAmount,2021-11
18,1,900422,Credit,2021-11-09,Synthetic demo credit sale 900422,4020,Demo Other Operating Revenue,C007,Demo Customer Grove,D01,Demo Sales,0,580680,1200,Demo Accounts Receivable,,,,,8360880,767,"[""20211109"",""900422""]",767-C,cor:monetaryAmount,2021-11
18,2,900422,Debit,2021-11-09,Synthetic demo credit sale 900422,1200,Demo Accounts Receivable,C007,Demo Customer Grove,D01,Demo Sales,580680,0,4020,Demo Other Operating Revenue,,,,,17191950,767,"[""20211109"",""900422""]",767-D,cor:monetaryAmount,2021-11
19,1,900423,Credit,2021-11-09,Synthetic demo customer receipt 900423,1200,Demo Accounts Receivable,C010,Demo Customer Juniper,D01,Demo Sales,0,220510,1100,Demo Central Ordinary Deposit,,,,,16971440,768,"[""20211109"",""900423""]",768-C,cor:monetaryAmount,2021-11
19,2,900423,Debit,2021-11-09,Synthetic demo customer receipt 900423,1100,Demo Central Ordinary Deposit,B001,Demo Central Bank,D01,Demo Sales,220510,0,1200,Demo Accounts Receivable,,,,,5447750,768,"[""20211109"",""900423""]",768-D,cor:monetaryAmount,2021-11
20,1,900450,Credit,2021-11-09,Synthetic demo credit sale 900450,4000,Demo Product Sales,C001,Demo Customer Aurora,D01,Demo Sales,0,438240,1200,Demo Accounts Receivable,,,,,16046090,769,"[""20211109"",""900450""]",769-C,cor:monetaryAmount,2021-11
20,2,900450,Debit,2021-11-09,Synthetic demo credit sale 900450,1200,Demo Accounts Receivable,C001,Demo Customer Aurora,D01,Demo Sales,438240,0,4000,Demo Product Sales,,,,,17409680,769,"[""20211109"",""900450""]",769-D,cor:monetaryAmount,2021-11
21,1,900451,Credit,2021-11-09,Synthetic demo credit sale 900451,4010,Demo Service Revenue,C004,Demo Customer Dawn,D01,Demo Sales,0,300970,1200,Demo Accounts Receivable,,,,,16090130,770,"[""20211109"",""900451""]",770-C,cor:monetaryAmount,2021-11
21,2,900451,Debit,2021-11-09,Synthetic demo credit sale 900451,1200,Demo Accounts Receivable,C004,Demo Customer Dawn,D01,Demo Sales,300970,0,4010,Demo Service Revenue,,,,,17710650,770,"[""20211109"",""900451""]",770-D,cor:monetaryAmount,2021-11
22,1,900420,Credit,2021-11-10,Synthetic demo monthly payroll bundle 900420,1100,Demo Central Ordinary Deposit,B001,Demo Central Bank,D02,Demo Administration,0,300510,,,,,,,5147240,771,"[""20211110"",""900420""]",771-C,cor:monetaryAmount,2021-11
22,2,900420,Debit,2021-11-10,Synthetic demo monthly payroll bundle 900420,6000,Demo Salaries,,,D02,Demo Administration,123200,0,1100,Demo Central Ordinary Deposit,,,,,4407010,771,"[""20211110"",""900420""]",771-D,cor:monetaryAmount,2021-11
22,3,900420,Debit,2021-11-10,Synthetic demo monthly payroll bundle 900420,6010,Demo Statutory Welfare,,,D02,Demo Administration,108180,0,1100,Demo Central Ordinary Deposit,,,,,2238430,772,"[""20211110"",""900420""]",772-D,cor:monetaryAmount,2021-11
22,4,900420,Debit,2021-11-10,Synthetic demo monthly payroll bundle 900420,2110,Demo Payroll Withholding,,,D02,Demo Administration,69130,0,1100,Demo Central Ordinary Deposit,,,,,1799360,773,"[""20211110"",""900420""]",773-D,cor:monetaryAmount,2021-11
23,1,900429,Credit,2021-11-10,Synthetic demo prepaid service 900429,1100,Demo Central Ordinary Deposit,B001,Demo Central Bank,D05,Demo Digital Services,0,79610,1400,Demo Prepaid Expenses,,,,,5067630,774,"[""20211110"",""900429""]",774-C,cor:monetaryAmount,2021-11
23,2,900429,Debit,2021-11-10,Synthetic demo prepaid service 900429,1400,Demo Prepaid Expenses,S004,Demo Logistics Services,D05,Demo Digital Services,79610,0,1100,Demo Central Ordinary Deposit,,,,,4600960,774,"[""20211110"",""900429""]",774-D,cor:monetaryAmount,2021-11
24,1,900456,Credit,2021-11-12,Synthetic demo purchase on account 900456,2000,Demo Accounts Payable,V001,Demo Vendor Keystone,D04,Demo Logistics,0,204250,5000,Demo Purchases,,,,,2421430,775,"[""20211112"",""900456""]",775-C,cor:monetaryAmount,2021-11
24,2,900456,Debit,2021-11-12,Synthetic demo purchase on account 900456,5000,Demo Purchases,V001,Demo Vendor Keystone,D04,Demo Logistics,204250,0,2000,Demo Accounts Payable,,,,,3109300,775,"[""20211112"",""900456""]",775-D,cor:monetaryAmount,2021-11
25,1,900441,Credit,2021-11-13,Synthetic demo credit sale 900441,4000,Demo Product Sales,C004,Demo Customer Dawn,D01,Demo Sales,0,337560,1200,Demo Accounts Receivable,,,,,16383650,776,"[""20211113"",""900441""]",776-C,cor:monetaryAmount,2021-11
25,2,900441,Debit,2021-11-13,Synthetic demo credit sale 900441,1200,Demo Accounts Receivable,C004,Demo Customer Dawn,D01,Demo Sales,337560,0,4000,Demo Product Sales,,,,,18048210,776,"[""20211113"",""900441""]",776-D,cor:monetaryAmount,2021-11
26,1,900421,Credit,2021-11-14,Synthetic demo credit sale 900421,4010,Demo Service Revenue,C004,Demo Customer Dawn,D01,Demo Sales,0,167500,1200,Demo Accounts Receivable,,,,,16257630,777,"[""20211114"",""900421""]",777-C,cor:monetaryAmount,2021-11
26,2,900421,Debit,2021-11-14,Synthetic demo credit sale 900421,1200,Demo Accounts Receivable,C004,Demo Customer Dawn,D01,Demo Sales,167500,0,4010,Demo Service Revenue,,,,,18215710,777,"[""20211114"",""900421""]",777-D,cor:monetaryAmount,2021-11
27,1,900433,Credit,2021-11-14,Synthetic demo operating cost bundle 900433,1110,Demo North Current Deposit,B002,North Demo Bank,D03,Demo Operations,0,186570,,,,,,,6742290,778,"[""20211114"",""900433""]",778-C,cor:monetaryAmount,2021-11
27,2,900433,Debit,2021-11-14,Synthetic demo operating cost bundle 900433,6030,Demo Utilities,S002,Demo Energy Services,D03,Demo Operations,37310,0,1110,Demo North Current Deposit,,,,,4016610,778,"[""20211114"",""900433""]",778-D,cor:monetaryAmount,2021-11
27,3,900433,Debit,2021-11-14,Synthetic demo operating cost bundle 900433,6040,Demo Communication,S003,Demo Network Services,D03,Demo Operations,14920,0,1110,Demo North Current Deposit,,,,,2627610,779,"[""20211114"",""900433""]",779-D,cor:monetaryAmount,2021-11
27,4,900433,Debit,2021-11-14,Synthetic demo operating cost bundle 900433,6060,Demo Office Supplies,V004,Demo Vendor Nimbus,D03,Demo Operations,134340,0,1110,Demo North Current Deposit,,,,,4305130,780,"[""20211114"",""900433""]",780-D,cor:monetaryAmount,2021-11
28,1,900448,Credit,2021-11-14,Synthetic demo operating expense 900448,1110,Demo North Current Deposit,B002,North Demo Bank,D03,Demo Operations,0,118920,7000,Demo Taxes and Dues,,,,,6623370,781,"[""20211114"",""900448""]",781-C,cor:monetaryAmount,2021-11
28,2,900448,Debit,2021-11-14,Synthetic demo operating expense 900448,7000,Demo Taxes and Dues,V001,Demo Vendor Keystone,D03,Demo Operations,118920,0,1110,Demo North Current Deposit,,,,,4360110,781,"[""20211114"",""900448""]",781-D,cor:monetaryAmount,2021-11
29,1,900419,Credit,2021-11-15,Synthetic demo prepaid service 900419,1120,Demo Harbor Ordinary Deposit,B003,Harbor Demo Bank,D05,Demo Digital Services,0,125550,1400,Demo Prepaid Expenses,,,,,6647510,782,"[""20211115"",""900419""]",782-C,cor:monetaryAmount,2021-11
29,2,900419,Debit,2021-11-15,Synthetic demo prepaid service 900419,1400,Demo Prepaid Expenses,S006,Demo Insurance Services,D05,Demo Digital Services,125550,0,1120,Demo Harbor Ordinary Deposit,,,,,4726510,782,"[""20211115"",""900419""]",782-D,cor:monetaryAmount,2021-11
30,1,900427,Credit,2021-11-15,Synthetic demo vendor settlement 900427,1110,Demo North Current Deposit,B002,North Demo Bank,D04,Demo Logistics,0,159020,2000,Demo Accounts Payable,,,,,6464350,783,"[""20211115"",""900427""]",783-C,cor:monetaryAmount,2021-11
30,2,900427,Debit,2021-11-15,Synthetic demo vendor settlement 900427,2000,Demo Accounts Payable,V006,Demo Vendor Prairie,D04,Demo Logistics,159020,0,1110,Demo North Current Deposit,,,,,2262410,783,"[""20211115"",""900427""]",783-D,cor:monetaryAmount,2021-11
31,1,900428,Credit,2021-11-15,Synthetic demo operating expense 900428,1120,Demo Harbor Ordinary Deposit,B003,Harbor Demo Bank,D05,Demo Digital Services,0,57890,6160,Demo Shipping,,,,,6589620,784,"[""20211115"",""900428""]",784-C,cor:monetaryAmount,2021-11
31,2,900428,Debit,2021-11-15,Synthetic demo operating expense 900428,6160,Demo Shipping,V001,Demo Vendor Keystone,D05,Demo Digital Services,57890,0,1120,Demo Harbor Ordinary Deposit,,,,,177720,784,"[""20211115"",""900428""]",784-D,cor:monetaryAmount,2021-11
32,1,900436,Debit,2021-11-15,Synthetic demo mixed sales and receipt 900436,1110,Demo North Current Deposit,B002,North Demo Bank,D01,Demo Sales,139290,0,,,,,,,6603640,785,"[""20211115"",""900436""]",785-D,cor:monetaryAmount,2021-11
32,2,900436,Debit,2021-11-15,Synthetic demo mixed sales and receipt 900436,1200,Demo Accounts Receivable,C007,Demo Customer Grove,D01,Demo Sales,441120,0,,,,,,,18656830,786,"[""20211115"",""900436""]",786-D,cor:monetaryAmount,2021-11
32,3,900436,Credit,2021-11-15,Synthetic demo mixed sales and receipt 900436,4000,Demo Product Sales,C008,Demo Customer Halo,D01,Demo Sales,0,266980,,,,,,,16650630,787,"[""20211115"",""900436""]",787-C,cor:monetaryAmount,2021-11
32,4,900436,Credit,2021-11-15,Synthetic demo mixed sales and receipt 900436,4010,Demo Service Revenue,C009,Demo Customer Indigo,D01,Demo Sales,0,313430,,,,,,,16571060,788,"[""20211115"",""900436""]",788-C,cor:monetaryAmount,2021-11
33,1,900458,Credit,2021-11-15,Synthetic demo financing settlement 900458,1120,Demo Harbor Ordinary Deposit,B003,Harbor Demo Bank,D06,Demo Management,0,491530,,,,,,,6098090,789,"[""20211115"",""900458""]",789-C,cor:monetaryAmount,2021-11
33,2,900458,Debit,2021-11-15,Synthetic demo financing settlement 900458,2200,Demo Short-term Loans,,,D06,Demo Management,157280,0,1120,Demo Harbor Ordinary Deposit,,,,,3150660,789,"[""20211115"",""900458""]",789-D,cor:monetaryAmount,2021-11
33,3,900458,Debit,2021-11-15,Synthetic demo financing settlement 900458,6070,Demo Bank Fees,B003,Harbor Demo Bank,D06,Demo Management,108130,0,1120,Demo Harbor Ordinary Deposit,,,,,2014810,790,"[""20211115"",""900458""]",790-D,cor:monetaryAmount,2021-11
33,4,900458,Debit,2021-11-15,Synthetic demo financing settlement 900458,7000,Demo Taxes and Dues,,,D06,Demo Management,226120,0,1120,Demo Harbor Ordinary Deposit,,,,,4586230,791,"[""20211115"",""900458""]",791-D,cor:monetaryAmount,2021-11
34,1,900432,Credit,2021-11-16,Synthetic demo credit sale 900432,4000,Demo Product Sales,C007,Demo Customer Grove,D01,Demo Sales,0,247300,1200,Demo Accounts Receivable,,,,,16897930,792,"[""20211116"",""900432""]",792-C,cor:monetaryAmount,2021-11
34,2,900432,Debit,2021-11-16,Synthetic demo credit sale 900432,1200,Demo Accounts Receivable,C007,Demo Customer Grove,D01,Demo Sales,247300,0,4000,Demo Product Sales,,,,,18904130,792,"[""20211116"",""900432""]",792-D,cor:monetaryAmount,2021-11
35,1,900437,Credit,2021-11-16,Synthetic demo vendor settlement 900437,1120,Demo Harbor Ordinary Deposit,B003,Harbor Demo Bank,D04,Demo Logistics,0,88090,2000,Demo Accounts Payable,,,,,6010000,793,"[""20211116"",""900437""]",793-C,cor:monetaryAmount,2021-11
35,2,900437,Debit,2021-11-16,Synthetic demo vendor settlement 900437,2000,Demo Accounts Payable,V006,Demo Vendor Prairie,D04,Demo Logistics,88090,0,1120,Demo Harbor Ordinary Deposit,,,,,2174320,793,"[""20211116"",""900437""]",793-D,cor:monetaryAmount,2021-11
36,1,900445,Credit,2021-11-17,Synthetic demo operating cost bundle 900445,1110,Demo North Current Deposit,B002,North Demo Bank,D03,Demo Operations,0,425530,,,,,,,6178110,794,"[""20211117"",""900445""]",794-C,cor:monetaryAmount,2021-11
36,2,900445,Debit,2021-11-17,Synthetic demo operating cost bundle 900445,6030,Demo Utilities,S002,Demo Energy Services,D03,Demo Operations,85100,0,1110,Demo North Current Deposit,,,,,4101710,794,"[""20211117"",""900445""]",794-D,cor:monetaryAmount,2021-11
36,3,900445,Debit,2021-11-17,Synthetic demo operating cost bundle 900445,6040,Demo Communication,S003,Demo Network Services,D03,Demo Operations,204250,0,1110,Demo North Current Deposit,,,,,2831860,795,"[""20211117"",""900445""]",795-D,cor:monetaryAmount,2021-11
36,4,900445,Debit,2021-11-17,Synthetic demo operating cost bundle 900445,6060,Demo Office Supplies,V006,Demo Vendor Prairie,D03,Demo Operations,136180,0,1110,Demo North Current Deposit,,,,,4441310,796,"[""20211117"",""900445""]",796-D,cor:monetaryAmount,2021-11
37,1,900452,Credit,2021-11-17,Synthetic demo financing settlement 900452,1120,Demo Harbor Ordinary Deposit,B003,Harbor Demo Bank,D06,Demo Management,0,260360,,,,,,,5749640,797,"[""20211117"",""900452""]",797-C,cor:monetaryAmount,2021-11
37,2,900452,Debit,2021-11-17,Synthetic demo financing settlement 900452,2200,Demo Short-term Loans,,,D06,Demo Management,39050,0,1120,Demo Harbor Ordinary Deposit,,,,,3111610,797,"[""20211117"",""900452""]",797-D,cor:monetaryAmount,2021-11
37,3,900452,Debit,2021-11-17,Synthetic demo financing settlement 900452,6070,Demo Bank Fees,B003,Harbor Demo Bank,D06,Demo Management,119760,0,1120,Demo Harbor Ordinary Deposit,,,,,2134570,798,"[""20211117"",""900452""]",798-D,cor:monetaryAmount,2021-11
37,4,900452,Debit,2021-11-17,Synthetic demo financing settlement 900452,7000,Demo Taxes and Dues,,,D06,Demo Management,101550,0,1120,Demo Harbor Ordinary Deposit,,,,,4687780,799,"[""20211117"",""900452""]",799-D,cor:monetaryAmount,2021-11
38,1,900460,Credit,2021-11-17,Synthetic demo credit sale 900460,4010,Demo Service Revenue,C001,Demo Customer Aurora,D01,Demo Sales,0,286310,1200,Demo Accounts Receivable,,,,,16857370,800,"[""20211117"",""900460""]",800-C,cor:monetaryAmount,2021-11
38,2,900460,Debit,2021-11-17,Synthetic demo credit sale 900460,1200,Demo Accounts Receivable,C001,Demo Customer Aurora,D01,Demo Sales,286310,0,4010,Demo Service Revenue,,,,,19190440,800,"[""20211117"",""900460""]",800-D,cor:monetaryAmount,2021-11
39,1,900470,Credit,2021-11-17,Synthetic demo credit sale 900470,4020,Demo Other Operating Revenue,C001,Demo Customer Aurora,D01,Demo Sales,0,405040,1200,Demo Accounts Receivable,,,,,8765920,801,"[""20211117"",""900470""]",801-C,cor:monetaryAmount,2021-11
39,2,900470,Debit,2021-11-17,Synthetic demo credit sale 900470,1200,Demo Accounts Receivable,C001,Demo Customer Aurora,D01,Demo Sales,405040,0,4020,Demo Other Operating Revenue,,,,,19595480,801,"[""20211117"",""900470""]",801-D,cor:monetaryAmount,2021-11
40,1,900442,Debit,2021-11-18,Synthetic demo mixed sales and receipt 900442,1110,Demo North Current Deposit,B002,North Demo Bank,D01,Demo Sales,356400,0,,,,,,,6534510,802,"[""20211118"",""900442""]",802-D,cor:monetaryAmount,2021-11
40,2,900442,Debit,2021-11-18,Synthetic demo mixed sales and receipt 900442,1200,Demo Accounts Receivable,C003,Demo Customer Cobalt,D01,Demo Sales,106470,0,,,,,,,19701950,803,"[""20211118"",""900442""]",803-D,cor:monetaryAmount,2021-11
40,3,900442,Credit,2021-11-18,Synthetic demo mixed sales and receipt 900442,4000,Demo Product Sales,C004,Demo Customer Dawn,D01,Demo Sales,0,203660,,,,,,,17101590,804,"[""20211118"",""900442""]",804-C,cor:monetaryAmount,2021-11
40,4,900442,Credit,2021-11-18,Synthetic demo mixed sales and receipt 900442,4010,Demo Service Revenue,C005,Demo Customer Elm,D01,Demo Sales,0,259210,,,,,,,17116580,805,"[""20211118"",""900442""]",805-C,cor:monetaryAmount,2021-11
41,1,900446,Credit,2021-11-18,Synthetic demo purchase on account 900446,2000,Demo Accounts Payable,V001,Demo Vendor Keystone,D04,Demo Logistics,0,142990,5020,Demo Inventory Adjustment,,,,,2317310,806,"[""20211118"",""900446""]",806-C,cor:monetaryAmount,2021-11
41,2,900446,Debit,2021-11-18,Synthetic demo purchase on account 900446,5020,Demo Inventory Adjustment,V001,Demo Vendor Keystone,D04,Demo Logistics,142990,0,2000,Demo Accounts Payable,,,,,4736030,806,"[""20211118"",""900446""]",806-D,cor:monetaryAmount,2021-11
42,1,900447,Credit,2021-11-18,Synthetic demo vendor settlement 900447,1100,Demo Central Ordinary Deposit,B001,Demo Central Bank,D04,Demo Logistics,0,240590,2000,Demo Accounts Payable,,,,,4827040,807,"[""20211118"",""900447""]",807-C,cor:monetaryAmount,2021-11
42,2,900447,Debit,2021-11-18,Synthetic demo vendor settlement 900447,2000,Demo Accounts Payable,V006,Demo Vendor Prairie,D04,Demo Logistics,240590,0,1100,Demo Central Ordinary Deposit,,,,,2076720,807,"[""20211118"",""900447""]",807-D,cor:monetaryAmount,2021-11
43,1,900413,Credit,2021-11-20,Synthetic demo financing settlement 900413,1120,Demo Harbor Ordinary Deposit,B003,Harbor Demo Bank,D06,Demo Management,0,264910,,,,,,,5484730,808,"[""20211120"",""900413""]",808-C,cor:monetaryAmount,2021-11
43,2,900413,Debit,2021-11-20,Synthetic demo financing settlement 900413,2200,Demo Short-term Loans,,,D06,Demo Management,39730,0,1120,Demo Harbor Ordinary Deposit,,,,,3071880,808,"[""20211120"",""900413""]",808-D,cor:monetaryAmount,2021-11
43,3,900413,Debit,2021-11-20,Synthetic demo financing settlement 900413,6070,Demo Bank Fees,B003,Harbor Demo Bank,D06,Demo Management,21190,0,1120,Demo Harbor Ordinary Deposit,,,,,2155760,809,"[""20211120"",""900413""]",809-D,cor:monetaryAmount,2021-11
43,4,900413,Debit,2021-11-20,Synthetic demo financing settlement 900413,7000,Demo Taxes and Dues,,,D06,Demo Management,203990,0,1120,Demo Harbor Ordinary Deposit,,,,,4891770,810,"[""20211120"",""900413""]",810-D,cor:monetaryAmount,2021-11
44,1,900438,Credit,2021-11-22,Synthetic demo operating expense 900438,1100,Demo Central Ordinary Deposit,B001,Demo Central Bank,D02,Demo Administration,0,4140,6080,Demo Advertising,,,,,4822900,811,"[""20211122"",""900438""]",811-C,cor:monetaryAmount,2021-11
44,2,900438,Debit,2021-11-22,Synthetic demo operating expense 900438,6080,Demo Advertising,V001,Demo Vendor Keystone,D02,Demo Administration,4140,0,1100,Demo Central Ordinary Deposit,,,,,238240,811,"[""20211122"",""900438""]",811-D,cor:monetaryAmount,2021-11
45,1,900434,Credit,2021-11-23,Synthetic demo customer receipt 900434,1200,Demo Accounts Receivable,C003,Demo Customer Cobalt,D01,Demo Sales,0,260440,1120,Demo Harbor Ordinary Deposit,,,,,19441510,812,"[""20211123"",""900434""]",812-C,cor:monetaryAmount,2021-11
45,2,900434,Debit,2021-11-23,Synthetic demo customer receipt 900434,1120,Demo Harbor Ordinary Deposit,B003,Harbor Demo Bank,D01,Demo Sales,260440,0,1200,Demo Accounts Receivable,,,,,5745170,812,"[""20211123"",""900434""]",812-D,cor:monetaryAmount,2021-11
46,1,900459,Credit,2021-11-23,Synthetic demo prepaid service 900459,1100,Demo Central Ordinary Deposit,B001,Demo Central Bank,D05,Demo Digital Services,0,157240,1400,Demo Prepaid Expenses,,,,,4665660,813,"[""20211123"",""900459""]",813-C,cor:monetaryAmount,2021-11
46,2,900459,Debit,2021-11-23,Synthetic demo prepaid service 900459,1400,Demo Prepaid Expenses,S004,Demo Logistics Services,D05,Demo Digital Services,157240,0,1100,Demo Central Ordinary Deposit,,,,,4883750,813,"[""20211123"",""900459""]",813-D,cor:monetaryAmount,2021-11
47,1,900415,Credit,2021-11-25,Synthetic demo purchase on account 900415,2000,Demo Accounts Payable,V006,Demo Vendor Prairie,D04,Demo Logistics,0,127820,5010,Demo Freight-in,,,,,2204540,814,"[""20211125"",""900415""]",814-C,cor:monetaryAmount,2021-11
47,2,900415,Debit,2021-11-25,Synthetic demo purchase on account 900415,5010,Demo Freight-in,V006,Demo Vendor Prairie,D04,Demo Logistics,127820,0,2000,Demo Accounts Payable,,,,,4800240,814,"[""20211125"",""900415""]",814-D,cor:monetaryAmount,2021-11
48,1,900424,Debit,2021-11-26,Synthetic demo mixed sales and receipt 900424,1110,Demo North Current Deposit,B002,North Demo Bank,D01,Demo Sales,103280,0,,,,,,,6637790,815,"[""20211126"",""900424""]",815-D,cor:monetaryAmount,2021-11
48,2,900424,Debit,2021-11-26,Synthetic demo mixed sales and receipt 900424,1200,Demo Accounts Receivable,C005,Demo Customer Elm,D01,Demo Sales,200490,0,,,,,,,19642000,816,"[""20211126"",""900424""]",816-D,cor:monetaryAmount,2021-11
48,3,900424,Credit,2021-11-26,Synthetic demo mixed sales and receipt 900424,4000,Demo Product Sales,C006,Demo Customer Fjord,D01,Demo Sales,0,127580,,,,,,,17229170,817,"[""20211126"",""900424""]",817-C,cor:monetaryAmount,2021-11
48,4,900424,Credit,2021-11-26,Synthetic demo mixed sales and receipt 900424,4010,Demo Service Revenue,C007,Demo Customer Grove,D01,Demo Sales,0,176190,,,,,,,17292770,818,"[""20211126"",""900424""]",818-C,cor:monetaryAmount,2021-11
49,1,900431,Credit,2021-11-26,Synthetic demo credit sale 900431,4020,Demo Other Operating Revenue,C004,Demo Customer Dawn,D01,Demo Sales,0,380420,1200,Demo Accounts Receivable,,,,,9146340,819,"[""20211126"",""900431""]",819-C,cor:monetaryAmount,2021-11
49,2,900431,Debit,2021-11-26,Synthetic demo credit sale 900431,1200,Demo Accounts Receivable,C004,Demo Customer Dawn,D01,Demo Sales,380420,0,4020,Demo Other Operating Revenue,,,,,20022420,819,"[""20211126"",""900431""]",819-D,cor:monetaryAmount,2021-11
50,1,900468,Debit,2021-11-26,Synthetic demo mixed sales and receipt 900468,1100,Demo Central Ordinary Deposit,B001,Demo Central Bank,D01,Demo Sales,177230,0,,,,,,,4842890,820,"[""20211126"",""900468""]",820-D,cor:monetaryAmount,2021-11
50,2,900468,Debit,2021-11-26,Synthetic demo mixed sales and receipt 900468,1200,Demo Accounts Receivable,C009,Demo Customer Indigo,D01,Demo Sales,145010,0,,,,,,,20167430,821,"[""20211126"",""900468""]",821-D,cor:monetaryAmount,2021-11
50,3,900468,Credit,2021-11-26,Synthetic demo mixed sales and receipt 900468,4000,Demo Product Sales,C010,Demo Customer Juniper,D01,Demo Sales,0,206230,,,,,,,17435400,822,"[""20211126"",""900468""]",822-C,cor:monetaryAmount,2021-11
50,4,900468,Credit,2021-11-26,Synthetic demo mixed sales and receipt 900468,4010,Demo Service Revenue,C001,Demo Customer Aurora,D01,Demo Sales,0,116010,,,,,,,17408780,823,"[""20211126"",""900468""]",823-C,cor:monetaryAmount,2021-11
51,1,900444,Credit,2021-11-27,Synthetic demo customer receipt 900444,1200,Demo Accounts Receivable,C003,Demo Customer Cobalt,D01,Demo Sales,0,328450,1100,Demo Central Ordinary Deposit,,,,,19838980,824,"[""20211127"",""900444""]",824-C,cor:monetaryAmount,2021-11
51,2,900444,Debit,2021-11-27,Synthetic demo customer receipt 900444,1100,Demo Central Ordinary Deposit,B001,Demo Central Bank,D01,Demo Sales,328450,0,1200,Demo Accounts Receivable,,,,,5171340,824,"[""20211127"",""900444""]",824-D,cor:monetaryAmount,2021-11
52,1,900416,Credit,2021-11-28,Synthetic demo purchase on account 900416,2000,Demo Accounts Payable,V001,Demo Vendor Keystone,D04,Demo Logistics,0,70730,5020,Demo Inventory Adjustment,,,,,2275270,825,"[""20211128"",""900416""]",825-C,cor:monetaryAmount,2021-11
52,2,900416,Debit,2021-11-28,Synthetic demo purchase on account 900416,5020,Demo Inventory Adjustment,V001,Demo Vendor Keystone,D04,Demo Logistics,70730,0,2000,Demo Accounts Payable,,,,,4806760,825,"[""20211128"",""900416""]",825-D,cor:monetaryAmount,2021-11
53,1,900457,Credit,2021-11-28,Synthetic demo vendor settlement 900457,1110,Demo North Current Deposit,B002,North Demo Bank,D04,Demo Logistics,0,287300,2000,Demo Accounts Payable,,,,,6350490,826,"[""20211128"",""900457""]",826-C,cor:monetaryAmount,2021-11
53,2,900457,Debit,2021-11-28,Synthetic demo vendor settlement 900457,2000,Demo Accounts Payable,V006,Demo Vendor Prairie,D04,Demo Logistics,287300,0,1110,Demo North Current Deposit,,,,,1987970,826,"[""20211128"",""900457""]",826-D,cor:monetaryAmount,2021-11
54,1,900426,Credit,2021-11-29,Synthetic demo monthly payroll bundle 900426,1100,Demo Central Ordinary Deposit,B001,Demo Central Bank,D02,Demo Administration,0,370910,,,,,,,4800430,827,"[""20211129"",""900426""]",827-C,cor:monetaryAmount,2021-11
54,2,900426,Debit,2021-11-29,Synthetic demo monthly payroll bundle 900426,6000,Demo Salaries,,,D02,Demo Administration,55630,0,1100,Demo Central Ordinary Deposit,,,,,4462640,827,"[""20211129"",""900426""]",827-D,cor:monetaryAmount,2021-11
54,3,900426,Debit,2021-11-29,Synthetic demo monthly payroll bundle 900426,6010,Demo Statutory Welfare,,,D02,Demo Administration,29670,0,1100,Demo Central Ordinary Deposit,,,,,2268100,828,"[""20211129"",""900426""]",828-D,cor:monetaryAmount,2021-11
54,4,900426,Debit,2021-11-29,Synthetic demo monthly payroll bundle 900426,2110,Demo Payroll Withholding,,,D02,Demo Administration,285610,0,1100,Demo Central Ordinary Deposit,,,,,1513750,829,"[""20211129"",""900426""]",829-D,cor:monetaryAmount,2021-11
55,1,900430,Debit,2021-11-29,Synthetic demo mixed sales and receipt 900430,1110,Demo North Current Deposit,B002,North Demo Bank,D01,Demo Sales,353830,0,,,,,,,6704320,830,"[""20211129"",""900430""]",830-D,cor:monetaryAmount,2021-11
55,2,900430,Debit,2021-11-29,Synthetic demo mixed sales and receipt 900430,1200,Demo Accounts Receivable,C001,Demo Customer Aurora,D01,Demo Sales,245890,0,,,,,,,20084870,831,"[""20211129"",""900430""]",831-D,cor:monetaryAmount,2021-11
55,3,900430,Credit,2021-11-29,Synthetic demo mixed sales and receipt 900430,4000,Demo Product Sales,C002,Demo Customer Birch,D01,Demo Sales,0,503760,,,,,,,17939160,832,"[""20211129"",""900430""]",832-C,cor:monetaryAmount,2021-11
55,4,900430,Credit,2021-11-29,Synthetic demo mixed sales and receipt 900430,4010,Demo Service Revenue,C003,Demo Customer Cobalt,D01,Demo Sales,0,95960,,,,,,,17504740,833,"[""20211129"",""900430""]",833-C,cor:monetaryAmount,2021-11
56,1,900467,Credit,2021-11-29,Synthetic demo vendor settlement 900467,1120,Demo Harbor Ordinary Deposit,B003,Harbor Demo Bank,D04,Demo Logistics,0,242320,2000,Demo Accounts Payable,,,,,5502850,834,"[""20211129"",""900467""]",834-C,cor:monetaryAmount,2021-11
56,2,900467,Debit,2021-11-29,Synthetic demo vendor settlement 900467,2000,Demo Accounts Payable,V006,Demo Vendor Prairie,D04,Demo Logistics,242320,0,1120,Demo Harbor Ordinary Deposit,,,,,1745650,834,"[""20211129"",""900467""]",834-D,cor:monetaryAmount,2021-11
57,1,900417,Debit,2021-11-30,Synthetic demo multi-vendor settlement 900417,2000,Demo Accounts Payable,V008,Demo Vendor Rivulet,D01,Demo Sales,229570,0,,,,,,,1516080,835,"[""20211130"",""900417""]",835-D,cor:monetaryAmount,2021-11
57,2,900417,Debit,2021-11-30,Synthetic demo multi-vendor settlement 900417,2100,Demo Accrued Payables,V001,Demo Vendor Keystone,D01,Demo Sales,203590,0,,,,,,,2254630,836,"[""20211130"",""900417""]",836-D,cor:monetaryAmount,2021-11
57,3,900417,Credit,2021-11-30,Synthetic demo multi-vendor settlement 900417,1100,Demo Central Ordinary Deposit,B001,Demo Central Bank,D01,Demo Sales,0,329200,,,,,,,4471230,837,"[""20211130"",""900417""]",837-C,cor:monetaryAmount,2021-11
57,4,900417,Credit,2021-11-30,Synthetic demo multi-vendor settlement 900417,1110,Demo North Current Deposit,B002,North Demo Bank,D01,Demo Sales,0,103960,,,,,,,6600360,838,"[""20211130"",""900417""]",838-C,cor:monetaryAmount,2021-11
58,1,900461,Debit,2021-11-30,Synthetic demo multi-vendor settlement 900461,2000,Demo Accounts Payable,V002,Demo Vendor Lattice,D01,Demo Sales,265170,0,,,,,,,1250910,839,"[""20211130"",""900461""]",839-D,cor:monetaryAmount,2021-11
58,2,900461,Debit,2021-11-30,Synthetic demo multi-vendor settlement 900461,2100,Demo Accrued Payables,V005,Demo Vendor Orchid,D01,Demo Sales,184280,0,,,,,,,2070350,840,"[""20211130"",""900461""]",840-D,cor:monetaryAmount,2021-11
58,3,900461,Credit,2021-11-30,Synthetic demo multi-vendor settlement 900461,1120,Demo Harbor Ordinary Deposit,B003,Harbor Demo Bank,D01,Demo Sales,0,233710,,,,,,,5269140,841,"[""20211130"",""900461""]",841-C,cor:monetaryAmount,2021-11
58,4,900461,Credit,2021-11-30,Synthetic demo multi-vendor settlement 900461,1100,Demo Central Ordinary Deposit,B001,Demo Central Bank,D01,Demo Sales,0,215740,,,,,,,4255490,842,"[""20211130"",""900461""]",842-C,cor:monetaryAmount,2021-11
59,1,900469,Credit,2021-11-30,Synthetic demo prepaid service 900469,1110,Demo North Current Deposit,B002,North Demo Bank,D05,Demo Digital Services,0,89210,1400,Demo Prepaid Expenses,,,,,6511150,843,"[""20211130"",""900469""]",843-C,cor:monetaryAmount,2021-11
59,2,900469,Debit,2021-11-30,Synthetic demo prepaid service 900469,1400,Demo Prepaid Expenses,S002,Demo Energy Services,D05,Demo Digital Services,89210,0,1110,Demo North Current Deposit,,,,,4972960,843,"[""20211130"",""900469""]",843-D,cor:monetaryAmount,2021-11
,,,Opening,2021-12-01,* Opening balance,1000,Demo Cash,,,,,0,0,,,,,,,600000,,,,,2021-12
,,,Opening,2021-12-01,* Opening balance,1010,Demo Petty Cash,,,,,0,0,,,,,,,120000,,,,,2021-12
,,,Opening,2021-12-01,* Opening balance,1100,Demo Central Ordinary Deposit,,,,,0,0,,,,,,,4255490,,,,,2021-12
,,,Opening,2021-12-01,* Opening balance,1110,Demo North Current Deposit,,,,,0,0,,,,,,,6511150,,,,,2021-12
,,,Opening,2021-12-01,* Opening balance,1120,Demo Harbor Ordinary Deposit,,,,,0,0,,,,,,,5269140,,,,,2021-12
,,,Opening,2021-12-01,* Opening balance,1200,Demo Accounts Receivable,,,,,0,0,,,,,,,20084870,,,,,2021-12
,,,Opening,2021-12-01,* Opening balance,1210,Demo Notes Receivable,,,,,0,0,,,,,,,800000,,,,,2021-12
,,,Opening,2021-12-01,* Opening balance,1300,Demo Inventory,,,,,0,0,,,,,,,1200000,,,,,2021-12
,,,Opening,2021-12-01,* Opening balance,1400,Demo Prepaid Expenses,,,,,0,0,,,,,,,4972960,,,,,2021-12
,,,Opening,2021-12-01,* Opening balance,1410,Demo Advances Paid,,,,,0,0,,,,,,,250000,,,,,2021-12
,,,Opening,2021-12-01,* Opening balance,1420,Demo Temporary Payments,,,,,0,0,,,,,,,150000,,,,,2021-12
,,,Opening,2021-12-01,* Opening balance,1430,Demo Input Tax Receivable,,,,,0,0,,,,,,,400000,,,,,2021-12
,,,Opening,2021-12-01,* Opening balance,1500,Demo Equipment,,,,,0,0,,,,,,,2000000,,,,,2021-12
,,,Opening,2021-12-01,* Opening balance,1510,Demo Vehicles,,,,,0,0,,,,,,,1200000,,,,,2021-12
,,,Opening,2021-12-01,* Opening balance,1520,Demo Software,,,,,0,0,,,,,,,700000,,,,,2021-12
,,,Opening,2021-12-01,* Opening balance,1590,Demo Accumulated Depreciation,,,,,0,0,,,,,,,900000,,,,,2021-12
,,,Opening,2021-12-01,* Opening balance,2000,Demo Accounts Payable,,,,,0,0,,,,,,,1250910,,,,,2021-12
,,,Opening,2021-12-01,* Opening balance,2010,Demo Notes Payable,,,,,0,0,,,,,,,600000,,,,,2021-12
,,,Opening,2021-12-01,* Opening balance,2100,Demo Accrued Payables,,,,,0,0,,,,,,,2070350,,,,,2021-12
,,,Opening,2021-12-01,* Opening balance,2110,Demo Payroll Withholding,,,,,0,0,,,,,,,1513750,,,,,2021-12
,,,Opening,2021-12-01,* Opening balance,2120,Demo Output Tax Payable,,,,,0,0,,,,,,,450000,,,,,2021-12
,,,Opening,2021-12-01,* Opening balance,2130,Demo Temporary Receipts,,,,,0,0,,,,,,,120000,,,,,2021-12
,,,Opening,2021-12-01,* Opening balance,2200,Demo Short-term Loans,,,,,0,0,,,,,,,3071880,,,,,2021-12
,,,Opening,2021-12-01,* Opening balance,2300,Demo Long-term Loans,,,,,0,0,,,,,,,2500000,,,,,2021-12
,,,Opening,2021-12-01,* Opening balance,2400,Demo Unearned Revenue,,,,,0,0,,,,,,,350000,,,,,2021-12
,,,Opening,2021-12-01,* Opening balance,3000,Demo Capital,,,,,0,0,,,,,,,5000000,,,,,2021-12
,,,Opening,2021-12-01,* Opening balance,3100,Demo Retained Earnings,,,,,0,0,,,,,,,26159010,,,,,2021-12
,,,Opening,2021-12-01,* Opening balance,4000,Demo Product Sales,,,,,0,0,,,,,,,17939160,,,,,2021-12
,,,Opening,2021-12-01,* Opening balance,4010,Demo Service Revenue,,,,,0,0,,,,,,,17504740,,,,,2021-12
,,,Opening,2021-12-01,* Opening balance,4020,Demo Other Operating Revenue,,,,,0,0,,,,,,,9146340,,,,,2021-12
,,,Opening,2021-12-01,* Opening balance,4030,Demo Interest Income,,,,,0,0,,,,,,,0,,,,,2021-12
,,,Opening,2021-12-01,* Opening balance,4040,Demo Miscellaneous Income,,,,,0,0,,,,,,,0,,,,,2021-12
,,,Opening,2021-12-01,* Opening balance,5000,Demo Purchases,,,,,0,0,,,,,,,3109300,,,,,2021-12
,,,Opening,2021-12-01,* Opening balance,5010,Demo Freight-in,,,,,0,0,,,,,,,4800240,,,,,2021-12
,,,Opening,2021-12-01,* Opening balance,5020,Demo Inventory Adjustment,,,,,0,0,,,,,,,4806760,,,,,2021-12
,,,Opening,2021-12-01,* Opening balance,6000,Demo Salaries,,,,,0,0,,,,,,,4462640,,,,,2021-12
,,,Opening,2021-12-01,* Opening balance,6010,Demo Statutory Welfare,,,,,0,0,,,,,,,2268100,,,,,2021-12
,,,Opening,2021-12-01,* Opening balance,6020,Demo Office Rent,,,,,0,0,,,,,,,374850,,,,,2021-12
,,,Opening,2021-12-01,* Opening balance,6030,Demo Utilities,,,,,0,0,,,,,,,4101710,,,,,2021-12
,,,Opening,2021-12-01,* Opening balance,6040,Demo Communication,,,,,0,0,,,,,,,2831860,,,,,2021-12
,,,Opening,2021-12-01,* Opening balance,6050,Demo Business Travel,,,,,0,0,,,,,,,0,,,,,2021-12
,,,Opening,2021-12-01,* Opening balance,6060,Demo Office Supplies,,,,,0,0,,,,,,,4441310,,,,,2021-12
,,,Opening,2021-12-01,* Opening balance,6070,Demo Bank Fees,,,,,0,0,,,,,,,2155760,,,,,2021-12
,,,Opening,2021-12-01,* Opening balance,6080,Demo Advertising,,,,,0,0,,,,,,,238240,,,,,2021-12
,,,Opening,2021-12-01,* Opening balance,6090,Demo Insurance,,,,,0,0,,,,,,,0,,,,,2021-12
,,,Opening,2021-12-01,* Opening balance,6100,Demo Repairs,,,,,0,0,,,,,,,574570,,,,,2021-12
,,,Opening,2021-12-01,* Opening balance,6110,Demo Depreciation Expense,,,,,0,0,,,,,,,0,,,,,2021-12
,,,Opening,2021-12-01,* Opening balance,6120,Demo Professional Fees,,,,,0,0,,,,,,,248330,,,,,2021-12
,,,Opening,2021-12-01,* Opening balance,6130,Demo Training,,,,,0,0,,,,,,,0,,,,,2021-12
,,,Opening,2021-12-01,* Opening balance,6140,Demo Vehicle Expense,,,,,0,0,,,,,,,579370,,,,,2021-12
,,,Opening,2021-12-01,* Opening balance,6150,Demo Software Subscription,,,,,0,0,,,,,,,0,,,,,2021-12
,,,Opening,2021-12-01,* Opening balance,6160,Demo Shipping,,,,,0,0,,,,,,,177720,,,,,2021-12
,,,Opening,2021-12-01,* Opening balance,6170,Demo Miscellaneous Expense,,,,,0,0,,,,,,,0,,,,,2021-12
,,,Opening,2021-12-01,* Opening balance,7000,Demo Taxes and Dues,,,,,0,0,,,,,,,4891770,,,,,2021-12
,,,Opening,2021-12-01,* Opening balance,7010,Demo Corporate Tax,,,,,0,0,,,,,,,0,,,,,2021-12
,,,Opening,2021-12-01,* Opening balance,7020,Demo Consumption Tax Expense,,,,,0,0,,,,,,,0,,,,,2021-12
,,,Opening,2021-12-01,* Opening balance,8000,Demo Suspense,,,,,0,0,,,,,,,50000,,,,,2021-12
,,,Opening,2021-12-01,* Opening balance,8010,Demo Clearing,,,,,0,0,,,,,,,50000,,,,,2021-12
1,1,900512,Debit,2021-12-01,Synthetic demo mixed sales and receipt 900512,1120,Demo Harbor Ordinary Deposit,B003,Harbor Demo Bank,D01,Demo Sales,125670,0,,,,,,,5394810,844,"[""20211201"",""900512""]",844-D,cor:monetaryAmount,2021-12
1,2,900512,Debit,2021-12-01,Synthetic demo mixed sales and receipt 900512,1200,Demo Accounts Receivable,C003,Demo Customer Cobalt,D01,Demo Sales,223440,0,,,,,,,20308310,845,"[""20211201"",""900512""]",845-D,cor:monetaryAmount,2021-12
1,3,900512,Credit,2021-12-01,Synthetic demo mixed sales and receipt 900512,4000,Demo Product Sales,C004,Demo Customer Dawn,D01,Demo Sales,0,139640,,,,,,,18078800,846,"[""20211201"",""900512""]",846-C,cor:monetaryAmount,2021-12
1,4,900512,Credit,2021-12-01,Synthetic demo mixed sales and receipt 900512,4010,Demo Service Revenue,C005,Demo Customer Elm,D01,Demo Sales,0,209470,,,,,,,17714210,847,"[""20211201"",""900512""]",847-C,cor:monetaryAmount,2021-12
2,1,900516,Credit,2021-12-02,Synthetic demo purchase on account 900516,2000,Demo Accounts Payable,V001,Demo Vendor Keystone,D04,Demo Logistics,0,102160,5000,Demo Purchases,,,,,1353070,848,"[""20211202"",""900516""]",848-C,cor:monetaryAmount,2021-12
2,2,900516,Debit,2021-12-02,Synthetic demo purchase on account 900516,5000,Demo Purchases,V001,Demo Vendor Keystone,D04,Demo Logistics,102160,0,2000,Demo Accounts Payable,,,,,3211460,848,"[""20211202"",""900516""]",848-D,cor:monetaryAmount,2021-12
3,1,900471,Credit,2021-12-03,Synthetic demo monthly payroll bundle 900471,1100,Demo Central Ordinary Deposit,B001,Demo Central Bank,D02,Demo Administration,0,344410,,,,,,,3911080,849,"[""20211203"",""900471""]",849-C,cor:monetaryAmount,2021-12
3,2,900471,Debit,2021-12-03,Synthetic demo monthly payroll bundle 900471,6000,Demo Salaries,,,D02,Demo Administration,106760,0,1100,Demo Central Ordinary Deposit,,,,,4569400,849,"[""20211203"",""900471""]",849-D,cor:monetaryAmount,2021-12
3,3,900471,Debit,2021-12-03,Synthetic demo monthly payroll bundle 900471,6010,Demo Statutory Welfare,,,D02,Demo Administration,137760,0,1100,Demo Central Ordinary Deposit,,,,,2405860,850,"[""20211203"",""900471""]",850-D,cor:monetaryAmount,2021-12
3,4,900471,Debit,2021-12-03,Synthetic demo monthly payroll bundle 900471,2110,Demo Payroll Withholding,,,D02,Demo Administration,99890,0,1100,Demo Central Ordinary Deposit,,,,,1413860,851,"[""20211203"",""900471""]",851-D,cor:monetaryAmount,2021-12
4,1,900489,Credit,2021-12-03,Synthetic demo prepaid service 900489,1100,Demo Central Ordinary Deposit,B001,Demo Central Bank,D05,Demo Digital Services,0,237020,1400,Demo Prepaid Expenses,,,,,3674060,852,"[""20211203"",""900489""]",852-C,cor:monetaryAmount,2021-12
4,2,900489,Debit,2021-12-03,Synthetic demo prepaid service 900489,1400,Demo Prepaid Expenses,S004,Demo Logistics Services,D05,Demo Digital Services,237020,0,1100,Demo Central Ordinary Deposit,,,,,5209980,852,"[""20211203"",""900489""]",852-D,cor:monetaryAmount,2021-12
5,1,900492,Credit,2021-12-03,Synthetic demo credit sale 900492,4000,Demo Product Sales,C007,Demo Customer Grove,D01,Demo Sales,0,566420,1200,Demo Accounts Receivable,,,,,18645220,853,"[""20211203"",""900492""]",853-C,cor:monetaryAmount,2021-12
5,2,900492,Debit,2021-12-03,Synthetic demo credit sale 900492,1200,Demo Accounts Receivable,C007,Demo Customer Grove,D01,Demo Sales,566420,0,4000,Demo Product Sales,,,,,20874730,853,"[""20211203"",""900492""]",853-D,cor:monetaryAmount,2021-12
6,1,900496,Credit,2021-12-03,Synthetic demo purchase on account 900496,2000,Demo Accounts Payable,V001,Demo Vendor Keystone,D04,Demo Logistics,0,387010,5010,Demo Freight-in,,,,,1740080,854,"[""20211203"",""900496""]",854-C,cor:monetaryAmount,2021-12
6,2,900496,Debit,2021-12-03,Synthetic demo purchase on account 900496,5010,Demo Freight-in,V001,Demo Vendor Keystone,D04,Demo Logistics,387010,0,2000,Demo Accounts Payable,,,,,5187250,854,"[""20211203"",""900496""]",854-D,cor:monetaryAmount,2021-12
7,1,900525,Credit,2021-12-04,Synthetic demo purchase on account 900525,2000,Demo Accounts Payable,V006,Demo Vendor Prairie,D04,Demo Logistics,0,89390,5000,Demo Purchases,,,,,1829470,855,"[""20211204"",""900525""]",855-C,cor:monetaryAmount,2021-12
7,2,900525,Debit,2021-12-04,Synthetic demo purchase on account 900525,5000,Demo Purchases,V006,Demo Vendor Prairie,D04,Demo Logistics,89390,0,2000,Demo Accounts Payable,,,,,3300850,855,"[""20211204"",""900525""]",855-D,cor:monetaryAmount,2021-12
8,1,900474,Debit,2021-12-05,Synthetic demo mixed sales and receipt 900474,1100,Demo Central Ordinary Deposit,B001,Demo Central Bank,D01,Demo Sales,222820,0,,,,,,,3896880,856,"[""20211205"",""900474""]",856-D,cor:monetaryAmount,2021-12
8,2,900474,Debit,2021-12-05,Synthetic demo mixed sales and receipt 900474,1200,Demo Accounts Receivable,C005,Demo Customer Elm,D01,Demo Sales,125340,0,,,,,,,21000070,857,"[""20211205"",""900474""]",857-D,cor:monetaryAmount,2021-12
8,3,900474,Credit,2021-12-05,Synthetic demo mixed sales and receipt 900474,4000,Demo Product Sales,C006,Demo Customer Fjord,D01,Demo Sales,0,114890,,,,,,,18760110,858,"[""20211205"",""900474""]",858-C,cor:monetaryAmount,2021-12
8,4,900474,Credit,2021-12-05,Synthetic demo mixed sales and receipt 900474,4010,Demo Service Revenue,C007,Demo Customer Grove,D01,Demo Sales,0,233270,,,,,,,17947480,859,"[""20211205"",""900474""]",859-C,cor:monetaryAmount,2021-12
9,1,900514,Credit,2021-12-05,Synthetic demo operating cost bundle 900514,1110,Demo North Current Deposit,B002,North Demo Bank,D03,Demo Operations,0,375410,,,,,,,6135740,860,"[""20211205"",""900514""]",860-C,cor:monetaryAmount,2021-12
9,2,900514,Debit,2021-12-05,Synthetic demo operating cost bundle 900514,6030,Demo Utilities,S002,Demo Energy Services,D03,Demo Operations,135140,0,1110,Demo North Current Deposit,,,,,4236850,860,"[""20211205"",""900514""]",860-D,cor:monetaryAmount,2021-12
9,3,900514,Debit,2021-12-05,Synthetic demo operating cost bundle 900514,6040,Demo Communication,S003,Demo Network Services,D03,Demo Operations,153910,0,1110,Demo North Current Deposit,,,,,2985770,861,"[""20211205"",""900514""]",861-D,cor:monetaryAmount,2021-12
9,4,900514,Debit,2021-12-05,Synthetic demo operating cost bundle 900514,6060,Demo Office Supplies,V005,Demo Vendor Orchid,D03,Demo Operations,86360,0,1110,Demo North Current Deposit,,,,,4527670,862,"[""20211205"",""900514""]",862-D,cor:monetaryAmount,2021-12
10,1,900517,Credit,2021-12-05,Synthetic demo vendor settlement 900517,1110,Demo North Current Deposit,B002,North Demo Bank,D04,Demo Logistics,0,348390,2000,Demo Accounts Payable,,,,,5787350,863,"[""20211205"",""900517""]",863-C,cor:monetaryAmount,2021-12
10,2,900517,Debit,2021-12-05,Synthetic demo vendor settlement 900517,2000,Demo Accounts Payable,V006,Demo Vendor Prairie,D04,Demo Logistics,348390,0,1110,Demo North Current Deposit,,,,,1481080,863,"[""20211205"",""900517""]",863-D,cor:monetaryAmount,2021-12
11,1,900518,Debit,2021-12-05,Synthetic demo mixed sales and receipt 900518,1120,Demo Harbor Ordinary Deposit,B003,Harbor Demo Bank,D01,Demo Sales,492500,0,,,,,,,5887310,864,"[""20211205"",""900518""]",864-D,cor:monetaryAmount,2021-12
11,2,900518,Debit,2021-12-05,Synthetic demo mixed sales and receipt 900518,1200,Demo Accounts Receivable,C009,Demo Customer Indigo,D01,Demo Sales,182160,0,,,,,,,21182230,865,"[""20211205"",""900518""]",865-D,cor:monetaryAmount,2021-12
11,3,900518,Credit,2021-12-05,Synthetic demo mixed sales and receipt 900518,4000,Demo Product Sales,C010,Demo Customer Juniper,D01,Demo Sales,0,512740,,,,,,,19272850,866,"[""20211205"",""900518""]",866-C,cor:monetaryAmount,2021-12
11,4,900518,Credit,2021-12-05,Synthetic demo mixed sales and receipt 900518,4010,Demo Service Revenue,C001,Demo Customer Aurora,D01,Demo Sales,0,161920,,,,,,,18109400,867,"[""20211205"",""900518""]",867-C,cor:monetaryAmount,2021-12
12,1,900473,Credit,2021-12-06,Synthetic demo customer receipt 900473,1200,Demo Accounts Receivable,C010,Demo Customer Juniper,D01,Demo Sales,0,112800,1120,Demo Harbor Ordinary Deposit,,,,,21069430,868,"[""20211206"",""900473""]",868-C,cor:monetaryAmount,2021-12
12,2,900473,Debit,2021-12-06,Synthetic demo customer receipt 900473,1120,Demo Harbor Ordinary Deposit,B003,Harbor Demo Bank,D01,Demo Sales,112800,0,1200,Demo Accounts Receivable,,,,,6000110,868,"[""20211206"",""900473""]",868-D,cor:monetaryAmount,2021-12
13,1,900484,Credit,2021-12-06,Synthetic demo operating cost bundle 900484,1110,Demo North Current Deposit,B002,North Demo Bank,D03,Demo Operations,0,656520,,,,,,,5130830,869,"[""20211206"",""900484""]",869-C,cor:monetaryAmount,2021-12
13,2,900484,Debit,2021-12-06,Synthetic demo operating cost bundle 900484,6030,Demo Utilities,S002,Demo Energy Services,D03,Demo Operations,203520,0,1110,Demo North Current Deposit,,,,,4440370,869,"[""20211206"",""900484""]",869-D,cor:monetaryAmount,2021-12
13,3,900484,Debit,2021-12-06,Synthetic demo operating cost bundle 900484,6040,Demo Communication,S003,Demo Network Services,D03,Demo Operations,216650,0,1110,Demo North Current Deposit,,,,,3202420,870,"[""20211206"",""900484""]",870-D,cor:monetaryAmount,2021-12
13,4,900484,Debit,2021-12-06,Synthetic demo operating cost bundle 900484,6060,Demo Office Supplies,V005,Demo Vendor Orchid,D03,Demo Operations,236350,0,1110,Demo North Current Deposit,,,,,4764020,871,"[""20211206"",""900484""]",871-D,cor:monetaryAmount,2021-12
14,1,900485,Credit,2021-12-06,Synthetic demo purchase on account 900485,2000,Demo Accounts Payable,V006,Demo Vendor Prairie,D04,Demo Logistics,0,209170,5020,Demo Inventory Adjustment,,,,,1690250,872,"[""20211206"",""900485""]",872-C,cor:monetaryAmount,2021-12
14,2,900485,Debit,2021-12-06,Synthetic demo purchase on account 900485,5020,Demo Inventory Adjustment,V006,Demo Vendor Prairie,D04,Demo Logistics,209170,0,2000,Demo Accounts Payable,,,,,5015930,872,"[""20211206"",""900485""]",872-D,cor:monetaryAmount,2021-12
15,1,900498,Credit,2021-12-06,Synthetic demo operating expense 900498,1100,Demo Central Ordinary Deposit,B001,Demo Central Bank,D02,Demo Administration,0,100380,6140,Demo Vehicle Expense,,,,,3796500,873,"[""20211206"",""900498""]",873-C,cor:monetaryAmount,2021-12
15,2,900498,Debit,2021-12-06,Synthetic demo operating expense 900498,6140,Demo Vehicle Expense,V001,Demo Vendor Keystone,D02,Demo Administration,100380,0,1100,Demo Central Ordinary Deposit,,,,,679750,873,"[""20211206"",""900498""]",873-D,cor:monetaryAmount,2021-12
16,1,900502,Credit,2021-12-06,Synthetic demo credit sale 900502,4010,Demo Service Revenue,C007,Demo Customer Grove,D01,Demo Sales,0,114990,1200,Demo Accounts Receivable,,,,,18224390,874,"[""20211206"",""900502""]",874-C,cor:monetaryAmount,2021-12
16,2,900502,Debit,2021-12-06,Synthetic demo credit sale 900502,1200,Demo Accounts Receivable,C007,Demo Customer Grove,D01,Demo Sales,114990,0,4010,Demo Service Revenue,,,,,21184420,874,"[""20211206"",""900502""]",874-D,cor:monetaryAmount,2021-12
17,1,900500,Credit,2021-12-07,Synthetic demo credit sale 900500,4020,Demo Other Operating Revenue,C001,Demo Customer Aurora,D01,Demo Sales,0,321310,1200,Demo Accounts Receivable,,,,,9467650,875,"[""20211207"",""900500""]",875-C,cor:monetaryAmount,2021-12
17,2,900500,Debit,2021-12-07,Synthetic demo credit sale 900500,1200,Demo Accounts Receivable,C001,Demo Customer Aurora,D01,Demo Sales,321310,0,4020,Demo Other Operating Revenue,,,,,21505730,875,"[""20211207"",""900500""]",875-D,cor:monetaryAmount,2021-12
18,1,900509,Credit,2021-12-07,Synthetic demo combined customer receipt 900509,1200,Demo Accounts Receivable,C010,Demo Customer Juniper,D01,Demo Sales,0,207880,1120,Demo Harbor Ordinary Deposit,,,,,21297850,876,"[""20211207"",""900509""]",876-C,cor:monetaryAmount,2021-12
18,2,900509,Debit,2021-12-07,Synthetic demo combined customer receipt 900509,1120,Demo Harbor Ordinary Deposit,B003,Harbor Demo Bank,D01,Demo Sales,424260,0,,,,,,,6424370,876,"[""20211207"",""900509""]",876-D,cor:monetaryAmount,2021-12
18,3,900509,Credit,2021-12-07,Synthetic demo combined customer receipt 900509,1200,Demo Accounts Receivable,C001,Demo Customer Aurora,D01,Demo Sales,0,59390,1120,Demo Harbor Ordinary Deposit,,,,,21238460,877,"[""20211207"",""900509""]",877-C,cor:monetaryAmount,2021-12
18,4,900509,Credit,2021-12-07,Synthetic demo combined customer receipt 900509,1200,Demo Accounts Receivable,C002,Demo Customer Birch,D01,Demo Sales,0,156990,1120,Demo Harbor Ordinary Deposit,,,,,21081470,878,"[""20211207"",""900509""]",878-C,cor:monetaryAmount,2021-12
19,1,900506,Credit,2021-12-08,Synthetic demo purchase on account 900506,2000,Demo Accounts Payable,V001,Demo Vendor Keystone,D04,Demo Logistics,0,107000,5020,Demo Inventory Adjustment,,,,,1797250,879,"[""20211208"",""900506""]",879-C,cor:monetaryAmount,2021-12
19,2,900506,Debit,2021-12-08,Synthetic demo purchase on account 900506,5020,Demo Inventory Adjustment,V001,Demo Vendor Keystone,D04,Demo Logistics,107000,0,2000,Demo Accounts Payable,,,,,5122930,879,"[""20211208"",""900506""]",879-D,cor:monetaryAmount,2021-12
20,1,900521,Credit,2021-12-08,Synthetic demo credit sale 900521,4020,Demo Other Operating Revenue,C004,Demo Customer Dawn,D01,Demo Sales,0,363790,1200,Demo Accounts Receivable,,,,,9831440,880,"[""20211208"",""900521""]",880-C,cor:monetaryAmount,2021-12
20,2,900521,Debit,2021-12-08,Synthetic demo credit sale 900521,1200,Demo Accounts Receivable,C004,Demo Customer Dawn,D01,Demo Sales,363790,0,4020,Demo Other Operating Revenue,,,,,21445260,880,"[""20211208"",""900521""]",880-D,cor:monetaryAmount,2021-12
21,1,900493,Debit,2021-12-09,Synthetic demo multi-vendor settlement 900493,2000,Demo Accounts Payable,V004,Demo Vendor Nimbus,D01,Demo Sales,59810,0,,,,,,,1737440,881,"[""20211209"",""900493""]",881-D,cor:monetaryAmount,2021-12
21,2,900493,Debit,2021-12-09,Synthetic demo multi-vendor settlement 900493,2100,Demo Accrued Payables,V007,Demo Vendor Quartz,D01,Demo Sales,121440,0,,,,,,,1948910,882,"[""20211209"",""900493""]",882-D,cor:monetaryAmount,2021-12
21,3,900493,Credit,2021-12-09,Synthetic demo multi-vendor settlement 900493,1110,Demo North Current Deposit,B002,North Demo Bank,D01,Demo Sales,0,99680,,,,,,,5031150,883,"[""20211209"",""900493""]",883-C,cor:monetaryAmount,2021-12
21,4,900493,Credit,2021-12-09,Synthetic demo multi-vendor settlement 900493,1120,Demo Harbor Ordinary Deposit,B003,Harbor Demo Bank,D01,Demo Sales,0,81570,,,,,,,6342800,884,"[""20211209"",""900493""]",884-C,cor:monetaryAmount,2021-12
22,1,900505,Debit,2021-12-09,Synthetic demo multi-vendor settlement 900505,2000,Demo Accounts Payable,V006,Demo Vendor Prairie,D01,Demo Sales,331470,0,,,,,,,1405970,885,"[""20211209"",""900505""]",885-D,cor:monetaryAmount,2021-12
22,2,900505,Debit,2021-12-09,Synthetic demo multi-vendor settlement 900505,2100,Demo Accrued Payables,V009,Demo Vendor Summit,D01,Demo Sales,220980,0,,,,,,,1727930,886,"[""20211209"",""900505""]",886-D,cor:monetaryAmount,2021-12
22,3,900505,Credit,2021-12-09,Synthetic demo multi-vendor settlement 900505,1110,Demo North Current Deposit,B002,North Demo Bank,D01,Demo Sales,0,160210,,,,,,,4870940,887,"[""20211209"",""900505""]",887-C,cor:monetaryAmount,2021-12
22,4,900505,Credit,2021-12-09,Synthetic demo multi-vendor settlement 900505,1120,Demo Harbor Ordinary Deposit,B003,Harbor Demo Bank,D01,Demo Sales,0,392240,,,,,,,5950560,888,"[""20211209"",""900505""]",888-C,cor:monetaryAmount,2021-12
23,1,900531,Credit,2021-12-09,Synthetic demo credit sale 900531,4000,Demo Product Sales,C004,Demo Customer Dawn,D01,Demo Sales,0,245710,1200,Demo Accounts Receivable,,,,,19518560,889,"[""20211209"",""900531""]",889-C,cor:monetaryAmount,2021-12
23,2,900531,Debit,2021-12-09,Synthetic demo credit sale 900531,1200,Demo Accounts Receivable,C004,Demo Customer Dawn,D01,Demo Sales,245710,0,4000,Demo Product Sales,,,,,21690970,889,"[""20211209"",""900531""]",889-D,cor:monetaryAmount,2021-12
24,1,900490,Credit,2021-12-10,Synthetic demo operating cost bundle 900490,1110,Demo North Current Deposit,B002,North Demo Bank,D03,Demo Operations,0,488910,,,,,,,4382030,890,"[""20211210"",""900490""]",890-C,cor:monetaryAmount,2021-12
24,2,900490,Debit,2021-12-10,Synthetic demo operating cost bundle 900490,6030,Demo Utilities,S002,Demo Energy Services,D03,Demo Operations,83110,0,1110,Demo North Current Deposit,,,,,4523480,890,"[""20211210"",""900490""]",890-D,cor:monetaryAmount,2021-12
24,3,900490,Debit,2021-12-10,Synthetic demo operating cost bundle 900490,6040,Demo Communication,S003,Demo Network Services,D03,Demo Operations,283560,0,1110,Demo North Current Deposit,,,,,3485980,891,"[""20211210"",""900490""]",891-D,cor:monetaryAmount,2021-12
24,4,900490,Debit,2021-12-10,Synthetic demo operating cost bundle 900490,6060,Demo Office Supplies,V001,Demo Vendor Keystone,D03,Demo Operations,122240,0,1110,Demo North Current Deposit,,,,,4886260,892,"[""20211210"",""900490""]",892-D,cor:monetaryAmount,2021-12
25,1,900507,Credit,2021-12-11,Synthetic demo vendor settlement 900507,1100,Demo Central Ordinary Deposit,B001,Demo Central Bank,D04,Demo Logistics,0,185680,2000,Demo Accounts Payable,,,,,3610820,893,"[""20211211"",""900507""]",893-C,cor:monetaryAmount,2021-12
25,2,900507,Debit,2021-12-11,Synthetic demo vendor settlement 900507,2000,Demo Accounts Payable,V006,Demo Vendor Prairie,D04,Demo Logistics,185680,0,1100,Demo Central Ordinary Deposit,,,,,1220290,893,"[""20211211"",""900507""]",893-D,cor:monetaryAmount,2021-12
26,1,900511,Credit,2021-12-11,Synthetic demo credit sale 900511,4010,Demo Service Revenue,C004,Demo Customer Dawn,D01,Demo Sales,0,434600,1200,Demo Accounts Receivable,,,,,18658990,894,"[""20211211"",""900511""]",894-C,cor:monetaryAmount,2021-12
26,2,900511,Debit,2021-12-11,Synthetic demo credit sale 900511,1200,Demo Accounts Receivable,C004,Demo Customer Dawn,D01,Demo Sales,434600,0,4010,Demo Service Revenue,,,,,22125570,894,"[""20211211"",""900511""]",894-D,cor:monetaryAmount,2021-12
27,1,900520,Credit,2021-12-11,Synthetic demo operating cost bundle 900520,1110,Demo North Current Deposit,B002,North Demo Bank,D03,Demo Operations,0,189690,,,,,,,4192340,895,"[""20211211"",""900520""]",895-C,cor:monetaryAmount,2021-12
27,2,900520,Debit,2021-12-11,Synthetic demo operating cost bundle 900520,6030,Demo Utilities,S002,Demo Energy Services,D03,Demo Operations,43620,0,1110,Demo North Current Deposit,,,,,4567100,895,"[""20211211"",""900520""]",895-D,cor:monetaryAmount,2021-12
27,3,900520,Debit,2021-12-11,Synthetic demo operating cost bundle 900520,6040,Demo Communication,S003,Demo Network Services,D03,Demo Operations,96740,0,1110,Demo North Current Deposit,,,,,3582720,896,"[""20211211"",""900520""]",896-D,cor:monetaryAmount,2021-12
27,4,900520,Debit,2021-12-11,Synthetic demo operating cost bundle 900520,6060,Demo Office Supplies,V001,Demo Vendor Keystone,D03,Demo Operations,49330,0,1110,Demo North Current Deposit,,,,,4935590,897,"[""20211211"",""900520""]",897-D,cor:monetaryAmount,2021-12
28,1,900480,Debit,2021-12-12,Synthetic demo mixed sales and receipt 900480,1100,Demo Central Ordinary Deposit,B001,Demo Central Bank,D01,Demo Sales,186920,0,,,,,,,3797740,898,"[""20211212"",""900480""]",898-D,cor:monetaryAmount,2021-12
28,2,900480,Debit,2021-12-12,Synthetic demo mixed sales and receipt 900480,1200,Demo Accounts Receivable,C001,Demo Customer Aurora,D01,Demo Sales,560760,0,,,,,,,22686330,899,"[""20211212"",""900480""]",899-D,cor:monetaryAmount,2021-12
28,3,900480,Credit,2021-12-12,Synthetic demo mixed sales and receipt 900480,4000,Demo Product Sales,C002,Demo Customer Birch,D01,Demo Sales,0,224300,,,,,,,19742860,900,"[""20211212"",""900480""]",900-C,cor:monetaryAmount,2021-12
28,4,900480,Credit,2021-12-12,Synthetic demo mixed sales and receipt 900480,4010,Demo Service Revenue,C003,Demo Customer Cobalt,D01,Demo Sales,0,523380,,,,,,,19182370,901,"[""20211212"",""900480""]",901-C,cor:monetaryAmount,2021-12
29,1,900510,Credit,2021-12-12,Synthetic demo credit sale 900510,4000,Demo Product Sales,C001,Demo Customer Aurora,D01,Demo Sales,0,299300,1200,Demo Accounts Receivable,,,,,20042160,902,"[""20211212"",""900510""]",902-C,cor:monetaryAmount,2021-12
29,2,900510,Debit,2021-12-12,Synthetic demo credit sale 900510,1200,Demo Accounts Receivable,C001,Demo Customer Aurora,D01,Demo Sales,299300,0,4000,Demo Product Sales,,,,,22985630,902,"[""20211212"",""900510""]",902-D,cor:monetaryAmount,2021-12
30,1,900523,Credit,2021-12-12,Synthetic demo customer receipt 900523,1200,Demo Accounts Receivable,C010,Demo Customer Juniper,D01,Demo Sales,0,385730,1110,Demo North Current Deposit,,,,,22599900,903,"[""20211212"",""900523""]",903-C,cor:monetaryAmount,2021-12
30,2,900523,Debit,2021-12-12,Synthetic demo customer receipt 900523,1110,Demo North Current Deposit,B002,North Demo Bank,D01,Demo Sales,385730,0,1200,Demo Accounts Receivable,,,,,4578070,903,"[""20211212"",""900523""]",903-D,cor:monetaryAmount,2021-12
31,1,900486,Debit,2021-12-13,Synthetic demo mixed sales and receipt 900486,1100,Demo Central Ordinary Deposit,B001,Demo Central Bank,D01,Demo Sales,113380,0,,,,,,,3911120,904,"[""20211213"",""900486""]",904-D,cor:monetaryAmount,2021-12
31,2,900486,Debit,2021-12-13,Synthetic demo mixed sales and receipt 900486,1200,Demo Accounts Receivable,C007,Demo Customer Grove,D01,Demo Sales,240960,0,,,,,,,22840860,905,"[""20211213"",""900486""]",905-D,cor:monetaryAmount,2021-12
31,3,900486,Credit,2021-12-13,Synthetic demo mixed sales and receipt 900486,4000,Demo Product Sales,C008,Demo Customer Halo,D01,Demo Sales,0,262210,,,,,,,20304370,906,"[""20211213"",""900486""]",906-C,cor:monetaryAmount,2021-12
31,4,900486,Credit,2021-12-13,Synthetic demo mixed sales and receipt 900486,4010,Demo Service Revenue,C009,Demo Customer Indigo,D01,Demo Sales,0,92130,,,,,,,19274500,907,"[""20211213"",""900486""]",907-C,cor:monetaryAmount,2021-12
32,1,900495,Credit,2021-12-15,Synthetic demo purchase on account 900495,2000,Demo Accounts Payable,V006,Demo Vendor Prairie,D04,Demo Logistics,0,193300,5000,Demo Purchases,,,,,1413590,908,"[""20211215"",""900495""]",908-C,cor:monetaryAmount,2021-12
32,2,900495,Debit,2021-12-15,Synthetic demo purchase on account 900495,5000,Demo Purchases,V006,Demo Vendor Prairie,D04,Demo Logistics,193300,0,2000,Demo Accounts Payable,,,,,3494150,908,"[""20211215"",""900495""]",908-D,cor:monetaryAmount,2021-12
33,1,900527,Credit,2021-12-15,Synthetic demo financing settlement 900527,1120,Demo Harbor Ordinary Deposit,B003,Harbor Demo Bank,D06,Demo Management,0,291380,,,,,,,5659180,909,"[""20211215"",""900527""]",909-C,cor:monetaryAmount,2021-12
33,2,900527,Debit,2021-12-15,Synthetic demo financing settlement 900527,2200,Demo Short-term Loans,,,D06,Demo Management,101980,0,1120,Demo Harbor Ordinary Deposit,,,,,2969900,909,"[""20211215"",""900527""]",909-D,cor:monetaryAmount,2021-12
33,3,900527,Debit,2021-12-15,Synthetic demo financing settlement 900527,6070,Demo Bank Fees,B003,Harbor Demo Bank,D06,Demo Management,2910,0,1120,Demo Harbor Ordinary Deposit,,,,,2158670,910,"[""20211215"",""900527""]",910-D,cor:monetaryAmount,2021-12
33,4,900527,Debit,2021-12-15,Synthetic demo financing settlement 900527,7000,Demo Taxes and Dues,,,D06,Demo Management,186490,0,1120,Demo Harbor Ordinary Deposit,,,,,5078260,911,"[""20211215"",""900527""]",911-D,cor:monetaryAmount,2021-12
34,1,900513,Credit,2021-12-16,Synthetic demo customer receipt 900513,1200,Demo Accounts Receivable,C010,Demo Customer Juniper,D01,Demo Sales,0,497370,1100,Demo Central Ordinary Deposit,,,,,22343490,912,"[""20211216"",""900513""]",912-C,cor:monetaryAmount,2021-12
34,2,900513,Debit,2021-12-16,Synthetic demo customer receipt 900513,1100,Demo Central Ordinary Deposit,B001,Demo Central Bank,D01,Demo Sales,497370,0,1200,Demo Accounts Receivable,,,,,4408490,912,"[""20211216"",""900513""]",912-D,cor:monetaryAmount,2021-12
35,1,900479,Credit,2021-12-17,Synthetic demo prepaid service 900479,1120,Demo Harbor Ordinary Deposit,B003,Harbor Demo Bank,D05,Demo Digital Services,0,235680,1400,Demo Prepaid Expenses,,,,,5423500,913,"[""20211217"",""900479""]",913-C,cor:monetaryAmount,2021-12
35,2,900479,Debit,2021-12-17,Synthetic demo prepaid service 900479,1400,Demo Prepaid Expenses,S006,Demo Insurance Services,D05,Demo Digital Services,235680,0,1120,Demo Harbor Ordinary Deposit,,,,,5445660,913,"[""20211217"",""900479""]",913-D,cor:monetaryAmount,2021-12
36,1,900499,Debit,2021-12-17,Synthetic demo multi-vendor settlement 900499,2000,Demo Accounts Payable,V010,Demo Vendor Tandem,D01,Demo Sales,320100,0,,,,,,,1093490,914,"[""20211217"",""900499""]",914-D,cor:monetaryAmount,2021-12
36,2,900499,Debit,2021-12-17,Synthetic demo multi-vendor settlement 900499,2100,Demo Accrued Payables,V003,Demo Vendor Mosaic,D01,Demo Sales,80030,0,,,,,,,1647900,915,"[""20211217"",""900499""]",915-D,cor:monetaryAmount,2021-12
36,3,900499,Credit,2021-12-17,Synthetic demo multi-vendor settlement 900499,1110,Demo North Current Deposit,B002,North Demo Bank,D01,Demo Sales,0,272080,,,,,,,4305990,916,"[""20211217"",""900499""]",916-C,cor:monetaryAmount,2021-12
36,4,900499,Credit,2021-12-17,Synthetic demo multi-vendor settlement 900499,1120,Demo Harbor Ordinary Deposit,B003,Harbor Demo Bank,D01,Demo Sales,0,128050,,,,,,,5295450,917,"[""20211217"",""900499""]",917-C,cor:monetaryAmount,2021-12
37,1,900503,Credit,2021-12-17,Synthetic demo financing settlement 900503,1120,Demo Harbor Ordinary Deposit,B003,Harbor Demo Bank,D06,Demo Management,0,554020,,,,,,,4741430,918,"[""20211217"",""900503""]",918-C,cor:monetaryAmount,2021-12
37,2,900503,Debit,2021-12-17,Synthetic demo financing settlement 900503,2200,Demo Short-term Loans,,,D06,Demo Management,99720,0,1120,Demo Harbor Ordinary Deposit,,,,,2870180,918,"[""20211217"",""900503""]",918-D,cor:monetaryAmount,2021-12
37,3,900503,Debit,2021-12-17,Synthetic demo financing settlement 900503,6070,Demo Bank Fees,B003,Harbor Demo Bank,D06,Demo Management,127420,0,1120,Demo Harbor Ordinary Deposit,,,,,2286090,919,"[""20211217"",""900503""]",919-D,cor:monetaryAmount,2021-12
37,4,900503,Debit,2021-12-17,Synthetic demo financing settlement 900503,7000,Demo Taxes and Dues,,,D06,Demo Management,326880,0,1120,Demo Harbor Ordinary Deposit,,,,,5405140,920,"[""20211217"",""900503""]",920-D,cor:monetaryAmount,2021-12
38,1,900515,Credit,2021-12-17,Synthetic demo purchase on account 900515,2000,Demo Accounts Payable,V006,Demo Vendor Prairie,D04,Demo Logistics,0,184330,5020,Demo Inventory Adjustment,,,,,1277820,921,"[""20211217"",""900515""]",921-C,cor:monetaryAmount,2021-12
38,2,900515,Debit,2021-12-17,Synthetic demo purchase on account 900515,5020,Demo Inventory Adjustment,V006,Demo Vendor Prairie,D04,Demo Logistics,184330,0,2000,Demo Accounts Payable,,,,,5307260,921,"[""20211217"",""900515""]",921-D,cor:monetaryAmount,2021-12
39,1,900530,Debit,2021-12-17,Synthetic demo mixed sales and receipt 900530,1120,Demo Harbor Ordinary Deposit,B003,Harbor Demo Bank,D01,Demo Sales,84490,0,,,,,,,4825920,922,"[""20211217"",""900530""]",922-D,cor:monetaryAmount,2021-12
39,2,900530,Debit,2021-12-17,Synthetic demo mixed sales and receipt 900530,1200,Demo Accounts Receivable,C001,Demo Customer Aurora,D01,Demo Sales,299560,0,,,,,,,22643050,923,"[""20211217"",""900530""]",923-D,cor:monetaryAmount,2021-12
39,3,900530,Credit,2021-12-17,Synthetic demo mixed sales and receipt 900530,4000,Demo Product Sales,C002,Demo Customer Birch,D01,Demo Sales,0,322600,,,,,,,20626970,924,"[""20211217"",""900530""]",924-C,cor:monetaryAmount,2021-12
39,4,900530,Credit,2021-12-17,Synthetic demo mixed sales and receipt 900530,4010,Demo Service Revenue,C003,Demo Customer Cobalt,D01,Demo Sales,0,61450,,,,,,,19335950,925,"[""20211217"",""900530""]",925-C,cor:monetaryAmount,2021-12
40,1,900522,Credit,2021-12-18,Synthetic demo credit sale 900522,4000,Demo Product Sales,C007,Demo Customer Grove,D01,Demo Sales,0,412820,1200,Demo Accounts Receivable,,,,,21039790,926,"[""20211218"",""900522""]",926-C,cor:monetaryAmount,2021-12
40,2,900522,Debit,2021-12-18,Synthetic demo credit sale 900522,1200,Demo Accounts Receivable,C007,Demo Customer Grove,D01,Demo Sales,412820,0,4000,Demo Product Sales,,,,,23055870,926,"[""20211218"",""900522""]",926-D,cor:monetaryAmount,2021-12
41,1,900481,Credit,2021-12-19,Synthetic demo credit sale 900481,4010,Demo Service Revenue,C004,Demo Customer Dawn,D01,Demo Sales,0,561980,1200,Demo Accounts Receivable,,,,,19897930,927,"[""20211219"",""900481""]",927-C,cor:monetaryAmount,2021-12
41,2,900481,Debit,2021-12-19,Synthetic demo credit sale 900481,1200,Demo Accounts Receivable,C004,Demo Customer Dawn,D01,Demo Sales,561980,0,4010,Demo Service Revenue,,,,,23617850,927,"[""20211219"",""900481""]",927-D,cor:monetaryAmount,2021-12
42,1,900494,Credit,2021-12-19,Synthetic demo customer receipt 900494,1200,Demo Accounts Receivable,C003,Demo Customer Cobalt,D01,Demo Sales,0,319590,1120,Demo Harbor Ordinary Deposit,,,,,23298260,928,"[""20211219"",""900494""]",928-C,cor:monetaryAmount,2021-12
42,2,900494,Debit,2021-12-19,Synthetic demo customer receipt 900494,1120,Demo Harbor Ordinary Deposit,B003,Harbor Demo Bank,D01,Demo Sales,319590,0,1200,Demo Accounts Receivable,,,,,5145510,928,"[""20211219"",""900494""]",928-D,cor:monetaryAmount,2021-12
43,1,900519,Credit,2021-12-19,Synthetic demo prepaid service 900519,1100,Demo Central Ordinary Deposit,B001,Demo Central Bank,D05,Demo Digital Services,0,93290,1400,Demo Prepaid Expenses,,,,,4315200,929,"[""20211219"",""900519""]",929-C,cor:monetaryAmount,2021-12
43,2,900519,Debit,2021-12-19,Synthetic demo prepaid service 900519,1400,Demo Prepaid Expenses,S004,Demo Logistics Services,D05,Demo Digital Services,93290,0,1100,Demo Central Ordinary Deposit,,,,,5538950,929,"[""20211219"",""900519""]",929-D,cor:monetaryAmount,2021-12
44,1,900477,Credit,2021-12-20,Synthetic demo monthly payroll bundle 900477,1100,Demo Central Ordinary Deposit,B001,Demo Central Bank,D02,Demo Administration,0,256700,,,,,,,4058500,930,"[""20211220"",""900477""]",930-C,cor:monetaryAmount,2021-12
44,2,900477,Debit,2021-12-20,Synthetic demo monthly payroll bundle 900477,6000,Demo Salaries,,,D02,Demo Administration,51340,0,1100,Demo Central Ordinary Deposit,,,,,4620740,930,"[""20211220"",""900477""]",930-D,cor:monetaryAmount,2021-12
44,3,900477,Debit,2021-12-20,Synthetic demo monthly payroll bundle 900477,6010,Demo Statutory Welfare,,,D02,Demo Administration,151450,0,1100,Demo Central Ordinary Deposit,,,,,2557310,931,"[""20211220"",""900477""]",931-D,cor:monetaryAmount,2021-12
44,4,900477,Debit,2021-12-20,Synthetic demo monthly payroll bundle 900477,2110,Demo Payroll Withholding,,,D02,Demo Administration,53910,0,1100,Demo Central Ordinary Deposit,,,,,1359950,932,"[""20211220"",""900477""]",932-D,cor:monetaryAmount,2021-12
45,1,900478,Credit,2021-12-20,Synthetic demo operating expense 900478,1110,Demo North Current Deposit,B002,North Demo Bank,D03,Demo Operations,0,90900,6120,Demo Professional Fees,,,,,4215090,933,"[""20211220"",""900478""]",933-C,cor:monetaryAmount,2021-12
45,2,900478,Debit,2021-12-20,Synthetic demo operating expense 900478,6120,Demo Professional Fees,V001,Demo Vendor Keystone,D03,Demo Operations,90900,0,1110,Demo North Current Deposit,,,,,339230,933,"[""20211220"",""900478""]",933-D,cor:monetaryAmount,2021-12
46,1,900491,Credit,2021-12-20,Synthetic demo credit sale 900491,4020,Demo Other Operating Revenue,C004,Demo Customer Dawn,D01,Demo Sales,0,524660,1200,Demo Accounts Receivable,,,,,10356100,934,"[""20211220"",""900491""]",934-C,cor:monetaryAmount,2021-12
46,2,900491,Debit,2021-12-20,Synthetic demo credit sale 900491,1200,Demo Accounts Receivable,C004,Demo Customer Dawn,D01,Demo Sales,524660,0,4020,Demo Other Operating Revenue,,,,,23822920,934,"[""20211220"",""900491""]",934-D,cor:monetaryAmount,2021-12
47,1,900526,Credit,2021-12-20,Synthetic demo purchase on account 900526,2000,Demo Accounts Payable,V001,Demo Vendor Keystone,D04,Demo Logistics,0,359270,5010,Demo Freight-in,,,,,1637090,935,"[""20211220"",""900526""]",935-C,cor:monetaryAmount,2021-12
47,2,900526,Debit,2021-12-20,Synthetic demo purchase on account 900526,5010,Demo Freight-in,V001,Demo Vendor Keystone,D04,Demo Logistics,359270,0,2000,Demo Accounts Payable,,,,,5546520,935,"[""20211220"",""900526""]",935-D,cor:monetaryAmount,2021-12
48,1,900528,Credit,2021-12-21,Synthetic demo operating expense 900528,1100,Demo Central Ordinary Deposit,B001,Demo Central Bank,D02,Demo Administration,0,144240,6080,Demo Advertising,,,,,3914260,936,"[""20211221"",""900528""]",936-C,cor:monetaryAmount,2021-12
48,2,900528,Debit,2021-12-21,Synthetic demo operating expense 900528,6080,Demo Advertising,V001,Demo Vendor Keystone,D02,Demo Administration,144240,0,1100,Demo Central Ordinary Deposit,,,,,382480,936,"[""20211221"",""900528""]",936-D,cor:monetaryAmount,2021-12
49,1,900529,Credit,2021-12-21,Synthetic demo prepaid service 900529,1110,Demo North Current Deposit,B002,North Demo Bank,D05,Demo Digital Services,0,172630,1400,Demo Prepaid Expenses,,,,,4042460,937,"[""20211221"",""900529""]",937-C,cor:monetaryAmount,2021-12
49,2,900529,Debit,2021-12-21,Synthetic demo prepaid service 900529,1400,Demo Prepaid Expenses,S002,Demo Energy Services,D05,Demo Digital Services,172630,0,1110,Demo North Current Deposit,,,,,5711580,937,"[""20211221"",""900529""]",937-D,cor:monetaryAmount,2021-12
50,1,900497,Credit,2021-12-22,Synthetic demo financing settlement 900497,1120,Demo Harbor Ordinary Deposit,B003,Harbor Demo Bank,D06,Demo Management,0,516500,,,,,,,4629010,938,"[""20211222"",""900497""]",938-C,cor:monetaryAmount,2021-12
50,2,900497,Debit,2021-12-22,Synthetic demo financing settlement 900497,2200,Demo Short-term Loans,,,D06,Demo Management,103300,0,1120,Demo Harbor Ordinary Deposit,,,,,2766880,938,"[""20211222"",""900497""]",938-D,cor:monetaryAmount,2021-12
50,3,900497,Debit,2021-12-22,Synthetic demo financing settlement 900497,6070,Demo Bank Fees,B003,Harbor Demo Bank,D06,Demo Management,51650,0,1120,Demo Harbor Ordinary Deposit,,,,,2337740,939,"[""20211222"",""900497""]",939-D,cor:monetaryAmount,2021-12
50,4,900497,Debit,2021-12-22,Synthetic demo financing settlement 900497,7000,Demo Taxes and Dues,,,D06,Demo Management,361550,0,1120,Demo Harbor Ordinary Deposit,,,,,5766690,940,"[""20211222"",""900497""]",940-D,cor:monetaryAmount,2021-12
51,1,900501,Credit,2021-12-24,Synthetic demo credit sale 900501,4000,Demo Product Sales,C004,Demo Customer Dawn,D01,Demo Sales,0,108870,1200,Demo Accounts Receivable,,,,,21148660,941,"[""20211224"",""900501""]",941-C,cor:monetaryAmount,2021-12
51,2,900501,Debit,2021-12-24,Synthetic demo credit sale 900501,1200,Demo Accounts Receivable,C004,Demo Customer Dawn,D01,Demo Sales,108870,0,4000,Demo Product Sales,,,,,23931790,941,"[""20211224"",""900501""]",941-D,cor:monetaryAmount,2021-12
52,1,900524,Debit,2021-12-24,Synthetic demo mixed sales and receipt 900524,1120,Demo Harbor Ordinary Deposit,B003,Harbor Demo Bank,D01,Demo Sales,236700,0,,,,,,,4865710,942,"[""20211224"",""900524""]",942-D,cor:monetaryAmount,2021-12
52,2,900524,Debit,2021-12-24,Synthetic demo mixed sales and receipt 900524,1200,Demo Accounts Receivable,C005,Demo Customer Elm,D01,Demo Sales,185990,0,,,,,,,24117780,943,"[""20211224"",""900524""]",943-D,cor:monetaryAmount,2021-12
52,3,900524,Credit,2021-12-24,Synthetic demo mixed sales and receipt 900524,4000,Demo Product Sales,C006,Demo Customer Fjord,D01,Demo Sales,0,169070,,,,,,,21317730,944,"[""20211224"",""900524""]",944-C,cor:monetaryAmount,2021-12
52,4,900524,Credit,2021-12-24,Synthetic demo mixed sales and receipt 900524,4010,Demo Service Revenue,C007,Demo Customer Grove,D01,Demo Sales,0,253620,,,,,,,20151550,945,"[""20211224"",""900524""]",945-C,cor:monetaryAmount,2021-12
53,1,900483,Credit,2021-12-25,Synthetic demo customer receipt 900483,1200,Demo Accounts Receivable,C010,Demo Customer Juniper,D01,Demo Sales,0,332990,1100,Demo Central Ordinary Deposit,,,,,23784790,946,"[""20211225"",""900483""]",946-C,cor:monetaryAmount,2021-12
53,2,900483,Debit,2021-12-25,Synthetic demo customer receipt 900483,1100,Demo Central Ordinary Deposit,B001,Demo Central Bank,D01,Demo Sales,332990,0,1200,Demo Accounts Receivable,,,,,4247250,946,"[""20211225"",""900483""]",946-D,cor:monetaryAmount,2021-12
54,1,900476,Credit,2021-12-26,Synthetic demo purchase on account 900476,2000,Demo Accounts Payable,V001,Demo Vendor Keystone,D04,Demo Logistics,0,53400,5020,Demo Inventory Adjustment,,,,,1690490,947,"[""20211226"",""900476""]",947-C,cor:monetaryAmount,2021-12
54,2,900476,Debit,2021-12-26,Synthetic demo purchase on account 900476,5020,Demo Inventory Adjustment,V001,Demo Vendor Keystone,D04,Demo Logistics,53400,0,2000,Demo Accounts Payable,,,,,5360660,947,"[""20211226"",""900476""]",947-D,cor:monetaryAmount,2021-12
55,1,900508,Credit,2021-12-26,Synthetic demo operating expense 900508,1110,Demo North Current Deposit,B002,North Demo Bank,D03,Demo Operations,0,64800,6060,Demo Office Supplies,,,,,3977660,948,"[""20211226"",""900508""]",948-C,cor:monetaryAmount,2021-12
55,2,900508,Debit,2021-12-26,Synthetic demo operating expense 900508,6060,Demo Office Supplies,V001,Demo Vendor Keystone,D03,Demo Operations,64800,0,1110,Demo North Current Deposit,,,,,5000390,948,"[""20211226"",""900508""]",948-D,cor:monetaryAmount,2021-12
56,1,900472,Credit,2021-12-27,Synthetic demo credit sale 900472,4010,Demo Service Revenue,C007,Demo Customer Grove,D01,Demo Sales,0,345930,1200,Demo Accounts Receivable,,,,,20497480,949,"[""20211227"",""900472""]",949-C,cor:monetaryAmount,2021-12
56,2,900472,Debit,2021-12-27,Synthetic demo credit sale 900472,1200,Demo Accounts Receivable,C007,Demo Customer Grove,D01,Demo Sales,345930,0,4010,Demo Service Revenue,,,,,24130720,949,"[""20211227"",""900472""]",949-D,cor:monetaryAmount,2021-12
57,1,900475,Credit,2021-12-28,Synthetic demo purchase on account 900475,2000,Demo Accounts Payable,V006,Demo Vendor Prairie,D04,Demo Logistics,0,327130,5010,Demo Freight-in,,,,,2017620,950,"[""20211228"",""900475""]",950-C,cor:monetaryAmount,2021-12
57,2,900475,Debit,2021-12-28,Synthetic demo purchase on account 900475,5010,Demo Freight-in,V006,Demo Vendor Prairie,D04,Demo Logistics,327130,0,2000,Demo Accounts Payable,,,,,5873650,950,"[""20211228"",""900475""]",950-D,cor:monetaryAmount,2021-12
58,1,900482,Credit,2021-12-30,Synthetic demo credit sale 900482,4020,Demo Other Operating Revenue,C007,Demo Customer Grove,D01,Demo Sales,0,458500,1200,Demo Accounts Receivable,,,,,10814600,951,"[""20211230"",""900482""]",951-C,cor:monetaryAmount,2021-12
58,2,900482,Debit,2021-12-30,Synthetic demo credit sale 900482,1200,Demo Accounts Receivable,C007,Demo Customer Grove,D01,Demo Sales,458500,0,4020,Demo Other Operating Revenue,,,,,24589220,951,"[""20211230"",""900482""]",951-D,cor:monetaryAmount,2021-12
59,1,900504,Credit,2021-12-30,Synthetic demo customer receipt 900504,1200,Demo Accounts Receivable,C003,Demo Customer Cobalt,D01,Demo Sales,0,389920,1100,Demo Central Ordinary Deposit,,,,,24199300,952,"[""20211230"",""900504""]",952-C,cor:monetaryAmount,2021-12
59,2,900504,Debit,2021-12-30,Synthetic demo customer receipt 900504,1100,Demo Central Ordinary Deposit,B001,Demo Central Bank,D01,Demo Sales,389920,0,1200,Demo Accounts Receivable,,,,,4637170,952,"[""20211230"",""900504""]",952-D,cor:monetaryAmount,2021-12
60,1,900487,Credit,2021-12-31,Synthetic demo vendor settlement 900487,1110,Demo North Current Deposit,B002,North Demo Bank,D04,Demo Logistics,0,340340,2000,Demo Accounts Payable,,,,,3637320,953,"[""20211231"",""900487""]",953-C,cor:monetaryAmount,2021-12
60,2,900487,Debit,2021-12-31,Synthetic demo vendor settlement 900487,2000,Demo Accounts Payable,V006,Demo Vendor Prairie,D04,Demo Logistics,340340,0,1110,Demo North Current Deposit,,,,,1677280,953,"[""20211231"",""900487""]",953-D,cor:monetaryAmount,2021-12
61,1,900488,Credit,2021-12-31,Synthetic demo operating expense 900488,1120,Demo Harbor Ordinary Deposit,B003,Harbor Demo Bank,D05,Demo Digital Services,0,39860,6040,Demo Communication,,,,,4825850,954,"[""20211231"",""900488""]",954-C,cor:monetaryAmount,2021-12
61,2,900488,Debit,2021-12-31,Synthetic demo operating expense 900488,6040,Demo Communication,V001,Demo Vendor Keystone,D05,Demo Digital Services,39860,0,1120,Demo Harbor Ordinary Deposit,,,,,3622580,954,"[""20211231"",""900488""]",954-D,cor:monetaryAmount,2021-12
,,,Opening,2022-01-01,* Opening balance,1000,Demo Cash,,,,,0,0,,,,,,,600000,,,,,2022-01
,,,Opening,2022-01-01,* Opening balance,1010,Demo Petty Cash,,,,,0,0,,,,,,,120000,,,,,2022-01
,,,Opening,2022-01-01,* Opening balance,1100,Demo Central Ordinary Deposit,,,,,0,0,,,,,,,4637170,,,,,2022-01
,,,Opening,2022-01-01,* Opening balance,1110,Demo North Current Deposit,,,,,0,0,,,,,,,3637320,,,,,2022-01
,,,Opening,2022-01-01,* Opening balance,1120,Demo Harbor Ordinary Deposit,,,,,0,0,,,,,,,4825850,,,,,2022-01
,,,Opening,2022-01-01,* Opening balance,1200,Demo Accounts Receivable,,,,,0,0,,,,,,,24199300,,,,,2022-01
,,,Opening,2022-01-01,* Opening balance,1210,Demo Notes Receivable,,,,,0,0,,,,,,,800000,,,,,2022-01
,,,Opening,2022-01-01,* Opening balance,1300,Demo Inventory,,,,,0,0,,,,,,,1200000,,,,,2022-01
,,,Opening,2022-01-01,* Opening balance,1400,Demo Prepaid Expenses,,,,,0,0,,,,,,,5711580,,,,,2022-01
,,,Opening,2022-01-01,* Opening balance,1410,Demo Advances Paid,,,,,0,0,,,,,,,250000,,,,,2022-01
,,,Opening,2022-01-01,* Opening balance,1420,Demo Temporary Payments,,,,,0,0,,,,,,,150000,,,,,2022-01
,,,Opening,2022-01-01,* Opening balance,1430,Demo Input Tax Receivable,,,,,0,0,,,,,,,400000,,,,,2022-01
,,,Opening,2022-01-01,* Opening balance,1500,Demo Equipment,,,,,0,0,,,,,,,2000000,,,,,2022-01
,,,Opening,2022-01-01,* Opening balance,1510,Demo Vehicles,,,,,0,0,,,,,,,1200000,,,,,2022-01
,,,Opening,2022-01-01,* Opening balance,1520,Demo Software,,,,,0,0,,,,,,,700000,,,,,2022-01
,,,Opening,2022-01-01,* Opening balance,1590,Demo Accumulated Depreciation,,,,,0,0,,,,,,,900000,,,,,2022-01
,,,Opening,2022-01-01,* Opening balance,2000,Demo Accounts Payable,,,,,0,0,,,,,,,1677280,,,,,2022-01
,,,Opening,2022-01-01,* Opening balance,2010,Demo Notes Payable,,,,,0,0,,,,,,,600000,,,,,2022-01
,,,Opening,2022-01-01,* Opening balance,2100,Demo Accrued Payables,,,,,0,0,,,,,,,1647900,,,,,2022-01
,,,Opening,2022-01-01,* Opening balance,2110,Demo Payroll Withholding,,,,,0,0,,,,,,,1359950,,,,,2022-01
,,,Opening,2022-01-01,* Opening balance,2120,Demo Output Tax Payable,,,,,0,0,,,,,,,450000,,,,,2022-01
,,,Opening,2022-01-01,* Opening balance,2130,Demo Temporary Receipts,,,,,0,0,,,,,,,120000,,,,,2022-01
,,,Opening,2022-01-01,* Opening balance,2200,Demo Short-term Loans,,,,,0,0,,,,,,,2766880,,,,,2022-01
,,,Opening,2022-01-01,* Opening balance,2300,Demo Long-term Loans,,,,,0,0,,,,,,,2500000,,,,,2022-01
,,,Opening,2022-01-01,* Opening balance,2400,Demo Unearned Revenue,,,,,0,0,,,,,,,350000,,,,,2022-01
,,,Opening,2022-01-01,* Opening balance,3000,Demo Capital,,,,,0,0,,,,,,,5000000,,,,,2022-01
,,,Opening,2022-01-01,* Opening balance,3100,Demo Retained Earnings,,,,,0,0,,,,,,,26159010,,,,,2022-01
,,,Opening,2022-01-01,* Opening balance,4000,Demo Product Sales,,,,,0,0,,,,,,,21317730,,,,,2022-01
,,,Opening,2022-01-01,* Opening balance,4010,Demo Service Revenue,,,,,0,0,,,,,,,20497480,,,,,2022-01
,,,Opening,2022-01-01,* Opening balance,4020,Demo Other Operating Revenue,,,,,0,0,,,,,,,10814600,,,,,2022-01
,,,Opening,2022-01-01,* Opening balance,4030,Demo Interest Income,,,,,0,0,,,,,,,0,,,,,2022-01
,,,Opening,2022-01-01,* Opening balance,4040,Demo Miscellaneous Income,,,,,0,0,,,,,,,0,,,,,2022-01
,,,Opening,2022-01-01,* Opening balance,5000,Demo Purchases,,,,,0,0,,,,,,,3494150,,,,,2022-01
,,,Opening,2022-01-01,* Opening balance,5010,Demo Freight-in,,,,,0,0,,,,,,,5873650,,,,,2022-01
,,,Opening,2022-01-01,* Opening balance,5020,Demo Inventory Adjustment,,,,,0,0,,,,,,,5360660,,,,,2022-01
,,,Opening,2022-01-01,* Opening balance,6000,Demo Salaries,,,,,0,0,,,,,,,4620740,,,,,2022-01
,,,Opening,2022-01-01,* Opening balance,6010,Demo Statutory Welfare,,,,,0,0,,,,,,,2557310,,,,,2022-01
,,,Opening,2022-01-01,* Opening balance,6020,Demo Office Rent,,,,,0,0,,,,,,,374850,,,,,2022-01
,,,Opening,2022-01-01,* Opening balance,6030,Demo Utilities,,,,,0,0,,,,,,,4567100,,,,,2022-01
,,,Opening,2022-01-01,* Opening balance,6040,Demo Communication,,,,,0,0,,,,,,,3622580,,,,,2022-01
,,,Opening,2022-01-01,* Opening balance,6050,Demo Business Travel,,,,,0,0,,,,,,,0,,,,,2022-01
,,,Opening,2022-01-01,* Opening balance,6060,Demo Office Supplies,,,,,0,0,,,,,,,5000390,,,,,2022-01
,,,Opening,2022-01-01,* Opening balance,6070,Demo Bank Fees,,,,,0,0,,,,,,,2337740,,,,,2022-01
,,,Opening,2022-01-01,* Opening balance,6080,Demo Advertising,,,,,0,0,,,,,,,382480,,,,,2022-01
,,,Opening,2022-01-01,* Opening balance,6090,Demo Insurance,,,,,0,0,,,,,,,0,,,,,2022-01
,,,Opening,2022-01-01,* Opening balance,6100,Demo Repairs,,,,,0,0,,,,,,,574570,,,,,2022-01
,,,Opening,2022-01-01,* Opening balance,6110,Demo Depreciation Expense,,,,,0,0,,,,,,,0,,,,,2022-01
,,,Opening,2022-01-01,* Opening balance,6120,Demo Professional Fees,,,,,0,0,,,,,,,339230,,,,,2022-01
,,,Opening,2022-01-01,* Opening balance,6130,Demo Training,,,,,0,0,,,,,,,0,,,,,2022-01
,,,Opening,2022-01-01,* Opening balance,6140,Demo Vehicle Expense,,,,,0,0,,,,,,,679750,,,,,2022-01
,,,Opening,2022-01-01,* Opening balance,6150,Demo Software Subscription,,,,,0,0,,,,,,,0,,,,,2022-01
,,,Opening,2022-01-01,* Opening balance,6160,Demo Shipping,,,,,0,0,,,,,,,177720,,,,,2022-01
,,,Opening,2022-01-01,* Opening balance,6170,Demo Miscellaneous Expense,,,,,0,0,,,,,,,0,,,,,2022-01
,,,Opening,2022-01-01,* Opening balance,7000,Demo Taxes and Dues,,,,,0,0,,,,,,,5766690,,,,,2022-01
,,,Opening,2022-01-01,* Opening balance,7010,Demo Corporate Tax,,,,,0,0,,,,,,,0,,,,,2022-01
,,,Opening,2022-01-01,* Opening balance,7020,Demo Consumption Tax Expense,,,,,0,0,,,,,,,0,,,,,2022-01
,,,Opening,2022-01-01,* Opening balance,8000,Demo Suspense,,,,,0,0,,,,,,,50000,,,,,2022-01
,,,Opening,2022-01-01,* Opening balance,8010,Demo Clearing,,,,,0,0,,,,,,,50000,,,,,2022-01
1,1,900588,Credit,2022-01-01,Synthetic demo operating expense 900588,1100,Demo Central Ordinary Deposit,B001,Demo Central Bank,D02,Demo Administration,0,161750,6140,Demo Vehicle Expense,,,,,4475420,955,"[""20220101"",""900588""]",955-C,cor:monetaryAmount,2022-01
1,2,900588,Debit,2022-01-01,Synthetic demo operating expense 900588,6140,Demo Vehicle Expense,V001,Demo Vendor Keystone,D02,Demo Administration,161750,0,1100,Demo Central Ordinary Deposit,,,,,841500,955,"[""20220101"",""900588""]",955-D,cor:monetaryAmount,2022-01
2,1,900584,Credit,2022-01-02,Synthetic demo financing settlement 900584,1120,Demo Harbor Ordinary Deposit,B003,Harbor Demo Bank,D06,Demo Management,0,746400,,,,,,,4079450,956,"[""20220102"",""900584""]",956-C,cor:monetaryAmount,2022-01
2,2,900584,Debit,2022-01-02,Synthetic demo financing settlement 900584,2200,Demo Short-term Loans,,,D06,Demo Management,328410,0,1120,Demo Harbor Ordinary Deposit,,,,,2438470,956,"[""20220102"",""900584""]",956-D,cor:monetaryAmount,2022-01
2,3,900584,Debit,2022-01-02,Synthetic demo financing settlement 900584,6070,Demo Bank Fees,B003,Harbor Demo Bank,D06,Demo Management,186600,0,1120,Demo Harbor Ordinary Deposit,,,,,2524340,957,"[""20220102"",""900584""]",957-D,cor:monetaryAmount,2022-01
2,4,900584,Debit,2022-01-02,Synthetic demo financing settlement 900584,7000,Demo Taxes and Dues,,,D06,Demo Management,231390,0,1120,Demo Harbor Ordinary Deposit,,,,,5998080,958,"[""20220102"",""900584""]",958-D,cor:monetaryAmount,2022-01
3,1,900535,Credit,2022-01-03,Synthetic demo purchase on account 900535,2000,Demo Accounts Payable,V006,Demo Vendor Prairie,D04,Demo Logistics,0,376950,5010,Demo Freight-in,,,,,2054230,959,"[""20220103"",""900535""]",959-C,cor:monetaryAmount,2022-01
3,2,900535,Debit,2022-01-03,Synthetic demo purchase on account 900535,5010,Demo Freight-in,V006,Demo Vendor Prairie,D04,Demo Logistics,376950,0,2000,Demo Accounts Payable,,,,,6250600,959,"[""20220103"",""900535""]",959-D,cor:monetaryAmount,2022-01
4,1,900534,Credit,2022-01-04,Synthetic demo customer receipt 900534,1200,Demo Accounts Receivable,C003,Demo Customer Cobalt,D01,Demo Sales,0,252020,1100,Demo Central Ordinary Deposit,,,,,23947280,960,"[""20220104"",""900534""]",960-C,cor:monetaryAmount,2022-01
4,2,900534,Debit,2022-01-04,Synthetic demo customer receipt 900534,1100,Demo Central Ordinary Deposit,B001,Demo Central Bank,D01,Demo Sales,252020,0,1200,Demo Accounts Receivable,,,,,4727440,960,"[""20220104"",""900534""]",960-D,cor:monetaryAmount,2022-01
5,1,900583,Credit,2022-01-04,Synthetic demo customer receipt 900583,1200,Demo Accounts Receivable,C010,Demo Customer Juniper,D01,Demo Sales,0,181110,1110,Demo North Current Deposit,,,,,23766170,961,"[""20220104"",""900583""]",961-C,cor:monetaryAmount,2022-01
5,2,900583,Debit,2022-01-04,Synthetic demo customer receipt 900583,1110,Demo North Current Deposit,B002,North Demo Bank,D01,Demo Sales,181110,0,1200,Demo Accounts Receivable,,,,,3818430,961,"[""20220104"",""900583""]",961-D,cor:monetaryAmount,2022-01
6,1,900573,Credit,2022-01-05,Synthetic demo customer receipt 900573,1200,Demo Accounts Receivable,C010,Demo Customer Juniper,D01,Demo Sales,0,335470,1100,Demo Central Ordinary Deposit,,,,,23430700,962,"[""20220105"",""900573""]",962-C,cor:monetaryAmount,2022-01
6,2,900573,Debit,2022-01-05,Synthetic demo customer receipt 900573,1100,Demo Central Ordinary Deposit,B001,Demo Central Bank,D01,Demo Sales,335470,0,1200,Demo Accounts Receivable,,,,,5062910,962,"[""20220105"",""900573""]",962-D,cor:monetaryAmount,2022-01
7,1,900563,Credit,2022-01-06,Synthetic demo customer receipt 900563,1200,Demo Accounts Receivable,C010,Demo Customer Juniper,D01,Demo Sales,0,86730,1120,Demo Harbor Ordinary Deposit,,,,,23343970,963,"[""20220106"",""900563""]",963-C,cor:monetaryAmount,2022-01
7,2,900563,Debit,2022-01-06,Synthetic demo customer receipt 900563,1120,Demo Harbor Ordinary Deposit,B003,Harbor Demo Bank,D01,Demo Sales,86730,0,1200,Demo Accounts Receivable,,,,,4166180,963,"[""20220106"",""900563""]",963-D,cor:monetaryAmount,2022-01
8,1,900572,Credit,2022-01-06,Synthetic demo financing settlement 900572,1120,Demo Harbor Ordinary Deposit,B003,Harbor Demo Bank,D06,Demo Management,0,726130,,,,,,,3440050,964,"[""20220106"",""900572""]",964-C,cor:monetaryAmount,2022-01
8,2,900572,Debit,2022-01-06,Synthetic demo financing settlement 900572,2200,Demo Short-term Loans,,,D06,Demo Management,377580,0,1120,Demo Harbor Ordinary Deposit,,,,,2060890,964,"[""20220106"",""900572""]",964-D,cor:monetaryAmount,2022-01
8,3,900572,Debit,2022-01-06,Synthetic demo financing settlement 900572,6070,Demo Bank Fees,B003,Harbor Demo Bank,D06,Demo Management,7260,0,1120,Demo Harbor Ordinary Deposit,,,,,2531600,965,"[""20220106"",""900572""]",965-D,cor:monetaryAmount,2022-01
8,4,900572,Debit,2022-01-06,Synthetic demo financing settlement 900572,7000,Demo Taxes and Dues,,,D06,Demo Management,341290,0,1120,Demo Harbor Ordinary Deposit,,,,,6339370,966,"[""20220106"",""900572""]",966-D,cor:monetaryAmount,2022-01
9,1,900536,Credit,2022-01-07,Synthetic demo purchase on account 900536,2000,Demo Accounts Payable,V001,Demo Vendor Keystone,D04,Demo Logistics,0,46110,5020,Demo Inventory Adjustment,,,,,2100340,967,"[""20220107"",""900536""]",967-C,cor:monetaryAmount,2022-01
9,2,900536,Debit,2022-01-07,Synthetic demo purchase on account 900536,5020,Demo Inventory Adjustment,V001,Demo Vendor Keystone,D04,Demo Logistics,46110,0,2000,Demo Accounts Payable,,,,,5406770,967,"[""20220107"",""900536""]",967-D,cor:monetaryAmount,2022-01
10,1,900538,Credit,2022-01-07,Synthetic demo operating expense 900538,1110,Demo North Current Deposit,B002,North Demo Bank,D03,Demo Operations,0,57370,7000,Demo Taxes and Dues,,,,,3761060,968,"[""20220107"",""900538""]",968-C,cor:monetaryAmount,2022-01
10,2,900538,Debit,2022-01-07,Synthetic demo operating expense 900538,7000,Demo Taxes and Dues,V001,Demo Vendor Keystone,D03,Demo Operations,57370,0,1110,Demo North Current Deposit,,,,,6396740,968,"[""20220107"",""900538""]",968-D,cor:monetaryAmount,2022-01
11,1,900548,Credit,2022-01-07,Synthetic demo operating expense 900548,1120,Demo Harbor Ordinary Deposit,B003,Harbor Demo Bank,D05,Demo Digital Services,0,26960,6100,Demo Repairs,,,,,3413090,969,"[""20220107"",""900548""]",969-C,cor:monetaryAmount,2022-01
11,2,900548,Debit,2022-01-07,Synthetic demo operating expense 900548,6100,Demo Repairs,V001,Demo Vendor Keystone,D05,Demo Digital Services,26960,0,1120,Demo Harbor Ordinary Deposit,,,,,601530,969,"[""20220107"",""900548""]",969-D,cor:monetaryAmount,2022-01
12,1,900552,Credit,2022-01-07,Synthetic demo monthly payroll bundle 900552,1100,Demo Central Ordinary Deposit,B001,Demo Central Bank,D02,Demo Administration,0,403430,,,,,,,4659480,970,"[""20220107"",""900552""]",970-C,cor:monetaryAmount,2022-01
12,2,900552,Debit,2022-01-07,Synthetic demo monthly payroll bundle 900552,6000,Demo Salaries,,,D02,Demo Administration,88750,0,1100,Demo Central Ordinary Deposit,,,,,4709490,970,"[""20220107"",""900552""]",970-D,cor:monetaryAmount,2022-01
12,3,900552,Debit,2022-01-07,Synthetic demo monthly payroll bundle 900552,6010,Demo Statutory Welfare,,,D02,Demo Administration,56480,0,1100,Demo Central Ordinary Deposit,,,,,2613790,971,"[""20220107"",""900552""]",971-D,cor:monetaryAmount,2022-01
12,4,900552,Debit,2022-01-07,Synthetic demo monthly payroll bundle 900552,2110,Demo Payroll Withholding,,,D02,Demo Administration,258200,0,1100,Demo Central Ordinary Deposit,,,,,1101750,972,"[""20220107"",""900552""]",972-D,cor:monetaryAmount,2022-01
13,1,900566,Credit,2022-01-07,Synthetic demo purchase on account 900566,2000,Demo Accounts Payable,V001,Demo Vendor Keystone,D04,Demo Logistics,0,154460,5020,Demo Inventory Adjustment,,,,,2254800,973,"[""20220107"",""900566""]",973-C,cor:monetaryAmount,2022-01
13,2,900566,Debit,2022-01-07,Synthetic demo purchase on account 900566,5020,Demo Inventory Adjustment,V001,Demo Vendor Keystone,D04,Demo Logistics,154460,0,2000,Demo Accounts Payable,,,,,5561230,973,"[""20220107"",""900566""]",973-D,cor:monetaryAmount,2022-01
14,1,900567,Credit,2022-01-07,Synthetic demo vendor settlement 900567,1100,Demo Central Ordinary Deposit,B001,Demo Central Bank,D04,Demo Logistics,0,132130,2000,Demo Accounts Payable,,,,,4527350,974,"[""20220107"",""900567""]",974-C,cor:monetaryAmount,2022-01
14,2,900567,Debit,2022-01-07,Synthetic demo vendor settlement 900567,2000,Demo Accounts Payable,V006,Demo Vendor Prairie,D04,Demo Logistics,132130,0,1100,Demo Central Ordinary Deposit,,,,,2122670,974,"[""20220107"",""900567""]",974-D,cor:monetaryAmount,2022-01
15,1,900569,Credit,2022-01-07,Synthetic demo prepaid service 900569,1120,Demo Harbor Ordinary Deposit,B003,Harbor Demo Bank,D05,Demo Digital Services,0,64800,1400,Demo Prepaid Expenses,,,,,3348290,975,"[""20220107"",""900569""]",975-C,cor:monetaryAmount,2022-01
15,2,900569,Debit,2022-01-07,Synthetic demo prepaid service 900569,1400,Demo Prepaid Expenses,S006,Demo Insurance Services,D05,Demo Digital Services,64800,0,1120,Demo Harbor Ordinary Deposit,,,,,5776380,975,"[""20220107"",""900569""]",975-D,cor:monetaryAmount,2022-01
16,1,900590,Credit,2022-01-07,Synthetic demo credit sale 900590,4020,Demo Other Operating Revenue,C001,Demo Customer Aurora,D01,Demo Sales,0,441180,1200,Demo Accounts Receivable,,,,,11255780,976,"[""20220107"",""900590""]",976-C,cor:monetaryAmount,2022-01
16,2,900590,Debit,2022-01-07,Synthetic demo credit sale 900590,1200,Demo Accounts Receivable,C001,Demo Customer Aurora,D01,Demo Sales,441180,0,4020,Demo Other Operating Revenue,,,,,23785150,976,"[""20220107"",""900590""]",976-D,cor:monetaryAmount,2022-01
17,1,900532,Credit,2022-01-08,Synthetic demo credit sale 900532,4010,Demo Service Revenue,C007,Demo Customer Grove,D01,Demo Sales,0,278710,1200,Demo Accounts Receivable,,,,,20776190,977,"[""20220108"",""900532""]",977-C,cor:monetaryAmount,2022-01
17,2,900532,Debit,2022-01-08,Synthetic demo credit sale 900532,1200,Demo Accounts Receivable,C007,Demo Customer Grove,D01,Demo Sales,278710,0,4010,Demo Service Revenue,,,,,24063860,977,"[""20220108"",""900532""]",977-D,cor:monetaryAmount,2022-01
18,1,900539,Credit,2022-01-08,Synthetic demo prepaid service 900539,1120,Demo Harbor Ordinary Deposit,B003,Harbor Demo Bank,D05,Demo Digital Services,0,142580,1400,Demo Prepaid Expenses,,,,,3205710,978,"[""20220108"",""900539""]",978-C,cor:monetaryAmount,2022-01
18,2,900539,Debit,2022-01-08,Synthetic demo prepaid service 900539,1400,Demo Prepaid Expenses,S006,Demo Insurance Services,D05,Demo Digital Services,142580,0,1120,Demo Harbor Ordinary Deposit,,,,,5918960,978,"[""20220108"",""900539""]",978-D,cor:monetaryAmount,2022-01
19,1,900545,Credit,2022-01-08,Synthetic demo purchase on account 900545,2000,Demo Accounts Payable,V006,Demo Vendor Prairie,D04,Demo Logistics,0,145800,5020,Demo Inventory Adjustment,,,,,2268470,979,"[""20220108"",""900545""]",979-C,cor:monetaryAmount,2022-01
19,2,900545,Debit,2022-01-08,Synthetic demo purchase on account 900545,5020,Demo Inventory Adjustment,V006,Demo Vendor Prairie,D04,Demo Logistics,145800,0,2000,Demo Accounts Payable,,,,,5707030,979,"[""20220108"",""900545""]",979-D,cor:monetaryAmount,2022-01
20,1,900547,Credit,2022-01-08,Synthetic demo vendor settlement 900547,1110,Demo North Current Deposit,B002,North Demo Bank,D04,Demo Logistics,0,29050,2000,Demo Accounts Payable,,,,,3732010,980,"[""20220108"",""900547""]",980-C,cor:monetaryAmount,2022-01
20,2,900547,Debit,2022-01-08,Synthetic demo vendor settlement 900547,2000,Demo Accounts Payable,V006,Demo Vendor Prairie,D04,Demo Logistics,29050,0,1110,Demo North Current Deposit,,,,,2239420,980,"[""20220108"",""900547""]",980-D,cor:monetaryAmount,2022-01
21,1,900571,Credit,2022-01-08,Synthetic demo credit sale 900571,4010,Demo Service Revenue,C004,Demo Customer Dawn,D01,Demo Sales,0,462720,1200,Demo Accounts Receivable,,,,,21238910,981,"[""20220108"",""900571""]",981-C,cor:monetaryAmount,2022-01
21,2,900571,Debit,2022-01-08,Synthetic demo credit sale 900571,1200,Demo Accounts Receivable,C004,Demo Customer Dawn,D01,Demo Sales,462720,0,4010,Demo Service Revenue,,,,,24526580,981,"[""20220108"",""900571""]",981-D,cor:monetaryAmount,2022-01
22,1,900550,Credit,2022-01-09,Synthetic demo credit sale 900550,4010,Demo Service Revenue,C001,Demo Customer Aurora,D01,Demo Sales,0,257130,1200,Demo Accounts Receivable,,,,,21496040,982,"[""20220109"",""900550""]",982-C,cor:monetaryAmount,2022-01
22,2,900550,Debit,2022-01-09,Synthetic demo credit sale 900550,1200,Demo Accounts Receivable,C001,Demo Customer Aurora,D01,Demo Sales,257130,0,4010,Demo Service Revenue,,,,,24783710,982,"[""20220109"",""900550""]",982-D,cor:monetaryAmount,2022-01
23,1,900562,Debit,2022-01-09,Synthetic demo mixed sales and receipt 900562,1110,Demo North Current Deposit,B002,North Demo Bank,D01,Demo Sales,602730,0,,,,,,,4334740,983,"[""20220109"",""900562""]",983-D,cor:monetaryAmount,2022-01
23,2,900562,Debit,2022-01-09,Synthetic demo mixed sales and receipt 900562,1200,Demo Accounts Receivable,C003,Demo Customer Cobalt,D01,Demo Sales,141390,0,,,,,,,24925100,984,"[""20220109"",""900562""]",984-D,cor:monetaryAmount,2022-01
23,3,900562,Credit,2022-01-09,Synthetic demo mixed sales and receipt 900562,4000,Demo Product Sales,C004,Demo Customer Dawn,D01,Demo Sales,0,186030,,,,,,,21503760,985,"[""20220109"",""900562""]",985-C,cor:monetaryAmount,2022-01
23,4,900562,Credit,2022-01-09,Synthetic demo mixed sales and receipt 900562,4010,Demo Service Revenue,C005,Demo Customer Elm,D01,Demo Sales,0,558090,,,,,,,22054130,986,"[""20220109"",""900562""]",986-C,cor:monetaryAmount,2022-01
24,1,900589,Credit,2022-01-09,Synthetic demo prepaid service 900589,1110,Demo North Current Deposit,B002,North Demo Bank,D05,Demo Digital Services,0,199900,1400,Demo Prepaid Expenses,,,,,4134840,987,"[""20220109"",""900589""]",987-C,cor:monetaryAmount,2022-01
24,2,900589,Debit,2022-01-09,Synthetic demo prepaid service 900589,1400,Demo Prepaid Expenses,S002,Demo Energy Services,D05,Demo Digital Services,199900,0,1110,Demo North Current Deposit,,,,,6118860,987,"[""20220109"",""900589""]",987-D,cor:monetaryAmount,2022-01
25,1,900553,Credit,2022-01-10,Synthetic demo customer receipt 900553,1200,Demo Accounts Receivable,C010,Demo Customer Juniper,D01,Demo Sales,0,60010,1110,Demo North Current Deposit,,,,,24865090,988,"[""20220110"",""900553""]",988-C,cor:monetaryAmount,2022-01
25,2,900553,Debit,2022-01-10,Synthetic demo customer receipt 900553,1110,Demo North Current Deposit,B002,North Demo Bank,D01,Demo Sales,60010,0,1200,Demo Accounts Receivable,,,,,4194850,988,"[""20220110"",""900553""]",988-D,cor:monetaryAmount,2022-01
26,1,900558,Credit,2022-01-10,Synthetic demo operating expense 900558,1100,Demo Central Ordinary Deposit,B001,Demo Central Bank,D02,Demo Administration,0,178370,6020,Demo Office Rent,,,,,4348980,989,"[""20220110"",""900558""]",989-C,cor:monetaryAmount,2022-01
26,2,900558,Debit,2022-01-10,Synthetic demo operating expense 900558,6020,Demo Office Rent,V001,Demo Vendor Keystone,D02,Demo Administration,178370,0,1100,Demo Central Ordinary Deposit,,,,,553220,989,"[""20220110"",""900558""]",989-D,cor:monetaryAmount,2022-01
27,1,900565,Credit,2022-01-11,Synthetic demo operating cost bundle 900565,1110,Demo North Current Deposit,B002,North Demo Bank,D03,Demo Operations,0,452200,,,,,,,3742650,990,"[""20220111"",""900565""]",990-C,cor:monetaryAmount,2022-01
27,2,900565,Debit,2022-01-11,Synthetic demo operating cost bundle 900565,6030,Demo Utilities,S002,Demo Energy Services,D03,Demo Operations,67830,0,1110,Demo North Current Deposit,,,,,4634930,990,"[""20220111"",""900565""]",990-D,cor:monetaryAmount,2022-01
27,3,900565,Debit,2022-01-11,Synthetic demo operating cost bundle 900565,6040,Demo Communication,S003,Demo Network Services,D03,Demo Operations,126610,0,1110,Demo North Current Deposit,,,,,3749190,991,"[""20220111"",""900565""]",991-D,cor:monetaryAmount,2022-01
27,4,900565,Debit,2022-01-11,Synthetic demo operating cost bundle 900565,6060,Demo Office Supplies,V006,Demo Vendor Prairie,D03,Demo Operations,257760,0,1110,Demo North Current Deposit,,,,,5258150,992,"[""20220111"",""900565""]",992-D,cor:monetaryAmount,2022-01
28,1,900577,Credit,2022-01-11,Synthetic demo vendor settlement 900577,1110,Demo North Current Deposit,B002,North Demo Bank,D04,Demo Logistics,0,300330,2000,Demo Accounts Payable,,,,,3442320,993,"[""20220111"",""900577""]",993-C,cor:monetaryAmount,2022-01
28,2,900577,Debit,2022-01-11,Synthetic demo vendor settlement 900577,2000,Demo Accounts Payable,V006,Demo Vendor Prairie,D04,Demo Logistics,300330,0,1110,Demo North Current Deposit,,,,,1939090,993,"[""20220111"",""900577""]",993-D,cor:monetaryAmount,2022-01
29,1,900579,Credit,2022-01-11,Synthetic demo prepaid service 900579,1100,Demo Central Ordinary Deposit,B001,Demo Central Bank,D05,Demo Digital Services,0,234850,1400,Demo Prepaid Expenses,,,,,4114130,994,"[""20220111"",""900579""]",994-C,cor:monetaryAmount,2022-01
29,2,900579,Debit,2022-01-11,Synthetic demo prepaid service 900579,1400,Demo Prepaid Expenses,S004,Demo Logistics Services,D05,Demo Digital Services,234850,0,1100,Demo Central Ordinary Deposit,,,,,6353710,994,"[""20220111"",""900579""]",994-D,cor:monetaryAmount,2022-01
30,1,900551,Credit,2022-01-12,Synthetic demo credit sale 900551,4020,Demo Other Operating Revenue,C004,Demo Customer Dawn,D01,Demo Sales,0,199900,1200,Demo Accounts Receivable,,,,,11455680,995,"[""20220112"",""900551""]",995-C,cor:monetaryAmount,2022-01
30,2,900551,Debit,2022-01-12,Synthetic demo credit sale 900551,1200,Demo Accounts Receivable,C004,Demo Customer Dawn,D01,Demo Sales,199900,0,4020,Demo Other Operating Revenue,,,,,25064990,995,"[""20220112"",""900551""]",995-D,cor:monetaryAmount,2022-01
31,1,900556,Debit,2022-01-13,Synthetic demo mixed sales and receipt 900556,1110,Demo North Current Deposit,B002,North Demo Bank,D01,Demo Sales,381270,0,,,,,,,3823590,996,"[""20220113"",""900556""]",996-D,cor:monetaryAmount,2022-01
31,2,900556,Debit,2022-01-13,Synthetic demo mixed sales and receipt 900556,1200,Demo Accounts Receivable,C007,Demo Customer Grove,D01,Demo Sales,324790,0,,,,,,,25389780,997,"[""20220113"",""900556""]",997-D,cor:monetaryAmount,2022-01
31,3,900556,Credit,2022-01-13,Synthetic demo mixed sales and receipt 900556,4000,Demo Product Sales,C008,Demo Customer Halo,D01,Demo Sales,0,105900,,,,,,,21609660,998,"[""20220113"",""900556""]",998-C,cor:monetaryAmount,2022-01
31,4,900556,Credit,2022-01-13,Synthetic demo mixed sales and receipt 900556,4010,Demo Service Revenue,C009,Demo Customer Indigo,D01,Demo Sales,0,600160,,,,,,,22654290,999,"[""20220113"",""900556""]",999-C,cor:monetaryAmount,2022-01
32,1,900575,Credit,2022-01-13,Synthetic demo purchase on account 900575,2000,Demo Accounts Payable,V006,Demo Vendor Prairie,D04,Demo Logistics,0,133180,5020,Demo Inventory Adjustment,,,,,2072270,1000,"[""20220113"",""900575""]",1000-C,cor:monetaryAmount,2022-01
32,2,900575,Debit,2022-01-13,Synthetic demo purchase on account 900575,5020,Demo Inventory Adjustment,V006,Demo Vendor Prairie,D04,Demo Logistics,133180,0,2000,Demo Accounts Payable,,,,,5840210,1000,"[""20220113"",""900575""]",1000-D,cor:monetaryAmount,2022-01
33,1,900559,Credit,2022-01-14,Synthetic demo operating cost bundle 900559,1110,Demo North Current Deposit,B002,North Demo Bank,D03,Demo Operations,0,522990,,,,,,,3300600,1001,"[""20220114"",""900559""]",1001-C,cor:monetaryAmount,2022-01
33,2,900559,Debit,2022-01-14,Synthetic demo operating cost bundle 900559,6030,Demo Utilities,S002,Demo Energy Services,D03,Demo Operations,230110,0,1110,Demo North Current Deposit,,,,,4865040,1001,"[""20220114"",""900559""]",1001-D,cor:monetaryAmount,2022-01
33,3,900559,Debit,2022-01-14,Synthetic demo operating cost bundle 900559,6040,Demo Communication,S003,Demo Network Services,D03,Demo Operations,26140,0,1110,Demo North Current Deposit,,,,,3775330,1002,"[""20220114"",""900559""]",1002-D,cor:monetaryAmount,2022-01
33,4,900559,Debit,2022-01-14,Synthetic demo operating cost bundle 900559,6060,Demo Office Supplies,V010,Demo Vendor Tandem,D03,Demo Operations,266740,0,1110,Demo North Current Deposit,,,,,5524890,1003,"[""20220114"",""900559""]",1003-D,cor:monetaryAmount,2022-01
34,1,900576,Credit,2022-01-14,Synthetic demo purchase on account 900576,2000,Demo Accounts Payable,V001,Demo Vendor Keystone,D04,Demo Logistics,0,394400,5000,Demo Purchases,,,,,2466670,1004,"[""20220114"",""900576""]",1004-C,cor:monetaryAmount,2022-01
34,2,900576,Debit,2022-01-14,Synthetic demo purchase on account 900576,5000,Demo Purchases,V001,Demo Vendor Keystone,D04,Demo Logistics,394400,0,2000,Demo Accounts Payable,,,,,3888550,1004,"[""20220114"",""900576""]",1004-D,cor:monetaryAmount,2022-01
35,1,900578,Credit,2022-01-15,Synthetic demo financing settlement 900578,1120,Demo Harbor Ordinary Deposit,B003,Harbor Demo Bank,D06,Demo Management,0,271640,,,,,,,2934070,1005,"[""20220115"",""900578""]",1005-C,cor:monetaryAmount,2022-01
35,2,900578,Debit,2022-01-15,Synthetic demo financing settlement 900578,2200,Demo Short-term Loans,,,D06,Demo Management,152110,0,1120,Demo Harbor Ordinary Deposit,,,,,1908780,1005,"[""20220115"",""900578""]",1005-D,cor:monetaryAmount,2022-01
35,3,900578,Debit,2022-01-15,Synthetic demo financing settlement 900578,6070,Demo Bank Fees,B003,Harbor Demo Bank,D06,Demo Management,51610,0,1120,Demo Harbor Ordinary Deposit,,,,,2583210,1006,"[""20220115"",""900578""]",1006-D,cor:monetaryAmount,2022-01
35,4,900578,Debit,2022-01-15,Synthetic demo financing settlement 900578,7000,Demo Taxes and Dues,,,D06,Demo Management,67920,0,1120,Demo Harbor Ordinary Deposit,,,,,6464660,1007,"[""20220115"",""900578""]",1007-D,cor:monetaryAmount,2022-01
36,1,900537,Debit,2022-01-16,Synthetic demo multi-vendor settlement 900537,2000,Demo Accounts Payable,V008,Demo Vendor Rivulet,D01,Demo Sales,217690,0,,,,,,,2248980,1008,"[""20220116"",""900537""]",1008-D,cor:monetaryAmount,2022-01
36,2,900537,Debit,2022-01-16,Synthetic demo multi-vendor settlement 900537,2100,Demo Accrued Payables,V001,Demo Vendor Keystone,D01,Demo Sales,209160,0,,,,,,,1438740,1009,"[""20220116"",""900537""]",1009-D,cor:monetaryAmount,2022-01
36,3,900537,Credit,2022-01-16,Synthetic demo multi-vendor settlement 900537,1100,Demo Central Ordinary Deposit,B001,Demo Central Bank,D01,Demo Sales,0,115240,,,,,,,3998890,1010,"[""20220116"",""900537""]",1010-C,cor:monetaryAmount,2022-01
36,4,900537,Credit,2022-01-16,Synthetic demo multi-vendor settlement 900537,1110,Demo North Current Deposit,B002,North Demo Bank,D01,Demo Sales,0,311610,,,,,,,2988990,1011,"[""20220116"",""900537""]",1011-C,cor:monetaryAmount,2022-01
37,1,900587,Debit,2022-01-16,Synthetic demo multi-vendor settlement 900587,2000,Demo Accounts Payable,V008,Demo Vendor Rivulet,D01,Demo Sales,59520,0,,,,,,,2189460,1012,"[""20220116"",""900587""]",1012-D,cor:monetaryAmount,2022-01
37,2,900587,Debit,2022-01-16,Synthetic demo multi-vendor settlement 900587,2100,Demo Accrued Payables,V001,Demo Vendor Keystone,D01,Demo Sales,115540,0,,,,,,,1323200,1013,"[""20220116"",""900587""]",1013-D,cor:monetaryAmount,2022-01
37,3,900587,Credit,2022-01-16,Synthetic demo multi-vendor settlement 900587,1120,Demo Harbor Ordinary Deposit,B003,Harbor Demo Bank,D01,Demo Sales,0,77020,,,,,,,2857050,1014,"[""20220116"",""900587""]",1014-C,cor:monetaryAmount,2022-01
37,4,900587,Credit,2022-01-16,Synthetic demo multi-vendor settlement 900587,1100,Demo Central Ordinary Deposit,B001,Demo Central Bank,D01,Demo Sales,0,98040,,,,,,,3900850,1015,"[""20220116"",""900587""]",1015-C,cor:monetaryAmount,2022-01
38,1,900544,Credit,2022-01-17,Synthetic demo customer receipt 900544,1200,Demo Accounts Receivable,C003,Demo Customer Cobalt,D01,Demo Sales,0,175540,1110,Demo North Current Deposit,,,,,25214240,1016,"[""20220117"",""900544""]",1016-C,cor:monetaryAmount,2022-01
38,2,900544,Debit,2022-01-17,Synthetic demo customer receipt 900544,1110,Demo North Current Deposit,B002,North Demo Bank,D01,Demo Sales,175540,0,1200,Demo Accounts Receivable,,,,,3164530,1016,"[""20220117"",""900544""]",1016-D,cor:monetaryAmount,2022-01
39,1,900557,Credit,2022-01-17,Synthetic demo vendor settlement 900557,1120,Demo Harbor Ordinary Deposit,B003,Harbor Demo Bank,D04,Demo Logistics,0,308740,2000,Demo Accounts Payable,,,,,2548310,1017,"[""20220117"",""900557""]",1017-C,cor:monetaryAmount,2022-01
39,2,900557,Debit,2022-01-17,Synthetic demo vendor settlement 900557,2000,Demo Accounts Payable,V006,Demo Vendor Prairie,D04,Demo Logistics,308740,0,1120,Demo Harbor Ordinary Deposit,,,,,1880720,1017,"[""20220117"",""900557""]",1017-D,cor:monetaryAmount,2022-01
40,1,900546,Credit,2022-01-19,Synthetic demo monthly payroll bundle 900546,1100,Demo Central Ordinary Deposit,B001,Demo Central Bank,D02,Demo Administration,0,762150,,,,,,,3138700,1018,"[""20220119"",""900546""]",1018-C,cor:monetaryAmount,2022-01
40,2,900546,Debit,2022-01-19,Synthetic demo monthly payroll bundle 900546,6000,Demo Salaries,,,D02,Demo Administration,198150,0,1100,Demo Central Ordinary Deposit,,,,,4907640,1018,"[""20220119"",""900546""]",1018-D,cor:monetaryAmount,2022-01
40,3,900546,Debit,2022-01-19,Synthetic demo monthly payroll bundle 900546,6010,Demo Statutory Welfare,,,D02,Demo Administration,381070,0,1100,Demo Central Ordinary Deposit,,,,,2994860,1019,"[""20220119"",""900546""]",1019-D,cor:monetaryAmount,2022-01
40,4,900546,Debit,2022-01-19,Synthetic demo monthly payroll bundle 900546,2110,Demo Payroll Withholding,,,D02,Demo Administration,182930,0,1100,Demo Central Ordinary Deposit,,,,,918820,1020,"[""20220119"",""900546""]",1020-D,cor:monetaryAmount,2022-01
41,1,900540,Credit,2022-01-20,Synthetic demo monthly payroll bundle 900540,1100,Demo Central Ordinary Deposit,B001,Demo Central Bank,D02,Demo Administration,0,270050,,,,,,,2868650,1021,"[""20220120"",""900540""]",1021-C,cor:monetaryAmount,2022-01
41,2,900540,Debit,2022-01-20,Synthetic demo monthly payroll bundle 900540,6000,Demo Salaries,,,D02,Demo Administration,105310,0,1100,Demo Central Ordinary Deposit,,,,,5012950,1021,"[""20220120"",""900540""]",1021-D,cor:monetaryAmount,2022-01
41,3,900540,Debit,2022-01-20,Synthetic demo monthly payroll bundle 900540,6010,Demo Statutory Welfare,,,D02,Demo Administration,27000,0,1100,Demo Central Ordinary Deposit,,,,,3021860,1022,"[""20220120"",""900540""]",1022-D,cor:monetaryAmount,2022-01
41,4,900540,Debit,2022-01-20,Synthetic demo monthly payroll bundle 900540,2110,Demo Payroll Withholding,,,D02,Demo Administration,137740,0,1100,Demo Central Ordinary Deposit,,,,,781080,1023,"[""20220120"",""900540""]",1023-D,cor:monetaryAmount,2022-01
42,1,900543,Debit,2022-01-20,Synthetic demo multi-vendor settlement 900543,2000,Demo Accounts Payable,V004,Demo Vendor Nimbus,D01,Demo Sales,471830,0,,,,,,,1408890,1024,"[""20220120"",""900543""]",1024-D,cor:monetaryAmount,2022-01
42,2,900543,Debit,2022-01-20,Synthetic demo multi-vendor settlement 900543,2100,Demo Accrued Payables,V007,Demo Vendor Quartz,D01,Demo Sales,222050,0,,,,,,,1101150,1025,"[""20220120"",""900543""]",1025-D,cor:monetaryAmount,2022-01
42,3,900543,Credit,2022-01-20,Synthetic demo multi-vendor settlement 900543,1100,Demo Central Ordinary Deposit,B001,Demo Central Bank,D01,Demo Sales,0,451020,,,,,,,2417630,1026,"[""20220120"",""900543""]",1026-C,cor:monetaryAmount,2022-01
42,4,900543,Credit,2022-01-20,Synthetic demo multi-vendor settlement 900543,1110,Demo North Current Deposit,B002,North Demo Bank,D01,Demo Sales,0,242860,,,,,,,2921670,1027,"[""20220120"",""900543""]",1027-C,cor:monetaryAmount,2022-01
43,1,900554,Credit,2022-01-20,Synthetic demo customer receipt 900554,1200,Demo Accounts Receivable,C003,Demo Customer Cobalt,D01,Demo Sales,0,242600,1120,Demo Harbor Ordinary Deposit,,,,,24971640,1028,"[""20220120"",""900554""]",1028-C,cor:monetaryAmount,2022-01
43,2,900554,Debit,2022-01-20,Synthetic demo customer receipt 900554,1120,Demo Harbor Ordinary Deposit,B003,Harbor Demo Bank,D01,Demo Sales,242600,0,1200,Demo Accounts Receivable,,,,,2790910,1028,"[""20220120"",""900554""]",1028-D,cor:monetaryAmount,2022-01
44,1,900574,Debit,2022-01-20,Synthetic demo mixed sales and receipt 900574,1110,Demo North Current Deposit,B002,North Demo Bank,D01,Demo Sales,93230,0,,,,,,,3014900,1029,"[""20220120"",""900574""]",1029-D,cor:monetaryAmount,2022-01
44,2,900574,Debit,2022-01-20,Synthetic demo mixed sales and receipt 900574,1200,Demo Accounts Receivable,C005,Demo Customer Elm,D01,Demo Sales,158760,0,,,,,,,25130400,1030,"[""20220120"",""900574""]",1030-D,cor:monetaryAmount,2022-01
44,3,900574,Credit,2022-01-20,Synthetic demo mixed sales and receipt 900574,4000,Demo Product Sales,C006,Demo Customer Fjord,D01,Demo Sales,0,148670,,,,,,,21758330,1031,"[""20220120"",""900574""]",1031-C,cor:monetaryAmount,2022-01
44,4,900574,Credit,2022-01-20,Synthetic demo mixed sales and receipt 900574,4010,Demo Service Revenue,C007,Demo Customer Grove,D01,Demo Sales,0,103320,,,,,,,22757610,1032,"[""20220120"",""900574""]",1032-C,cor:monetaryAmount,2022-01
45,1,900561,Credit,2022-01-22,Synthetic demo credit sale 900561,4000,Demo Product Sales,C004,Demo Customer Dawn,D01,Demo Sales,0,470100,1200,Demo Accounts Receivable,,,,,22228430,1033,"[""20220122"",""900561""]",1033-C,cor:monetaryAmount,2022-01
45,2,900561,Debit,2022-01-22,Synthetic demo credit sale 900561,1200,Demo Accounts Receivable,C004,Demo Customer Dawn,D01,Demo Sales,470100,0,4000,Demo Product Sales,,,,,25600500,1033,"[""20220122"",""900561""]",1033-D,cor:monetaryAmount,2022-01
46,1,900570,Credit,2022-01-22,Synthetic demo credit sale 900570,4000,Demo Product Sales,C001,Demo Customer Aurora,D01,Demo Sales,0,594780,1200,Demo Accounts Receivable,,,,,22823210,1034,"[""20220122"",""900570""]",1034-C,cor:monetaryAmount,2022-01
46,2,900570,Debit,2022-01-22,Synthetic demo credit sale 900570,1200,Demo Accounts Receivable,C001,Demo Customer Aurora,D01,Demo Sales,594780,0,4000,Demo Product Sales,,,,,26195280,1034,"[""20220122"",""900570""]",1034-D,cor:monetaryAmount,2022-01
47,1,900585,Credit,2022-01-22,Synthetic demo purchase on account 900585,2000,Demo Accounts Payable,V006,Demo Vendor Prairie,D04,Demo Logistics,0,184820,5000,Demo Purchases,,,,,1593710,1035,"[""20220122"",""900585""]",1035-C,cor:monetaryAmount,2022-01
47,2,900585,Debit,2022-01-22,Synthetic demo purchase on account 900585,5000,Demo Purchases,V006,Demo Vendor Prairie,D04,Demo Logistics,184820,0,2000,Demo Accounts Payable,,,,,4073370,1035,"[""20220122"",""900585""]",1035-D,cor:monetaryAmount,2022-01
48,1,900549,Debit,2022-01-24,Synthetic demo multi-vendor settlement 900549,2000,Demo Accounts Payable,V010,Demo Vendor Tandem,D01,Demo Sales,189650,0,,,,,,,1404060,1036,"[""20220124"",""900549""]",1036-D,cor:monetaryAmount,2022-01
48,2,900549,Debit,2022-01-24,Synthetic demo multi-vendor settlement 900549,2100,Demo Accrued Payables,V003,Demo Vendor Mosaic,D01,Demo Sales,102130,0,,,,,,,999020,1037,"[""20220124"",""900549""]",1037-D,cor:monetaryAmount,2022-01
48,3,900549,Credit,2022-01-24,Synthetic demo multi-vendor settlement 900549,1100,Demo Central Ordinary Deposit,B001,Demo Central Bank,D01,Demo Sales,0,148800,,,,,,,2268830,1038,"[""20220124"",""900549""]",1038-C,cor:monetaryAmount,2022-01
48,4,900549,Credit,2022-01-24,Synthetic demo multi-vendor settlement 900549,1110,Demo North Current Deposit,B002,North Demo Bank,D01,Demo Sales,0,142980,,,,,,,2871920,1039,"[""20220124"",""900549""]",1039-C,cor:monetaryAmount,2022-01
49,1,900564,Credit,2022-01-25,Synthetic demo customer receipt 900564,1200,Demo Accounts Receivable,C003,Demo Customer Cobalt,D01,Demo Sales,0,94750,1100,Demo Central Ordinary Deposit,,,,,26100530,1040,"[""20220125"",""900564""]",1040-C,cor:monetaryAmount,2022-01
49,2,900564,Debit,2022-01-25,Synthetic demo customer receipt 900564,1100,Demo Central Ordinary Deposit,B001,Demo Central Bank,D01,Demo Sales,94750,0,1200,Demo Accounts Receivable,,,,,2363580,1040,"[""20220125"",""900564""]",1040-D,cor:monetaryAmount,2022-01
50,1,900582,Credit,2022-01-26,Synthetic demo credit sale 900582,4000,Demo Product Sales,C007,Demo Customer Grove,D01,Demo Sales,0,69520,1200,Demo Accounts Receivable,,,,,22892730,1041,"[""20220126"",""900582""]",1041-C,cor:monetaryAmount,2022-01
50,2,900582,Debit,2022-01-26,Synthetic demo credit sale 900582,1200,Demo Accounts Receivable,C007,Demo Customer Grove,D01,Demo Sales,69520,0,4000,Demo Product Sales,,,,,26170050,1041,"[""20220126"",""900582""]",1041-D,cor:monetaryAmount,2022-01
51,1,900586,Credit,2022-01-26,Synthetic demo purchase on account 900586,2000,Demo Accounts Payable,V001,Demo Vendor Keystone,D04,Demo Logistics,0,274530,5010,Demo Freight-in,,,,,1678590,1042,"[""20220126"",""900586""]",1042-C,cor:monetaryAmount,2022-01
51,2,900586,Debit,2022-01-26,Synthetic demo purchase on account 900586,5010,Demo Freight-in,V001,Demo Vendor Keystone,D04,Demo Logistics,274530,0,2000,Demo Accounts Payable,,,,,6525130,1042,"[""20220126"",""900586""]",1042-D,cor:monetaryAmount,2022-01
52,1,900542,Credit,2022-01-28,Synthetic demo credit sale 900542,4020,Demo Other Operating Revenue,C007,Demo Customer Grove,D01,Demo Sales,0,555200,1200,Demo Accounts Receivable,,,,,12010880,1043,"[""20220128"",""900542""]",1043-C,cor:monetaryAmount,2022-01
52,2,900542,Debit,2022-01-28,Synthetic demo credit sale 900542,1200,Demo Accounts Receivable,C007,Demo Customer Grove,D01,Demo Sales,555200,0,4020,Demo Other Operating Revenue,,,,,26725250,1043,"[""20220128"",""900542""]",1043-D,cor:monetaryAmount,2022-01
53,1,900555,Credit,2022-01-28,Synthetic demo purchase on account 900555,2000,Demo Accounts Payable,V006,Demo Vendor Prairie,D04,Demo Logistics,0,170990,5000,Demo Purchases,,,,,1849580,1044,"[""20220128"",""900555""]",1044-C,cor:monetaryAmount,2022-01
53,2,900555,Debit,2022-01-28,Synthetic demo purchase on account 900555,5000,Demo Purchases,V006,Demo Vendor Prairie,D04,Demo Logistics,170990,0,2000,Demo Accounts Payable,,,,,4244360,1044,"[""20220128"",""900555""]",1044-D,cor:monetaryAmount,2022-01
54,1,900533,Credit,2022-01-29,Synthetic demo financing settlement 900533,1120,Demo Harbor Ordinary Deposit,B003,Harbor Demo Bank,D06,Demo Management,0,705970,,,,,,,2084940,1045,"[""20220129"",""900533""]",1045-C,cor:monetaryAmount,2022-01
54,2,900533,Debit,2022-01-29,Synthetic demo financing settlement 900533,2200,Demo Short-term Loans,,,D06,Demo Management,331800,0,1120,Demo Harbor Ordinary Deposit,,,,,1576980,1045,"[""20220129"",""900533""]",1045-D,cor:monetaryAmount,2022-01
54,3,900533,Debit,2022-01-29,Synthetic demo financing settlement 900533,6070,Demo Bank Fees,B003,Harbor Demo Bank,D06,Demo Management,204730,0,1120,Demo Harbor Ordinary Deposit,,,,,2787940,1046,"[""20220129"",""900533""]",1046-D,cor:monetaryAmount,2022-01
54,4,900533,Debit,2022-01-29,Synthetic demo financing settlement 900533,7000,Demo Taxes and Dues,,,D06,Demo Management,169440,0,1120,Demo Harbor Ordinary Deposit,,,,,6634100,1047,"[""20220129"",""900533""]",1047-D,cor:monetaryAmount,2022-01
55,1,900560,Credit,2022-01-29,Synthetic demo credit sale 900560,4020,Demo Other Operating Revenue,C001,Demo Customer Aurora,D01,Demo Sales,0,143540,1200,Demo Accounts Receivable,,,,,12154420,1048,"[""20220129"",""900560""]",1048-C,cor:monetaryAmount,2022-01
55,2,900560,Debit,2022-01-29,Synthetic demo credit sale 900560,1200,Demo Accounts Receivable,C001,Demo Customer Aurora,D01,Demo Sales,143540,0,4020,Demo Other Operating Revenue,,,,,26868790,1048,"[""20220129"",""900560""]",1048-D,cor:monetaryAmount,2022-01
56,1,900568,Debit,2022-01-29,Synthetic demo mixed sales and receipt 900568,1110,Demo North Current Deposit,B002,North Demo Bank,D01,Demo Sales,177030,0,,,,,,,3048950,1049,"[""20220129"",""900568""]",1049-D,cor:monetaryAmount,2022-01
56,2,900568,Debit,2022-01-29,Synthetic demo mixed sales and receipt 900568,1200,Demo Accounts Receivable,C009,Demo Customer Indigo,D01,Demo Sales,103980,0,,,,,,,26972770,1050,"[""20220129"",""900568""]",1050-D,cor:monetaryAmount,2022-01
56,3,900568,Credit,2022-01-29,Synthetic demo mixed sales and receipt 900568,4000,Demo Product Sales,C010,Demo Customer Juniper,D01,Demo Sales,0,78680,,,,,,,22971410,1051,"[""20220129"",""900568""]",1051-C,cor:monetaryAmount,2022-01
56,4,900568,Credit,2022-01-29,Synthetic demo mixed sales and receipt 900568,4010,Demo Service Revenue,C001,Demo Customer Aurora,D01,Demo Sales,0,202330,,,,,,,22959940,1052,"[""20220129"",""900568""]",1052-C,cor:monetaryAmount,2022-01
57,1,900581,Debit,2022-01-29,Synthetic demo multi-vendor settlement 900581,2000,Demo Accounts Payable,V002,Demo Vendor Lattice,D01,Demo Sales,438010,0,,,,,,,1411570,1053,"[""20220129"",""900581""]",1053-D,cor:monetaryAmount,2022-01
57,2,900581,Debit,2022-01-29,Synthetic demo multi-vendor settlement 900581,2100,Demo Accrued Payables,V005,Demo Vendor Orchid,D01,Demo Sales,83440,0,,,,,,,915580,1054,"[""20220129"",""900581""]",1054-D,cor:monetaryAmount,2022-01
57,3,900581,Credit,2022-01-29,Synthetic demo multi-vendor settlement 900581,1120,Demo Harbor Ordinary Deposit,B003,Harbor Demo Bank,D01,Demo Sales,0,156430,,,,,,,1928510,1055,"[""20220129"",""900581""]",1055-C,cor:monetaryAmount,2022-01
57,4,900581,Credit,2022-01-29,Synthetic demo multi-vendor settlement 900581,1100,Demo Central Ordinary Deposit,B001,Demo Central Bank,D01,Demo Sales,0,365020,,,,,,,1998560,1056,"[""20220129"",""900581""]",1056-C,cor:monetaryAmount,2022-01
58,1,900541,Credit,2022-01-31,Synthetic demo credit sale 900541,4010,Demo Service Revenue,C004,Demo Customer Dawn,D01,Demo Sales,0,470430,1200,Demo Accounts Receivable,,,,,23430370,1057,"[""20220131"",""900541""]",1057-C,cor:monetaryAmount,2022-01
58,2,900541,Debit,2022-01-31,Synthetic demo credit sale 900541,1200,Demo Accounts Receivable,C004,Demo Customer Dawn,D01,Demo Sales,470430,0,4010,Demo Service Revenue,,,,,27443200,1057,"[""20220131"",""900541""]",1057-D,cor:monetaryAmount,2022-01
59,1,900580,Credit,2022-01-31,Synthetic demo credit sale 900580,4010,Demo Service Revenue,C001,Demo Customer Aurora,D01,Demo Sales,0,498270,1200,Demo Accounts Receivable,,,,,23928640,1058,"[""20220131"",""900580""]",1058-C,cor:monetaryAmount,2022-01
59,2,900580,Debit,2022-01-31,Synthetic demo credit sale 900580,1200,Demo Accounts Receivable,C001,Demo Customer Aurora,D01,Demo Sales,498270,0,4010,Demo Service Revenue,,,,,27941470,1058,"[""20220131"",""900580""]",1058-D,cor:monetaryAmount,2022-01
,,,Opening,2022-02-01,* Opening balance,1000,Demo Cash,,,,,0,0,,,,,,,600000,,,,,2022-02
,,,Opening,2022-02-01,* Opening balance,1010,Demo Petty Cash,,,,,0,0,,,,,,,120000,,,,,2022-02
,,,Opening,2022-02-01,* Opening balance,1100,Demo Central Ordinary Deposit,,,,,0,0,,,,,,,1998560,,,,,2022-02
,,,Opening,2022-02-01,* Opening balance,1110,Demo North Current Deposit,,,,,0,0,,,,,,,3048950,,,,,2022-02
,,,Opening,2022-02-01,* Opening balance,1120,Demo Harbor Ordinary Deposit,,,,,0,0,,,,,,,1928510,,,,,2022-02
,,,Opening,2022-02-01,* Opening balance,1200,Demo Accounts Receivable,,,,,0,0,,,,,,,27941470,,,,,2022-02
,,,Opening,2022-02-01,* Opening balance,1210,Demo Notes Receivable,,,,,0,0,,,,,,,800000,,,,,2022-02
,,,Opening,2022-02-01,* Opening balance,1300,Demo Inventory,,,,,0,0,,,,,,,1200000,,,,,2022-02
,,,Opening,2022-02-01,* Opening balance,1400,Demo Prepaid Expenses,,,,,0,0,,,,,,,6353710,,,,,2022-02
,,,Opening,2022-02-01,* Opening balance,1410,Demo Advances Paid,,,,,0,0,,,,,,,250000,,,,,2022-02
,,,Opening,2022-02-01,* Opening balance,1420,Demo Temporary Payments,,,,,0,0,,,,,,,150000,,,,,2022-02
,,,Opening,2022-02-01,* Opening balance,1430,Demo Input Tax Receivable,,,,,0,0,,,,,,,400000,,,,,2022-02
,,,Opening,2022-02-01,* Opening balance,1500,Demo Equipment,,,,,0,0,,,,,,,2000000,,,,,2022-02
,,,Opening,2022-02-01,* Opening balance,1510,Demo Vehicles,,,,,0,0,,,,,,,1200000,,,,,2022-02
,,,Opening,2022-02-01,* Opening balance,1520,Demo Software,,,,,0,0,,,,,,,700000,,,,,2022-02
,,,Opening,2022-02-01,* Opening balance,1590,Demo Accumulated Depreciation,,,,,0,0,,,,,,,900000,,,,,2022-02
,,,Opening,2022-02-01,* Opening balance,2000,Demo Accounts Payable,,,,,0,0,,,,,,,1411570,,,,,2022-02
,,,Opening,2022-02-01,* Opening balance,2010,Demo Notes Payable,,,,,0,0,,,,,,,600000,,,,,2022-02
,,,Opening,2022-02-01,* Opening balance,2100,Demo Accrued Payables,,,,,0,0,,,,,,,915580,,,,,2022-02
,,,Opening,2022-02-01,* Opening balance,2110,Demo Payroll Withholding,,,,,0,0,,,,,,,781080,,,,,2022-02
,,,Opening,2022-02-01,* Opening balance,2120,Demo Output Tax Payable,,,,,0,0,,,,,,,450000,,,,,2022-02
,,,Opening,2022-02-01,* Opening balance,2130,Demo Temporary Receipts,,,,,0,0,,,,,,,120000,,,,,2022-02
,,,Opening,2022-02-01,* Opening balance,2200,Demo Short-term Loans,,,,,0,0,,,,,,,1576980,,,,,2022-02
,,,Opening,2022-02-01,* Opening balance,2300,Demo Long-term Loans,,,,,0,0,,,,,,,2500000,,,,,2022-02
,,,Opening,2022-02-01,* Opening balance,2400,Demo Unearned Revenue,,,,,0,0,,,,,,,350000,,,,,2022-02
,,,Opening,2022-02-01,* Opening balance,3000,Demo Capital,,,,,0,0,,,,,,,5000000,,,,,2022-02
,,,Opening,2022-02-01,* Opening balance,3100,Demo Retained Earnings,,,,,0,0,,,,,,,26159010,,,,,2022-02
,,,Opening,2022-02-01,* Opening balance,4000,Demo Product Sales,,,,,0,0,,,,,,,22971410,,,,,2022-02
,,,Opening,2022-02-01,* Opening balance,4010,Demo Service Revenue,,,,,0,0,,,,,,,23928640,,,,,2022-02
,,,Opening,2022-02-01,* Opening balance,4020,Demo Other Operating Revenue,,,,,0,0,,,,,,,12154420,,,,,2022-02
,,,Opening,2022-02-01,* Opening balance,4030,Demo Interest Income,,,,,0,0,,,,,,,0,,,,,2022-02
,,,Opening,2022-02-01,* Opening balance,4040,Demo Miscellaneous Income,,,,,0,0,,,,,,,0,,,,,2022-02
,,,Opening,2022-02-01,* Opening balance,5000,Demo Purchases,,,,,0,0,,,,,,,4244360,,,,,2022-02
,,,Opening,2022-02-01,* Opening balance,5010,Demo Freight-in,,,,,0,0,,,,,,,6525130,,,,,2022-02
,,,Opening,2022-02-01,* Opening balance,5020,Demo Inventory Adjustment,,,,,0,0,,,,,,,5840210,,,,,2022-02
,,,Opening,2022-02-01,* Opening balance,6000,Demo Salaries,,,,,0,0,,,,,,,5012950,,,,,2022-02
,,,Opening,2022-02-01,* Opening balance,6010,Demo Statutory Welfare,,,,,0,0,,,,,,,3021860,,,,,2022-02
,,,Opening,2022-02-01,* Opening balance,6020,Demo Office Rent,,,,,0,0,,,,,,,553220,,,,,2022-02
,,,Opening,2022-02-01,* Opening balance,6030,Demo Utilities,,,,,0,0,,,,,,,4865040,,,,,2022-02
,,,Opening,2022-02-01,* Opening balance,6040,Demo Communication,,,,,0,0,,,,,,,3775330,,,,,2022-02
,,,Opening,2022-02-01,* Opening balance,6050,Demo Business Travel,,,,,0,0,,,,,,,0,,,,,2022-02
,,,Opening,2022-02-01,* Opening balance,6060,Demo Office Supplies,,,,,0,0,,,,,,,5524890,,,,,2022-02
,,,Opening,2022-02-01,* Opening balance,6070,Demo Bank Fees,,,,,0,0,,,,,,,2787940,,,,,2022-02
,,,Opening,2022-02-01,* Opening balance,6080,Demo Advertising,,,,,0,0,,,,,,,382480,,,,,2022-02
,,,Opening,2022-02-01,* Opening balance,6090,Demo Insurance,,,,,0,0,,,,,,,0,,,,,2022-02
,,,Opening,2022-02-01,* Opening balance,6100,Demo Repairs,,,,,0,0,,,,,,,601530,,,,,2022-02
,,,Opening,2022-02-01,* Opening balance,6110,Demo Depreciation Expense,,,,,0,0,,,,,,,0,,,,,2022-02
,,,Opening,2022-02-01,* Opening balance,6120,Demo Professional Fees,,,,,0,0,,,,,,,339230,,,,,2022-02
,,,Opening,2022-02-01,* Opening balance,6130,Demo Training,,,,,0,0,,,,,,,0,,,,,2022-02
,,,Opening,2022-02-01,* Opening balance,6140,Demo Vehicle Expense,,,,,0,0,,,,,,,841500,,,,,2022-02
,,,Opening,2022-02-01,* Opening balance,6150,Demo Software Subscription,,,,,0,0,,,,,,,0,,,,,2022-02
,,,Opening,2022-02-01,* Opening balance,6160,Demo Shipping,,,,,0,0,,,,,,,177720,,,,,2022-02
,,,Opening,2022-02-01,* Opening balance,6170,Demo Miscellaneous Expense,,,,,0,0,,,,,,,0,,,,,2022-02
,,,Opening,2022-02-01,* Opening balance,7000,Demo Taxes and Dues,,,,,0,0,,,,,,,6634100,,,,,2022-02
,,,Opening,2022-02-01,* Opening balance,7010,Demo Corporate Tax,,,,,0,0,,,,,,,0,,,,,2022-02
,,,Opening,2022-02-01,* Opening balance,7020,Demo Consumption Tax Expense,,,,,0,0,,,,,,,0,,,,,2022-02
,,,Opening,2022-02-01,* Opening balance,8000,Demo Suspense,,,,,0,0,,,,,,,50000,,,,,2022-02
,,,Opening,2022-02-01,* Opening balance,8010,Demo Clearing,,,,,0,0,,,,,,,50000,,,,,2022-02
1,1,900605,Credit,2022-02-01,Synthetic demo purchase on account 900605,2000,Demo Accounts Payable,V006,Demo Vendor Prairie,D04,Demo Logistics,0,137870,5020,Demo Inventory Adjustment,,,,,1549440,1059,"[""20220201"",""900605""]",1059-C,cor:monetaryAmount,2022-02
1,2,900605,Debit,2022-02-01,Synthetic demo purchase on account 900605,5020,Demo Inventory Adjustment,V006,Demo Vendor Prairie,D04,Demo Logistics,137870,0,2000,Demo Accounts Payable,,,,,5978080,1059,"[""20220201"",""900605""]",1059-D,cor:monetaryAmount,2022-02
2,1,900592,Credit,2022-02-02,Synthetic demo credit sale 900592,4010,Demo Service Revenue,C007,Demo Customer Grove,D01,Demo Sales,0,439160,1200,Demo Accounts Receivable,,,,,24367800,1060,"[""20220202"",""900592""]",1060-C,cor:monetaryAmount,2022-02
2,2,900592,Debit,2022-02-02,Synthetic demo credit sale 900592,1200,Demo Accounts Receivable,C007,Demo Customer Grove,D01,Demo Sales,439160,0,4010,Demo Service Revenue,,,,,28380630,1060,"[""20220202"",""900592""]",1060-D,cor:monetaryAmount,2022-02
3,1,900595,Credit,2022-02-02,Synthetic demo purchase on account 900595,2000,Demo Accounts Payable,V006,Demo Vendor Prairie,D04,Demo Logistics,0,38230,5010,Demo Freight-in,,,,,1587670,1061,"[""20220202"",""900595""]",1061-C,cor:monetaryAmount,2022-02
3,2,900595,Debit,2022-02-02,Synthetic demo purchase on account 900595,5010,Demo Freight-in,V006,Demo Vendor Prairie,D04,Demo Logistics,38230,0,2000,Demo Accounts Payable,,,,,6563360,1061,"[""20220202"",""900595""]",1061-D,cor:monetaryAmount,2022-02
4,1,900629,Debit,2022-02-02,Synthetic demo multi-vendor settlement 900629,2000,Demo Accounts Payable,V010,Demo Vendor Tandem,D01,Demo Sales,117770,0,,,,,,,1469900,1062,"[""20220202"",""900629""]",1062-D,cor:monetaryAmount,2022-02
4,2,900629,Debit,2022-02-02,Synthetic demo multi-vendor settlement 900629,2100,Demo Accrued Payables,V003,Demo Vendor Mosaic,D01,Demo Sales,117770,0,,,,,,,797810,1063,"[""20220202"",""900629""]",1063-D,cor:monetaryAmount,2022-02
4,3,900629,Credit,2022-02-02,Synthetic demo multi-vendor settlement 900629,1120,Demo Harbor Ordinary Deposit,B003,Harbor Demo Bank,D01,Demo Sales,0,195490,,,,,,,1733020,1064,"[""20220202"",""900629""]",1064-C,cor:monetaryAmount,2022-02
4,4,900629,Credit,2022-02-02,Synthetic demo multi-vendor settlement 900629,1100,Demo Central Ordinary Deposit,B001,Demo Central Bank,D01,Demo Sales,0,40050,,,,,,,1958510,1065,"[""20220202"",""900629""]",1065-C,cor:monetaryAmount,2022-02
5,1,900641,Credit,2022-02-02,Synthetic demo credit sale 900641,4020,Demo Other Operating Revenue,C004,Demo Customer Dawn,D01,Demo Sales,0,550300,1200,Demo Accounts Receivable,,,,,12704720,1066,"[""20220202"",""900641""]",1066-C,cor:monetaryAmount,2022-02
5,2,900641,Debit,2022-02-02,Synthetic demo credit sale 900641,1200,Demo Accounts Receivable,C004,Demo Customer Dawn,D01,Demo Sales,550300,0,4020,Demo Other Operating Revenue,,,,,28930930,1066,"[""20220202"",""900641""]",1066-D,cor:monetaryAmount,2022-02
6,1,900599,Credit,2022-02-03,Synthetic demo prepaid service 900599,1120,Demo Harbor Ordinary Deposit,B003,Harbor Demo Bank,D05,Demo Digital Services,0,114750,1400,Demo Prepaid Expenses,,,,,1618270,1067,"[""20220203"",""900599""]",1067-C,cor:monetaryAmount,2022-02
6,2,900599,Debit,2022-02-03,Synthetic demo prepaid service 900599,1400,Demo Prepaid Expenses,S006,Demo Insurance Services,D05,Demo Digital Services,114750,0,1120,Demo Harbor Ordinary Deposit,,,,,6468460,1067,"[""20220203"",""900599""]",1067-D,cor:monetaryAmount,2022-02
7,1,900626,Credit,2022-02-03,Synthetic demo purchase on account 900626,2000,Demo Accounts Payable,V001,Demo Vendor Keystone,D04,Demo Logistics,0,277450,5020,Demo Inventory Adjustment,,,,,1747350,1068,"[""20220203"",""900626""]",1068-C,cor:monetaryAmount,2022-02
7,2,900626,Debit,2022-02-03,Synthetic demo purchase on account 900626,5020,Demo Inventory Adjustment,V001,Demo Vendor Keystone,D04,Demo Logistics,277450,0,2000,Demo Accounts Payable,,,,,6255530,1068,"[""20220203"",""900626""]",1068-D,cor:monetaryAmount,2022-02
8,1,900591,Credit,2022-02-04,Synthetic demo monthly payroll bundle 900591,1100,Demo Central Ordinary Deposit,B001,Demo Central Bank,D02,Demo Administration,0,467130,,,,,,,1491380,1069,"[""20220204"",""900591""]",1069-C,cor:monetaryAmount,2022-02
8,2,900591,Debit,2022-02-04,Synthetic demo monthly payroll bundle 900591,6000,Demo Salaries,,,D02,Demo Administration,74740,0,1100,Demo Central Ordinary Deposit,,,,,5087690,1069,"[""20220204"",""900591""]",1069-D,cor:monetaryAmount,2022-02
8,3,900591,Debit,2022-02-04,Synthetic demo monthly payroll bundle 900591,6010,Demo Statutory Welfare,,,D02,Demo Administration,266260,0,1100,Demo Central Ordinary Deposit,,,,,3288120,1070,"[""20220204"",""900591""]",1070-D,cor:monetaryAmount,2022-02
8,4,900591,Debit,2022-02-04,Synthetic demo monthly payroll bundle 900591,2110,Demo Payroll Withholding,,,D02,Demo Administration,126130,0,1100,Demo Central Ordinary Deposit,,,,,654950,1071,"[""20220204"",""900591""]",1071-D,cor:monetaryAmount,2022-02
9,1,900593,Debit,2022-02-04,Synthetic demo multi-vendor settlement 900593,2000,Demo Accounts Payable,V004,Demo Vendor Nimbus,D01,Demo Sales,67240,0,,,,,,,1680110,1072,"[""20220204"",""900593""]",1072-D,cor:monetaryAmount,2022-02
9,2,900593,Debit,2022-02-04,Synthetic demo multi-vendor settlement 900593,2100,Demo Accrued Payables,V007,Demo Vendor Quartz,D01,Demo Sales,119560,0,,,,,,,678250,1073,"[""20220204"",""900593""]",1073-D,cor:monetaryAmount,2022-02
9,3,900593,Credit,2022-02-04,Synthetic demo multi-vendor settlement 900593,1120,Demo Harbor Ordinary Deposit,B003,Harbor Demo Bank,D01,Demo Sales,0,63510,,,,,,,1554760,1074,"[""20220204"",""900593""]",1074-C,cor:monetaryAmount,2022-02
9,4,900593,Credit,2022-02-04,Synthetic demo multi-vendor settlement 900593,1100,Demo Central Ordinary Deposit,B001,Demo Central Bank,D01,Demo Sales,0,123290,,,,,,,1368090,1075,"[""20220204"",""900593""]",1075-C,cor:monetaryAmount,2022-02
10,1,900600,Debit,2022-02-04,Synthetic demo mixed sales and receipt 900600,1100,Demo Central Ordinary Deposit,B001,Demo Central Bank,D01,Demo Sales,329970,0,,,,,,,1698060,1076,"[""20220204"",""900600""]",1076-D,cor:monetaryAmount,2022-02
10,2,900600,Debit,2022-02-04,Synthetic demo mixed sales and receipt 900600,1200,Demo Accounts Receivable,C001,Demo Customer Aurora,D01,Demo Sales,387360,0,,,,,,,29318290,1077,"[""20220204"",""900600""]",1077-D,cor:monetaryAmount,2022-02
10,3,900600,Credit,2022-02-04,Synthetic demo mixed sales and receipt 900600,4000,Demo Product Sales,C002,Demo Customer Birch,D01,Demo Sales,0,487780,,,,,,,23459190,1078,"[""20220204"",""900600""]",1078-C,cor:monetaryAmount,2022-02
10,4,900600,Credit,2022-02-04,Synthetic demo mixed sales and receipt 900600,4010,Demo Service Revenue,C003,Demo Customer Cobalt,D01,Demo Sales,0,229550,,,,,,,24597350,1079,"[""20220204"",""900600""]",1079-C,cor:monetaryAmount,2022-02
11,1,900614,Credit,2022-02-04,Synthetic demo customer receipt 900614,1200,Demo Accounts Receivable,C003,Demo Customer Cobalt,D01,Demo Sales,0,79810,1120,Demo Harbor Ordinary Deposit,,,,,29238480,1080,"[""20220204"",""900614""]",1080-C,cor:monetaryAmount,2022-02
11,2,900614,Debit,2022-02-04,Synthetic demo customer receipt 900614,1120,Demo Harbor Ordinary Deposit,B003,Harbor Demo Bank,D01,Demo Sales,79810,0,1200,Demo Accounts Receivable,,,,,1634570,1080,"[""20220204"",""900614""]",1080-D,cor:monetaryAmount,2022-02
12,1,900616,Debit,2022-02-05,Synthetic demo mixed sales and receipt 900616,1110,Demo North Current Deposit,B002,North Demo Bank,D01,Demo Sales,297370,0,,,,,,,3346320,1081,"[""20220205"",""900616""]",1081-D,cor:monetaryAmount,2022-02
12,2,900616,Debit,2022-02-05,Synthetic demo mixed sales and receipt 900616,1200,Demo Accounts Receivable,C007,Demo Customer Grove,D01,Demo Sales,182270,0,,,,,,,29420750,1082,"[""20220205"",""900616""]",1082-D,cor:monetaryAmount,2022-02
12,3,900616,Credit,2022-02-05,Synthetic demo mixed sales and receipt 900616,4000,Demo Product Sales,C008,Demo Customer Halo,D01,Demo Sales,0,244610,,,,,,,23703800,1083,"[""20220205"",""900616""]",1083-C,cor:monetaryAmount,2022-02
12,4,900616,Credit,2022-02-05,Synthetic demo mixed sales and receipt 900616,4010,Demo Service Revenue,C009,Demo Customer Indigo,D01,Demo Sales,0,235030,,,,,,,24832380,1084,"[""20220205"",""900616""]",1084-C,cor:monetaryAmount,2022-02
13,1,900597,Credit,2022-02-06,Synthetic demo monthly payroll bundle 900597,1100,Demo Central Ordinary Deposit,B001,Demo Central Bank,D02,Demo Administration,0,196410,,,,,,,1501650,1085,"[""20220206"",""900597""]",1085-C,cor:monetaryAmount,2022-02
13,2,900597,Debit,2022-02-06,Synthetic demo monthly payroll bundle 900597,6000,Demo Salaries,,,D02,Demo Administration,60880,0,1100,Demo Central Ordinary Deposit,,,,,5148570,1085,"[""20220206"",""900597""]",1085-D,cor:monetaryAmount,2022-02
13,3,900597,Debit,2022-02-06,Synthetic demo monthly payroll bundle 900597,6010,Demo Statutory Welfare,,,D02,Demo Administration,56950,0,1100,Demo Central Ordinary Deposit,,,,,3345070,1086,"[""20220206"",""900597""]",1086-D,cor:monetaryAmount,2022-02
13,4,900597,Debit,2022-02-06,Synthetic demo monthly payroll bundle 900597,2110,Demo Payroll Withholding,,,D02,Demo Administration,78580,0,1100,Demo Central Ordinary Deposit,,,,,576370,1087,"[""20220206"",""900597""]",1087-D,cor:monetaryAmount,2022-02
14,1,900627,Credit,2022-02-06,Synthetic demo vendor settlement 900627,1100,Demo Central Ordinary Deposit,B001,Demo Central Bank,D04,Demo Logistics,0,297220,2000,Demo Accounts Payable,,,,,1204430,1088,"[""20220206"",""900627""]",1088-C,cor:monetaryAmount,2022-02
14,2,900627,Debit,2022-02-06,Synthetic demo vendor settlement 900627,2000,Demo Accounts Payable,V006,Demo Vendor Prairie,D04,Demo Logistics,297220,0,1100,Demo Central Ordinary Deposit,,,,,1382890,1088,"[""20220206"",""900627""]",1088-D,cor:monetaryAmount,2022-02
15,1,900647,Credit,2022-02-06,Synthetic demo vendor settlement 900647,1120,Demo Harbor Ordinary Deposit,B003,Harbor Demo Bank,D04,Demo Logistics,0,293160,2000,Demo Accounts Payable,,,,,1341410,1089,"[""20220206"",""900647""]",1089-C,cor:monetaryAmount,2022-02
15,2,900647,Debit,2022-02-06,Synthetic demo vendor settlement 900647,2000,Demo Accounts Payable,V006,Demo Vendor Prairie,D04,Demo Logistics,293160,0,1120,Demo Harbor Ordinary Deposit,,,,,1089730,1089,"[""20220206"",""900647""]",1089-D,cor:monetaryAmount,2022-02
16,1,900618,Credit,2022-02-07,Synthetic demo operating expense 900618,1100,Demo Central Ordinary Deposit,B001,Demo Central Bank,D02,Demo Administration,0,3950,6080,Demo Advertising,,,,,1200480,1090,"[""20220207"",""900618""]",1090-C,cor:monetaryAmount,2022-02
16,2,900618,Debit,2022-02-07,Synthetic demo operating expense 900618,6080,Demo Advertising,V001,Demo Vendor Keystone,D02,Demo Administration,3950,0,1100,Demo Central Ordinary Deposit,,,,,386430,1090,"[""20220207"",""900618""]",1090-D,cor:monetaryAmount,2022-02
17,1,900623,Debit,2022-02-08,Synthetic demo multi-vendor settlement 900623,2000,Demo Accounts Payable,V004,Demo Vendor Nimbus,D01,Demo Sales,100460,0,,,,,,,989270,1091,"[""20220208"",""900623""]",1091-D,cor:monetaryAmount,2022-02
17,2,900623,Debit,2022-02-08,Synthetic demo multi-vendor settlement 900623,2100,Demo Accrued Payables,V007,Demo Vendor Quartz,D01,Demo Sales,96530,0,,,,,,,581720,1092,"[""20220208"",""900623""]",1092-D,cor:monetaryAmount,2022-02
17,3,900623,Credit,2022-02-08,Synthetic demo multi-vendor settlement 900623,1120,Demo Harbor Ordinary Deposit,B003,Harbor Demo Bank,D01,Demo Sales,0,94550,,,,,,,1246860,1093,"[""20220208"",""900623""]",1093-C,cor:monetaryAmount,2022-02
17,4,900623,Credit,2022-02-08,Synthetic demo multi-vendor settlement 900623,1100,Demo Central Ordinary Deposit,B001,Demo Central Bank,D01,Demo Sales,0,102440,,,,,,,1098040,1094,"[""20220208"",""900623""]",1094-C,cor:monetaryAmount,2022-02
18,1,900634,Credit,2022-02-08,Synthetic demo customer receipt 900634,1200,Demo Accounts Receivable,C003,Demo Customer Cobalt,D01,Demo Sales,0,500030,1110,Demo North Current Deposit,,,,,28920720,1095,"[""20220208"",""900634""]",1095-C,cor:monetaryAmount,2022-02
18,2,900634,Debit,2022-02-08,Synthetic demo customer receipt 900634,1110,Demo North Current Deposit,B002,North Demo Bank,D01,Demo Sales,500030,0,1200,Demo Accounts Receivable,,,,,3846350,1095,"[""20220208"",""900634""]",1095-D,cor:monetaryAmount,2022-02
19,1,900604,Credit,2022-02-09,Synthetic demo operating cost bundle 900604,1110,Demo North Current Deposit,B002,North Demo Bank,D03,Demo Operations,0,290670,,,,,,,3555680,1096,"[""20220209"",""900604""]",1096-C,cor:monetaryAmount,2022-02
19,2,900604,Debit,2022-02-09,Synthetic demo operating cost bundle 900604,6030,Demo Utilities,S002,Demo Energy Services,D03,Demo Operations,90100,0,1110,Demo North Current Deposit,,,,,4955140,1096,"[""20220209"",""900604""]",1096-D,cor:monetaryAmount,2022-02
19,3,900604,Debit,2022-02-09,Synthetic demo operating cost bundle 900604,6040,Demo Communication,S003,Demo Network Services,D03,Demo Operations,37780,0,1110,Demo North Current Deposit,,,,,3813110,1097,"[""20220209"",""900604""]",1097-D,cor:monetaryAmount,2022-02
19,4,900604,Debit,2022-02-09,Synthetic demo operating cost bundle 900604,6060,Demo Office Supplies,V005,Demo Vendor Orchid,D03,Demo Operations,162790,0,1110,Demo North Current Deposit,,,,,5687680,1098,"[""20220209"",""900604""]",1098-D,cor:monetaryAmount,2022-02
20,1,900620,Credit,2022-02-09,Synthetic demo credit sale 900620,4020,Demo Other Operating Revenue,C001,Demo Customer Aurora,D01,Demo Sales,0,406720,1200,Demo Accounts Receivable,,,,,13111440,1099,"[""20220209"",""900620""]",1099-C,cor:monetaryAmount,2022-02
20,2,900620,Debit,2022-02-09,Synthetic demo credit sale 900620,1200,Demo Accounts Receivable,C001,Demo Customer Aurora,D01,Demo Sales,406720,0,4020,Demo Other Operating Revenue,,,,,29327440,1099,"[""20220209"",""900620""]",1099-D,cor:monetaryAmount,2022-02
21,1,900603,Credit,2022-02-10,Synthetic demo customer receipt 900603,1200,Demo Accounts Receivable,C010,Demo Customer Juniper,D01,Demo Sales,0,61800,1100,Demo Central Ordinary Deposit,,,,,29265640,1100,"[""20220210"",""900603""]",1100-C,cor:monetaryAmount,2022-02
21,2,900603,Debit,2022-02-10,Synthetic demo customer receipt 900603,1100,Demo Central Ordinary Deposit,B001,Demo Central Bank,D01,Demo Sales,61800,0,1200,Demo Accounts Receivable,,,,,1159840,1100,"[""20220210"",""900603""]",1100-D,cor:monetaryAmount,2022-02
22,1,900631,Credit,2022-02-10,Synthetic demo operating cost bundle 900631,1110,Demo North Current Deposit,B002,North Demo Bank,D03,Demo Operations,0,594980,,,,,,,2960700,1101,"[""20220210"",""900631""]",1101-C,cor:monetaryAmount,2022-02
22,2,900631,Debit,2022-02-10,Synthetic demo operating cost bundle 900631,6030,Demo Utilities,S002,Demo Energy Services,D03,Demo Operations,368880,0,1110,Demo North Current Deposit,,,,,5324020,1101,"[""20220210"",""900631""]",1101-D,cor:monetaryAmount,2022-02
22,3,900631,Debit,2022-02-10,Synthetic demo operating cost bundle 900631,6040,Demo Communication,S003,Demo Network Services,D03,Demo Operations,41640,0,1110,Demo North Current Deposit,,,,,3854750,1102,"[""20220210"",""900631""]",1102-D,cor:monetaryAmount,2022-02
22,4,900631,Debit,2022-02-10,Synthetic demo operating cost bundle 900631,6060,Demo Office Supplies,V002,Demo Vendor Lattice,D03,Demo Operations,184460,0,1110,Demo North Current Deposit,,,,,5872140,1103,"[""20220210"",""900631""]",1103-D,cor:monetaryAmount,2022-02
23,1,900642,Credit,2022-02-11,Synthetic demo credit sale 900642,4000,Demo Product Sales,C007,Demo Customer Grove,D01,Demo Sales,0,327270,1200,Demo Accounts Receivable,,,,,24031070,1104,"[""20220211"",""900642""]",1104-C,cor:monetaryAmount,2022-02
23,2,900642,Debit,2022-02-11,Synthetic demo credit sale 900642,1200,Demo Accounts Receivable,C007,Demo Customer Grove,D01,Demo Sales,327270,0,4000,Demo Product Sales,,,,,29592910,1104,"[""20220211"",""900642""]",1104-D,cor:monetaryAmount,2022-02
24,1,900645,Credit,2022-02-11,Synthetic demo purchase on account 900645,2000,Demo Accounts Payable,V006,Demo Vendor Prairie,D04,Demo Logistics,0,362650,5000,Demo Purchases,,,,,1351920,1105,"[""20220211"",""900645""]",1105-C,cor:monetaryAmount,2022-02
24,2,900645,Debit,2022-02-11,Synthetic demo purchase on account 900645,5000,Demo Purchases,V006,Demo Vendor Prairie,D04,Demo Logistics,362650,0,2000,Demo Accounts Payable,,,,,4607010,1105,"[""20220211"",""900645""]",1105-D,cor:monetaryAmount,2022-02
25,1,900598,Credit,2022-02-12,Synthetic demo operating expense 900598,1110,Demo North Current Deposit,B002,North Demo Bank,D03,Demo Operations,0,127860,6060,Demo Office Supplies,,,,,2832840,1106,"[""20220212"",""900598""]",1106-C,cor:monetaryAmount,2022-02
25,2,900598,Debit,2022-02-12,Synthetic demo operating expense 900598,6060,Demo Office Supplies,V001,Demo Vendor Keystone,D03,Demo Operations,127860,0,1110,Demo North Current Deposit,,,,,6000000,1106,"[""20220212"",""900598""]",1106-D,cor:monetaryAmount,2022-02
26,1,900621,Credit,2022-02-12,Synthetic demo credit sale 900621,4000,Demo Product Sales,C004,Demo Customer Dawn,D01,Demo Sales,0,558020,1200,Demo Accounts Receivable,,,,,24589090,1107,"[""20220212"",""900621""]",1107-C,cor:monetaryAmount,2022-02
26,2,900621,Debit,2022-02-12,Synthetic demo credit sale 900621,1200,Demo Accounts Receivable,C004,Demo Customer Dawn,D01,Demo Sales,558020,0,4000,Demo Product Sales,,,,,30150930,1107,"[""20220212"",""900621""]",1107-D,cor:monetaryAmount,2022-02
27,1,900630,Credit,2022-02-12,Synthetic demo credit sale 900630,4000,Demo Product Sales,C001,Demo Customer Aurora,D01,Demo Sales,0,396830,1200,Demo Accounts Receivable,,,,,24985920,1108,"[""20220212"",""900630""]",1108-C,cor:monetaryAmount,2022-02
27,2,900630,Debit,2022-02-12,Synthetic demo credit sale 900630,1200,Demo Accounts Receivable,C001,Demo Customer Aurora,D01,Demo Sales,396830,0,4000,Demo Product Sales,,,,,30547760,1108,"[""20220212"",""900630""]",1108-D,cor:monetaryAmount,2022-02
28,1,900644,Debit,2022-02-12,Synthetic demo mixed sales and receipt 900644,1120,Demo Harbor Ordinary Deposit,B003,Harbor Demo Bank,D01,Demo Sales,141750,0,,,,,,,1388610,1109,"[""20220212"",""900644""]",1109-D,cor:monetaryAmount,2022-02
28,2,900644,Debit,2022-02-12,Synthetic demo mixed sales and receipt 900644,1200,Demo Accounts Receivable,C005,Demo Customer Elm,D01,Demo Sales,33250,0,,,,,,,30581010,1110,"[""20220212"",""900644""]",1110-D,cor:monetaryAmount,2022-02
28,3,900644,Credit,2022-02-12,Synthetic demo mixed sales and receipt 900644,4000,Demo Product Sales,C006,Demo Customer Fjord,D01,Demo Sales,0,126000,,,,,,,25111920,1111,"[""20220212"",""900644""]",1111-C,cor:monetaryAmount,2022-02
28,4,900644,Credit,2022-02-12,Synthetic demo mixed sales and receipt 900644,4010,Demo Service Revenue,C007,Demo Customer Grove,D01,Demo Sales,0,49000,,,,,,,24881380,1112,"[""20220212"",""900644""]",1112-C,cor:monetaryAmount,2022-02
29,1,900609,Credit,2022-02-13,Synthetic demo prepaid service 900609,1100,Demo Central Ordinary Deposit,B001,Demo Central Bank,D05,Demo Digital Services,0,191730,1400,Demo Prepaid Expenses,,,,,968110,1113,"[""20220213"",""900609""]",1113-C,cor:monetaryAmount,2022-02
29,2,900609,Debit,2022-02-13,Synthetic demo prepaid service 900609,1400,Demo Prepaid Expenses,S004,Demo Logistics Services,D05,Demo Digital Services,191730,0,1100,Demo Central Ordinary Deposit,,,,,6660190,1113,"[""20220213"",""900609""]",1113-D,cor:monetaryAmount,2022-02
30,1,900615,Credit,2022-02-13,Synthetic demo purchase on account 900615,2000,Demo Accounts Payable,V006,Demo Vendor Prairie,D04,Demo Logistics,0,292150,5000,Demo Purchases,,,,,1644070,1114,"[""20220213"",""900615""]",1114-C,cor:monetaryAmount,2022-02
30,2,900615,Debit,2022-02-13,Synthetic demo purchase on account 900615,5000,Demo Purchases,V006,Demo Vendor Prairie,D04,Demo Logistics,292150,0,2000,Demo Accounts Payable,,,,,4899160,1114,"[""20220213"",""900615""]",1114-D,cor:monetaryAmount,2022-02
31,1,900638,Credit,2022-02-13,Synthetic demo operating expense 900638,1120,Demo Harbor Ordinary Deposit,B003,Harbor Demo Bank,D05,Demo Digital Services,0,54560,6100,Demo Repairs,,,,,1334050,1115,"[""20220213"",""900638""]",1115-C,cor:monetaryAmount,2022-02
31,2,900638,Debit,2022-02-13,Synthetic demo operating expense 900638,6100,Demo Repairs,V001,Demo Vendor Keystone,D05,Demo Digital Services,54560,0,1120,Demo Harbor Ordinary Deposit,,,,,656090,1115,"[""20220213"",""900638""]",1115-D,cor:monetaryAmount,2022-02
32,1,900610,Debit,2022-02-14,Synthetic demo mixed sales and receipt 900610,1110,Demo North Current Deposit,B002,North Demo Bank,D01,Demo Sales,294300,0,,,,,,,3127140,1116,"[""20220214"",""900610""]",1116-D,cor:monetaryAmount,2022-02
32,2,900610,Debit,2022-02-14,Synthetic demo mixed sales and receipt 900610,1200,Demo Accounts Receivable,C001,Demo Customer Aurora,D01,Demo Sales,460340,0,,,,,,,31041350,1117,"[""20220214"",""900610""]",1117-D,cor:monetaryAmount,2022-02
32,3,900610,Credit,2022-02-14,Synthetic demo mixed sales and receipt 900610,4000,Demo Product Sales,C002,Demo Customer Birch,D01,Demo Sales,0,135830,,,,,,,25247750,1118,"[""20220214"",""900610""]",1118-C,cor:monetaryAmount,2022-02
32,4,900610,Credit,2022-02-14,Synthetic demo mixed sales and receipt 900610,4010,Demo Service Revenue,C003,Demo Customer Cobalt,D01,Demo Sales,0,618810,,,,,,,25500190,1119,"[""20220214"",""900610""]",1119-C,cor:monetaryAmount,2022-02
33,1,900619,Credit,2022-02-14,Synthetic demo operating cost bundle 900619,1110,Demo North Current Deposit,B002,North Demo Bank,D03,Demo Operations,0,233280,,,,,,,2893860,1120,"[""20220214"",""900619""]",1120-C,cor:monetaryAmount,2022-02
33,2,900619,Debit,2022-02-14,Synthetic demo operating cost bundle 900619,6030,Demo Utilities,S002,Demo Energy Services,D03,Demo Operations,46650,0,1110,Demo North Current Deposit,,,,,5370670,1120,"[""20220214"",""900619""]",1120-D,cor:monetaryAmount,2022-02
33,3,900619,Debit,2022-02-14,Synthetic demo operating cost bundle 900619,6040,Demo Communication,S003,Demo Network Services,D03,Demo Operations,27990,0,1110,Demo North Current Deposit,,,,,3882740,1121,"[""20220214"",""900619""]",1121-D,cor:monetaryAmount,2022-02
33,4,900619,Debit,2022-02-14,Synthetic demo operating cost bundle 900619,6060,Demo Office Supplies,V010,Demo Vendor Tandem,D03,Demo Operations,158640,0,1110,Demo North Current Deposit,,,,,6158640,1122,"[""20220214"",""900619""]",1122-D,cor:monetaryAmount,2022-02
34,1,900622,Credit,2022-02-14,Synthetic demo credit sale 900622,4010,Demo Service Revenue,C007,Demo Customer Grove,D01,Demo Sales,0,362110,1200,Demo Accounts Receivable,,,,,25862300,1123,"[""20220214"",""900622""]",1123-C,cor:monetaryAmount,2022-02
34,2,900622,Debit,2022-02-14,Synthetic demo credit sale 900622,1200,Demo Accounts Receivable,C007,Demo Customer Grove,D01,Demo Sales,362110,0,4010,Demo Service Revenue,,,,,31403460,1123,"[""20220214"",""900622""]",1123-D,cor:monetaryAmount,2022-02
35,1,900612,Credit,2022-02-15,Synthetic demo monthly payroll bundle 900612,1100,Demo Central Ordinary Deposit,B001,Demo Central Bank,D02,Demo Administration,0,338370,,,,,,,629740,1124,"[""20220215"",""900612""]",1124-C,cor:monetaryAmount,2022-02
35,2,900612,Debit,2022-02-15,Synthetic demo monthly payroll bundle 900612,6000,Demo Salaries,,,D02,Demo Administration,162410,0,1100,Demo Central Ordinary Deposit,,,,,5310980,1124,"[""20220215"",""900612""]",1124-D,cor:monetaryAmount,2022-02
35,3,900612,Debit,2022-02-15,Synthetic demo monthly payroll bundle 900612,6010,Demo Statutory Welfare,,,D02,Demo Administration,125190,0,1100,Demo Central Ordinary Deposit,,,,,3470260,1125,"[""20220215"",""900612""]",1125-D,cor:monetaryAmount,2022-02
35,4,900612,Debit,2022-02-15,Synthetic demo monthly payroll bundle 900612,2110,Demo Payroll Withholding,,,D02,Demo Administration,50770,0,1100,Demo Central Ordinary Deposit,,,,,525600,1126,"[""20220215"",""900612""]",1126-D,cor:monetaryAmount,2022-02
36,1,900639,Credit,2022-02-15,Synthetic demo prepaid service 900639,1100,Demo Central Ordinary Deposit,B001,Demo Central Bank,D05,Demo Digital Services,0,63590,1400,Demo Prepaid Expenses,,,,,566150,1127,"[""20220215"",""900639""]",1127-C,cor:monetaryAmount,2022-02
36,2,900639,Debit,2022-02-15,Synthetic demo prepaid service 900639,1400,Demo Prepaid Expenses,S004,Demo Logistics Services,D05,Demo Digital Services,63590,0,1100,Demo Central Ordinary Deposit,,,,,6723780,1127,"[""20220215"",""900639""]",1127-D,cor:monetaryAmount,2022-02
37,1,900640,Credit,2022-02-15,Synthetic demo operating cost bundle 900640,1110,Demo North Current Deposit,B002,North Demo Bank,D03,Demo Operations,0,457170,,,,,,,2436690,1128,"[""20220215"",""900640""]",1128-C,cor:monetaryAmount,2022-02
37,2,900640,Debit,2022-02-15,Synthetic demo operating cost bundle 900640,6030,Demo Utilities,S002,Demo Energy Services,D03,Demo Operations,68570,0,1110,Demo North Current Deposit,,,,,5439240,1128,"[""20220215"",""900640""]",1128-D,cor:monetaryAmount,2022-02
37,3,900640,Debit,2022-02-15,Synthetic demo operating cost bundle 900640,6040,Demo Communication,S003,Demo Network Services,D03,Demo Operations,237720,0,1110,Demo North Current Deposit,,,,,4120460,1129,"[""20220215"",""900640""]",1129-D,cor:monetaryAmount,2022-02
37,4,900640,Debit,2022-02-15,Synthetic demo operating cost bundle 900640,6060,Demo Office Supplies,V001,Demo Vendor Keystone,D03,Demo Operations,150880,0,1110,Demo North Current Deposit,,,,,6309520,1130,"[""20220215"",""900640""]",1130-D,cor:monetaryAmount,2022-02
38,1,900625,Credit,2022-02-16,Synthetic demo operating cost bundle 900625,1110,Demo North Current Deposit,B002,North Demo Bank,D03,Demo Operations,0,181120,,,,,,,2255570,1131,"[""20220216"",""900625""]",1131-C,cor:monetaryAmount,2022-02
38,2,900625,Debit,2022-02-16,Synthetic demo operating cost bundle 900625,6030,Demo Utilities,S002,Demo Energy Services,D03,Demo Operations,45280,0,1110,Demo North Current Deposit,,,,,5484520,1131,"[""20220216"",""900625""]",1131-D,cor:monetaryAmount,2022-02
38,3,900625,Debit,2022-02-16,Synthetic demo operating cost bundle 900625,6040,Demo Communication,S003,Demo Network Services,D03,Demo Operations,81500,0,1110,Demo North Current Deposit,,,,,4201960,1132,"[""20220216"",""900625""]",1132-D,cor:monetaryAmount,2022-02
38,4,900625,Debit,2022-02-16,Synthetic demo operating cost bundle 900625,6060,Demo Office Supplies,V006,Demo Vendor Prairie,D03,Demo Operations,54340,0,1110,Demo North Current Deposit,,,,,6363860,1133,"[""20220216"",""900625""]",1133-D,cor:monetaryAmount,2022-02
39,1,900607,Credit,2022-02-17,Synthetic demo vendor settlement 900607,1110,Demo North Current Deposit,B002,North Demo Bank,D04,Demo Logistics,0,290910,2000,Demo Accounts Payable,,,,,1964660,1134,"[""20220217"",""900607""]",1134-C,cor:monetaryAmount,2022-02
39,2,900607,Debit,2022-02-17,Synthetic demo vendor settlement 900607,2000,Demo Accounts Payable,V006,Demo Vendor Prairie,D04,Demo Logistics,290910,0,1110,Demo North Current Deposit,,,,,1353160,1134,"[""20220217"",""900607""]",1134-D,cor:monetaryAmount,2022-02
40,1,900636,Credit,2022-02-19,Synthetic demo purchase on account 900636,2000,Demo Accounts Payable,V001,Demo Vendor Keystone,D04,Demo Logistics,0,133490,5000,Demo Purchases,,,,,1486650,1135,"[""20220219"",""900636""]",1135-C,cor:monetaryAmount,2022-02
40,2,900636,Debit,2022-02-19,Synthetic demo purchase on account 900636,5000,Demo Purchases,V001,Demo Vendor Keystone,D04,Demo Logistics,133490,0,2000,Demo Accounts Payable,,,,,5032650,1135,"[""20220219"",""900636""]",1135-D,cor:monetaryAmount,2022-02
41,1,900608,Credit,2022-02-20,Synthetic demo operating expense 900608,1120,Demo Harbor Ordinary Deposit,B003,Harbor Demo Bank,D05,Demo Digital Services,0,111900,6160,Demo Shipping,,,,,1222150,1136,"[""20220220"",""900608""]",1136-C,cor:monetaryAmount,2022-02
41,2,900608,Debit,2022-02-20,Synthetic demo operating expense 900608,6160,Demo Shipping,V001,Demo Vendor Keystone,D05,Demo Digital Services,111900,0,1120,Demo Harbor Ordinary Deposit,,,,,289620,1136,"[""20220220"",""900608""]",1136-D,cor:monetaryAmount,2022-02
42,1,900596,Credit,2022-02-21,Synthetic demo purchase on account 900596,2000,Demo Accounts Payable,V001,Demo Vendor Keystone,D04,Demo Logistics,0,199620,5020,Demo Inventory Adjustment,,,,,1686270,1137,"[""20220221"",""900596""]",1137-C,cor:monetaryAmount,2022-02
42,2,900596,Debit,2022-02-21,Synthetic demo purchase on account 900596,5020,Demo Inventory Adjustment,V001,Demo Vendor Keystone,D04,Demo Logistics,199620,0,2000,Demo Accounts Payable,,,,,6455150,1137,"[""20220221"",""900596""]",1137-D,cor:monetaryAmount,2022-02
43,1,900613,Credit,2022-02-21,Synthetic demo customer receipt 900613,1200,Demo Accounts Receivable,C010,Demo Customer Juniper,D01,Demo Sales,0,107170,1110,Demo North Current Deposit,,,,,31296290,1138,"[""20220221"",""900613""]",1138-C,cor:monetaryAmount,2022-02
43,2,900613,Debit,2022-02-21,Synthetic demo customer receipt 900613,1110,Demo North Current Deposit,B002,North Demo Bank,D01,Demo Sales,107170,0,1200,Demo Accounts Receivable,,,,,2071830,1138,"[""20220221"",""900613""]",1138-D,cor:monetaryAmount,2022-02
44,1,900611,Credit,2022-02-22,Synthetic demo credit sale 900611,4020,Demo Other Operating Revenue,C004,Demo Customer Dawn,D01,Demo Sales,0,53250,1200,Demo Accounts Receivable,,,,,13164690,1139,"[""20220222"",""900611""]",1139-C,cor:monetaryAmount,2022-02
44,2,900611,Debit,2022-02-22,Synthetic demo credit sale 900611,1200,Demo Accounts Receivable,C004,Demo Customer Dawn,D01,Demo Sales,53250,0,4020,Demo Other Operating Revenue,,,,,31349540,1139,"[""20220222"",""900611""]",1139-D,cor:monetaryAmount,2022-02
45,1,900632,Credit,2022-02-22,Synthetic demo credit sale 900632,4020,Demo Other Operating Revenue,C007,Demo Customer Grove,D01,Demo Sales,0,532500,1200,Demo Accounts Receivable,,,,,13697190,1140,"[""20220222"",""900632""]",1140-C,cor:monetaryAmount,2022-02
45,2,900632,Debit,2022-02-22,Synthetic demo credit sale 900632,1200,Demo Accounts Receivable,C007,Demo Customer Grove,D01,Demo Sales,532500,0,4020,Demo Other Operating Revenue,,,,,31882040,1140,"[""20220222"",""900632""]",1140-D,cor:monetaryAmount,2022-02
46,1,900633,Credit,2022-02-23,Synthetic demo customer receipt 900633,1200,Demo Accounts Receivable,C010,Demo Customer Juniper,D01,Demo Sales,0,53980,1100,Demo Central Ordinary Deposit,,,,,31828060,1141,"[""20220223"",""900633""]",1141-C,cor:monetaryAmount,2022-02
46,2,900633,Debit,2022-02-23,Synthetic demo customer receipt 900633,1100,Demo Central Ordinary Deposit,B001,Demo Central Bank,D01,Demo Sales,53980,0,1200,Demo Accounts Receivable,,,,,620130,1141,"[""20220223"",""900633""]",1141-D,cor:monetaryAmount,2022-02
47,1,900601,Credit,2022-02-24,Synthetic demo credit sale 900601,4010,Demo Service Revenue,C004,Demo Customer Dawn,D01,Demo Sales,0,524240,1200,Demo Accounts Receivable,,,,,26386540,1142,"[""20220224"",""900601""]",1142-C,cor:monetaryAmount,2022-02
47,2,900601,Debit,2022-02-24,Synthetic demo credit sale 900601,1200,Demo Accounts Receivable,C004,Demo Customer Dawn,D01,Demo Sales,524240,0,4010,Demo Service Revenue,,,,,32352300,1142,"[""20220224"",""900601""]",1142-D,cor:monetaryAmount,2022-02
48,1,900643,Credit,2022-02-24,Synthetic demo customer receipt 900643,1200,Demo Accounts Receivable,C010,Demo Customer Juniper,D01,Demo Sales,0,325920,1110,Demo North Current Deposit,,,,,32026380,1143,"[""20220224"",""900643""]",1143-C,cor:monetaryAmount,2022-02
48,2,900643,Debit,2022-02-24,Synthetic demo customer receipt 900643,1110,Demo North Current Deposit,B002,North Demo Bank,D01,Demo Sales,325920,0,1200,Demo Accounts Receivable,,,,,2397750,1143,"[""20220224"",""900643""]",1143-D,cor:monetaryAmount,2022-02
49,1,900594,Credit,2022-02-25,Synthetic demo customer receipt 900594,1200,Demo Accounts Receivable,C003,Demo Customer Cobalt,D01,Demo Sales,0,191530,1100,Demo Central Ordinary Deposit,,,,,31834850,1144,"[""20220225"",""900594""]",1144-C,cor:monetaryAmount,2022-02
49,2,900594,Debit,2022-02-25,Synthetic demo customer receipt 900594,1100,Demo Central Ordinary Deposit,B001,Demo Central Bank,D01,Demo Sales,191530,0,1200,Demo Accounts Receivable,,,,,811660,1144,"[""20220225"",""900594""]",1144-D,cor:monetaryAmount,2022-02
50,1,900602,Credit,2022-02-26,Synthetic demo credit sale 900602,4020,Demo Other Operating Revenue,C007,Demo Customer Grove,D01,Demo Sales,0,61000,1200,Demo Accounts Receivable,,,,,13758190,1145,"[""20220226"",""900602""]",1145-C,cor:monetaryAmount,2022-02
50,2,900602,Debit,2022-02-26,Synthetic demo credit sale 900602,1200,Demo Accounts Receivable,C007,Demo Customer Grove,D01,Demo Sales,61000,0,4020,Demo Other Operating Revenue,,,,,31895850,1145,"[""20220226"",""900602""]",1145-D,cor:monetaryAmount,2022-02
51,1,900624,Credit,2022-02-26,Synthetic demo customer receipt 900624,1200,Demo Accounts Receivable,C003,Demo Customer Cobalt,D01,Demo Sales,0,308770,1100,Demo Central Ordinary Deposit,,,,,31587080,1146,"[""20220226"",""900624""]",1146-C,cor:monetaryAmount,2022-02
51,2,900624,Debit,2022-02-26,Synthetic demo customer receipt 900624,1100,Demo Central Ordinary Deposit,B001,Demo Central Bank,D01,Demo Sales,308770,0,1200,Demo Accounts Receivable,,,,,1120430,1146,"[""20220226"",""900624""]",1146-D,cor:monetaryAmount,2022-02
52,1,900628,Credit,2022-02-26,Synthetic demo operating expense 900628,1110,Demo North Current Deposit,B002,North Demo Bank,D03,Demo Operations,0,171800,7000,Demo Taxes and Dues,,,,,2225950,1147,"[""20220226"",""900628""]",1147-C,cor:monetaryAmount,2022-02
52,2,900628,Debit,2022-02-26,Synthetic demo operating expense 900628,7000,Demo Taxes and Dues,V001,Demo Vendor Keystone,D03,Demo Operations,171800,0,1110,Demo North Current Deposit,,,,,6805900,1147,"[""20220226"",""900628""]",1147-D,cor:monetaryAmount,2022-02
53,1,900646,Credit,2022-02-26,Synthetic demo operating cost bundle 900646,1110,Demo North Current Deposit,B002,North Demo Bank,D03,Demo Operations,0,647850,,,,,,,1578100,1148,"[""20220226"",""900646""]",1148-C,cor:monetaryAmount,2022-02
53,2,900646,Debit,2022-02-26,Synthetic demo operating cost bundle 900646,6030,Demo Utilities,S002,Demo Energy Services,D03,Demo Operations,356310,0,1110,Demo North Current Deposit,,,,,5840830,1148,"[""20220226"",""900646""]",1148-D,cor:monetaryAmount,2022-02
53,3,900646,Debit,2022-02-26,Synthetic demo operating cost bundle 900646,6040,Demo Communication,S003,Demo Network Services,D03,Demo Operations,129570,0,1110,Demo North Current Deposit,,,,,4331530,1149,"[""20220226"",""900646""]",1149-D,cor:monetaryAmount,2022-02
53,4,900646,Debit,2022-02-26,Synthetic demo operating cost bundle 900646,6060,Demo Office Supplies,V007,Demo Vendor Quartz,D03,Demo Operations,161970,0,1110,Demo North Current Deposit,,,,,6525830,1150,"[""20220226"",""900646""]",1150-D,cor:monetaryAmount,2022-02
54,1,900606,Debit,2022-02-27,Synthetic demo mixed sales and receipt 900606,1100,Demo Central Ordinary Deposit,B001,Demo Central Bank,D01,Demo Sales,162180,0,,,,,,,1282610,1151,"[""20220227"",""900606""]",1151-D,cor:monetaryAmount,2022-02
54,2,900606,Debit,2022-02-27,Synthetic demo mixed sales and receipt 900606,1200,Demo Accounts Receivable,C007,Demo Customer Grove,D01,Demo Sales,83550,0,,,,,,,31670630,1152,"[""20220227"",""900606""]",1152-D,cor:monetaryAmount,2022-02
54,3,900606,Credit,2022-02-27,Synthetic demo mixed sales and receipt 900606,4000,Demo Product Sales,C008,Demo Customer Halo,D01,Demo Sales,0,122860,,,,,,,25370610,1153,"[""20220227"",""900606""]",1153-C,cor:monetaryAmount,2022-02
54,4,900606,Credit,2022-02-27,Synthetic demo mixed sales and receipt 900606,4010,Demo Service Revenue,C009,Demo Customer Indigo,D01,Demo Sales,0,122870,,,,,,,26509410,1154,"[""20220227"",""900606""]",1154-C,cor:monetaryAmount,2022-02
55,1,900617,Credit,2022-02-27,Synthetic demo vendor settlement 900617,1120,Demo Harbor Ordinary Deposit,B003,Harbor Demo Bank,D04,Demo Logistics,0,267940,2000,Demo Accounts Payable,,,,,954210,1155,"[""20220227"",""900617""]",1155-C,cor:monetaryAmount,2022-02
55,2,900617,Debit,2022-02-27,Synthetic demo vendor settlement 900617,2000,Demo Accounts Payable,V006,Demo Vendor Prairie,D04,Demo Logistics,267940,0,1120,Demo Harbor Ordinary Deposit,,,,,1418330,1155,"[""20220227"",""900617""]",1155-D,cor:monetaryAmount,2022-02
56,1,900635,Credit,2022-02-27,Synthetic demo combined customer receipt 900635,1200,Demo Accounts Receivable,C006,Demo Customer Fjord,D01,Demo Sales,0,139680,1120,Demo Harbor Ordinary Deposit,,,,,31530950,1156,"[""20220227"",""900635""]",1156-C,cor:monetaryAmount,2022-02
56,2,900635,Debit,2022-02-27,Synthetic demo combined customer receipt 900635,1120,Demo Harbor Ordinary Deposit,B003,Harbor Demo Bank,D01,Demo Sales,481680,0,,,,,,,1435890,1156,"[""20220227"",""900635""]",1156-D,cor:monetaryAmount,2022-02
56,3,900635,Credit,2022-02-27,Synthetic demo combined customer receipt 900635,1200,Demo Accounts Receivable,C007,Demo Customer Grove,D01,Demo Sales,0,67430,1120,Demo Harbor Ordinary Deposit,,,,,31463520,1157,"[""20220227"",""900635""]",1157-C,cor:monetaryAmount,2022-02
56,4,900635,Credit,2022-02-27,Synthetic demo combined customer receipt 900635,1200,Demo Accounts Receivable,C008,Demo Customer Halo,D01,Demo Sales,0,274570,1120,Demo Harbor Ordinary Deposit,,,,,31188950,1158,"[""20220227"",""900635""]",1158-C,cor:monetaryAmount,2022-02
57,1,900637,Debit,2022-02-28,Synthetic demo multi-vendor settlement 900637,2000,Demo Accounts Payable,V008,Demo Vendor Rivulet,D01,Demo Sales,222700,0,,,,,,,1195630,1159,"[""20220228"",""900637""]",1159-D,cor:monetaryAmount,2022-02
57,2,900637,Debit,2022-02-28,Synthetic demo multi-vendor settlement 900637,2100,Demo Accrued Payables,V001,Demo Vendor Keystone,D01,Demo Sales,125280,0,,,,,,,456440,1160,"[""20220228"",""900637""]",1160-D,cor:monetaryAmount,2022-02
57,3,900637,Credit,2022-02-28,Synthetic demo multi-vendor settlement 900637,1110,Demo North Current Deposit,B002,North Demo Bank,D01,Demo Sales,0,254020,,,,,,,1324080,1161,"[""20220228"",""900637""]",1161-C,cor:monetaryAmount,2022-02
57,4,900637,Credit,2022-02-28,Synthetic demo multi-vendor settlement 900637,1120,Demo Harbor Ordinary Deposit,B003,Harbor Demo Bank,D01,Demo Sales,0,93960,,,,,,,1341930,1162,"[""20220228"",""900637""]",1162-C,cor:monetaryAmount,2022-02
,,,Opening,2022-03-01,* Opening balance,1000,Demo Cash,,,,,0,0,,,,,,,600000,,,,,2022-03
,,,Opening,2022-03-01,* Opening balance,1010,Demo Petty Cash,,,,,0,0,,,,,,,120000,,,,,2022-03
,,,Opening,2022-03-01,* Opening balance,1100,Demo Central Ordinary Deposit,,,,,0,0,,,,,,,1282610,,,,,2022-03
,,,Opening,2022-03-01,* Opening balance,1110,Demo North Current Deposit,,,,,0,0,,,,,,,1324080,,,,,2022-03
,,,Opening,2022-03-01,* Opening balance,1120,Demo Harbor Ordinary Deposit,,,,,0,0,,,,,,,1341930,,,,,2022-03
,,,Opening,2022-03-01,* Opening balance,1200,Demo Accounts Receivable,,,,,0,0,,,,,,,31188950,,,,,2022-03
,,,Opening,2022-03-01,* Opening balance,1210,Demo Notes Receivable,,,,,0,0,,,,,,,800000,,,,,2022-03
,,,Opening,2022-03-01,* Opening balance,1300,Demo Inventory,,,,,0,0,,,,,,,1200000,,,,,2022-03
,,,Opening,2022-03-01,* Opening balance,1400,Demo Prepaid Expenses,,,,,0,0,,,,,,,6723780,,,,,2022-03
,,,Opening,2022-03-01,* Opening balance,1410,Demo Advances Paid,,,,,0,0,,,,,,,250000,,,,,2022-03
,,,Opening,2022-03-01,* Opening balance,1420,Demo Temporary Payments,,,,,0,0,,,,,,,150000,,,,,2022-03
,,,Opening,2022-03-01,* Opening balance,1430,Demo Input Tax Receivable,,,,,0,0,,,,,,,400000,,,,,2022-03
,,,Opening,2022-03-01,* Opening balance,1500,Demo Equipment,,,,,0,0,,,,,,,2000000,,,,,2022-03
,,,Opening,2022-03-01,* Opening balance,1510,Demo Vehicles,,,,,0,0,,,,,,,1200000,,,,,2022-03
,,,Opening,2022-03-01,* Opening balance,1520,Demo Software,,,,,0,0,,,,,,,700000,,,,,2022-03
,,,Opening,2022-03-01,* Opening balance,1590,Demo Accumulated Depreciation,,,,,0,0,,,,,,,900000,,,,,2022-03
,,,Opening,2022-03-01,* Opening balance,2000,Demo Accounts Payable,,,,,0,0,,,,,,,1195630,,,,,2022-03
,,,Opening,2022-03-01,* Opening balance,2010,Demo Notes Payable,,,,,0,0,,,,,,,600000,,,,,2022-03
,,,Opening,2022-03-01,* Opening balance,2100,Demo Accrued Payables,,,,,0,0,,,,,,,456440,,,,,2022-03
,,,Opening,2022-03-01,* Opening balance,2110,Demo Payroll Withholding,,,,,0,0,,,,,,,525600,,,,,2022-03
,,,Opening,2022-03-01,* Opening balance,2120,Demo Output Tax Payable,,,,,0,0,,,,,,,450000,,,,,2022-03
,,,Opening,2022-03-01,* Opening balance,2130,Demo Temporary Receipts,,,,,0,0,,,,,,,120000,,,,,2022-03
,,,Opening,2022-03-01,* Opening balance,2200,Demo Short-term Loans,,,,,0,0,,,,,,,1576980,,,,,2022-03
,,,Opening,2022-03-01,* Opening balance,2300,Demo Long-term Loans,,,,,0,0,,,,,,,2500000,,,,,2022-03
,,,Opening,2022-03-01,* Opening balance,2400,Demo Unearned Revenue,,,,,0,0,,,,,,,350000,,,,,2022-03
,,,Opening,2022-03-01,* Opening balance,3000,Demo Capital,,,,,0,0,,,,,,,5000000,,,,,2022-03
,,,Opening,2022-03-01,* Opening balance,3100,Demo Retained Earnings,,,,,0,0,,,,,,,26159010,,,,,2022-03
,,,Opening,2022-03-01,* Opening balance,4000,Demo Product Sales,,,,,0,0,,,,,,,25370610,,,,,2022-03
,,,Opening,2022-03-01,* Opening balance,4010,Demo Service Revenue,,,,,0,0,,,,,,,26509410,,,,,2022-03
,,,Opening,2022-03-01,* Opening balance,4020,Demo Other Operating Revenue,,,,,0,0,,,,,,,13758190,,,,,2022-03
,,,Opening,2022-03-01,* Opening balance,4030,Demo Interest Income,,,,,0,0,,,,,,,0,,,,,2022-03
,,,Opening,2022-03-01,* Opening balance,4040,Demo Miscellaneous Income,,,,,0,0,,,,,,,0,,,,,2022-03
,,,Opening,2022-03-01,* Opening balance,5000,Demo Purchases,,,,,0,0,,,,,,,5032650,,,,,2022-03
,,,Opening,2022-03-01,* Opening balance,5010,Demo Freight-in,,,,,0,0,,,,,,,6563360,,,,,2022-03
,,,Opening,2022-03-01,* Opening balance,5020,Demo Inventory Adjustment,,,,,0,0,,,,,,,6455150,,,,,2022-03
,,,Opening,2022-03-01,* Opening balance,6000,Demo Salaries,,,,,0,0,,,,,,,5310980,,,,,2022-03
,,,Opening,2022-03-01,* Opening balance,6010,Demo Statutory Welfare,,,,,0,0,,,,,,,3470260,,,,,2022-03
,,,Opening,2022-03-01,* Opening balance,6020,Demo Office Rent,,,,,0,0,,,,,,,553220,,,,,2022-03
,,,Opening,2022-03-01,* Opening balance,6030,Demo Utilities,,,,,0,0,,,,,,,5840830,,,,,2022-03
,,,Opening,2022-03-01,* Opening balance,6040,Demo Communication,,,,,0,0,,,,,,,4331530,,,,,2022-03
,,,Opening,2022-03-01,* Opening balance,6050,Demo Business Travel,,,,,0,0,,,,,,,0,,,,,2022-03
,,,Opening,2022-03-01,* Opening balance,6060,Demo Office Supplies,,,,,0,0,,,,,,,6525830,,,,,2022-03
,,,Opening,2022-03-01,* Opening balance,6070,Demo Bank Fees,,,,,0,0,,,,,,,2787940,,,,,2022-03
,,,Opening,2022-03-01,* Opening balance,6080,Demo Advertising,,,,,0,0,,,,,,,386430,,,,,2022-03
,,,Opening,2022-03-01,* Opening balance,6090,Demo Insurance,,,,,0,0,,,,,,,0,,,,,2022-03
,,,Opening,2022-03-01,* Opening balance,6100,Demo Repairs,,,,,0,0,,,,,,,656090,,,,,2022-03
,,,Opening,2022-03-01,* Opening balance,6110,Demo Depreciation Expense,,,,,0,0,,,,,,,0,,,,,2022-03
,,,Opening,2022-03-01,* Opening balance,6120,Demo Professional Fees,,,,,0,0,,,,,,,339230,,,,,2022-03
,,,Opening,2022-03-01,* Opening balance,6130,Demo Training,,,,,0,0,,,,,,,0,,,,,2022-03
,,,Opening,2022-03-01,* Opening balance,6140,Demo Vehicle Expense,,,,,0,0,,,,,,,841500,,,,,2022-03
,,,Opening,2022-03-01,* Opening balance,6150,Demo Software Subscription,,,,,0,0,,,,,,,0,,,,,2022-03
,,,Opening,2022-03-01,* Opening balance,6160,Demo Shipping,,,,,0,0,,,,,,,289620,,,,,2022-03
,,,Opening,2022-03-01,* Opening balance,6170,Demo Miscellaneous Expense,,,,,0,0,,,,,,,0,,,,,2022-03
,,,Opening,2022-03-01,* Opening balance,7000,Demo Taxes and Dues,,,,,0,0,,,,,,,6805900,,,,,2022-03
,,,Opening,2022-03-01,* Opening balance,7010,Demo Corporate Tax,,,,,0,0,,,,,,,0,,,,,2022-03
,,,Opening,2022-03-01,* Opening balance,7020,Demo Consumption Tax Expense,,,,,0,0,,,,,,,0,,,,,2022-03
,,,Opening,2022-03-01,* Opening balance,8000,Demo Suspense,,,,,0,0,,,,,,,50000,,,,,2022-03
,,,Opening,2022-03-01,* Opening balance,8010,Demo Clearing,,,,,0,0,,,,,,,50000,,,,,2022-03
1,1,900671,Credit,2022-03-01,Synthetic demo credit sale 900671,4020,Demo Other Operating Revenue,C004,Demo Customer Dawn,D01,Demo Sales,0,478190,1200,Demo Accounts Receivable,,,,,14236380,1163,"[""20220301"",""900671""]",1163-C,cor:monetaryAmount,2022-03
1,2,900671,Debit,2022-03-01,Synthetic demo credit sale 900671,1200,Demo Accounts Receivable,C004,Demo Customer Dawn,D01,Demo Sales,478190,0,4020,Demo Other Operating Revenue,,,,,31667140,1163,"[""20220301"",""900671""]",1163-D,cor:monetaryAmount,2022-03
2,1,900683,Credit,2022-03-01,Synthetic demo customer receipt 900683,1200,Demo Accounts Receivable,C010,Demo Customer Juniper,D01,Demo Sales,0,450630,1120,Demo Harbor Ordinary Deposit,,,,,31216510,1164,"[""20220301"",""900683""]",1164-C,cor:monetaryAmount,2022-03
2,2,900683,Debit,2022-03-01,Synthetic demo customer receipt 900683,1120,Demo Harbor Ordinary Deposit,B003,Harbor Demo Bank,D01,Demo Sales,450630,0,1200,Demo Accounts Receivable,,,,,1792560,1164,"[""20220301"",""900683""]",1164-D,cor:monetaryAmount,2022-03
3,1,900664,Credit,2022-03-02,Synthetic demo customer receipt 900664,1200,Demo Accounts Receivable,C003,Demo Customer Cobalt,D01,Demo Sales,0,357170,1110,Demo North Current Deposit,,,,,30859340,1165,"[""20220302"",""900664""]",1165-C,cor:monetaryAmount,2022-03
3,2,900664,Debit,2022-03-02,Synthetic demo customer receipt 900664,1110,Demo North Current Deposit,B002,North Demo Bank,D01,Demo Sales,357170,0,1200,Demo Accounts Receivable,,,,,1681250,1165,"[""20220302"",""900664""]",1165-D,cor:monetaryAmount,2022-03
4,1,900692,Credit,2022-03-02,Synthetic demo credit sale 900692,4020,Demo Other Operating Revenue,C007,Demo Customer Grove,D01,Demo Sales,0,333380,1200,Demo Accounts Receivable,,,,,14569760,1166,"[""20220302"",""900692""]",1166-C,cor:monetaryAmount,2022-03
4,2,900692,Debit,2022-03-02,Synthetic demo credit sale 900692,1200,Demo Accounts Receivable,C007,Demo Customer Grove,D01,Demo Sales,333380,0,4020,Demo Other Operating Revenue,,,,,31192720,1166,"[""20220302"",""900692""]",1166-D,cor:monetaryAmount,2022-03
5,1,900697,Credit,2022-03-02,Synthetic demo vendor settlement 900697,1110,Demo North Current Deposit,B002,North Demo Bank,D04,Demo Logistics,0,300670,2000,Demo Accounts Payable,,,,,1380580,1167,"[""20220302"",""900697""]",1167-C,cor:monetaryAmount,2022-03
5,2,900697,Debit,2022-03-02,Synthetic demo vendor settlement 900697,2000,Demo Accounts Payable,V006,Demo Vendor Prairie,D04,Demo Logistics,300670,0,1110,Demo North Current Deposit,,,,,894960,1167,"[""20220302"",""900697""]",1167-D,cor:monetaryAmount,2022-03
6,1,900669,Debit,2022-03-03,Synthetic demo multi-vendor settlement 900669,2000,Demo Accounts Payable,V010,Demo Vendor Tandem,D01,Demo Sales,201600,0,,,,,,,693360,1168,"[""20220303"",""900669""]",1168-D,cor:monetaryAmount,2022-03
6,2,900669,Debit,2022-03-03,Synthetic demo multi-vendor settlement 900669,2100,Demo Accrued Payables,V003,Demo Vendor Mosaic,D01,Demo Sales,193710,0,,,,,,,262730,1169,"[""20220303"",""900669""]",1169-D,cor:monetaryAmount,2022-03
6,3,900669,Credit,2022-03-03,Synthetic demo multi-vendor settlement 900669,1100,Demo Central Ordinary Deposit,B001,Demo Central Bank,D01,Demo Sales,0,102780,,,,,,,1179830,1170,"[""20220303"",""900669""]",1170-C,cor:monetaryAmount,2022-03
6,4,900669,Credit,2022-03-03,Synthetic demo multi-vendor settlement 900669,1110,Demo North Current Deposit,B002,North Demo Bank,D01,Demo Sales,0,292530,,,,,,,1088050,1171,"[""20220303"",""900669""]",1171-C,cor:monetaryAmount,2022-03
7,1,900686,Credit,2022-03-03,Synthetic demo purchase on account 900686,2000,Demo Accounts Payable,V001,Demo Vendor Keystone,D04,Demo Logistics,0,54120,5020,Demo Inventory Adjustment,,,,,747480,1172,"[""20220303"",""900686""]",1172-C,cor:monetaryAmount,2022-03
7,2,900686,Debit,2022-03-03,Synthetic demo purchase on account 900686,5020,Demo Inventory Adjustment,V001,Demo Vendor Keystone,D04,Demo Logistics,54120,0,2000,Demo Accounts Payable,,,,,6509270,1172,"[""20220303"",""900686""]",1172-D,cor:monetaryAmount,2022-03
8,1,900687,Credit,2022-03-03,Synthetic demo vendor settlement 900687,1100,Demo Central Ordinary Deposit,B001,Demo Central Bank,D04,Demo Logistics,0,98750,2000,Demo Accounts Payable,,,,,1081080,1173,"[""20220303"",""900687""]",1173-C,cor:monetaryAmount,2022-03
8,2,900687,Debit,2022-03-03,Synthetic demo vendor settlement 900687,2000,Demo Accounts Payable,V006,Demo Vendor Prairie,D04,Demo Logistics,98750,0,1100,Demo Central Ordinary Deposit,,,,,648730,1173,"[""20220303"",""900687""]",1173-D,cor:monetaryAmount,2022-03
9,1,900651,Credit,2022-03-04,Synthetic demo credit sale 900651,4000,Demo Product Sales,C004,Demo Customer Dawn,D01,Demo Sales,0,542830,1200,Demo Accounts Receivable,,,,,25913440,1174,"[""20220304"",""900651""]",1174-C,cor:monetaryAmount,2022-03
9,2,900651,Debit,2022-03-04,Synthetic demo credit sale 900651,1200,Demo Accounts Receivable,C004,Demo Customer Dawn,D01,Demo Sales,542830,0,4000,Demo Product Sales,,,,,31735550,1174,"[""20220304"",""900651""]",1174-D,cor:monetaryAmount,2022-03
10,1,900659,Credit,2022-03-04,Synthetic demo financing settlement 900659,1120,Demo Harbor Ordinary Deposit,B003,Harbor Demo Bank,D06,Demo Management,0,772050,,,,,,,1020510,1175,"[""20220304"",""900659""]",1175-C,cor:monetaryAmount,2022-03
10,2,900659,Debit,2022-03-04,Synthetic demo financing settlement 900659,2200,Demo Short-term Loans,,,D06,Demo Management,532710,0,1120,Demo Harbor Ordinary Deposit,,,,,1044270,1175,"[""20220304"",""900659""]",1175-D,cor:monetaryAmount,2022-03
10,3,900659,Debit,2022-03-04,Synthetic demo financing settlement 900659,6070,Demo Bank Fees,B003,Harbor Demo Bank,D06,Demo Management,38600,0,1120,Demo Harbor Ordinary Deposit,,,,,2826540,1176,"[""20220304"",""900659""]",1176-D,cor:monetaryAmount,2022-03
10,4,900659,Debit,2022-03-04,Synthetic demo financing settlement 900659,7000,Demo Taxes and Dues,,,D06,Demo Management,200740,0,1120,Demo Harbor Ordinary Deposit,,,,,7006640,1177,"[""20220304"",""900659""]",1177-D,cor:monetaryAmount,2022-03
11,1,900670,Credit,2022-03-05,Synthetic demo credit sale 900670,4010,Demo Service Revenue,C001,Demo Customer Aurora,D01,Demo Sales,0,554310,1200,Demo Accounts Receivable,,,,,27063720,1178,"[""20220305"",""900670""]",1178-C,cor:monetaryAmount,2022-03
11,2,900670,Debit,2022-03-05,Synthetic demo credit sale 900670,1200,Demo Accounts Receivable,C001,Demo Customer Aurora,D01,Demo Sales,554310,0,4010,Demo Service Revenue,,,,,32289860,1178,"[""20220305"",""900670""]",1178-D,cor:monetaryAmount,2022-03
12,1,900706,Debit,2022-03-05,Synthetic demo mixed sales and receipt 900706,1110,Demo North Current Deposit,B002,North Demo Bank,D01,Demo Sales,132580,0,,,,,,,1220630,1179,"[""20220305"",""900706""]",1179-D,cor:monetaryAmount,2022-03
12,2,900706,Debit,2022-03-05,Synthetic demo mixed sales and receipt 900706,1200,Demo Accounts Receivable,C007,Demo Customer Grove,D01,Demo Sales,604030,0,,,,,,,32893890,1180,"[""20220305"",""900706""]",1180-D,cor:monetaryAmount,2022-03
12,3,900706,Credit,2022-03-05,Synthetic demo mixed sales and receipt 900706,4000,Demo Product Sales,C008,Demo Customer Halo,D01,Demo Sales,0,360930,,,,,,,26274370,1181,"[""20220305"",""900706""]",1181-C,cor:monetaryAmount,2022-03
12,4,900706,Credit,2022-03-05,Synthetic demo mixed sales and receipt 900706,4010,Demo Service Revenue,C009,Demo Customer Indigo,D01,Demo Sales,0,375680,,,,,,,27439400,1182,"[""20220305"",""900706""]",1182-C,cor:monetaryAmount,2022-03
13,1,900656,Debit,2022-03-06,Synthetic demo mixed sales and receipt 900656,1120,Demo Harbor Ordinary Deposit,B003,Harbor Demo Bank,D01,Demo Sales,304930,0,,,,,,,1325440,1183,"[""20220306"",""900656""]",1183-D,cor:monetaryAmount,2022-03
13,2,900656,Debit,2022-03-06,Synthetic demo mixed sales and receipt 900656,1200,Demo Accounts Receivable,C007,Demo Customer Grove,D01,Demo Sales,281490,0,,,,,,,33175380,1184,"[""20220306"",""900656""]",1184-D,cor:monetaryAmount,2022-03
13,3,900656,Credit,2022-03-06,Synthetic demo mixed sales and receipt 900656,4000,Demo Product Sales,C008,Demo Customer Halo,D01,Demo Sales,0,404620,,,,,,,26678990,1185,"[""20220306"",""900656""]",1185-C,cor:monetaryAmount,2022-03
13,4,900656,Credit,2022-03-06,Synthetic demo mixed sales and receipt 900656,4010,Demo Service Revenue,C009,Demo Customer Indigo,D01,Demo Sales,0,181800,,,,,,,27621200,1186,"[""20220306"",""900656""]",1186-C,cor:monetaryAmount,2022-03
14,1,900661,Credit,2022-03-06,Synthetic demo credit sale 900661,4010,Demo Service Revenue,C004,Demo Customer Dawn,D01,Demo Sales,0,328340,1200,Demo Accounts Receivable,,,,,27949540,1187,"[""20220306"",""900661""]",1187-C,cor:monetaryAmount,2022-03
14,2,900661,Debit,2022-03-06,Synthetic demo credit sale 900661,1200,Demo Accounts Receivable,C004,Demo Customer Dawn,D01,Demo Sales,328340,0,4010,Demo Service Revenue,,,,,33503720,1187,"[""20220306"",""900661""]",1187-D,cor:monetaryAmount,2022-03
15,1,900695,Credit,2022-03-06,Synthetic demo purchase on account 900695,2000,Demo Accounts Payable,V006,Demo Vendor Prairie,D04,Demo Logistics,0,39690,5020,Demo Inventory Adjustment,,,,,688420,1188,"[""20220306"",""900695""]",1188-C,cor:monetaryAmount,2022-03
15,2,900695,Debit,2022-03-06,Synthetic demo purchase on account 900695,5020,Demo Inventory Adjustment,V006,Demo Vendor Prairie,D04,Demo Logistics,39690,0,2000,Demo Accounts Payable,,,,,6548960,1188,"[""20220306"",""900695""]",1188-D,cor:monetaryAmount,2022-03
16,1,900654,Credit,2022-03-07,Synthetic demo customer receipt 900654,1200,Demo Accounts Receivable,C003,Demo Customer Cobalt,D01,Demo Sales,0,510450,1100,Demo Central Ordinary Deposit,,,,,32993270,1189,"[""20220307"",""900654""]",1189-C,cor:monetaryAmount,2022-03
16,2,900654,Debit,2022-03-07,Synthetic demo customer receipt 900654,1100,Demo Central Ordinary Deposit,B001,Demo Central Bank,D01,Demo Sales,510450,0,1200,Demo Accounts Receivable,,,,,1591530,1189,"[""20220307"",""900654""]",1189-D,cor:monetaryAmount,2022-03
17,1,900693,Credit,2022-03-07,Synthetic demo low-frequency account event 900693,8010,Demo Clearing,,,D06,Demo Management,0,89150,1000,Demo Cash,,,,,139150,1190,"[""20220307"",""900693""]",1190-C,cor:monetaryAmount,2022-03
17,2,900693,Debit,2022-03-07,Synthetic demo low-frequency account event 900693,1000,Demo Cash,,,D06,Demo Management,89150,0,8010,Demo Clearing,,,,,689150,1190,"[""20220307"",""900693""]",1190-D,cor:monetaryAmount,2022-03
18,1,900676,Credit,2022-03-09,Synthetic demo low-frequency account event 900676,8010,Demo Clearing,,,D06,Demo Management,0,153050,1010,Demo Petty Cash,,,,,292200,1191,"[""20220309"",""900676""]",1191-C,cor:monetaryAmount,2022-03
18,2,900676,Debit,2022-03-09,Synthetic demo low-frequency account event 900676,1010,Demo Petty Cash,,,D06,Demo Management,153050,0,8010,Demo Clearing,,,,,273050,1191,"[""20220309"",""900676""]",1191-D,cor:monetaryAmount,2022-03
19,1,900680,Credit,2022-03-09,Synthetic demo low-frequency account event 900680,8010,Demo Clearing,,,D06,Demo Management,0,34600,1210,Demo Notes Receivable,,,,,326800,1192,"[""20220309"",""900680""]",1192-C,cor:monetaryAmount,2022-03
19,2,900680,Debit,2022-03-09,Synthetic demo low-frequency account event 900680,1210,Demo Notes Receivable,,,D06,Demo Management,34600,0,8010,Demo Clearing,,,,,834600,1192,"[""20220309"",""900680""]",1192-D,cor:monetaryAmount,2022-03
20,1,900672,Credit,2022-03-10,Synthetic demo monthly payroll bundle 900672,1100,Demo Central Ordinary Deposit,B001,Demo Central Bank,D02,Demo Administration,0,540920,,,,,,,1050610,1193,"[""20220310"",""900672""]",1193-C,cor:monetaryAmount,2022-03
20,2,900672,Debit,2022-03-10,Synthetic demo monthly payroll bundle 900672,6000,Demo Salaries,,,D02,Demo Administration,297500,0,1100,Demo Central Ordinary Deposit,,,,,5608480,1193,"[""20220310"",""900672""]",1193-D,cor:monetaryAmount,2022-03
20,3,900672,Debit,2022-03-10,Synthetic demo monthly payroll bundle 900672,6010,Demo Statutory Welfare,,,D02,Demo Administration,54090,0,1100,Demo Central Ordinary Deposit,,,,,3524350,1194,"[""20220310"",""900672""]",1194-D,cor:monetaryAmount,2022-03
20,4,900672,Debit,2022-03-10,Synthetic demo monthly payroll bundle 900672,2110,Demo Payroll Withholding,,,D02,Demo Administration,189330,0,1100,Demo Central Ordinary Deposit,,,,,336270,1195,"[""20220310"",""900672""]",1195-D,cor:monetaryAmount,2022-03
21,1,900674,Credit,2022-03-10,Synthetic demo low-frequency account event 900674,8010,Demo Clearing,,,D06,Demo Management,0,57510,1300,Demo Inventory,,,,,384310,1196,"[""20220310"",""900674""]",1196-C,cor:monetaryAmount,2022-03
21,2,900674,Debit,2022-03-10,Synthetic demo low-frequency account event 900674,1300,Demo Inventory,,,D06,Demo Management,57510,0,8010,Demo Clearing,,,,,1257510,1196,"[""20220310"",""900674""]",1196-D,cor:monetaryAmount,2022-03
22,1,900696,Credit,2022-03-10,Synthetic demo low-frequency account event 900696,8010,Demo Clearing,,,D06,Demo Management,0,70740,1410,Demo Advances Paid,,,,,455050,1197,"[""20220310"",""900696""]",1197-C,cor:monetaryAmount,2022-03
22,2,900696,Debit,2022-03-10,Synthetic demo low-frequency account event 900696,1410,Demo Advances Paid,,,D06,Demo Management,70740,0,8010,Demo Clearing,,,,,320740,1197,"[""20220310"",""900696""]",1197-D,cor:monetaryAmount,2022-03
23,1,900652,Credit,2022-03-12,Synthetic demo low-frequency account event 900652,8010,Demo Clearing,,,D06,Demo Management,0,166960,1420,Demo Temporary Payments,,,,,622010,1198,"[""20220312"",""900652""]",1198-C,cor:monetaryAmount,2022-03
23,2,900652,Debit,2022-03-12,Synthetic demo low-frequency account event 900652,1420,Demo Temporary Payments,,,D06,Demo Management,166960,0,8010,Demo Clearing,,,,,316960,1198,"[""20220312"",""900652""]",1198-D,cor:monetaryAmount,2022-03
24,1,900655,Credit,2022-03-12,Synthetic demo low-frequency account event 900655,8010,Demo Clearing,,,D06,Demo Management,0,21070,1430,Demo Input Tax Receivable,,,,,643080,1199,"[""20220312"",""900655""]",1199-C,cor:monetaryAmount,2022-03
24,2,900655,Debit,2022-03-12,Synthetic demo low-frequency account event 900655,1430,Demo Input Tax Receivable,,,D06,Demo Management,21070,0,8010,Demo Clearing,,,,,421070,1199,"[""20220312"",""900655""]",1199-D,cor:monetaryAmount,2022-03
25,1,900667,Credit,2022-03-12,Synthetic demo low-frequency account event 900667,8010,Demo Clearing,,,D06,Demo Management,0,114040,1500,Demo Equipment,,,,,757120,1200,"[""20220312"",""900667""]",1200-C,cor:monetaryAmount,2022-03
25,2,900667,Debit,2022-03-12,Synthetic demo low-frequency account event 900667,1500,Demo Equipment,,,D06,Demo Management,114040,0,8010,Demo Clearing,,,,,2114040,1200,"[""20220312"",""900667""]",1200-D,cor:monetaryAmount,2022-03
26,1,900685,Credit,2022-03-12,Synthetic demo operating cost bundle 900685,1110,Demo North Current Deposit,B002,North Demo Bank,D03,Demo Operations,0,252290,,,,,,,968340,1201,"[""20220312"",""900685""]",1201-C,cor:monetaryAmount,2022-03
26,2,900685,Debit,2022-03-12,Synthetic demo operating cost bundle 900685,6030,Demo Utilities,S002,Demo Energy Services,D03,Demo Operations,47930,0,1110,Demo North Current Deposit,,,,,5888760,1201,"[""20220312"",""900685""]",1201-D,cor:monetaryAmount,2022-03
26,3,900685,Debit,2022-03-12,Synthetic demo operating cost bundle 900685,6040,Demo Communication,S003,Demo Network Services,D03,Demo Operations,5040,0,1110,Demo North Current Deposit,,,,,4336570,1202,"[""20220312"",""900685""]",1202-D,cor:monetaryAmount,2022-03
26,4,900685,Debit,2022-03-12,Synthetic demo operating cost bundle 900685,6060,Demo Office Supplies,V006,Demo Vendor Prairie,D03,Demo Operations,199320,0,1110,Demo North Current Deposit,,,,,6725150,1203,"[""20220312"",""900685""]",1203-D,cor:monetaryAmount,2022-03
27,1,900701,Credit,2022-03-14,Synthetic demo low-frequency account event 900701,8010,Demo Clearing,,,D06,Demo Management,0,133420,1510,Demo Vehicles,,,,,890540,1204,"[""20220314"",""900701""]",1204-C,cor:monetaryAmount,2022-03
27,2,900701,Debit,2022-03-14,Synthetic demo low-frequency account event 900701,1510,Demo Vehicles,,,D06,Demo Management,133420,0,8010,Demo Clearing,,,,,1333420,1204,"[""20220314"",""900701""]",1204-D,cor:monetaryAmount,2022-03
28,1,900650,Debit,2022-03-15,Synthetic demo mixed sales and receipt 900650,1120,Demo Harbor Ordinary Deposit,B003,Harbor Demo Bank,D01,Demo Sales,197400,0,,,,,,,1522840,1205,"[""20220315"",""900650""]",1205-D,cor:monetaryAmount,2022-03
28,2,900650,Debit,2022-03-15,Synthetic demo mixed sales and receipt 900650,1200,Demo Accounts Receivable,C001,Demo Customer Aurora,D01,Demo Sales,439400,0,,,,,,,33432670,1206,"[""20220315"",""900650""]",1206-D,cor:monetaryAmount,2022-03
28,3,900650,Credit,2022-03-15,Synthetic demo mixed sales and receipt 900650,4000,Demo Product Sales,C002,Demo Customer Birch,D01,Demo Sales,0,299290,,,,,,,26978280,1207,"[""20220315"",""900650""]",1207-C,cor:monetaryAmount,2022-03
28,4,900650,Credit,2022-03-15,Synthetic demo mixed sales and receipt 900650,4010,Demo Service Revenue,C003,Demo Customer Cobalt,D01,Demo Sales,0,337510,,,,,,,28287050,1208,"[""20220315"",""900650""]",1208-C,cor:monetaryAmount,2022-03
29,1,900675,Debit,2022-03-15,Synthetic demo multi-vendor settlement 900675,2000,Demo Accounts Payable,V006,Demo Vendor Prairie,D01,Demo Sales,418040,0,,,,,,,270380,1209,"[""20220315"",""900675""]",1209-D,cor:monetaryAmount,2022-03
29,2,900675,Debit,2022-03-15,Synthetic demo multi-vendor settlement 900675,2100,Demo Accrued Payables,V009,Demo Vendor Summit,D01,Demo Sales,146890,0,,,,,,,115840,1210,"[""20220315"",""900675""]",1210-D,cor:monetaryAmount,2022-03
29,3,900675,Credit,2022-03-15,Synthetic demo multi-vendor settlement 900675,1100,Demo Central Ordinary Deposit,B001,Demo Central Bank,D01,Demo Sales,0,220320,,,,,,,830290,1211,"[""20220315"",""900675""]",1211-C,cor:monetaryAmount,2022-03
29,4,900675,Credit,2022-03-15,Synthetic demo multi-vendor settlement 900675,1110,Demo North Current Deposit,B002,North Demo Bank,D01,Demo Sales,0,344610,,,,,,,623730,1212,"[""20220315"",""900675""]",1212-C,cor:monetaryAmount,2022-03
30,1,900679,Credit,2022-03-15,Synthetic demo operating cost bundle 900679,1110,Demo North Current Deposit,B002,North Demo Bank,D03,Demo Operations,0,408090,,,,,,,215640,1213,"[""20220315"",""900679""]",1213-C,cor:monetaryAmount,2022-03
30,2,900679,Debit,2022-03-15,Synthetic demo operating cost bundle 900679,6030,Demo Utilities,S002,Demo Energy Services,D03,Demo Operations,97940,0,1110,Demo North Current Deposit,,,,,5986700,1213,"[""20220315"",""900679""]",1213-D,cor:monetaryAmount,2022-03
30,3,900679,Debit,2022-03-15,Synthetic demo operating cost bundle 900679,6040,Demo Communication,S003,Demo Network Services,D03,Demo Operations,97940,0,1110,Demo North Current Deposit,,,,,4434510,1214,"[""20220315"",""900679""]",1214-D,cor:monetaryAmount,2022-03
30,4,900679,Debit,2022-03-15,Synthetic demo operating cost bundle 900679,6060,Demo Office Supplies,V010,Demo Vendor Tandem,D03,Demo Operations,212210,0,1110,Demo North Current Deposit,,,,,6937360,1215,"[""20220315"",""900679""]",1215-D,cor:monetaryAmount,2022-03
31,1,900700,Debit,2022-03-17,Synthetic demo mixed sales and receipt 900700,1110,Demo North Current Deposit,B002,North Demo Bank,D01,Demo Sales,537560,0,,,,,,,753200,1216,"[""20220317"",""900700""]",1216-D,cor:monetaryAmount,2022-03
31,2,900700,Debit,2022-03-17,Synthetic demo mixed sales and receipt 900700,1200,Demo Accounts Receivable,C001,Demo Customer Aurora,D01,Demo Sales,134390,0,,,,,,,33567060,1217,"[""20220317"",""900700""]",1217-D,cor:monetaryAmount,2022-03
31,3,900700,Credit,2022-03-17,Synthetic demo mixed sales and receipt 900700,4000,Demo Product Sales,C002,Demo Customer Birch,D01,Demo Sales,0,309090,,,,,,,27287370,1218,"[""20220317"",""900700""]",1218-C,cor:monetaryAmount,2022-03
31,4,900700,Credit,2022-03-17,Synthetic demo mixed sales and receipt 900700,4010,Demo Service Revenue,C003,Demo Customer Cobalt,D01,Demo Sales,0,362860,,,,,,,28649910,1219,"[""20220317"",""900700""]",1219-C,cor:monetaryAmount,2022-03
32,1,900649,Credit,2022-03-18,Synthetic demo low-frequency account event 900649,8010,Demo Clearing,,,D06,Demo Management,0,50040,1520,Demo Software,,,,,940580,1220,"[""20220318"",""900649""]",1220-C,cor:monetaryAmount,2022-03
32,2,900649,Debit,2022-03-18,Synthetic demo low-frequency account event 900649,1520,Demo Software,,,D06,Demo Management,50040,0,8010,Demo Clearing,,,,,750040,1220,"[""20220318"",""900649""]",1220-D,cor:monetaryAmount,2022-03
33,1,900662,Debit,2022-03-18,Synthetic demo mixed sales and receipt 900662,1120,Demo Harbor Ordinary Deposit,B003,Harbor Demo Bank,D01,Demo Sales,191100,0,,,,,,,1713940,1221,"[""20220318"",""900662""]",1221-D,cor:monetaryAmount,2022-03
33,2,900662,Debit,2022-03-18,Synthetic demo mixed sales and receipt 900662,1200,Demo Accounts Receivable,C003,Demo Customer Cobalt,D01,Demo Sales,47780,0,,,,,,,33614840,1222,"[""20220318"",""900662""]",1222-D,cor:monetaryAmount,2022-03
33,3,900662,Credit,2022-03-18,Synthetic demo mixed sales and receipt 900662,4000,Demo Product Sales,C004,Demo Customer Dawn,D01,Demo Sales,0,100320,,,,,,,27387690,1223,"[""20220318"",""900662""]",1223-C,cor:monetaryAmount,2022-03
33,4,900662,Credit,2022-03-18,Synthetic demo mixed sales and receipt 900662,4010,Demo Service Revenue,C005,Demo Customer Elm,D01,Demo Sales,0,138560,,,,,,,28788470,1224,"[""20220318"",""900662""]",1224-C,cor:monetaryAmount,2022-03
34,1,900663,Credit,2022-03-18,Synthetic demo low-frequency account event 900663,1590,Demo Accumulated Depreciation,,,D06,Demo Management,0,127930,8000,Demo Suspense,,,,,1027930,1225,"[""20220318"",""900663""]",1225-C,cor:monetaryAmount,2022-03
34,2,900663,Debit,2022-03-18,Synthetic demo low-frequency account event 900663,8000,Demo Suspense,,,D06,Demo Management,127930,0,1590,Demo Accumulated Depreciation,,,,,177930,1225,"[""20220318"",""900663""]",1225-D,cor:monetaryAmount,2022-03
35,1,900703,Credit,2022-03-18,Synthetic demo low-frequency account event 900703,2010,Demo Notes Payable,,,D06,Demo Management,0,105070,8000,Demo Suspense,,,,,705070,1226,"[""20220318"",""900703""]",1226-C,cor:monetaryAmount,2022-03
35,2,900703,Debit,2022-03-18,Synthetic demo low-frequency account event 900703,8000,Demo Suspense,,,D06,Demo Management,105070,0,2010,Demo Notes Payable,,,,,283000,1226,"[""20220318"",""900703""]",1226-D,cor:monetaryAmount,2022-03
36,1,900704,Credit,2022-03-18,Synthetic demo financing settlement 900704,1120,Demo Harbor Ordinary Deposit,B003,Harbor Demo Bank,D06,Demo Management,0,415410,,,,,,,1298530,1227,"[""20220318"",""900704""]",1227-C,cor:monetaryAmount,2022-03
36,2,900704,Debit,2022-03-18,Synthetic demo financing settlement 900704,2200,Demo Short-term Loans,,,D06,Demo Management,294940,0,1120,Demo Harbor Ordinary Deposit,,,,,749330,1227,"[""20220318"",""900704""]",1227-D,cor:monetaryAmount,2022-03
36,3,900704,Debit,2022-03-18,Synthetic demo financing settlement 900704,6070,Demo Bank Fees,B003,Harbor Demo Bank,D06,Demo Management,29070,0,1120,Demo Harbor Ordinary Deposit,,,,,2855610,1228,"[""20220318"",""900704""]",1228-D,cor:monetaryAmount,2022-03
36,4,900704,Debit,2022-03-18,Synthetic demo financing settlement 900704,7000,Demo Taxes and Dues,,,D06,Demo Management,91400,0,1120,Demo Harbor Ordinary Deposit,,,,,7098040,1229,"[""20220318"",""900704""]",1229-D,cor:monetaryAmount,2022-03
37,1,900657,Credit,2022-03-19,Synthetic demo low-frequency account event 900657,2120,Demo Output Tax Payable,,,D06,Demo Management,0,163390,8000,Demo Suspense,,,,,613390,1230,"[""20220319"",""900657""]",1230-C,cor:monetaryAmount,2022-03
37,2,900657,Debit,2022-03-19,Synthetic demo low-frequency account event 900657,8000,Demo Suspense,,,D06,Demo Management,163390,0,2120,Demo Output Tax Payable,,,,,446390,1230,"[""20220319"",""900657""]",1230-D,cor:monetaryAmount,2022-03
38,1,900660,Credit,2022-03-19,Synthetic demo low-frequency account event 900660,2130,Demo Temporary Receipts,,,D06,Demo Management,0,40470,8000,Demo Suspense,,,,,160470,1231,"[""20220319"",""900660""]",1231-C,cor:monetaryAmount,2022-03
38,2,900660,Debit,2022-03-19,Synthetic demo low-frequency account event 900660,8000,Demo Suspense,,,D06,Demo Management,40470,0,2130,Demo Temporary Receipts,,,,,486860,1231,"[""20220319"",""900660""]",1231-D,cor:monetaryAmount,2022-03
39,1,900691,Credit,2022-03-19,Synthetic demo operating cost bundle 900691,1110,Demo North Current Deposit,B002,North Demo Bank,D03,Demo Operations,0,653200,,,,,,,100000,1232,"[""20220319"",""900691""]",1232-C,cor:monetaryAmount,2022-03
39,2,900691,Debit,2022-03-19,Synthetic demo operating cost bundle 900691,6030,Demo Utilities,S002,Demo Energy Services,D03,Demo Operations,241680,0,1110,Demo North Current Deposit,,,,,6228380,1232,"[""20220319"",""900691""]",1232-D,cor:monetaryAmount,2022-03
39,3,900691,Debit,2022-03-19,Synthetic demo operating cost bundle 900691,6040,Demo Communication,S003,Demo Network Services,D03,Demo Operations,176360,0,1110,Demo North Current Deposit,,,,,4610870,1233,"[""20220319"",""900691""]",1233-D,cor:monetaryAmount,2022-03
39,4,900691,Debit,2022-03-19,Synthetic demo operating cost bundle 900691,6060,Demo Office Supplies,V002,Demo Vendor Lattice,D03,Demo Operations,235160,0,1110,Demo North Current Deposit,,,,,7172520,1234,"[""20220319"",""900691""]",1234-D,cor:monetaryAmount,2022-03
40,1,900705,Credit,2022-03-19,Synthetic demo low-frequency account event 900705,2300,Demo Long-term Loans,,,D06,Demo Management,0,154870,8000,Demo Suspense,,,,,2654870,1235,"[""20220319"",""900705""]",1235-C,cor:monetaryAmount,2022-03
40,2,900705,Debit,2022-03-19,Synthetic demo low-frequency account event 900705,8000,Demo Suspense,,,D06,Demo Management,154870,0,2300,Demo Long-term Loans,,,,,641730,1235,"[""20220319"",""900705""]",1235-D,cor:monetaryAmount,2022-03
41,1,900658,Credit,2022-03-20,Synthetic demo low-frequency account event 900658,2400,Demo Unearned Revenue,,,D06,Demo Management,0,113970,8000,Demo Suspense,,,,,463970,1236,"[""20220320"",""900658""]",1236-C,cor:monetaryAmount,2022-03
41,2,900658,Debit,2022-03-20,Synthetic demo low-frequency account event 900658,8000,Demo Suspense,,,D06,Demo Management,113970,0,2400,Demo Unearned Revenue,,,,,755700,1236,"[""20220320"",""900658""]",1236-D,cor:monetaryAmount,2022-03
42,1,900665,Credit,2022-03-20,Synthetic demo low-frequency account event 900665,3000,Demo Capital,,,D06,Demo Management,0,78940,8000,Demo Suspense,,,,,5078940,1237,"[""20220320"",""900665""]",1237-C,cor:monetaryAmount,2022-03
42,2,900665,Debit,2022-03-20,Synthetic demo low-frequency account event 900665,8000,Demo Suspense,,,D06,Demo Management,78940,0,3000,Demo Capital,,,,,834640,1237,"[""20220320"",""900665""]",1237-D,cor:monetaryAmount,2022-03
43,1,900678,Credit,2022-03-21,Synthetic demo low-frequency account event 900678,3100,Demo Retained Earnings,,,D06,Demo Management,0,68330,8000,Demo Suspense,,,,,26227340,1238,"[""20220321"",""900678""]",1238-C,cor:monetaryAmount,2022-03
43,2,900678,Debit,2022-03-21,Synthetic demo low-frequency account event 900678,8000,Demo Suspense,,,D06,Demo Management,68330,0,3100,Demo Retained Earnings,,,,,902970,1238,"[""20220321"",""900678""]",1238-D,cor:monetaryAmount,2022-03
44,1,900694,Debit,2022-03-21,Synthetic demo mixed sales and receipt 900694,1110,Demo North Current Deposit,B002,North Demo Bank,D01,Demo Sales,386630,0,,,,,,,486630,1239,"[""20220321"",""900694""]",1239-D,cor:monetaryAmount,2022-03
44,2,900694,Debit,2022-03-21,Synthetic demo mixed sales and receipt 900694,1200,Demo Accounts Receivable,C005,Demo Customer Elm,D01,Demo Sales,122100,0,,,,,,,33736940,1240,"[""20220321"",""900694""]",1240-D,cor:monetaryAmount,2022-03
44,3,900694,Credit,2022-03-21,Synthetic demo mixed sales and receipt 900694,4000,Demo Product Sales,C006,Demo Customer Fjord,D01,Demo Sales,0,366280,,,,,,,27753970,1241,"[""20220321"",""900694""]",1241-C,cor:monetaryAmount,2022-03
44,4,900694,Credit,2022-03-21,Synthetic demo mixed sales and receipt 900694,4010,Demo Service Revenue,C007,Demo Customer Grove,D01,Demo Sales,0,142450,,,,,,,28930920,1242,"[""20220321"",""900694""]",1242-C,cor:monetaryAmount,2022-03
45,1,900708,Credit,2022-03-21,Synthetic demo low-frequency account event 900708,4030,Demo Interest Income,,,D06,Demo Management,0,29230,8000,Demo Suspense,,,,,29230,1243,"[""20220321"",""900708""]",1243-C,cor:monetaryAmount,2022-03
45,2,900708,Debit,2022-03-21,Synthetic demo low-frequency account event 900708,8000,Demo Suspense,,,D06,Demo Management,29230,0,4030,Demo Interest Income,,,,,932200,1243,"[""20220321"",""900708""]",1243-D,cor:monetaryAmount,2022-03
46,1,900666,Credit,2022-03-26,Synthetic demo monthly payroll bundle 900666,1100,Demo Central Ordinary Deposit,B001,Demo Central Bank,D02,Demo Administration,0,469280,,,,,,,361010,1244,"[""20220326"",""900666""]",1244-C,cor:monetaryAmount,2022-03
46,2,900666,Debit,2022-03-26,Synthetic demo monthly payroll bundle 900666,6000,Demo Salaries,,,D02,Demo Administration,154860,0,1100,Demo Central Ordinary Deposit,,,,,5763340,1244,"[""20220326"",""900666""]",1244-D,cor:monetaryAmount,2022-03
46,3,900666,Debit,2022-03-26,Synthetic demo monthly payroll bundle 900666,6010,Demo Statutory Welfare,,,D02,Demo Administration,28150,0,1100,Demo Central Ordinary Deposit,,,,,3552500,1245,"[""20220326"",""900666""]",1245-D,cor:monetaryAmount,2022-03
46,4,900666,Debit,2022-03-26,Synthetic demo monthly payroll bundle 900666,2110,Demo Payroll Withholding,,,D02,Demo Administration,286270,0,1100,Demo Central Ordinary Deposit,,,,,50000,1246,"[""20220326"",""900666""]",1246-D,cor:monetaryAmount,2022-03
47,1,900677,Credit,2022-03-26,Synthetic demo low-frequency account event 900677,4040,Demo Miscellaneous Income,,,D06,Demo Management,0,175380,8000,Demo Suspense,,,,,175380,1247,"[""20220326"",""900677""]",1247-C,cor:monetaryAmount,2022-03
47,2,900677,Debit,2022-03-26,Synthetic demo low-frequency account event 900677,8000,Demo Suspense,,,D06,Demo Management,175380,0,4040,Demo Miscellaneous Income,,,,,1107580,1247,"[""20220326"",""900677""]",1247-D,cor:monetaryAmount,2022-03
48,1,900689,Credit,2022-03-26,Synthetic demo low-frequency account event 900689,8010,Demo Clearing,,,D06,Demo Management,0,170080,6050,Demo Business Travel,,,,,1110660,1248,"[""20220326"",""900689""]",1248-C,cor:monetaryAmount,2022-03
48,2,900689,Debit,2022-03-26,Synthetic demo low-frequency account event 900689,6050,Demo Business Travel,,,D06,Demo Management,170080,0,8010,Demo Clearing,,,,,170080,1248,"[""20220326"",""900689""]",1248-D,cor:monetaryAmount,2022-03
49,1,900690,Credit,2022-03-26,Synthetic demo low-frequency account event 900690,8010,Demo Clearing,,,D06,Demo Management,0,63660,6090,Demo Insurance,,,,,1174320,1249,"[""20220326"",""900690""]",1249-C,cor:monetaryAmount,2022-03
49,2,900690,Debit,2022-03-26,Synthetic demo low-frequency account event 900690,6090,Demo Insurance,,,D06,Demo Management,63660,0,8010,Demo Clearing,,,,,63660,1249,"[""20220326"",""900690""]",1249-D,cor:monetaryAmount,2022-03
50,1,900684,Credit,2022-03-28,Synthetic demo low-frequency account event 900684,8010,Demo Clearing,,,D06,Demo Management,0,40850,6110,Demo Depreciation Expense,,,,,1215170,1250,"[""20220328"",""900684""]",1250-C,cor:monetaryAmount,2022-03
50,2,900684,Debit,2022-03-28,Synthetic demo low-frequency account event 900684,6110,Demo Depreciation Expense,,,D06,Demo Management,40850,0,8010,Demo Clearing,,,,,40850,1250,"[""20220328"",""900684""]",1250-D,cor:monetaryAmount,2022-03
51,1,900688,Debit,2022-03-28,Synthetic demo mixed sales and receipt 900688,1110,Demo North Current Deposit,B002,North Demo Bank,D01,Demo Sales,243840,0,,,,,,,730470,1251,"[""20220328"",""900688""]",1251-D,cor:monetaryAmount,2022-03
51,2,900688,Debit,2022-03-28,Synthetic demo mixed sales and receipt 900688,1200,Demo Accounts Receivable,C009,Demo Customer Indigo,D01,Demo Sales,253800,0,,,,,,,33990740,1252,"[""20220328"",""900688""]",1252-D,cor:monetaryAmount,2022-03
51,3,900688,Credit,2022-03-28,Synthetic demo mixed sales and receipt 900688,4000,Demo Product Sales,C010,Demo Customer Juniper,D01,Demo Sales,0,124410,,,,,,,27878380,1253,"[""20220328"",""900688""]",1253-C,cor:monetaryAmount,2022-03
51,4,900688,Credit,2022-03-28,Synthetic demo mixed sales and receipt 900688,4010,Demo Service Revenue,C001,Demo Customer Aurora,D01,Demo Sales,0,373230,,,,,,,29304150,1254,"[""20220328"",""900688""]",1254-C,cor:monetaryAmount,2022-03
52,1,900702,Credit,2022-03-28,Synthetic demo low-frequency account event 900702,8010,Demo Clearing,,,D06,Demo Management,0,22200,6130,Demo Training,,,,,1237370,1255,"[""20220328"",""900702""]",1255-C,cor:monetaryAmount,2022-03
52,2,900702,Debit,2022-03-28,Synthetic demo low-frequency account event 900702,6130,Demo Training,,,D06,Demo Management,22200,0,8010,Demo Clearing,,,,,22200,1255,"[""20220328"",""900702""]",1255-D,cor:monetaryAmount,2022-03
53,1,900673,Credit,2022-03-29,Synthetic demo low-frequency account event 900673,8010,Demo Clearing,,,D06,Demo Management,0,27710,6150,Demo Software Subscription,,,,,1265080,1256,"[""20220329"",""900673""]",1256-C,cor:monetaryAmount,2022-03
53,2,900673,Debit,2022-03-29,Synthetic demo low-frequency account event 900673,6150,Demo Software Subscription,,,D06,Demo Management,27710,0,8010,Demo Clearing,,,,,27710,1256,"[""20220329"",""900673""]",1256-D,cor:monetaryAmount,2022-03
54,1,900681,Debit,2022-03-29,Synthetic demo multi-vendor settlement 900681,2000,Demo Accounts Payable,V002,Demo Vendor Lattice,D01,Demo Sales,220380,0,,,,,,,50000,1257,"[""20220329"",""900681""]",1257-D,cor:monetaryAmount,2022-03
54,2,900681,Debit,2022-03-29,Synthetic demo multi-vendor settlement 900681,2100,Demo Accrued Payables,V005,Demo Vendor Orchid,D01,Demo Sales,65840,0,,,,,,,50000,1258,"[""20220329"",""900681""]",1258-D,cor:monetaryAmount,2022-03
54,3,900681,Credit,2022-03-29,Synthetic demo multi-vendor settlement 900681,1100,Demo Central Ordinary Deposit,B001,Demo Central Bank,D01,Demo Sales,0,197490,,,,,,,163520,1259,"[""20220329"",""900681""]",1259-C,cor:monetaryAmount,2022-03
54,4,900681,Credit,2022-03-29,Synthetic demo multi-vendor settlement 900681,1110,Demo North Current Deposit,B002,North Demo Bank,D01,Demo Sales,0,88730,,,,,,,641740,1260,"[""20220329"",""900681""]",1260-C,cor:monetaryAmount,2022-03
55,1,900699,Credit,2022-03-29,Synthetic demo low-frequency account event 900699,8010,Demo Clearing,,,D06,Demo Management,0,84370,6170,Demo Miscellaneous Expense,,,,,1349450,1261,"[""20220329"",""900699""]",1261-C,cor:monetaryAmount,2022-03
55,2,900699,Debit,2022-03-29,Synthetic demo low-frequency account event 900699,6170,Demo Miscellaneous Expense,,,D06,Demo Management,84370,0,8010,Demo Clearing,,,,,84370,1261,"[""20220329"",""900699""]",1261-D,cor:monetaryAmount,2022-03
56,1,900648,Credit,2022-03-30,Synthetic demo low-frequency account event 900648,8010,Demo Clearing,,,D06,Demo Management,0,80460,7010,Demo Corporate Tax,,,,,1429910,1262,"[""20220330"",""900648""]",1262-C,cor:monetaryAmount,2022-03
56,2,900648,Debit,2022-03-30,Synthetic demo low-frequency account event 900648,7010,Demo Corporate Tax,,,D06,Demo Management,80460,0,8010,Demo Clearing,,,,,80460,1262,"[""20220330"",""900648""]",1262-D,cor:monetaryAmount,2022-03
57,1,900653,Credit,2022-03-30,Synthetic demo financing settlement 900653,1120,Demo Harbor Ordinary Deposit,B003,Harbor Demo Bank,D06,Demo Management,0,539220,,,,,,,759310,1263,"[""20220330"",""900653""]",1263-C,cor:monetaryAmount,2022-03
57,2,900653,Debit,2022-03-30,Synthetic demo financing settlement 900653,2200,Demo Short-term Loans,,,D06,Demo Management,323530,0,1120,Demo Harbor Ordinary Deposit,,,,,425800,1263,"[""20220330"",""900653""]",1263-D,cor:monetaryAmount,2022-03
57,3,900653,Debit,2022-03-30,Synthetic demo financing settlement 900653,6070,Demo Bank Fees,B003,Harbor Demo Bank,D06,Demo Management,53920,0,1120,Demo Harbor Ordinary Deposit,,,,,2909530,1264,"[""20220330"",""900653""]",1264-D,cor:monetaryAmount,2022-03
57,4,900653,Debit,2022-03-30,Synthetic demo financing settlement 900653,7000,Demo Taxes and Dues,,,D06,Demo Management,161770,0,1120,Demo Harbor Ordinary Deposit,,,,,7259810,1265,"[""20220330"",""900653""]",1265-D,cor:monetaryAmount,2022-03
58,1,900682,Credit,2022-03-30,Synthetic demo low-frequency account event 900682,8010,Demo Clearing,,,D06,Demo Management,0,164190,7020,Demo Consumption Tax Expense,,,,,1594100,1266,"[""20220330"",""900682""]",1266-C,cor:monetaryAmount,2022-03
58,2,900682,Debit,2022-03-30,Synthetic demo low-frequency account event 900682,7020,Demo Consumption Tax Expense,,,D06,Demo Management,164190,0,8010,Demo Clearing,,,,,164190,1266,"[""20220330"",""900682""]",1266-D,cor:monetaryAmount,2022-03
59,1,900698,Credit,2022-03-30,Synthetic demo financing settlement 900698,1120,Demo Harbor Ordinary Deposit,B003,Harbor Demo Bank,D06,Demo Management,0,659310,,,,,,,100000,1267,"[""20220330"",""900698""]",1267-C,cor:monetaryAmount,2022-03
59,2,900698,Debit,2022-03-30,Synthetic demo financing settlement 900698,2200,Demo Short-term Loans,,,D06,Demo Management,375800,0,1120,Demo Harbor Ordinary Deposit,,,,,50000,1267,"[""20220330"",""900698""]",1267-D,cor:monetaryAmount,2022-03
59,3,900698,Debit,2022-03-30,Synthetic demo financing settlement 900698,6070,Demo Bank Fees,B003,Harbor Demo Bank,D06,Demo Management,125260,0,1120,Demo Harbor Ordinary Deposit,,,,,3034790,1268,"[""20220330"",""900698""]",1268-D,cor:monetaryAmount,2022-03
59,4,900698,Debit,2022-03-30,Synthetic demo financing settlement 900698,7000,Demo Taxes and Dues,,,D06,Demo Management,158250,0,1120,Demo Harbor Ordinary Deposit,,,,,7418060,1269,"[""20220330"",""900698""]",1269-D,cor:monetaryAmount,2022-03
60,1,900668,Credit,2022-03-31,Synthetic demo low-frequency account event 900668,8010,Demo Clearing,,,D06,Demo Management,0,139920,8000,Demo Suspense,,,,,1734020,1270,"[""20220331"",""900668""]",1270-C,cor:monetaryAmount,2022-03
60,2,900668,Debit,2022-03-31,Synthetic demo low-frequency account event 900668,8000,Demo Suspense,,,D06,Demo Management,139920,0,8010,Demo Clearing,,,,,1247500,1270,"[""20220331"",""900668""]",1270-D,cor:monetaryAmount,2022-03
61,1,900707,Credit,2022-03-31,Synthetic demo low-frequency account event 900707,8010,Demo Clearing,,,D06,Demo Management,0,41830,8000,Demo Suspense,,,,,1775850,1271,"[""20220331"",""900707""]",1271-C,cor:monetaryAmount,2022-03
61,2,900707,Debit,2022-03-31,Synthetic demo low-frequency account event 900707,8000,Demo Suspense,,,D06,Demo Management,41830,0,8010,Demo Clearing,,,,,1289330,1271,"[""20220331"",""900707""]",1271-D,cor:monetaryAmount,2022-03
