JP07a,JP08a,BS04fb,JP05a,BS04fc,JP05b,JP07a_GL03_01,JP07a_GL03_03,GL05c_01,GE23c_01,GE09eR_01,JP08a_GL04_03,JP06e_GE24_01,JP06e_GE24_02,JP05a_01,JP05a_02,JP05a_03,GE05ku_01,GE05kw_01,JP02j_BS09_01,JP02j_BS09_02,JP06f_GE24_01,JP06f_GE24_02,JP05b_01,JP05b_02,JP05b_03,GE05kz_01,GE05kB_01,JP02k_BS09_01,JP02k_BS09_02,BS04fb_01,BS04fb_02,BS04fb_03,BS04fc_01,BS04fc_02,BS04fc_03,Data_Scope,Document_ID,Document_Type,Document_Number,Related_Document_ID,Related_Document_Type,Related_Document_Number,Settlement_Scheduled_Month
489,,,,,,94,2021-06-01,,,,,,,,,,,,,,,,,,,,,,,,,,,,,,,,,,,,
489,878,1,,1,1,,,,,,Tea expense,10E201270,Miscellaneous Expenses,,,,3150,286,S,S,10A100020,Cash,1,Cash,Subaccount,3150,0,O,O,030,Nagoya Branch,Department,000,Common Department,Department,,,,,,,,
490,,,,,,106,2021-06-01,,,,,,,,,,,,,,,,,,,,,,,,,,,,,,,,,,,,
490,879,1,,1,1,,,,,,Meal expense Anonymized Store 006 4 people,10E200150,Entertainment Expenses,,,,7267,660,S,S,10A100020,Cash,1,Cash,Subaccount,27896,0,O,O,040,Osaka Branch,Department,000,Common Department,Department,,,,,,,,
490,880,1,,,,,,,,,Meal expense Anonymized Store 022,10E200150,Entertainment Expenses,,,,20629,1875,S,S,,,,,,,,,,040,Osaka Branch,Department,,,,,,,,,,,
491,,,,,,147,2021-06-01,,,,,,,,,,,,,,,,,,,,,,,,,,,,,,,,,,,,
491,881,1,,1,,,,,,,Gasoline,10E201120,Vehicle Expenses,,,,5416,492,S,S,10B100630,Accounts Payable Other,,,,5988,0,O,O,050,Kyushu Sales Office,Department,000,Common Department,Department,,,,,,,,
491,882,1,,,,,,,,,Expressway toll,10E201120,Vehicle Expenses,,,,572,52,S,S,,,,,,,,,,050,Kyushu Sales Office,Department,,,,,,,,,,,
492,,,,,,10,2021-06-02,,,,,,,,,,,,,,,,,,,,,,,,,,,,,,,,,,,,
492,883,1,,1,1,,,,,,Gasoline,10E201120,Vehicle Expenses,,,,4224,384,S,S,10A100020,Cash,1,Cash,Subaccount,4224,0,O,O,010,Sapporo Sales Office,Department,000,Common Department,Department,,,,,,,,
493,,,,,,18,2021-06-02,,,,,,,,,,,,,,,,,,,,,,,,,,,,,,,,,,,,
493,884,1,,1,1,,,,,,Travel expense,10E201230,Travel and Transportation Expenses,,,,21700,1972,S,S,10A100020,Cash,1,Cash,Subaccount,21700,0,O,O,010,Sapporo Sales Office,Department,000,Common Department,Department,,,,,,,,
494,,,,,,42,2021-06-02,,,,,,,,,,,,,,,,,,,,,,,,,,,,,,,,,,,,
494,885,1,,1,1,,,,,,Lunch expense Anonymized Store 066 3 people,10E200150,Entertainment Expenses,,,,3420,310,S,S,10A100020,Cash,1,Cash,Subaccount,3420,0,O,O,020,Tokyo Branch,Department,000,Common Department,Department,,,,,,,,
495,,,,,,56,2021-06-02,,,,,,,,,,,,,,,,,,,,,,,,,,,,,,,,,,,,
495,886,1,,1,1,,,,,,Travel expense,10E201230,Travel and Transportation Expenses,,,,32600,2963,S,S,10A100020,Cash,1,Cash,Subaccount,32600,0,O,O,020,Tokyo Branch,Department,000,Common Department,Department,,,,,,,,
496,,,,,,77,2021-06-02,,,,,,,,,,,,,,,,,,,,,,,,,,,,,,,,,,,,
496,887,1,,1,1,,,,,,golf play expense,10E200150,Entertainment Expenses,,,,6800,618,S,S,10A100020,Cash,1,Cash,Subaccount,6800,0,O,O,010,Sapporo Sales Office,Department,000,Common Department,Department,,,,,,,,
497,,,,,,19,2021-06-04,,,,,,,,,,,,,,,,,,,,,,,,,,,,,,,,,,,,
497,888,1,,1,1,,,,,,Travel expense,10E201230,Travel and Transportation Expenses,,,,15000,1363,S,S,10A100020,Cash,1,Cash,Subaccount,15000,0,O,O,010,Sapporo Sales Office,Department,000,Common Department,Department,,,,,,,,
498,,,,,,161,2021-06-04,,,,,,,,,,,,,,,,,,,,,,,,,,,,,,,,,,,,
498,889,1,,1,1,,,,,,Travel expense,10E201230,Travel and Transportation Expenses,,,,7500,681,S,S,10A100020,Cash,1,Cash,Subaccount,7500,0,O,O,050,Kyushu Sales Office,Department,000,Common Department,Department,,,,,,,,
499,,,,,,94,2021-06-05,,,,,,,,,,,,,,,,,,,,,,,,,,,,,,,,,,,,
499,890,1,1,1,1,,,,,,Voucher No. 230 dated 6/5 Anonymized Partner 070,10A100020,Ordinary Deposits,50,MNO Bank Kitakyushu Branch,Subaccount,1295176,0,O,O,10A100090,Accounts Receivable,22,Anonymized Partner 070,Subaccount,1295176,0,O,O,000,Common Department,Department,000,Common Department,Department,,,,,,,,
499,891,1,,1,1,,,,,,Voucher No. 230 dated 6/5 Anonymized Partner 070,10E200690,Service Fees,,,,472,42,S,S,10A100090,Accounts Receivable,22,Anonymized Partner 070,Subaccount,472,0,O,O,050,Kyushu Sales Office,Department,000,Common Department,Department,,,,,,,,
500,,,,,,95,2021-06-05,,,,,,,,,,,,,,,,,,,,,,,,,,,,,,,,,,,,
500,892,1,1,1,1,,,,,,Voucher No. 231 dated 6/5 Anonymized Partner 082,10A100020,Ordinary Deposits,20,ABC Bank Head Office,Subaccount,1130472,0,O,O,10A100090,Accounts Receivable,26,Anonymized Partner 082,Subaccount,1130472,0,O,O,000,Common Department,Department,000,Common Department,Department,,,,,,,,
500,893,1,,1,1,,,,,,Voucher No. 231 dated 6/5 Anonymized Partner 082,10E200690,Service Fees,,,,472,42,S,S,10A100090,Accounts Receivable,26,Anonymized Partner 082,Subaccount,472,0,O,O,020,Tokyo Branch,Department,000,Common Department,Department,,,,,,,,
501,,,,,,96,2021-06-05,,,,,,,,,,,,,,,,,,,,,,,,,,,,,,,,,,,,
501,894,1,1,1,1,,,,,,Voucher No. 232 dated 6/5 Anonymized Partner 025,10A100020,Ordinary Deposits,30,GHI Bank Nagoya Branch,Subaccount,764268,0,O,O,10A100090,Accounts Receivable,27,Anonymized Partner 025,Subaccount,764268,0,O,O,000,Common Department,Department,000,Common Department,Department,,,,,,,,
502,,,,,,133,2021-06-05,,,,,,,,,,,,,,,,,,,,,,,,,,,,,,,,,,,,
502,895,1,,1,1,,,,,,Tax accountant fee,10E200600,Professional Fees,,,,139710,12700,S,S,10A100020,Ordinary Deposits,20,ABC Bank Head Office,Subaccount,139710,0,O,O,020,Tokyo Branch,Department,000,Common Department,Department,,,,,,,,
503,,,,,,20,2021-06-06,,,,,,,,,,,,,,,,,,,,,,,,,,,,,,,,,,,,
503,896,1,,1,1,,,,,,Airfare,10E201230,Travel and Transportation Expenses,,,,41000,3727,S,S,10A100020,Cash,1,Cash,Subaccount,41000,0,O,O,010,Sapporo Sales Office,Department,000,Common Department,Department,,,,,,,,
504,,,,,,84,2021-06-06,,,,,,,,,,,,,,,,,,,,,,,,,,,,,,,,,,,,
504,897,1,,1,1,,,,,,Postage stamps,10E200180,Communication Expenses,,,,4000,363,S,S,10A100020,Cash,1,Cash,Subaccount,4000,0,O,O,030,Nagoya Branch,Department,000,Common Department,Department,,,,,,,,
505,,,,,,110,2021-06-06,,,,,,,,,,,,,,,,,,,,,,,,,,,,,,,,,,,,
505,898,1,,1,1,,,,,,taxi expense,10E201230,Travel and Transportation Expenses,,,,2290,208,S,S,10A100020,Cash,1,Cash,Subaccount,2290,0,O,O,040,Osaka Branch,Department,000,Common Department,Department,,,,,,,,
506,,,,,,122,2021-06-06,,,,,,,,,,,,,,,,,,,,,,,,,,,,,,,,,,,,
506,899,1,,1,1,,,,,,Certificate issuance fee,10E200180,Communication Expenses,,,,1050,95,S,S,10A100020,Cash,1,Cash,Subaccount,1050,0,O,O,040,Osaka Branch,Department,000,Common Department,Department,,,,,,,,
507,,,,,,142,2021-06-06,,,,,,,,,,,,,,,,,,,,,,,,,,,,,,,,,,,,
507,900,1,,1,1,,,,,,Gasoline,10E201120,Vehicle Expenses,,,,6267,569,S,S,10A100020,Cash,1,Cash,Subaccount,9459,0,O,O,040,Osaka Branch,Department,000,Common Department,Department,,,,,,,,
507,901,1,,,,,,,,,Expressway toll,10E201120,Vehicle Expenses,,,,1572,142,S,S,,,,,,,,,,040,Osaka Branch,Department,,,,,,,,,,,
507,902,1,,,,,,,,,Parking fee,10E201120,Vehicle Expenses,,,,620,56,S,S,,,,,,,,,,040,Osaka Branch,Department,,,,,,,,,,,
507,903,1,,,,,,,,,Car wash expense,10E201120,Vehicle Expenses,,,,1000,90,S,S,,,,,,,,,,040,Osaka Branch,Department,,,,,,,,,,,
508,,,,,,22,2021-06-07,,,,,,,,,,,,,,,,,,,,,,,,,,,,,,,,,,,,
508,904,1,,1,1,,,,,,Travel expense,10E201230,Travel and Transportation Expenses,,,,50000,4545,S,S,10A100020,Cash,1,Cash,Subaccount,50000,0,O,O,010,Sapporo Sales Office,Department,000,Common Department,Department,,,,,,,,
509,,,,,,58,2021-06-07,,,,,,,,,,,,,,,,,,,,,,,,,,,,,,,,,,,,
509,905,1,,1,1,,,,,,Travel expense,10E201230,Travel and Transportation Expenses,,,,70000,6363,S,S,10A100020,Cash,1,Cash,Subaccount,70000,0,O,O,020,Tokyo Branch,Department,000,Common Department,Department,,,,,,,,
510,,,,,,69,2021-06-07,,,,,,,,,,,,,,,,,,,,,,,,,,,,,,,,,,,,
510,906,1,,1,1,,,,,,Battery expense,10E201270,Miscellaneous Expenses,,,,1332,121,S,S,10A100020,Cash,1,Cash,Subaccount,3090,0,O,O,020,Tokyo Branch,Department,000,Common Department,Department,,,,,,,,
510,907,1,,,,,,,,,Detergent,10E201270,Miscellaneous Expenses,,,,1758,159,S,S,,,,,,,,,,020,Tokyo Branch,Department,,,,,,,,,,,
511,,,,,,78,2021-06-07,,,,,,,,,,,,,,,,,,,,,,,,,,,,,,,,,,,,
511,908,1,,1,1,,,,,,golf play expense,10E200150,Entertainment Expenses,,,,12600,1145,S,S,10A100020,Cash,1,Cash,Subaccount,12600,0,O,O,010,Sapporo Sales Office,Department,000,Common Department,Department,,,,,,,,
512,,,,,,141,2021-06-07,,,,,,,,,,,,,,,,,,,,,,,,,,,,,,,,,,,,
512,909,1,,1,1,,,,,,Anonymized Railway Company A expense,10E201230,Travel and Transportation Expenses,,,,16000,1454,S,S,10A100020,Cash,1,Cash,Subaccount,16000,0,O,O,040,Osaka Branch,Department,000,Common Department,Department,,,,,,,,
513,,,,,,50,2021-06-08,,,,,,,,,,,,,,,,,,,,,,,,,,,,,,,,,,,,
513,910,1,,1,1,,,,,,Expressway toll,10E201120,Vehicle Expenses,,,,1200,109,S,S,10A100020,Cash,1,Cash,Subaccount,1200,0,O,O,020,Tokyo Branch,Department,000,Common Department,Department,,,,,,,,
514,,,,,,85,2021-06-08,,,,,,,,,,,,,,,,,,,,,,,,,,,,,,,,,,,,
514,911,1,,1,1,,,,,,Travel expense,10E201230,Travel and Transportation Expenses,,,,8200,745,S,S,10A100020,Cash,1,Cash,Subaccount,8200,0,O,O,030,Nagoya Branch,Department,000,Common Department,Department,,,,,,,,
515,,,,,,149,2021-06-08,,,,,,,,,,,,,,,,,,,,,,,,,,,,,,,,,,,,
515,912,1,,1,1,,,,,,Cof fee expense,10E200150,Entertainment Expenses,,,,1260,114,S,S,10A100020,Cash,1,Cash,Subaccount,1260,0,O,O,030,Nagoya Branch,Department,000,Common Department,Department,,,,,,,,
516,,,,,,33,2021-06-09,,,,,,,,,,,,,,,,,,,,,,,,,,,,,,,,,,,,
516,913,1,,1,1,,,,,,Rent payment,10E200720,Rent Expenses,,,,320000,29090,S,S,10A100020,Ordinary Deposits,10,DEF Bank Station Branch,Subaccount,320000,0,O,O,010,Sapporo Sales Office,Department,000,Common Department,Department,,,,,,,,
516,914,1,,1,1,,,,,,Telephone expense,10E200180,Communication Expenses,,,,123450,11222,S,S,10A100020,Ordinary Deposits,10,DEF Bank Station Branch,Subaccount,123450,0,O,O,010,Sapporo Sales Office,Department,000,Common Department,Department,,,,,,,,
517,,,,,,70,2021-06-09,,,,,,,,,,,,,,,,,,,,,,,,,,,,,,,,,,,,
517,915,1,,1,1,,,,,,Rent payment,10E200720,Rent Expenses,,,,1260000,114545,S,S,10A100020,Ordinary Deposits,20,ABC Bank Head Office,Subaccount,1260000,0,O,O,020,Tokyo Branch,Department,000,Common Department,Department,,,,,,,,
518,,,,,,71,2021-06-09,,,,,,,,,,,,,,,,,,,,,,,,,,,,,,,,,,,,
518,916,1,,1,1,,,,,,Rent payment,10E200720,Rent Expenses,,,,840000,76363,S,S,10A100020,Ordinary Deposits,40,JKL Bank Umeda Branch,Subaccount,840000,0,O,O,040,Osaka Branch,Department,000,Common Department,Department,,,,,,,,
519,,,,,,112,2021-06-09,,,,,,,,,,,,,,,,,,,,,,,,,,,,,,,,,,,,
519,917,1,,1,1,,,,,,Telephone expense,10E200180,Communication Expenses,,,,215577,19597,S,S,10A100020,Ordinary Deposits,40,JKL Bank Umeda Branch,Subaccount,215577,0,O,O,040,Osaka Branch,Department,000,Common Department,Department,,,,,,,,
520,,,,,,129,2021-06-09,,,,,,,,,,,,,,,,,,,,,,,,,,,,,,,,,,,,
520,918,1,,1,1,,,,,,Rent payment,10E200720,Rent Expenses,,,,399000,36272,S,S,10A100020,Ordinary Deposits,30,GHI Bank Nagoya Branch,Subaccount,399000,0,O,O,030,Nagoya Branch,Department,000,Common Department,Department,,,,,,,,
521,,,,,,167,2021-06-09,,,,,,,,,,,,,,,,,,,,,,,,,,,,,,,,,,,,
521,919,1,,1,1,,,,,,Rent payment,10E200720,Rent Expenses,,,,630000,57272,S,S,10A100020,Ordinary Deposits,50,MNO Bank Kitakyushu Branch,Subaccount,630000,0,O,O,050,Kyushu Sales Office,Department,000,Common Department,Department,,,,,,,,
521,920,1,,1,1,,,,,,Telephone expense,10E200180,Communication Expenses,,,,149355,13577,S,S,10A100020,Ordinary Deposits,50,MNO Bank Kitakyushu Branch,Subaccount,149355,0,O,O,050,Kyushu Sales Office,Department,000,Common Department,Department,,,,,,,,
522,,,,,,21,2021-06-10,,,,,,,,,,,,,,,,,,,,,,,,,,,,,,,,,,,,
522,921,1,,1,1,,,,,,Anonymized Railway Company A expense,10E201230,Travel and Transportation Expenses,,,,64580,5870,S,S,10A100020,Cash,1,Cash,Subaccount,64580,0,O,O,010,Sapporo Sales Office,Department,000,Common Department,Department,,,,,,,,
523,,,,,,44,2021-06-10,,,,,,,,,,,,,,,,,,,,,,,,,,,,,,,,,,,,
523,922,1,,1,1,,,,,,Cof fee expense 2 people,10E200150,Entertainment Expenses,,,,1260,114,S,S,10A100020,Cash,1,Cash,Subaccount,1260,0,O,O,020,Tokyo Branch,Department,000,Common Department,Department,,,,,,,,
524,,,,,,57,2021-06-10,,,,,,,,,,,,,,,,,,,,,,,,,,,,,,,,,,,,
524,923,1,,1,1,,,,,,Anonymized Railway Company A expense,10E201230,Travel and Transportation Expenses,,,,65870,5988,S,S,10A100020,Cash,1,Cash,Subaccount,65870,0,O,O,020,Tokyo Branch,Department,000,Common Department,Department,,,,,,,,
525,,,,,,64,2021-06-10,,,,,,,,,,,,,,,,,,,,,,,,,,,,,,,,,,,,
525,924,1,1,1,1,,,,,,Withdrawal,10A100020,Cash,1,Cash,Subaccount,1000000,0,O,O,10A100020,Checking Deposits,1,ABC Bank,Subaccount,1000000,0,O,O,000,Common Department,Department,000,Common Department,Department,,,,,,,,
526,,,,,,68,2021-06-10,,,,,,,,,,,,,,,,,,,,,,,,,,,,,,,,,,,,
526,925,1,1,1,1,,,,,,Withholding Tax payment,10B100690,Deposits Received,3,Withholding Tax,Subaccount,258593,0,O,O,10A100020,Ordinary Deposits,20,ABC Bank Head Office,Subaccount,720893,0,O,O,000,Common Department,Department,000,Common Department,Department,,,,,,,,
526,926,1,1,,,,,,,,Resident Tax payment,10B100690,Deposits Received,2,Resident Tax,Subaccount,462300,0,O,O,,,,,,,,,,000,Common Department,Department,,,,,,,,,,,
527,,,,,,72,2021-06-10,,,,,,,,,,,,,,,,,,,,,,,,,,,,,,,,,,,,
527,927,1,,1,,,,,,,Wired service fee,10E201270,Miscellaneous Expenses,,,,5000,454,S,S,10B100630,Accounts Payable Other,,,,39286,0,O,O,010,Sapporo Sales Office,Department,000,Common Department,Department,,,,,,,,
527,928,1,,,,,,,,,Security fee,10E201270,Miscellaneous Expenses,,,,34286,3116,S,S,,,,,,,,,,010,Sapporo Sales Office,Department,,,,,,,,,,,
528,,,,,,76,2021-06-10,,,,,,,,,,,,,,,,,,,,,,,,,,,,,,,,,,,,
528,929,1,,1,,,,,,,Employee late-night meal,10E200140,Employee Welfare Expenses,,,,12500,1136,S,S,10B100630,Accounts Payable Other,,,,12500,0,O,O,020,Tokyo Branch,Department,000,Common Department,Department,,,,,,,,
529,,,,,,85,2021-06-10,,,,,,,,,,,,,,,,,,,,,,,,,,,,,,,,,,,,
529,930,1,,1,1,,,,,,Telephone expense,10E200180,Communication Expenses,,,,76546,6958,S,S,10A100020,Ordinary Deposits,30,GHI Bank Nagoya Branch,Subaccount,76546,0,O,O,030,Nagoya Branch,Department,000,Common Department,Department,,,,,,,,
530,,,,,,86,2021-06-10,,,,,,,,,,,,,,,,,,,,,,,,,,,,,,,,,,,,
530,931,1,,1,1,,,,,,taxi expense,10E201230,Travel and Transportation Expenses,,,,5050,459,S,S,10A100020,Cash,1,Cash,Subaccount,5050,0,O,O,030,Nagoya Branch,Department,000,Common Department,Department,,,,,,,,
531,,,,,,97,2021-06-10,,,,,,,,,,,,,,,,,,,,,,,,,,,,,,,,,,,,
531,932,1,1,1,1,,,,,,Voucher No. 233 dated 6/10 Anonymized Partner 045,10A100020,Ordinary Deposits,30,GHI Bank Nagoya Branch,Subaccount,1011837,0,O,O,10A100090,Accounts Receivable,19,Anonymized Partner 045,Subaccount,1011837,0,O,O,000,Common Department,Department,000,Common Department,Department,,,,,,,,
531,933,1,,1,1,,,,,,Voucher No. 233 dated 6/10 Anonymized Partner 045,10E200690,Service Fees,,,,735,66,S,S,10A100090,Accounts Receivable,19,Anonymized Partner 045,Subaccount,735,0,O,O,030,Nagoya Branch,Department,000,Common Department,Department,,,,,,,,
532,,,,,,98,2021-06-10,,,,,,,,,,,,,,,,,,,,,,,,,,,,,,,,,,,,
532,934,1,,1,1,,,,,,Voucher No. 234 dated 6/10 Anonymized Partner 072 | Sales voucher=20210531-117;Note number=R20210610-98-28,10A100060,Notes Receivable,,,,6707128,0,O,O,10A100090,Accounts Receivable,28,Anonymized Partner 072,Subaccount,6707128,0,O,O,000,Common Department,Department,000,Common Department,Department,,,,,,,,
533,,,,,,99,2021-06-10,,,,,,,,,,,,,,,,,,,,,,,,,,,,,,,,,,,,
533,935,1,1,1,1,,,,,,Voucher No. 474 dated 6/10 Anonymized Partner 085,10B100040,Accounts Payable,3,Anonymized Partner 085,Subaccount,733365,0,O,O,10A100090,Accounts Receivable,3,Anonymized Partner 085,Subaccount,733365,0,O,O,000,Common Department,Department,000,Common Department,Department,,,,,,,,
534,,,,,,100,2021-06-10,,,,,,,,,,,,,,,,,,,,,,,,,,,,,,,,,,,,
534,936,1,1,1,1,,,,,,Voucher No. 496 dated 6/10 Anonymized Partner 066 Tokyo Head Office,10A100020,Ordinary Deposits,20,ABC Bank Head Office,Subaccount,7243522,0,O,O,10A100090,Accounts Receivable,14,Anonymized Partner 066,Subaccount,7243522,0,O,O,000,Common Department,Department,000,Common Department,Department,,,,,,,,
534,937,1,,1,1,,,,,,Voucher No. 496 dated 6/10 Anonymized Partner 066 Tokyo Head Office,10E200690,Service Fees,,,,840,76,S,S,10A100090,Accounts Receivable,14,Anonymized Partner 066,Subaccount,840,0,O,O,020,Tokyo Branch,Department,000,Common Department,Department,,,,,,,,
535,,,,,,101,2021-06-10,,,,,,,,,,,,,,,,,,,,,,,,,,,,,,,,,,,,
535,938,1,1,1,,,,,,,Voucher No. 155 dated 6/10 Anonymized Partner 085,10B100040,Accounts Payable,3,Anonymized Partner 085,Subaccount,2293326,0,O,O,10B100030,Notes Payable,,,,2293326,0,O,O,000,Common Department,Department,000,Common Department,Department,,,,,,,,
536,,,,,,102,2021-06-10,,,,,,,,,,,,,,,,,,,,,,,,,,,,,,,,,,,,
536,939,1,1,1,1,,,,,,Voucher No. 156 dated 6/10 Anonymized Partner 063,10B100040,Accounts Payable,8,Anonymized Partner 063,Subaccount,350582,0,O,O,10A100020,Ordinary Deposits,20,ABC Bank Head Office,Subaccount,350582,0,O,O,000,Common Department,Department,000,Common Department,Department,,,,,,,,
537,,,,,,145,2021-06-10,,,,,,,,,,,,,,,,,,,,,,,,,,,,,,,,,,,,
537,940,1,,1,1,,,,,,Note due date settlement Anonymized Partner 085,10B100030,Notes Payable,,,,5714131,0,O,O,10A100020,Checking Deposits,1,ABC Bank,Subaccount,5714131,0,O,O,000,Common Department,Department,000,Common Department,Department,,,,,,,,
538,,,,,,162,2021-06-10,,,,,,,,,,,,,,,,,,,,,,,,,,,,,,,,,,,,
538,941,1,,1,1,,,,,,Meeting Meal expense,10E201130,Meeting Expenses,,,,24995,2272,S,S,10A100020,Cash,1,Cash,Subaccount,24995,0,O,O,020,Tokyo Branch,Department,000,Common Department,Department,,,,,,,,
539,,,,,,168,2021-06-10,,,,,,,,,,,,,,,,,,,,,,,,,,,,,,,,,,,,
539,942,1,,1,,,,,,,Wired service fee,10E201270,Miscellaneous Expenses,,,,6000,545,S,S,10B100630,Accounts Payable Other,,,,48858,0,O,O,050,Kyushu Sales Office,Department,000,Common Department,Department,,,,,,,,
539,943,1,,,,,,,,,Security fee,10E201270,Miscellaneous Expenses,,,,42858,3896,S,S,,,,,,,,,,050,Kyushu Sales Office,Department,,,,,,,,,,,
540,,,,,,8,2021-06-11,,,,,,,,,,,,,,,,,,,,,,,,,,,,,,,,,,,,
540,944,1,,1,1,,,,,,Meal expense lunch 3 people,10E200150,Entertainment Expenses,,,,6570,597,S,S,10A100020,Cash,1,Cash,Subaccount,6570,0,O,O,010,Sapporo Sales Office,Department,000,Common Department,Department,,,,,,,,
541,,,,,,23,2021-06-11,,,,,,,,,,,,,,,,,,,,,,,,,,,,,,,,,,,,
541,945,1,,1,1,,,,,,Travel expense,10E201230,Travel and Transportation Expenses,,,,30000,2727,S,S,10A100020,Cash,1,Cash,Subaccount,98001,0,O,O,010,Sapporo Sales Office,Department,000,Common Department,Department,,,,,,,,
541,946,1,,,,,,,,,Travel expense,10E201230,Travel and Transportation Expenses,,,,28381,2580,S,S,,,,,,,,,,010,Sapporo Sales Office,Department,,,,,,,,,,,
541,947,1,,,,,,,,,Travel expense,10E201230,Travel and Transportation Expenses,,,,39620,3601,S,S,,,,,,,,,,010,Sapporo Sales Office,Department,,,,,,,,,,,
542,,,,,,87,2021-06-11,,,,,,,,,,,,,,,,,,,,,,,,,,,,,,,,,,,,
542,948,1,,1,1,,,,,,Travel expense,10E201230,Travel and Transportation Expenses,,,,10500,954,S,S,10A100020,Cash,1,Cash,Subaccount,10500,0,O,O,030,Nagoya Branch,Department,000,Common Department,Department,,,,,,,,
543,,,,,,88,2021-06-11,,,,,,,,,,,,,,,,,,,,,,,,,,,,,,,,,,,,
543,949,1,,1,1,,,,,,Anonymized Railway Company A expense,10E201230,Travel and Transportation Expenses,,,,11000,1000,S,S,10A100020,Cash,1,Cash,Subaccount,11000,0,O,O,030,Nagoya Branch,Department,000,Common Department,Department,,,,,,,,
544,,,,,,158,2021-06-11,,,,,,,,,,,,,,,,,,,,,,,,,,,,,,,,,,,,
544,950,1,,1,1,,,,,,Business travel expense,10E201230,Travel and Transportation Expenses,,,,22000,2000,S,S,10A100020,Cash,1,Cash,Subaccount,22000,0,O,O,040,Osaka Branch,Department,000,Common Department,Department,,,,,,,,
545,,,,,,7,2021-06-12,,,,,,,,,,,,,,,,,,,,,,,,,,,,,,,,,,,,
545,951,1,,1,1,,,,,,Meal expense Anonymized Store 069,10E200150,Entertainment Expenses,,,,7562,687,S,S,10A100020,Cash,1,Cash,Subaccount,33266,0,O,O,010,Sapporo Sales Office,Department,000,Common Department,Department,,,,,,,,
545,952,1,,,,,,,,,Meal expense Anonymized Store 017,10E200150,Entertainment Expenses,,,,25704,2336,S,S,,,,,,,,,,010,Sapporo Sales Office,Department,,,,,,,,,,,
546,,,,,,159,2021-06-12,,,,,,,,,,,,,,,,,,,,,,,,,,,,,,,,,,,,
546,953,1,,1,1,,,,,,taxi expense,10E201230,Travel and Transportation Expenses,,,,7420,674,S,S,10A100020,Cash,1,Cash,Subaccount,7420,0,O,O,050,Kyushu Sales Office,Department,000,Common Department,Department,,,,,,,,
547,,,,,,73,2021-06-13,,,,,,,,,,,,,,,,,,,,,,,,,,,,,,,,,,,,
547,954,1,,1,1,,,,,,Meal expense Anonymized Store 086 3 people,10E200150,Entertainment Expenses,,,,11430,1039,S,S,10A100020,Cash,1,Cash,Subaccount,11430,0,O,O,020,Tokyo Branch,Department,000,Common Department,Department,,,,,,,,
547,955,1,,1,1,,,,,,Battery expense,10E201270,Miscellaneous Expenses,,,,463,42,S,S,10A100020,Cash,1,Cash,Subaccount,463,0,O,O,010,Sapporo Sales Office,Department,000,Common Department,Department,,,,,,,,
548,,,,,,143,2021-06-13,,,,,,,,,,,,,,,,,,,,,,,,,,,,,,,,,,,,
548,956,1,,1,1,,,,,,Gasoline,10E201120,Vehicle Expenses,,,,7248,658,S,S,10A100020,Cash,1,Cash,Subaccount,7248,0,O,O,040,Osaka Branch,Department,000,Common Department,Department,,,,,,,,
549,,,,,,150,2021-06-13,,,,,,,,,,,,,,,,,,,,,,,,,,,,,,,,,,,,
549,957,1,,1,1,,,,,,Gift expense,10E200150,Entertainment Expenses,,,,14625,1329,S,S,10A100020,Cash,1,Cash,Subaccount,14625,0,O,O,050,Kyushu Sales Office,Department,000,Common Department,Department,,,,,,,,
550,,,,,,151,2021-06-13,,,,,,,,,,,,,,,,,,,,,,,,,,,,,,,,,,,,
550,958,1,,1,1,,,,,,Meal expense Anonymized Store 003 4 people,10E200150,Entertainment Expenses,,,,6496,590,S,S,10A100020,Cash,1,Cash,Subaccount,29973,0,O,O,040,Osaka Branch,Department,000,Common Department,Department,,,,,,,,
550,959,1,,,,,,,,,Meal expense Anonymized Store 031 4 people,10E200150,Entertainment Expenses,,,,23477,2134,S,S,,,,,,,,,,040,Osaka Branch,Department,,,,,,,,,,,
551,,,,,,152,2021-06-13,,,,,,,,,,,,,,,,,,,,,,,,,,,,,,,,,,,,
551,960,1,,1,1,,,,,,Meal expense,10E200150,Entertainment Expenses,,,,7308,664,S,S,10A100020,Cash,1,Cash,Subaccount,7308,0,O,O,050,Kyushu Sales Office,Department,000,Common Department,Department,,,,,,,,
552,,,,,,51,2021-06-14,,,,,,,,,,,,,,,,,,,,,,,,,,,,,,,,,,,,
552,961,1,,1,1,,,,,,Gasoline,10E201120,Vehicle Expenses,,,,10929,993,S,S,10A100020,Cash,1,Cash,Subaccount,14834,0,O,O,020,Tokyo Branch,Department,000,Common Department,Department,,,,,,,,
552,962,1,,,,,,,,,Parking fee,10E201120,Vehicle Expenses,,,,762,69,S,S,,,,,,,,,,020,Tokyo Branch,Department,,,,,,,,,,,
552,963,1,,,,,,,,,Expressway toll,10E201120,Vehicle Expenses,,,,3143,285,S,S,,,,,,,,,,020,Tokyo Branch,Department,,,,,,,,,,,
553,,,,,,11,2021-06-15,,,,,,,,,,,,,,,,,,,,,,,,,,,,,,,,,,,,
553,964,1,,1,1,,,,,,Expressway toll,10E201120,Vehicle Expenses,,,,3210,291,S,S,10A100020,Cash,1,Cash,Subaccount,3210,0,O,O,010,Sapporo Sales Office,Department,000,Common Department,Department,,,,,,,,
554,,,,,,52,2021-06-15,,,,,,,,,,,,,,,,,,,,,,,,,,,,,,,,,,,,
554,965,1,,1,1,,,,,,Expressway toll,10E201120,Vehicle Expenses,,,,750,68,S,S,10A100020,Cash,1,Cash,Subaccount,750,0,O,O,020,Tokyo Branch,Department,000,Common Department,Department,,,,,,,,
555,,,,,,61,2021-06-15,,,,,,,,,,,,,,,,,,,,,,,,,,,,,,,,,,,,
555,966,1,,1,1,,,,,,Telephone expense,10E200180,Communication Expenses,,,,169547,15413,S,S,10A100020,Ordinary Deposits,20,ABC Bank Head Office,Subaccount,169547,0,O,O,020,Tokyo Branch,Department,000,Common Department,Department,,,,,,,,
556,,,,,,90,2021-06-15,,,,,,,,,,,,,,,,,,,,,,,,,,,,,,,,,,,,
556,967,1,,1,1,,,,,,Month 6 Payroll Other 0060 Part-time Staff,10E200520,Temporary Wages,,,,279865,0,O,O,10A100020,Cash,1,Cash,Subaccount,272337,0,O,O,020,Tokyo Branch,Department,000,Common Department,Department,,,,,,,,
556,968,,,1,1,,,,,,Month 6 Payroll Other 0060 Part-time Staff,,,,,,,,,,10B100690,Deposits Received,9,Other,Subaccount,7528,0,O,O,,,,000,Common Department,Department,,,,,,,,
557,,,,,,103,2021-06-15,,,,,,,,,,,,,,,,,,,,,,,,,,,,,,,,,,,,
557,969,1,1,1,1,,,,,,Voucher No. 235 dated 6/15 Anonymized Partner 068,10A100020,Ordinary Deposits,50,MNO Bank Kitakyushu Branch,Subaccount,1616282,0,O,O,10A100090,Accounts Receivable,1,Anonymized Partner 068,Subaccount,1616282,0,O,O,000,Common Department,Department,000,Common Department,Department,,,,,,,,
557,970,1,,1,1,,,,,,Voucher No. 235 dated 6/15 Anonymized Partner 068,10E200690,Service Fees,,,,840,76,S,S,10A100090,Accounts Receivable,1,Anonymized Partner 068,Subaccount,840,0,O,O,050,Kyushu Sales Office,Department,000,Common Department,Department,,,,,,,,
558,,,,,,104,2021-06-15,,,,,,,,,,,,,,,,,,,,,,,,,,,,,,,,,,,,
558,971,1,1,1,1,,,,,,Voucher No. 236 dated 6/15 Anonymized Partner 061,10A100020,Ordinary Deposits,30,GHI Bank Nagoya Branch,Subaccount,713028,0,O,O,10A100090,Accounts Receivable,6,Anonymized Partner 061,Subaccount,713028,0,O,O,000,Common Department,Department,000,Common Department,Department,,,,,,,,
558,972,1,,1,1,,,,,,Voucher No. 236 dated 6/15 Anonymized Partner 061,10E200690,Service Fees,,,,840,76,S,S,10A100090,Accounts Receivable,6,Anonymized Partner 061,Subaccount,840,0,O,O,030,Nagoya Branch,Department,000,Common Department,Department,,,,,,,,
559,,,,,,105,2021-06-15,,,,,,,,,,,,,,,,,,,,,,,,,,,,,,,,,,,,
559,973,1,1,1,1,,,,,,Voucher No. 237 dated 6/15 Anonymized Partner 073,10A100020,Ordinary Deposits,40,JKL Bank Umeda Branch,Subaccount,427500,0,O,O,10A100090,Accounts Receivable,8,Anonymized Partner 073,Subaccount,427500,0,O,O,000,Common Department,Department,000,Common Department,Department,,,,,,,,
559,974,1,,1,1,,,,,,Voucher No. 237 dated 6/15 Anonymized Partner 073,10E200690,Service Fees,,,,630,57,S,S,10A100090,Accounts Receivable,8,Anonymized Partner 073,Subaccount,630,0,O,O,040,Osaka Branch,Department,000,Common Department,Department,,,,,,,,
560,,,,,,106,2021-06-15,,,,,,,,,,,,,,,,,,,,,,,,,,,,,,,,,,,,
560,975,1,1,1,1,,,,,,Voucher No. 238 dated 6/15 Anonymized Partner 026,10A100020,Ordinary Deposits,40,JKL Bank Umeda Branch,Subaccount,805785,0,O,O,10A100090,Accounts Receivable,9,Anonymized Partner 026,Subaccount,805785,0,O,O,000,Common Department,Department,000,Common Department,Department,,,,,,,,
560,976,1,,1,1,,,,,,Voucher No. 238 dated 6/15 Anonymized Partner 026,10E200690,Service Fees,,,,735,66,S,S,10A100090,Accounts Receivable,9,Anonymized Partner 026,Subaccount,735,0,O,O,040,Osaka Branch,Department,000,Common Department,Department,,,,,,,,
561,,,,,,107,2021-06-15,,,,,,,,,,,,,,,,,,,,,,,,,,,,,,,,,,,,
561,977,1,1,1,1,,,,,,Voucher No. 239 dated 6/15 Anonymized Partner 023,10A100020,Ordinary Deposits,20,ABC Bank Head Office,Subaccount,883097,0,O,O,10A100090,Accounts Receivable,13,Anonymized Partner 023,Subaccount,883097,0,O,O,000,Common Department,Department,000,Common Department,Department,,,,,,,,
562,,,,,,108,2021-06-15,,,,,,,,,,,,,,,,,,,,,,,,,,,,,,,,,,,,
562,978,1,1,1,1,,,,,,Voucher No. 240 dated 6/15 Anonymized Partner 079,10A100020,Ordinary Deposits,40,JKL Bank Umeda Branch,Subaccount,849773,0,O,O,10A100090,Accounts Receivable,20,Anonymized Partner 079,Subaccount,849773,0,O,O,000,Common Department,Department,000,Common Department,Department,,,,,,,,
562,979,1,,1,1,,,,,,Voucher No. 240 dated 6/15 Anonymized Partner 079,10E200690,Service Fees,,,,315,28,S,S,10A100090,Accounts Receivable,20,Anonymized Partner 079,Subaccount,315,0,O,O,040,Osaka Branch,Department,000,Common Department,Department,,,,,,,,
563,,,,,,109,2021-06-15,,,,,,,,,,,,,,,,,,,,,,,,,,,,,,,,,,,,
563,980,1,1,1,1,,,,,,Voucher No. 157 dated 6/15 Anonymized Partner 043,10B100040,Accounts Payable,1,Anonymized Partner 043,Subaccount,5958662,0,O,O,10A100020,Ordinary Deposits,20,ABC Bank Head Office,Subaccount,5958662,0,O,O,000,Common Department,Department,000,Common Department,Department,,,,,,,,
564,,,,,,117,2021-06-15,,,,,,,,,,,,,,,,,,,,,,,,,,,,,,,,,,,,
564,981,1,,1,1,,,,,,Membership fee,10E201140,Membership Fees,,,,20000,0,O,O,10A100020,Cash,1,Cash,Subaccount,20000,0,O,O,040,Osaka Branch,Department,000,Common Department,Department,,,,,,,,
565,,,,,,130,2021-06-15,,,,,,,,,,,,,,,,,,,,,,,,,,,,,,,,,,,,
565,982,1,,1,1,,,,,,Membership fee,10E201140,Membership Fees,,,,24000,0,O,O,10A100020,Ordinary Deposits,40,JKL Bank Umeda Branch,Subaccount,24000,0,O,O,040,Osaka Branch,Department,000,Common Department,Department,,,,,,,,
566,,,,,,164,2021-06-15,,,,,,,,,,,,,,,,,,,,,,,,,,,,,,,,,,,,
566,983,1,,1,1,,,,,,office supplies,10E201110,Office Supplies Expenses,,,,3007,273,S,S,10A100020,Cash,1,Cash,Subaccount,3007,0,O,O,050,Kyushu Sales Office,Department,000,Common Department,Department,,,,,,,,
567,,,,,,83,2021-06-16,,,,,,,,,,,,,,,,,,,,,,,,,,,,,,,,,,,,
567,984,1,,1,,,,,,,Gasoline,10E201120,Vehicle Expenses,,,,4957,450,S,S,10B100630,Accounts Payable Other,,,,4957,0,O,O,050,Kyushu Sales Office,Department,000,Common Department,Department,,,,,,,,
568,,,,,,136,2021-06-16,,,,,,,,,,,,,,,,,,,,,,,,,,,,,,,,,,,,
568,985,1,,1,1,,,,,,Anonymized Cleaning Company A expense,10E201270,Miscellaneous Expenses,,,,16500,1500,S,S,10A100020,Cash,1,Cash,Subaccount,16500,0,O,O,040,Osaka Branch,Department,000,Common Department,Department,,,,,,,,
569,,,,,,4,2021-06-17,,,,,,,,,,,,,,,,,,,,,,,,,,,,,,,,,,,,
569,986,1,,1,,,,,,,Advertising expense,10E200050,Advertising Expenses,,,,31500,2863,S,S,10B100630,Accounts Payable Other,,,,31500,0,O,O,010,Sapporo Sales Office,Department,000,Common Department,Department,,,,,,,,
570,,,,,,86,2021-06-17,,,,,,,,,,,,,,,,,,,,,,,,,,,,,,,,,,,,
570,987,1,,1,1,,,,,,Postage stamps,10E200180,Communication Expenses,,,,8000,727,S,S,10A100020,Cash,1,Cash,Subaccount,8000,0,O,O,030,Nagoya Branch,Department,000,Common Department,Department,,,,,,,,
571,,,,,,144,2021-06-17,,,,,,,,,,,,,,,,,,,,,,,,,,,,,,,,,,,,
571,988,1,,1,1,,,,,,Gasoline,10E201120,Vehicle Expenses,,,,5528,502,S,S,10A100020,Cash,1,Cash,Subaccount,7719,0,O,O,040,Osaka Branch,Department,000,Common Department,Department,,,,,,,,
571,989,1,,,,,,,,,Expressway toll,10E201120,Vehicle Expenses,,,,762,69,S,S,,,,,,,,,,040,Osaka Branch,Department,,,,,,,,,,,
571,990,1,,,,,,,,,Parking fee,10E201120,Vehicle Expenses,,,,1429,129,S,S,,,,,,,,,,040,Osaka Branch,Department,,,,,,,,,,,
572,,,,,,82,2021-06-18,,,,,,,,,,,,,,,,,,,,,,,,,,,,,,,,,,,,
572,991,1,,1,,,,,,,Gasoline,10E201120,Vehicle Expenses,,,,31087,2826,S,S,10B100630,Accounts Payable Other,,,,31087,0,O,O,030,Nagoya Branch,Department,000,Common Department,Department,,,,,,,,
573,,,,,,103,2021-06-18,,,,,,,,,,,,,,,,,,,,,,,,,,,,,,,,,,,,
573,992,1,,1,1,,,,,,golf play expense,10E200150,Entertainment Expenses,,,,12570,1142,S,S,10A100020,Cash,1,Cash,Subaccount,12570,0,O,O,040,Osaka Branch,Department,000,Common Department,Department,,,,,,,,
574,,,,,,46,2021-06-19,,,,,,,,,,,,,,,,,,,,,,,,,,,,,,,,,,,,
574,993,1,,1,1,,,,,,Gasoline,10E201120,Vehicle Expenses,,,,12587,1144,S,S,10A100020,Cash,1,Cash,Subaccount,12587,0,O,O,020,Tokyo Branch,Department,000,Common Department,Department,,,,,,,,
575,,,,,,74,2021-06-19,,,,,,,,,,,,,,,,,,,,,,,,,,,,,,,,,,,,
575,994,1,,1,1,,,,,,Meal expense Anonymized Store 019 4 people,10E200150,Entertainment Expenses,,,,32400,2945,S,S,10A100020,Cash,1,Cash,Subaccount,32400,0,O,O,020,Tokyo Branch,Department,000,Common Department,Department,,,,,,,,
576,,,,,,1,2021-06-20,,,,,,,,,,,,,,,,,,,,,,,,,,,,,,,,,,,,
576,995,1,,1,1,,,,,,"Overtime meal, reduced tax rate",10E200140,Employee Welfare Expenses,,,,32400,2400,AA,AA,10A100020,Cash,1,Cash,Subaccount,32400,0,O,O,000,Common Department,Department,000,Common Department,Department,,,,,,,,
577,,,,,,3,2021-06-20,,,,,,,,,,,,,,,,,,,,,,,,,,,,,,,,,,,,
577,996,1,,1,,,,,,,Lodging expense,10E200140,Employee Welfare Expenses,,,,31210,2837,S,S,10B100630,Accounts Payable Other,,,,31210,0,O,O,010,Sapporo Sales Office,Department,000,Common Department,Department,,,,,,,,
578,,,,,,6,2021-06-20,,,,,,,,,,,,,,,,,,,,,,,,,,,,,,,,,,,,
578,997,1,,1,1,,,,,,Advertising fee,10E200050,Advertising Expenses,,,,5000,454,S,S,10A100020,Cash,1,Cash,Subaccount,5000,0,O,O,010,Sapporo Sales Office,Department,000,Common Department,Department,,,,,,,,
579,,,,,,31,2021-06-20,,,,,,,,,,,,,,,,,,,,,,,,,,,,,,,,,,,,
579,998,1,,1,,,,,,,Copying expense expense,10E201110,Office Supplies Expenses,,,,2753,250,S,S,10B100630,Accounts Payable Other,,,,2753,0,O,O,010,Sapporo Sales Office,Department,000,Common Department,Department,,,,,,,,
580,,,,,,34,2021-06-20,,,,,,,,,,,,,,,,,,,,,,,,,,,,,,,,,,,,
580,999,1,,1,1,,,,,,Electricity expense,10E201040,Utilities Expenses,,,,74915,6810,S,S,10A100020,Ordinary Deposits,10,DEF Bank Station Branch,Subaccount,78973,0,O,O,010,Sapporo Sales Office,Department,000,Common Department,Department,,,,,,,,
580,1000,1,,,,,,,,,Water expense,10E201040,Utilities Expenses,,,,4058,368,S,S,,,,,,,,,,010,Sapporo Sales Office,Department,,,,,,,,,,,
581,,,,,,53,2021-06-20,,,,,,,,,,,,,,,,,,,,,,,,,,,,,,,,,,,,
581,1001,1,,1,1,,,,,,Expressway toll,10E201120,Vehicle Expenses,,,,2500,227,S,S,10A100020,Cash,1,Cash,Subaccount,2500,0,O,O,020,Tokyo Branch,Department,000,Common Department,Department,,,,,,,,
582,,,,,,64,2021-06-20,,,,,,,,,,,,,,,,,,,,,,,,,,,,,,,,,,,,
582,1002,1,,1,1,,,,,,Electricity expense,10E201040,Utilities Expenses,,,,172641,15694,S,S,10A100020,Ordinary Deposits,20,ABC Bank Head Office,Subaccount,179593,0,O,O,020,Tokyo Branch,Department,000,Common Department,Department,,,,,,,,
582,1003,1,,,,,,,,,Water expense,10E201040,Utilities Expenses,,,,6952,632,S,S,,,,,,,,,,020,Tokyo Branch,Department,,,,,,,,,,,
583,,,,,,65,2021-06-20,,,,,,,,,,,,,,,,,,,,,,,,,,,,,,,,,,,,
583,1004,1,1,1,1,,,,,,Funds transfer,10A100020,Ordinary Deposits,20,ABC Bank Head Office,Subaccount,6000000,0,O,O,10A100020,Checking Deposits,1,ABC Bank,Subaccount,6000000,0,O,O,000,Common Department,Department,000,Common Department,Department,,,,,,,,
584,,,,,,66,2021-06-20,,,,,,,,,,,,,,,,,,,,,,,,,,,,,,,,,,,,
584,1005,1,,1,,,,,,,Tea expense,10E200140,Employee Welfare Expenses,,,,10500,954,S,S,10B100630,Accounts Payable Other,,,,10500,0,O,O,050,Kyushu Sales Office,Department,000,Common Department,Department,,,,,,,,
585,,,,,,71,2021-06-20,,,,,,,,,,,,,,,,,,,,,,,,,,,,,,,,,,,,
585,1006,1,,1,,,,,,,office supplies,10E201110,Office Supplies Expenses,,,,1505,136,S,S,10B100630,Accounts Payable Other,,,,33359,0,O,O,020,Tokyo Branch,Department,000,Common Department,Department,,,,,,,,
585,1007,1,,,,,,,,,Copy counter charge,10E201110,Office Supplies Expenses,,,,31854,2895,S,S,,,,,,,,,,020,Tokyo Branch,Department,,,,,,,,,,,
586,,,,,,74,2021-06-20,,,,,,,,,,,,,,,,,,,,,,,,,,,,,,,,,,,,
586,1008,1,,1,,,,,,,Wired service fee,10E201270,Miscellaneous Expenses,,,,5000,454,S,S,10B100630,Accounts Payable Other,,,,5000,0,O,O,030,Nagoya Branch,Department,000,Common Department,Department,,,,,,,,
587,,,,,,75,2021-06-20,,,,,,,,,,,,,,,,,,,,,,,,,,,,,,,,,,,,
587,1009,1,,1,1,,,,,,toilet paper and others,10E201270,Miscellaneous Expenses,,,,1079,98,S,S,10A100020,Cash,1,Cash,Subaccount,1079,0,O,O,040,Osaka Branch,Department,000,Common Department,Department,,,,,,,,
588,,,,,,76,2021-06-20,,,,,,,,,,,,,,,,,,,,,,,,,,,,,,,,,,,,
588,1010,1,,1,,,,,,,Copy counter charge,10E201110,Office Supplies Expenses,,,,6300,572,S,S,10B100630,Accounts Payable Other,,,,6300,0,O,O,050,Kyushu Sales Office,Department,000,Common Department,Department,,,,,,,,
589,,,,,,80,2021-06-20,,,,,,,,,,,,,,,,,,,,,,,,,,,,,,,,,,,,
589,1011,1,,1,,,,,,,Membership fee Payment,10E200140,Employee Welfare Expenses,,,,417375,37943,S,S,10B100630,Accounts Payable Other,,,,417375,0,O,O,030,Nagoya Branch,Department,000,Common Department,Department,,,,,,,,
590,,,,,,81,2021-06-20,,,,,,,,,,,,,,,,,,,,,,,,,,,,,,,,,,,,
590,1012,1,,1,,,,,,,files and related supplies,10E200200,Supplies Expenses,,,,16667,1515,S,S,10B100630,Accounts Payable Other,,,,258572,0,O,O,000,Common Department,Department,000,Common Department,Department,,,,,,,,
590,1013,1,,,,,,,,,Drinking water,10E200200,Supplies Expenses,,,,210000,19090,S,S,,,,,,,,,,000,Common Department,Department,,,,,,,,,,,
590,1014,1,,,,,,,,,Business card expense,10E200200,Supplies Expenses,,,,31905,2900,S,S,,,,,,,,,,000,Common Department,Department,,,,,,,,,,,
591,,,,,,89,2021-06-20,,,,,,,,,,,,,,,,,,,,,,,,,,,,,,,,,,,,
591,1015,1,,1,1,,,,,,Electricity expense,10E201040,Utilities Expenses,,,,78737,7157,S,S,10A100020,Ordinary Deposits,30,GHI Bank Nagoya Branch,Subaccount,84889,0,O,O,030,Nagoya Branch,Department,000,Common Department,Department,,,,,,,,
591,1016,1,,,,,,,,,Water expense,10E201040,Utilities Expenses,,,,3327,302,S,S,,,,,,,,,,030,Nagoya Branch,Department,,,,,,,,,,,
591,1017,1,,,,,,,,,Gas expense,10E201040,Utilities Expenses,,,,2825,256,S,S,,,,,,,,,,030,Nagoya Branch,Department,,,,,,,,,,,
592,,,,,,97,2021-06-20,,,,,,,,,,,,,,,,,,,,,,,,,,,,,,,,,,,,
592,1018,1,,1,,,,,,,Copying expense expense,10E201110,Office Supplies Expenses,,,,38845,3531,S,S,10B100630,Accounts Payable Other,,,,38845,0,O,O,030,Nagoya Branch,Department,000,Common Department,Department,,,,,,,,
593,,,,,,98,2021-06-20,,,,,,,,,,,,,,,,,,,,,,,,,,,,,,,,,,,,
593,1019,1,,1,,,,,,,office supplies,10E201110,Office Supplies Expenses,,,,2390,217,S,S,10B100630,Accounts Payable Other,,,,2390,0,O,O,030,Nagoya Branch,Department,000,Common Department,Department,,,,,,,,
594,,,,,,101,2021-06-20,,,,,,,,,,,,,,,,,,,,,,,,,,,,,,,,,,,,
594,1020,1,,1,,,,,,,Advertising fee,10E200050,Advertising Expenses,,,,52500,4772,S,S,10B100630,Accounts Payable Other,,,,52500,0,O,O,040,Osaka Branch,Department,000,Common Department,Department,,,,,,,,
595,,,,,,110,2021-06-20,,,,,,,,,,,,,,,,,,,,,,,,,,,,,,,,,,,,
595,1021,1,1,1,1,,,,,,Voucher No. 241 dated 6/20 Anonymized Partner 058,10A100020,Cash,1,Cash,Subaccount,820932,0,O,O,10A100090,Accounts Receivable,11,Anonymized Partner 058,Subaccount,820932,0,O,O,000,Common Department,Department,000,Common Department,Department,,,,,,,,
596,,,,,,111,2021-06-20,,,,,,,,,,,,,,,,,,,,,,,,,,,,,,,,,,,,
596,1022,1,1,1,1,,,,,,Voucher No. 242 dated 6/20 Anonymized Partner 014,10A100020,Ordinary Deposits,30,GHI Bank Nagoya Branch,Subaccount,750150,0,O,O,10A100090,Accounts Receivable,21,Anonymized Partner 014,Subaccount,750150,0,O,O,000,Common Department,Department,000,Common Department,Department,,,,,,,,
596,1023,1,,1,1,,,,,,Voucher No. 242 dated 6/20 Anonymized Partner 014,10E200690,Service Fees,,,,630,57,S,S,10A100090,Accounts Receivable,21,Anonymized Partner 014,Subaccount,630,0,O,O,030,Nagoya Branch,Department,000,Common Department,Department,,,,,,,,
597,,,,,,112,2021-06-20,,,,,,,,,,,,,,,,,,,,,,,,,,,,,,,,,,,,
597,1024,1,1,1,1,,,,,,Voucher No. 243 dated 6/20 Anonymized Partner 052,10A100020,Ordinary Deposits,20,ABC Bank Head Office,Subaccount,1378335,0,O,O,10A100090,Accounts Receivable,30,Anonymized Partner 052,Subaccount,1378335,0,O,O,000,Common Department,Department,000,Common Department,Department,,,,,,,,
597,1025,1,,1,1,,,,,,Voucher No. 243 dated 6/20 Anonymized Partner 052,10E200690,Service Fees,,,,735,66,S,S,10A100090,Accounts Receivable,30,Anonymized Partner 052,Subaccount,735,0,O,O,020,Tokyo Branch,Department,000,Common Department,Department,,,,,,,,
598,,,,,,113,2021-06-20,,,,,,,,,,,,,,,,,,,,,,,,,,,,,,,,,,,,
598,1026,1,1,1,1,,,,,,Voucher No. 158 dated 6/20 Anonymized Partner 047,10B100040,Accounts Payable,4,Anonymized Partner 047,Subaccount,926133,0,O,O,10A100020,Ordinary Deposits,20,ABC Bank Head Office,Subaccount,926133,0,O,O,000,Common Department,Department,000,Common Department,Department,,,,,,,,
599,,,,,,114,2021-06-20,,,,,,,,,,,,,,,,,,,,,,,,,,,,,,,,,,,,
599,1027,1,1,1,1,,,,,,Voucher No. 159 dated 6/20 Anonymized Partner 054,10B100040,Accounts Payable,6,Anonymized Partner 054,Subaccount,3297698,0,O,O,10A100020,Ordinary Deposits,20,ABC Bank Head Office,Subaccount,3297698,0,O,O,000,Common Department,Department,000,Common Department,Department,,,,,,,,
600,,,,,,115,2021-06-20,,,,,,,,,,,,,,,,,,,,,,,,,,,,,,,,,,,,
600,1028,1,1,1,1,,,,,,Voucher No. 160 dated 6/20 Anonymized Partner 067,10B100040,Accounts Payable,11,Anonymized Partner 067,Subaccount,4228407,0,O,O,10A100020,Ordinary Deposits,20,ABC Bank Head Office,Subaccount,4228407,0,O,O,000,Common Department,Department,000,Common Department,Department,,,,,,,,
601,,,,,,118,2021-06-20,,,,,,,,,,,,,,,,,,,,,,,,,,,,,,,,,,,,
601,1029,1,,1,,,,,,,Copying expense expense,10E201110,Office Supplies Expenses,,,,7123,647,S,S,10B100630,Accounts Payable Other,,,,7123,0,O,O,040,Osaka Branch,Department,000,Common Department,Department,,,,,,,,
602,,,,,,132,2021-06-20,,,,,,,,,,,,,,,,,,,,,,,,,,,,,,,,,,,,
602,1030,1,,1,1,,,,,,Electricity expense,10E201040,Utilities Expenses,,,,95300,8663,S,S,10A100020,Ordinary Deposits,40,JKL Bank Umeda Branch,Subaccount,100859,0,O,O,040,Osaka Branch,Department,000,Common Department,Department,,,,,,,,
602,1031,1,,,,,,,,,Water expense,10E201040,Utilities Expenses,,,,5559,505,S,S,,,,,,,,,,040,Osaka Branch,Department,,,,,,,,,,,
603,,,,,,134,2021-06-20,,,,,,,,,,,,,,,,,,,,,,,,,,,,,,,,,,,,
603,1032,1,,1,,,,,,,Paper,10E201110,Office Supplies Expenses,,,,23000,2090,S,S,10B100630,Accounts Payable Other,,,,23000,0,O,O,020,Tokyo Branch,Department,000,Common Department,Department,,,,,,,,
604,,,,,,135,2021-06-20,,,,,,,,,,,,,,,,,,,,,,,,,,,,,,,,,,,,
604,1033,1,,1,,,,,,,office supplies,10E201110,Office Supplies Expenses,,,,7302,663,S,S,10B100630,Accounts Payable Other,,,,7302,0,O,O,040,Osaka Branch,Department,000,Common Department,Department,,,,,,,,
605,,,,,,141,2021-06-20,,,,,,,,,,,,,,,,,,,,,,,,,,,,,,,,,,,,
605,1034,1,1,1,,,,,,,Note discounted Anonymized Partner 065 | Note number=R20210531-121-12;Receipt amount corrected to settlement amount,10A100020,Checking Deposits,1,ABC Bank,Subaccount,10722057,0,O,O,10A100060,Notes Receivable,,,,10807778,0,O,O,000,Common Department,Department,000,Common Department,Department,,,,,,,,
605,1035,1,,,,,,,,,Note discount fee | Note number=R20210531-121-12,10E300020,Interest Expense,,,,85721,0,E,E,,,,,,,,,,020,Tokyo Branch,Department,,,,,,,,,,,
606,,,,,,143,2021-06-20,,,,,,,,,,,,,,,,,,,,,,,,,,,,,,,,,,,,
606,1036,1,1,1,,,,,,,Note discounted Anonymized Partner 072 | Note number=R20210510-93-28;Receipt amount corrected to settlement amount,10A100020,Checking Deposits,1,ABC Bank,Subaccount,4629728,0,O,O,10A100060,Notes Receivable,,,,4692307,0,O,O,000,Common Department,Department,000,Common Department,Department,,,,,,,,
606,1037,1,,,,,,,,,Note discount fee | Note number=R20210510-93-28,10E300020,Interest Expense,,,,62579,0,E,E,,,,,,,,,,020,Tokyo Branch,Department,,,,,,,,,,,
607,,,,,,150,2021-06-20,,,,,,,,,,,,,,,,,,,,,,,,,,,,,,,,,,,,
607,1038,1,1,1,1,,,,,,Funds transfer,10A100020,Ordinary Deposits,20,ABC Bank Head Office,Subaccount,7000000,0,O,O,10A100020,Checking Deposits,1,ABC Bank,Subaccount,7000000,0,O,O,000,Common Department,Department,000,Common Department,Department,,,,,,,,
608,,,,,,169,2021-06-20,,,,,,,,,,,,,,,,,,,,,,,,,,,,,,,,,,,,
608,1039,1,,1,1,,,,,,Electricity expense,10E201040,Utilities Expenses,,,,95768,8706,S,S,10A100020,Ordinary Deposits,50,MNO Bank Kitakyushu Branch,Subaccount,102589,0,O,O,050,Kyushu Sales Office,Department,000,Common Department,Department,,,,,,,,
608,1040,1,,,,,,,,,Water expense,10E201040,Utilities Expenses,,,,6821,620,S,S,,,,,,,,,,050,Kyushu Sales Office,Department,,,,,,,,,,,
609,,,,,,12,2021-06-21,,,,,,,,,,,,,,,,,,,,,,,,,,,,,,,,,,,,
609,1041,1,,1,1,,,,,,Gasoline,10E201120,Vehicle Expenses,,,,4456,405,S,S,10A100020,Cash,1,Cash,Subaccount,7817,0,O,O,010,Sapporo Sales Office,Department,000,Common Department,Department,,,,,,,,
609,1042,1,,,,,,,,,fuel additive expense,10E201120,Vehicle Expenses,,,,2313,210,S,S,,,,,,,,,,010,Sapporo Sales Office,Department,,,,,,,,,,,
609,1043,1,,,,,,,,,Expressway toll,10E201120,Vehicle Expenses,,,,1048,95,S,S,,,,,,,,,,010,Sapporo Sales Office,Department,,,,,,,,,,,
610,,,,,,24,2021-06-21,,,,,,,,,,,,,,,,,,,,,,,,,,,,,,,,,,,,
610,1044,1,,1,1,,,,,,Anonymized Railway Company A multi-ride ticket,10E201230,Travel and Transportation Expenses,,,,82620,7510,S,S,10A100020,Cash,1,Cash,Subaccount,82620,0,O,O,010,Sapporo Sales Office,Department,000,Common Department,Department,,,,,,,,
611,,,,,,89,2021-06-21,,,,,,,,,,,,,,,,,,,,,,,,,,,,,,,,,,,,
611,1045,1,,1,1,,,,,,Travel expense,10E201230,Travel and Transportation Expenses,,,,9800,890,S,S,10A100020,Cash,1,Cash,Subaccount,9800,0,O,O,030,Nagoya Branch,Department,000,Common Department,Department,,,,,,,,
612,,,,,,160,2021-06-21,,,,,,,,,,,,,,,,,,,,,,,,,,,,,,,,,,,,
612,1046,1,,1,1,,,,,,Business travel expense,10E201230,Travel and Transportation Expenses,,,,70000,6363,S,S,10A100020,Cash,1,Cash,Subaccount,70000,0,O,O,020,Tokyo Branch,Department,000,Common Department,Department,,,,,,,,
613,,,,,,9,2021-06-22,,,,,,,,,,,,,,,,,,,,,,,,,,,,,,,,,,,,
613,1047,1,,1,1,,,,,,assorted confectionery Anonymized Partner 073,10E200150,Entertainment Expenses,,,,3239,294,S,S,10A100020,Cash,1,Cash,Subaccount,8001,0,O,O,010,Sapporo Sales Office,Department,000,Common Department,Department,,,,,,,,
613,1048,1,,,,,,,,,Gift certificate Anonymized Partner 073,10E200150,Entertainment Expenses,,,,4762,432,S,S,,,,,,,,,,010,Sapporo Sales Office,Department,,,,,,,,,,,
614,,,,,,90,2021-06-22,,,,,,,,,,,,,,,,,,,,,,,,,,,,,,,,,,,,
614,1049,1,,1,1,,,,,,Anonymized Cleaning Company A expense,10E201270,Miscellaneous Expenses,,,,10500,954,S,S,10A100020,Cash,1,Cash,Subaccount,10500,0,O,O,030,Nagoya Branch,Department,000,Common Department,Department,,,,,,,,
615,,,,,,95,2021-06-22,,,,,,,,,,,,,,,,,,,,,,,,,,,,,,,,,,,,
615,1050,1,,1,,,,,,,Cleaning fee,10E201270,Miscellaneous Expenses,,,,71675,6515,S,S,10B100630,Accounts Payable Other,,,,71675,0,O,O,030,Nagoya Branch,Department,000,Common Department,Department,,,,,,,,
616,,,,,,109,2021-06-22,,,,,,,,,,,,,,,,,,,,,,,,,,,,,,,,,,,,
616,1051,1,,1,,,,,,,Gasoline,10E201120,Vehicle Expenses,,,,6962,632,S,S,10B100630,Accounts Payable Other,,,,6962,0,O,O,040,Osaka Branch,Department,000,Common Department,Department,,,,,,,,
617,,,,,,153,2021-06-22,,,,,,,,,,,,,,,,,,,,,,,,,,,,,,,,,,,,
617,1052,1,,1,1,,,,,,Meal expense Anonymized Store 082,10E200150,Entertainment Expenses,,,,16540,1503,S,S,10A100020,Cash,1,Cash,Subaccount,16540,0,O,O,030,Nagoya Branch,Department,000,Common Department,Department,,,,,,,,
618,,,,,,155,2021-06-22,,,,,,,,,,,,,,,,,,,,,,,,,,,,,,,,,,,,
618,1053,1,,1,1,,,,,,Gasoline,10E201120,Vehicle Expenses,,,,5713,519,S,S,10A100020,Cash,1,Cash,Subaccount,6856,0,O,O,050,Kyushu Sales Office,Department,000,Common Department,Department,,,,,,,,
618,1054,1,,,,,,,,,Expressway toll,10E201120,Vehicle Expenses,,,,762,69,S,S,,,,,,,,,,050,Kyushu Sales Office,Department,,,,,,,,,,,
618,1055,1,,,,,,,,,Parking fee,10E201120,Vehicle Expenses,,,,381,34,S,S,,,,,,,,,,050,Kyushu Sales Office,Department,,,,,,,,,,,
619,,,,,,163,2021-06-22,,,,,,,,,,,,,,,,,,,,,,,,,,,,,,,,,,,,
619,1056,1,,1,1,,,,,,Membership fee,10E201140,Membership Fees,,,,18000,0,O,O,10A100020,Cash,1,Cash,Subaccount,18000,0,O,O,050,Kyushu Sales Office,Department,000,Common Department,Department,,,,,,,,
620,,,,,,166,2021-06-22,,,,,,,,,,,,,,,,,,,,,,,,,,,,,,,,,,,,
620,1057,1,,1,1,,,,,,Anonymized Cleaning Company A expense,10E201270,Miscellaneous Expenses,,,,1890,171,S,S,10A100020,Cash,1,Cash,Subaccount,1890,0,O,O,050,Kyushu Sales Office,Department,000,Common Department,Department,,,,,,,,
621,,,,,,25,2021-06-23,,,,,,,,,,,,,,,,,,,,,,,,,,,,,,,,,,,,
621,1058,1,,1,1,,,,,,Travel expense,10E201230,Travel and Transportation Expenses,,,,61000,5545,S,S,10A100020,Cash,1,Cash,Subaccount,61000,0,O,O,010,Sapporo Sales Office,Department,000,Common Department,Department,,,,,,,,
622,,,,,,28,2021-06-23,,,,,,,,,,,,,,,,,,,,,,,,,,,,,,,,,,,,
622,1059,1,,1,,,,,,,taxi expense,10E201230,Travel and Transportation Expenses,,,,2420,220,S,S,10B100630,Accounts Payable Other,,,,2420,0,O,O,010,Sapporo Sales Office,Department,000,Common Department,Department,,,,,,,,
623,,,,,,38,2021-06-23,,,,,,,,,,,,,,,,,,,,,,,,,,,,,,,,,,,,
623,1060,1,,1,,,,,,,Lodging expense,10E200140,Employee Welfare Expenses,,,,48164,4378,S,S,10B100630,Accounts Payable Other,,,,48164,0,O,O,020,Tokyo Branch,Department,000,Common Department,Department,,,,,,,,
624,,,,,,59,2021-06-23,,,,,,,,,,,,,,,,,,,,,,,,,,,,,,,,,,,,
624,1061,1,,1,1,,,,,,Travel expense,10E201230,Travel and Transportation Expenses,,,,65000,5909,S,S,10A100020,Cash,1,Cash,Subaccount,65000,0,O,O,020,Tokyo Branch,Department,000,Common Department,Department,,,,,,,,
625,,,,,,140,2021-06-23,,,,,,,,,,,,,,,,,,,,,,,,,,,,,,,,,,,,
625,1062,1,,1,1,,,,,,Travel expense,10E201230,Travel and Transportation Expenses,,,,7450,677,S,S,10A100020,Cash,1,Cash,Subaccount,7450,0,O,O,040,Osaka Branch,Department,000,Common Department,Department,,,,,,,,
626,,,,,,26,2021-06-24,,,,,,,,,,,,,,,,,,,,,,,,,,,,,,,,,,,,
626,1063,1,,1,1,,,,,,Travel expense,10E201230,Travel and Transportation Expenses,,,,12000,1090,S,S,10A100020,Cash,1,Cash,Subaccount,12000,0,O,O,010,Sapporo Sales Office,Department,000,Common Department,Department,,,,,,,,
627,,,,,,29,2021-06-24,,,,,,,,,,,,,,,,,,,,,,,,,,,,,,,,,,,,
627,1064,1,,1,1,,,,,,Mobile phone expense,10E200180,Communication Expenses,,,,49551,4504,S,S,10A100020,Ordinary Deposits,10,DEF Bank Station Branch,Subaccount,49551,0,O,O,010,Sapporo Sales Office,Department,000,Common Department,Department,,,,,,,,
628,,,,,,81,2021-06-24,,,,,,,,,,,,,,,,,,,,,,,,,,,,,,,,,,,,
628,1065,1,,1,,,,,,,Tea expense,10E200140,Employee Welfare Expenses,,,,18000,1636,S,S,10B100630,Accounts Payable Other,,,,18000,0,O,O,030,Nagoya Branch,Department,000,Common Department,Department,,,,,,,,
629,,,,,,131,2021-06-24,,,,,,,,,,,,,,,,,,,,,,,,,,,,,,,,,,,,
629,1066,1,,1,1,,,,,,Membership fee,10E201140,Membership Fees,,,,24000,0,O,O,10A100020,Ordinary Deposits,40,JKL Bank Umeda Branch,Subaccount,24000,0,O,O,040,Osaka Branch,Department,000,Common Department,Department,,,,,,,,
630,,,,,,154,2021-06-24,,,,,,,,,,,,,,,,,,,,,,,,,,,,,,,,,,,,
630,1067,1,,1,,,,,,,golf play expense,10E200150,Entertainment Expenses,,,,18240,1658,S,S,10B100630,Accounts Payable Other,,,,18240,0,O,O,050,Kyushu Sales Office,Department,000,Common Department,Department,,,,,,,,
631,,,,,,27,2021-06-25,,,,,,,,,,,,,,,,,,,,,,,,,,,,,,,,,,,,
631,1068,1,,1,1,,,,,,Travel expense,10E201230,Travel and Transportation Expenses,,,,23810,2164,S,S,10A100020,Cash,1,Cash,Subaccount,80096,0,O,O,010,Sapporo Sales Office,Department,000,Common Department,Department,,,,,,,,
631,1069,1,,,,,,,,,Travel expense,10E201230,Travel and Transportation Expenses,,,,32381,2943,S,S,,,,,,,,,,010,Sapporo Sales Office,Department,,,,,,,,,,,
631,1070,1,,,,,,,,,Travel expense,10E201230,Travel and Transportation Expenses,,,,23905,2173,S,S,,,,,,,,,,010,Sapporo Sales Office,Department,,,,,,,,,,,
632,,,,,,54,2021-06-25,,,,,,,,,,,,,,,,,,,,,,,,,,,,,,,,,,,,
632,1071,1,,1,1,,,,,,Parking fee,10E201120,Vehicle Expenses,,,,2000,181,S,S,10A100020,Cash,1,Cash,Subaccount,2000,0,O,O,020,Tokyo Branch,Department,000,Common Department,Department,,,,,,,,
633,,,,,,62,2021-06-25,,,,,,,,,,,,,,,,,,,,,,,,,,,,,,,,,,,,
633,1072,1,,1,1,,,,,,Mobile phone expense,10E200180,Communication Expenses,,,,126581,11507,S,S,10A100020,Ordinary Deposits,20,ABC Bank Head Office,Subaccount,126581,0,O,O,020,Tokyo Branch,Department,000,Common Department,Department,,,,,,,,
634,,,,,,72,2021-06-25,,,,,,,,,,,,,,,,,,,,,,,,,,,,,,,,,,,,
634,1073,1,,1,1,,,,,,Newspaper expense,10E201160,Books and Publications,,,,2864,260,S,S,10A100020,Cash,1,Cash,Subaccount,9078,0,O,O,020,Tokyo Branch,Department,000,Common Department,Department,,,,,,,,
634,1074,1,,,,,,,,,Newspaper expense,10E201160,Books and Publications,,,,2815,255,S,S,,,,,,,,,,020,Tokyo Branch,Department,,,,,,,,,,,
634,1075,1,,,,,,,,,Newspaper expense,10E201160,Books and Publications,,,,3399,309,S,S,,,,,,,,,,020,Tokyo Branch,Department,,,,,,,,,,,
635,,,,,,91,2021-06-25,,,,,,,,,,,,,,,,,,,,,,,,,,,,,,,,,,,,
635,1076,1,,1,1,,,,,,Month 6 Payroll Other 0001 Executive,10E200090,Directors' Compensation,,,,1720000,0,O,O,10A100020,Ordinary Deposits,20,ABC Bank Head Office,Subaccount,1172293,0,O,O,020,Tokyo Branch,Department,000,Common Department,Department,,,,,,,,
635,1077,,,1,1,,,,,,Month 6 Payroll Other 0001 Executive,,,,,,,,,,10B100690,Deposits Received,1,Insurance Expenses,Subaccount,111192,0,O,O,,,,000,Common Department,Department,,,,,,,,
635,1078,,,1,1,,,,,,Month 6 Payroll Other 0001 Executive,,,,,,,,,,10B100690,Deposits Received,2,Resident Tax,Subaccount,130000,0,O,O,,,,000,Common Department,Department,,,,,,,,
635,1079,,,1,1,,,,,,Month 6 Payroll Other 0001 Executive,,,,,,,,,,10B100690,Deposits Received,3,Withholding Tax,Subaccount,166823,0,O,O,,,,000,Common Department,Department,,,,,,,,
635,1080,,,1,1,,,,,,Month 6 Payroll Other 0001 Executive,,,,,,,,,,10B100690,Deposits Received,4,Savings and Insurance,Subaccount,133972,0,O,O,,,,000,Common Department,Department,,,,,,,,
635,1081,,,1,1,,,,,,Month 6 Payroll Other 0001 Executive,,,,,,,,,,10B100690,Deposits Received,9,Other,Subaccount,5720,0,O,O,,,,000,Common Department,Department,,,,,,,,
635,1082,1,,1,1,,,,,,Month 6 Payroll Other 0020 Sales Department,10E200370,Salaries and Allowances,,,,1974028,0,O,O,10A100020,Ordinary Deposits,20,ABC Bank Head Office,Subaccount,1530004,0,O,O,020,Tokyo Branch,Department,000,Common Department,Department,,,,,,,,
635,1083,,,1,1,,,,,,Month 6 Payroll Other 0020 Sales Department,,,,,,,,,,10B100690,Deposits Received,1,Insurance Expenses,Subaccount,216077,0,O,O,,,,000,Common Department,Department,,,,,,,,
635,1084,,,1,1,,,,,,Month 6 Payroll Other 0020 Sales Department,,,,,,,,,,10B100690,Deposits Received,2,Resident Tax,Subaccount,62200,0,O,O,,,,000,Common Department,Department,,,,,,,,
635,1085,,,1,1,,,,,,Month 6 Payroll Other 0020 Sales Department,,,,,,,,,,10B100690,Deposits Received,3,Withholding Tax,Subaccount,37200,0,O,O,,,,000,Common Department,Department,,,,,,,,
635,1086,,,1,1,,,,,,Month 6 Payroll Other 0020 Sales Department,,,,,,,,,,10B100690,Deposits Received,4,Savings and Insurance,Subaccount,43305,0,O,O,,,,000,Common Department,Department,,,,,,,,
635,1087,,,1,1,,,,,,Month 6 Payroll Other 0020 Sales Department,,,,,,,,,,10B100690,Deposits Received,9,Other,Subaccount,85242,0,O,O,,,,000,Common Department,Department,,,,,,,,
635,1088,1,,1,1,,,,,,Month 6 Payroll Other 1000 Sapporo Sales Office,10E200370,Salaries and Allowances,,,,849000,0,O,O,10A100020,Ordinary Deposits,20,ABC Bank Head Office,Subaccount,603524,0,O,O,010,Sapporo Sales Office,Department,000,Common Department,Department,,,,,,,,
635,1089,,,1,1,,,,,,Month 6 Payroll Other 1000 Sapporo Sales Office,,,,,,,,,,10B100690,Deposits Received,1,Insurance Expenses,Subaccount,100704,0,O,O,,,,000,Common Department,Department,,,,,,,,
635,1090,,,1,1,,,,,,Month 6 Payroll Other 1000 Sapporo Sales Office,,,,,,,,,,10B100690,Deposits Received,2,Resident Tax,Subaccount,34600,0,O,O,,,,000,Common Department,Department,,,,,,,,
635,1091,,,1,1,,,,,,Month 6 Payroll Other 1000 Sapporo Sales Office,,,,,,,,,,10B100690,Deposits Received,3,Withholding Tax,Subaccount,13430,0,O,O,,,,000,Common Department,Department,,,,,,,,
635,1092,,,1,1,,,,,,Month 6 Payroll Other 1000 Sapporo Sales Office,,,,,,,,,,10B100690,Deposits Received,4,Savings and Insurance,Subaccount,50648,0,O,O,,,,000,Common Department,Department,,,,,,,,
635,1093,,,1,1,,,,,,Month 6 Payroll Other 1000 Sapporo Sales Office,,,,,,,,,,10B100690,Deposits Received,9,Other,Subaccount,46094,0,O,O,,,,000,Common Department,Department,,,,,,,,
635,1094,1,,1,1,,,,,,Month 6 Payroll Other 3000 Nagoya Sales Office,10E200370,Salaries and Allowances,,,,804657,0,O,O,10A100020,Ordinary Deposits,20,ABC Bank Head Office,Subaccount,599450,0,O,O,030,Nagoya Branch,Department,000,Common Department,Department,,,,,,,,
635,1095,,,1,1,,,,,,Month 6 Payroll Other 3000 Nagoya Sales Office,,,,,,,,,,10B100690,Deposits Received,1,Insurance Expenses,Subaccount,92651,0,O,O,,,,000,Common Department,Department,,,,,,,,
635,1096,,,1,1,,,,,,Month 6 Payroll Other 3000 Nagoya Sales Office,,,,,,,,,,10B100690,Deposits Received,2,Resident Tax,Subaccount,21500,0,O,O,,,,000,Common Department,Department,,,,,,,,
635,1097,,,1,1,,,,,,Month 6 Payroll Other 3000 Nagoya Sales Office,,,,,,,,,,10B100690,Deposits Received,3,Withholding Tax,Subaccount,8970,0,O,O,,,,000,Common Department,Department,,,,,,,,
635,1098,,,1,1,,,,,,Month 6 Payroll Other 3000 Nagoya Sales Office,,,,,,,,,,10B100690,Deposits Received,4,Savings and Insurance,Subaccount,40759,0,O,O,,,,000,Common Department,Department,,,,,,,,
635,1099,,,1,1,,,,,,Month 6 Payroll Other 3000 Nagoya Sales Office,,,,,,,,,,10B100690,Deposits Received,9,Other,Subaccount,41327,0,O,O,,,,000,Common Department,Department,,,,,,,,
635,1100,1,,1,1,,,,,,Month 6 Payroll Other 4000 Osaka Branch,10E200370,Salaries and Allowances,,,,1078300,0,O,O,10A100020,Ordinary Deposits,20,ABC Bank Head Office,Subaccount,879567,0,O,O,040,Osaka Branch,Department,000,Common Department,Department,,,,,,,,
635,1101,,,1,1,,,,,,Month 6 Payroll Other 4000 Osaka Branch,,,,,,,,,,10B100690,Deposits Received,1,Insurance Expenses,Subaccount,119974,0,O,O,,,,000,Common Department,Department,,,,,,,,
635,1102,,,1,1,,,,,,Month 6 Payroll Other 4000 Osaka Branch,,,,,,,,,,10B100690,Deposits Received,2,Resident Tax,Subaccount,29900,0,O,O,,,,000,Common Department,Department,,,,,,,,
635,1103,,,1,1,,,,,,Month 6 Payroll Other 4000 Osaka Branch,,,,,,,,,,10B100690,Deposits Received,3,Withholding Tax,Subaccount,20020,0,O,O,,,,000,Common Department,Department,,,,,,,,
635,1104,,,1,1,,,,,,Month 6 Payroll Other 4000 Osaka Branch,,,,,,,,,,10B100690,Deposits Received,4,Savings and Insurance,Subaccount,13570,0,O,O,,,,000,Common Department,Department,,,,,,,,
635,1105,,,1,1,,,,,,Month 6 Payroll Other 4000 Osaka Branch,,,,,,,,,,10B100690,Deposits Received,9,Other,Subaccount,15269,0,O,O,,,,000,Common Department,Department,,,,,,,,
635,1106,1,,1,1,,,,,,Month 6 Payroll Other 5000 Kyushu Sales Office,10E200370,Salaries and Allowances,,,,584400,0,O,O,10A100020,Ordinary Deposits,20,ABC Bank Head Office,Subaccount,448753,0,O,O,050,Kyushu Sales Office,Department,000,Common Department,Department,,,,,,,,
635,1107,,,1,1,,,,,,Month 6 Payroll Other 5000 Kyushu Sales Office,,,,,,,,,,10B100690,Deposits Received,1,Insurance Expenses,Subaccount,66241,0,O,O,,,,000,Common Department,Department,,,,,,,,
635,1108,,,1,1,,,,,,Month 6 Payroll Other 5000 Kyushu Sales Office,,,,,,,,,,10B100690,Deposits Received,2,Resident Tax,Subaccount,17600,0,O,O,,,,000,Common Department,Department,,,,,,,,
635,1109,,,1,1,,,,,,Month 6 Payroll Other 5000 Kyushu Sales Office,,,,,,,,,,10B100690,Deposits Received,3,Withholding Tax,Subaccount,7960,0,O,O,,,,000,Common Department,Department,,,,,,,,
635,1110,,,1,1,,,,,,Month 6 Payroll Other 5000 Kyushu Sales Office,,,,,,,,,,10B100690,Deposits Received,4,Savings and Insurance,Subaccount,18540,0,O,O,,,,000,Common Department,Department,,,,,,,,
635,1111,,,1,1,,,,,,Month 6 Payroll Other 5000 Kyushu Sales Office,,,,,,,,,,10B100690,Deposits Received,9,Other,Subaccount,25306,0,O,O,,,,000,Common Department,Department,,,,,,,,
636,,,,,,111,2021-06-25,,,,,,,,,,,,,,,,,,,,,,,,,,,,,,,,,,,,
636,1112,1,,1,,,,,,,taxi expense,10E201230,Travel and Transportation Expenses,,,,9800,890,S,S,10B100630,Accounts Payable Other,,,,9800,0,O,O,040,Osaka Branch,Department,000,Common Department,Department,,,,,,,,
637,,,,,,116,2021-06-25,,,,,,,,,,,,,,,,,,,,,,,,,,,,,,,,,,,,
637,1113,1,,1,1,,,,,,Voucher No. 244 dated 6/25 Anonymized Partner 057 | Sales voucher=20210531-115;Note number=R20210625-116-2,10A100060,Notes Receivable,,,,15017976,0,O,O,10A100090,Accounts Receivable,2,Anonymized Partner 057,Subaccount,15017976,0,O,O,000,Common Department,Department,000,Common Department,Department,,,,,,,,
638,,,,,,117,2021-06-25,,,,,,,,,,,,,,,,,,,,,,,,,,,,,,,,,,,,
638,1114,1,1,1,1,,,,,,Voucher No. 245 dated 6/25 Anonymized Partner 042,10A100020,Ordinary Deposits,30,GHI Bank Nagoya Branch,Subaccount,1141489,0,O,O,10A100090,Accounts Receivable,7,Anonymized Partner 042,Subaccount,1141489,0,O,O,000,Common Department,Department,000,Common Department,Department,,,,,,,,
638,1115,1,,1,1,,,,,,Voucher No. 245 dated 6/25 Anonymized Partner 042,10E200690,Service Fees,,,,735,66,S,S,10A100090,Accounts Receivable,7,Anonymized Partner 042,Subaccount,735,0,O,O,030,Nagoya Branch,Department,000,Common Department,Department,,,,,,,,
639,,,,,,118,2021-06-25,,,,,,,,,,,,,,,,,,,,,,,,,,,,,,,,,,,,
639,1116,1,1,1,1,,,,,,Voucher No. 246 dated 6/25 Anonymized Partner 056,10A100020,Ordinary Deposits,40,JKL Bank Umeda Branch,Subaccount,909506,0,O,O,10A100090,Accounts Receivable,23,Anonymized Partner 056,Subaccount,909506,0,O,O,000,Common Department,Department,000,Common Department,Department,,,,,,,,
639,1117,1,,1,1,,,,,,Voucher No. 246 dated 6/25 Anonymized Partner 056,10E200690,Service Fees,,,,630,57,S,S,10A100090,Accounts Receivable,23,Anonymized Partner 056,Subaccount,630,0,O,O,040,Osaka Branch,Department,000,Common Department,Department,,,,,,,,
640,,,,,,119,2021-06-25,,,,,,,,,,,,,,,,,,,,,,,,,,,,,,,,,,,,
640,1118,1,1,1,1,,,,,,Voucher No. 247 dated 6/25 Anonymized Partner 033,10A100020,Ordinary Deposits,10,DEF Bank Station Branch,Subaccount,3861924,0,O,O,10A100090,Accounts Receivable,25,Anonymized Partner 033,Subaccount,3861924,0,O,O,000,Common Department,Department,000,Common Department,Department,,,,,,,,
640,1119,1,,1,1,,,,,,Voucher No. 247 dated 6/25 Anonymized Partner 033,10E200690,Service Fees,,,,840,76,S,S,10A100090,Accounts Receivable,25,Anonymized Partner 033,Subaccount,840,0,O,O,010,Sapporo Sales Office,Department,000,Common Department,Department,,,,,,,,
641,,,,,,121,2021-06-25,,,,,,,,,,,,,,,,,,,,,,,,,,,,,,,,,,,,
641,1120,1,,1,1,,,,,,Tea expense,10E200140,Employee Welfare Expenses,,,,11500,1045,S,S,10A100020,Cash,1,Cash,Subaccount,11500,0,O,O,040,Osaka Branch,Department,000,Common Department,Department,,,,,,,,
642,,,,,,170,2021-06-25,,,,,,,,,,,,,,,,,,,,,,,,,,,,,,,,,,,,
642,1121,1,,1,1,,,,,,Newspaper expense,10E201160,Books and Publications,,,,3007,273,S,S,10A100020,Cash,1,Cash,Subaccount,3007,0,O,O,050,Kyushu Sales Office,Department,000,Common Department,Department,,,,,,,,
643,,,,,,171,2021-06-25,,,,,,,,,,,,,,,,,,,,,,,,,,,,,,,,,,,,
643,1122,1,,1,1,,,,,,Mobile phone expense,10E200180,Communication Expenses,,,,42103,3827,S,S,10A100020,Ordinary Deposits,50,MNO Bank Kitakyushu Branch,Subaccount,42103,0,O,O,050,Kyushu Sales Office,Department,000,Common Department,Department,,,,,,,,
644,,,,,,13,2021-06-26,,,,,,,,,,,,,,,,,,,,,,,,,,,,,,,,,,,,
644,1123,1,,1,1,,,,,,Gasoline,10E201120,Vehicle Expenses,,,,3462,314,S,S,10A100020,Cash,1,Cash,Subaccount,3462,0,O,O,010,Sapporo Sales Office,Department,000,Common Department,Department,,,,,,,,
645,,,,,,14,2021-06-26,,,,,,,,,,,,,,,,,,,,,,,,,,,,,,,,,,,,
645,1124,1,,1,1,,,,,,Car wash expense,10E201120,Vehicle Expenses,,,,3000,272,S,S,10A100020,Cash,1,Cash,Subaccount,3000,0,O,O,010,Sapporo Sales Office,Department,000,Common Department,Department,,,,,,,,
646,,,,,,37,2021-06-26,,,,,,,,,,,,,,,,,,,,,,,,,,,,,,,,,,,,
646,1125,1,,1,,,,,,,Outsourcing fee,10E200020,Sales Commissions,,,,1320000,120000,S,S,10B100630,Accounts Payable Other,,,,1320000,0,O,O,020,Tokyo Branch,Department,000,Common Department,Department,,,,,,,,
647,,,,,,75,2021-06-26,,,,,,,,,,,,,,,,,,,,,,,,,,,,,,,,,,,,
647,1126,1,,1,1,,,,,,Condolence gift,10E200150,Entertainment Expenses,,,,10000,909,S,S,10A100020,Cash,1,Cash,Subaccount,10000,0,O,O,020,Tokyo Branch,Department,000,Common Department,Department,,,,,,,,
648,,,,,,87,2021-06-26,,,,,,,,,,,,,,,,,,,,,,,,,,,,,,,,,,,,
648,1127,1,,1,1,,,,,,Mobile phone expense,10E200180,Communication Expenses,,,,42562,3869,S,S,10A100020,Ordinary Deposits,30,GHI Bank Nagoya Branch,Subaccount,42562,0,O,O,030,Nagoya Branch,Department,000,Common Department,Department,,,,,,,,
649,,,,,,88,2021-06-26,,,,,,,,,,,,,,,,,,,,,,,,,,,,,,,,,,,,
649,1128,1,,1,1,,,,,,Newspaper expense,10E201160,Books and Publications,,,,3568,324,S,S,10A100020,Cash,1,Cash,Subaccount,3568,0,O,O,030,Nagoya Branch,Department,000,Common Department,Department,,,,,,,,
650,,,,,,113,2021-06-26,,,,,,,,,,,,,,,,,,,,,,,,,,,,,,,,,,,,
650,1129,1,,1,1,,,,,,Mobile phone expense,10E200180,Communication Expenses,,,,61364,5578,S,S,10A100020,Ordinary Deposits,40,JKL Bank Umeda Branch,Subaccount,61364,0,O,O,040,Osaka Branch,Department,000,Common Department,Department,,,,,,,,
651,,,,,,114,2021-06-26,,,,,,,,,,,,,,,,,,,,,,,,,,,,,,,,,,,,
651,1130,1,,1,1,,,,,,Newspaper expense,10E201160,Books and Publications,,,,2540,230,S,S,10A100020,Cash,1,Cash,Subaccount,5404,0,O,O,040,Osaka Branch,Department,000,Common Department,Department,,,,,,,,
651,1131,1,,,,,,,,,Newspaper expense,10E201160,Books and Publications,,,,2864,260,S,S,,,,,,,,,,040,Osaka Branch,Department,,,,,,,,,,,
652,,,,,,120,2021-06-26,,,,,,,,,,,,,,,,,,,,,,,,,,,,,,,,,,,,
652,1132,1,,1,,,,,,,Outsourcing fee,10E200020,Sales Commissions,,,,472500,42954,S,S,10B100630,Accounts Payable Other,,,,472500,0,O,O,040,Osaka Branch,Department,000,Common Department,Department,,,,,,,,
653,,,,,,138,2021-06-26,,,,,,,,,,,,,,,,,,,,,,,,,,,,,,,,,,,,
653,1133,1,,1,1,,,,,,Expressway toll,10E201120,Vehicle Expenses,,,,7093,644,S,S,10A100020,Cash,1,Cash,Subaccount,7093,0,O,O,040,Osaka Branch,Department,000,Common Department,Department,,,,,,,,
654,,,,,,146,2021-06-26,,,,,,,,,,,,,,,,,,,,,,,,,,,,,,,,,,,,
654,1134,1,,1,,,,,,,Outsourcing fee,10E200020,Sales Commissions,,,,147000,13363,S,S,10B100630,Accounts Payable Other,,,,147000,0,O,O,050,Kyushu Sales Office,Department,000,Common Department,Department,,,,,,,,
655,,,,,,172,2021-06-26,,,,,,,,,,,,,,,,,,,,,,,,,,,,,,,,,,,,
655,1135,1,,1,,,,,,,Outsourcing fee payment,10E200020,Sales Commissions,,,,145000,13181,S,S,10B100630,Accounts Payable Other,,,,145000,0,O,O,010,Sapporo Sales Office,Department,000,Common Department,Department,,,,,,,,
656,,,,,,30,2021-06-27,,,,,,,,,,,,,,,,,,,,,,,,,,,,,,,,,,,,
656,1136,1,,1,1,,,,,,Insurance Premium payment,10E200240,Insurance Expenses,,,,54320,0,E,E,10A100020,Ordinary Deposits,10,DEF Bank Station Branch,Subaccount,54320,0,O,O,010,Sapporo Sales Office,Department,000,Common Department,Department,,,,,,,,
657,,,,,,35,2021-06-27,,,,,,,,,,,,,,,,,,,,,,,,,,,,,,,,,,,,
657,1137,1,,1,1,,,,,,Newspaper expense,10E201160,Books and Publications,,,,3925,356,S,S,10A100020,Cash,1,Cash,Subaccount,3925,0,O,O,010,Sapporo Sales Office,Department,000,Common Department,Department,,,,,,,,
658,,,,,,39,2021-06-27,,,,,,,,,,,,,,,,,,,,,,,,,,,,,,,,,,,,
658,1138,1,,1,1,,,,,,Membership fee,10E200140,Employee Welfare Expenses,,,,9000,818,S,S,10A100020,Cash,1,Cash,Subaccount,9000,0,O,O,020,Tokyo Branch,Department,000,Common Department,Department,,,,,,,,
659,,,,,,78,2021-06-27,,,,,,,,,,,,,,,,,,,,,,,,,,,,,,,,,,,,
659,1139,1,,1,,,,,,,Outsourcing fee payment,10E200020,Sales Commissions,,,,189000,17181,S,S,10B100630,Accounts Payable Other,,,,189000,0,O,O,030,Nagoya Branch,Department,000,Common Department,Department,,,,,,,,
660,,,,,,127,2021-06-27,,,,,,,,,,,,,,,,,,,,,,,,,,,,,,,,,,,,
660,1140,1,,1,1,,,,,,Revenue stamp,10E200210,Taxes and Dues,,,,9000,0,O,O,10A100020,Cash,1,Cash,Subaccount,9000,0,O,O,030,Nagoya Branch,Department,000,Common Department,Department,,,,,,,,
661,,,,,,60,2021-06-28,,,,,,,,,,,,,,,,,,,,,,,,,,,,,,,,,,,,
661,1141,1,,1,1,,,,,,Travel expense,10E201230,Travel and Transportation Expenses,,,,14500,1318,S,S,10A100020,Cash,1,Cash,Subaccount,14500,0,O,O,020,Tokyo Branch,Department,000,Common Department,Department,,,,,,,,
662,,,,,,93,2021-06-28,,,,,,,,,,,,,,,,,,,,,,,,,,,,,,,,,,,,
662,1142,1,,1,,,,,,,Repair expense,10E201000,Repairs and Maintenance,,,,17850,1622,S,S,10B100630,Accounts Payable Other,,,,17850,0,O,O,030,Nagoya Branch,Department,000,Common Department,Department,,,,,,,,
663,,,,,,108,2021-06-28,,,,,,,,,,,,,,,,,,,,,,,,,,,,,,,,,,,,
663,1143,1,,1,1,,,,,,Cof fee expense 2 people,10E200150,Entertainment Expenses,,,,1120,101,S,S,10A100020,Cash,1,Cash,Subaccount,1120,0,O,O,040,Osaka Branch,Department,000,Common Department,Department,,,,,,,,
664,,,,,,149,2021-06-28,,,,,,,,,,,,,,,,,,,,,,,,,,,,,,,,,,,,
664,1144,1,1,1,1,,,,,,Funds transfer,10A100020,Ordinary Deposits,20,ABC Bank Head Office,Subaccount,18500000,0,O,O,10A100020,Ordinary Deposits,10,DEF Bank Station Branch,Subaccount,5500000,0,O,O,000,Common Department,Department,000,Common Department,Department,,,,,,,,
664,1145,,,1,1,,,,,,Funds transfer,,,,,,,,,,10A100020,Ordinary Deposits,30,GHI Bank Nagoya Branch,Subaccount,4000000,0,O,O,,,,000,Common Department,Department,,,,,,,,
664,1146,,,1,1,,,,,,Funds transfer,,,,,,,,,,10A100020,Ordinary Deposits,40,JKL Bank Umeda Branch,Subaccount,3000000,0,O,O,,,,000,Common Department,Department,,,,,,,,
664,1147,,,1,1,,,,,,Funds transfer,,,,,,,,,,10A100020,Ordinary Deposits,50,MNO Bank Kitakyushu Branch,Subaccount,6000000,0,O,O,,,,000,Common Department,Department,,,,,,,,
665,,,,,,83,2021-06-29,,,,,,,,,,,,,,,,,,,,,,,,,,,,,,,,,,,,
665,1148,1,,1,1,,,,,,Vehicle management expense,10E201120,Vehicle Expenses,,,,51500,4681,S,S,10A100020,Cash,1,Cash,Subaccount,51500,0,O,O,030,Nagoya Branch,Department,000,Common Department,Department,,,,,,,,
666,,,,,,1,2021-06-30,,,,,,,,,,,,,,,,,,,,,,,,,,,,,,,,,,,,
666,1149,1,,1,,,,,,,Freight Anonymized Carrier B,10E200870,Freight Expenses,,,,61350,5577,S,S,10B100630,Accounts Payable Other,,,,61350,0,O,O,010,Sapporo Sales Office,Department,000,Common Department,Department,,,,,,,,
667,,,,,,36,2021-06-30,,,,,,,,,,,,,,,,,,,,,,,,,,,,,,,,,,,,
667,1150,1,,1,,,,,,,Freight Anonymized Carrier A,10E200870,Freight Expenses,,,,1637000,148818,S,S,10B100630,Accounts Payable Other,,,,2442743,0,O,O,020,Tokyo Branch,Department,000,Common Department,Department,,,,,,,,
667,1151,1,,,,,,,,,Freight Anonymized Carrier B,10E200870,Freight Expenses,,,,805743,73249,S,S,,,,,,,,,,020,Tokyo Branch,Department,,,,,,,,,,,
668,,,,,,40,2021-06-30,,,,,,,,,,,,,,,,,,,,,,,,,,,,,,,,,,,,
668,1152,1,,1,,,,,,,Advertising placement,10E200050,Advertising Expenses,,,,50000,4545,S,S,10B100630,Accounts Payable Other,,,,50000,0,O,O,020,Tokyo Branch,Department,000,Common Department,Department,,,,,,,,
669,,,,,,49,2021-06-30,,,,,,,,,,,,,,,,,,,,,,,,,,,,,,,,,,,,
669,1153,1,,1,1,,,,,,Gasoline,10E201120,Vehicle Expenses,,,,120000,10909,S,S,10A100020,Ordinary Deposits,20,ABC Bank Head Office,Subaccount,120000,0,O,O,020,Tokyo Branch,Department,000,Common Department,Department,,,,,,,,
670,,,,,,63,2021-06-30,,,,,,,,,,,,,,,,,,,,,,,,,,,,,,,,,,,,
670,1154,1,,1,1,,,,,,Insurance Expenses,10E200240,Insurance Expenses,,,,81000,0,E,E,10A100020,Ordinary Deposits,20,ABC Bank Head Office,Subaccount,81000,0,O,O,020,Tokyo Branch,Department,000,Common Department,Department,,,,,,,,
671,,,,,,67,2021-06-30,,,,,,,,,,,,,,,,,,,,,,,,,,,,,,,,,,,,
671,1155,1,,1,1,,,,,,Membership fee Payment,10E201140,Membership Fees,,,,30000,0,O,O,10A100020,Cash,1,Cash,Subaccount,30000,0,O,O,020,Tokyo Branch,Department,000,Common Department,Department,,,,,,,,
672,,,,,,70,2021-06-30,,,,,,,,,,,,,,,,,,,,,,,,,,,,,,,,,,,,
672,1156,1,,1,,,,,,,Wired service fee,10E201270,Miscellaneous Expenses,,,,6000,545,S,S,10B100630,Accounts Payable Other,,,,58381,0,O,O,020,Tokyo Branch,Department,000,Common Department,Department,,,,,,,,
672,1157,1,,,,,,,,,Security fee,10E201270,Miscellaneous Expenses,,,,52381,4761,S,S,,,,,,,,,,020,Tokyo Branch,Department,,,,,,,,,,,
672,1158,1,,1,1,,,,,,Expressway toll,10E201120,Vehicle Expenses,,,,63350,5759,S,S,10A100020,Ordinary Deposits,20,ABC Bank Head Office,Subaccount,63350,0,O,O,020,Tokyo Branch,Department,000,Common Department,Department,,,,,,,,
672,1159,1,,1,,,,,,,Cleaning fee,10E201270,Miscellaneous Expenses,,,,73500,6681,S,S,10B100630,Accounts Payable Other,,,,73500,0,O,O,020,Tokyo Branch,Department,000,Common Department,Department,,,,,,,,
673,,,,,,77,2021-06-30,,,,,,,,,,,,,,,,,,,,,,,,,,,,,,,,,,,,
673,1160,1,,1,,,,,,,Freight Expenses,10E200870,Freight Expenses,,,,149265,13569,S,S,10B100630,Accounts Payable Other,,,,149265,0,O,O,030,Nagoya Branch,Department,000,Common Department,Department,,,,,,,,
674,,,,,,79,2021-06-30,,,,,,,,,,,,,,,,,,,,,,,,,,,,,,,,,,,,
674,1161,1,,1,1,,,,,,Insurance Expenses,10E200240,Insurance Expenses,,,,62000,0,E,E,10A100020,Ordinary Deposits,30,GHI Bank Nagoya Branch,Subaccount,62000,0,O,O,030,Nagoya Branch,Department,000,Common Department,Department,,,,,,,,
675,,,,,,80,2021-06-30,,,,,,,,,,,,,,,,,,,,,,,,,,,,,,,,,,,,
675,1162,1,,1,1,,,,,,Insurance Premium Payment,10E200240,Insurance Expenses,,,,57000,0,E,E,10A100020,Ordinary Deposits,50,MNO Bank Kitakyushu Branch,Subaccount,57000,0,O,O,050,Kyushu Sales Office,Department,000,Common Department,Department,,,,,,,,
676,,,,,,82,2021-06-30,,,,,,,,,,,,,,,,,,,,,,,,,,,,,,,,,,,,
676,1163,,,1,,,,,,,Supplies expense department allocation,,,,,,,,,,10E200200,Supplies Expenses,,,,258572,0,O,O,,,,000,Common Department,Department,,,,,,,,
676,1164,1,,,,,,,,,,10E200200,Supplies Expenses,,,,28442,0,O,O,,,,,,,,,,010,Sapporo Sales Office,Department,,,,,,,,,,,
676,1165,1,,,,,,,,,,10E200200,Supplies Expenses,,,,124116,0,O,O,,,,,,,,,,020,Tokyo Branch,Department,,,,,,,,,,,
676,1166,1,,,,,,,,,,10E200200,Supplies Expenses,,,,25857,0,O,O,,,,,,,,,,030,Nagoya Branch,Department,,,,,,,,,,,
676,1167,1,,,,,,,,,,10E200200,Supplies Expenses,,,,62057,0,O,O,,,,,,,,,,040,Osaka Branch,Department,,,,,,,,,,,
676,1168,1,,,,,,,,,,10E200200,Supplies Expenses,,,,18100,0,O,O,,,,,,,,,,050,Kyushu Sales Office,Department,,,,,,,,,,,
677,,,,,,84,2021-06-30,,,,,,,,,,,,,,,,,,,,,,,,,,,,,,,,,,,,
677,1169,1,,1,1,,,,,,Gasoline,10E201120,Vehicle Expenses,,,,3411,310,S,S,10A100020,Cash,1,Cash,Subaccount,3411,0,O,O,050,Kyushu Sales Office,Department,000,Common Department,Department,,,,,,,,
678,,,,,,92,2021-06-30,,,,,,,,,,,,,,,,,,,,,,,,,,,,,,,,,,,,
678,1170,1,,1,1,,,,,,Month 6 Bonus Other 0020 Sales Department,10B100320,Provision for Bonuses,,,,1570000,0,O,O,10A100020,Ordinary Deposits,20,ABC Bank Head Office,Subaccount,1246323,0,O,O,020,Tokyo Branch,Department,000,Common Department,Department,,,,,,,,
678,1171,,,1,1,,,,,,Month 6 Bonus Other 0020 Sales Department,,,,,,,,,,10B100690,Deposits Received,1,Insurance Expenses,Subaccount,185182,0,O,O,,,,000,Common Department,Department,,,,,,,,
678,1172,,,1,1,,,,,,Month 6 Bonus Other 0020 Sales Department,,,,,,,,,,10B100690,Deposits Received,3,Withholding Tax,Subaccount,129075,0,O,O,,,,000,Common Department,Department,,,,,,,,
678,1173,,,1,1,,,,,,Month 6 Bonus Other 0020 Sales Department,,,,,,,,,,10B100690,Deposits Received,9,Other,Subaccount,9420,0,O,O,,,,000,Common Department,Department,,,,,,,,
678,1174,1,,1,1,,,,,,Month 6 Bonus Other 1000 Sapporo Sales Office,10B100320,Provision for Bonuses,,,,660000,0,O,O,10A100020,Ordinary Deposits,20,ABC Bank Head Office,Subaccount,526495,0,O,O,010,Sapporo Sales Office,Department,000,Common Department,Department,,,,,,,,
678,1175,,,1,1,,,,,,Month 6 Bonus Other 1000 Sapporo Sales Office,,,,,,,,,,10B100690,Deposits Received,1,Insurance Expenses,Subaccount,77070,0,O,O,,,,000,Common Department,Department,,,,,,,,
678,1176,,,1,1,,,,,,Month 6 Bonus Other 1000 Sapporo Sales Office,,,,,,,,,,10B100690,Deposits Received,3,Withholding Tax,Subaccount,52475,0,O,O,,,,000,Common Department,Department,,,,,,,,
678,1177,,,1,1,,,,,,Month 6 Bonus Other 1000 Sapporo Sales Office,,,,,,,,,,10B100690,Deposits Received,9,Other,Subaccount,3960,0,O,O,,,,000,Common Department,Department,,,,,,,,
678,1178,1,,1,1,,,,,,Month 6 Bonus Other 3000 Nagoya Sales Office,10B100320,Provision for Bonuses,,,,616000,0,O,O,10A100020,Ordinary Deposits,20,ABC Bank Head Office,Subaccount,492891,0,O,O,030,Nagoya Branch,Department,000,Common Department,Department,,,,,,,,
678,1179,,,1,1,,,,,,Month 6 Bonus Other 3000 Nagoya Sales Office,,,,,,,,,,10B100690,Deposits Received,1,Insurance Expenses,Subaccount,72997,0,O,O,,,,000,Common Department,Department,,,,,,,,
678,1180,,,1,1,,,,,,Month 6 Bonus Other 3000 Nagoya Sales Office,,,,,,,,,,10B100690,Deposits Received,3,Withholding Tax,Subaccount,46416,0,O,O,,,,000,Common Department,Department,,,,,,,,
678,1181,,,1,1,,,,,,Month 6 Bonus Other 3000 Nagoya Sales Office,,,,,,,,,,10B100690,Deposits Received,9,Other,Subaccount,3696,0,O,O,,,,000,Common Department,Department,,,,,,,,
678,1182,1,,1,1,,,,,,Month 6 Bonus Other 4000 Osaka Branch,10B100320,Provision for Bonuses,,,,722000,0,O,O,10A100020,Ordinary Deposits,20,ABC Bank Head Office,Subaccount,570872,0,O,O,040,Osaka Branch,Department,000,Common Department,Department,,,,,,,,
678,1183,,,1,1,,,,,,Month 6 Bonus Other 4000 Osaka Branch,,,,,,,,,,10B100690,Deposits Received,1,Insurance Expenses,Subaccount,84304,0,O,O,,,,000,Common Department,Department,,,,,,,,
678,1184,,,1,1,,,,,,Month 6 Bonus Other 4000 Osaka Branch,,,,,,,,,,10B100690,Deposits Received,3,Withholding Tax,Subaccount,62492,0,O,O,,,,000,Common Department,Department,,,,,,,,
678,1185,,,1,1,,,,,,Month 6 Bonus Other 4000 Osaka Branch,,,,,,,,,,10B100690,Deposits Received,9,Other,Subaccount,4332,0,O,O,,,,000,Common Department,Department,,,,,,,,
678,1186,1,,1,1,,,,,,Month 6 Bonus Other 5000 Kyushu Sales Office,10B100320,Provision for Bonuses,,,,474000,0,O,O,10A100020,Ordinary Deposits,20,ABC Bank Head Office,Subaccount,376270,0,O,O,050,Kyushu Sales Office,Department,000,Common Department,Department,,,,,,,,
678,1187,,,1,1,,,,,,Month 6 Bonus Other 5000 Kyushu Sales Office,,,,,,,,,,10B100690,Deposits Received,1,Insurance Expenses,Subaccount,54135,0,O,O,,,,000,Common Department,Department,,,,,,,,
678,1188,,,1,1,,,,,,Month 6 Bonus Other 5000 Kyushu Sales Office,,,,,,,,,,10B100690,Deposits Received,3,Withholding Tax,Subaccount,40751,0,O,O,,,,000,Common Department,Department,,,,,,,,
678,1189,,,1,1,,,,,,Month 6 Bonus Other 5000 Kyushu Sales Office,,,,,,,,,,10B100690,Deposits Received,9,Other,Subaccount,2844,0,O,O,,,,000,Common Department,Department,,,,,,,,
679,,,,,,93,2021-06-30,,,,,,,,,,,,,,,,,,,,,,,,,,,,,,,,,,,,
679,1190,1,,1,1,,,,,,month 5 payment,10B100630,Accounts Payable Other,,,,7116470,0,O,O,10A100020,Ordinary Deposits,20,ABC Bank Head Office,Subaccount,7116470,0,O,O,000,Common Department,Department,000,Common Department,Department,,,,,,,,
680,,,,,,96,2021-06-30,,,,,,,,,,,,,,,,,,,,,,,,,,,,,,,,,,,,
680,1191,1,,1,1,,,,,,Security fee,10E201270,Miscellaneous Expenses,,,,22470,2042,S,S,10A100020,Ordinary Deposits,30,GHI Bank Nagoya Branch,Subaccount,22470,0,O,O,030,Nagoya Branch,Department,000,Common Department,Department,,,,,,,,
681,,,,,,99,2021-06-30,,,,,,,,,,,,,,,,,,,,,,,,,,,,,,,,,,,,
681,1192,1,,1,,,,,,,Freight Expenses,10E200870,Freight Expenses,,,,612430,55675,S,S,10B100630,Accounts Payable Other,,,,612430,0,O,O,040,Osaka Branch,Department,000,Common Department,Department,,,,,,,,
682,,,,,,100,2021-06-30,,,,,,,,,,,,,,,,,,,,,,,,,,,,,,,,,,,,
682,1193,1,,1,1,,,,,,Membership fee,10E200140,Employee Welfare Expenses,,,,6000,545,S,S,10A100020,Cash,1,Cash,Subaccount,6000,0,O,O,040,Osaka Branch,Department,000,Common Department,Department,,,,,,,,
682,1194,1,1,1,1,,,,,,Insurance Premium Withheld portion,10B100690,Deposits Received,1,Insurance Expenses,Subaccount,734249,0,O,O,10A100020,Ordinary Deposits,20,ABC Bank Head Office,Subaccount,1478176,0,O,O,000,Common Department,Department,000,Common Department,Department,,,,,,,,
682,1195,1,,,,,,,,,Insurance Premium Employer contribution,10E200540,Statutory Welfare Expenses,,,,111192,0,E,E,,,,,,,,,,020,Tokyo Branch,Department,,,,,,,,,,,
682,1196,1,,,,,,,,,Insurance Premium Employer contribution,10E200540,Statutory Welfare Expenses,,,,216077,0,E,E,,,,,,,,,,020,Tokyo Branch,Department,,,,,,,,,,,
682,1197,1,,,,,,,,,Insurance Premium Employer contribution,10E200540,Statutory Welfare Expenses,,,,100704,0,E,E,,,,,,,,,,010,Sapporo Sales Office,Department,,,,,,,,,,,
682,1198,1,,,,,,,,,Insurance Premium Employer contribution,10E200540,Statutory Welfare Expenses,,,,92652,0,E,E,,,,,,,,,,030,Nagoya Branch,Department,,,,,,,,,,,
682,1199,1,,,,,,,,,Insurance Premium Employer contribution,10E200540,Statutory Welfare Expenses,,,,147385,0,E,E,,,,,,,,,,040,Osaka Branch,Department,,,,,,,,,,,
682,1200,1,,,,,,,,,Insurance Premium Employer contribution,10E200540,Statutory Welfare Expenses,,,,66245,0,E,E,,,,,,,,,,050,Kyushu Sales Office,Department,,,,,,,,,,,
682,1201,1,,,,,,,,,Child allowance contribution Employer contribution,10E200540,Statutory Welfare Expenses,,,,9672,0,E,E,,,,,,,,,,020,Tokyo Branch,Department,,,,,,,,,,,
683,,,,,,115,2021-06-30,,,,,,,,,,,,,,,,,,,,,,,,,,,,,,,,,,,,
683,1202,1,,1,1,,,,,,Insurance Expenses,10E200240,Insurance Expenses,,,,64500,0,E,E,10A100020,Ordinary Deposits,40,JKL Bank Umeda Branch,Subaccount,64500,0,O,O,040,Osaka Branch,Department,000,Common Department,Department,,,,,,,,
684,,,,,,120,2021-06-30,,,,,,,,,,,,,,,,,,,,,,,,,,,,,,,,,,,,
684,1203,1,1,1,,,,,,,6/1-6/30 periodSales,10A100090,Accounts Receivable,5,Anonymized Partner 030,Subaccount,904048,0,O,O,10D100100,Gross Sales,,,,904048,82186,S,S,000,Common Department,Department,010,Sapporo Sales Office,Department,,,,,,,,
684,1204,1,1,1,,,,,,,6/1-6/30 periodSales,10A100090,Accounts Receivable,25,Anonymized Partner 033,Subaccount,2998818,0,O,O,10D100100,Gross Sales,,,,2998818,272619,S,S,000,Common Department,Department,010,Sapporo Sales Office,Department,,,,,,,,
684,1205,1,1,1,,,,,,,6/1-6/30 periodSales,10A100090,Accounts Receivable,14,Anonymized Partner 066,Subaccount,1536704,0,O,O,10D100100,Gross Sales,,,,1536704,139700,S,S,000,Common Department,Department,010,Sapporo Sales Office,Department,,,,,,,,
684,1206,1,,1,1,,,,,,6/1-6/30 periodSales,10D100110,Sales Discounts and Returns,,,,66560,6050,S,S,10A100090,Accounts Receivable,14,Anonymized Partner 066,Subaccount,66560,0,O,O,010,Sapporo Sales Office,Department,000,Common Department,Department,,,,,,,,
685,,,,,,121,2021-06-30,,,,,,,,,,,,,,,,,,,,,,,,,,,,,,,,,,,,
685,1207,1,1,1,,,,,,,6/1-6/30 periodSales,10A100090,Accounts Receivable,12,Anonymized Partner 065,Subaccount,10195015,0,O,O,10D100100,Gross Sales,,,,10195015,926819,S,S,000,Common Department,Department,020,Tokyo Branch,Department,,,,,,,,
685,1208,1,1,1,,,,,,,6/1-6/30 periodSales,10A100090,Accounts Receivable,2,Anonymized Partner 057,Subaccount,14067110,0,O,O,10D100100,Gross Sales,,,,14067110,1278828,S,S,000,Common Department,Department,020,Tokyo Branch,Department,,,,,,,,
685,1209,1,1,1,,,,,,,6/1-6/30 periodSales,10A100090,Accounts Receivable,30,Anonymized Partner 052,Subaccount,1019738,0,O,O,10D100100,Gross Sales,,,,1019738,92703,S,S,000,Common Department,Department,020,Tokyo Branch,Department,,,,,,,,
685,1210,1,1,1,,,,,,,6/1-6/30 periodSales,10A100090,Accounts Receivable,24,Anonymized Partner 081,Subaccount,602808,0,O,O,10D100100,Gross Sales,,,,602808,54800,S,S,000,Common Department,Department,020,Tokyo Branch,Department,,,,,,,,
685,1211,1,1,1,,,,,,,6/1-6/30 periodSales,10A100090,Accounts Receivable,11,Anonymized Partner 058,Subaccount,603296,0,O,O,10D100100,Gross Sales,,,,603296,54845,S,S,000,Common Department,Department,020,Tokyo Branch,Department,,,,,,,,
685,1212,1,1,1,,,,,,,6/1-6/30 periodSales,10A100090,Accounts Receivable,13,Anonymized Partner 023,Subaccount,1101380,0,O,O,10D100100,Gross Sales,,,,1101380,100125,S,S,000,Common Department,Department,020,Tokyo Branch,Department,,,,,,,,
685,1213,1,1,1,,,,,,,6/1-6/30 periodSales,10A100090,Accounts Receivable,14,Anonymized Partner 066,Subaccount,1903676,0,O,O,10D100100,Gross Sales,,,,1903676,173061,S,S,000,Common Department,Department,020,Tokyo Branch,Department,,,,,,,,
685,1214,1,1,1,,,,,,,6/1-6/30 periodSales,10A100090,Accounts Receivable,10,Anonymized Partner 012,Subaccount,372176,0,O,O,10D100100,Gross Sales,,,,372176,33834,S,S,000,Common Department,Department,020,Tokyo Branch,Department,,,,,,,,
685,1215,1,1,1,,,,,,,6/1-6/30 periodSales,10A100090,Accounts Receivable,26,Anonymized Partner 082,Subaccount,763160,0,O,O,10D100100,Gross Sales,,,,763160,69378,S,S,000,Common Department,Department,020,Tokyo Branch,Department,,,,,,,,
685,1216,1,,1,1,,,,,,6/1-6/30 periodSales,10D100110,Sales Discounts and Returns,,,,40500,3681,S,S,10A100090,Accounts Receivable,2,Anonymized Partner 057,Subaccount,40500,0,O,O,020,Tokyo Branch,Department,000,Common Department,Department,,,,,,,,
685,1217,1,,1,1,,,,,,6/1-6/30 periodSales,10D100110,Sales Discounts and Returns,,,,64752,5886,S,S,10A100090,Accounts Receivable,12,Anonymized Partner 065,Subaccount,64752,0,O,O,020,Tokyo Branch,Department,000,Common Department,Department,,,,,,,,
686,,,,,,122,2021-06-30,,,,,,,,,,,,,,,,,,,,,,,,,,,,,,,,,,,,
686,1218,1,1,1,,,,,,,6/1-6/30 periodSales,10A100090,Accounts Receivable,27,Anonymized Partner 025,Subaccount,799276,0,O,O,10D100100,Gross Sales,,,,799276,72661,S,S,000,Common Department,Department,030,Nagoya Branch,Department,,,,,,,,
686,1219,1,1,1,,,,,,,6/1-6/30 periodSales,10A100090,Accounts Receivable,7,Anonymized Partner 042,Subaccount,1108544,0,O,O,10D100100,Gross Sales,,,,1108544,100776,S,S,000,Common Department,Department,030,Nagoya Branch,Department,,,,,,,,
686,1220,1,1,1,,,,,,,6/1-6/30 periodSales,10A100090,Accounts Receivable,6,Anonymized Partner 061,Subaccount,893412,0,O,O,10D100100,Gross Sales,,,,893412,81219,S,S,000,Common Department,Department,030,Nagoya Branch,Department,,,,,,,,
686,1221,1,1,1,,,,,,,6/1-6/30 periodSales,10A100090,Accounts Receivable,14,Anonymized Partner 066,Subaccount,1472424,0,O,O,10D100100,Gross Sales,,,,1472424,133856,S,S,000,Common Department,Department,030,Nagoya Branch,Department,,,,,,,,
686,1222,1,1,1,,,,,,,6/1-6/30 periodSales,10A100090,Accounts Receivable,19,Anonymized Partner 045,Subaccount,804060,0,O,O,10D100100,Gross Sales,,,,804060,73096,S,S,000,Common Department,Department,030,Nagoya Branch,Department,,,,,,,,
686,1223,1,1,1,,,,,,,6/1-6/30 periodSales,10A100090,Accounts Receivable,21,Anonymized Partner 014,Subaccount,504450,0,O,O,10D100100,Gross Sales,,,,504450,45859,S,S,000,Common Department,Department,030,Nagoya Branch,Department,,,,,,,,
686,1224,1,,1,1,,,,,,6/1-6/30 periodSales,10D100110,Sales Discounts and Returns,,,,23376,2125,S,S,10A100090,Accounts Receivable,14,Anonymized Partner 066,Subaccount,23376,0,O,O,030,Nagoya Branch,Department,000,Common Department,Department,,,,,,,,
687,,,,,,123,2021-06-30,,,,,,,,,,,,,,,,,,,,,,,,,,,,,,,,,,,,
687,1225,1,1,1,,,,,,,6/1-6/30 periodSales,10A100090,Accounts Receivable,20,Anonymized Partner 079,Subaccount,1016210,0,O,O,10D100100,Gross Sales,,,,1016210,92382,S,S,000,Common Department,Department,040,Osaka Branch,Department,,,,,,,,
687,1226,1,1,1,,,,,,,6/1-6/30 periodSales,10A100090,Accounts Receivable,28,Anonymized Partner 072,Subaccount,5645572,0,O,O,10D100100,Gross Sales,,,,5645572,513233,S,S,000,Common Department,Department,040,Osaka Branch,Department,,,,,,,,
687,1227,1,1,1,,,,,,,6/1-6/30 periodSales,10A100090,Accounts Receivable,4,Anonymized Partner 032,Subaccount,908128,0,O,O,10D100100,Gross Sales,,,,908128,82557,S,S,000,Common Department,Department,040,Osaka Branch,Department,,,,,,,,
687,1228,1,1,1,,,,,,,6/1-6/30 periodSales,10A100090,Accounts Receivable,14,Anonymized Partner 066,Subaccount,2319041,0,O,O,10D100100,Gross Sales,,,,2319041,210821,S,S,000,Common Department,Department,040,Osaka Branch,Department,,,,,,,,
687,1229,1,1,1,,,,,,,6/1-6/30 periodSales,10A100090,Accounts Receivable,23,Anonymized Partner 056,Subaccount,859929,0,O,O,10D100100,Gross Sales,,,,859929,78175,S,S,000,Common Department,Department,040,Osaka Branch,Department,,,,,,,,
687,1230,1,1,1,,,,,,,6/1-6/30 periodSales,10A100090,Accounts Receivable,8,Anonymized Partner 073,Subaccount,746892,0,O,O,10D100100,Gross Sales,,,,746892,67899,S,S,000,Common Department,Department,040,Osaka Branch,Department,,,,,,,,
687,1231,1,1,1,,,,,,,6/1-6/30 periodSales,10A100090,Accounts Receivable,3,Anonymized Partner 085,Subaccount,335052,0,O,O,10D100100,Gross Sales,,,,335052,30459,S,S,000,Common Department,Department,040,Osaka Branch,Department,,,,,,,,
687,1232,1,1,1,,,,,,,6/1-6/30 periodSales,10A100090,Accounts Receivable,9,Anonymized Partner 026,Subaccount,746304,0,O,O,10D100100,Gross Sales,,,,746304,67845,S,S,000,Common Department,Department,040,Osaka Branch,Department,,,,,,,,
687,1233,1,,1,1,,,,,,6/1-6/30 periodSales,10D100110,Sales Discounts and Returns,,,,28800,2618,S,S,10A100090,Accounts Receivable,4,Anonymized Partner 032,Subaccount,28800,0,O,O,040,Osaka Branch,Department,000,Common Department,Department,,,,,,,,
687,1234,1,,1,1,,,,,,6/1-6/30 periodSales,10D100110,Sales Discounts and Returns,,,,26496,2408,S,S,10A100090,Accounts Receivable,28,Anonymized Partner 072,Subaccount,26496,0,O,O,040,Osaka Branch,Department,000,Common Department,Department,,,,,,,,
688,,,,,,124,2021-06-30,,,,,,,,,,,,,,,,,,,,,,,,,,,,,,,,,,,,
688,1235,1,1,1,,,,,,,6/1-6/30 periodSales,10A100090,Accounts Receivable,14,Anonymized Partner 066,Subaccount,1335240,0,O,O,10D100100,Gross Sales,,,,1335240,121385,S,S,000,Common Department,Department,050,Kyushu Sales Office,Department,,,,,,,,
688,1236,1,1,1,,,,,,,6/1-6/30 periodSales,10A100090,Accounts Receivable,29,Anonymized Partner 049,Subaccount,404352,0,O,O,10D100100,Gross Sales,,,,404352,36759,S,S,000,Common Department,Department,050,Kyushu Sales Office,Department,,,,,,,,
688,1237,1,1,1,,,,,,,6/1-6/30 periodSales,10A100090,Accounts Receivable,1,Anonymized Partner 068,Subaccount,1221480,0,O,O,10D100100,Gross Sales,,,,1221480,111043,S,S,000,Common Department,Department,050,Kyushu Sales Office,Department,,,,,,,,
688,1238,1,1,1,,,,,,,6/1-6/30 periodSales,10A100090,Accounts Receivable,22,Anonymized Partner 070,Subaccount,915480,0,O,O,10D100100,Gross Sales,,,,915480,83225,S,S,000,Common Department,Department,050,Kyushu Sales Office,Department,,,,,,,,
688,1239,1,,1,1,,,,,,6/1-6/30 periodSales,10D100110,Sales Discounts and Returns,,,,21600,1963,S,S,10A100090,Accounts Receivable,1,Anonymized Partner 068,Subaccount,21600,0,O,O,050,Kyushu Sales Office,Department,000,Common Department,Department,,,,,,,,
689,,,,,,125,2021-06-30,,,,,,,,,,,,,,,,,,,,,,,,,,,,,,,,,,,,
689,1240,1,1,1,1,,,,,,Voucher No. 248 dated 6/30 Anonymized Partner 032,10A100020,Ordinary Deposits,40,JKL Bank Umeda Branch,Subaccount,1273800,0,O,O,10A100090,Accounts Receivable,4,Anonymized Partner 032,Subaccount,1273800,0,O,O,000,Common Department,Department,000,Common Department,Department,,,,,,,,
689,1241,1,,1,1,,,,,,Voucher No. 248 dated 6/30 Anonymized Partner 032,10E200690,Service Fees,,,,840,76,S,S,10A100090,Accounts Receivable,4,Anonymized Partner 032,Subaccount,840,0,O,O,040,Osaka Branch,Department,000,Common Department,Department,,,,,,,,
690,,,,,,126,2021-06-30,,,,,,,,,,,,,,,,,,,,,,,,,,,,,,,,,,,,
690,1242,1,1,1,1,,,,,,Voucher No. 249 dated 6/30 Anonymized Partner 030,10A100020,Ordinary Deposits,10,DEF Bank Station Branch,Subaccount,1203760,0,O,O,10A100090,Accounts Receivable,5,Anonymized Partner 030,Subaccount,1203760,0,O,O,000,Common Department,Department,000,Common Department,Department,,,,,,,,
690,1243,1,,1,1,,,,,,Voucher No. 249 dated 6/30 Anonymized Partner 030,10E200690,Service Fees,,,,840,76,S,S,10A100090,Accounts Receivable,5,Anonymized Partner 030,Subaccount,840,0,O,O,010,Sapporo Sales Office,Department,000,Common Department,Department,,,,,,,,
691,,,,,,127,2021-06-30,,,,,,,,,,,,,,,,,,,,,,,,,,,,,,,,,,,,
691,1244,1,,1,1,,,,,,Voucher No. 250 dated 6/30 Anonymized Partner 065 | Sales voucher=20210531-115;Note number=R20210630-127-12,10A100060,Notes Receivable,,,,8000694,0,O,O,10A100090,Accounts Receivable,12,Anonymized Partner 065,Subaccount,8000694,0,O,O,000,Common Department,Department,000,Common Department,Department,,,,,,,,
692,,,,,,128,2021-06-30,,,,,,,,,,,,,,,,,,,,,,,,,,,,,,,,,,,,
692,1245,1,,1,1,,,,,,Revenue stamp,10E200210,Taxes and Dues,,,,4000,0,O,O,10A100020,Cash,1,Cash,Subaccount,4000,0,O,O,010,Sapporo Sales Office,Department,000,Common Department,Department,,,,,,,,
692,1246,1,1,1,1,,,,,,Voucher No. 251 dated 6/30 Anonymized Partner 081,10A100020,Ordinary Deposits,20,ABC Bank Head Office,Subaccount,729494,0,O,O,10A100090,Accounts Receivable,24,Anonymized Partner 081,Subaccount,729494,0,O,O,000,Common Department,Department,000,Common Department,Department,,,,,,,,
692,1247,1,,1,1,,,,,,Voucher No. 251 dated 6/30 Anonymized Partner 081,10E200690,Service Fees,,,,630,57,S,S,10A100090,Accounts Receivable,24,Anonymized Partner 081,Subaccount,630,0,O,O,020,Tokyo Branch,Department,000,Common Department,Department,,,,,,,,
693,,,,,,129,2021-06-30,,,,,,,,,,,,,,,,,,,,,,,,,,,,,,,,,,,,
693,1248,1,1,1,1,,,,,,Voucher No. 252 dated 6/30 Anonymized Partner 049,10A100020,Ordinary Deposits,50,MNO Bank Kitakyushu Branch,Subaccount,843450,0,O,O,10A100090,Accounts Receivable,29,Anonymized Partner 049,Subaccount,843450,0,O,O,000,Common Department,Department,000,Common Department,Department,,,,,,,,
693,1249,1,,1,1,,,,,,Voucher No. 252 dated 6/30 Anonymized Partner 049,10E200690,Service Fees,,,,210,19,S,S,10A100090,Accounts Receivable,29,Anonymized Partner 049,Subaccount,210,0,O,O,050,Kyushu Sales Office,Department,000,Common Department,Department,,,,,,,,
694,,,,,,130,2021-06-30,,,,,,,,,,,,,,,,,,,,,,,,,,,,,,,,,,,,
694,1250,1,1,1,1,,,,,,Voucher No. 452 dated 6/30 Anonymized Partner 012,10A100020,Cash,1,Cash,Subaccount,560672,0,O,O,10A100090,Accounts Receivable,10,Anonymized Partner 012,Subaccount,560672,0,O,O,000,Common Department,Department,000,Common Department,Department,,,,,,,,
695,,,,,,131,2021-06-30,,,,,,,,,,,,,,,,,,,,,,,,,,,,,,,,,,,,
695,1251,1,,1,1,,,,,,6/1-6/30 period Purchases,10E100130,Merchandise Purchases,,,,77565,7051,S,S,10B100040,Accounts Payable,2,Anonymized Partner 046,Subaccount,77565,0,O,O,010,Sapporo Sales Office,Department,000,Common Department,Department,,,,,,,,
695,1252,1,,1,1,,,,,,6/1-6/30 period Purchases,10E100130,Merchandise Purchases,,,,49392,4490,S,S,10B100040,Accounts Payable,8,Anonymized Partner 063,Subaccount,49392,0,O,O,010,Sapporo Sales Office,Department,000,Common Department,Department,,,,,,,,
696,,,,,,132,2021-06-30,,,,,,,,,,,,,,,,,,,,,,,,,,,,,,,,,,,,
696,1253,1,,1,1,,,,,,6/1-6/30 period Purchases,10E100130,Merchandise Purchases,,,,4187544,380685,S,S,10B100040,Accounts Payable,11,Anonymized Partner 067,Subaccount,4187544,0,O,O,020,Tokyo Branch,Department,000,Common Department,Department,,,,,,,,
696,1254,1,,1,1,,,,,,6/1-6/30 period Purchases,10E100130,Merchandise Purchases,,,,5813524,528502,S,S,10B100040,Accounts Payable,1,Anonymized Partner 043,Subaccount,5813524,0,O,O,020,Tokyo Branch,Department,000,Common Department,Department,,,,,,,,
696,1255,1,,1,1,,,,,,6/1-6/30 period Purchases,10E100130,Merchandise Purchases,,,,2864586,260416,S,S,10B100040,Accounts Payable,14,Anonymized Partner 011,Subaccount,2864586,0,O,O,020,Tokyo Branch,Department,000,Common Department,Department,,,,,,,,
696,1256,1,,1,1,,,,,,6/1-6/30 period Purchases,10E100130,Merchandise Purchases,,,,3136658,285150,S,S,10B100040,Accounts Payable,3,Anonymized Partner 085,Subaccount,3136658,0,O,O,020,Tokyo Branch,Department,000,Common Department,Department,,,,,,,,
696,1257,1,,1,1,,,,,,6/1-6/30 period Purchases,10E100130,Merchandise Purchases,,,,1224976,111361,S,S,10B100040,Accounts Payable,13,Anonymized Partner 027,Subaccount,1224976,0,O,O,020,Tokyo Branch,Department,000,Common Department,Department,,,,,,,,
696,1258,1,1,1,,,,,,,6/1-6/30 period Purchases,10B100040,Accounts Payable,13,Anonymized Partner 027,Subaccount,14784,0,O,O,10E100120,Purchase Discounts and Returns,,,,14784,1344,S,S,000,Common Department,Department,020,Tokyo Branch,Department,,,,,,,,
696,1259,1,,1,1,,,,,,6/1-6/30 period Purchases,10E100130,Merchandise Purchases,,,,316537,28776,S,S,10B100040,Accounts Payable,12,Anonymized Partner 059,Subaccount,316537,0,O,O,020,Tokyo Branch,Department,000,Common Department,Department,,,,,,,,
696,1260,1,1,1,,,,,,,6/1-6/30 period Purchases,10B100040,Accounts Payable,11,Anonymized Partner 067,Subaccount,67512,0,O,O,10E100120,Purchase Discounts and Returns,,,,67512,6137,S,S,000,Common Department,Department,020,Tokyo Branch,Department,,,,,,,,
696,1261,1,,1,1,,,,,,6/1-6/30 period Purchases,10E100130,Merchandise Purchases,,,,222264,20205,S,S,10B100040,Accounts Payable,8,Anonymized Partner 063,Subaccount,222264,0,O,O,020,Tokyo Branch,Department,000,Common Department,Department,,,,,,,,
696,1262,1,1,1,,,,,,,6/1-6/30 period Purchases,10B100040,Accounts Payable,3,Anonymized Partner 085,Subaccount,20580,0,O,O,10E100120,Purchase Discounts and Returns,,,,20580,1870,S,S,000,Common Department,Department,020,Tokyo Branch,Department,,,,,,,,
696,1263,1,,1,1,,,,,,6/1-6/30 period Purchases,10E100130,Merchandise Purchases,,,,616209,56019,S,S,10B100040,Accounts Payable,2,Anonymized Partner 046,Subaccount,616209,0,O,O,020,Tokyo Branch,Department,000,Common Department,Department,,,,,,,,
697,,,,,,133,2021-06-30,,,,,,,,,,,,,,,,,,,,,,,,,,,,,,,,,,,,
697,1264,1,,1,1,,,,,,6/1-6/30 period Purchases,10E100130,Merchandise Purchases,,,,3490290,317299,S,S,10B100040,Accounts Payable,7,Anonymized Partner 048,Subaccount,3490290,0,O,O,030,Nagoya Branch,Department,000,Common Department,Department,,,,,,,,
697,1265,1,,1,1,,,,,,6/1-6/30 period Purchases,10E100130,Merchandise Purchases,,,,1712425,155675,S,S,10B100040,Accounts Payable,9,Anonymized Partner 029,Subaccount,1712425,0,O,O,030,Nagoya Branch,Department,000,Common Department,Department,,,,,,,,
697,1266,1,,1,1,,,,,,6/1-6/30 period Purchases,10E100130,Merchandise Purchases,,,,1109128,100829,S,S,10B100040,Accounts Payable,15,Anonymized Partner 074,Subaccount,1109128,0,O,O,030,Nagoya Branch,Department,000,Common Department,Department,,,,,,,,
697,1267,1,,1,1,,,,,,6/1-6/30 period Purchases,10E100130,Merchandise Purchases,,,,116346,10576,S,S,10B100040,Accounts Payable,2,Anonymized Partner 046,Subaccount,116346,0,O,O,030,Nagoya Branch,Department,000,Common Department,Department,,,,,,,,
697,1268,1,,1,1,,,,,,6/1-6/30 period Purchases,10E100130,Merchandise Purchases,,,,24696,2245,S,S,10B100040,Accounts Payable,8,Anonymized Partner 063,Subaccount,24696,0,O,O,030,Nagoya Branch,Department,000,Common Department,Department,,,,,,,,
697,1269,1,1,1,,,,,,,6/1-6/30 period Purchases,10B100040,Accounts Payable,7,Anonymized Partner 048,Subaccount,42806,0,O,O,10E100120,Purchase Discounts and Returns,,,,42806,3891,S,S,000,Common Department,Department,030,Nagoya Branch,Department,,,,,,,,
698,,,,,,134,2021-06-30,,,,,,,,,,,,,,,,,,,,,,,,,,,,,,,,,,,,
698,1270,1,,1,1,,,,,,6/1-6/30 period Purchases,10E100130,Merchandise Purchases,,,,3040340,276394,S,S,10B100040,Accounts Payable,10,Anonymized Partner 009,Subaccount,3040340,0,O,O,040,Osaka Branch,Department,000,Common Department,Department,,,,,,,,
698,1271,1,,1,1,,,,,,6/1-6/30 period Purchases,10E100130,Merchandise Purchases,,,,3482789,316617,S,S,10B100040,Accounts Payable,6,Anonymized Partner 054,Subaccount,3482789,0,O,O,040,Osaka Branch,Department,000,Common Department,Department,,,,,,,,
698,1272,1,,1,1,,,,,,6/1-6/30 period Purchases,10E100130,Merchandise Purchases,,,,3702978,336634,S,S,10B100040,Accounts Payable,5,Anonymized Partner 010,Subaccount,3702978,0,O,O,040,Osaka Branch,Department,000,Common Department,Department,,,,,,,,
698,1273,1,,1,1,,,,,,6/1-6/30 period Purchases,10E100130,Merchandise Purchases,,,,888656,80786,S,S,10B100040,Accounts Payable,4,Anonymized Partner 047,Subaccount,888656,0,O,O,040,Osaka Branch,Department,000,Common Department,Department,,,,,,,,
698,1274,1,,1,1,,,,,,6/1-6/30 period Purchases,10E100130,Merchandise Purchases,,,,349042,31731,S,S,10B100040,Accounts Payable,2,Anonymized Partner 046,Subaccount,349042,0,O,O,040,Osaka Branch,Department,000,Common Department,Department,,,,,,,,
698,1275,1,1,1,,,,,,,6/1-6/30 period Purchases,10B100040,Accounts Payable,10,Anonymized Partner 009,Subaccount,20160,0,O,O,10E100120,Purchase Discounts and Returns,,,,20160,1832,S,S,000,Common Department,Department,040,Osaka Branch,Department,,,,,,,,
698,1276,1,,1,1,,,,,,6/1-6/30 period Purchases,10E100130,Merchandise Purchases,,,,44452,4041,S,S,10B100040,Accounts Payable,8,Anonymized Partner 063,Subaccount,44452,0,O,O,040,Osaka Branch,Department,000,Common Department,Department,,,,,,,,
698,1277,1,1,1,,,,,,,6/1-6/30 period Purchases,10B100040,Accounts Payable,5,Anonymized Partner 010,Subaccount,22596,0,O,O,10E100120,Purchase Discounts and Returns,,,,22596,2054,S,S,000,Common Department,Department,040,Osaka Branch,Department,,,,,,,,
698,1278,1,1,1,,,,,,,6/1-6/30 period Purchases,10B100040,Accounts Payable,6,Anonymized Partner 054,Subaccount,23436,0,O,O,10E100120,Purchase Discounts and Returns,,,,23436,2130,S,S,000,Common Department,Department,040,Osaka Branch,Department,,,,,,,,
699,,,,,,135,2021-06-30,,,,,,,,,,,,,,,,,,,,,,,,,,,,,,,,,,,,
699,1279,1,,1,1,,,,,,6/1-6/30 period Purchases,10E100130,Merchandise Purchases,,,,137893,12535,S,S,10B100040,Accounts Payable,2,Anonymized Partner 046,Subaccount,137893,0,O,O,050,Kyushu Sales Office,Department,000,Common Department,Department,,,,,,,,
699,1280,1,,1,1,,,,,,6/1-6/30 period Purchases,10E100130,Merchandise Purchases,,,,49392,4490,S,S,10B100040,Accounts Payable,8,Anonymized Partner 063,Subaccount,49392,0,O,O,050,Kyushu Sales Office,Department,000,Common Department,Department,,,,,,,,
700,,,,,,136,2021-06-30,,,,,,,,,,,,,,,,,,,,,,,,,,,,,,,,,,,,
700,1281,1,1,1,1,,,,,,Voucher No. 161 dated 6/30 Anonymized Partner 046,10B100040,Accounts Payable,2,Anonymized Partner 046,Subaccount,1295468,0,O,O,10A100020,Ordinary Deposits,20,ABC Bank Head Office,Subaccount,1295468,0,O,O,000,Common Department,Department,000,Common Department,Department,,,,,,,,
701,,,,,,137,2021-06-30,,,,,,,,,,,,,,,,,,,,,,,,,,,,,,,,,,,,
701,1282,1,,1,,,,,,,Wired service fee,10E201270,Miscellaneous Expenses,,,,6000,545,S,S,10B100630,Accounts Payable Other,,,,48858,0,O,O,040,Osaka Branch,Department,000,Common Department,Department,,,,,,,,
701,1283,1,,,,,,,,,Security fee,10E201270,Miscellaneous Expenses,,,,42858,3896,S,S,,,,,,,,,,040,Osaka Branch,Department,,,,,,,,,,,
701,1284,1,,1,1,,,,,,Expressway toll,10E201120,Vehicle Expenses,,,,53315,4846,S,S,10A100020,Ordinary Deposits,40,JKL Bank Umeda Branch,Subaccount,53315,0,O,O,040,Osaka Branch,Department,000,Common Department,Department,,,,,,,,
701,1285,1,,1,,,,,,,Cleaning fee,10E201270,Miscellaneous Expenses,,,,73500,6681,S,S,10B100630,Accounts Payable Other,,,,73500,0,O,O,040,Osaka Branch,Department,000,Common Department,Department,,,,,,,,
701,1286,1,1,1,,,,,,,Voucher No. 162 dated 6/30 Anonymized Partner 010,10B100040,Accounts Payable,5,Anonymized Partner 010,Subaccount,3722134,0,O,O,10B100030,Notes Payable,,,,3722134,0,O,O,000,Common Department,Department,000,Common Department,Department,,,,,,,,
702,,,,,,138,2021-06-30,,,,,,,,,,,,,,,,,,,,,,,,,,,,,,,,,,,,
702,1287,1,1,1,1,,,,,,Voucher No. 163 dated 6/30 Anonymized Partner 048,10B100040,Accounts Payable,7,Anonymized Partner 048,Subaccount,3532422,0,O,O,10A100020,Ordinary Deposits,20,ABC Bank Head Office,Subaccount,3532422,0,O,O,000,Common Department,Department,000,Common Department,Department,,,,,,,,
703,,,,,,139,2021-06-30,,,,,,,,,,,,,,,,,,,,,,,,,,,,,,,,,,,,
703,1288,1,1,1,,,,,,,Voucher No. 164 dated 6/30 Anonymized Partner 029,10B100040,Accounts Payable,9,Anonymized Partner 029,Subaccount,1759143,0,O,O,10B100030,Notes Payable,,,,1759143,0,O,O,000,Common Department,Department,000,Common Department,Department,,,,,,,,
704,,,,,,140,2021-06-30,,,,,,,,,,,,,,,,,,,,,,,,,,,,,,,,,,,,
704,1289,1,1,1,,,,,,,Voucher No. 165 dated 6/30 Anonymized Partner 009,10B100040,Accounts Payable,10,Anonymized Partner 009,Subaccount,2974673,0,O,O,10B100030,Notes Payable,,,,2974673,0,O,O,000,Common Department,Department,000,Common Department,Department,,,,,,,,
705,,,,,,141,2021-06-30,,,,,,,,,,,,,,,,,,,,,,,,,,,,,,,,,,,,
705,1290,1,1,1,1,,,,,,Voucher No. 166 dated 6/30 Anonymized Partner 059,10B100040,Accounts Payable,12,Anonymized Partner 059,Subaccount,330220,0,O,O,10A100020,Ordinary Deposits,20,ABC Bank Head Office,Subaccount,330220,0,O,O,000,Common Department,Department,000,Common Department,Department,,,,,,,,
706,,,,,,142,2021-06-30,,,,,,,,,,,,,,,,,,,,,,,,,,,,,,,,,,,,
706,1291,1,1,1,1,,,,,,Voucher No. 167 dated 6/30 Anonymized Partner 027,10B100040,Accounts Payable,13,Anonymized Partner 027,Subaccount,1263652,0,O,O,10A100020,Ordinary Deposits,20,ABC Bank Head Office,Subaccount,1263652,0,O,O,000,Common Department,Department,000,Common Department,Department,,,,,,,,
707,,,,,,143,2021-06-30,,,,,,,,,,,,,,,,,,,,,,,,,,,,,,,,,,,,
707,1292,1,1,1,1,,,,,,Voucher No. 168 dated 6/30 Anonymized Partner 011,10B100040,Accounts Payable,14,Anonymized Partner 011,Subaccount,2895984,0,O,O,10A100020,Ordinary Deposits,20,ABC Bank Head Office,Subaccount,2895984,0,O,O,000,Common Department,Department,000,Common Department,Department,,,,,,,,
708,,,,,,144,2021-06-30,,,,,,,,,,,,,,,,,,,,,,,,,,,,,,,,,,,,
708,1293,1,1,1,1,,,,,,Voucher No. 169 dated 6/30 Anonymized Partner 074,10B100040,Accounts Payable,15,Anonymized Partner 074,Subaccount,1154355,0,O,O,10A100020,Ordinary Deposits,20,ABC Bank Head Office,Subaccount,1154355,0,O,O,000,Common Department,Department,000,Common Department,Department,,,,,,,,
708,1294,1,1,1,,,,,,,Note maturity Anonymized Partner 072 | Note number=R20210410-258-28,10A100020,Checking Deposits,1,ABC Bank,Subaccount,7862107,0,O,O,10A100060,Notes Receivable,,,,7862107,0,O,O,000,Common Department,Department,000,Common Department,Department,,,,,,,,
709,,,,,,145,2021-06-30,,,,,,,,,,,,,,,,,,,,,,,,,,,,,,,,,,,,
709,1295,1,,1,,,,,,,Freight Expenses,10E200870,Freight Expenses,,,,142450,12950,S,S,10B100630,Accounts Payable Other,,,,142450,0,O,O,050,Kyushu Sales Office,Department,000,Common Department,Department,,,,,,,,
709,1296,1,1,1,,,,,,,Note maturity Anonymized Partner 057 | Provisional note number=U20210630-145-2;Receipt journal entry unidentified,10A100020,Checking Deposits,1,ABC Bank,Subaccount,13932999,0,O,O,10A100060,Notes Receivable,,,,13932999,0,O,O,000,Common Department,Department,000,Common Department,Department,,,,,,,,
710,,,,,,146,2021-06-30,,,,,,,,,,,,,,,,,,,,,,,,,,,,,,,,,,,,
710,1297,1,,1,1,,,,,,Note due date settlement Anonymized Partner 010,10B100030,Notes Payable,,,,4161432,0,O,O,10A100020,Checking Deposits,1,ABC Bank,Subaccount,4161432,0,O,O,000,Common Department,Department,000,Common Department,Department,,,,,,,,
710,1298,1,,1,1,,,,,,Note due date settlement Anonymized Partner 029,10B100030,Notes Payable,,,,1798460,0,O,O,10A100020,Checking Deposits,1,ABC Bank,Subaccount,1798460,0,O,O,000,Common Department,Department,000,Common Department,Department,,,,,,,,
710,1299,1,,1,1,,,,,,Note due date settlement Anonymized Partner 009,10B100030,Notes Payable,,,,3129144,0,O,O,10A100020,Checking Deposits,1,ABC Bank,Subaccount,3129144,0,O,O,000,Common Department,Department,000,Common Department,Department,,,,,,,,
711,,,,,,151,2021-06-30,,,,,,,,,,,,,,,,,,,,,,,,,,,,,,,,,,,,
711,1300,1,1,1,,,,,,,Loan repayment received,10A100020,Ordinary Deposits,20,ABC Bank Head Office,Subaccount,40000,0,O,O,10A100610,Short-term Loans Receivable,,,,40000,0,O,O,000,Common Department,Department,000,Common Department,Department,,,,,,,,
712,,,,,,152,2021-06-30,,,,,,,,,,,,,,,,,,,,,,,,,,,,,,,,,,,,
712,1301,1,1,1,1,,,,,,Installment savings,10A100020,Installment Savings,4,Installment Savings,Subaccount,500000,0,O,O,10A100020,Ordinary Deposits,20,ABC Bank Head Office,Subaccount,625000,0,O,O,000,Common Department,Department,000,Common Department,Department,,,,,,,,
712,1302,1,,,,,,,,,Insurance Reserve Deposits,10A230570,Insurance Reserve Deposits,,,,125000,0,O,O,,,,,,,,,,000,Common Department,Department,,,,,,,,,,,
713,,,,,,153,2021-06-30,,,,,,,,,,,,,,,,,,,,,,,,,,,,,,,,,,,,
713,1303,1,,1,1,,,,,,Loan repayment,10B100790,Short-term Borrowings,,,,653500,0,O,O,10A100020,Checking Deposits,1,ABC Bank,Subaccount,686175,0,O,O,000,Common Department,Department,000,Common Department,Department,,,,,,,,
713,1304,1,,,,,,,,,Interest,10E300020,Interest Expense,,,,32675,0,E,E,,,,,,,,,,020,Tokyo Branch,Department,,,,,,,,,,,
714,,,,,,990003,2021-06-30,,,,,,,,,,,,,,,,,,,,,,,,,,,,,,,,,,,,
714,1305,1,,1,,,,,,,Sample definition: Semiannual bonus accrual allocated evenly 202106 Department010,10E200130,Bonuses,,,,110000,0,O,O,10B100320,Provision for Bonuses,,,,110000,0,O,O,010,Sapporo Sales Office,Department,010,Sapporo Sales Office,Department,,,,,,,,
714,1306,1,,1,,,,,,,Sample definition: Semiannual bonus accrual allocated evenly 202106 Department020,10E200130,Bonuses,,,,261667,0,O,O,10B100320,Provision for Bonuses,,,,261667,0,O,O,020,Tokyo Branch,Department,020,Tokyo Branch,Department,,,,,,,,
714,1307,1,,1,,,,,,,Sample definition: Semiannual bonus accrual allocated evenly 202106 Department030,10E200130,Bonuses,,,,102667,0,O,O,10B100320,Provision for Bonuses,,,,102667,0,O,O,030,Nagoya Branch,Department,030,Nagoya Branch,Department,,,,,,,,
714,1308,1,,1,,,,,,,Sample definition: Semiannual bonus accrual allocated evenly 202106 Department040,10E200130,Bonuses,,,,120333,0,O,O,10B100320,Provision for Bonuses,,,,120333,0,O,O,040,Osaka Branch,Department,040,Osaka Branch,Department,,,,,,,,
714,1309,1,,1,,,,,,,Sample definition: Semiannual bonus accrual allocated evenly 202106 Department050,10E200130,Bonuses,,,,79000,0,O,O,10B100320,Provision for Bonuses,,,,79000,0,O,O,050,Kyushu Sales Office,Department,050,Kyushu Sales Office,Department,,,,,,,,
