JP07a,JP08a,BS04fb,JP05a,BS04fc,JP05b,JP07a_GL03_01,JP07a_GL03_03,GL05c_01,GE23c_01,GE09eR_01,JP08a_GL04_03,JP06e_GE24_01,JP06e_GE24_02,JP05a_01,JP05a_02,JP05a_03,GE05ku_01,GE05kw_01,JP02j_BS09_01,JP02j_BS09_02,JP06f_GE24_01,JP06f_GE24_02,JP05b_01,JP05b_02,JP05b_03,GE05kz_01,GE05kB_01,JP02k_BS09_01,JP02k_BS09_02,BS04fb_01,BS04fb_02,BS04fb_03,BS04fc_01,BS04fc_02,BS04fc_03,Data_Scope,Document_ID,Document_Type,Document_Number,Related_Document_ID,Related_Document_Type,Related_Document_Number,Settlement_Scheduled_Month
715,,,,,,56,2021-07-01,,,,,,,,,,,,,,,,,,,,,,,,,,,,,,,,,,,,
715,1310,1,,1,1,,,,,,Travel expense,10E201230,Travel and Transportation Expenses,,,,19800,1800,S,S,10A100020,Cash,1,Cash,Subaccount,19800,0,O,O,020,Tokyo Branch,Department,000,Common Department,Department,,,,,,,,
716,,,,,,66,2021-07-01,,,,,,,,,,,,,,,,,,,,,,,,,,,,,,,,,,,,
716,1311,1,,1,1,,,,,,lease fee,10E200730,Land and Building Rent,,,,209850,19077,S,S,10A100020,Ordinary Deposits,20,ABC Bank Head Office,Subaccount,209850,0,O,O,020,Tokyo Branch,Department,000,Common Department,Department,,,,,,,,
717,,,,,,70,2021-07-01,,,,,,,,,,,,,,,,,,,,,,,,,,,,,,,,,,,,
717,1312,1,,1,1,,,,,,Battery expense,10E201270,Miscellaneous Expenses,,,,458,41,S,S,10A100020,Cash,1,Cash,Subaccount,458,0,O,O,040,Osaka Branch,Department,000,Common Department,Department,,,,,,,,
718,,,,,,79,2021-07-01,,,,,,,,,,,,,,,,,,,,,,,,,,,,,,,,,,,,
718,1313,1,,1,1,,,,,,Prize expense,10E200140,Employee Welfare Expenses,,,,35077,3188,S,S,10A100020,Cash,1,Cash,Subaccount,35077,0,O,O,030,Nagoya Branch,Department,000,Common Department,Department,,,,,,,,
719,,,,,,116,2021-07-01,,,,,,,,,,,,,,,,,,,,,,,,,,,,,,,,,,,,
719,1314,1,,1,1,,,,,,lease fee,10E200730,Land and Building Rent,,,,84000,7636,S,S,10A100020,Ordinary Deposits,40,JKL Bank Umeda Branch,Subaccount,84000,0,O,O,040,Osaka Branch,Department,000,Common Department,Department,,,,,,,,
720,,,,,,32,2021-07-02,,,,,,,,,,,,,,,,,,,,,,,,,,,,,,,,,,,,
720,1315,1,,1,,,,,,,office supplies expense,10E201110,Office Supplies Expenses,,,,2233,203,S,S,10B100630,Accounts Payable Other,,,,2233,0,O,O,010,Sapporo Sales Office,Department,000,Common Department,Department,,,,,,,,
721,,,,,,142,2021-07-02,,,,,,,,,,,,,,,,,,,,,,,,,,,,,,,,,,,,
721,1316,1,,1,1,,,,,,Car wash expense,10E201120,Vehicle Expenses,,,,2458,223,S,S,10A100020,Cash,1,Cash,Subaccount,24205,0,O,O,040,Osaka Branch,Department,000,Common Department,Department,,,,,,,,
721,1317,1,,,,,,,,,Gasoline,10E201120,Vehicle Expenses,,,,6229,566,S,S,,,,,,,,,,040,Osaka Branch,Department,,,,,,,,,,,
721,1318,1,,,,,,,,,Expressway toll,10E201120,Vehicle Expenses,,,,3086,280,S,S,,,,,,,,,,040,Osaka Branch,Department,,,,,,,,,,,
721,1319,1,,,,,,,,,Expressway toll,10E201120,Vehicle Expenses,,,,477,43,S,S,,,,,,,,,,040,Osaka Branch,Department,,,,,,,,,,,
721,1320,1,,,,,,,,,Expressway toll,10E201120,Vehicle Expenses,,,,8097,736,S,S,,,,,,,,,,040,Osaka Branch,Department,,,,,,,,,,,
721,1321,1,,,,,,,,,Gasoline,10E201120,Vehicle Expenses,,,,3858,350,S,S,,,,,,,,,,040,Osaka Branch,Department,,,,,,,,,,,
722,,,,,,151,2021-07-02,,,,,,,,,,,,,,,,,,,,,,,,,,,,,,,,,,,,
722,1322,1,,1,1,,,,,,Meal expense Anonymized Store 027 2 people,10E200150,Entertainment Expenses,,,,6143,558,S,S,10A100020,Cash,1,Cash,Subaccount,15055,0,O,O,040,Osaka Branch,Department,000,Common Department,Department,,,,,,,,
722,1323,1,,,,,,,,,Meal expense Anonymized Store 007 4 people,10E200150,Entertainment Expenses,,,,8912,810,S,S,,,,,,,,,,040,Osaka Branch,Department,,,,,,,,,,,
723,,,,,,19,2021-07-03,,,,,,,,,,,,,,,,,,,,,,,,,,,,,,,,,,,,
723,1324,1,,1,1,,,,,,Travel expense,10E201230,Travel and Transportation Expenses,,,,10450,950,S,S,10A100020,Cash,1,Cash,Subaccount,10450,0,O,O,010,Sapporo Sales Office,Department,000,Common Department,Department,,,,,,,,
724,,,,,,80,2021-07-03,,,,,,,,,,,,,,,,,,,,,,,,,,,,,,,,,,,,
724,1325,1,,1,1,,,,,,taxi expense,10E201230,Travel and Transportation Expenses,,,,6500,590,S,S,10A100020,Cash,1,Cash,Subaccount,6500,0,O,O,030,Nagoya Branch,Department,000,Common Department,Department,,,,,,,,
725,,,,,,134,2021-07-03,,,,,,,,,,,,,,,,,,,,,,,,,,,,,,,,,,,,
725,1326,1,,1,1,,,,,,Paper,10E201110,Office Supplies Expenses,,,,13780,1252,S,S,10A100020,Cash,1,Cash,Subaccount,13780,0,O,O,030,Nagoya Branch,Department,000,Common Department,Department,,,,,,,,
726,,,,,,10,2021-07-04,,,,,,,,,,,,,,,,,,,,,,,,,,,,,,,,,,,,
726,1327,1,,1,1,,,,,,Gasoline,10E201120,Vehicle Expenses,,,,7320,665,S,S,10A100020,Cash,1,Cash,Subaccount,7320,0,O,O,010,Sapporo Sales Office,Department,000,Common Department,Department,,,,,,,,
727,,,,,,41,2021-07-04,,,,,,,,,,,,,,,,,,,,,,,,,,,,,,,,,,,,
727,1328,1,,1,1,,,,,,Wedding reception fee,10E200150,Entertainment Expenses,,,,12000,1090,S,S,10A100020,Cash,1,Cash,Subaccount,12000,0,O,O,020,Tokyo Branch,Department,000,Common Department,Department,,,,,,,,
728,,,,,,73,2021-07-04,,,,,,,,,,,,,,,,,,,,,,,,,,,,,,,,,,,,
728,1329,1,,1,1,,,,,,Meal expense Anonymized Store 011,10E200150,Entertainment Expenses,,,,14630,1330,S,S,10A100020,Cash,1,Cash,Subaccount,14630,0,O,O,020,Tokyo Branch,Department,000,Common Department,Department,,,,,,,,
729,,,,,,82,2021-07-04,,,,,,,,,,,,,,,,,,,,,,,,,,,,,,,,,,,,
729,1330,1,,1,,,,,,,Gasoline,10E201120,Vehicle Expenses,,,,18900,1718,S,S,10B100630,Accounts Payable Other,,,,18900,0,O,O,030,Nagoya Branch,Department,000,Common Department,Department,,,,,,,,
730,,,,,,18,2021-07-05,,,,,,,,,,,,,,,,,,,,,,,,,,,,,,,,,,,,
730,1331,1,,1,1,,,,,,Air ticket,10E201230,Travel and Transportation Expenses,,,,24500,2227,S,S,10A100020,Cash,1,Cash,Subaccount,24500,0,O,O,010,Sapporo Sales Office,Department,000,Common Department,Department,,,,,,,,
731,,,,,,42,2021-07-05,,,,,,,,,,,,,,,,,,,,,,,,,,,,,,,,,,,,
731,1332,1,,1,1,,,,,,Cof fee expense 3 people,10E200150,Entertainment Expenses,,,,1575,143,S,S,10A100020,Cash,1,Cash,Subaccount,1575,0,O,O,020,Tokyo Branch,Department,000,Common Department,Department,,,,,,,,
732,,,,,,87,2021-07-05,,,,,,,,,,,,,,,,,,,,,,,,,,,,,,,,,,,,
732,1333,1,1,1,1,,,,,,Voucher No. 253 dated 7/5 Anonymized Partner 070,10A100020,Ordinary Deposits,50,MNO Bank Kitakyushu Branch,Subaccount,905008,0,O,O,10A100090,Accounts Receivable,22,Anonymized Partner 070,Subaccount,905008,0,O,O,000,Common Department,Department,000,Common Department,Department,,,,,,,,
732,1334,1,1,1,1,,,,,,Voucher No. 253 dated 7/5 Anonymized Partner 070,10D100110,Sales Rebates,2,Sales Rebates,Subaccount,10000,909,S,S,10A100090,Accounts Receivable,22,Anonymized Partner 070,Subaccount,10000,0,O,O,050,Kyushu Sales Office,Department,000,Common Department,Department,,,,,,,,
732,1335,1,,1,1,,,,,,Voucher No. 253 dated 7/5 Anonymized Partner 070,10E200690,Service Fees,,,,472,42,S,S,10A100090,Accounts Receivable,22,Anonymized Partner 070,Subaccount,472,0,O,O,050,Kyushu Sales Office,Department,000,Common Department,Department,,,,,,,,
733,,,,,,88,2021-07-05,,,,,,,,,,,,,,,,,,,,,,,,,,,,,,,,,,,,
733,1336,1,1,1,1,,,,,,Voucher No. 254 dated 7/5 Anonymized Partner 082,10A100020,Ordinary Deposits,20,ABC Bank Head Office,Subaccount,762688,0,O,O,10A100090,Accounts Receivable,26,Anonymized Partner 082,Subaccount,762688,0,O,O,000,Common Department,Department,000,Common Department,Department,,,,,,,,
733,1337,1,,1,1,,,,,,Voucher No. 254 dated 7/5 Anonymized Partner 082,10E200690,Service Fees,,,,472,42,S,S,10A100090,Accounts Receivable,26,Anonymized Partner 082,Subaccount,472,0,O,O,020,Tokyo Branch,Department,000,Common Department,Department,,,,,,,,
734,,,,,,89,2021-07-05,,,,,,,,,,,,,,,,,,,,,,,,,,,,,,,,,,,,
734,1338,1,1,1,1,,,,,,Voucher No. 255 dated 7/5 Anonymized Partner 025,10A100020,Ordinary Deposits,30,GHI Bank Nagoya Branch,Subaccount,799276,0,O,O,10A100090,Accounts Receivable,27,Anonymized Partner 025,Subaccount,799276,0,O,O,000,Common Department,Department,000,Common Department,Department,,,,,,,,
735,,,,,,133,2021-07-05,,,,,,,,,,,,,,,,,,,,,,,,,,,,,,,,,,,,
735,1339,1,,1,1,,,,,,Tax accountant fee,10E200600,Professional Fees,,,,139710,12700,S,S,10A100020,Ordinary Deposits,20,ABC Bank Head Office,Subaccount,139710,0,O,O,020,Tokyo Branch,Department,000,Common Department,Department,,,,,,,,
736,,,,,,7,2021-07-06,,,,,,,,,,,,,,,,,,,,,,,,,,,,,,,,,,,,
736,1340,1,,1,1,,,,,,Meal expense Anonymized Store 046 2 people,10E200150,Entertainment Expenses,,,,5543,503,S,S,10A100020,Cash,1,Cash,Subaccount,6591,0,O,O,010,Sapporo Sales Office,Department,000,Common Department,Department,,,,,,,,
736,1341,1,,,,,,,,,Cof fee expense 2 people,10E200150,Entertainment Expenses,,,,1048,95,S,S,,,,,,,,,,010,Sapporo Sales Office,Department,,,,,,,,,,,
737,,,,,,43,2021-07-06,,,,,,,,,,,,,,,,,,,,,,,,,,,,,,,,,,,,
737,1342,1,,1,1,,,,,,Lunch expense Anonymized Store 054 3 people,10E200150,Entertainment Expenses,,,,7140,649,S,S,10A100020,Cash,1,Cash,Subaccount,7140,0,O,O,020,Tokyo Branch,Department,000,Common Department,Department,,,,,,,,
738,,,,,,94,2021-07-06,,,,,,,,,,,,,,,,,,,,,,,,,,,,,,,,,,,,
738,1343,1,,1,1,,,,,,toilet paper expense,10E201270,Miscellaneous Expenses,,,,3102,282,S,S,10A100020,Cash,1,Cash,Subaccount,3102,0,O,O,030,Nagoya Branch,Department,000,Common Department,Department,,,,,,,,
739,,,,,,110,2021-07-06,,,,,,,,,,,,,,,,,,,,,,,,,,,,,,,,,,,,
739,1344,1,,1,1,,,,,,taxi expense,10E201230,Travel and Transportation Expenses,,,,2290,208,S,S,10A100020,Cash,1,Cash,Subaccount,2290,0,O,O,040,Osaka Branch,Department,000,Common Department,Department,,,,,,,,
740,,,,,,156,2021-07-06,,,,,,,,,,,,,,,,,,,,,,,,,,,,,,,,,,,,
740,1345,1,,1,1,,,,,,Business travel expense,10E201230,Travel and Transportation Expenses,,,,12000,1090,S,S,10A100020,Cash,1,Cash,Subaccount,12000,0,O,O,050,Kyushu Sales Office,Department,000,Common Department,Department,,,,,,,,
741,,,,,,21,2021-07-07,,,,,,,,,,,,,,,,,,,,,,,,,,,,,,,,,,,,
741,1346,1,,1,1,,,,,,Anonymized Railway Company A expense,10E201230,Travel and Transportation Expenses,,,,69500,6318,S,S,10A100020,Cash,1,Cash,Subaccount,69500,0,O,O,010,Sapporo Sales Office,Department,000,Common Department,Department,,,,,,,,
742,,,,,,22,2021-07-07,,,,,,,,,,,,,,,,,,,,,,,,,,,,,,,,,,,,
742,1347,1,,1,1,,,,,,Travel expense,10E201230,Travel and Transportation Expenses,,,,50000,4545,S,S,10A100020,Cash,1,Cash,Subaccount,50000,0,O,O,010,Sapporo Sales Office,Department,000,Common Department,Department,,,,,,,,
743,,,,,,50,2021-07-07,,,,,,,,,,,,,,,,,,,,,,,,,,,,,,,,,,,,
743,1348,1,,1,1,,,,,,Gasoline,10E201120,Vehicle Expenses,,,,12000,1090,S,S,10A100020,Cash,1,Cash,Subaccount,12000,0,O,O,020,Tokyo Branch,Department,000,Common Department,Department,,,,,,,,
744,,,,,,20,2021-07-08,,,,,,,,,,,,,,,,,,,,,,,,,,,,,,,,,,,,
744,1349,1,,1,1,,,,,,Travel expense,10E201230,Travel and Transportation Expenses,,,,42000,3818,S,S,10A100020,Cash,1,Cash,Subaccount,42000,0,O,O,010,Sapporo Sales Office,Department,000,Common Department,Department,,,,,,,,
745,,,,,,68,2021-07-08,,,,,,,,,,,,,,,,,,,,,,,,,,,,,,,,,,,,
745,1350,1,,1,1,,,,,,toilet paper and others,10E201270,Miscellaneous Expenses,,,,2361,214,S,S,10A100020,Cash,1,Cash,Subaccount,2361,0,O,O,010,Sapporo Sales Office,Department,000,Common Department,Department,,,,,,,,
746,,,,,,76,2021-07-08,,,,,,,,,,,,,,,,,,,,,,,,,,,,,,,,,,,,
746,1351,1,,1,,,,,,,Prize expense,10E200140,Employee Welfare Expenses,,,,61050,5550,S,S,10B100630,Accounts Payable Other,,,,61050,0,O,O,020,Tokyo Branch,Department,000,Common Department,Department,,,,,,,,
747,,,,,,103,2021-07-08,,,,,,,,,,,,,,,,,,,,,,,,,,,,,,,,,,,,
747,1352,1,,1,1,,,,,,Cof fee expense 4 people,10E200150,Entertainment Expenses,,,,2210,200,S,S,10A100020,Cash,1,Cash,Subaccount,2210,0,O,O,040,Osaka Branch,Department,000,Common Department,Department,,,,,,,,
748,,,,,,147,2021-07-08,,,,,,,,,,,,,,,,,,,,,,,,,,,,,,,,,,,,
748,1353,1,,1,,,,,,,Gasoline,10E201120,Vehicle Expenses,,,,5412,492,S,S,10B100630,Accounts Payable Other,,,,10842,0,O,O,050,Kyushu Sales Office,Department,000,Common Department,Department,,,,,,,,
748,1354,1,,,,,,,,,Expressway toll,10E201120,Vehicle Expenses,,,,4858,441,S,S,,,,,,,,,,050,Kyushu Sales Office,Department,,,,,,,,,,,
748,1355,1,,,,,,,,,Parking fee,10E201120,Vehicle Expenses,,,,572,52,S,S,,,,,,,,,,050,Kyushu Sales Office,Department,,,,,,,,,,,
749,,,,,,150,2021-07-08,,,,,,,,,,,,,,,,,,,,,,,,,,,,,,,,,,,,
749,1356,1,,1,1,,,,,,golf play expense 2 people,10E200150,Entertainment Expenses,,,,18240,1658,S,S,10A100020,Cash,1,Cash,Subaccount,18240,0,O,O,050,Kyushu Sales Office,Department,000,Common Department,Department,,,,,,,,
750,,,,,,157,2021-07-08,,,,,,,,,,,,,,,,,,,,,,,,,,,,,,,,,,,,
750,1357,1,,1,1,,,,,,Airfare,10E201230,Travel and Transportation Expenses,,,,45000,4090,S,S,10A100020,Ordinary Deposits,50,MNO Bank Kitakyushu Branch,Subaccount,45000,0,O,O,050,Kyushu Sales Office,Department,000,Common Department,Department,,,,,,,,
751,,,,,,79,2021-07-09,,,,,,,,,,,,,,,,,,,,,,,,,,,,,,,,,,,,
751,1358,1,,1,1,,,,,,Gasoline,10E201120,Vehicle Expenses,,,,3519,319,S,S,10A100020,Cash,1,Cash,Subaccount,3519,0,O,O,050,Kyushu Sales Office,Department,000,Common Department,Department,,,,,,,,
752,,,,,,143,2021-07-09,,,,,,,,,,,,,,,,,,,,,,,,,,,,,,,,,,,,
752,1359,1,,1,1,,,,,,Inspection service fee,10E201120,Vehicle Expenses,,,,40000,3636,S,S,10A100020,Cash,1,Cash,Subaccount,40000,0,O,O,040,Osaka Branch,Department,000,Common Department,Department,,,,,,,,
753,,,,,,33,2021-07-10,,,,,,,,,,,,,,,,,,,,,,,,,,,,,,,,,,,,
753,1360,1,,1,1,,,,,,Rent payment,10E200720,Rent Expenses,,,,320000,29090,S,S,10A100020,Ordinary Deposits,10,DEF Bank Station Branch,Subaccount,320000,0,O,O,010,Sapporo Sales Office,Department,000,Common Department,Department,,,,,,,,
753,1361,1,,1,1,,,,,,Telephone expense,10E200180,Communication Expenses,,,,155351,14122,S,S,10A100020,Ordinary Deposits,10,DEF Bank Station Branch,Subaccount,155351,0,O,O,010,Sapporo Sales Office,Department,000,Common Department,Department,,,,,,,,
754,,,,,,57,2021-07-10,,,,,,,,,,,,,,,,,,,,,,,,,,,,,,,,,,,,
754,1362,1,,1,1,,,,,,Anonymized Railway Company A expense,10E201230,Travel and Transportation Expenses,,,,78074,7097,S,S,10A100020,Cash,1,Cash,Subaccount,78074,0,O,O,020,Tokyo Branch,Department,000,Common Department,Department,,,,,,,,
755,,,,,,65,2021-07-10,,,,,,,,,,,,,,,,,,,,,,,,,,,,,,,,,,,,
755,1363,1,,1,1,,,,,,Rent payment,10E200720,Rent Expenses,,,,840000,76363,S,S,10A100020,Ordinary Deposits,40,JKL Bank Umeda Branch,Subaccount,840000,0,O,O,040,Osaka Branch,Department,000,Common Department,Department,,,,,,,,
756,,,,,,67,2021-07-10,,,,,,,,,,,,,,,,,,,,,,,,,,,,,,,,,,,,
756,1364,1,,1,,,,,,,Wired service fee,10E201270,Miscellaneous Expenses,,,,5000,454,S,S,10B100630,Accounts Payable Other,,,,39286,0,O,O,010,Sapporo Sales Office,Department,000,Common Department,Department,,,,,,,,
756,1365,1,,,,,,,,,Security fee,10E201270,Miscellaneous Expenses,,,,34286,3116,S,S,,,,,,,,,,010,Sapporo Sales Office,Department,,,,,,,,,,,
757,,,,,,69,2021-07-10,,,,,,,,,,,,,,,,,,,,,,,,,,,,,,,,,,,,
757,1366,1,1,1,1,,,,,,Withholding Tax payment,10B100690,Deposits Received,3,Withholding Tax,Subaccount,585612,0,O,O,10A100020,Ordinary Deposits,20,ABC Bank Head Office,Subaccount,881412,0,O,O,000,Common Department,Department,000,Common Department,Department,,,,,,,,
757,1367,1,1,,,,,,,,Resident Tax payment,10B100690,Deposits Received,2,Resident Tax,Subaccount,295800,0,O,O,,,,,,,,,,000,Common Department,Department,,,,,,,,,,,
758,,,,,,85,2021-07-10,,,,,,,,,,,,,,,,,,,,,,,,,,,,,,,,,,,,
758,1368,1,,1,1,,,,,,Telephone expense,10E200180,Communication Expenses,,,,83624,7602,S,S,10A100020,Ordinary Deposits,30,GHI Bank Nagoya Branch,Subaccount,83624,0,O,O,030,Nagoya Branch,Department,000,Common Department,Department,,,,,,,,
759,,,,,,90,2021-07-10,,,,,,,,,,,,,,,,,,,,,,,,,,,,,,,,,,,,
759,1369,1,1,1,1,,,,,,Voucher No. 256 dated 7/10 Anonymized Partner 045,10A100020,Ordinary Deposits,30,GHI Bank Nagoya Branch,Subaccount,803325,0,O,O,10A100090,Accounts Receivable,19,Anonymized Partner 045,Subaccount,803325,0,O,O,000,Common Department,Department,000,Common Department,Department,,,,,,,,
759,1370,1,,1,1,,,,,,Voucher No. 256 dated 7/10 Anonymized Partner 045,10E200690,Service Fees,,,,735,66,S,S,10A100090,Accounts Receivable,19,Anonymized Partner 045,Subaccount,735,0,O,O,030,Nagoya Branch,Department,000,Common Department,Department,,,,,,,,
760,,,,,,91,2021-07-10,,,,,,,,,,,,,,,,,,,,,,,,,,,,,,,,,,,,
760,1371,1,,1,1,,,,,,Voucher No. 257 dated 7/10 Anonymized Partner 072 | Sales voucher=20210630-123;Note number=R20210710-91-28,10A100060,Notes Receivable,,,,5619076,0,O,O,10A100090,Accounts Receivable,28,Anonymized Partner 072,Subaccount,5619076,0,O,O,000,Common Department,Department,000,Common Department,Department,,,,,,,,
761,,,,,,92,2021-07-10,,,,,,,,,,,,,,,,,,,,,,,,,,,,,,,,,,,,
761,1372,1,1,1,1,,,,,,Voucher No. 475 dated 7/10 Anonymized Partner 085,10B100040,Accounts Payable,3,Anonymized Partner 085,Subaccount,335052,0,O,O,10A100090,Accounts Receivable,3,Anonymized Partner 085,Subaccount,335052,0,O,O,000,Common Department,Department,000,Common Department,Department,,,,,,,,
762,,,,,,93,2021-07-10,,,,,,,,,,,,,,,,,,,,,,,,,,,,,,,,,,,,
762,1373,1,1,1,1,,,,,,Voucher No. 497 dated 7/10 Anonymized Partner 066 Tokyo Head Office,10A100020,Ordinary Deposits,20,ABC Bank Head Office,Subaccount,8476309,0,O,O,10A100090,Accounts Receivable,14,Anonymized Partner 066,Subaccount,8476309,0,O,O,000,Common Department,Department,000,Common Department,Department,,,,,,,,
762,1374,1,,1,1,,,,,,Voucher No. 497 dated 7/10 Anonymized Partner 066 Tokyo Head Office,10E200690,Service Fees,,,,840,76,S,S,10A100090,Accounts Receivable,14,Anonymized Partner 066,Subaccount,840,0,O,O,020,Tokyo Branch,Department,000,Common Department,Department,,,,,,,,
763,,,,,,94,2021-07-10,,,,,,,,,,,,,,,,,,,,,,,,,,,,,,,,,,,,
763,1375,1,1,1,,,,,,,Voucher No. 170 dated 7/10 Anonymized Partner 085,10B100040,Accounts Payable,3,Anonymized Partner 085,Subaccount,2781026,0,O,O,10B100030,Notes Payable,,,,2781026,0,O,O,000,Common Department,Department,000,Common Department,Department,,,,,,,,
764,,,,,,95,2021-07-10,,,,,,,,,,,,,,,,,,,,,,,,,,,,,,,,,,,,
764,1376,1,1,1,1,,,,,,Voucher No. 171 dated 7/10 Anonymized Partner 063,10B100040,Accounts Payable,8,Anonymized Partner 063,Subaccount,406425,0,O,O,10A100020,Ordinary Deposits,20,ABC Bank Head Office,Subaccount,406425,0,O,O,000,Common Department,Department,000,Common Department,Department,,,,,,,,
765,,,,,,96,2021-07-10,,,,,,,,,,,,,,,,,,,,,,,,,,,,,,,,,,,,
765,1377,1,,1,1,,,,,,Rent payment,10E200720,Rent Expenses,,,,1260000,114545,S,S,10A100020,Ordinary Deposits,20,ABC Bank Head Office,Subaccount,1260000,0,O,O,020,Tokyo Branch,Department,000,Common Department,Department,,,,,,,,
766,,,,,,112,2021-07-10,,,,,,,,,,,,,,,,,,,,,,,,,,,,,,,,,,,,
766,1378,1,,1,1,,,,,,Telephone expense,10E200180,Communication Expenses,,,,246816,22437,S,S,10A100020,Ordinary Deposits,40,JKL Bank Umeda Branch,Subaccount,246816,0,O,O,040,Osaka Branch,Department,000,Common Department,Department,,,,,,,,
767,,,,,,129,2021-07-10,,,,,,,,,,,,,,,,,,,,,,,,,,,,,,,,,,,,
767,1379,1,,1,1,,,,,,Rent payment,10E200720,Rent Expenses,,,,399000,36272,S,S,10A100020,Ordinary Deposits,30,GHI Bank Nagoya Branch,Subaccount,399000,0,O,O,030,Nagoya Branch,Department,000,Common Department,Department,,,,,,,,
768,,,,,,138,2021-07-10,,,,,,,,,,,,,,,,,,,,,,,,,,,,,,,,,,,,
768,1380,1,,1,1,,,,,,Note due date settlement Anonymized Partner 085,10B100030,Notes Payable,,,,7368349,0,O,O,10A100020,Checking Deposits,1,ABC Bank,Subaccount,7368349,0,O,O,000,Common Department,Department,000,Common Department,Department,,,,,,,,
769,,,,,,152,2021-07-10,,,,,,,,,,,,,,,,,,,,,,,,,,,,,,,,,,,,
769,1381,1,,1,1,,,,,,Cof fee expense 2 people,10E200150,Entertainment Expenses,,,,1570,142,S,S,10A100020,Cash,1,Cash,Subaccount,1570,0,O,O,050,Kyushu Sales Office,Department,000,Common Department,Department,,,,,,,,
770,,,,,,162,2021-07-10,,,,,,,,,,,,,,,,,,,,,,,,,,,,,,,,,,,,
770,1382,1,,1,1,,,,,,Meeting Meal expense,10E201130,Meeting Expenses,,,,24995,2272,S,S,10A100020,Cash,1,Cash,Subaccount,24995,0,O,O,020,Tokyo Branch,Department,000,Common Department,Department,,,,,,,,
771,,,,,,167,2021-07-10,,,,,,,,,,,,,,,,,,,,,,,,,,,,,,,,,,,,
771,1383,1,,1,1,,,,,,Rent payment,10E200720,Rent Expenses,,,,600000,54545,S,S,10A100020,Ordinary Deposits,50,MNO Bank Kitakyushu Branch,Subaccount,758107,0,O,O,050,Kyushu Sales Office,Department,000,Common Department,Department,,,,,,,,
771,1384,1,,,,,,,,,Telephone expense,10E200180,Communication Expenses,,,,158107,14373,S,S,,,,,,,,,,050,Kyushu Sales Office,Department,,,,,,,,,,,
772,,,,,,168,2021-07-10,,,,,,,,,,,,,,,,,,,,,,,,,,,,,,,,,,,,
772,1385,1,,1,,,,,,,Wired service fee,10E201270,Miscellaneous Expenses,,,,6000,545,S,S,10B100630,Accounts Payable Other,,,,48858,0,O,O,050,Kyushu Sales Office,Department,000,Common Department,Department,,,,,,,,
772,1386,1,,,,,,,,,Security fee,10E201270,Miscellaneous Expenses,,,,42858,3896,S,S,,,,,,,,,,050,Kyushu Sales Office,Department,,,,,,,,,,,
773,,,,,,23,2021-07-11,,,,,,,,,,,,,,,,,,,,,,,,,,,,,,,,,,,,
773,1387,1,,1,1,,,,,,Travel expense,10E201230,Travel and Transportation Expenses,,,,34953,3177,S,S,10A100020,Cash,1,Cash,Subaccount,118199,0,O,O,010,Sapporo Sales Office,Department,000,Common Department,Department,,,,,,,,
773,1388,1,,,,,,,,,Travel expense,10E201230,Travel and Transportation Expenses,,,,27334,2484,S,S,,,,,,,,,,010,Sapporo Sales Office,Department,,,,,,,,,,,
773,1389,1,,,,,,,,,Travel expense,10E201230,Travel and Transportation Expenses,,,,55912,5082,S,S,,,,,,,,,,010,Sapporo Sales Office,Department,,,,,,,,,,,
774,,,,,,61,2021-07-11,,,,,,,,,,,,,,,,,,,,,,,,,,,,,,,,,,,,
774,1390,1,1,1,1,,,,,,Withdrawal,10A100020,Cash,1,Cash,Subaccount,2000000,0,O,O,10A100020,Checking Deposits,1,ABC Bank,Subaccount,2000000,0,O,O,000,Common Department,Department,000,Common Department,Department,,,,,,,,
775,,,,,,69,2021-07-11,,,,,,,,,,,,,,,,,,,,,,,,,,,,,,,,,,,,
775,1391,1,,1,1,,,,,,toilet paper expense,10E201270,Miscellaneous Expenses,,,,760,69,S,S,10A100020,Cash,1,Cash,Subaccount,1565,0,O,O,020,Tokyo Branch,Department,000,Common Department,Department,,,,,,,,
775,1392,1,,,,,,,,,Detergent expense,10E201270,Miscellaneous Expenses,,,,805,73,S,S,,,,,,,,,,020,Tokyo Branch,Department,,,,,,,,,,,
776,,,,,,58,2021-07-12,,,,,,,,,,,,,,,,,,,,,,,,,,,,,,,,,,,,
776,1393,1,,1,1,,,,,,Travel expense,10E201230,Travel and Transportation Expenses,,,,59870,5442,S,S,10A100020,Cash,1,Cash,Subaccount,59870,0,O,O,020,Tokyo Branch,Department,000,Common Department,Department,,,,,,,,
777,,,,,,74,2021-07-12,,,,,,,,,,,,,,,,,,,,,,,,,,,,,,,,,,,,
777,1394,1,,1,1,,,,,,Meal expense Anonymized Store 030 4 people,10E200150,Entertainment Expenses,,,,8690,790,S,S,10A100020,Cash,1,Cash,Subaccount,8690,0,O,O,020,Tokyo Branch,Department,000,Common Department,Department,,,,,,,,
778,,,,,,81,2021-07-12,,,,,,,,,,,,,,,,,,,,,,,,,,,,,,,,,,,,
778,1395,1,,1,1,,,,,,Travel expense,10E201230,Travel and Transportation Expenses,,,,20500,1863,S,S,10A100020,Cash,1,Cash,Subaccount,20500,0,O,O,030,Nagoya Branch,Department,000,Common Department,Department,,,,,,,,
779,,,,,,149,2021-07-12,,,,,,,,,,,,,,,,,,,,,,,,,,,,,,,,,,,,
779,1396,1,,1,1,,,,,,Condolence gift,10E200150,Entertainment Expenses,,,,10000,909,S,S,10A100020,Cash,1,Cash,Subaccount,10000,0,O,O,030,Nagoya Branch,Department,000,Common Department,Department,,,,,,,,
780,,,,,,51,2021-07-14,,,,,,,,,,,,,,,,,,,,,,,,,,,,,,,,,,,,
780,1397,1,,1,1,,,,,,Expressway toll,10E201120,Vehicle Expenses,,,,760,69,S,S,10A100020,Cash,1,Cash,Subaccount,1565,0,O,O,020,Tokyo Branch,Department,000,Common Department,Department,,,,,,,,
780,1398,1,,,,,,,,,Parking fee,10E201120,Vehicle Expenses,,,,805,73,S,S,,,,,,,,,,020,Tokyo Branch,Department,,,,,,,,,,,
781,,,,,,74,2021-07-14,,,,,,,,,,,,,,,,,,,,,,,,,,,,,,,,,,,,
781,1399,1,,1,1,,,,,,golf play expense,10E200150,Entertainment Expenses,,,,7900,718,S,S,10A100020,Cash,1,Cash,Subaccount,7900,0,O,O,020,Tokyo Branch,Department,000,Common Department,Department,,,,,,,,
782,,,,,,104,2021-07-14,,,,,,,,,,,,,,,,,,,,,,,,,,,,,,,,,,,,
782,1400,1,,1,1,,,,,,Gift expense Anonymized Store 089,10E200150,Entertainment Expenses,,,,1575,143,S,S,10A100020,Cash,1,Cash,Subaccount,1575,0,O,O,040,Osaka Branch,Department,000,Common Department,Department,,,,,,,,
783,,,,,,46,2021-07-15,,,,,,,,,,,,,,,,,,,,,,,,,,,,,,,,,,,,
783,1401,1,,1,1,,,,,,Gasoline,10E201120,Vehicle Expenses,,,,14000,1272,S,S,10A100020,Cash,1,Cash,Subaccount,14000,0,O,O,020,Tokyo Branch,Department,000,Common Department,Department,,,,,,,,
784,,,,,,84,2021-07-15,,,,,,,,,,,,,,,,,,,,,,,,,,,,,,,,,,,,
784,1402,1,,1,1,,,,,,Month 7 Payroll Other 0060 Part-time Staff,10E200520,Temporary Wages,,,,364425,0,O,O,10A100020,Cash,1,Cash,Subaccount,351930,0,O,O,020,Tokyo Branch,Department,000,Common Department,Department,,,,,,,,
784,1403,,,1,1,,,,,,Month 7 Payroll Other 0060 Part-time Staff,,,,,,,,,,10B100690,Deposits Received,3,Withholding Tax,Subaccount,860,0,O,O,,,,000,Common Department,Department,,,,,,,,
784,1404,,,1,1,,,,,,Month 7 Payroll Other 0060 Part-time Staff,,,,,,,,,,10B100690,Deposits Received,9,Other,Subaccount,11635,0,O,O,,,,000,Common Department,Department,,,,,,,,
785,,,,,,96,2021-07-15,,,,,,,,,,,,,,,,,,,,,,,,,,,,,,,,,,,,
785,1405,1,1,1,1,,,,,,Voucher No. 258 dated 7/15 Anonymized Partner 068,10A100020,Ordinary Deposits,50,MNO Bank Kitakyushu Branch,Subaccount,1199040,0,O,O,10A100090,Accounts Receivable,1,Anonymized Partner 068,Subaccount,1199040,0,O,O,000,Common Department,Department,000,Common Department,Department,,,,,,,,
785,1406,1,,1,1,,,,,,Voucher No. 258 dated 7/15 Anonymized Partner 068,10E200690,Service Fees,,,,840,76,S,S,10A100090,Accounts Receivable,1,Anonymized Partner 068,Subaccount,840,0,O,O,050,Kyushu Sales Office,Department,000,Common Department,Department,,,,,,,,
786,,,,,,97,2021-07-15,,,,,,,,,,,,,,,,,,,,,,,,,,,,,,,,,,,,
786,1407,1,1,1,1,,,,,,Voucher No. 259 dated 7/15 Anonymized Partner 061,10A100020,Ordinary Deposits,30,GHI Bank Nagoya Branch,Subaccount,892572,0,O,O,10A100090,Accounts Receivable,6,Anonymized Partner 061,Subaccount,892572,0,O,O,000,Common Department,Department,000,Common Department,Department,,,,,,,,
786,1408,1,,1,1,,,,,,Voucher No. 259 dated 7/15 Anonymized Partner 061,10E200690,Service Fees,,,,840,76,S,S,10A100090,Accounts Receivable,6,Anonymized Partner 061,Subaccount,840,0,O,O,030,Nagoya Branch,Department,000,Common Department,Department,,,,,,,,
787,,,,,,98,2021-07-15,,,,,,,,,,,,,,,,,,,,,,,,,,,,,,,,,,,,
787,1409,1,1,1,1,,,,,,Voucher No. 260 dated 7/15 Anonymized Partner 073,10A100020,Ordinary Deposits,40,JKL Bank Umeda Branch,Subaccount,746052,0,O,O,10A100090,Accounts Receivable,8,Anonymized Partner 073,Subaccount,746052,0,O,O,000,Common Department,Department,000,Common Department,Department,,,,,,,,
787,1410,1,,1,1,,,,,,Voucher No. 260 dated 7/15 Anonymized Partner 073,10E200690,Service Fees,,,,840,76,S,S,10A100090,Accounts Receivable,8,Anonymized Partner 073,Subaccount,840,0,O,O,040,Osaka Branch,Department,000,Common Department,Department,,,,,,,,
788,,,,,,99,2021-07-15,,,,,,,,,,,,,,,,,,,,,,,,,,,,,,,,,,,,
788,1411,1,1,1,1,,,,,,Voucher No. 261 dated 7/15 Anonymized Partner 026,10A100020,Ordinary Deposits,40,JKL Bank Umeda Branch,Subaccount,745464,0,O,O,10A100090,Accounts Receivable,9,Anonymized Partner 026,Subaccount,745464,0,O,O,000,Common Department,Department,000,Common Department,Department,,,,,,,,
788,1412,1,,1,1,,,,,,Voucher No. 261 dated 7/15 Anonymized Partner 026,10E200690,Service Fees,,,,840,76,S,S,10A100090,Accounts Receivable,9,Anonymized Partner 026,Subaccount,840,0,O,O,040,Osaka Branch,Department,000,Common Department,Department,,,,,,,,
789,,,,,,100,2021-07-15,,,,,,,,,,,,,,,,,,,,,,,,,,,,,,,,,,,,
789,1413,1,1,1,1,,,,,,Voucher No. 262 dated 7/15 Anonymized Partner 023,10A100020,Ordinary Deposits,20,ABC Bank Head Office,Subaccount,1101380,0,O,O,10A100090,Accounts Receivable,13,Anonymized Partner 023,Subaccount,1101380,0,O,O,000,Common Department,Department,000,Common Department,Department,,,,,,,,
790,,,,,,101,2021-07-15,,,,,,,,,,,,,,,,,,,,,,,,,,,,,,,,,,,,
790,1414,1,1,1,1,,,,,,Voucher No. 263 dated 7/15 Anonymized Partner 079,10A100020,Ordinary Deposits,40,JKL Bank Umeda Branch,Subaccount,1015895,0,O,O,10A100090,Accounts Receivable,20,Anonymized Partner 079,Subaccount,1015895,0,O,O,000,Common Department,Department,000,Common Department,Department,,,,,,,,
790,1415,1,,1,1,,,,,,Voucher No. 263 dated 7/15 Anonymized Partner 079,10E200690,Service Fees,,,,315,28,S,S,10A100090,Accounts Receivable,20,Anonymized Partner 079,Subaccount,315,0,O,O,040,Osaka Branch,Department,000,Common Department,Department,,,,,,,,
791,,,,,,102,2021-07-15,,,,,,,,,,,,,,,,,,,,,,,,,,,,,,,,,,,,
791,1416,1,1,1,1,,,,,,Voucher No. 172 dated 7/15 Anonymized Partner 043,10B100040,Accounts Payable,1,Anonymized Partner 043,Subaccount,6139435,0,O,O,10A100020,Ordinary Deposits,20,ABC Bank Head Office,Subaccount,6139435,0,O,O,000,Common Department,Department,000,Common Department,Department,,,,,,,,
792,,,,,,117,2021-07-15,,,,,,,,,,,,,,,,,,,,,,,,,,,,,,,,,,,,
792,1417,1,,1,1,,,,,,Membership fee,10E201140,Membership Fees,,,,20000,0,O,O,10A100020,Cash,1,Cash,Subaccount,20000,0,O,O,040,Osaka Branch,Department,000,Common Department,Department,,,,,,,,
793,,,,,,130,2021-07-15,,,,,,,,,,,,,,,,,,,,,,,,,,,,,,,,,,,,
793,1418,1,,1,1,,,,,,Membership fee,10E201140,Membership Fees,,,,24000,0,O,O,10A100020,Ordinary Deposits,40,JKL Bank Umeda Branch,Subaccount,24000,0,O,O,040,Osaka Branch,Department,000,Common Department,Department,,,,,,,,
794,,,,,,141,2021-07-15,,,,,,,,,,,,,,,,,,,,,,,,,,,,,,,,,,,,
794,1419,1,,1,1,,,,,,Anonymized Railway Company A expense,10E201230,Travel and Transportation Expenses,,,,7500,681,S,S,10A100020,Cash,1,Cash,Subaccount,7500,0,O,O,040,Osaka Branch,Department,000,Common Department,Department,,,,,,,,
795,,,,,,11,2021-07-16,,,,,,,,,,,,,,,,,,,,,,,,,,,,,,,,,,,,
795,1420,1,,1,1,,,,,,Gasoline,10E201120,Vehicle Expenses,,,,3210,291,S,S,10A100020,Cash,1,Cash,Subaccount,3210,0,O,O,010,Sapporo Sales Office,Department,000,Common Department,Department,,,,,,,,
796,,,,,,52,2021-07-16,,,,,,,,,,,,,,,,,,,,,,,,,,,,,,,,,,,,
796,1421,1,,1,1,,,,,,Expressway toll,10E201120,Vehicle Expenses,,,,3381,307,S,S,10A100020,Cash,1,Cash,Subaccount,74810,0,O,O,020,Tokyo Branch,Department,000,Common Department,Department,,,,,,,,
796,1422,1,,,,,,,,,Gasoline,10E201120,Vehicle Expenses,,,,71429,6493,S,S,,,,,,,,,,020,Tokyo Branch,Department,,,,,,,,,,,
797,,,,,,61,2021-07-16,,,,,,,,,,,,,,,,,,,,,,,,,,,,,,,,,,,,
797,1423,1,,1,1,,,,,,Telephone expense,10E200180,Communication Expenses,,,,134577,12234,S,S,10A100020,Ordinary Deposits,20,ABC Bank Head Office,Subaccount,134577,0,O,O,020,Tokyo Branch,Department,000,Common Department,Department,,,,,,,,
798,,,,,,105,2021-07-16,,,,,,,,,,,,,,,,,,,,,,,,,,,,,,,,,,,,
798,1424,1,,1,1,,,,,,Meal expense Anonymized Store 027 4 people,10E200150,Entertainment Expenses,,,,17461,1587,S,S,10A100020,Cash,1,Cash,Subaccount,48766,0,O,O,040,Osaka Branch,Department,000,Common Department,Department,,,,,,,,
798,1425,1,,,,,,,,,Meal expense Anonymized Store 026 4 people,10E200150,Entertainment Expenses,,,,31305,2845,S,S,,,,,,,,,,040,Osaka Branch,Department,,,,,,,,,,,
799,,,,,,136,2021-07-16,,,,,,,,,,,,,,,,,,,,,,,,,,,,,,,,,,,,
799,1426,1,,1,1,,,,,,Anonymized Cleaning Company A expense,10E201270,Miscellaneous Expenses,,,,16500,1500,S,S,10A100020,Cash,1,Cash,Subaccount,16500,0,O,O,040,Osaka Branch,Department,000,Common Department,Department,,,,,,,,
800,,,,,,161,2021-07-16,,,,,,,,,,,,,,,,,,,,,,,,,,,,,,,,,,,,
800,1427,1,,1,1,,,,,,Travel expense,10E201230,Travel and Transportation Expenses,,,,3500,318,S,S,10A100020,Cash,1,Cash,Subaccount,3500,0,O,O,050,Kyushu Sales Office,Department,000,Common Department,Department,,,,,,,,
801,,,,,,4,2021-07-17,,,,,,,,,,,,,,,,,,,,,,,,,,,,,,,,,,,,
801,1428,1,,1,,,,,,,Advertising expense,10E200050,Advertising Expenses,,,,31500,2863,S,S,10B100630,Accounts Payable Other,,,,31500,0,O,O,010,Sapporo Sales Office,Department,000,Common Department,Department,,,,,,,,
802,,,,,,12,2021-07-17,,,,,,,,,,,,,,,,,,,,,,,,,,,,,,,,,,,,
802,1429,1,,1,1,,,,,,Parking fee,10E201120,Vehicle Expenses,,,,800,72,S,S,10A100020,Cash,1,Cash,Subaccount,800,0,O,O,010,Sapporo Sales Office,Department,000,Common Department,Department,,,,,,,,
802,1430,1,,1,1,,,,,,Gasoline,10E201120,Vehicle Expenses,,,,4456,405,S,S,10A100020,Cash,1,Cash,Subaccount,8471,0,O,O,010,Sapporo Sales Office,Department,000,Common Department,Department,,,,,,,,
802,1431,1,,,,,,,,,Gasoline,10E201120,Vehicle Expenses,,,,4015,365,S,S,,,,,,,,,,010,Sapporo Sales Office,Department,,,,,,,,,,,
803,,,,,,59,2021-07-18,,,,,,,,,,,,,,,,,,,,,,,,,,,,,,,,,,,,
803,1432,1,,1,1,,,,,,Travel expense,10E201230,Travel and Transportation Expenses,,,,45000,4090,S,S,10A100020,Cash,1,Cash,Subaccount,45000,0,O,O,020,Tokyo Branch,Department,000,Common Department,Department,,,,,,,,
804,,,,,,82,2021-07-18,,,,,,,,,,,,,,,,,,,,,,,,,,,,,,,,,,,,
804,1433,1,,1,1,,,,,,Travel expense,10E201230,Travel and Transportation Expenses,,,,9800,890,S,S,10A100020,Cash,1,Cash,Subaccount,9800,0,O,O,030,Nagoya Branch,Department,000,Common Department,Department,,,,,,,,
805,,,,,,123,2021-07-18,,,,,,,,,,,,,,,,,,,,,,,,,,,,,,,,,,,,
805,1434,1,,1,1,,,,,,Postage stamps,10E200180,Communication Expenses,,,,16000,1454,S,S,10A100020,Cash,1,Cash,Subaccount,16000,0,O,O,040,Osaka Branch,Department,000,Common Department,Department,,,,,,,,
806,,,,,,139,2021-07-18,,,,,,,,,,,,,,,,,,,,,,,,,,,,,,,,,,,,
806,1435,1,,1,,,,,,,Employee late-night meal,10E200140,Employee Welfare Expenses,,,,45020,4092,S,S,10B100630,Accounts Payable Other,,,,45020,0,O,O,040,Osaka Branch,Department,000,Common Department,Department,,,,,,,,
807,,,,,,148,2021-07-18,,,,,,,,,,,,,,,,,,,,,,,,,,,,,,,,,,,,
807,1436,1,,1,1,,,,,,Gasoline,10E201120,Vehicle Expenses,,,,4486,407,S,S,10A100020,Cash,1,Cash,Subaccount,6086,0,O,O,050,Kyushu Sales Office,Department,000,Common Department,Department,,,,,,,,
807,1437,1,,,,,,,,,Windshield washer fluid and others,10E201120,Vehicle Expenses,,,,1600,145,S,S,,,,,,,,,,050,Kyushu Sales Office,Department,,,,,,,,,,,
808,,,,,,8,2021-07-19,,,,,,,,,,,,,,,,,,,,,,,,,,,,,,,,,,,,
808,1438,1,,1,1,,,,,,Regular meeting fee,10E200150,Entertainment Expenses,,,,4486,407,S,S,10A100020,Cash,1,Cash,Subaccount,6086,0,O,O,010,Sapporo Sales Office,Department,000,Common Department,Department,,,,,,,,
808,1439,1,,,,,,,,,Prize,10E200150,Entertainment Expenses,,,,1600,145,S,S,,,,,,,,,,010,Sapporo Sales Office,Department,,,,,,,,,,,
809,,,,,,47,2021-07-19,,,,,,,,,,,,,,,,,,,,,,,,,,,,,,,,,,,,
809,1440,1,,1,1,,,,,,Gasoline,10E201120,Vehicle Expenses,,,,8540,776,S,S,10A100020,Cash,1,Cash,Subaccount,8540,0,O,O,020,Tokyo Branch,Department,000,Common Department,Department,,,,,,,,
810,,,,,,160,2021-07-19,,,,,,,,,,,,,,,,,,,,,,,,,,,,,,,,,,,,
810,1441,1,,1,1,,,,,,Business travel expense,10E201230,Travel and Transportation Expenses,,,,86700,7881,S,S,10A100020,Cash,1,Cash,Subaccount,86700,0,O,O,020,Tokyo Branch,Department,000,Common Department,Department,,,,,,,,
811,,,,,,1,2021-07-20,,,,,,,,,,,,,,,,,,,,,,,,,,,,,,,,,,,,
811,1442,1,,1,1,,,,,,"Overtime meal, reduced tax rate",10E200140,Employee Welfare Expenses,,,,10800,800,AA,AA,10A100020,Cash,1,Cash,Subaccount,10800,0,O,O,000,Common Department,Department,000,Common Department,Department,,,,,,,,
812,,,,,,6,2021-07-20,,,,,,,,,,,,,,,,,,,,,,,,,,,,,,,,,,,,
812,1443,1,,1,1,,,,,,Advertising fee,10E200050,Advertising Expenses,,,,5000,454,S,S,10A100020,Cash,1,Cash,Subaccount,5000,0,O,O,010,Sapporo Sales Office,Department,000,Common Department,Department,,,,,,,,
813,,,,,,31,2021-07-20,,,,,,,,,,,,,,,,,,,,,,,,,,,,,,,,,,,,
813,1444,1,,1,,,,,,,Copying expense expense,10E201110,Office Supplies Expenses,,,,2866,260,S,S,10B100630,Accounts Payable Other,,,,2866,0,O,O,010,Sapporo Sales Office,Department,000,Common Department,Department,,,,,,,,
814,,,,,,45,2021-07-20,,,,,,,,,,,,,,,,,,,,,,,,,,,,,,,,,,,,
814,1445,1,,1,1,,,,,,Cof fee expense 2 people,10E200150,Entertainment Expenses,,,,1260,114,S,S,10A100020,Cash,1,Cash,Subaccount,1260,0,O,O,020,Tokyo Branch,Department,000,Common Department,Department,,,,,,,,
815,,,,,,48,2021-07-20,,,,,,,,,,,,,,,,,,,,,,,,,,,,,,,,,,,,
815,1446,1,,1,1,,,,,,Gasoline,10E201120,Vehicle Expenses,,,,4303,391,S,S,10A100020,Cash,1,Cash,Subaccount,4303,0,O,O,020,Tokyo Branch,Department,000,Common Department,Department,,,,,,,,
816,,,,,,53,2021-07-20,,,,,,,,,,,,,,,,,,,,,,,,,,,,,,,,,,,,
816,1447,1,,1,1,,,,,,Gasoline,10E201120,Vehicle Expenses,,,,6381,580,S,S,10A100020,Cash,1,Cash,Subaccount,8525,0,O,O,020,Tokyo Branch,Department,000,Common Department,Department,,,,,,,,
816,1448,1,,,,,,,,,Parking fee,10E201120,Vehicle Expenses,,,,1429,129,S,S,,,,,,,,,,020,Tokyo Branch,Department,,,,,,,,,,,
816,1449,1,,,,,,,,,Expressway toll,10E201120,Vehicle Expenses,,,,715,65,S,S,,,,,,,,,,020,Tokyo Branch,Department,,,,,,,,,,,
817,,,,,,69,2021-07-20,,,,,,,,,,,,,,,,,,,,,,,,,,,,,,,,,,,,
817,1450,1,,1,,,,,,,Wired service fee,10E201270,Miscellaneous Expenses,,,,5000,454,S,S,10B100630,Accounts Payable Other,,,,5000,0,O,O,030,Nagoya Branch,Department,000,Common Department,Department,,,,,,,,
818,,,,,,71,2021-07-20,,,,,,,,,,,,,,,,,,,,,,,,,,,,,,,,,,,,
818,1451,1,,1,,,,,,,office supplies,10E201110,Office Supplies Expenses,,,,11407,1037,S,S,10B100630,Accounts Payable Other,,,,42727,0,O,O,020,Tokyo Branch,Department,000,Common Department,Department,,,,,,,,
818,1452,1,,,,,,,,,Copy counter charge,10E201110,Office Supplies Expenses,,,,31320,2847,S,S,,,,,,,,,,020,Tokyo Branch,Department,,,,,,,,,,,
819,,,,,,72,2021-07-20,,,,,,,,,,,,,,,,,,,,,,,,,,,,,,,,,,,,
819,1453,1,,1,,,,,,,Copy counter charge,10E201110,Office Supplies Expenses,,,,6300,572,S,S,10B100630,Accounts Payable Other,,,,6300,0,O,O,050,Kyushu Sales Office,Department,000,Common Department,Department,,,,,,,,
820,,,,,,77,2021-07-20,,,,,,,,,,,,,,,,,,,,,,,,,,,,,,,,,,,,
820,1454,1,,1,,,,,,,files and related supplies,10E200200,Supplies Expenses,,,,19387,1762,S,S,10B100630,Accounts Payable Other,,,,268502,0,O,O,000,Common Department,Department,000,Common Department,Department,,,,,,,,
820,1455,1,,,,,,,,,Drinking water,10E200200,Supplies Expenses,,,,239019,21729,S,S,,,,,,,,,,000,Common Department,Department,,,,,,,,,,,
820,1456,1,,,,,,,,,Business card expense,10E200200,Supplies Expenses,,,,10096,917,S,S,,,,,,,,,,000,Common Department,Department,,,,,,,,,,,
821,,,,,,97,2021-07-20,,,,,,,,,,,,,,,,,,,,,,,,,,,,,,,,,,,,
821,1457,1,,1,,,,,,,Copying expense expense,10E201110,Office Supplies Expenses,,,,35789,3253,S,S,10B100630,Accounts Payable Other,,,,35789,0,O,O,030,Nagoya Branch,Department,000,Common Department,Department,,,,,,,,
822,,,,,,98,2021-07-20,,,,,,,,,,,,,,,,,,,,,,,,,,,,,,,,,,,,
822,1458,1,,1,,,,,,,office supplies,10E201110,Office Supplies Expenses,,,,5890,535,S,S,10B100630,Accounts Payable Other,,,,5890,0,O,O,030,Nagoya Branch,Department,000,Common Department,Department,,,,,,,,
823,,,,,,101,2021-07-20,,,,,,,,,,,,,,,,,,,,,,,,,,,,,,,,,,,,
823,1459,1,,1,,,,,,,Advertising fee,10E200050,Advertising Expenses,,,,52500,4772,S,S,10B100630,Accounts Payable Other,,,,52500,0,O,O,040,Osaka Branch,Department,000,Common Department,Department,,,,,,,,
824,,,,,,103,2021-07-20,,,,,,,,,,,,,,,,,,,,,,,,,,,,,,,,,,,,
824,1460,1,1,1,1,,,,,,Voucher No. 264 dated 7/20 Anonymized Partner 058,10A100020,Cash,1,Cash,Subaccount,603296,0,O,O,10A100090,Accounts Receivable,11,Anonymized Partner 058,Subaccount,603296,0,O,O,000,Common Department,Department,000,Common Department,Department,,,,,,,,
825,,,,,,104,2021-07-20,,,,,,,,,,,,,,,,,,,,,,,,,,,,,,,,,,,,
825,1461,1,1,1,1,,,,,,Voucher No. 265 dated 7/20 Anonymized Partner 014,10A100020,Ordinary Deposits,30,GHI Bank Nagoya Branch,Subaccount,503820,0,O,O,10A100090,Accounts Receivable,21,Anonymized Partner 014,Subaccount,503820,0,O,O,000,Common Department,Department,000,Common Department,Department,,,,,,,,
825,1462,1,,1,1,,,,,,Voucher No. 265 dated 7/20 Anonymized Partner 014,10E200690,Service Fees,,,,630,57,S,S,10A100090,Accounts Receivable,21,Anonymized Partner 014,Subaccount,630,0,O,O,030,Nagoya Branch,Department,000,Common Department,Department,,,,,,,,
826,,,,,,105,2021-07-20,,,,,,,,,,,,,,,,,,,,,,,,,,,,,,,,,,,,
826,1463,1,1,1,1,,,,,,Voucher No. 266 dated 7/20 Anonymized Partner 052,10A100020,Ordinary Deposits,20,ABC Bank Head Office,Subaccount,1019003,0,O,O,10A100090,Accounts Receivable,30,Anonymized Partner 052,Subaccount,1019003,0,O,O,000,Common Department,Department,000,Common Department,Department,,,,,,,,
826,1464,1,,1,1,,,,,,Voucher No. 266 dated 7/20 Anonymized Partner 052,10E200690,Service Fees,,,,735,66,S,S,10A100090,Accounts Receivable,30,Anonymized Partner 052,Subaccount,735,0,O,O,020,Tokyo Branch,Department,000,Common Department,Department,,,,,,,,
827,,,,,,106,2021-07-20,,,,,,,,,,,,,,,,,,,,,,,,,,,,,,,,,,,,
827,1465,1,1,1,1,,,,,,Voucher No. 173 dated 7/20 Anonymized Partner 047,10B100040,Accounts Payable,4,Anonymized Partner 047,Subaccount,888656,0,O,O,10A100020,Ordinary Deposits,20,ABC Bank Head Office,Subaccount,888656,0,O,O,000,Common Department,Department,000,Common Department,Department,,,,,,,,
828,,,,,,107,2021-07-20,,,,,,,,,,,,,,,,,,,,,,,,,,,,,,,,,,,,
828,1466,1,1,1,1,,,,,,Voucher No. 174 dated 7/20 Anonymized Partner 054,10B100040,Accounts Payable,6,Anonymized Partner 054,Subaccount,3530262,0,O,O,10A100020,Ordinary Deposits,20,ABC Bank Head Office,Subaccount,3530262,0,O,O,000,Common Department,Department,000,Common Department,Department,,,,,,,,
829,,,,,,108,2021-07-20,,,,,,,,,,,,,,,,,,,,,,,,,,,,,,,,,,,,
829,1467,1,1,1,1,,,,,,Voucher No. 175 dated 7/20 Anonymized Partner 067,10B100040,Accounts Payable,11,Anonymized Partner 067,Subaccount,4120032,0,O,O,10A100020,Ordinary Deposits,20,ABC Bank Head Office,Subaccount,4120032,0,O,O,000,Common Department,Department,000,Common Department,Department,,,,,,,,
830,,,,,,118,2021-07-20,,,,,,,,,,,,,,,,,,,,,,,,,,,,,,,,,,,,
830,1468,1,,1,,,,,,,Copying expense expense,10E201110,Office Supplies Expenses,,,,7223,656,S,S,10B100630,Accounts Payable Other,,,,7223,0,O,O,040,Osaka Branch,Department,000,Common Department,Department,,,,,,,,
831,,,,,,119,2021-07-20,,,,,,,,,,,,,,,,,,,,,,,,,,,,,,,,,,,,
831,1469,1,,1,,,,,,,office supplies,10E201110,Office Supplies Expenses,,,,1480,134,S,S,10B100630,Accounts Payable Other,,,,1480,0,O,O,040,Osaka Branch,Department,000,Common Department,Department,,,,,,,,
832,,,,,,137,2021-07-20,,,,,,,,,,,,,,,,,,,,,,,,,,,,,,,,,,,,
832,1470,1,1,1,,,,,,,Note discounted Anonymized Partner 065 | Note number=R20210630-127-12;Receipt amount corrected to settlement amount,10A100020,Checking Deposits,1,ABC Bank,Subaccount,7936852,0,O,O,10A100060,Notes Receivable,,,,8000694,0,O,O,000,Common Department,Department,000,Common Department,Department,,,,,,,,
832,1471,1,,,,,,,,,Note discount fee | Note number=R20210630-127-12,10E300020,Interest Expense,,,,63842,0,E,E,,,,,,,,,,020,Tokyo Branch,Department,,,,,,,,,,,
833,,,,,,139,2021-07-20,,,,,,,,,,,,,,,,,,,,,,,,,,,,,,,,,,,,
833,1472,1,,1,1,,,,,,Note due date settlement Anonymized Partner 067,10B100030,Notes Payable,,,,6181724,0,O,O,10A100020,Checking Deposits,1,ABC Bank,Subaccount,6181724,0,O,O,000,Common Department,Department,000,Common Department,Department,,,,,,,,
833,1473,1,1,1,,,,,,,Note discounted Anonymized Partner 072 | Note number=R20210610-98-28;Receipt amount corrected to settlement amount,10A100020,Checking Deposits,1,ABC Bank,Subaccount,6654846,0,O,O,10A100060,Notes Receivable,,,,6707128,0,O,O,000,Common Department,Department,000,Common Department,Department,,,,,,,,
833,1474,1,,,,,,,,,Note discount fee | Note number=R20210610-98-28,10E300020,Interest Expense,,,,52282,0,E,E,,,,,,,,,,020,Tokyo Branch,Department,,,,,,,,,,,
834,,,,,,142,2021-07-20,,,,,,,,,,,,,,,,,,,,,,,,,,,,,,,,,,,,
834,1475,1,1,1,1,,,,,,Funds transfer,10A100020,Ordinary Deposits,20,ABC Bank Head Office,Subaccount,19000000,0,O,O,10A100020,Checking Deposits,1,ABC Bank,Subaccount,19000000,0,O,O,000,Common Department,Department,000,Common Department,Department,,,,,,,,
835,,,,,,144,2021-07-20,,,,,,,,,,,,,,,,,,,,,,,,,,,,,,,,,,,,
835,1476,1,,1,1,,,,,,Gasoline,10E201120,Vehicle Expenses,,,,4324,393,S,S,10A100020,Cash,1,Cash,Subaccount,14780,0,O,O,040,Osaka Branch,Department,000,Common Department,Department,,,,,,,,
835,1477,1,,,,,,,,,Expressway toll,10E201120,Vehicle Expenses,,,,3408,309,S,S,,,,,,,,,,040,Osaka Branch,Department,,,,,,,,,,,
835,1478,1,,,,,,,,,Gasoline,10E201120,Vehicle Expenses,,,,7048,640,S,S,,,,,,,,,,040,Osaka Branch,Department,,,,,,,,,,,
836,,,,,,158,2021-07-20,,,,,,,,,,,,,,,,,,,,,,,,,,,,,,,,,,,,
836,1479,1,,1,1,,,,,,Business travel expense,10E201230,Travel and Transportation Expenses,,,,10000,909,S,S,10A100020,Cash,1,Cash,Subaccount,10000,0,O,O,040,Osaka Branch,Department,000,Common Department,Department,,,,,,,,
837,,,,,,163,2021-07-20,,,,,,,,,,,,,,,,,,,,,,,,,,,,,,,,,,,,
837,1480,1,,1,1,,,,,,Membership fee,10E201140,Membership Fees,,,,18000,0,O,O,10A100020,Cash,1,Cash,Subaccount,18000,0,O,O,050,Kyushu Sales Office,Department,000,Common Department,Department,,,,,,,,
838,,,,,,164,2021-07-20,,,,,,,,,,,,,,,,,,,,,,,,,,,,,,,,,,,,
838,1481,1,,1,1,,,,,,office supplies,10E201110,Office Supplies Expenses,,,,5980,543,S,S,10A100020,Cash,1,Cash,Subaccount,5980,0,O,O,050,Kyushu Sales Office,Department,000,Common Department,Department,,,,,,,,
839,,,,,,25,2021-07-21,,,,,,,,,,,,,,,,,,,,,,,,,,,,,,,,,,,,
839,1482,1,,1,1,,,,,,Travel expense,10E201230,Travel and Transportation Expenses,,,,56000,5090,S,S,10A100020,Cash,1,Cash,Subaccount,56000,0,O,O,010,Sapporo Sales Office,Department,000,Common Department,Department,,,,,,,,
840,,,,,,63,2021-07-21,,,,,,,,,,,,,,,,,,,,,,,,,,,,,,,,,,,,
840,1483,1,,1,,,,,,,Tea expense,10E200140,Employee Welfare Expenses,,,,11050,1004,S,S,10B100630,Accounts Payable Other,,,,11050,0,O,O,050,Kyushu Sales Office,Department,000,Common Department,Department,,,,,,,,
841,,,,,,159,2021-07-21,,,,,,,,,,,,,,,,,,,,,,,,,,,,,,,,,,,,
841,1484,1,,1,1,,,,,,taxi expense,10E201230,Travel and Transportation Expenses,,,,9780,889,S,S,10A100020,Cash,1,Cash,Subaccount,9780,0,O,O,050,Kyushu Sales Office,Department,000,Common Department,Department,,,,,,,,
842,,,,,,26,2021-07-22,,,,,,,,,,,,,,,,,,,,,,,,,,,,,,,,,,,,
842,1485,1,,1,1,,,,,,Travel expense,10E201230,Travel and Transportation Expenses,,,,19050,1731,S,S,10A100020,Cash,1,Cash,Subaccount,19050,0,O,O,010,Sapporo Sales Office,Department,000,Common Department,Department,,,,,,,,
843,,,,,,34,2021-07-22,,,,,,,,,,,,,,,,,,,,,,,,,,,,,,,,,,,,
843,1486,1,,1,1,,,,,,Electricity expense,10E201040,Utilities Expenses,,,,96715,8792,S,S,10A100020,Ordinary Deposits,10,DEF Bank Station Branch,Subaccount,101973,0,O,O,010,Sapporo Sales Office,Department,000,Common Department,Department,,,,,,,,
843,1487,1,,,,,,,,,Water expense,10E201040,Utilities Expenses,,,,5258,478,S,S,,,,,,,,,,010,Sapporo Sales Office,Department,,,,,,,,,,,
844,,,,,,64,2021-07-22,,,,,,,,,,,,,,,,,,,,,,,,,,,,,,,,,,,,
844,1488,1,,1,1,,,,,,Electricity expense,10E201040,Utilities Expenses,,,,170932,15539,S,S,10A100020,Ordinary Deposits,20,ABC Bank Head Office,Subaccount,178592,0,O,O,020,Tokyo Branch,Department,000,Common Department,Department,,,,,,,,
844,1489,1,,,,,,,,,Water expense,10E201040,Utilities Expenses,,,,7660,696,S,S,,,,,,,,,,020,Tokyo Branch,Department,,,,,,,,,,,
845,,,,,,89,2021-07-22,,,,,,,,,,,,,,,,,,,,,,,,,,,,,,,,,,,,
845,1490,1,,1,1,,,,,,Electricity expense,10E201040,Utilities Expenses,,,,78783,7162,S,S,10A100020,Ordinary Deposits,30,GHI Bank Nagoya Branch,Subaccount,85245,0,O,O,030,Nagoya Branch,Department,000,Common Department,Department,,,,,,,,
845,1491,1,,,,,,,,,Water expense,10E201040,Utilities Expenses,,,,3400,309,S,S,,,,,,,,,,030,Nagoya Branch,Department,,,,,,,,,,,
845,1492,1,,,,,,,,,Gas expense,10E201040,Utilities Expenses,,,,3062,278,S,S,,,,,,,,,,030,Nagoya Branch,Department,,,,,,,,,,,
846,,,,,,90,2021-07-22,,,,,,,,,,,,,,,,,,,,,,,,,,,,,,,,,,,,
846,1493,1,,1,1,,,,,,Anonymized Cleaning Company A expense,10E201270,Miscellaneous Expenses,,,,10500,954,S,S,10A100020,Cash,1,Cash,Subaccount,10500,0,O,O,030,Nagoya Branch,Department,000,Common Department,Department,,,,,,,,
847,,,,,,95,2021-07-22,,,,,,,,,,,,,,,,,,,,,,,,,,,,,,,,,,,,
847,1494,1,,1,,,,,,,Cleaning fee,10E201270,Miscellaneous Expenses,,,,71675,6515,S,S,10B100630,Accounts Payable Other,,,,71675,0,O,O,030,Nagoya Branch,Department,000,Common Department,Department,,,,,,,,
848,,,,,,132,2021-07-22,,,,,,,,,,,,,,,,,,,,,,,,,,,,,,,,,,,,
848,1495,1,,1,1,,,,,,Electricity expense,10E201040,Utilities Expenses,,,,93957,8541,S,S,10A100020,Ordinary Deposits,40,JKL Bank Umeda Branch,Subaccount,98693,0,O,O,040,Osaka Branch,Department,000,Common Department,Department,,,,,,,,
848,1496,1,,,,,,,,,Water expense,10E201040,Utilities Expenses,,,,4736,430,S,S,,,,,,,,,,040,Osaka Branch,Department,,,,,,,,,,,
849,,,,,,165,2021-07-22,,,,,,,,,,,,,,,,,,,,,,,,,,,,,,,,,,,,
849,1497,1,,1,1,,,,,,Detergent and others,10E201270,Miscellaneous Expenses,,,,2530,230,S,S,10A100020,Cash,1,Cash,Subaccount,2530,0,O,O,050,Kyushu Sales Office,Department,000,Common Department,Department,,,,,,,,
850,,,,,,166,2021-07-22,,,,,,,,,,,,,,,,,,,,,,,,,,,,,,,,,,,,
850,1498,1,,1,1,,,,,,Anonymized Cleaning Company A expense,10E201270,Miscellaneous Expenses,,,,1890,171,S,S,10A100020,Cash,1,Cash,Subaccount,1890,0,O,O,050,Kyushu Sales Office,Department,000,Common Department,Department,,,,,,,,
851,,,,,,169,2021-07-22,,,,,,,,,,,,,,,,,,,,,,,,,,,,,,,,,,,,
851,1499,1,,1,1,,,,,,Electricity expense,10E201040,Utilities Expenses,,,,106261,9660,S,S,10A100020,Ordinary Deposits,50,MNO Bank Kitakyushu Branch,Subaccount,112917,0,O,O,050,Kyushu Sales Office,Department,000,Common Department,Department,,,,,,,,
851,1500,1,,,,,,,,,Water expense,10E201040,Utilities Expenses,,,,6656,605,S,S,,,,,,,,,,050,Kyushu Sales Office,Department,,,,,,,,,,,
852,,,,,,24,2021-07-23,,,,,,,,,,,,,,,,,,,,,,,,,,,,,,,,,,,,
852,1501,1,,1,1,,,,,,Anonymized Railway Company A multi-ride ticket,10E201230,Travel and Transportation Expenses,,,,82620,7510,S,S,10A100020,Cash,1,Cash,Subaccount,82620,0,O,O,010,Sapporo Sales Office,Department,000,Common Department,Department,,,,,,,,
853,,,,,,140,2021-07-23,,,,,,,,,,,,,,,,,,,,,,,,,,,,,,,,,,,,
853,1502,1,,1,1,,,,,,Travel expense,10E201230,Travel and Transportation Expenses,,,,11000,1000,S,S,10A100020,Cash,1,Cash,Subaccount,11000,0,O,O,040,Osaka Branch,Department,000,Common Department,Department,,,,,,,,
854,,,,,,38,2021-07-24,,,,,,,,,,,,,,,,,,,,,,,,,,,,,,,,,,,,
854,1503,1,,1,,,,,,,Lodging expense,10E200140,Employee Welfare Expenses,,,,48164,4378,S,S,10B100630,Accounts Payable Other,,,,48164,0,O,O,020,Tokyo Branch,Department,000,Common Department,Department,,,,,,,,
855,,,,,,54,2021-07-24,,,,,,,,,,,,,,,,,,,,,,,,,,,,,,,,,,,,
855,1504,1,,1,1,,,,,,Expressway toll,10E201120,Vehicle Expenses,,,,2858,259,S,S,10A100020,Cash,1,Cash,Subaccount,7270,0,O,O,020,Tokyo Branch,Department,000,Common Department,Department,,,,,,,,
855,1505,1,,,,,,,,,Gasoline,10E201120,Vehicle Expenses,,,,4412,401,S,S,,,,,,,,,,020,Tokyo Branch,Department,,,,,,,,,,,
856,,,,,,137,2021-07-24,,,,,,,,,,,,,,,,,,,,,,,,,,,,,,,,,,,,
856,1506,1,,1,,,,,,,Wired service fee,10E201270,Miscellaneous Expenses,,,,6000,545,S,S,10B100630,Accounts Payable Other,,,,48858,0,O,O,040,Osaka Branch,Department,000,Common Department,Department,,,,,,,,
856,1507,1,,,,,,,,,Security fee,10E201270,Miscellaneous Expenses,,,,42858,3896,S,S,,,,,,,,,,040,Osaka Branch,Department,,,,,,,,,,,
856,1508,1,,1,1,,,,,,Expressway toll,10E201120,Vehicle Expenses,,,,29740,2703,S,S,10A100020,Ordinary Deposits,40,JKL Bank Umeda Branch,Subaccount,29740,0,O,O,040,Osaka Branch,Department,000,Common Department,Department,,,,,,,,
856,1509,1,,1,,,,,,,Cleaning fee,10E201270,Miscellaneous Expenses,,,,73500,6681,S,S,10B100630,Accounts Payable Other,,,,73500,0,O,O,040,Osaka Branch,Department,000,Common Department,Department,,,,,,,,
856,1510,1,,1,1,,,,,,Parking fee,10E201120,Vehicle Expenses,,,,3507,318,S,S,10A100020,Cash,1,Cash,Subaccount,3507,0,O,O,040,Osaka Branch,Department,000,Common Department,Department,,,,,,,,
857,,,,,,154,2021-07-24,,,,,,,,,,,,,,,,,,,,,,,,,,,,,,,,,,,,
857,1511,1,,1,,,,,,,Meal expense Anonymized Store 060 3 people,10E200150,Entertainment Expenses,,,,13029,1184,S,S,10B100630,Accounts Payable Other,,,,36506,0,O,O,050,Kyushu Sales Office,Department,000,Common Department,Department,,,,,,,,
857,1512,1,,,,,,,,,Meal expense Anonymized Store 015,10E200150,Entertainment Expenses,,,,23477,2134,S,S,,,,,,,,,,050,Kyushu Sales Office,Department,,,,,,,,,,,
858,,,,,,172,2021-07-24,,,,,,,,,,,,,,,,,,,,,,,,,,,,,,,,,,,,
858,1513,1,,1,,,,,,,Outsourcing fee payment,10E200020,Sales Commissions,,,,132000,12000,S,S,10B100630,Accounts Payable Other,,,,132000,0,O,O,010,Sapporo Sales Office,Department,000,Common Department,Department,,,,,,,,
859,,,,,,3,2021-07-25,,,,,,,,,,,,,,,,,,,,,,,,,,,,,,,,,,,,
859,1514,1,,1,,,,,,,Lodging expense,10E200140,Employee Welfare Expenses,,,,30012,2728,S,S,10B100630,Accounts Payable Other,,,,30012,0,O,O,010,Sapporo Sales Office,Department,000,Common Department,Department,,,,,,,,
860,,,,,,28,2021-07-25,,,,,,,,,,,,,,,,,,,,,,,,,,,,,,,,,,,,
860,1515,1,,1,,,,,,,taxi expense,10E201230,Travel and Transportation Expenses,,,,5987,544,S,S,10B100630,Accounts Payable Other,,,,5987,0,O,O,010,Sapporo Sales Office,Department,000,Common Department,Department,,,,,,,,
861,,,,,,29,2021-07-25,,,,,,,,,,,,,,,,,,,,,,,,,,,,,,,,,,,,
861,1516,1,,1,1,,,,,,Mobile phone expense,10E200180,Communication Expenses,,,,84352,7668,S,S,10A100020,Ordinary Deposits,10,DEF Bank Station Branch,Subaccount,84352,0,O,O,010,Sapporo Sales Office,Department,000,Common Department,Department,,,,,,,,
862,,,,,,35,2021-07-25,,,,,,,,,,,,,,,,,,,,,,,,,,,,,,,,,,,,
862,1517,1,,1,1,,,,,,Newspaper expense,10E201160,Books and Publications,,,,3925,356,S,S,10A100020,Cash,1,Cash,Subaccount,3925,0,O,O,010,Sapporo Sales Office,Department,000,Common Department,Department,,,,,,,,
863,,,,,,60,2021-07-25,,,,,,,,,,,,,,,,,,,,,,,,,,,,,,,,,,,,
863,1518,1,,1,1,,,,,,Travel expense,10E201230,Travel and Transportation Expenses,,,,11200,1018,S,S,10A100020,Cash,1,Cash,Subaccount,11200,0,O,O,020,Tokyo Branch,Department,000,Common Department,Department,,,,,,,,
864,,,,,,78,2021-07-25,,,,,,,,,,,,,,,,,,,,,,,,,,,,,,,,,,,,
864,1519,1,,1,,,,,,,Outsourcing fee payment,10E200020,Sales Commissions,,,,189000,17181,S,S,10B100630,Accounts Payable Other,,,,189000,0,O,O,030,Nagoya Branch,Department,000,Common Department,Department,,,,,,,,
865,,,,,,85,2021-07-25,,,,,,,,,,,,,,,,,,,,,,,,,,,,,,,,,,,,
865,1520,1,,1,1,,,,,,Month 7 Payroll Other 0001 Executive,10E200090,Directors' Compensation,,,,1720000,0,O,O,10A100020,Ordinary Deposits,20,ABC Bank Head Office,Subaccount,1129093,0,O,O,020,Tokyo Branch,Department,000,Common Department,Department,,,,,,,,
865,1521,,,1,1,,,,,,Month 7 Payroll Other 0001 Executive,,,,,,,,,,10B100690,Deposits Received,1,Insurance Expenses,Subaccount,111192,0,O,O,,,,000,Common Department,Department,,,,,,,,
865,1522,,,1,1,,,,,,Month 7 Payroll Other 0001 Executive,,,,,,,,,,10B100690,Deposits Received,2,Resident Tax,Subaccount,171200,0,O,O,,,,000,Common Department,Department,,,,,,,,
865,1523,,,1,1,,,,,,Month 7 Payroll Other 0001 Executive,,,,,,,,,,10B100690,Deposits Received,3,Withholding Tax,Subaccount,166823,0,O,O,,,,000,Common Department,Department,,,,,,,,
865,1524,,,1,1,,,,,,Month 7 Payroll Other 0001 Executive,,,,,,,,,,10B100690,Deposits Received,4,Savings and Insurance,Subaccount,133972,0,O,O,,,,000,Common Department,Department,,,,,,,,
865,1525,,,1,1,,,,,,Month 7 Payroll Other 0001 Executive,,,,,,,,,,10B100690,Deposits Received,9,Other,Subaccount,7720,0,O,O,,,,000,Common Department,Department,,,,,,,,
865,1526,1,,1,1,,,,,,Month 7 Payroll Other 0020 Sales Department,10E200370,Salaries and Allowances,,,,1936145,0,O,O,10A100020,Ordinary Deposits,20,ABC Bank Head Office,Subaccount,1476277,0,O,O,020,Tokyo Branch,Department,000,Common Department,Department,,,,,,,,
865,1527,,,1,1,,,,,,Month 7 Payroll Other 0020 Sales Department,,,,,,,,,,10B100690,Deposits Received,1,Insurance Expenses,Subaccount,216077,0,O,O,,,,000,Common Department,Department,,,,,,,,
865,1528,,,1,1,,,,,,Month 7 Payroll Other 0020 Sales Department,,,,,,,,,,10B100690,Deposits Received,2,Resident Tax,Subaccount,104300,0,O,O,,,,000,Common Department,Department,,,,,,,,
865,1529,,,1,1,,,,,,Month 7 Payroll Other 0020 Sales Department,,,,,,,,,,10B100690,Deposits Received,3,Withholding Tax,Subaccount,35770,0,O,O,,,,000,Common Department,Department,,,,,,,,
865,1530,,,1,1,,,,,,Month 7 Payroll Other 0020 Sales Department,,,,,,,,,,10B100690,Deposits Received,4,Savings and Insurance,Subaccount,43305,0,O,O,,,,000,Common Department,Department,,,,,,,,
865,1531,,,1,1,,,,,,Month 7 Payroll Other 0020 Sales Department,,,,,,,,,,10B100690,Deposits Received,9,Other,Subaccount,60416,0,O,O,,,,000,Common Department,Department,,,,,,,,
865,1532,1,,1,1,,,,,,Month 7 Payroll Other 1000 Sapporo Sales Office,10E200370,Salaries and Allowances,,,,860487,0,O,O,10A100020,Ordinary Deposits,20,ABC Bank Head Office,Subaccount,616860,0,O,O,010,Sapporo Sales Office,Department,000,Common Department,Department,,,,,,,,
865,1533,,,1,1,,,,,,Month 7 Payroll Other 1000 Sapporo Sales Office,,,,,,,,,,10B100690,Deposits Received,1,Insurance Expenses,Subaccount,94847,0,O,O,,,,000,Common Department,Department,,,,,,,,
865,1534,,,1,1,,,,,,Month 7 Payroll Other 1000 Sapporo Sales Office,,,,,,,,,,10B100690,Deposits Received,2,Resident Tax,Subaccount,46300,0,O,O,,,,000,Common Department,Department,,,,,,,,
865,1535,,,1,1,,,,,,Month 7 Payroll Other 1000 Sapporo Sales Office,,,,,,,,,,10B100690,Deposits Received,3,Withholding Tax,Subaccount,14070,0,O,O,,,,000,Common Department,Department,,,,,,,,
865,1536,,,1,1,,,,,,Month 7 Payroll Other 1000 Sapporo Sales Office,,,,,,,,,,10B100690,Deposits Received,4,Savings and Insurance,Subaccount,50648,0,O,O,,,,000,Common Department,Department,,,,,,,,
865,1537,,,1,1,,,,,,Month 7 Payroll Other 1000 Sapporo Sales Office,,,,,,,,,,10B100690,Deposits Received,9,Other,Subaccount,37762,0,O,O,,,,000,Common Department,Department,,,,,,,,
865,1538,1,,1,1,,,,,,Month 7 Payroll Other 3000 Nagoya Sales Office,10E200370,Salaries and Allowances,,,,778108,0,O,O,10A100020,Ordinary Deposits,20,ABC Bank Head Office,Subaccount,553900,0,O,O,030,Nagoya Branch,Department,000,Common Department,Department,,,,,,,,
865,1539,,,1,1,,,,,,Month 7 Payroll Other 3000 Nagoya Sales Office,,,,,,,,,,10B100690,Deposits Received,1,Insurance Expenses,Subaccount,92651,0,O,O,,,,000,Common Department,Department,,,,,,,,
865,1540,,,1,1,,,,,,Month 7 Payroll Other 3000 Nagoya Sales Office,,,,,,,,,,10B100690,Deposits Received,2,Resident Tax,Subaccount,42600,0,O,O,,,,000,Common Department,Department,,,,,,,,
865,1541,,,1,1,,,,,,Month 7 Payroll Other 3000 Nagoya Sales Office,,,,,,,,,,10B100690,Deposits Received,3,Withholding Tax,Subaccount,8030,0,O,O,,,,000,Common Department,Department,,,,,,,,
865,1542,,,1,1,,,,,,Month 7 Payroll Other 3000 Nagoya Sales Office,,,,,,,,,,10B100690,Deposits Received,4,Savings and Insurance,Subaccount,40759,0,O,O,,,,000,Common Department,Department,,,,,,,,
865,1543,,,1,1,,,,,,Month 7 Payroll Other 3000 Nagoya Sales Office,,,,,,,,,,10B100690,Deposits Received,9,Other,Subaccount,40168,0,O,O,,,,000,Common Department,Department,,,,,,,,
865,1544,1,,1,1,,,,,,Month 7 Payroll Other 4000 Osaka Branch,10E200370,Salaries and Allowances,,,,1070100,0,O,O,10A100020,Ordinary Deposits,20,ABC Bank Head Office,Subaccount,849396,0,O,O,040,Osaka Branch,Department,000,Common Department,Department,,,,,,,,
865,1545,,,1,1,,,,,,Month 7 Payroll Other 4000 Osaka Branch,,,,,,,,,,10B100690,Deposits Received,1,Insurance Expenses,Subaccount,119974,0,O,O,,,,000,Common Department,Department,,,,,,,,
865,1546,,,1,1,,,,,,Month 7 Payroll Other 4000 Osaka Branch,,,,,,,,,,10B100690,Deposits Received,2,Resident Tax,Subaccount,53400,0,O,O,,,,000,Common Department,Department,,,,,,,,
865,1547,,,1,1,,,,,,Month 7 Payroll Other 4000 Osaka Branch,,,,,,,,,,10B100690,Deposits Received,3,Withholding Tax,Subaccount,19740,0,O,O,,,,000,Common Department,Department,,,,,,,,
865,1548,,,1,1,,,,,,Month 7 Payroll Other 4000 Osaka Branch,,,,,,,,,,10B100690,Deposits Received,4,Savings and Insurance,Subaccount,13570,0,O,O,,,,000,Common Department,Department,,,,,,,,
865,1549,,,1,1,,,,,,Month 7 Payroll Other 4000 Osaka Branch,,,,,,,,,,10B100690,Deposits Received,9,Other,Subaccount,14020,0,O,O,,,,000,Common Department,Department,,,,,,,,
865,1550,1,,1,1,,,,,,Month 7 Payroll Other 5000 Kyushu Sales Office,10E200370,Salaries and Allowances,,,,584400,0,O,O,10A100020,Ordinary Deposits,20,ABC Bank Head Office,Subaccount,434653,0,O,O,050,Kyushu Sales Office,Department,000,Common Department,Department,,,,,,,,
865,1551,,,1,1,,,,,,Month 7 Payroll Other 5000 Kyushu Sales Office,,,,,,,,,,10B100690,Deposits Received,1,Insurance Expenses,Subaccount,66241,0,O,O,,,,000,Common Department,Department,,,,,,,,
865,1552,,,1,1,,,,,,Month 7 Payroll Other 5000 Kyushu Sales Office,,,,,,,,,,10B100690,Deposits Received,2,Resident Tax,Subaccount,31700,0,O,O,,,,000,Common Department,Department,,,,,,,,
865,1553,,,1,1,,,,,,Month 7 Payroll Other 5000 Kyushu Sales Office,,,,,,,,,,10B100690,Deposits Received,3,Withholding Tax,Subaccount,7960,0,O,O,,,,000,Common Department,Department,,,,,,,,
865,1554,,,1,1,,,,,,Month 7 Payroll Other 5000 Kyushu Sales Office,,,,,,,,,,10B100690,Deposits Received,4,Savings and Insurance,Subaccount,18540,0,O,O,,,,000,Common Department,Department,,,,,,,,
865,1555,,,1,1,,,,,,Month 7 Payroll Other 5000 Kyushu Sales Office,,,,,,,,,,10B100690,Deposits Received,9,Other,Subaccount,25306,0,O,O,,,,000,Common Department,Department,,,,,,,,
866,,,,,,87,2021-07-25,,,,,,,,,,,,,,,,,,,,,,,,,,,,,,,,,,,,
866,1556,1,,1,1,,,,,,Mobile phone expense,10E200180,Communication Expenses,,,,63248,5749,S,S,10A100020,Ordinary Deposits,30,GHI Bank Nagoya Branch,Subaccount,63248,0,O,O,030,Nagoya Branch,Department,000,Common Department,Department,,,,,,,,
867,,,,,,88,2021-07-25,,,,,,,,,,,,,,,,,,,,,,,,,,,,,,,,,,,,
867,1557,1,,1,1,,,,,,Newspaper expense,10E201160,Books and Publications,,,,3568,324,S,S,10A100020,Cash,1,Cash,Subaccount,3568,0,O,O,030,Nagoya Branch,Department,000,Common Department,Department,,,,,,,,
868,,,,,,92,2021-07-25,,,,,,,,,,,,,,,,,,,,,,,,,,,,,,,,,,,,
868,1558,1,,1,,,,,,,copier repair,10E201000,Repairs and Maintenance,,,,18000,1636,S,S,10B100630,Accounts Payable Other,,,,18000,0,O,O,030,Nagoya Branch,Department,000,Common Department,Department,,,,,,,,
869,,,,,,109,2021-07-25,,,,,,,,,,,,,,,,,,,,,,,,,,,,,,,,,,,,
869,1559,1,,1,,,,,,,Gasoline,10E201120,Vehicle Expenses,,,,44500,4045,S,S,10B100630,Accounts Payable Other,,,,44500,0,O,O,040,Osaka Branch,Department,000,Common Department,Department,,,,,,,,
869,1560,1,,1,1,,,,,,Voucher No. 267 dated 7/25 Anonymized Partner 057 | Sales voucher=20210630-121;Note number=R20210725-109-2,10A100060,Notes Receivable,,,,14026610,0,O,O,10A100090,Accounts Receivable,2,Anonymized Partner 057,Subaccount,14026610,0,O,O,000,Common Department,Department,000,Common Department,Department,,,,,,,,
870,,,,,,110,2021-07-25,,,,,,,,,,,,,,,,,,,,,,,,,,,,,,,,,,,,
870,1561,1,1,1,1,,,,,,Voucher No. 268 dated 7/25 Anonymized Partner 042,10A100020,Ordinary Deposits,30,GHI Bank Nagoya Branch,Subaccount,1107809,0,O,O,10A100090,Accounts Receivable,7,Anonymized Partner 042,Subaccount,1107809,0,O,O,000,Common Department,Department,000,Common Department,Department,,,,,,,,
870,1562,1,,1,1,,,,,,Voucher No. 268 dated 7/25 Anonymized Partner 042,10E200690,Service Fees,,,,735,66,S,S,10A100090,Accounts Receivable,7,Anonymized Partner 042,Subaccount,735,0,O,O,030,Nagoya Branch,Department,000,Common Department,Department,,,,,,,,
871,,,,,,111,2021-07-25,,,,,,,,,,,,,,,,,,,,,,,,,,,,,,,,,,,,
871,1563,1,,1,,,,,,,taxi expense,10E201230,Travel and Transportation Expenses,,,,23600,2145,S,S,10B100630,Accounts Payable Other,,,,23600,0,O,O,040,Osaka Branch,Department,000,Common Department,Department,,,,,,,,
871,1564,1,1,1,1,,,,,,Voucher No. 269 dated 7/25 Anonymized Partner 056,10A100020,Ordinary Deposits,40,JKL Bank Umeda Branch,Subaccount,859299,0,O,O,10A100090,Accounts Receivable,23,Anonymized Partner 056,Subaccount,859299,0,O,O,000,Common Department,Department,000,Common Department,Department,,,,,,,,
871,1565,1,,1,1,,,,,,Voucher No. 269 dated 7/25 Anonymized Partner 056,10E200690,Service Fees,,,,630,57,S,S,10A100090,Accounts Receivable,23,Anonymized Partner 056,Subaccount,630,0,O,O,040,Osaka Branch,Department,000,Common Department,Department,,,,,,,,
872,,,,,,112,2021-07-25,,,,,,,,,,,,,,,,,,,,,,,,,,,,,,,,,,,,
872,1566,1,1,1,1,,,,,,Voucher No. 270 dated 7/25 Anonymized Partner 033,10A100020,Ordinary Deposits,10,DEF Bank Station Branch,Subaccount,2997978,0,O,O,10A100090,Accounts Receivable,25,Anonymized Partner 033,Subaccount,2997978,0,O,O,000,Common Department,Department,000,Common Department,Department,,,,,,,,
872,1567,1,,1,1,,,,,,Voucher No. 270 dated 7/25 Anonymized Partner 033,10E200690,Service Fees,,,,840,76,S,S,10A100090,Accounts Receivable,25,Anonymized Partner 033,Subaccount,840,0,O,O,010,Sapporo Sales Office,Department,000,Common Department,Department,,,,,,,,
873,,,,,,114,2021-07-25,,,,,,,,,,,,,,,,,,,,,,,,,,,,,,,,,,,,
873,1568,1,,1,1,,,,,,Newspaper expense,10E201160,Books and Publications,,,,2540,230,S,S,10A100020,Cash,1,Cash,Subaccount,5404,0,O,O,040,Osaka Branch,Department,000,Common Department,Department,,,,,,,,
873,1569,1,,,,,,,,,Newspaper expense,10E201160,Books and Publications,,,,2864,260,S,S,,,,,,,,,,040,Osaka Branch,Department,,,,,,,,,,,
874,,,,,,131,2021-07-25,,,,,,,,,,,,,,,,,,,,,,,,,,,,,,,,,,,,
874,1570,1,,1,1,,,,,,Membership fee,10E201140,Membership Fees,,,,24000,0,O,O,10A100020,Ordinary Deposits,40,JKL Bank Umeda Branch,Subaccount,24000,0,O,O,040,Osaka Branch,Department,000,Common Department,Department,,,,,,,,
875,,,,,,153,2021-07-25,,,,,,,,,,,,,,,,,,,,,,,,,,,,,,,,,,,,
875,1571,1,,1,1,,,,,,Meal expense Anonymized Store 008 2 people,10E200150,Entertainment Expenses,,,,3540,321,S,S,10A100020,Cash,1,Cash,Subaccount,3540,0,O,O,030,Nagoya Branch,Department,000,Common Department,Department,,,,,,,,
876,,,,,,155,2021-07-25,,,,,,,,,,,,,,,,,,,,,,,,,,,,,,,,,,,,
876,1572,1,,1,1,,,,,,Gasoline,10E201120,Vehicle Expenses,,,,7246,658,S,S,10A100020,Cash,1,Cash,Subaccount,7246,0,O,O,050,Kyushu Sales Office,Department,000,Common Department,Department,,,,,,,,
877,,,,,,170,2021-07-25,,,,,,,,,,,,,,,,,,,,,,,,,,,,,,,,,,,,
877,1573,1,,1,1,,,,,,Newspaper expense,10E201160,Books and Publications,,,,3007,273,S,S,10A100020,Cash,1,Cash,Subaccount,3007,0,O,O,050,Kyushu Sales Office,Department,000,Common Department,Department,,,,,,,,
878,,,,,,171,2021-07-25,,,,,,,,,,,,,,,,,,,,,,,,,,,,,,,,,,,,
878,1574,1,,1,1,,,,,,Mobile phone expense,10E200180,Communication Expenses,,,,71096,6463,S,S,10A100020,Ordinary Deposits,50,MNO Bank Kitakyushu Branch,Subaccount,71096,0,O,O,050,Kyushu Sales Office,Department,000,Common Department,Department,,,,,,,,
879,,,,,,27,2021-07-26,,,,,,,,,,,,,,,,,,,,,,,,,,,,,,,,,,,,
879,1575,1,,1,1,,,,,,Travel expense,10E201230,Travel and Transportation Expenses,,,,14324,1302,S,S,10A100020,Cash,1,Cash,Subaccount,88087,0,O,O,010,Sapporo Sales Office,Department,000,Common Department,Department,,,,,,,,
879,1576,1,,,,,,,,,Travel expense,10E201230,Travel and Transportation Expenses,,,,43686,3971,S,S,,,,,,,,,,010,Sapporo Sales Office,Department,,,,,,,,,,,
879,1577,1,,,,,,,,,Travel expense,10E201230,Travel and Transportation Expenses,,,,30077,2734,S,S,,,,,,,,,,010,Sapporo Sales Office,Department,,,,,,,,,,,
880,,,,,,73,2021-07-26,,,,,,,,,,,,,,,,,,,,,,,,,,,,,,,,,,,,
880,1578,1,,1,1,,,,,,golf play expense 2 people,10E200150,Entertainment Expenses,,,,32200,2927,S,S,10A100020,Cash,1,Cash,Subaccount,32200,0,O,O,020,Tokyo Branch,Department,000,Common Department,Department,,,,,,,,
881,,,,,,83,2021-07-26,,,,,,,,,,,,,,,,,,,,,,,,,,,,,,,,,,,,
881,1579,1,,1,1,,,,,,Anonymized Railway Company A expense,10E201230,Travel and Transportation Expenses,,,,12000,1090,S,S,10A100020,Cash,1,Cash,Subaccount,12000,0,O,O,030,Nagoya Branch,Department,000,Common Department,Department,,,,,,,,
882,,,,,,113,2021-07-26,,,,,,,,,,,,,,,,,,,,,,,,,,,,,,,,,,,,
882,1580,1,,1,1,,,,,,Mobile phone expense,10E200180,Communication Expenses,,,,49243,4476,S,S,10A100020,Ordinary Deposits,40,JKL Bank Umeda Branch,Subaccount,49243,0,O,O,040,Osaka Branch,Department,000,Common Department,Department,,,,,,,,
883,,,,,,120,2021-07-26,,,,,,,,,,,,,,,,,,,,,,,,,,,,,,,,,,,,
883,1581,1,,1,,,,,,,Outsourcing fee,10E200020,Sales Commissions,,,,336000,30545,S,S,10B100630,Accounts Payable Other,,,,336000,0,O,O,040,Osaka Branch,Department,000,Common Department,Department,,,,,,,,
884,,,,,,146,2021-07-26,,,,,,,,,,,,,,,,,,,,,,,,,,,,,,,,,,,,
884,1582,1,,1,,,,,,,Outsourcing fee,10E200020,Sales Commissions,,,,147000,13363,S,S,10B100630,Accounts Payable Other,,,,147000,0,O,O,050,Kyushu Sales Office,Department,000,Common Department,Department,,,,,,,,
885,,,,,,15,2021-07-27,,,,,,,,,,,,,,,,,,,,,,,,,,,,,,,,,,,,
885,1583,1,,1,1,,,,,,Expressway toll,10E201120,Vehicle Expenses,,,,3000,272,S,S,10A100020,Cash,1,Cash,Subaccount,3000,0,O,O,010,Sapporo Sales Office,Department,000,Common Department,Department,,,,,,,,
886,,,,,,30,2021-07-27,,,,,,,,,,,,,,,,,,,,,,,,,,,,,,,,,,,,
886,1584,1,,1,1,,,,,,Insurance Premium payment,10E200240,Insurance Expenses,,,,54320,0,E,E,10A100020,Ordinary Deposits,10,DEF Bank Station Branch,Subaccount,54320,0,O,O,010,Sapporo Sales Office,Department,000,Common Department,Department,,,,,,,,
887,,,,,,37,2021-07-27,,,,,,,,,,,,,,,,,,,,,,,,,,,,,,,,,,,,
887,1585,1,,1,,,,,,,Outsourcing fee,10E200020,Sales Commissions,,,,477334,43394,S,S,10B100630,Accounts Payable Other,,,,1559708,0,O,O,020,Tokyo Branch,Department,000,Common Department,Department,,,,,,,,
887,1586,1,,,,,,,,,Outsourcing fee,10E200020,Sales Commissions,,,,266000,24181,S,S,,,,,,,,,,020,Tokyo Branch,Department,,,,,,,,,,,
887,1587,1,,,,,,,,,Outsourcing fee,10E200020,Sales Commissions,,,,816374,74215,S,S,,,,,,,,,,020,Tokyo Branch,Department,,,,,,,,,,,
888,,,,,,39,2021-07-27,,,,,,,,,,,,,,,,,,,,,,,,,,,,,,,,,,,,
888,1588,1,,1,1,,,,,,Membership fee,10E200140,Employee Welfare Expenses,,,,9000,818,S,S,10A100020,Cash,1,Cash,Subaccount,9000,0,O,O,020,Tokyo Branch,Department,000,Common Department,Department,,,,,,,,
889,,,,,,62,2021-07-27,,,,,,,,,,,,,,,,,,,,,,,,,,,,,,,,,,,,
889,1589,1,,1,1,,,,,,Mobile phone expense,10E200180,Communication Expenses,,,,110245,10022,S,S,10A100020,Ordinary Deposits,20,ABC Bank Head Office,Subaccount,110245,0,O,O,020,Tokyo Branch,Department,000,Common Department,Department,,,,,,,,
890,,,,,,83,2021-07-27,,,,,,,,,,,,,,,,,,,,,,,,,,,,,,,,,,,,
890,1590,1,,1,1,,,,,,Vehicle management expense,10E201120,Vehicle Expenses,,,,45000,4090,S,S,10A100020,Cash,1,Cash,Subaccount,45000,0,O,O,030,Nagoya Branch,Department,000,Common Department,Department,,,,,,,,
891,,,,,,9,2021-07-28,,,,,,,,,,,,,,,,,,,,,,,,,,,,,,,,,,,,
891,1591,1,,1,1,,,,,,gift juice and others Anonymized Partner 042,10E200150,Entertainment Expenses,,,,2520,229,S,S,10A100020,Cash,1,Cash,Subaccount,2520,0,O,O,010,Sapporo Sales Office,Department,000,Common Department,Department,,,,,,,,
892,,,,,,72,2021-07-28,,,,,,,,,,,,,,,,,,,,,,,,,,,,,,,,,,,,
892,1592,1,,1,1,,,,,,Newspaper expense,10E201160,Books and Publications,,,,2864,260,S,S,10A100020,Cash,1,Cash,Subaccount,9078,0,O,O,020,Tokyo Branch,Department,000,Common Department,Department,,,,,,,,
892,1593,1,,,,,,,,,Newspaper expense,10E201160,Books and Publications,,,,2815,255,S,S,,,,,,,,,,020,Tokyo Branch,Department,,,,,,,,,,,
892,1594,1,,,,,,,,,Newspaper expense,10E201160,Books and Publications,,,,3399,309,S,S,,,,,,,,,,020,Tokyo Branch,Department,,,,,,,,,,,
893,,,,,,81,2021-07-28,,,,,,,,,,,,,,,,,,,,,,,,,,,,,,,,,,,,
893,1595,1,,1,,,,,,,Tea expense,10E200140,Employee Welfare Expenses,,,,22000,2000,S,S,10B100630,Accounts Payable Other,,,,22000,0,O,O,030,Nagoya Branch,Department,000,Common Department,Department,,,,,,,,
894,,,,,,93,2021-07-28,,,,,,,,,,,,,,,,,,,,,,,,,,,,,,,,,,,,
894,1596,1,,1,,,,,,,Repair expense,10E201000,Repairs and Maintenance,,,,17850,1622,S,S,10B100630,Accounts Payable Other,,,,17850,0,O,O,020,Tokyo Branch,Department,000,Common Department,Department,,,,,,,,
895,,,,,,121,2021-07-28,,,,,,,,,,,,,,,,,,,,,,,,,,,,,,,,,,,,
895,1597,1,,1,1,,,,,,Tea expense,10E200140,Employee Welfare Expenses,,,,10500,954,S,S,10A100020,Cash,1,Cash,Subaccount,10500,0,O,O,040,Osaka Branch,Department,000,Common Department,Department,,,,,,,,
896,,,,,,138,2021-07-28,,,,,,,,,,,,,,,,,,,,,,,,,,,,,,,,,,,,
896,1598,1,,1,1,,,,,,Expressway toll,10E201120,Vehicle Expenses,,,,4290,390,S,S,10A100020,Cash,1,Cash,Subaccount,22596,0,O,O,040,Osaka Branch,Department,000,Common Department,Department,,,,,,,,
896,1599,1,,,,,,,,,Parking fee,10E201120,Vehicle Expenses,,,,3049,277,S,S,,,,,,,,,,040,Osaka Branch,Department,,,,,,,,,,,
896,1600,1,,,,,,,,,Expressway toll,10E201120,Vehicle Expenses,,,,6229,566,S,S,,,,,,,,,,040,Osaka Branch,Department,,,,,,,,,,,
896,1601,1,,,,,,,,,Expressway toll,10E201120,Vehicle Expenses,,,,477,43,S,S,,,,,,,,,,040,Osaka Branch,Department,,,,,,,,,,,
896,1602,1,,,,,,,,,Expressway toll,10E201120,Vehicle Expenses,,,,2353,213,S,S,,,,,,,,,,040,Osaka Branch,Department,,,,,,,,,,,
896,1603,1,,,,,,,,,Gasoline,10E201120,Vehicle Expenses,,,,6198,563,S,S,,,,,,,,,,040,Osaka Branch,Department,,,,,,,,,,,
897,,,,,,14,2021-07-29,,,,,,,,,,,,,,,,,,,,,,,,,,,,,,,,,,,,
897,1604,1,,1,1,,,,,,Gasoline,10E201120,Vehicle Expenses,,,,3000,272,S,S,10A100020,Cash,1,Cash,Subaccount,3000,0,O,O,010,Sapporo Sales Office,Department,000,Common Department,Department,,,,,,,,
898,,,,,,108,2021-07-29,,,,,,,,,,,,,,,,,,,,,,,,,,,,,,,,,,,,
898,1605,1,,1,1,,,,,,Cof fee expense and others 2 people,10E200150,Entertainment Expenses,,,,1570,142,S,S,10A100020,Cash,1,Cash,Subaccount,1570,0,O,O,040,Osaka Branch,Department,000,Common Department,Department,,,,,,,,
899,,,,,,49,2021-07-30,,,,,,,,,,,,,,,,,,,,,,,,,,,,,,,,,,,,
899,1606,1,,1,1,,,,,,Gasoline,10E201120,Vehicle Expenses,,,,170000,15454,S,S,10A100020,Cash,1,Cash,Subaccount,170000,0,O,O,020,Tokyo Branch,Department,000,Common Department,Department,,,,,,,,
899,1607,1,,1,1,,,,,,Vehicle management expense,10E201120,Vehicle Expenses,,,,21000,1909,S,S,10A100020,Cash,1,Cash,Subaccount,21000,0,O,O,020,Tokyo Branch,Department,000,Common Department,Department,,,,,,,,
900,,,,,,61,2021-07-30,,,,,,,,,,,,,,,,,,,,,,,,,,,,,,,,,,,,
900,1608,1,1,1,1,,,,,,Funds transfer,10A100020,Ordinary Deposits,20,ABC Bank Head Office,Subaccount,12500000,0,O,O,10A100020,Ordinary Deposits,10,DEF Bank Station Branch,Subaccount,4000000,0,O,O,000,Common Department,Department,000,Common Department,Department,,,,,,,,
900,1609,,,1,1,,,,,,Funds transfer,,,,,,,,,,10A100020,Ordinary Deposits,30,GHI Bank Nagoya Branch,Subaccount,3500000,0,O,O,,,,000,Common Department,Department,,,,,,,,
900,1610,,,1,1,,,,,,Funds transfer,,,,,,,,,,10A100020,Ordinary Deposits,40,JKL Bank Umeda Branch,Subaccount,3000000,0,O,O,,,,000,Common Department,Department,,,,,,,,
900,1611,,,1,1,,,,,,Funds transfer,,,,,,,,,,10A100020,Ordinary Deposits,50,MNO Bank Kitakyushu Branch,Subaccount,2000000,0,O,O,,,,000,Common Department,Department,,,,,,,,
901,,,,,,63,2021-07-30,,,,,,,,,,,,,,,,,,,,,,,,,,,,,,,,,,,,
901,1612,1,,1,1,,,,,,Insurance Expenses,10E200240,Insurance Expenses,,,,81000,0,E,E,10A100020,Ordinary Deposits,20,ABC Bank Head Office,Subaccount,81000,0,O,O,020,Tokyo Branch,Department,000,Common Department,Department,,,,,,,,
902,,,,,,67,2021-07-30,,,,,,,,,,,,,,,,,,,,,,,,,,,,,,,,,,,,
902,1613,1,,1,1,,,,,,Membership fee Payment,10E201140,Membership Fees,,,,30000,0,O,O,10A100020,Cash,1,Cash,Subaccount,30000,0,O,O,020,Tokyo Branch,Department,000,Common Department,Department,,,,,,,,
903,,,,,,70,2021-07-30,,,,,,,,,,,,,,,,,,,,,,,,,,,,,,,,,,,,
903,1614,1,,1,,,,,,,Wired service fee,10E201270,Miscellaneous Expenses,,,,6000,545,S,S,10B100630,Accounts Payable Other,,,,58381,0,O,O,020,Tokyo Branch,Department,000,Common Department,Department,,,,,,,,
903,1615,1,,,,,,,,,Security fee,10E201270,Miscellaneous Expenses,,,,52381,4761,S,S,,,,,,,,,,020,Tokyo Branch,Department,,,,,,,,,,,
903,1616,1,,1,,,,,,,Cleaning fee,10E201270,Miscellaneous Expenses,,,,73500,6681,S,S,10B100630,Accounts Payable Other,,,,73500,0,O,O,020,Tokyo Branch,Department,000,Common Department,Department,,,,,,,,
904,,,,,,71,2021-07-30,,,,,,,,,,,,,,,,,,,,,,,,,,,,,,,,,,,,
904,1617,1,,1,1,,,,,,Detergent expense,10E201270,Miscellaneous Expenses,,,,798,72,S,S,10A100020,Cash,1,Cash,Subaccount,798,0,O,O,040,Osaka Branch,Department,000,Common Department,Department,,,,,,,,
905,,,,,,96,2021-07-30,,,,,,,,,,,,,,,,,,,,,,,,,,,,,,,,,,,,
905,1618,1,,1,1,,,,,,Security fee,10E201270,Miscellaneous Expenses,,,,22470,2042,S,S,10A100020,Ordinary Deposits,30,GHI Bank Nagoya Branch,Subaccount,22470,0,O,O,030,Nagoya Branch,Department,000,Common Department,Department,,,,,,,,
906,,,,,,100,2021-07-30,,,,,,,,,,,,,,,,,,,,,,,,,,,,,,,,,,,,
906,1619,1,,1,1,,,,,,Membership fee,10E200140,Employee Welfare Expenses,,,,6000,545,S,S,10A100020,Cash,1,Cash,Subaccount,6000,0,O,O,040,Osaka Branch,Department,000,Common Department,Department,,,,,,,,
907,,,,,,115,2021-07-30,,,,,,,,,,,,,,,,,,,,,,,,,,,,,,,,,,,,
907,1620,1,,1,1,,,,,,Insurance Expenses,10E200240,Insurance Expenses,,,,64500,0,E,E,10A100020,Ordinary Deposits,40,JKL Bank Umeda Branch,Subaccount,64500,0,O,O,040,Osaka Branch,Department,000,Common Department,Department,,,,,,,,
908,,,,,,1,2021-07-31,,,,,,,,,,,,,,,,,,,,,,,,,,,,,,,,,,,,
908,1621,1,,1,,,,,,,Freight Anonymized Carrier B,10E200870,Freight Expenses,,,,162800,14800,S,S,10B100630,Accounts Payable Other,,,,162800,0,O,O,010,Sapporo Sales Office,Department,000,Common Department,Department,,,,,,,,
909,,,,,,36,2021-07-31,,,,,,,,,,,,,,,,,,,,,,,,,,,,,,,,,,,,
909,1622,1,,1,,,,,,,Freight Anonymized Carrier A,10E200870,Freight Expenses,,,,1835020,166820,S,S,10B100630,Accounts Payable Other,,,,2799068,0,O,O,020,Tokyo Branch,Department,000,Common Department,Department,,,,,,,,
909,1623,1,,,,,,,,,Freight Anonymized Carrier B,10E200870,Freight Expenses,,,,964048,87640,S,S,,,,,,,,,,020,Tokyo Branch,Department,,,,,,,,,,,
910,,,,,,40,2021-07-31,,,,,,,,,,,,,,,,,,,,,,,,,,,,,,,,,,,,
910,1624,1,,1,,,,,,,Advertising placement,10E200050,Advertising Expenses,,,,50000,4545,S,S,10B100630,Accounts Payable Other,,,,50000,0,O,O,020,Tokyo Branch,Department,000,Common Department,Department,,,,,,,,
911,,,,,,66,2021-07-31,,,,,,,,,,,,,,,,,,,,,,,,,,,,,,,,,,,,
911,1625,1,,1,1,,,,,,lease fee,10E200730,Land and Building Rent,,,,209850,19077,S,S,10A100020,Ordinary Deposits,20,ABC Bank Head Office,Subaccount,209850,0,O,O,020,Tokyo Branch,Department,000,Common Department,Department,,,,,,,,
912,,,,,,74,2021-07-31,,,,,,,,,,,,,,,,,,,,,,,,,,,,,,,,,,,,
912,1626,1,1,1,1,,,,,,Insurance Premium Withheld portion,10B100690,Deposits Received,1,Insurance Expenses,Subaccount,1180527,0,O,O,10A100020,Ordinary Deposits,20,ABC Bank Head Office,Subaccount,2370728,0,O,O,000,Common Department,Department,000,Common Department,Department,,,,,,,,
912,1627,1,,,,,,,,,Insurance Premium Employer contribution,10E200540,Statutory Welfare Expenses,,,,111192,0,E,E,,,,,,,,,,020,Tokyo Branch,Department,,,,,,,,,,,
912,1628,1,,,,,,,,,Insurance Premium Employer contribution,10E200540,Statutory Welfare Expenses,,,,401259,0,E,E,,,,,,,,,,020,Tokyo Branch,Department,,,,,,,,,,,
912,1629,1,,,,,,,,,Insurance Premium Employer contribution,10E200540,Statutory Welfare Expenses,,,,177774,0,E,E,,,,,,,,,,010,Sapporo Sales Office,Department,,,,,,,,,,,
912,1630,1,,,,,,,,,Insurance Premium Employer contribution,10E200540,Statutory Welfare Expenses,,,,165649,0,E,E,,,,,,,,,,030,Nagoya Branch,Department,,,,,,,,,,,
912,1631,1,,,,,,,,,Insurance Premium Employer contribution,10E200540,Statutory Welfare Expenses,,,,204278,0,E,E,,,,,,,,,,040,Osaka Branch,Department,,,,,,,,,,,
912,1632,1,,,,,,,,,Insurance Premium Employer contribution,10E200540,Statutory Welfare Expenses,,,,120377,0,E,E,,,,,,,,,,050,Kyushu Sales Office,Department,,,,,,,,,,,
912,1633,1,,,,,,,,,Child allowance contribution Employer contribution,10E200540,Statutory Welfare Expenses,,,,9672,0,E,E,,,,,,,,,,020,Tokyo Branch,Department,,,,,,,,,,,
913,,,,,,75,2021-07-31,,,,,,,,,,,,,,,,,,,,,,,,,,,,,,,,,,,,
913,1634,1,,1,1,,,,,,Insurance Expenses,10E200240,Insurance Expenses,,,,62000,0,E,E,10A100020,Ordinary Deposits,30,GHI Bank Nagoya Branch,Subaccount,62000,0,O,O,030,Nagoya Branch,Department,000,Common Department,Department,,,,,,,,
914,,,,,,76,2021-07-31,,,,,,,,,,,,,,,,,,,,,,,,,,,,,,,,,,,,
914,1635,1,,1,1,,,,,,Insurance Premium Payment,10E200240,Insurance Expenses,,,,57000,0,E,E,10A100020,Ordinary Deposits,50,MNO Bank Kitakyushu Branch,Subaccount,57000,0,O,O,050,Kyushu Sales Office,Department,000,Common Department,Department,,,,,,,,
915,,,,,,77,2021-07-31,,,,,,,,,,,,,,,,,,,,,,,,,,,,,,,,,,,,
915,1636,1,,1,,,,,,,Freight Expenses,10E200870,Freight Expenses,,,,125560,11414,S,S,10B100630,Accounts Payable Other,,,,125560,0,O,O,030,Nagoya Branch,Department,000,Common Department,Department,,,,,,,,
916,,,,,,78,2021-07-31,,,,,,,,,,,,,,,,,,,,,,,,,,,,,,,,,,,,
916,1637,,,1,,,,,,,Supplies expense department allocation,,,,,,,,,,10E200200,Supplies Expenses,,,,268502,0,O,O,,,,000,Common Department,Department,,,,,,,,
916,1638,1,,,,,,,,,,10E200200,Supplies Expenses,,,,29535,0,O,O,,,,,,,,,,010,Sapporo Sales Office,Department,,,,,,,,,,,
916,1639,1,,,,,,,,,,10E200200,Supplies Expenses,,,,128882,0,O,O,,,,,,,,,,020,Tokyo Branch,Department,,,,,,,,,,,
916,1640,1,,,,,,,,,,10E200200,Supplies Expenses,,,,26850,0,O,O,,,,,,,,,,030,Nagoya Branch,Department,,,,,,,,,,,
916,1641,1,,,,,,,,,,10E200200,Supplies Expenses,,,,64440,0,O,O,,,,,,,,,,040,Osaka Branch,Department,,,,,,,,,,,
916,1642,1,,,,,,,,,,10E200200,Supplies Expenses,,,,18795,0,O,O,,,,,,,,,,050,Kyushu Sales Office,Department,,,,,,,,,,,
917,,,,,,86,2021-07-31,,,,,,,,,,,,,,,,,,,,,,,,,,,,,,,,,,,,
917,1643,1,,1,1,,,,,,month 6 payment,10B100630,Accounts Payable Other,,,,7249493,0,O,O,10A100020,Ordinary Deposits,20,ABC Bank Head Office,Subaccount,7249493,0,O,O,000,Common Department,Department,000,Common Department,Department,,,,,,,,
918,,,,,,99,2021-07-31,,,,,,,,,,,,,,,,,,,,,,,,,,,,,,,,,,,,
918,1644,1,,1,,,,,,,Freight Expenses,10E200870,Freight Expenses,,,,755200,68654,S,S,10B100630,Accounts Payable Other,,,,755200,0,O,O,040,Osaka Branch,Department,000,Common Department,Department,,,,,,,,
919,,,,,,113,2021-07-31,,,,,,,,,,,,,,,,,,,,,,,,,,,,,,,,,,,,
919,1645,1,1,1,,,,,,,7/1-7/31 periodSales,10A100090,Accounts Receivable,25,Anonymized Partner 033,Subaccount,4665496,0,O,O,10D100100,Gross Sales,,,,4665496,424136,S,S,000,Common Department,Department,010,Sapporo Sales Office,Department,,,,,,,,
919,1646,1,1,1,,,,,,,7/1-7/31 periodSales,10A100090,Accounts Receivable,5,Anonymized Partner 030,Subaccount,1299624,0,O,O,10D100100,Gross Sales,,,,1299624,118147,S,S,000,Common Department,Department,010,Sapporo Sales Office,Department,,,,,,,,
919,1647,1,1,1,,,,,,,7/1-7/31 periodSales,10A100090,Accounts Receivable,14,Anonymized Partner 066,Subaccount,1052584,0,O,O,10D100100,Gross Sales,,,,1052584,95689,S,S,000,Common Department,Department,010,Sapporo Sales Office,Department,,,,,,,,
919,1648,1,,1,1,,,,,,7/1-7/31 periodSales,10D100110,Sales Discounts and Returns,,,,32640,2967,S,S,10A100090,Accounts Receivable,5,Anonymized Partner 030,Subaccount,32640,0,O,O,010,Sapporo Sales Office,Department,000,Common Department,Department,,,,,,,,
919,1649,1,,1,1,,,,,,7/1-7/31 periodSales,10D100110,Sales Discounts and Returns,,,,63360,5760,S,S,10A100090,Accounts Receivable,14,Anonymized Partner 066,Subaccount,63360,0,O,O,010,Sapporo Sales Office,Department,000,Common Department,Department,,,,,,,,
920,,,,,,114,2021-07-31,,,,,,,,,,,,,,,,,,,,,,,,,,,,,,,,,,,,
920,1650,1,1,1,,,,,,,7/1-7/31 periodSales,10A100090,Accounts Receivable,12,Anonymized Partner 065,Subaccount,9706318,0,O,O,10D100100,Gross Sales,,,,9706318,882392,S,S,000,Common Department,Department,020,Tokyo Branch,Department,,,,,,,,
920,1651,1,1,1,,,,,,,7/1-7/31 periodSales,10A100090,Accounts Receivable,2,Anonymized Partner 057,Subaccount,16459173,0,O,O,10D100100,Gross Sales,,,,16459173,1496288,S,S,000,Common Department,Department,020,Tokyo Branch,Department,,,,,,,,
920,1652,1,1,1,,,,,,,7/1-7/31 periodSales,10A100090,Accounts Receivable,30,Anonymized Partner 052,Subaccount,1740812,0,O,O,10D100100,Gross Sales,,,,1740812,158255,S,S,000,Common Department,Department,020,Tokyo Branch,Department,,,,,,,,
920,1653,1,1,1,,,,,,,7/1-7/31 periodSales,10A100090,Accounts Receivable,13,Anonymized Partner 023,Subaccount,862193,0,O,O,10D100100,Gross Sales,,,,862193,78381,S,S,000,Common Department,Department,020,Tokyo Branch,Department,,,,,,,,
920,1654,1,1,1,,,,,,,7/1-7/31 periodSales,10A100090,Accounts Receivable,14,Anonymized Partner 066,Subaccount,1678938,0,O,O,10D100100,Gross Sales,,,,1678938,152630,S,S,000,Common Department,Department,020,Tokyo Branch,Department,,,,,,,,
920,1655,1,1,1,,,,,,,7/1-7/31 periodSales,10A100090,Accounts Receivable,26,Anonymized Partner 082,Subaccount,1056864,0,O,O,10D100100,Gross Sales,,,,1056864,96078,S,S,000,Common Department,Department,020,Tokyo Branch,Department,,,,,,,,
920,1656,1,1,1,,,,,,,7/1-7/31 periodSales,10A100090,Accounts Receivable,11,Anonymized Partner 058,Subaccount,366976,0,O,O,10D100100,Gross Sales,,,,366976,33361,S,S,000,Common Department,Department,020,Tokyo Branch,Department,,,,,,,,
920,1657,1,,1,1,,,,,,7/1-7/31 periodSales,10D100110,Sales Discounts and Returns,,,,64000,5818,S,S,10A100090,Accounts Receivable,2,Anonymized Partner 057,Subaccount,64000,0,O,O,020,Tokyo Branch,Department,000,Common Department,Department,,,,,,,,
920,1658,1,,1,1,,,,,,7/1-7/31 periodSales,10D100110,Sales Discounts and Returns,,,,36000,3272,S,S,10A100090,Accounts Receivable,12,Anonymized Partner 065,Subaccount,36000,0,O,O,020,Tokyo Branch,Department,000,Common Department,Department,,,,,,,,
920,1659,1,1,1,,,,,,,7/1-7/31 periodSales,10A100090,Accounts Receivable,24,Anonymized Partner 081,Subaccount,376504,0,O,O,10D100100,Gross Sales,,,,376504,34227,S,S,000,Common Department,Department,020,Tokyo Branch,Department,,,,,,,,
920,1660,1,1,1,,,,,,,7/1-7/31 periodSales,10A100090,Accounts Receivable,10,Anonymized Partner 012,Subaccount,305388,0,O,O,10D100100,Gross Sales,,,,305388,27762,S,S,000,Common Department,Department,020,Tokyo Branch,Department,,,,,,,,
920,1661,1,,1,1,,,,,,7/1-7/31 periodSales,10D100110,Sales Discounts and Returns,,,,50400,4581,S,S,10A100090,Accounts Receivable,26,Anonymized Partner 082,Subaccount,50400,0,O,O,020,Tokyo Branch,Department,000,Common Department,Department,,,,,,,,
921,,,,,,115,2021-07-31,,,,,,,,,,,,,,,,,,,,,,,,,,,,,,,,,,,,
921,1662,1,1,1,,,,,,,7/1-7/31 periodSales,10A100090,Accounts Receivable,27,Anonymized Partner 025,Subaccount,1184900,0,O,O,10D100100,Gross Sales,,,,1184900,107718,S,S,000,Common Department,Department,030,Nagoya Branch,Department,,,,,,,,
921,1663,1,1,1,,,,,,,7/1-7/31 periodSales,10A100090,Accounts Receivable,7,Anonymized Partner 042,Subaccount,925880,0,O,O,10D100100,Gross Sales,,,,925880,84170,S,S,000,Common Department,Department,030,Nagoya Branch,Department,,,,,,,,
921,1664,1,1,1,,,,,,,7/1-7/31 periodSales,10A100090,Accounts Receivable,14,Anonymized Partner 066,Subaccount,928386,0,O,O,10D100100,Gross Sales,,,,928386,84398,S,S,000,Common Department,Department,030,Nagoya Branch,Department,,,,,,,,
921,1665,1,1,1,,,,,,,7/1-7/31 periodSales,10A100090,Accounts Receivable,19,Anonymized Partner 045,Subaccount,378495,0,O,O,10D100100,Gross Sales,,,,378495,34408,S,S,000,Common Department,Department,030,Nagoya Branch,Department,,,,,,,,
921,1666,1,1,1,,,,,,,7/1-7/31 periodSales,10A100090,Accounts Receivable,21,Anonymized Partner 014,Subaccount,610974,0,O,O,10D100100,Gross Sales,,,,610974,55543,S,S,000,Common Department,Department,030,Nagoya Branch,Department,,,,,,,,
921,1667,1,1,1,,,,,,,7/1-7/31 periodSales,10A100090,Accounts Receivable,6,Anonymized Partner 061,Subaccount,911211,0,O,O,10D100100,Gross Sales,,,,911211,82837,S,S,000,Common Department,Department,030,Nagoya Branch,Department,,,,,,,,
922,,,,,,116,2021-07-31,,,,,,,,,,,,,,,,,,,,,,,,,,,,,,,,,,,,
922,1668,1,1,1,,,,,,,7/1-7/31 periodSales,10A100090,Accounts Receivable,28,Anonymized Partner 072,Subaccount,6131174,0,O,O,10D100100,Gross Sales,,,,6131174,557379,S,S,000,Common Department,Department,040,Osaka Branch,Department,,,,,,,,
922,1669,1,1,1,,,,,,,7/1-7/31 periodSales,10A100090,Accounts Receivable,23,Anonymized Partner 056,Subaccount,1135138,0,O,O,10D100100,Gross Sales,,,,1135138,103194,S,S,000,Common Department,Department,040,Osaka Branch,Department,,,,,,,,
922,1670,1,1,1,,,,,,,7/1-7/31 periodSales,10A100090,Accounts Receivable,14,Anonymized Partner 066,Subaccount,2487704,0,O,O,10D100100,Gross Sales,,,,2487704,226154,S,S,000,Common Department,Department,040,Osaka Branch,Department,,,,,,,,
922,1671,1,1,1,,,,,,,7/1-7/31 periodSales,10A100090,Accounts Receivable,4,Anonymized Partner 032,Subaccount,1186200,0,O,O,10D100100,Gross Sales,,,,1186200,107836,S,S,000,Common Department,Department,040,Osaka Branch,Department,,,,,,,,
922,1672,1,1,1,,,,,,,7/1-7/31 periodSales,10A100090,Accounts Receivable,8,Anonymized Partner 073,Subaccount,560430,0,O,O,10D100100,Gross Sales,,,,560430,50948,S,S,000,Common Department,Department,040,Osaka Branch,Department,,,,,,,,
922,1673,1,1,1,,,,,,,7/1-7/31 periodSales,10A100090,Accounts Receivable,9,Anonymized Partner 026,Subaccount,1013480,0,O,O,10D100100,Gross Sales,,,,1013480,92134,S,S,000,Common Department,Department,040,Osaka Branch,Department,,,,,,,,
922,1674,1,1,1,,,,,,,7/1-7/31 periodSales,10A100090,Accounts Receivable,20,Anonymized Partner 079,Subaccount,942360,0,O,O,10D100100,Gross Sales,,,,942360,85669,S,S,000,Common Department,Department,040,Osaka Branch,Department,,,,,,,,
922,1675,1,1,1,,,,,,,7/1-7/31 periodSales,10A100090,Accounts Receivable,3,Anonymized Partner 085,Subaccount,588672,0,O,O,10D100100,Gross Sales,,,,588672,53515,S,S,000,Common Department,Department,040,Osaka Branch,Department,,,,,,,,
922,1676,1,,1,1,,,,,,7/1-7/31 periodSales,10D100110,Sales Discounts and Returns,,,,66560,6050,S,S,10A100090,Accounts Receivable,4,Anonymized Partner 032,Subaccount,66560,0,O,O,040,Osaka Branch,Department,000,Common Department,Department,,,,,,,,
922,1677,1,,1,1,,,,,,lease fee,10E200730,Land and Building Rent,,,,84000,7636,S,S,10A100020,Ordinary Deposits,40,JKL Bank Umeda Branch,Subaccount,84000,0,O,O,040,Osaka Branch,Department,000,Common Department,Department,,,,,,,,
923,,,,,,117,2021-07-31,,,,,,,,,,,,,,,,,,,,,,,,,,,,,,,,,,,,
923,1678,1,1,1,,,,,,,7/1-7/31 periodSales,10A100090,Accounts Receivable,14,Anonymized Partner 066,Subaccount,943160,0,O,O,10D100100,Gross Sales,,,,943160,85741,S,S,000,Common Department,Department,050,Kyushu Sales Office,Department,,,,,,,,
923,1679,1,1,1,,,,,,,7/1-7/31 periodSales,10A100090,Accounts Receivable,22,Anonymized Partner 070,Subaccount,1402208,0,O,O,10D100100,Gross Sales,,,,1402208,127473,S,S,000,Common Department,Department,050,Kyushu Sales Office,Department,,,,,,,,
923,1680,1,1,1,,,,,,,7/1-7/31 periodSales,10A100090,Accounts Receivable,1,Anonymized Partner 068,Subaccount,1369532,0,O,O,10D100100,Gross Sales,,,,1369532,124502,S,S,000,Common Department,Department,050,Kyushu Sales Office,Department,,,,,,,,
923,1681,1,1,1,,,,,,,7/1-7/31 periodSales,10A100090,Accounts Receivable,29,Anonymized Partner 049,Subaccount,963720,0,O,O,10D100100,Gross Sales,,,,963720,87610,S,S,000,Common Department,Department,050,Kyushu Sales Office,Department,,,,,,,,
924,,,,,,118,2021-07-31,,,,,,,,,,,,,,,,,,,,,,,,,,,,,,,,,,,,
924,1682,1,1,1,1,,,,,,Voucher No. 271 dated 7/31 Anonymized Partner 032,10A100020,Ordinary Deposits,40,JKL Bank Umeda Branch,Subaccount,878488,0,O,O,10A100090,Accounts Receivable,4,Anonymized Partner 032,Subaccount,878488,0,O,O,000,Common Department,Department,000,Common Department,Department,,,,,,,,
924,1683,1,,1,1,,,,,,Voucher No. 271 dated 7/31 Anonymized Partner 032,10E200690,Service Fees,,,,840,76,S,S,10A100090,Accounts Receivable,4,Anonymized Partner 032,Subaccount,840,0,O,O,040,Osaka Branch,Department,000,Common Department,Department,,,,,,,,
925,,,,,,119,2021-07-31,,,,,,,,,,,,,,,,,,,,,,,,,,,,,,,,,,,,
925,1684,1,1,1,1,,,,,,Voucher No. 272 dated 7/31 Anonymized Partner 030,10A100020,Ordinary Deposits,10,DEF Bank Station Branch,Subaccount,903208,0,O,O,10A100090,Accounts Receivable,5,Anonymized Partner 030,Subaccount,903208,0,O,O,000,Common Department,Department,000,Common Department,Department,,,,,,,,
925,1685,1,,1,1,,,,,,Voucher No. 272 dated 7/31 Anonymized Partner 030,10E200690,Service Fees,,,,840,76,S,S,10A100090,Accounts Receivable,5,Anonymized Partner 030,Subaccount,840,0,O,O,010,Sapporo Sales Office,Department,000,Common Department,Department,,,,,,,,
926,,,,,,120,2021-07-31,,,,,,,,,,,,,,,,,,,,,,,,,,,,,,,,,,,,
926,1686,1,,1,1,,,,,,Voucher No. 273 dated 7/31 Anonymized Partner 065 | Sales voucher=20210630-121;Note number=R20210731-120-12,10A100060,Notes Receivable,,,,10130263,0,O,O,10A100090,Accounts Receivable,12,Anonymized Partner 065,Subaccount,10130263,0,O,O,000,Common Department,Department,000,Common Department,Department,,,,,,,,
927,,,,,,121,2021-07-31,,,,,,,,,,,,,,,,,,,,,,,,,,,,,,,,,,,,
927,1687,1,1,1,1,,,,,,Voucher No. 274 dated 7/31 Anonymized Partner 081,10A100020,Ordinary Deposits,20,ABC Bank Head Office,Subaccount,602336,0,O,O,10A100090,Accounts Receivable,24,Anonymized Partner 081,Subaccount,602336,0,O,O,000,Common Department,Department,000,Common Department,Department,,,,,,,,
927,1688,1,,1,1,,,,,,Voucher No. 274 dated 7/31 Anonymized Partner 081,10E200690,Service Fees,,,,472,42,S,S,10A100090,Accounts Receivable,24,Anonymized Partner 081,Subaccount,472,0,O,O,020,Tokyo Branch,Department,000,Common Department,Department,,,,,,,,
928,,,,,,122,2021-07-31,,,,,,,,,,,,,,,,,,,,,,,,,,,,,,,,,,,,
928,1689,1,1,1,1,,,,,,Voucher No. 275 dated 7/31 Anonymized Partner 049,10A100020,Ordinary Deposits,50,MNO Bank Kitakyushu Branch,Subaccount,404142,0,O,O,10A100090,Accounts Receivable,29,Anonymized Partner 049,Subaccount,404142,0,O,O,000,Common Department,Department,000,Common Department,Department,,,,,,,,
928,1690,1,,1,1,,,,,,Voucher No. 275 dated 7/31 Anonymized Partner 049,10E200690,Service Fees,,,,210,19,S,S,10A100090,Accounts Receivable,29,Anonymized Partner 049,Subaccount,210,0,O,O,050,Kyushu Sales Office,Department,000,Common Department,Department,,,,,,,,
929,,,,,,123,2021-07-31,,,,,,,,,,,,,,,,,,,,,,,,,,,,,,,,,,,,
929,1691,1,1,1,1,,,,,,Voucher No. 453 dated 7/31 Anonymized Partner 012,10A100020,Cash,1,Cash,Subaccount,372176,0,O,O,10A100090,Accounts Receivable,10,Anonymized Partner 012,Subaccount,372176,0,O,O,000,Common Department,Department,000,Common Department,Department,,,,,,,,
930,,,,,,124,2021-07-31,,,,,,,,,,,,,,,,,,,,,,,,,,,,,,,,,,,,
930,1692,1,,1,1,,,,,,7/1-7/31 period Purchases,10E100130,Merchandise Purchases,,,,49392,4490,S,S,10B100040,Accounts Payable,8,Anonymized Partner 063,Subaccount,49392,0,O,O,010,Sapporo Sales Office,Department,000,Common Department,Department,,,,,,,,
930,1693,1,,1,1,,,,,,7/1-7/31 period Purchases,10E100130,Merchandise Purchases,,,,176676,16061,S,S,10B100040,Accounts Payable,2,Anonymized Partner 046,Subaccount,176676,0,O,O,010,Sapporo Sales Office,Department,000,Common Department,Department,,,,,,,,
931,,,,,,125,2021-07-31,,,,,,,,,,,,,,,,,,,,,,,,,,,,,,,,,,,,
931,1694,1,,1,1,,,,,,7/1-7/31 period Purchases,10E100130,Merchandise Purchases,,,,2953512,268501,S,S,10B100040,Accounts Payable,14,Anonymized Partner 011,Subaccount,2953512,0,O,O,020,Tokyo Branch,Department,000,Common Department,Department,,,,,,,,
931,1695,1,,1,1,,,,,,7/1-7/31 period Purchases,10E100130,Merchandise Purchases,,,,3216642,292422,S,S,10B100040,Accounts Payable,3,Anonymized Partner 085,Subaccount,3216642,0,O,O,020,Tokyo Branch,Department,000,Common Department,Department,,,,,,,,
931,1696,1,1,1,,,,,,,7/1-7/31 period Purchases,10B100040,Accounts Payable,3,Anonymized Partner 085,Subaccount,34523,0,O,O,10E100120,Purchase Discounts and Returns,,,,34523,3138,S,S,000,Common Department,Department,020,Tokyo Branch,Department,,,,,,,,
931,1697,1,,1,1,,,,,,7/1-7/31 period Purchases,10E100130,Merchandise Purchases,,,,1317476,119770,S,S,10B100040,Accounts Payable,13,Anonymized Partner 027,Subaccount,1317476,0,O,O,020,Tokyo Branch,Department,000,Common Department,Department,,,,,,,,
931,1698,1,,1,1,,,,,,7/1-7/31 period Purchases,10E100130,Merchandise Purchases,,,,6120204,556382,S,S,10B100040,Accounts Payable,1,Anonymized Partner 043,Subaccount,6120204,0,O,O,020,Tokyo Branch,Department,000,Common Department,Department,,,,,,,,
931,1699,1,,1,1,,,,,,7/1-7/31 period Purchases,10E100130,Merchandise Purchases,,,,4398969,399906,S,S,10B100040,Accounts Payable,11,Anonymized Partner 067,Subaccount,4398969,0,O,O,020,Tokyo Branch,Department,000,Common Department,Department,,,,,,,,
931,1700,1,,1,1,,,,,,7/1-7/31 period Purchases,10E100130,Merchandise Purchases,,,,336571,30597,S,S,10B100040,Accounts Payable,12,Anonymized Partner 059,Subaccount,336571,0,O,O,020,Tokyo Branch,Department,000,Common Department,Department,,,,,,,,
931,1701,1,,1,1,,,,,,7/1-7/31 period Purchases,10E100130,Merchandise Purchases,,,,650681,59152,S,S,10B100040,Accounts Payable,2,Anonymized Partner 046,Subaccount,650681,0,O,O,020,Tokyo Branch,Department,000,Common Department,Department,,,,,,,,
931,1702,1,,1,1,,,,,,7/1-7/31 period Purchases,10E100130,Merchandise Purchases,,,,167932,15266,S,S,10B100040,Accounts Payable,8,Anonymized Partner 063,Subaccount,167932,0,O,O,020,Tokyo Branch,Department,000,Common Department,Department,,,,,,,,
931,1703,1,1,1,,,,,,,7/1-7/31 period Purchases,10B100040,Accounts Payable,1,Anonymized Partner 043,Subaccount,19252,0,O,O,10E100120,Purchase Discounts and Returns,,,,19252,1750,S,S,000,Common Department,Department,020,Tokyo Branch,Department,,,,,,,,
932,,,,,,126,2021-07-31,,,,,,,,,,,,,,,,,,,,,,,,,,,,,,,,,,,,
932,1704,1,,1,1,,,,,,7/1-7/31 period Purchases,10E100130,Merchandise Purchases,,,,1819272,165388,S,S,10B100040,Accounts Payable,9,Anonymized Partner 029,Subaccount,1819272,0,O,O,030,Nagoya Branch,Department,000,Common Department,Department,,,,,,,,
932,1705,1,,1,1,,,,,,7/1-7/31 period Purchases,10E100130,Merchandise Purchases,,,,1159628,105420,S,S,10B100040,Accounts Payable,15,Anonymized Partner 074,Subaccount,1159628,0,O,O,030,Nagoya Branch,Department,000,Common Department,Department,,,,,,,,
932,1706,1,,1,1,,,,,,7/1-7/31 period Purchases,10E100130,Merchandise Purchases,,,,3639444,330858,S,S,10B100040,Accounts Payable,7,Anonymized Partner 048,Subaccount,3639444,0,O,O,030,Nagoya Branch,Department,000,Common Department,Department,,,,,,,,
932,1707,1,1,1,,,,,,,7/1-7/31 period Purchases,10B100040,Accounts Payable,15,Anonymized Partner 074,Subaccount,18748,0,O,O,10E100120,Purchase Discounts and Returns,,,,18748,1704,S,S,000,Common Department,Department,030,Nagoya Branch,Department,,,,,,,,
932,1708,1,,1,1,,,,,,7/1-7/31 period Purchases,10E100130,Merchandise Purchases,,,,77565,7051,S,S,10B100040,Accounts Payable,2,Anonymized Partner 046,Subaccount,77565,0,O,O,030,Nagoya Branch,Department,000,Common Department,Department,,,,,,,,
932,1709,1,,1,1,,,,,,7/1-7/31 period Purchases,10E100130,Merchandise Purchases,,,,24696,2245,S,S,10B100040,Accounts Payable,8,Anonymized Partner 063,Subaccount,24696,0,O,O,030,Nagoya Branch,Department,000,Common Department,Department,,,,,,,,
933,,,,,,127,2021-07-31,,,,,,,,,,,,,,,,,,,,,,,,,,,,,,,,,,,,
933,1710,1,,1,1,,,,,,7/1-7/31 period Purchases,10E100130,Merchandise Purchases,,,,3841014,349183,S,S,10B100040,Accounts Payable,5,Anonymized Partner 010,Subaccount,3841014,0,O,O,040,Osaka Branch,Department,000,Common Department,Department,,,,,,,,
933,1711,1,,1,1,,,,,,7/1-7/31 period Purchases,10E100130,Merchandise Purchases,,,,929328,84484,S,S,10B100040,Accounts Payable,4,Anonymized Partner 047,Subaccount,929328,0,O,O,040,Osaka Branch,Department,000,Common Department,Department,,,,,,,,
933,1712,1,,1,1,,,,,,7/1-7/31 period Purchases,10E100130,Merchandise Purchases,,,,3148603,286236,S,S,10B100040,Accounts Payable,10,Anonymized Partner 009,Subaccount,3148603,0,O,O,040,Osaka Branch,Department,000,Common Department,Department,,,,,,,,
933,1713,1,,1,1,,,,,,7/1-7/31 period Purchases,10E100130,Merchandise Purchases,,,,3600809,327346,S,S,10B100040,Accounts Payable,6,Anonymized Partner 054,Subaccount,3600809,0,O,O,040,Osaka Branch,Department,000,Common Department,Department,,,,,,,,
933,1714,1,1,1,,,,,,,7/1-7/31 period Purchases,10B100040,Accounts Payable,4,Anonymized Partner 047,Subaccount,14817,0,O,O,10E100120,Purchase Discounts and Returns,,,,14817,1347,S,S,000,Common Department,Department,040,Osaka Branch,Department,,,,,,,,
933,1715,1,,1,1,,,,,,7/1-7/31 period Purchases,10E100130,Merchandise Purchases,,,,148176,13470,S,S,10B100040,Accounts Payable,8,Anonymized Partner 063,Subaccount,148176,0,O,O,040,Osaka Branch,Department,000,Common Department,Department,,,,,,,,
933,1716,1,,1,1,,,,,,7/1-7/31 period Purchases,10E100130,Merchandise Purchases,,,,215458,19587,S,S,10B100040,Accounts Payable,2,Anonymized Partner 046,Subaccount,215458,0,O,O,040,Osaka Branch,Department,000,Common Department,Department,,,,,,,,
934,,,,,,128,2021-07-31,,,,,,,,,,,,,,,,,,,,,,,,,,,,,,,,,,,,
934,1717,1,,1,1,,,,,,7/1-7/31 period Purchases,10E100130,Merchandise Purchases,,,,24696,2245,S,S,10B100040,Accounts Payable,8,Anonymized Partner 063,Subaccount,24696,0,O,O,050,Kyushu Sales Office,Department,000,Common Department,Department,,,,,,,,
934,1718,1,,1,1,,,,,,7/1-7/31 period Purchases,10E100130,Merchandise Purchases,,,,198221,18020,S,S,10B100040,Accounts Payable,2,Anonymized Partner 046,Subaccount,198221,0,O,O,050,Kyushu Sales Office,Department,000,Common Department,Department,,,,,,,,
935,,,,,,129,2021-07-31,,,,,,,,,,,,,,,,,,,,,,,,,,,,,,,,,,,,
935,1719,1,1,1,1,,,,,,Voucher No. 176 dated 7/31 Anonymized Partner 046,10B100040,Accounts Payable,2,Anonymized Partner 046,Subaccount,1297055,0,O,O,10A100020,Ordinary Deposits,20,ABC Bank Head Office,Subaccount,1297055,0,O,O,000,Common Department,Department,000,Common Department,Department,,,,,,,,
936,,,,,,130,2021-07-31,,,,,,,,,,,,,,,,,,,,,,,,,,,,,,,,,,,,
936,1720,1,1,1,,,,,,,Voucher No. 177 dated 7/31 Anonymized Partner 010,10B100040,Accounts Payable,5,Anonymized Partner 010,Subaccount,3680382,0,O,O,10B100030,Notes Payable,,,,3680382,0,O,O,000,Common Department,Department,000,Common Department,Department,,,,,,,,
937,,,,,,131,2021-07-31,,,,,,,,,,,,,,,,,,,,,,,,,,,,,,,,,,,,
937,1721,1,1,1,1,,,,,,Voucher No. 178 dated 7/31 Anonymized Partner 048,10B100040,Accounts Payable,7,Anonymized Partner 048,Subaccount,3447484,0,O,O,10A100020,Ordinary Deposits,20,ABC Bank Head Office,Subaccount,3447484,0,O,O,000,Common Department,Department,000,Common Department,Department,,,,,,,,
938,,,,,,132,2021-07-31,,,,,,,,,,,,,,,,,,,,,,,,,,,,,,,,,,,,
938,1722,1,1,1,,,,,,,Voucher No. 179 dated 7/31 Anonymized Partner 029,10B100040,Accounts Payable,9,Anonymized Partner 029,Subaccount,1712425,0,O,O,10B100030,Notes Payable,,,,1712425,0,O,O,000,Common Department,Department,000,Common Department,Department,,,,,,,,
939,,,,,,133,2021-07-31,,,,,,,,,,,,,,,,,,,,,,,,,,,,,,,,,,,,
939,1723,1,1,1,,,,,,,Voucher No. 181 dated 7/31 Anonymized Partner 009,10B100040,Accounts Payable,10,Anonymized Partner 009,Subaccount,3020180,0,O,O,10B100030,Notes Payable,,,,3020180,0,O,O,000,Common Department,Department,000,Common Department,Department,,,,,,,,
940,,,,,,134,2021-07-31,,,,,,,,,,,,,,,,,,,,,,,,,,,,,,,,,,,,
940,1724,1,1,1,1,,,,,,Voucher No. 182 dated 7/31 Anonymized Partner 059,10B100040,Accounts Payable,12,Anonymized Partner 059,Subaccount,316537,0,O,O,10A100020,Ordinary Deposits,20,ABC Bank Head Office,Subaccount,316537,0,O,O,000,Common Department,Department,000,Common Department,Department,,,,,,,,
941,,,,,,135,2021-07-31,,,,,,,,,,,,,,,,,,,,,,,,,,,,,,,,,,,,
941,1725,1,1,1,1,,,,,,Voucher No. 183 dated 7/31 Anonymized Partner 027,10B100040,Accounts Payable,13,Anonymized Partner 027,Subaccount,1291839,0,O,O,10A100020,Ordinary Deposits,20,ABC Bank Head Office,Subaccount,1291839,0,O,O,000,Common Department,Department,000,Common Department,Department,,,,,,,,
942,,,,,,136,2021-07-31,,,,,,,,,,,,,,,,,,,,,,,,,,,,,,,,,,,,
942,1726,1,1,1,1,,,,,,Voucher No. 184 dated 7/31 Anonymized Partner 011,10B100040,Accounts Payable,14,Anonymized Partner 011,Subaccount,2864586,0,O,O,10A100020,Ordinary Deposits,20,ABC Bank Head Office,Subaccount,2864586,0,O,O,000,Common Department,Department,000,Common Department,Department,,,,,,,,
943,,,,,,137,2021-07-31,,,,,,,,,,,,,,,,,,,,,,,,,,,,,,,,,,,,
943,1727,1,1,1,1,,,,,,Voucher No. 185 dated 7/31 Anonymized Partner 074,10B100040,Accounts Payable,15,Anonymized Partner 074,Subaccount,1109128,0,O,O,10A100020,Ordinary Deposits,20,ABC Bank Head Office,Subaccount,1109128,0,O,O,000,Common Department,Department,000,Common Department,Department,,,,,,,,
944,,,,,,139,2021-07-31,,,,,,,,,,,,,,,,,,,,,,,,,,,,,,,,,,,,
944,1728,1,1,1,,,,,,,Note maturity Anonymized Partner 057 | Note number=R20210425-273-2,10A100020,Checking Deposits,1,ABC Bank,Subaccount,20392404,0,O,O,10A100060,Notes Receivable,,,,20392404,0,O,O,000,Common Department,Department,000,Common Department,Department,,,,,,,,
945,,,,,,140,2021-07-31,,,,,,,,,,,,,,,,,,,,,,,,,,,,,,,,,,,,
945,1729,1,,1,1,,,,,,Note due date settlement Anonymized Partner 010,10B100030,Notes Payable,,,,5237507,0,O,O,10A100020,Checking Deposits,1,ABC Bank,Subaccount,5237507,0,O,O,000,Common Department,Department,000,Common Department,Department,,,,,,,,
945,1730,1,,1,1,,,,,,Note due date settlement Anonymized Partner 029,10B100030,Notes Payable,,,,2599235,0,O,O,10A100020,Checking Deposits,1,ABC Bank,Subaccount,2599235,0,O,O,000,Common Department,Department,000,Common Department,Department,,,,,,,,
945,1731,1,,1,1,,,,,,Note due date settlement Anonymized Partner 009,10B100030,Notes Payable,,,,4640751,0,O,O,10A100020,Checking Deposits,1,ABC Bank,Subaccount,4640751,0,O,O,000,Common Department,Department,000,Common Department,Department,,,,,,,,
946,,,,,,145,2021-07-31,,,,,,,,,,,,,,,,,,,,,,,,,,,,,,,,,,,,
946,1732,1,,1,,,,,,,Freight Expenses,10E200870,Freight Expenses,,,,165200,15018,S,S,10B100630,Accounts Payable Other,,,,165200,0,O,O,050,Kyushu Sales Office,Department,000,Common Department,Department,,,,,,,,
947,,,,,,146,2021-07-31,,,,,,,,,,,,,,,,,,,,,,,,,,,,,,,,,,,,
947,1733,1,1,1,,,,,,,Loan repayment received,10A100020,Ordinary Deposits,20,ABC Bank Head Office,Subaccount,40000,0,O,O,10A100610,Short-term Loans Receivable,,,,40000,0,O,O,000,Common Department,Department,000,Common Department,Department,,,,,,,,
948,,,,,,147,2021-07-31,,,,,,,,,,,,,,,,,,,,,,,,,,,,,,,,,,,,
948,1734,1,1,1,1,,,,,,Installment savings,10A100020,Installment Savings,4,Installment Savings,Subaccount,500000,0,O,O,10A100020,Ordinary Deposits,20,ABC Bank Head Office,Subaccount,625000,0,O,O,000,Common Department,Department,000,Common Department,Department,,,,,,,,
948,1735,1,,,,,,,,,Insurance Reserve Deposits,10A230570,Insurance Reserve Deposits,,,,125000,0,O,O,,,,,,,,,,000,Common Department,Department,,,,,,,,,,,
949,,,,,,148,2021-07-31,,,,,,,,,,,,,,,,,,,,,,,,,,,,,,,,,,,,
949,1736,1,,1,1,,,,,,Loan repayment,10B100790,Short-term Borrowings,,,,653500,0,O,O,10A100020,Checking Deposits,1,ABC Bank,Subaccount,686175,0,O,O,000,Common Department,Department,000,Common Department,Department,,,,,,,,
949,1737,1,,,,,,,,,Interest,10E300020,Interest Expense,,,,32675,0,E,E,,,,,,,,,,020,Tokyo Branch,Department,,,,,,,,,,,
950,,,,,,990004,2021-07-31,,,,,,,,,,,,,,,,,,,,,,,,,,,,,,,,,,,,
950,1738,1,,1,,,,,,,Sample definition: Semiannual bonus accrual allocated evenly 202107 Department010,10E200130,Bonuses,,,,190000,0,O,O,10B100320,Provision for Bonuses,,,,190000,0,O,O,010,Sapporo Sales Office,Department,010,Sapporo Sales Office,Department,,,,,,,,
950,1739,1,,1,,,,,,,Sample definition: Semiannual bonus accrual allocated evenly 202107 Department020,10E200130,Bonuses,,,,451667,0,O,O,10B100320,Provision for Bonuses,,,,451667,0,O,O,020,Tokyo Branch,Department,020,Tokyo Branch,Department,,,,,,,,
950,1740,1,,1,,,,,,,Sample definition: Semiannual bonus accrual allocated evenly 202107 Department030,10E200130,Bonuses,,,,178333,0,O,O,10B100320,Provision for Bonuses,,,,178333,0,O,O,030,Nagoya Branch,Department,030,Nagoya Branch,Department,,,,,,,,
950,1741,1,,1,,,,,,,Sample definition: Semiannual bonus accrual allocated evenly 202107 Department040,10E200130,Bonuses,,,,216667,0,O,O,10B100320,Provision for Bonuses,,,,216667,0,O,O,040,Osaka Branch,Department,040,Osaka Branch,Department,,,,,,,,
950,1742,1,,1,,,,,,,Sample definition: Semiannual bonus accrual allocated evenly 202107 Department050,10E200130,Bonuses,,,,136667,0,O,O,10B100320,Provision for Bonuses,,,,136667,0,O,O,050,Kyushu Sales Office,Department,050,Kyushu Sales Office,Department,,,,,,,,
