JP07a,JP08a,BS04fb,JP05a,BS04fc,JP05b,JP07a_GL03_01,JP07a_GL03_03,GL05c_01,GE23c_01,GE09eR_01,JP08a_GL04_03,JP06e_GE24_01,JP06e_GE24_02,JP05a_01,JP05a_02,JP05a_03,GE05ku_01,GE05kw_01,JP02j_BS09_01,JP02j_BS09_02,JP06f_GE24_01,JP06f_GE24_02,JP05b_01,JP05b_02,JP05b_03,GE05kz_01,GE05kB_01,JP02k_BS09_01,JP02k_BS09_02,BS04fb_01,BS04fb_02,BS04fb_03,BS04fc_01,BS04fc_02,BS04fc_03,Data_Scope,Document_ID,Document_Type,Document_Number,Related_Document_ID,Related_Document_Type,Related_Document_Number,Settlement_Scheduled_Month
1417,,,,,,18,2021-10-01,,,,,,,,,,,,,,,,,,,,,,,,,,,,,,,,,,,,
1417,2557,1,,1,1,,,,,,Travel expense,10E201230,Travel and Transportation Expenses,,,,26870,2442,S,S,10A100020,Cash,1,Cash,Subaccount,26870,0,O,O,010,Sapporo Sales Office,Department,000,Common Department,Department,,,,,,,,
1418,,,,,,66,2021-10-01,,,,,,,,,,,,,,,,,,,,,,,,,,,,,,,,,,,,
1418,2558,1,,1,1,,,,,,lease fee,10E200730,Land and Building Rent,,,,209850,19077,S,S,10A100020,Ordinary Deposits,20,ABC Bank Head Office,Subaccount,209850,0,O,O,020,Tokyo Branch,Department,000,Common Department,Department,,,,,,,,
1419,,,,,,116,2021-10-01,,,,,,,,,,,,,,,,,,,,,,,,,,,,,,,,,,,,
1419,2559,1,,1,1,,,,,,lease fee,10E200730,Land and Building Rent,,,,84000,7636,S,S,10A100020,Ordinary Deposits,40,JKL Bank Umeda Branch,Subaccount,84000,0,O,O,040,Osaka Branch,Department,000,Common Department,Department,,,,,,,,
1420,,,,,,141,2021-10-01,,,,,,,,,,,,,,,,,,,,,,,,,,,,,,,,,,,,
1420,2560,1,,1,1,,,,,,Anonymized Railway Company A expense,10E201230,Travel and Transportation Expenses,,,,7800,709,S,S,10A100020,Cash,1,Cash,Subaccount,7800,0,O,O,040,Osaka Branch,Department,000,Common Department,Department,,,,,,,,
1421,,,,,,7,2021-10-02,,,,,,,,,,,,,,,,,,,,,,,,,,,,,,,,,,,,
1421,2561,1,,1,1,,,,,,Meal expense Anonymized Store 077 2 people,10E200150,Entertainment Expenses,,,,12380,1125,S,S,10A100020,Cash,1,Cash,Subaccount,12380,0,O,O,010,Sapporo Sales Office,Department,000,Common Department,Department,,,,,,,,
1422,,,,,,32,2021-10-02,,,,,,,,,,,,,,,,,,,,,,,,,,,,,,,,,,,,
1422,2562,1,,1,,,,,,,office supplies expense,10E201110,Office Supplies Expenses,,,,6823,620,S,S,10B100630,Accounts Payable Other,,,,6823,0,O,O,010,Sapporo Sales Office,Department,000,Common Department,Department,,,,,,,,
1423,,,,,,50,2021-10-02,,,,,,,,,,,,,,,,,,,,,,,,,,,,,,,,,,,,
1423,2563,1,,1,1,,,,,,Parking fee,10E201120,Vehicle Expenses,,,,1200,109,S,S,10A100020,Cash,1,Cash,Subaccount,1200,0,O,O,020,Tokyo Branch,Department,000,Common Department,Department,,,,,,,,
1424,,,,,,75,2021-10-02,,,,,,,,,,,,,,,,,,,,,,,,,,,,,,,,,,,,
1424,2564,1,,1,1,,,,,,Cof fee expense 2 people,10E200150,Entertainment Expenses,,,,1260,114,S,S,10A100020,Cash,1,Cash,Subaccount,1260,0,O,O,020,Tokyo Branch,Department,000,Common Department,Department,,,,,,,,
1425,,,,,,142,2021-10-02,,,,,,,,,,,,,,,,,,,,,,,,,,,,,,,,,,,,
1425,2565,1,,1,1,,,,,,Gasoline,10E201120,Vehicle Expenses,,,,6229,566,S,S,10A100020,Cash,1,Cash,Subaccount,53951,0,O,O,040,Osaka Branch,Department,000,Common Department,Department,,,,,,,,
1425,2566,1,,,,,,,,,Expressway toll,10E201120,Vehicle Expenses,,,,4289,389,S,S,,,,,,,,,,040,Osaka Branch,Department,,,,,,,,,,,
1425,2567,1,,,,,,,,,Inspection service fee,10E201120,Vehicle Expenses,,,,43433,3948,S,S,,,,,,,,,,040,Osaka Branch,Department,,,,,,,,,,,
1426,,,,,,157,2021-10-02,,,,,,,,,,,,,,,,,,,,,,,,,,,,,,,,,,,,
1426,2568,1,,1,1,,,,,,Airfare,10E201230,Travel and Transportation Expenses,,,,55300,5027,S,S,10A100020,Ordinary Deposits,50,MNO Bank Kitakyushu Branch,Subaccount,55300,0,O,O,050,Kyushu Sales Office,Department,000,Common Department,Department,,,,,,,,
1427,,,,,,56,2021-10-03,,,,,,,,,,,,,,,,,,,,,,,,,,,,,,,,,,,,
1427,2569,1,,1,1,,,,,,Travel expense,10E201230,Travel and Transportation Expenses,,,,36400,3309,S,S,10A100020,Cash,1,Cash,Subaccount,36400,0,O,O,020,Tokyo Branch,Department,000,Common Department,Department,,,,,,,,
1428,,,,,,75,2021-10-03,,,,,,,,,,,,,,,,,,,,,,,,,,,,,,,,,,,,
1428,2570,1,,1,1,,,,,,Travel expense,10E201230,Travel and Transportation Expenses,,,,12000,1090,S,S,10A100020,Cash,1,Cash,Subaccount,12000,0,O,O,030,Nagoya Branch,Department,000,Common Department,Department,,,,,,,,
1429,,,,,,102,2021-10-03,,,,,,,,,,,,,,,,,,,,,,,,,,,,,,,,,,,,
1429,2571,1,,1,1,,,,,,Gift expense Anonymized Store 089,10E200150,Entertainment Expenses,,,,1050,95,S,S,10A100020,Cash,1,Cash,Subaccount,1050,0,O,O,040,Osaka Branch,Department,000,Common Department,Department,,,,,,,,
1430,,,,,,158,2021-10-03,,,,,,,,,,,,,,,,,,,,,,,,,,,,,,,,,,,,
1430,2572,1,,1,1,,,,,,Business travel expense,10E201230,Travel and Transportation Expenses,,,,13500,1227,S,S,10A100020,Cash,1,Cash,Subaccount,13500,0,O,O,040,Osaka Branch,Department,000,Common Department,Department,,,,,,,,
1431,,,,,,19,2021-10-05,,,,,,,,,,,,,,,,,,,,,,,,,,,,,,,,,,,,
1431,2573,1,,1,1,,,,,,Travel expense,10E201230,Travel and Transportation Expenses,,,,18970,1724,S,S,10A100020,Cash,1,Cash,Subaccount,18970,0,O,O,010,Sapporo Sales Office,Department,000,Common Department,Department,,,,,,,,
1432,,,,,,76,2021-10-05,,,,,,,,,,,,,,,,,,,,,,,,,,,,,,,,,,,,
1432,2574,1,,1,,,,,,,Uniform expense,10E200140,Employee Welfare Expenses,,,,56000,5090,S,S,10B100630,Accounts Payable Other,,,,56000,0,O,O,020,Tokyo Branch,Department,000,Common Department,Department,,,,,,,,
1433,,,,,,83,2021-10-05,,,,,,,,,,,,,,,,,,,,,,,,,,,,,,,,,,,,
1433,2575,1,1,1,1,,,,,,Voucher No. 322 dated 10/5 Anonymized Partner 070,10A100020,Ordinary Deposits,50,MNO Bank Kitakyushu Branch,Subaccount,570312,0,O,O,10A100090,Accounts Receivable,22,Anonymized Partner 070,Subaccount,570312,0,O,O,000,Common Department,Department,000,Common Department,Department,,,,,,,,
1433,2576,1,,1,1,,,,,,Voucher No. 322 dated 10/5 Anonymized Partner 070,10E200690,Service Fees,,,,472,42,S,S,10A100090,Accounts Receivable,22,Anonymized Partner 070,Subaccount,472,0,O,O,050,Kyushu Sales Office,Department,000,Common Department,Department,,,,,,,,
1434,,,,,,84,2021-10-05,,,,,,,,,,,,,,,,,,,,,,,,,,,,,,,,,,,,
1434,2577,1,1,1,1,,,,,,Voucher No. 323 dated 10/5 Anonymized Partner 082,10A100020,Ordinary Deposits,20,ABC Bank Head Office,Subaccount,694936,0,O,O,10A100090,Accounts Receivable,26,Anonymized Partner 082,Subaccount,694936,0,O,O,000,Common Department,Department,000,Common Department,Department,,,,,,,,
1434,2578,1,,1,1,,,,,,Voucher No. 323 dated 10/5 Anonymized Partner 082,10E200690,Service Fees,,,,472,42,S,S,10A100090,Accounts Receivable,26,Anonymized Partner 082,Subaccount,472,0,O,O,020,Tokyo Branch,Department,000,Common Department,Department,,,,,,,,
1435,,,,,,85,2021-10-05,,,,,,,,,,,,,,,,,,,,,,,,,,,,,,,,,,,,
1435,2579,1,1,1,1,,,,,,Voucher No. 324 dated 10/5 Anonymized Partner 025,10A100020,Ordinary Deposits,30,GHI Bank Nagoya Branch,Subaccount,893184,0,O,O,10A100090,Accounts Receivable,27,Anonymized Partner 025,Subaccount,893184,0,O,O,000,Common Department,Department,000,Common Department,Department,,,,,,,,
1436,,,,,,147,2021-10-05,,,,,,,,,,,,,,,,,,,,,,,,,,,,,,,,,,,,
1436,2580,1,,1,,,,,,,Gasoline,10E201120,Vehicle Expenses,,,,3962,360,S,S,10B100630,Accounts Payable Other,,,,3962,0,O,O,050,Kyushu Sales Office,Department,000,Common Department,Department,,,,,,,,
1437,,,,,,161,2021-10-05,,,,,,,,,,,,,,,,,,,,,,,,,,,,,,,,,,,,
1437,2581,1,,1,1,,,,,,Travel expense,10E201230,Travel and Transportation Expenses,,,,6350,577,S,S,10A100020,Cash,1,Cash,Subaccount,6350,0,O,O,050,Kyushu Sales Office,Department,000,Common Department,Department,,,,,,,,
1438,,,,,,164,2021-10-05,,,,,,,,,,,,,,,,,,,,,,,,,,,,,,,,,,,,
1438,2582,1,,1,1,,,,,,office supplies,10E201110,Office Supplies Expenses,,,,2819,256,S,S,10A100020,Cash,1,Cash,Subaccount,2819,0,O,O,050,Kyushu Sales Office,Department,000,Common Department,Department,,,,,,,,
1439,,,,,,42,2021-10-06,,,,,,,,,,,,,,,,,,,,,,,,,,,,,,,,,,,,
1439,2583,1,,1,1,,,,,,Meal expense Anonymized Store 052 3 people,10E200150,Entertainment Expenses,,,,6320,574,S,S,10A100020,Cash,1,Cash,Subaccount,6320,0,O,O,020,Tokyo Branch,Department,000,Common Department,Department,,,,,,,,
1440,,,,,,110,2021-10-06,,,,,,,,,,,,,,,,,,,,,,,,,,,,,,,,,,,,
1440,2584,1,,1,1,,,,,,taxi expense,10E201230,Travel and Transportation Expenses,,,,2290,208,S,S,10A100020,Cash,1,Cash,Subaccount,2290,0,O,O,040,Osaka Branch,Department,000,Common Department,Department,,,,,,,,
1441,,,,,,149,2021-10-06,,,,,,,,,,,,,,,,,,,,,,,,,,,,,,,,,,,,
1441,2585,1,,1,1,,,,,,Meal expense Anonymized Store 053 3 people,10E200150,Entertainment Expenses,,,,9350,850,S,S,10A100020,Cash,1,Cash,Subaccount,9350,0,O,O,030,Nagoya Branch,Department,000,Common Department,Department,,,,,,,,
1442,,,,,,150,2021-10-06,,,,,,,,,,,,,,,,,,,,,,,,,,,,,,,,,,,,
1442,2586,1,,1,1,,,,,,golf play expense 3 people,10E200150,Entertainment Expenses,,,,35450,3222,S,S,10A100020,Cash,1,Cash,Subaccount,35450,0,O,O,050,Kyushu Sales Office,Department,000,Common Department,Department,,,,,,,,
1443,,,,,,152,2021-10-06,,,,,,,,,,,,,,,,,,,,,,,,,,,,,,,,,,,,
1443,2587,1,,1,1,,,,,,Meal expense Anonymized Store 012,10E200150,Entertainment Expenses,,,,24650,2240,S,S,10A100020,Cash,1,Cash,Subaccount,24650,0,O,O,050,Kyushu Sales Office,Department,000,Common Department,Department,,,,,,,,
1444,,,,,,21,2021-10-07,,,,,,,,,,,,,,,,,,,,,,,,,,,,,,,,,,,,
1444,2588,1,,1,1,,,,,,Anonymized Railway Company A expense,10E201230,Travel and Transportation Expenses,,,,69500,6318,S,S,10A100020,Cash,1,Cash,Subaccount,69500,0,O,O,010,Sapporo Sales Office,Department,000,Common Department,Department,,,,,,,,
1445,,,,,,22,2021-10-07,,,,,,,,,,,,,,,,,,,,,,,,,,,,,,,,,,,,
1445,2589,1,,1,1,,,,,,Travel expense,10E201230,Travel and Transportation Expenses,,,,50000,4545,S,S,10A100020,Cash,1,Cash,Subaccount,50000,0,O,O,010,Sapporo Sales Office,Department,000,Common Department,Department,,,,,,,,
1446,,,,,,43,2021-10-07,,,,,,,,,,,,,,,,,,,,,,,,,,,,,,,,,,,,
1446,2590,1,,1,1,,,,,,Condolence gift,10E200150,Entertainment Expenses,,,,10000,909,S,S,10A100020,Cash,1,Cash,Subaccount,10000,0,O,O,020,Tokyo Branch,Department,000,Common Department,Department,,,,,,,,
1447,,,,,,58,2021-10-07,,,,,,,,,,,,,,,,,,,,,,,,,,,,,,,,,,,,
1447,2591,1,,1,1,,,,,,Travel expense,10E201230,Travel and Transportation Expenses,,,,70000,6363,S,S,10A100020,Cash,1,Cash,Subaccount,70000,0,O,O,020,Tokyo Branch,Department,000,Common Department,Department,,,,,,,,
1448,,,,,,133,2021-10-07,,,,,,,,,,,,,,,,,,,,,,,,,,,,,,,,,,,,
1448,2592,1,,1,1,,,,,,Tax accountant fee,10E200600,Professional Fees,,,,139710,12700,S,S,10A100020,Ordinary Deposits,20,ABC Bank Head Office,Subaccount,139710,0,O,O,020,Tokyo Branch,Department,000,Common Department,Department,,,,,,,,
1449,,,,,,10,2021-10-08,,,,,,,,,,,,,,,,,,,,,,,,,,,,,,,,,,,,
1449,2593,1,,1,1,,,,,,Parking fee,10E201120,Vehicle Expenses,,,,500,45,S,S,10A100020,Cash,1,Cash,Subaccount,500,0,O,O,010,Sapporo Sales Office,Department,000,Common Department,Department,,,,,,,,
1450,,,,,,16,2021-10-08,,,,,,,,,,,,,,,,,,,,,,,,,,,,,,,,,,,,
1450,2594,1,,1,1,,,,,,Car wash expense,10E201120,Vehicle Expenses,,,,3000,272,S,S,10A100020,Cash,1,Cash,Subaccount,3000,0,O,O,010,Sapporo Sales Office,Department,000,Common Department,Department,,,,,,,,
1450,2595,1,,1,1,,,,,,Gasoline,10E201120,Vehicle Expenses,,,,6300,572,S,S,10A100020,Cash,1,Cash,Subaccount,6300,0,O,O,010,Sapporo Sales Office,Department,000,Common Department,Department,,,,,,,,
1451,,,,,,82,2021-10-08,,,,,,,,,,,,,,,,,,,,,,,,,,,,,,,,,,,,
1451,2596,1,,1,,,,,,,Gasoline,10E201120,Vehicle Expenses,,,,28740,2612,S,S,10B100630,Accounts Payable Other,,,,28740,0,O,O,030,Nagoya Branch,Department,000,Common Department,Department,,,,,,,,
1452,,,,,,151,2021-10-08,,,,,,,,,,,,,,,,,,,,,,,,,,,,,,,,,,,,
1452,2597,1,,1,1,,,,,,Meal expense Anonymized Store 048,10E200150,Entertainment Expenses,,,,1500,136,S,S,10A100020,Cash,1,Cash,Subaccount,1500,0,O,O,040,Osaka Branch,Department,000,Common Department,Department,,,,,,,,
1453,,,,,,20,2021-10-09,,,,,,,,,,,,,,,,,,,,,,,,,,,,,,,,,,,,
1453,2598,1,,1,1,,,,,,Travel expense,10E201230,Travel and Transportation Expenses,,,,41250,3750,S,S,10A100020,Cash,1,Cash,Subaccount,41250,0,O,O,010,Sapporo Sales Office,Department,000,Common Department,Department,,,,,,,,
1454,,,,,,46,2021-10-09,,,,,,,,,,,,,,,,,,,,,,,,,,,,,,,,,,,,
1454,2599,1,,1,1,,,,,,Gasoline,10E201120,Vehicle Expenses,,,,6172,561,S,S,10A100020,Cash,1,Cash,Subaccount,16649,0,O,O,020,Tokyo Branch,Department,000,Common Department,Department,,,,,,,,
1454,2600,1,,,,,,,,,Expressway toll,10E201120,Vehicle Expenses,,,,7143,649,S,S,,,,,,,,,,020,Tokyo Branch,Department,,,,,,,,,,,
1454,2601,1,,,,,,,,,Parking fee,10E201120,Vehicle Expenses,,,,3334,303,S,S,,,,,,,,,,020,Tokyo Branch,Department,,,,,,,,,,,
1455,,,,,,33,2021-10-10,,,,,,,,,,,,,,,,,,,,,,,,,,,,,,,,,,,,
1455,2602,1,,1,1,,,,,,Rent payment,10E200720,Rent Expenses,,,,320000,29090,S,S,10A100020,Ordinary Deposits,10,DEF Bank Station Branch,Subaccount,320000,0,O,O,010,Sapporo Sales Office,Department,000,Common Department,Department,,,,,,,,
1455,2603,1,,1,1,,,,,,Telephone expense,10E200180,Communication Expenses,,,,135486,12316,S,S,10A100020,Ordinary Deposits,10,DEF Bank Station Branch,Subaccount,135486,0,O,O,010,Sapporo Sales Office,Department,000,Common Department,Department,,,,,,,,
1456,,,,,,44,2021-10-10,,,,,,,,,,,,,,,,,,,,,,,,,,,,,,,,,,,,
1456,2604,1,,1,1,,,,,,Lunch expense Anonymized Store 039 2 people,10E200150,Entertainment Expenses,,,,2860,260,S,S,10A100020,Cash,1,Cash,Subaccount,2860,0,O,O,020,Tokyo Branch,Department,000,Common Department,Department,,,,,,,,
1457,,,,,,63,2021-10-10,,,,,,,,,,,,,,,,,,,,,,,,,,,,,,,,,,,,
1457,2605,1,1,1,1,,,,,,Withholding Tax payment,10B100690,Deposits Received,3,Withholding Tax,Subaccount,235453,0,O,O,10A100020,Ordinary Deposits,20,ABC Bank Head Office,Subaccount,684953,0,O,O,000,Common Department,Department,000,Common Department,Department,,,,,,,,
1457,2606,1,1,,,,,,,,Resident Tax payment,10B100690,Deposits Received,2,Resident Tax,Subaccount,449500,0,O,O,,,,,,,,,,000,Common Department,Department,,,,,,,,,,,
1458,,,,,,64,2021-10-10,,,,,,,,,,,,,,,,,,,,,,,,,,,,,,,,,,,,
1458,2607,1,,1,1,,,,,,Rent payment,10E200720,Rent Expenses,,,,1260000,114545,S,S,10A100020,Ordinary Deposits,20,ABC Bank Head Office,Subaccount,1260000,0,O,O,020,Tokyo Branch,Department,000,Common Department,Department,,,,,,,,
1459,,,,,,65,2021-10-10,,,,,,,,,,,,,,,,,,,,,,,,,,,,,,,,,,,,
1459,2608,1,,1,,,,,,,Wired service fee,10E201270,Miscellaneous Expenses,,,,5000,454,S,S,10B100630,Accounts Payable Other,,,,39286,0,O,O,010,Sapporo Sales Office,Department,000,Common Department,Department,,,,,,,,
1459,2609,1,,,,,,,,,Security fee,10E201270,Miscellaneous Expenses,,,,34286,3116,S,S,,,,,,,,,,010,Sapporo Sales Office,Department,,,,,,,,,,,
1459,2610,1,,1,1,,,,,,Rent payment,10E200720,Rent Expenses,,,,840000,76363,S,S,10A100020,Ordinary Deposits,40,JKL Bank Umeda Branch,Subaccount,840000,0,O,O,040,Osaka Branch,Department,000,Common Department,Department,,,,,,,,
1460,,,,,,74,2021-10-10,,,,,,,,,,,,,,,,,,,,,,,,,,,,,,,,,,,,
1460,2611,1,,1,1,,,,,,Meal expense Anonymized Store 080 4 people,10E200150,Entertainment Expenses,,,,16242,1476,S,S,10A100020,Cash,1,Cash,Subaccount,16242,0,O,O,020,Tokyo Branch,Department,000,Common Department,Department,,,,,,,,
1461,,,,,,76,2021-10-10,,,,,,,,,,,,,,,,,,,,,,,,,,,,,,,,,,,,
1461,2612,1,,1,1,,,,,,Anonymized Railway Company A expense,10E201230,Travel and Transportation Expenses,,,,14500,1318,S,S,10A100020,Cash,1,Cash,Subaccount,14500,0,O,O,030,Nagoya Branch,Department,000,Common Department,Department,,,,,,,,
1462,,,,,,85,2021-10-10,,,,,,,,,,,,,,,,,,,,,,,,,,,,,,,,,,,,
1462,2613,1,,1,1,,,,,,Telephone expense,10E200180,Communication Expenses,,,,93540,8503,S,S,10A100020,Ordinary Deposits,30,GHI Bank Nagoya Branch,Subaccount,93540,0,O,O,030,Nagoya Branch,Department,000,Common Department,Department,,,,,,,,
1463,,,,,,86,2021-10-10,,,,,,,,,,,,,,,,,,,,,,,,,,,,,,,,,,,,
1463,2614,1,1,1,1,,,,,,Voucher No. 325 dated 10/10 Anonymized Partner 045,10A100020,Ordinary Deposits,30,GHI Bank Nagoya Branch,Subaccount,852870,0,O,O,10A100090,Accounts Receivable,19,Anonymized Partner 045,Subaccount,852870,0,O,O,000,Common Department,Department,000,Common Department,Department,,,,,,,,
1463,2615,1,,1,1,,,,,,Voucher No. 325 dated 10/10 Anonymized Partner 045,10E200690,Service Fees,,,,735,66,S,S,10A100090,Accounts Receivable,19,Anonymized Partner 045,Subaccount,735,0,O,O,030,Nagoya Branch,Department,000,Common Department,Department,,,,,,,,
1464,,,,,,87,2021-10-10,,,,,,,,,,,,,,,,,,,,,,,,,,,,,,,,,,,,
1464,2616,1,,1,1,,,,,,Voucher No. 326 dated 10/10 Anonymized Partner 072 | Sales voucher=20210930-120;Note number=R20211010-87-28,10A100060,Notes Receivable,,,,5964649,0,O,O,10A100090,Accounts Receivable,28,Anonymized Partner 072,Subaccount,5964649,0,O,O,000,Common Department,Department,000,Common Department,Department,,,,,,,,
1465,,,,,,88,2021-10-10,,,,,,,,,,,,,,,,,,,,,,,,,,,,,,,,,,,,
1465,2617,1,1,1,1,,,,,,Voucher No. 478 dated 10/10 Anonymized Partner 085,10B100040,Accounts Payable,3,Anonymized Partner 085,Subaccount,282780,0,O,O,10A100090,Accounts Receivable,3,Anonymized Partner 085,Subaccount,282780,0,O,O,000,Common Department,Department,000,Common Department,Department,,,,,,,,
1466,,,,,,89,2021-10-10,,,,,,,,,,,,,,,,,,,,,,,,,,,,,,,,,,,,
1466,2618,1,1,1,1,,,,,,Voucher No. 500 dated 10/10 Anonymized Partner 066 Tokyo Head Office,10A100020,Ordinary Deposits,20,ABC Bank Head Office,Subaccount,7713951,0,O,O,10A100090,Accounts Receivable,14,Anonymized Partner 066,Subaccount,7713951,0,O,O,000,Common Department,Department,000,Common Department,Department,,,,,,,,
1466,2619,1,,1,1,,,,,,Voucher No. 500 dated 10/10 Anonymized Partner 066 Tokyo Head Office,10E200690,Service Fees,,,,735,66,S,S,10A100090,Accounts Receivable,14,Anonymized Partner 066,Subaccount,735,0,O,O,020,Tokyo Branch,Department,000,Common Department,Department,,,,,,,,
1467,,,,,,90,2021-10-10,,,,,,,,,,,,,,,,,,,,,,,,,,,,,,,,,,,,
1467,2620,1,1,1,,,,,,,Voucher No. 251 dated 10/10 Anonymized Partner 085,10B100040,Accounts Payable,3,Anonymized Partner 085,Subaccount,2871067,0,O,O,10B100030,Notes Payable,,,,2871067,0,O,O,000,Common Department,Department,000,Common Department,Department,,,,,,,,
1468,,,,,,91,2021-10-10,,,,,,,,,,,,,,,,,,,,,,,,,,,,,,,,,,,,
1468,2621,1,1,1,1,,,,,,Voucher No. 253 dated 10/10 Anonymized Partner 063,10B100040,Accounts Payable,8,Anonymized Partner 063,Subaccount,390196,0,O,O,10A100020,Ordinary Deposits,20,ABC Bank Head Office,Subaccount,390196,0,O,O,000,Common Department,Department,000,Common Department,Department,,,,,,,,
1469,,,,,,98,2021-10-10,,,,,,,,,,,,,,,,,,,,,,,,,,,,,,,,,,,,
1469,2622,1,1,1,,,,,,,Note discounted Anonymized Partner 072 | Note number=R20210910-95-28;Receipt amount corrected to settlement amount,10A100020,Checking Deposits,1,ABC Bank,Subaccount,6438740,0,O,O,10A100060,Notes Receivable,,,,6477499,0,O,O,000,Common Department,Department,000,Common Department,Department,,,,,,,,
1469,2623,1,,,,,,,,,Note discount fee | Note number=R20210910-95-28,10E300020,Interest Expense,,,,38759,0,E,E,,,,,,,,,,020,Tokyo Branch,Department,,,,,,,,,,,
1470,,,,,,103,2021-10-10,,,,,,,,,,,,,,,,,,,,,,,,,,,,,,,,,,,,
1470,2624,1,,1,1,,,,,,Meal expense Anonymized Store 007 2 people,10E200150,Entertainment Expenses,,,,4692,426,S,S,10A100020,Cash,1,Cash,Subaccount,4692,0,O,O,040,Osaka Branch,Department,000,Common Department,Department,,,,,,,,
1471,,,,,,112,2021-10-10,,,,,,,,,,,,,,,,,,,,,,,,,,,,,,,,,,,,
1471,2625,1,,1,1,,,,,,Telephone expense,10E200180,Communication Expenses,,,,144325,13120,S,S,10A100020,Ordinary Deposits,40,JKL Bank Umeda Branch,Subaccount,144325,0,O,O,040,Osaka Branch,Department,000,Common Department,Department,,,,,,,,
1472,,,,,,129,2021-10-10,,,,,,,,,,,,,,,,,,,,,,,,,,,,,,,,,,,,
1472,2626,1,,1,1,,,,,,Rent payment,10E200720,Rent Expenses,,,,399000,36272,S,S,10A100020,Ordinary Deposits,30,GHI Bank Nagoya Branch,Subaccount,399000,0,O,O,030,Nagoya Branch,Department,000,Common Department,Department,,,,,,,,
1473,,,,,,134,2021-10-10,,,,,,,,,,,,,,,,,,,,,,,,,,,,,,,,,,,,
1473,2627,1,,1,1,,,,,,Note due date settlement Anonymized Partner 085,10B100030,Notes Payable,,,,2382263,0,O,O,10A100020,Checking Deposits,1,ABC Bank,Subaccount,2382263,0,O,O,000,Common Department,Department,000,Common Department,Department,,,,,,,,
1474,,,,,,162,2021-10-10,,,,,,,,,,,,,,,,,,,,,,,,,,,,,,,,,,,,
1474,2628,1,,1,1,,,,,,Meeting Meal expense,10E201130,Meeting Expenses,,,,24995,2272,S,S,10A100020,Cash,1,Cash,Subaccount,24995,0,O,O,020,Tokyo Branch,Department,000,Common Department,Department,,,,,,,,
1475,,,,,,167,2021-10-10,,,,,,,,,,,,,,,,,,,,,,,,,,,,,,,,,,,,
1475,2629,1,,1,1,,,,,,Rent payment,10E200720,Rent Expenses,,,,630000,57272,S,S,10A100020,Ordinary Deposits,50,MNO Bank Kitakyushu Branch,Subaccount,630000,0,O,O,050,Kyushu Sales Office,Department,000,Common Department,Department,,,,,,,,
1475,2630,1,,1,1,,,,,,Telephone expense,10E200180,Communication Expenses,,,,122482,11134,S,S,10A100020,Ordinary Deposits,50,MNO Bank Kitakyushu Branch,Subaccount,122482,0,O,O,050,Kyushu Sales Office,Department,000,Common Department,Department,,,,,,,,
1476,,,,,,168,2021-10-10,,,,,,,,,,,,,,,,,,,,,,,,,,,,,,,,,,,,
1476,2631,1,,1,,,,,,,Wired service fee,10E201270,Miscellaneous Expenses,,,,6000,545,S,S,10B100630,Accounts Payable Other,,,,48858,0,O,O,050,Kyushu Sales Office,Department,000,Common Department,Department,,,,,,,,
1476,2632,1,,,,,,,,,Security fee,10E201270,Miscellaneous Expenses,,,,42858,3896,S,S,,,,,,,,,,050,Kyushu Sales Office,Department,,,,,,,,,,,
1477,,,,,,73,2021-10-11,,,,,,,,,,,,,,,,,,,,,,,,,,,,,,,,,,,,
1477,2633,1,,1,1,,,,,,Gasoline,10E201120,Vehicle Expenses,,,,6325,575,S,S,10A100020,Cash,1,Cash,Subaccount,7468,0,O,O,050,Kyushu Sales Office,Department,000,Common Department,Department,,,,,,,,
1477,2634,1,,,,,,,,,Expressway toll,10E201120,Vehicle Expenses,,,,1143,103,S,S,,,,,,,,,,050,Kyushu Sales Office,Department,,,,,,,,,,,
1478,,,,,,57,2021-10-12,,,,,,,,,,,,,,,,,,,,,,,,,,,,,,,,,,,,
1478,2635,1,,1,1,,,,,,Anonymized Railway Company A expense,10E201230,Travel and Transportation Expenses,,,,112300,10209,S,S,10A100020,Cash,1,Cash,Subaccount,112300,0,O,O,020,Tokyo Branch,Department,000,Common Department,Department,,,,,,,,
1479,,,,,,148,2021-10-12,,,,,,,,,,,,,,,,,,,,,,,,,,,,,,,,,,,,
1479,2636,1,,1,1,,,,,,Gasoline,10E201120,Vehicle Expenses,,,,7065,642,S,S,10A100020,Cash,1,Cash,Subaccount,7065,0,O,O,050,Kyushu Sales Office,Department,000,Common Department,Department,,,,,,,,
1480,,,,,,154,2021-10-12,,,,,,,,,,,,,,,,,,,,,,,,,,,,,,,,,,,,
1480,2637,1,,1,,,,,,,Cof fee expense 2 people,10E200150,Entertainment Expenses,,,,1260,114,S,S,10B100630,Accounts Payable Other,,,,1260,0,O,O,050,Kyushu Sales Office,Department,000,Common Department,Department,,,,,,,,
1481,,,,,,11,2021-10-13,,,,,,,,,,,,,,,,,,,,,,,,,,,,,,,,,,,,
1481,2638,1,,1,1,,,,,,Gasoline,10E201120,Vehicle Expenses,,,,3210,291,S,S,10A100020,Cash,1,Cash,Subaccount,3210,0,O,O,010,Sapporo Sales Office,Department,000,Common Department,Department,,,,,,,,
1482,,,,,,51,2021-10-13,,,,,,,,,,,,,,,,,,,,,,,,,,,,,,,,,,,,
1482,2639,1,,1,1,,,,,,Parking fee,10E201120,Vehicle Expenses,,,,3667,333,S,S,10A100020,Cash,1,Cash,Subaccount,13572,0,O,O,020,Tokyo Branch,Department,000,Common Department,Department,,,,,,,,
1482,2640,1,,,,,,,,,Expressway toll,10E201120,Vehicle Expenses,,,,5524,502,S,S,,,,,,,,,,020,Tokyo Branch,Department,,,,,,,,,,,
1482,2641,1,,,,,,,,,Gasoline,10E201120,Vehicle Expenses,,,,4381,398,S,S,,,,,,,,,,020,Tokyo Branch,Department,,,,,,,,,,,
1483,,,,,,77,2021-10-13,,,,,,,,,,,,,,,,,,,,,,,,,,,,,,,,,,,,
1483,2642,1,,1,1,,,,,,taxi expense,10E201230,Travel and Transportation Expenses,,,,4000,363,S,S,10A100020,Cash,1,Cash,Subaccount,4000,0,O,O,030,Nagoya Branch,Department,000,Common Department,Department,,,,,,,,
1484,,,,,,79,2021-10-13,,,,,,,,,,,,,,,,,,,,,,,,,,,,,,,,,,,,
1484,2643,1,,1,1,,,,,,Prize expense,10E200140,Employee Welfare Expenses,,,,48740,4430,S,S,10A100020,Cash,1,Cash,Subaccount,48740,0,O,O,030,Nagoya Branch,Department,000,Common Department,Department,,,,,,,,
1485,,,,,,23,2021-10-14,,,,,,,,,,,,,,,,,,,,,,,,,,,,,,,,,,,,
1485,2644,1,,1,1,,,,,,Travel expense,10E201230,Travel and Transportation Expenses,,,,26667,2424,S,S,10A100020,Cash,1,Cash,Subaccount,92858,0,O,O,010,Sapporo Sales Office,Department,000,Common Department,Department,,,,,,,,
1485,2645,1,,,,,,,,,Travel expense,10E201230,Travel and Transportation Expenses,,,,29524,2684,S,S,,,,,,,,,,010,Sapporo Sales Office,Department,,,,,,,,,,,
1485,2646,1,,,,,,,,,Travel expense,10E201230,Travel and Transportation Expenses,,,,36667,3333,S,S,,,,,,,,,,010,Sapporo Sales Office,Department,,,,,,,,,,,
1486,,,,,,68,2021-10-14,,,,,,,,,,,,,,,,,,,,,,,,,,,,,,,,,,,,
1486,2647,1,,1,1,,,,,,toilet paper and others,10E201270,Miscellaneous Expenses,,,,735,66,S,S,10A100020,Cash,1,Cash,Subaccount,735,0,O,O,010,Sapporo Sales Office,Department,000,Common Department,Department,,,,,,,,
1487,,,,,,159,2021-10-14,,,,,,,,,,,,,,,,,,,,,,,,,,,,,,,,,,,,
1487,2648,1,,1,1,,,,,,taxi expense,10E201230,Travel and Transportation Expenses,,,,8900,809,S,S,10A100020,Cash,1,Cash,Subaccount,8900,0,O,O,050,Kyushu Sales Office,Department,000,Common Department,Department,,,,,,,,
1488,,,,,,4,2021-10-15,,,,,,,,,,,,,,,,,,,,,,,,,,,,,,,,,,,,
1488,2649,1,,1,,,,,,,Advertising expense,10E200050,Advertising Expenses,,,,31500,2863,S,S,10B100630,Accounts Payable Other,,,,31500,0,O,O,010,Sapporo Sales Office,Department,000,Common Department,Department,,,,,,,,
1489,,,,,,60,2021-10-15,,,,,,,,,,,,,,,,,,,,,,,,,,,,,,,,,,,,
1489,2650,1,1,1,1,,,,,,Withdrawal,10A100020,Cash,1,Cash,Subaccount,1500000,0,O,O,10A100020,Checking Deposits,1,ABC Bank,Subaccount,1500000,0,O,O,000,Common Department,Department,000,Common Department,Department,,,,,,,,
1490,,,,,,80,2021-10-15,,,,,,,,,,,,,,,,,,,,,,,,,,,,,,,,,,,,
1490,2651,1,,1,1,,,,,,Month 10 Payroll Other 0060 Part-time Staff,10E200520,Temporary Wages,,,,511380,0,O,O,10A100020,Cash,1,Cash,Subaccount,498874,0,O,O,020,Tokyo Branch,Department,000,Common Department,Department,,,,,,,,
1490,2652,,,1,1,,,,,,Month 10 Payroll Other 0060 Part-time Staff,,,,,,,,,,10B100690,Deposits Received,3,Withholding Tax,Subaccount,1340,0,O,O,,,,000,Common Department,Department,,,,,,,,
1490,2653,,,1,1,,,,,,Month 10 Payroll Other 0060 Part-time Staff,,,,,,,,,,10B100690,Deposits Received,9,Other,Subaccount,11166,0,O,O,,,,000,Common Department,Department,,,,,,,,
1491,,,,,,92,2021-10-15,,,,,,,,,,,,,,,,,,,,,,,,,,,,,,,,,,,,
1491,2654,1,1,1,1,,,,,,Voucher No. 327 dated 10/15 Anonymized Partner 068,10A100020,Ordinary Deposits,50,MNO Bank Kitakyushu Branch,Subaccount,1369804,0,O,O,10A100090,Accounts Receivable,1,Anonymized Partner 068,Subaccount,1369804,0,O,O,000,Common Department,Department,000,Common Department,Department,,,,,,,,
1491,2655,1,,1,1,,,,,,Voucher No. 327 dated 10/15 Anonymized Partner 068,10E200690,Service Fees,,,,840,76,S,S,10A100090,Accounts Receivable,1,Anonymized Partner 068,Subaccount,840,0,O,O,050,Kyushu Sales Office,Department,000,Common Department,Department,,,,,,,,
1492,,,,,,93,2021-10-15,,,,,,,,,,,,,,,,,,,,,,,,,,,,,,,,,,,,
1492,2656,1,1,1,1,,,,,,Voucher No. 328 dated 10/15 Anonymized Partner 061,10A100020,Ordinary Deposits,30,GHI Bank Nagoya Branch,Subaccount,1023036,0,O,O,10A100090,Accounts Receivable,6,Anonymized Partner 061,Subaccount,1023036,0,O,O,000,Common Department,Department,000,Common Department,Department,,,,,,,,
1492,2657,1,,1,1,,,,,,Voucher No. 328 dated 10/15 Anonymized Partner 061,10E200690,Service Fees,,,,840,76,S,S,10A100090,Accounts Receivable,6,Anonymized Partner 061,Subaccount,840,0,O,O,030,Nagoya Branch,Department,000,Common Department,Department,,,,,,,,
1493,,,,,,94,2021-10-15,,,,,,,,,,,,,,,,,,,,,,,,,,,,,,,,,,,,
1493,2658,1,1,1,1,,,,,,Voucher No. 329 dated 10/15 Anonymized Partner 073,10A100020,Ordinary Deposits,40,JKL Bank Umeda Branch,Subaccount,987315,0,O,O,10A100090,Accounts Receivable,8,Anonymized Partner 073,Subaccount,987315,0,O,O,000,Common Department,Department,000,Common Department,Department,,,,,,,,
1493,2659,1,,1,1,,,,,,Voucher No. 329 dated 10/15 Anonymized Partner 073,10E200690,Service Fees,,,,840,76,S,S,10A100090,Accounts Receivable,8,Anonymized Partner 073,Subaccount,840,0,O,O,040,Osaka Branch,Department,000,Common Department,Department,,,,,,,,
1494,,,,,,95,2021-10-15,,,,,,,,,,,,,,,,,,,,,,,,,,,,,,,,,,,,
1494,2660,1,1,1,1,,,,,,Voucher No. 330 dated 10/15 Anonymized Partner 026,10A100020,Ordinary Deposits,40,JKL Bank Umeda Branch,Subaccount,1103440,0,O,O,10A100090,Accounts Receivable,9,Anonymized Partner 026,Subaccount,1103440,0,O,O,000,Common Department,Department,000,Common Department,Department,,,,,,,,
1494,2661,1,,1,1,,,,,,Voucher No. 330 dated 10/15 Anonymized Partner 026,10E200690,Service Fees,,,,840,76,S,S,10A100090,Accounts Receivable,9,Anonymized Partner 026,Subaccount,840,0,O,O,040,Osaka Branch,Department,000,Common Department,Department,,,,,,,,
1495,,,,,,96,2021-10-15,,,,,,,,,,,,,,,,,,,,,,,,,,,,,,,,,,,,
1495,2662,1,1,1,1,,,,,,Voucher No. 331 dated 10/15 Anonymized Partner 023,10A100020,Ordinary Deposits,20,ABC Bank Head Office,Subaccount,652365,0,O,O,10A100090,Accounts Receivable,13,Anonymized Partner 023,Subaccount,652365,0,O,O,000,Common Department,Department,000,Common Department,Department,,,,,,,,
1496,,,,,,97,2021-10-15,,,,,,,,,,,,,,,,,,,,,,,,,,,,,,,,,,,,
1496,2663,1,1,1,1,,,,,,Voucher No. 332 dated 10/15 Anonymized Partner 079,10A100020,Ordinary Deposits,40,JKL Bank Umeda Branch,Subaccount,753959,0,O,O,10A100090,Accounts Receivable,20,Anonymized Partner 079,Subaccount,753959,0,O,O,000,Common Department,Department,000,Common Department,Department,,,,,,,,
1496,2664,1,,1,1,,,,,,Voucher No. 332 dated 10/15 Anonymized Partner 079,10E200690,Service Fees,,,,315,28,S,S,10A100090,Accounts Receivable,20,Anonymized Partner 079,Subaccount,315,0,O,O,040,Osaka Branch,Department,000,Common Department,Department,,,,,,,,
1497,,,,,,98,2021-10-15,,,,,,,,,,,,,,,,,,,,,,,,,,,,,,,,,,,,
1497,2665,1,1,1,1,,,,,,Voucher No. 255 dated 10/15 Anonymized Partner 043,10B100040,Accounts Payable,1,Anonymized Partner 043,Subaccount,6139436,0,O,O,10A100020,Ordinary Deposits,20,ABC Bank Head Office,Subaccount,6139436,0,O,O,000,Common Department,Department,000,Common Department,Department,,,,,,,,
1498,,,,,,117,2021-10-15,,,,,,,,,,,,,,,,,,,,,,,,,,,,,,,,,,,,
1498,2666,1,,1,1,,,,,,Membership fee,10E201140,Membership Fees,,,,20000,0,O,O,10A100020,Cash,1,Cash,Subaccount,20000,0,O,O,040,Osaka Branch,Department,000,Common Department,Department,,,,,,,,
1499,,,,,,130,2021-10-15,,,,,,,,,,,,,,,,,,,,,,,,,,,,,,,,,,,,
1499,2667,1,,1,1,,,,,,Membership fee,10E201140,Membership Fees,,,,24000,0,O,O,10A100020,Ordinary Deposits,40,JKL Bank Umeda Branch,Subaccount,24000,0,O,O,040,Osaka Branch,Department,000,Common Department,Department,,,,,,,,
1500,,,,,,61,2021-10-16,,,,,,,,,,,,,,,,,,,,,,,,,,,,,,,,,,,,
1500,2668,1,,1,1,,,,,,Telephone expense,10E200180,Communication Expenses,,,,130163,11833,S,S,10A100020,Ordinary Deposits,20,ABC Bank Head Office,Subaccount,130163,0,O,O,020,Tokyo Branch,Department,000,Common Department,Department,,,,,,,,
1501,,,,,,94,2021-10-16,,,,,,,,,,,,,,,,,,,,,,,,,,,,,,,,,,,,
1501,2669,1,,1,1,,,,,,toilet paper expense,10E201270,Miscellaneous Expenses,,,,3000,272,S,S,10A100020,Cash,1,Cash,Subaccount,4434,0,O,O,030,Nagoya Branch,Department,000,Common Department,Department,,,,,,,,
1501,2670,1,,,,,,,,,Battery expense,10E201270,Miscellaneous Expenses,,,,1434,130,S,S,,,,,,,,,,030,Nagoya Branch,Department,,,,,,,,,,,
1502,,,,,,136,2021-10-16,,,,,,,,,,,,,,,,,,,,,,,,,,,,,,,,,,,,
1502,2671,1,,1,1,,,,,,Anonymized Cleaning Company A expense,10E201270,Miscellaneous Expenses,,,,16500,1500,S,S,10A100020,Cash,1,Cash,Subaccount,16500,0,O,O,040,Osaka Branch,Department,000,Common Department,Department,,,,,,,,
1503,,,,,,47,2021-10-17,,,,,,,,,,,,,,,,,,,,,,,,,,,,,,,,,,,,
1503,2672,1,,1,1,,,,,,Gasoline,10E201120,Vehicle Expenses,,,,2540,230,S,S,10A100020,Cash,1,Cash,Subaccount,2540,0,O,O,020,Tokyo Branch,Department,000,Common Department,Department,,,,,,,,
1504,,,,,,69,2021-10-17,,,,,,,,,,,,,,,,,,,,,,,,,,,,,,,,,,,,
1504,2673,1,,1,1,,,,,,Detergent and others,10E201270,Miscellaneous Expenses,,,,2870,260,S,S,10A100020,Cash,1,Cash,Subaccount,2870,0,O,O,020,Tokyo Branch,Department,000,Common Department,Department,,,,,,,,
1505,,,,,,12,2021-10-18,,,,,,,,,,,,,,,,,,,,,,,,,,,,,,,,,,,,
1505,2674,1,,1,1,,,,,,Gasoline,10E201120,Vehicle Expenses,,,,4678,425,S,S,10A100020,Cash,1,Cash,Subaccount,4678,0,O,O,010,Sapporo Sales Office,Department,000,Common Department,Department,,,,,,,,
1505,2675,1,,1,1,,,,,,Expressway toll,10E201120,Vehicle Expenses,,,,2428,220,S,S,10A100020,Cash,1,Cash,Subaccount,2428,0,O,O,010,Sapporo Sales Office,Department,000,Common Department,Department,,,,,,,,
1506,,,,,,52,2021-10-18,,,,,,,,,,,,,,,,,,,,,,,,,,,,,,,,,,,,
1506,2676,1,,1,1,,,,,,Expressway toll,10E201120,Vehicle Expenses,,,,2191,199,S,S,10A100020,Cash,1,Cash,Subaccount,3906,0,O,O,020,Tokyo Branch,Department,000,Common Department,Department,,,,,,,,
1506,2677,1,,,,,,,,,Parking fee,10E201120,Vehicle Expenses,,,,1715,155,S,S,,,,,,,,,,020,Tokyo Branch,Department,,,,,,,,,,,
1507,,,,,,86,2021-10-18,,,,,,,,,,,,,,,,,,,,,,,,,,,,,,,,,,,,
1507,2678,1,,1,1,,,,,,Postage stamps,10E200180,Communication Expenses,,,,8000,727,S,S,10A100020,Cash,1,Cash,Subaccount,8000,0,O,O,030,Nagoya Branch,Department,000,Common Department,Department,,,,,,,,
1508,,,,,,104,2021-10-18,,,,,,,,,,,,,,,,,,,,,,,,,,,,,,,,,,,,
1508,2679,1,,1,1,,,,,,Meal expense Anonymized Store 044 2 people,10E200150,Entertainment Expenses,,,,6440,585,S,S,10A100020,Cash,1,Cash,Subaccount,6440,0,O,O,040,Osaka Branch,Department,000,Common Department,Department,,,,,,,,
1509,,,,,,155,2021-10-18,,,,,,,,,,,,,,,,,,,,,,,,,,,,,,,,,,,,
1509,2680,1,,1,1,,,,,,Gasoline,10E201120,Vehicle Expenses,,,,3540,321,S,S,10A100020,Cash,1,Cash,Subaccount,3540,0,O,O,050,Kyushu Sales Office,Department,000,Common Department,Department,,,,,,,,
1510,,,,,,153,2021-10-19,,,,,,,,,,,,,,,,,,,,,,,,,,,,,,,,,,,,
1510,2681,1,,1,1,,,,,,Gift expense Anonymized Store 058,10E200150,Entertainment Expenses,,,,6540,594,S,S,10A100020,Cash,1,Cash,Subaccount,6540,0,O,O,030,Nagoya Branch,Department,000,Common Department,Department,,,,,,,,
1511,,,,,,1,2021-10-20,,,,,,,,,,,,,,,,,,,,,,,,,,,,,,,,,,,,
1511,2682,1,,1,1,,,,,,"Overtime meal, reduced tax rate",10E200140,Employee Welfare Expenses,,,,10800,800,AA,AA,10A100020,Cash,1,Cash,Subaccount,10800,0,O,O,000,Common Department,Department,000,Common Department,Department,,,,,,,,
1512,,,,,,31,2021-10-20,,,,,,,,,,,,,,,,,,,,,,,,,,,,,,,,,,,,
1512,2683,1,,1,,,,,,,Copying expense expense,10E201110,Office Supplies Expenses,,,,2700,245,S,S,10B100630,Accounts Payable Other,,,,2700,0,O,O,010,Sapporo Sales Office,Department,000,Common Department,Department,,,,,,,,
1513,,,,,,48,2021-10-20,,,,,,,,,,,,,,,,,,,,,,,,,,,,,,,,,,,,
1513,2684,1,,1,1,,,,,,Gasoline,10E201120,Vehicle Expenses,,,,4303,391,S,S,10A100020,Cash,1,Cash,Subaccount,4303,0,O,O,020,Tokyo Branch,Department,000,Common Department,Department,,,,,,,,
1514,,,,,,68,2021-10-20,,,,,,,,,,,,,,,,,,,,,,,,,,,,,,,,,,,,
1514,2685,1,,1,,,,,,,Copy counter charge,10E201110,Office Supplies Expenses,,,,6300,572,S,S,10B100630,Accounts Payable Other,,,,6300,0,O,O,050,Kyushu Sales Office,Department,000,Common Department,Department,,,,,,,,
1515,,,,,,71,2021-10-20,,,,,,,,,,,,,,,,,,,,,,,,,,,,,,,,,,,,
1515,2686,1,,1,,,,,,,office supplies,10E201110,Office Supplies Expenses,,,,4013,364,S,S,10B100630,Accounts Payable Other,,,,35448,0,O,O,020,Tokyo Branch,Department,000,Common Department,Department,,,,,,,,
1515,2687,1,,,,,,,,,Copy counter charge,10E201110,Office Supplies Expenses,,,,31435,2857,S,S,,,,,,,,,,020,Tokyo Branch,Department,,,,,,,,,,,
1516,,,,,,72,2021-10-20,,,,,,,,,,,,,,,,,,,,,,,,,,,,,,,,,,,,
1516,2688,1,,1,,,,,,,files and related supplies,10E200200,Supplies Expenses,,,,13567,1233,S,S,10B100630,Accounts Payable Other,,,,245462,0,O,O,000,Common Department,Department,000,Common Department,Department,,,,,,,,
1516,2689,1,,,,,,,,,Drinking water,10E200200,Supplies Expenses,,,,219895,19990,S,S,,,,,,,,,,000,Common Department,Department,,,,,,,,,,,
1516,2690,1,,,,,,,,,Business card expense,10E200200,Supplies Expenses,,,,12000,1090,S,S,,,,,,,,,,000,Common Department,Department,,,,,,,,,,,
1517,,,,,,80,2021-10-20,,,,,,,,,,,,,,,,,,,,,,,,,,,,,,,,,,,,
1517,2691,1,,1,,,,,,,Membership fee Payment,10E200140,Employee Welfare Expenses,,,,417375,37943,S,S,10B100630,Accounts Payable Other,,,,417375,0,O,O,030,Nagoya Branch,Department,000,Common Department,Department,,,,,,,,
1518,,,,,,97,2021-10-20,,,,,,,,,,,,,,,,,,,,,,,,,,,,,,,,,,,,
1518,2692,1,,1,,,,,,,Copying expense expense,10E201110,Office Supplies Expenses,,,,37189,3380,S,S,10B100630,Accounts Payable Other,,,,37189,0,O,O,030,Nagoya Branch,Department,000,Common Department,Department,,,,,,,,
1519,,,,,,98,2021-10-20,,,,,,,,,,,,,,,,,,,,,,,,,,,,,,,,,,,,
1519,2693,1,,1,,,,,,,office supplies,10E201110,Office Supplies Expenses,,,,2465,224,S,S,10B100630,Accounts Payable Other,,,,2465,0,O,O,030,Nagoya Branch,Department,000,Common Department,Department,,,,,,,,
1520,,,,,,99,2021-10-20,,,,,,,,,,,,,,,,,,,,,,,,,,,,,,,,,,,,
1520,2694,1,1,1,1,,,,,,Voucher No. 333 dated 10/20 Anonymized Partner 058,10A100020,Cash,1,Cash,Subaccount,311649,0,O,O,10A100090,Accounts Receivable,11,Anonymized Partner 058,Subaccount,311649,0,O,O,000,Common Department,Department,000,Common Department,Department,,,,,,,,
1520,2695,1,1,1,,,,,,,Note maturity Anonymized Partner 065 | Note number=R20210831-117-12;Receipt amount corrected to settlement amount,10A100020,Checking Deposits,1,ABC Bank,Subaccount,9670318,0,O,O,10A100060,Notes Receivable,,,,9670318,0,O,O,000,Common Department,Department,000,Common Department,Department,,,,,,,,
1520,2696,1,1,1,,,,,,,Note discounted Anonymized Partner 065 | Note number=R20210930-124-12;Receipt amount corrected to settlement amount,10A100020,Checking Deposits,1,ABC Bank,Subaccount,10516135,0,O,O,10A100060,Notes Receivable,,,,10599606,0,O,O,000,Common Department,Department,000,Common Department,Department,,,,,,,,
1520,2697,1,,,,,,,,,Note discount fee | Note number=R20210930-124-12,10E300020,Interest Expense,,,,83471,0,E,E,,,,,,,,,,020,Tokyo Branch,Department,,,,,,,,,,,
1521,,,,,,100,2021-10-20,,,,,,,,,,,,,,,,,,,,,,,,,,,,,,,,,,,,
1521,2698,1,1,1,1,,,,,,Voucher No. 334 dated 10/20 Anonymized Partner 014,10A100020,Ordinary Deposits,30,GHI Bank Nagoya Branch,Subaccount,437783,0,O,O,10A100090,Accounts Receivable,21,Anonymized Partner 014,Subaccount,437783,0,O,O,000,Common Department,Department,000,Common Department,Department,,,,,,,,
1521,2699,1,,1,1,,,,,,Voucher No. 334 dated 10/20 Anonymized Partner 014,10E200690,Service Fees,,,,472,42,S,S,10A100090,Accounts Receivable,21,Anonymized Partner 014,Subaccount,472,0,O,O,030,Nagoya Branch,Department,000,Common Department,Department,,,,,,,,
1521,2700,1,1,1,1,,,,,,Funds transfer,10A100020,Ordinary Deposits,20,ABC Bank Head Office,Subaccount,18000000,0,O,O,10A100020,Checking Deposits,1,ABC Bank,Subaccount,18000000,0,O,O,000,Common Department,Department,000,Common Department,Department,,,,,,,,
1522,,,,,,101,2021-10-20,,,,,,,,,,,,,,,,,,,,,,,,,,,,,,,,,,,,
1522,2701,1,,1,,,,,,,Advertising fee,10E200050,Advertising Expenses,,,,52500,4772,S,S,10B100630,Accounts Payable Other,,,,52500,0,O,O,040,Osaka Branch,Department,000,Common Department,Department,,,,,,,,
1522,2702,1,1,1,1,,,,,,Voucher No. 335 dated 10/20 Anonymized Partner 052,10A100020,Ordinary Deposits,20,ABC Bank Head Office,Subaccount,1044021,0,O,O,10A100090,Accounts Receivable,30,Anonymized Partner 052,Subaccount,1044021,0,O,O,000,Common Department,Department,000,Common Department,Department,,,,,,,,
1522,2703,1,,1,1,,,,,,Voucher No. 335 dated 10/20 Anonymized Partner 052,10E200690,Service Fees,,,,735,66,S,S,10A100090,Accounts Receivable,30,Anonymized Partner 052,Subaccount,735,0,O,O,020,Tokyo Branch,Department,000,Common Department,Department,,,,,,,,
1523,,,,,,102,2021-10-20,,,,,,,,,,,,,,,,,,,,,,,,,,,,,,,,,,,,
1523,2704,1,1,1,1,,,,,,Voucher No. 258 dated 10/20 Anonymized Partner 047,10B100040,Accounts Payable,4,Anonymized Partner 047,Subaccount,944145,0,O,O,10A100020,Ordinary Deposits,20,ABC Bank Head Office,Subaccount,944145,0,O,O,000,Common Department,Department,000,Common Department,Department,,,,,,,,
1524,,,,,,103,2021-10-20,,,,,,,,,,,,,,,,,,,,,,,,,,,,,,,,,,,,
1524,2705,1,1,1,1,,,,,,Voucher No. 260 dated 10/20 Anonymized Partner 054,10B100040,Accounts Payable,6,Anonymized Partner 054,Subaccount,3600809,0,O,O,10A100020,Ordinary Deposits,20,ABC Bank Head Office,Subaccount,3600809,0,O,O,000,Common Department,Department,000,Common Department,Department,,,,,,,,
1525,,,,,,104,2021-10-20,,,,,,,,,,,,,,,,,,,,,,,,,,,,,,,,,,,,
1525,2706,1,1,1,1,,,,,,Voucher No. 261 dated 10/20 Anonymized Partner 067,10B100040,Accounts Payable,11,Anonymized Partner 067,Subaccount,4284585,0,O,O,10A100020,Ordinary Deposits,20,ABC Bank Head Office,Subaccount,4284585,0,O,O,000,Common Department,Department,000,Common Department,Department,,,,,,,,
1526,,,,,,118,2021-10-20,,,,,,,,,,,,,,,,,,,,,,,,,,,,,,,,,,,,
1526,2707,1,,1,,,,,,,Copying expense expense,10E201110,Office Supplies Expenses,,,,6988,635,S,S,10B100630,Accounts Payable Other,,,,6988,0,O,O,040,Osaka Branch,Department,000,Common Department,Department,,,,,,,,
1527,,,,,,119,2021-10-20,,,,,,,,,,,,,,,,,,,,,,,,,,,,,,,,,,,,
1527,2708,1,,1,,,,,,,office supplies,10E201110,Office Supplies Expenses,,,,6650,604,S,S,10B100630,Accounts Payable Other,,,,6650,0,O,O,040,Osaka Branch,Department,000,Common Department,Department,,,,,,,,
1528,,,,,,139,2021-10-20,,,,,,,,,,,,,,,,,,,,,,,,,,,,,,,,,,,,
1528,2709,1,,1,,,,,,,Employee late-night meal,10E200140,Employee Welfare Expenses,,,,22505,2045,S,S,10B100630,Accounts Payable Other,,,,22505,0,O,O,040,Osaka Branch,Department,000,Common Department,Department,,,,,,,,
1529,,,,,,144,2021-10-20,,,,,,,,,,,,,,,,,,,,,,,,,,,,,,,,,,,,
1529,2710,1,,1,1,,,,,,Gasoline,10E201120,Vehicle Expenses,,,,4290,390,S,S,10A100020,Cash,1,Cash,Subaccount,15758,0,O,O,040,Osaka Branch,Department,000,Common Department,Department,,,,,,,,
1529,2711,1,,,,,,,,,Gasoline,10E201120,Vehicle Expenses,,,,8096,736,S,S,,,,,,,,,,040,Osaka Branch,Department,,,,,,,,,,,
1529,2712,1,,,,,,,,,Parking fee,10E201120,Vehicle Expenses,,,,3372,306,S,S,,,,,,,,,,040,Osaka Branch,Department,,,,,,,,,,,
1530,,,,,,5,2021-10-21,,,,,,,,,,,,,,,,,,,,,,,,,,,,,,,,,,,,
1530,2713,1,,1,1,,,,,,Advertising expense,10E200050,Advertising Expenses,,,,52500,4772,S,S,10A100020,Ordinary Deposits,10,DEF Bank Station Branch,Subaccount,52500,0,O,O,010,Sapporo Sales Office,Department,000,Common Department,Department,,,,,,,,
1531,,,,,,6,2021-10-21,,,,,,,,,,,,,,,,,,,,,,,,,,,,,,,,,,,,
1531,2714,1,,1,1,,,,,,Advertising fee,10E200050,Advertising Expenses,,,,5000,454,S,S,10A100020,Cash,1,Cash,Subaccount,5000,0,O,O,010,Sapporo Sales Office,Department,000,Common Department,Department,,,,,,,,
1532,,,,,,8,2021-10-21,,,,,,,,,,,,,,,,,,,,,,,,,,,,,,,,,,,,
1532,2715,1,,1,1,,,,,,Regular meeting fee,10E200150,Entertainment Expenses,,,,20000,1818,S,S,10A100020,Cash,1,Cash,Subaccount,20000,0,O,O,010,Sapporo Sales Office,Department,000,Common Department,Department,,,,,,,,
1533,,,,,,25,2021-10-21,,,,,,,,,,,,,,,,,,,,,,,,,,,,,,,,,,,,
1533,2716,1,,1,1,,,,,,Travel expense,10E201230,Travel and Transportation Expenses,,,,56000,5090,S,S,10A100020,Cash,1,Cash,Subaccount,56000,0,O,O,010,Sapporo Sales Office,Department,000,Common Department,Department,,,,,,,,
1534,,,,,,34,2021-10-21,,,,,,,,,,,,,,,,,,,,,,,,,,,,,,,,,,,,
1534,2717,1,,1,1,,,,,,Electricity expense,10E201040,Utilities Expenses,,,,86902,7900,S,S,10A100020,Ordinary Deposits,10,DEF Bank Station Branch,Subaccount,92627,0,O,O,010,Sapporo Sales Office,Department,000,Common Department,Department,,,,,,,,
1534,2718,1,,,,,,,,,Water expense,10E201040,Utilities Expenses,,,,5725,520,S,S,,,,,,,,,,010,Sapporo Sales Office,Department,,,,,,,,,,,
1535,,,,,,53,2021-10-21,,,,,,,,,,,,,,,,,,,,,,,,,,,,,,,,,,,,
1535,2719,1,,1,1,,,,,,Expressway toll,10E201120,Vehicle Expenses,,,,2286,207,S,S,10A100020,Cash,1,Cash,Subaccount,4048,0,O,O,020,Tokyo Branch,Department,000,Common Department,Department,,,,,,,,
1535,2720,1,,,,,,,,,Gasoline,10E201120,Vehicle Expenses,,,,1000,90,S,S,,,,,,,,,,020,Tokyo Branch,Department,,,,,,,,,,,
1535,2721,1,,,,,,,,,Parking fee,10E201120,Vehicle Expenses,,,,762,69,S,S,,,,,,,,,,020,Tokyo Branch,Department,,,,,,,,,,,
1536,,,,,,62,2021-10-21,,,,,,,,,,,,,,,,,,,,,,,,,,,,,,,,,,,,
1536,2722,1,,1,,,,,,,Tea expense,10E200140,Employee Welfare Expenses,,,,10200,927,S,S,10B100630,Accounts Payable Other,,,,10200,0,O,O,050,Kyushu Sales Office,Department,000,Common Department,Department,,,,,,,,
1537,,,,,,64,2021-10-21,,,,,,,,,,,,,,,,,,,,,,,,,,,,,,,,,,,,
1537,2723,1,,1,1,,,,,,Electricity expense,10E201040,Utilities Expenses,,,,166341,15121,S,S,10A100020,Ordinary Deposits,20,ABC Bank Head Office,Subaccount,174107,0,O,O,020,Tokyo Branch,Department,000,Common Department,Department,,,,,,,,
1537,2724,1,,,,,,,,,Water expense,10E201040,Utilities Expenses,,,,7766,706,S,S,,,,,,,,,,020,Tokyo Branch,Department,,,,,,,,,,,
1538,,,,,,79,2021-10-21,,,,,,,,,,,,,,,,,,,,,,,,,,,,,,,,,,,,
1538,2725,1,,1,1,,,,,,Travel expense,10E201230,Travel and Transportation Expenses,,,,26000,2363,S,S,10A100020,Cash,1,Cash,Subaccount,26000,0,O,O,030,Nagoya Branch,Department,000,Common Department,Department,,,,,,,,
1539,,,,,,89,2021-10-21,,,,,,,,,,,,,,,,,,,,,,,,,,,,,,,,,,,,
1539,2726,1,,1,1,,,,,,Electricity expense,10E201040,Utilities Expenses,,,,84225,7656,S,S,10A100020,Ordinary Deposits,30,GHI Bank Nagoya Branch,Subaccount,92728,0,O,O,030,Nagoya Branch,Department,000,Common Department,Department,,,,,,,,
1539,2727,1,,,,,,,,,Water expense,10E201040,Utilities Expenses,,,,3975,361,S,S,,,,,,,,,,030,Nagoya Branch,Department,,,,,,,,,,,
1539,2728,1,,,,,,,,,Gas expense,10E201040,Utilities Expenses,,,,4528,411,S,S,,,,,,,,,,030,Nagoya Branch,Department,,,,,,,,,,,
1540,,,,,,132,2021-10-21,,,,,,,,,,,,,,,,,,,,,,,,,,,,,,,,,,,,
1540,2729,1,,1,1,,,,,,Electricity expense,10E201040,Utilities Expenses,,,,91783,8343,S,S,10A100020,Ordinary Deposits,40,JKL Bank Umeda Branch,Subaccount,96534,0,O,O,040,Osaka Branch,Department,000,Common Department,Department,,,,,,,,
1540,2730,1,,,,,,,,,Water expense,10E201040,Utilities Expenses,,,,4751,431,S,S,,,,,,,,,,040,Osaka Branch,Department,,,,,,,,,,,
1541,,,,,,160,2021-10-21,,,,,,,,,,,,,,,,,,,,,,,,,,,,,,,,,,,,
1541,2731,1,,1,1,,,,,,Business travel expense,10E201230,Travel and Transportation Expenses,,,,70000,6363,S,S,10A100020,Cash,1,Cash,Subaccount,70000,0,O,O,020,Tokyo Branch,Department,000,Common Department,Department,,,,,,,,
1542,,,,,,169,2021-10-21,,,,,,,,,,,,,,,,,,,,,,,,,,,,,,,,,,,,
1542,2732,1,,1,1,,,,,,Electricity expense,10E201040,Utilities Expenses,,,,108919,9901,S,S,10A100020,Ordinary Deposits,50,MNO Bank Kitakyushu Branch,Subaccount,114847,0,O,O,050,Kyushu Sales Office,Department,000,Common Department,Department,,,,,,,,
1542,2733,1,,,,,,,,,Water expense,10E201040,Utilities Expenses,,,,5928,538,S,S,,,,,,,,,,050,Kyushu Sales Office,Department,,,,,,,,,,,
1543,,,,,,3,2021-10-22,,,,,,,,,,,,,,,,,,,,,,,,,,,,,,,,,,,,
1543,2734,1,,1,,,,,,,Lodging expense,10E200140,Employee Welfare Expenses,,,,29900,2718,S,S,10B100630,Accounts Payable Other,,,,29900,0,O,O,010,Sapporo Sales Office,Department,000,Common Department,Department,,,,,,,,
1544,,,,,,9,2021-10-22,,,,,,,,,,,,,,,,,,,,,,,,,,,,,,,,,,,,
1544,2735,1,,1,1,,,,,,Gift certificate,10E200150,Entertainment Expenses,,,,5000,454,S,S,10A100020,Cash,1,Cash,Subaccount,5000,0,O,O,010,Sapporo Sales Office,Department,000,Common Department,Department,,,,,,,,
1545,,,,,,45,2021-10-22,,,,,,,,,,,,,,,,,,,,,,,,,,,,,,,,,,,,
1545,2736,1,,1,1,,,,,,Condolence gift,10E200150,Entertainment Expenses,,,,10000,909,S,S,10A100020,Cash,1,Cash,Subaccount,10000,0,O,O,020,Tokyo Branch,Department,000,Common Department,Department,,,,,,,,
1546,,,,,,69,2021-10-22,,,,,,,,,,,,,,,,,,,,,,,,,,,,,,,,,,,,
1546,2737,1,,1,1,,,,,,golf play expense 2 people,10E200150,Entertainment Expenses,,,,22000,2000,S,S,10A100020,Cash,1,Cash,Subaccount,22000,0,O,O,020,Tokyo Branch,Department,000,Common Department,Department,,,,,,,,
1547,,,,,,90,2021-10-22,,,,,,,,,,,,,,,,,,,,,,,,,,,,,,,,,,,,
1547,2738,1,,1,1,,,,,,Anonymized Cleaning Company A expense,10E201270,Miscellaneous Expenses,,,,10500,954,S,S,10A100020,Cash,1,Cash,Subaccount,10500,0,O,O,030,Nagoya Branch,Department,000,Common Department,Department,,,,,,,,
1548,,,,,,95,2021-10-22,,,,,,,,,,,,,,,,,,,,,,,,,,,,,,,,,,,,
1548,2739,1,,1,,,,,,,Cleaning fee,10E201270,Miscellaneous Expenses,,,,71675,6515,S,S,10B100630,Accounts Payable Other,,,,71675,0,O,O,030,Nagoya Branch,Department,000,Common Department,Department,,,,,,,,
1549,,,,,,105,2021-10-22,,,,,,,,,,,,,,,,,,,,,,,,,,,,,,,,,,,,
1549,2740,1,,1,1,,,,,,Meal expense Anonymized Store 056 4 people,10E200150,Entertainment Expenses,,,,15658,1423,S,S,10A100020,Cash,1,Cash,Subaccount,29620,0,O,O,040,Osaka Branch,Department,000,Common Department,Department,,,,,,,,
1549,2741,1,,,,,,,,,Meal expense Anonymized Store 022 4 people,10E200150,Entertainment Expenses,,,,13962,1269,S,S,,,,,,,,,,040,Osaka Branch,Department,,,,,,,,,,,
1550,,,,,,137,2021-10-22,,,,,,,,,,,,,,,,,,,,,,,,,,,,,,,,,,,,
1550,2742,1,,1,,,,,,,Wired service fee,10E201270,Miscellaneous Expenses,,,,6000,545,S,S,10B100630,Accounts Payable Other,,,,48858,0,O,O,040,Osaka Branch,Department,000,Common Department,Department,,,,,,,,
1550,2743,1,,,,,,,,,Security fee,10E201270,Miscellaneous Expenses,,,,42858,3896,S,S,,,,,,,,,,040,Osaka Branch,Department,,,,,,,,,,,
1550,2744,1,,1,1,,,,,,Expressway toll,10E201120,Vehicle Expenses,,,,45046,4095,S,S,10A100020,Ordinary Deposits,40,JKL Bank Umeda Branch,Subaccount,45046,0,O,O,040,Osaka Branch,Department,000,Common Department,Department,,,,,,,,
1550,2745,1,,1,,,,,,,Cleaning fee,10E201270,Miscellaneous Expenses,,,,73500,6681,S,S,10B100630,Accounts Payable Other,,,,73500,0,O,O,040,Osaka Branch,Department,000,Common Department,Department,,,,,,,,
1551,,,,,,163,2021-10-22,,,,,,,,,,,,,,,,,,,,,,,,,,,,,,,,,,,,
1551,2746,1,,1,1,,,,,,Membership fee,10E201140,Membership Fees,,,,18000,0,O,O,10A100020,Cash,1,Cash,Subaccount,18000,0,O,O,050,Kyushu Sales Office,Department,000,Common Department,Department,,,,,,,,
1552,,,,,,165,2021-10-22,,,,,,,,,,,,,,,,,,,,,,,,,,,,,,,,,,,,
1552,2747,1,,1,1,,,,,,toilet paper expense,10E201270,Miscellaneous Expenses,,,,1500,136,S,S,10A100020,Cash,1,Cash,Subaccount,1500,0,O,O,050,Kyushu Sales Office,Department,000,Common Department,Department,,,,,,,,
1553,,,,,,166,2021-10-22,,,,,,,,,,,,,,,,,,,,,,,,,,,,,,,,,,,,
1553,2748,1,,1,1,,,,,,Anonymized Cleaning Company A expense,10E201270,Miscellaneous Expenses,,,,1890,171,S,S,10A100020,Cash,1,Cash,Subaccount,1890,0,O,O,050,Kyushu Sales Office,Department,000,Common Department,Department,,,,,,,,
1554,,,,,,24,2021-10-23,,,,,,,,,,,,,,,,,,,,,,,,,,,,,,,,,,,,
1554,2749,1,,1,1,,,,,,Anonymized Railway Company A multi-ride ticket,10E201230,Travel and Transportation Expenses,,,,95181,8652,S,S,10A100020,Cash,1,Cash,Subaccount,95181,0,O,O,010,Sapporo Sales Office,Department,000,Common Department,Department,,,,,,,,
1555,,,,,,28,2021-10-23,,,,,,,,,,,,,,,,,,,,,,,,,,,,,,,,,,,,
1555,2750,1,,1,,,,,,,taxi expense,10E201230,Travel and Transportation Expenses,,,,2420,220,S,S,10B100630,Accounts Payable Other,,,,2420,0,O,O,010,Sapporo Sales Office,Department,000,Common Department,Department,,,,,,,,
1556,,,,,,54,2021-10-23,,,,,,,,,,,,,,,,,,,,,,,,,,,,,,,,,,,,
1556,2751,1,,1,1,,,,,,Expressway toll,10E201120,Vehicle Expenses,,,,4600,418,S,S,10A100020,Cash,1,Cash,Subaccount,4600,0,O,O,020,Tokyo Branch,Department,000,Common Department,Department,,,,,,,,
1557,,,,,,140,2021-10-23,,,,,,,,,,,,,,,,,,,,,,,,,,,,,,,,,,,,
1557,2752,1,,1,1,,,,,,Travel expense,10E201230,Travel and Transportation Expenses,,,,7890,717,S,S,10A100020,Cash,1,Cash,Subaccount,7890,0,O,O,040,Osaka Branch,Department,000,Common Department,Department,,,,,,,,
1558,,,,,,26,2021-10-24,,,,,,,,,,,,,,,,,,,,,,,,,,,,,,,,,,,,
1558,2753,1,,1,1,,,,,,Travel expense,10E201230,Travel and Transportation Expenses,,,,12100,1100,S,S,10A100020,Cash,1,Cash,Subaccount,12100,0,O,O,010,Sapporo Sales Office,Department,000,Common Department,Department,,,,,,,,
1559,,,,,,121,2021-10-24,,,,,,,,,,,,,,,,,,,,,,,,,,,,,,,,,,,,
1559,2754,1,,1,1,,,,,,Tea expense,10E200140,Employee Welfare Expenses,,,,7000,636,S,S,10A100020,Cash,1,Cash,Subaccount,7000,0,O,O,040,Osaka Branch,Department,000,Common Department,Department,,,,,,,,
1560,,,,,,146,2021-10-24,,,,,,,,,,,,,,,,,,,,,,,,,,,,,,,,,,,,
1560,2755,1,,1,,,,,,,Outsourcing fee,10E200020,Sales Commissions,,,,147000,13363,S,S,10B100630,Accounts Payable Other,,,,147000,0,O,O,050,Kyushu Sales Office,Department,000,Common Department,Department,,,,,,,,
1561,,,,,,29,2021-10-25,,,,,,,,,,,,,,,,,,,,,,,,,,,,,,,,,,,,
1561,2756,1,,1,1,,,,,,Mobile phone expense,10E200180,Communication Expenses,,,,126547,11504,S,S,10A100020,Ordinary Deposits,10,DEF Bank Station Branch,Subaccount,126547,0,O,O,010,Sapporo Sales Office,Department,000,Common Department,Department,,,,,,,,
1562,,,,,,35,2021-10-25,,,,,,,,,,,,,,,,,,,,,,,,,,,,,,,,,,,,
1562,2757,1,,1,1,,,,,,Newspaper expense,10E201160,Books and Publications,,,,3925,356,S,S,10A100020,Cash,1,Cash,Subaccount,3925,0,O,O,010,Sapporo Sales Office,Department,000,Common Department,Department,,,,,,,,
1563,,,,,,37,2021-10-25,,,,,,,,,,,,,,,,,,,,,,,,,,,,,,,,,,,,
1563,2758,1,,1,,,,,,,Outsourcing fee,10E200020,Sales Commissions,,,,1143000,103909,S,S,10B100630,Accounts Payable Other,,,,1143000,0,O,O,020,Tokyo Branch,Department,000,Common Department,Department,,,,,,,,
1564,,,,,,74,2021-10-25,,,,,,,,,,,,,,,,,,,,,,,,,,,,,,,,,,,,
1564,2759,1,,1,1,,,,,,Gasoline,10E201120,Vehicle Expenses,,,,4351,395,S,S,10A100020,Cash,1,Cash,Subaccount,4923,0,O,O,050,Kyushu Sales Office,Department,000,Common Department,Department,,,,,,,,
1564,2760,1,,,,,,,,,Parking fee,10E201120,Vehicle Expenses,,,,572,52,S,S,,,,,,,,,,050,Kyushu Sales Office,Department,,,,,,,,,,,
1565,,,,,,81,2021-10-25,,,,,,,,,,,,,,,,,,,,,,,,,,,,,,,,,,,,
1565,2761,1,,1,1,,,,,,Month 10 Payroll Other 0001 Executive,10E200090,Directors' Compensation,,,,1720000,0,O,O,10A100020,Ordinary Deposits,20,ABC Bank Head Office,Subaccount,1121255,0,O,O,020,Tokyo Branch,Department,000,Common Department,Department,,,,,,,,
1565,2762,,,1,1,,,,,,Month 10 Payroll Other 0001 Executive,,,,,,,,,,10B100690,Deposits Received,1,Insurance Expenses,Subaccount,120411,0,O,O,,,,000,Common Department,Department,,,,,,,,
1565,2763,,,1,1,,,,,,Month 10 Payroll Other 0001 Executive,,,,,,,,,,10B100690,Deposits Received,2,Resident Tax,Subaccount,171200,0,O,O,,,,000,Common Department,Department,,,,,,,,
1565,2764,,,1,1,,,,,,Month 10 Payroll Other 0001 Executive,,,,,,,,,,10B100690,Deposits Received,3,Withholding Tax,Subaccount,164442,0,O,O,,,,000,Common Department,Department,,,,,,,,
1565,2765,,,1,1,,,,,,Month 10 Payroll Other 0001 Executive,,,,,,,,,,10B100690,Deposits Received,4,Savings and Insurance,Subaccount,133972,0,O,O,,,,000,Common Department,Department,,,,,,,,
1565,2766,,,1,1,,,,,,Month 10 Payroll Other 0001 Executive,,,,,,,,,,10B100690,Deposits Received,9,Other,Subaccount,8720,0,O,O,,,,000,Common Department,Department,,,,,,,,
1565,2767,1,,1,1,,,,,,Month 10 Payroll Other 0020 Sales Department,10E200370,Salaries and Allowances,,,,1950392,0,O,O,10A100020,Ordinary Deposits,20,ABC Bank Head Office,Subaccount,1467731,0,O,O,020,Tokyo Branch,Department,000,Common Department,Department,,,,,,,,
1565,2768,,,1,1,,,,,,Month 10 Payroll Other 0020 Sales Department,,,,,,,,,,10B100690,Deposits Received,1,Insurance Expenses,Subaccount,236045,0,O,O,,,,000,Common Department,Department,,,,,,,,
1565,2769,,,1,1,,,,,,Month 10 Payroll Other 0020 Sales Department,,,,,,,,,,10B100690,Deposits Received,2,Resident Tax,Subaccount,104300,0,O,O,,,,000,Common Department,Department,,,,,,,,
1565,2770,,,1,1,,,,,,Month 10 Payroll Other 0020 Sales Department,,,,,,,,,,10B100690,Deposits Received,3,Withholding Tax,Subaccount,35510,0,O,O,,,,000,Common Department,Department,,,,,,,,
1565,2771,,,1,1,,,,,,Month 10 Payroll Other 0020 Sales Department,,,,,,,,,,10B100690,Deposits Received,4,Savings and Insurance,Subaccount,43305,0,O,O,,,,000,Common Department,Department,,,,,,,,
1565,2772,,,1,1,,,,,,Month 10 Payroll Other 0020 Sales Department,,,,,,,,,,10B100690,Deposits Received,9,Other,Subaccount,63501,0,O,O,,,,000,Common Department,Department,,,,,,,,
1565,2773,1,,1,1,,,,,,Month 10 Payroll Other 1000 Sapporo Sales Office,10E200370,Salaries and Allowances,,,,874036,0,O,O,10A100020,Ordinary Deposits,20,ABC Bank Head Office,Subaccount,623941,0,O,O,010,Sapporo Sales Office,Department,000,Common Department,Department,,,,,,,,
1565,2774,,,1,1,,,,,,Month 10 Payroll Other 1000 Sapporo Sales Office,,,,,,,,,,10B100690,Deposits Received,1,Insurance Expenses,Subaccount,103424,0,O,O,,,,000,Common Department,Department,,,,,,,,
1565,2775,,,1,1,,,,,,Month 10 Payroll Other 1000 Sapporo Sales Office,,,,,,,,,,10B100690,Deposits Received,2,Resident Tax,Subaccount,46300,0,O,O,,,,000,Common Department,Department,,,,,,,,
1565,2776,,,1,1,,,,,,Month 10 Payroll Other 1000 Sapporo Sales Office,,,,,,,,,,10B100690,Deposits Received,3,Withholding Tax,Subaccount,14280,0,O,O,,,,000,Common Department,Department,,,,,,,,
1565,2777,,,1,1,,,,,,Month 10 Payroll Other 1000 Sapporo Sales Office,,,,,,,,,,10B100690,Deposits Received,4,Savings and Insurance,Subaccount,50648,0,O,O,,,,000,Common Department,Department,,,,,,,,
1565,2778,,,1,1,,,,,,Month 10 Payroll Other 1000 Sapporo Sales Office,,,,,,,,,,10B100690,Deposits Received,9,Other,Subaccount,35443,0,O,O,,,,000,Common Department,Department,,,,,,,,
1565,2779,1,,1,1,,,,,,Month 10 Payroll Other 3000 Nagoya Sales Office,10E200370,Salaries and Allowances,,,,787440,0,O,O,10A100020,Ordinary Deposits,20,ABC Bank Head Office,Subaccount,562876,0,O,O,030,Nagoya Branch,Department,000,Common Department,Department,,,,,,,,
1565,2780,,,1,1,,,,,,Month 10 Payroll Other 3000 Nagoya Sales Office,,,,,,,,,,10B100690,Deposits Received,1,Insurance Expenses,Subaccount,96352,0,O,O,,,,000,Common Department,Department,,,,,,,,
1565,2781,,,1,1,,,,,,Month 10 Payroll Other 3000 Nagoya Sales Office,,,,,,,,,,10B100690,Deposits Received,2,Resident Tax,Subaccount,42600,0,O,O,,,,000,Common Department,Department,,,,,,,,
1565,2782,,,1,1,,,,,,Month 10 Payroll Other 3000 Nagoya Sales Office,,,,,,,,,,10B100690,Deposits Received,3,Withholding Tax,Subaccount,8130,0,O,O,,,,000,Common Department,Department,,,,,,,,
1565,2783,,,1,1,,,,,,Month 10 Payroll Other 3000 Nagoya Sales Office,,,,,,,,,,10B100690,Deposits Received,4,Savings and Insurance,Subaccount,40759,0,O,O,,,,000,Common Department,Department,,,,,,,,
1565,2784,,,1,1,,,,,,Month 10 Payroll Other 3000 Nagoya Sales Office,,,,,,,,,,10B100690,Deposits Received,9,Other,Subaccount,36723,0,O,O,,,,000,Common Department,Department,,,,,,,,
1565,2785,1,,1,1,,,,,,Month 10 Payroll Other 4000 Osaka Branch,10E200370,Salaries and Allowances,,,,1007100,0,O,O,10A100020,Ordinary Deposits,20,ABC Bank Head Office,Subaccount,774703,0,O,O,040,Osaka Branch,Department,000,Common Department,Department,,,,,,,,
1565,2786,,,1,1,,,,,,Month 10 Payroll Other 4000 Osaka Branch,,,,,,,,,,10B100690,Deposits Received,1,Insurance Expenses,Subaccount,128755,0,O,O,,,,000,Common Department,Department,,,,,,,,
1565,2787,,,1,1,,,,,,Month 10 Payroll Other 4000 Osaka Branch,,,,,,,,,,10B100690,Deposits Received,2,Resident Tax,Subaccount,53400,0,O,O,,,,000,Common Department,Department,,,,,,,,
1565,2788,,,1,1,,,,,,Month 10 Payroll Other 4000 Osaka Branch,,,,,,,,,,10B100690,Deposits Received,3,Withholding Tax,Subaccount,17030,0,O,O,,,,000,Common Department,Department,,,,,,,,
1565,2789,,,1,1,,,,,,Month 10 Payroll Other 4000 Osaka Branch,,,,,,,,,,10B100690,Deposits Received,4,Savings and Insurance,Subaccount,13570,0,O,O,,,,000,Common Department,Department,,,,,,,,
1565,2790,,,1,1,,,,,,Month 10 Payroll Other 4000 Osaka Branch,,,,,,,,,,10B100690,Deposits Received,9,Other,Subaccount,19642,0,O,O,,,,000,Common Department,Department,,,,,,,,
1565,2791,1,,1,1,,,,,,Month 10 Payroll Other 5000 Kyushu Sales Office,10E200370,Salaries and Allowances,,,,611505,0,O,O,10A100020,Ordinary Deposits,20,ABC Bank Head Office,Subaccount,467419,0,O,O,050,Kyushu Sales Office,Department,000,Common Department,Department,,,,,,,,
1565,2792,,,1,1,,,,,,Month 10 Payroll Other 5000 Kyushu Sales Office,,,,,,,,,,10B100690,Deposits Received,1,Insurance Expenses,Subaccount,67268,0,O,O,,,,000,Common Department,Department,,,,,,,,
1565,2793,,,1,1,,,,,,Month 10 Payroll Other 5000 Kyushu Sales Office,,,,,,,,,,10B100690,Deposits Received,2,Resident Tax,Subaccount,31700,0,O,O,,,,000,Common Department,Department,,,,,,,,
1565,2794,,,1,1,,,,,,Month 10 Payroll Other 5000 Kyushu Sales Office,,,,,,,,,,10B100690,Deposits Received,3,Withholding Tax,Subaccount,8910,0,O,O,,,,000,Common Department,Department,,,,,,,,
1565,2795,,,1,1,,,,,,Month 10 Payroll Other 5000 Kyushu Sales Office,,,,,,,,,,10B100690,Deposits Received,4,Savings and Insurance,Subaccount,18540,0,O,O,,,,000,Common Department,Department,,,,,,,,
1565,2796,,,1,1,,,,,,Month 10 Payroll Other 5000 Kyushu Sales Office,,,,,,,,,,10B100690,Deposits Received,9,Other,Subaccount,17668,0,O,O,,,,000,Common Department,Department,,,,,,,,
1566,,,,,,92,2021-10-25,,,,,,,,,,,,,,,,,,,,,,,,,,,,,,,,,,,,
1566,2797,1,,1,,,,,,,copier repair,10E201000,Repairs and Maintenance,,,,18000,1636,S,S,10B100630,Accounts Payable Other,,,,18000,0,O,O,050,Kyushu Sales Office,Department,000,Common Department,Department,,,,,,,,
1567,,,,,,105,2021-10-25,,,,,,,,,,,,,,,,,,,,,,,,,,,,,,,,,,,,
1567,2798,1,,1,1,,,,,,Voucher No. 336 dated 10/25 Anonymized Partner 057 | Sales voucher=20210930-118;Note number=R20211025-105-2,10A100060,Notes Receivable,,,,16028828,0,O,O,10A100090,Accounts Receivable,2,Anonymized Partner 057,Subaccount,16028828,0,O,O,000,Common Department,Department,000,Common Department,Department,,,,,,,,
1568,,,,,,106,2021-10-25,,,,,,,,,,,,,,,,,,,,,,,,,,,,,,,,,,,,
1568,2799,1,1,1,1,,,,,,Voucher No. 337 dated 10/25 Anonymized Partner 042,10A100020,Ordinary Deposits,30,GHI Bank Nagoya Branch,Subaccount,1208865,0,O,O,10A100090,Accounts Receivable,7,Anonymized Partner 042,Subaccount,1208865,0,O,O,000,Common Department,Department,000,Common Department,Department,,,,,,,,
1568,2800,1,,1,1,,,,,,Voucher No. 337 dated 10/25 Anonymized Partner 042,10E200690,Service Fees,,,,735,66,S,S,10A100090,Accounts Receivable,7,Anonymized Partner 042,Subaccount,735,0,O,O,030,Nagoya Branch,Department,000,Common Department,Department,,,,,,,,
1569,,,,,,107,2021-10-25,,,,,,,,,,,,,,,,,,,,,,,,,,,,,,,,,,,,
1569,2801,1,1,1,1,,,,,,Voucher No. 338 dated 10/25 Anonymized Partner 056,10A100020,Ordinary Deposits,40,JKL Bank Umeda Branch,Subaccount,541606,0,O,O,10A100090,Accounts Receivable,23,Anonymized Partner 056,Subaccount,541606,0,O,O,000,Common Department,Department,000,Common Department,Department,,,,,,,,
1569,2802,1,,1,1,,,,,,Voucher No. 338 dated 10/25 Anonymized Partner 056,10E200690,Service Fees,,,,630,57,S,S,10A100090,Accounts Receivable,23,Anonymized Partner 056,Subaccount,630,0,O,O,040,Osaka Branch,Department,000,Common Department,Department,,,,,,,,
1570,,,,,,108,2021-10-25,,,,,,,,,,,,,,,,,,,,,,,,,,,,,,,,,,,,
1570,2803,1,1,1,1,,,,,,Voucher No. 339 dated 10/25 Anonymized Partner 033,10A100020,Ordinary Deposits,10,DEF Bank Station Branch,Subaccount,4530440,0,O,O,10A100090,Accounts Receivable,25,Anonymized Partner 033,Subaccount,4530440,0,O,O,000,Common Department,Department,000,Common Department,Department,,,,,,,,
1570,2804,1,,1,1,,,,,,Voucher No. 339 dated 10/25 Anonymized Partner 033,10E200690,Service Fees,,,,840,76,S,S,10A100090,Accounts Receivable,25,Anonymized Partner 033,Subaccount,840,0,O,O,010,Sapporo Sales Office,Department,000,Common Department,Department,,,,,,,,
1571,,,,,,111,2021-10-25,,,,,,,,,,,,,,,,,,,,,,,,,,,,,,,,,,,,
1571,2805,1,,1,,,,,,,taxi expense,10E201230,Travel and Transportation Expenses,,,,13500,1227,S,S,10B100630,Accounts Payable Other,,,,13500,0,O,O,040,Osaka Branch,Department,000,Common Department,Department,,,,,,,,
1572,,,,,,170,2021-10-25,,,,,,,,,,,,,,,,,,,,,,,,,,,,,,,,,,,,
1572,2806,1,,1,1,,,,,,Newspaper expense,10E201160,Books and Publications,,,,3007,273,S,S,10A100020,Cash,1,Cash,Subaccount,3007,0,O,O,050,Kyushu Sales Office,Department,000,Common Department,Department,,,,,,,,
1573,,,,,,171,2021-10-25,,,,,,,,,,,,,,,,,,,,,,,,,,,,,,,,,,,,
1573,2807,1,,1,1,,,,,,Mobile phone expense,10E200180,Communication Expenses,,,,42103,3827,S,S,10A100020,Ordinary Deposits,50,MNO Bank Kitakyushu Branch,Subaccount,42103,0,O,O,050,Kyushu Sales Office,Department,000,Common Department,Department,,,,,,,,
1574,,,,,,173,2021-10-25,,,,,,,,,,,,,,,,,,,,,,,,,,,,,,,,,,,,
1574,2808,1,,1,1,,,,,,Revenue stamp expense,10E200210,Taxes and Dues,,,,10000,0,O,O,10A100020,Cash,1,Cash,Subaccount,10000,0,O,O,050,Kyushu Sales Office,Department,000,Common Department,Department,,,,,,,,
1575,,,,,,27,2021-10-26,,,,,,,,,,,,,,,,,,,,,,,,,,,,,,,,,,,,
1575,2809,1,,1,1,,,,,,Travel expense,10E201230,Travel and Transportation Expenses,,,,26172,2379,S,S,10A100020,Cash,1,Cash,Subaccount,84636,0,O,O,010,Sapporo Sales Office,Department,000,Common Department,Department,,,,,,,,
1575,2810,1,,,,,,,,,Travel expense,10E201230,Travel and Transportation Expenses,,,,34000,3090,S,S,,,,,,,,,,010,Sapporo Sales Office,Department,,,,,,,,,,,
1575,2811,1,,,,,,,,,Travel expense,10E201230,Travel and Transportation Expenses,,,,24464,2224,S,S,,,,,,,,,,010,Sapporo Sales Office,Department,,,,,,,,,,,
1576,,,,,,38,2021-10-26,,,,,,,,,,,,,,,,,,,,,,,,,,,,,,,,,,,,
1576,2812,1,,1,,,,,,,Lodging expense,10E200140,Employee Welfare Expenses,,,,42640,3876,S,S,10B100630,Accounts Payable Other,,,,42640,0,O,O,020,Tokyo Branch,Department,000,Common Department,Department,,,,,,,,
1577,,,,,,62,2021-10-26,,,,,,,,,,,,,,,,,,,,,,,,,,,,,,,,,,,,
1577,2813,1,,1,1,,,,,,Mobile phone expense,10E200180,Communication Expenses,,,,73914,6719,S,S,10A100020,Ordinary Deposits,20,ABC Bank Head Office,Subaccount,73914,0,O,O,020,Tokyo Branch,Department,000,Common Department,Department,,,,,,,,
1578,,,,,,78,2021-10-26,,,,,,,,,,,,,,,,,,,,,,,,,,,,,,,,,,,,
1578,2814,1,,1,,,,,,,Outsourcing fee payment,10E200020,Sales Commissions,,,,189000,17181,S,S,10B100630,Accounts Payable Other,,,,189000,0,O,O,030,Nagoya Branch,Department,000,Common Department,Department,,,,,,,,
1579,,,,,,120,2021-10-26,,,,,,,,,,,,,,,,,,,,,,,,,,,,,,,,,,,,
1579,2815,1,,1,,,,,,,Outsourcing fee,10E200020,Sales Commissions,,,,630000,57272,S,S,10B100630,Accounts Payable Other,,,,630000,0,O,O,040,Osaka Branch,Department,000,Common Department,Department,,,,,,,,
1580,,,,,,131,2021-10-26,,,,,,,,,,,,,,,,,,,,,,,,,,,,,,,,,,,,
1580,2816,1,,1,1,,,,,,Membership fee,10E201140,Membership Fees,,,,24000,0,O,O,10A100020,Ordinary Deposits,40,JKL Bank Umeda Branch,Subaccount,24000,0,O,O,040,Osaka Branch,Department,000,Common Department,Department,,,,,,,,
1581,,,,,,172,2021-10-26,,,,,,,,,,,,,,,,,,,,,,,,,,,,,,,,,,,,
1581,2817,1,,1,,,,,,,Outsourcing fee payment,10E200020,Sales Commissions,,,,118000,10727,S,S,10B100630,Accounts Payable Other,,,,118000,0,O,O,010,Sapporo Sales Office,Department,000,Common Department,Department,,,,,,,,
1582,,,,,,14,2021-10-27,,,,,,,,,,,,,,,,,,,,,,,,,,,,,,,,,,,,
1582,2818,1,,1,1,,,,,,Gasoline,10E201120,Vehicle Expenses,,,,3000,272,S,S,10A100020,Cash,1,Cash,Subaccount,3000,0,O,O,010,Sapporo Sales Office,Department,000,Common Department,Department,,,,,,,,
1583,,,,,,30,2021-10-27,,,,,,,,,,,,,,,,,,,,,,,,,,,,,,,,,,,,
1583,2819,1,,1,1,,,,,,Insurance Premium payment,10E200240,Insurance Expenses,,,,54320,0,E,E,10A100020,Ordinary Deposits,10,DEF Bank Station Branch,Subaccount,54320,0,O,O,010,Sapporo Sales Office,Department,000,Common Department,Department,,,,,,,,
1584,,,,,,39,2021-10-27,,,,,,,,,,,,,,,,,,,,,,,,,,,,,,,,,,,,
1584,2820,1,,1,1,,,,,,Membership fee,10E200140,Employee Welfare Expenses,,,,9000,818,S,S,10A100020,Cash,1,Cash,Subaccount,9000,0,O,O,020,Tokyo Branch,Department,000,Common Department,Department,,,,,,,,
1585,,,,,,83,2021-10-27,,,,,,,,,,,,,,,,,,,,,,,,,,,,,,,,,,,,
1585,2821,1,,1,1,,,,,,Vehicle management expense,10E201120,Vehicle Expenses,,,,51200,4654,S,S,10A100020,Cash,1,Cash,Subaccount,51200,0,O,O,030,Nagoya Branch,Department,000,Common Department,Department,,,,,,,,
1586,,,,,,87,2021-10-27,,,,,,,,,,,,,,,,,,,,,,,,,,,,,,,,,,,,
1586,2822,1,,1,1,,,,,,Mobile phone expense,10E200180,Communication Expenses,,,,29633,2693,S,S,10A100020,Ordinary Deposits,30,GHI Bank Nagoya Branch,Subaccount,29633,0,O,O,030,Nagoya Branch,Department,000,Common Department,Department,,,,,,,,
1587,,,,,,88,2021-10-27,,,,,,,,,,,,,,,,,,,,,,,,,,,,,,,,,,,,
1587,2823,1,,1,1,,,,,,Newspaper expense,10E201160,Books and Publications,,,,3568,324,S,S,10A100020,Cash,1,Cash,Subaccount,3568,0,O,O,030,Nagoya Branch,Department,000,Common Department,Department,,,,,,,,
1588,,,,,,113,2021-10-27,,,,,,,,,,,,,,,,,,,,,,,,,,,,,,,,,,,,
1588,2824,1,,1,1,,,,,,Mobile phone expense,10E200180,Communication Expenses,,,,88157,8014,S,S,10A100020,Ordinary Deposits,40,JKL Bank Umeda Branch,Subaccount,88157,0,O,O,040,Osaka Branch,Department,000,Common Department,Department,,,,,,,,
1589,,,,,,15,2021-10-28,,,,,,,,,,,,,,,,,,,,,,,,,,,,,,,,,,,,
1589,2825,1,,1,1,,,,,,Parking fee,10E201120,Vehicle Expenses,,,,800,72,S,S,10A100020,Cash,1,Cash,Subaccount,800,0,O,O,010,Sapporo Sales Office,Department,000,Common Department,Department,,,,,,,,
1590,,,,,,59,2021-10-28,,,,,,,,,,,,,,,,,,,,,,,,,,,,,,,,,,,,
1590,2826,1,,1,1,,,,,,Travel expense,10E201230,Travel and Transportation Expenses,,,,48900,4445,S,S,10A100020,Cash,1,Cash,Subaccount,48900,0,O,O,020,Tokyo Branch,Department,000,Common Department,Department,,,,,,,,
1591,,,,,,93,2021-10-28,,,,,,,,,,,,,,,,,,,,,,,,,,,,,,,,,,,,
1591,2827,1,,1,,,,,,,Repair expense,10E201000,Repairs and Maintenance,,,,17850,1622,S,S,10B100630,Accounts Payable Other,,,,17850,0,O,O,020,Tokyo Branch,Department,000,Common Department,Department,,,,,,,,
1592,,,,,,114,2021-10-28,,,,,,,,,,,,,,,,,,,,,,,,,,,,,,,,,,,,
1592,2828,1,,1,1,,,,,,Newspaper expense,10E201160,Books and Publications,,,,2540,230,S,S,10A100020,Cash,1,Cash,Subaccount,5404,0,O,O,040,Osaka Branch,Department,000,Common Department,Department,,,,,,,,
1592,2829,1,,,,,,,,,Newspaper expense,10E201160,Books and Publications,,,,2864,260,S,S,,,,,,,,,,040,Osaka Branch,Department,,,,,,,,,,,
1593,,,,,,72,2021-10-29,,,,,,,,,,,,,,,,,,,,,,,,,,,,,,,,,,,,
1593,2830,1,,1,1,,,,,,Newspaper expense,10E201160,Books and Publications,,,,2864,260,S,S,10A100020,Cash,1,Cash,Subaccount,9078,0,O,O,020,Tokyo Branch,Department,000,Common Department,Department,,,,,,,,
1593,2831,1,,,,,,,,,Newspaper expense,10E201160,Books and Publications,,,,2815,255,S,S,,,,,,,,,,020,Tokyo Branch,Department,,,,,,,,,,,
1593,2832,1,,,,,,,,,Newspaper expense,10E201160,Books and Publications,,,,3399,309,S,S,,,,,,,,,,020,Tokyo Branch,Department,,,,,,,,,,,
1594,,,,,,109,2021-10-29,,,,,,,,,,,,,,,,,,,,,,,,,,,,,,,,,,,,
1594,2833,1,,1,,,,,,,Gasoline,10E201120,Vehicle Expenses,,,,61694,5608,S,S,10B100630,Accounts Payable Other,,,,61694,0,O,O,040,Osaka Branch,Department,000,Common Department,Department,,,,,,,,
1595,,,,,,13,2021-10-30,,,,,,,,,,,,,,,,,,,,,,,,,,,,,,,,,,,,
1595,2834,1,,1,1,,,,,,Gasoline,10E201120,Vehicle Expenses,,,,13000,1181,S,S,10A100020,Cash,1,Cash,Subaccount,13000,0,O,O,010,Sapporo Sales Office,Department,000,Common Department,Department,,,,,,,,
1596,,,,,,55,2021-10-30,,,,,,,,,,,,,,,,,,,,,,,,,,,,,,,,,,,,
1596,2835,1,,1,1,,,,,,Vehicle management expense,10E201120,Vehicle Expenses,,,,23810,2164,S,S,10A100020,Cash,1,Cash,Subaccount,31477,0,O,O,020,Tokyo Branch,Department,000,Common Department,Department,,,,,,,,
1596,2836,1,,,,,,,,,Expressway toll,10E201120,Vehicle Expenses,,,,7667,697,S,S,,,,,,,,,,020,Tokyo Branch,Department,,,,,,,,,,,
1597,,,,,,70,2021-10-30,,,,,,,,,,,,,,,,,,,,,,,,,,,,,,,,,,,,
1597,2837,1,,1,,,,,,,Wired service fee,10E201270,Miscellaneous Expenses,,,,6000,545,S,S,10B100630,Accounts Payable Other,,,,58381,0,O,O,020,Tokyo Branch,Department,000,Common Department,Department,,,,,,,,
1597,2838,1,,,,,,,,,Security fee,10E201270,Miscellaneous Expenses,,,,52381,4761,S,S,,,,,,,,,,020,Tokyo Branch,Department,,,,,,,,,,,
1597,2839,1,,1,1,,,,,,Expressway toll,10E201120,Vehicle Expenses,,,,75000,6818,S,S,10A100020,Ordinary Deposits,20,ABC Bank Head Office,Subaccount,75000,0,O,O,020,Tokyo Branch,Department,000,Common Department,Department,,,,,,,,
1597,2840,1,,1,,,,,,,Cleaning fee,10E201270,Miscellaneous Expenses,,,,73500,6681,S,S,10B100630,Accounts Payable Other,,,,73500,0,O,O,020,Tokyo Branch,Department,000,Common Department,Department,,,,,,,,
1598,,,,,,73,2021-10-30,,,,,,,,,,,,,,,,,,,,,,,,,,,,,,,,,,,,
1598,2841,1,,1,1,,,,,,Cof fee expense 2 people,10E200150,Entertainment Expenses,,,,1260,114,S,S,10A100020,Cash,1,Cash,Subaccount,1260,0,O,O,020,Tokyo Branch,Department,000,Common Department,Department,,,,,,,,
1599,,,,,,96,2021-10-30,,,,,,,,,,,,,,,,,,,,,,,,,,,,,,,,,,,,
1599,2842,1,,1,1,,,,,,Security fee,10E201270,Miscellaneous Expenses,,,,22470,2042,S,S,10A100020,Ordinary Deposits,30,GHI Bank Nagoya Branch,Subaccount,22470,0,O,O,030,Nagoya Branch,Department,000,Common Department,Department,,,,,,,,
1600,,,,,,100,2021-10-30,,,,,,,,,,,,,,,,,,,,,,,,,,,,,,,,,,,,
1600,2843,1,,1,1,,,,,,Membership fee,10E200140,Employee Welfare Expenses,,,,6000,545,S,S,10A100020,Cash,1,Cash,Subaccount,6000,0,O,O,040,Osaka Branch,Department,000,Common Department,Department,,,,,,,,
1601,,,,,,115,2021-10-30,,,,,,,,,,,,,,,,,,,,,,,,,,,,,,,,,,,,
1601,2844,1,,1,1,,,,,,Insurance Expenses,10E200240,Insurance Expenses,,,,64500,0,E,E,10A100020,Ordinary Deposits,40,JKL Bank Umeda Branch,Subaccount,64500,0,O,O,040,Osaka Branch,Department,000,Common Department,Department,,,,,,,,
1602,,,,,,139,2021-10-30,,,,,,,,,,,,,,,,,,,,,,,,,,,,,,,,,,,,
1602,2845,1,1,1,1,,,,,,Funds transfer,10A100020,Ordinary Deposits,20,ABC Bank Head Office,Subaccount,13000000,0,O,O,10A100020,Ordinary Deposits,10,DEF Bank Station Branch,Subaccount,5000000,0,O,O,000,Common Department,Department,000,Common Department,Department,,,,,,,,
1602,2846,,,1,1,,,,,,Funds transfer,,,,,,,,,,10A100020,Ordinary Deposits,30,GHI Bank Nagoya Branch,Subaccount,3000000,0,O,O,,,,000,Common Department,Department,,,,,,,,
1602,2847,,,1,1,,,,,,Funds transfer,,,,,,,,,,10A100020,Ordinary Deposits,40,JKL Bank Umeda Branch,Subaccount,3500000,0,O,O,,,,000,Common Department,Department,,,,,,,,
1602,2848,,,1,1,,,,,,Funds transfer,,,,,,,,,,10A100020,Ordinary Deposits,50,MNO Bank Kitakyushu Branch,Subaccount,1500000,0,O,O,,,,000,Common Department,Department,,,,,,,,
1603,,,,,,1,2021-10-31,,,,,,,,,,,,,,,,,,,,,,,,,,,,,,,,,,,,
1603,2849,1,,1,,,,,,,Freight Anonymized Carrier B,10E200870,Freight Expenses,,,,214990,19544,S,S,10B100630,Accounts Payable Other,,,,214990,0,O,O,010,Sapporo Sales Office,Department,000,Common Department,Department,,,,,,,,
1604,,,,,,36,2021-10-31,,,,,,,,,,,,,,,,,,,,,,,,,,,,,,,,,,,,
1604,2850,1,,1,,,,,,,Freight Anonymized Carrier A,10E200870,Freight Expenses,,,,1633000,148454,S,S,10B100630,Accounts Payable Other,,,,2555305,0,O,O,020,Tokyo Branch,Department,000,Common Department,Department,,,,,,,,
1604,2851,1,,,,,,,,,Freight Anonymized Carrier B,10E200870,Freight Expenses,,,,922305,83845,S,S,,,,,,,,,,020,Tokyo Branch,Department,,,,,,,,,,,
1605,,,,,,40,2021-10-31,,,,,,,,,,,,,,,,,,,,,,,,,,,,,,,,,,,,
1605,2852,1,,1,,,,,,,Advertising placement,10E200050,Advertising Expenses,,,,50000,4545,S,S,10B100630,Accounts Payable Other,,,,50000,0,O,O,020,Tokyo Branch,Department,000,Common Department,Department,,,,,,,,
1606,,,,,,49,2021-10-31,,,,,,,,,,,,,,,,,,,,,,,,,,,,,,,,,,,,
1606,2853,1,,1,1,,,,,,Gasoline,10E201120,Vehicle Expenses,,,,163470,14860,S,S,10A100020,Cash,1,Cash,Subaccount,163470,0,O,O,020,Tokyo Branch,Department,000,Common Department,Department,,,,,,,,
1607,,,,,,63,2021-10-31,,,,,,,,,,,,,,,,,,,,,,,,,,,,,,,,,,,,
1607,2854,1,,1,1,,,,,,Insurance Expenses,10E200240,Insurance Expenses,,,,81000,0,E,E,10A100020,Ordinary Deposits,20,ABC Bank Head Office,Subaccount,81000,0,O,O,020,Tokyo Branch,Department,000,Common Department,Department,,,,,,,,
1608,,,,,,66,2021-10-31,,,,,,,,,,,,,,,,,,,,,,,,,,,,,,,,,,,,
1608,2855,1,,1,1,,,,,,lease fee,10E200730,Land and Building Rent,,,,209850,19077,S,S,10A100020,Ordinary Deposits,20,ABC Bank Head Office,Subaccount,209850,0,O,O,020,Tokyo Branch,Department,000,Common Department,Department,,,,,,,,
1609,,,,,,67,2021-10-31,,,,,,,,,,,,,,,,,,,,,,,,,,,,,,,,,,,,
1609,2856,1,,1,1,,,,,,Membership fee Payment,10E201140,Membership Fees,,,,30000,0,O,O,10A100020,Cash,1,Cash,Subaccount,30000,0,O,O,020,Tokyo Branch,Department,000,Common Department,Department,,,,,,,,
1610,,,,,,70,2021-10-31,,,,,,,,,,,,,,,,,,,,,,,,,,,,,,,,,,,,
1610,2857,1,,1,1,,,,,,Insurance Expenses,10E200240,Insurance Expenses,,,,62000,0,E,E,10A100020,Ordinary Deposits,30,GHI Bank Nagoya Branch,Subaccount,62000,0,O,O,030,Nagoya Branch,Department,000,Common Department,Department,,,,,,,,
1611,,,,,,71,2021-10-31,,,,,,,,,,,,,,,,,,,,,,,,,,,,,,,,,,,,
1611,2858,1,,1,1,,,,,,Insurance Premium Payment,10E200240,Insurance Expenses,,,,57000,0,E,E,10A100020,Ordinary Deposits,50,MNO Bank Kitakyushu Branch,Subaccount,57000,0,O,O,050,Kyushu Sales Office,Department,000,Common Department,Department,,,,,,,,
1612,,,,,,77,2021-10-31,,,,,,,,,,,,,,,,,,,,,,,,,,,,,,,,,,,,
1612,2859,1,,1,,,,,,,Freight Expenses,10E200870,Freight Expenses,,,,172850,15713,S,S,10B100630,Accounts Payable Other,,,,172850,0,O,O,030,Nagoya Branch,Department,000,Common Department,Department,,,,,,,,
1613,,,,,,80,2021-10-31,,,,,,,,,,,,,,,,,,,,,,,,,,,,,,,,,,,,
1613,2860,,,1,,,,,,,Supplies expense department allocation,,,,,,,,,,10E200200,Supplies Expenses,,,,245462,0,O,O,,,,000,Common Department,Department,,,,,,,,
1613,2861,1,,,,,,,,,,10E200200,Supplies Expenses,,,,27000,0,O,O,,,,,,,,,,010,Sapporo Sales Office,Department,,,,,,,,,,,
1613,2862,1,,,,,,,,,,10E200200,Supplies Expenses,,,,117824,0,O,O,,,,,,,,,,020,Tokyo Branch,Department,,,,,,,,,,,
1613,2863,1,,,,,,,,,,10E200200,Supplies Expenses,,,,24546,0,O,O,,,,,,,,,,030,Nagoya Branch,Department,,,,,,,,,,,
1613,2864,1,,,,,,,,,,10E200200,Supplies Expenses,,,,58910,0,O,O,,,,,,,,,,040,Osaka Branch,Department,,,,,,,,,,,
1613,2865,1,,,,,,,,,,10E200200,Supplies Expenses,,,,17182,0,O,O,,,,,,,,,,050,Kyushu Sales Office,Department,,,,,,,,,,,
1614,,,,,,81,2021-10-31,,,,,,,,,,,,,,,,,,,,,,,,,,,,,,,,,,,,
1614,2866,1,,1,,,,,,,Tea expense,10E200140,Employee Welfare Expenses,,,,20500,1863,S,S,10B100630,Accounts Payable Other,,,,20500,0,O,O,030,Nagoya Branch,Department,000,Common Department,Department,,,,,,,,
1615,,,,,,82,2021-10-31,,,,,,,,,,,,,,,,,,,,,,,,,,,,,,,,,,,,
1615,2867,1,,1,1,,,,,,month 9 payment,10B100630,Accounts Payable Other,,,,6788142,0,O,O,10A100020,Ordinary Deposits,20,ABC Bank Head Office,Subaccount,6788142,0,O,O,000,Common Department,Department,000,Common Department,Department,,,,,,,,
1616,,,,,,99,2021-10-31,,,,,,,,,,,,,,,,,,,,,,,,,,,,,,,,,,,,
1616,2868,1,,1,,,,,,,Freight Expenses,10E200870,Freight Expenses,,,,714120,64920,S,S,10B100630,Accounts Payable Other,,,,714120,0,O,O,040,Osaka Branch,Department,000,Common Department,Department,,,,,,,,
1617,,,,,,109,2021-10-31,,,,,,,,,,,,,,,,,,,,,,,,,,,,,,,,,,,,
1617,2869,1,1,1,,,,,,,10/1-10/31 periodSales,10A100090,Accounts Receivable,25,Anonymized Partner 033,Subaccount,4489738,0,O,O,10D100100,Gross Sales,,,,4489738,408158,S,S,000,Common Department,Department,010,Sapporo Sales Office,Department,,,,,,,,
1617,2870,1,1,1,,,,,,,10/1-10/31 periodSales,10A100090,Accounts Receivable,5,Anonymized Partner 030,Subaccount,1281568,0,O,O,10D100100,Gross Sales,,,,1281568,116506,S,S,000,Common Department,Department,010,Sapporo Sales Office,Department,,,,,,,,
1617,2871,1,1,1,,,,,,,10/1-10/31 periodSales,10A100090,Accounts Receivable,14,Anonymized Partner 066,Subaccount,1444608,0,O,O,10D100100,Gross Sales,,,,1444608,131328,S,S,000,Common Department,Department,010,Sapporo Sales Office,Department,,,,,,,,
1618,,,,,,110,2021-10-31,,,,,,,,,,,,,,,,,,,,,,,,,,,,,,,,,,,,
1618,2872,1,1,1,,,,,,,10/1-10/31 periodSales,10A100090,Accounts Receivable,2,Anonymized Partner 057,Subaccount,14382264,0,O,O,10D100100,Gross Sales,,,,14382264,1307478,S,S,000,Common Department,Department,020,Tokyo Branch,Department,,,,,,,,
1618,2873,1,1,1,,,,,,,10/1-10/31 periodSales,10A100090,Accounts Receivable,26,Anonymized Partner 082,Subaccount,1018824,0,O,O,10D100100,Gross Sales,,,,1018824,92620,S,S,000,Common Department,Department,020,Tokyo Branch,Department,,,,,,,,
1618,2874,1,1,1,,,,,,,10/1-10/31 periodSales,10A100090,Accounts Receivable,12,Anonymized Partner 065,Subaccount,10808171,0,O,O,10D100100,Gross Sales,,,,10808171,982561,S,S,000,Common Department,Department,020,Tokyo Branch,Department,,,,,,,,
1618,2875,1,1,1,,,,,,,10/1-10/31 periodSales,10A100090,Accounts Receivable,11,Anonymized Partner 058,Subaccount,543350,0,O,O,10D100100,Gross Sales,,,,543350,49395,S,S,000,Common Department,Department,020,Tokyo Branch,Department,,,,,,,,
1618,2876,1,1,1,,,,,,,10/1-10/31 periodSales,10A100090,Accounts Receivable,13,Anonymized Partner 023,Subaccount,730040,0,O,O,10D100100,Gross Sales,,,,730040,66367,S,S,000,Common Department,Department,020,Tokyo Branch,Department,,,,,,,,
1618,2877,1,1,1,,,,,,,10/1-10/31 periodSales,10A100090,Accounts Receivable,14,Anonymized Partner 066,Subaccount,1675244,0,O,O,10D100100,Gross Sales,,,,1675244,152294,S,S,000,Common Department,Department,020,Tokyo Branch,Department,,,,,,,,
1618,2878,1,1,1,,,,,,,10/1-10/31 periodSales,10A100090,Accounts Receivable,10,Anonymized Partner 012,Subaccount,203996,0,O,O,10D100100,Gross Sales,,,,203996,18545,S,S,000,Common Department,Department,020,Tokyo Branch,Department,,,,,,,,
1618,2879,1,1,1,,,,,,,10/1-10/31 periodSales,10A100090,Accounts Receivable,30,Anonymized Partner 052,Subaccount,1390498,0,O,O,10D100100,Gross Sales,,,,1390498,126408,S,S,000,Common Department,Department,020,Tokyo Branch,Department,,,,,,,,
1618,2880,1,1,1,,,,,,,10/1-10/31 periodSales,10A100090,Accounts Receivable,24,Anonymized Partner 081,Subaccount,497872,0,O,O,10D100100,Gross Sales,,,,497872,45261,S,S,000,Common Department,Department,020,Tokyo Branch,Department,,,,,,,,
1619,,,,,,111,2021-10-31,,,,,,,,,,,,,,,,,,,,,,,,,,,,,,,,,,,,
1619,2881,1,1,1,,,,,,,10/1-10/31 periodSales,10A100090,Accounts Receivable,27,Anonymized Partner 025,Subaccount,814613,0,O,O,10D100100,Gross Sales,,,,814613,74055,S,S,000,Common Department,Department,030,Nagoya Branch,Department,,,,,,,,
1619,2882,1,1,1,,,,,,,10/1-10/31 periodSales,10A100090,Accounts Receivable,6,Anonymized Partner 061,Subaccount,1269677,0,O,O,10D100100,Gross Sales,,,,1269677,115425,S,S,000,Common Department,Department,030,Nagoya Branch,Department,,,,,,,,
1619,2883,1,1,1,,,,,,,10/1-10/31 periodSales,10A100090,Accounts Receivable,7,Anonymized Partner 042,Subaccount,1134104,0,O,O,10D100100,Gross Sales,,,,1134104,103100,S,S,000,Common Department,Department,030,Nagoya Branch,Department,,,,,,,,
1619,2884,1,1,1,,,,,,,10/1-10/31 periodSales,10A100090,Accounts Receivable,14,Anonymized Partner 066,Subaccount,1680864,0,O,O,10D100100,Gross Sales,,,,1680864,152805,S,S,000,Common Department,Department,030,Nagoya Branch,Department,,,,,,,,
1619,2885,1,1,1,,,,,,,10/1-10/31 periodSales,10A100090,Accounts Receivable,21,Anonymized Partner 014,Subaccount,475740,0,O,O,10D100100,Gross Sales,,,,475740,43249,S,S,000,Common Department,Department,030,Nagoya Branch,Department,,,,,,,,
1619,2886,1,1,1,,,,,,,10/1-10/31 periodSales,10A100090,Accounts Receivable,19,Anonymized Partner 045,Subaccount,590832,0,O,O,10D100100,Gross Sales,,,,590832,53712,S,S,000,Common Department,Department,030,Nagoya Branch,Department,,,,,,,,
1620,,,,,,112,2021-10-31,,,,,,,,,,,,,,,,,,,,,,,,,,,,,,,,,,,,
1620,2887,1,1,1,1,,,,,,Insurance Premium Withheld portion,10B100690,Deposits Received,1,Insurance Expenses,Subaccount,710925,0,O,O,10A100020,Ordinary Deposits,20,ABC Bank Head Office,Subaccount,1432906,0,O,O,000,Common Department,Department,000,Common Department,Department,,,,,,,,
1620,2888,1,,,,,,,,,Insurance Premium Employer contribution,10E200540,Statutory Welfare Expenses,,,,112236,0,E,E,,,,,,,,,,020,Tokyo Branch,Department,,,,,,,,,,,
1620,2889,1,,,,,,,,,Insurance Premium Employer contribution,10E200540,Statutory Welfare Expenses,,,,219315,0,E,E,,,,,,,,,,020,Tokyo Branch,Department,,,,,,,,,,,
1620,2890,1,,,,,,,,,Insurance Premium Employer contribution,10E200540,Statutory Welfare Expenses,,,,96280,0,E,E,,,,,,,,,,010,Sapporo Sales Office,Department,,,,,,,,,,,
1620,2891,1,,,,,,,,,Insurance Premium Employer contribution,10E200540,Statutory Welfare Expenses,,,,94031,0,E,E,,,,,,,,,,030,Nagoya Branch,Department,,,,,,,,,,,
1620,2892,1,,,,,,,,,Insurance Premium Employer contribution,10E200540,Statutory Welfare Expenses,,,,121795,0,E,E,,,,,,,,,,040,Osaka Branch,Department,,,,,,,,,,,
1620,2893,1,,,,,,,,,Insurance Premium Employer contribution,10E200540,Statutory Welfare Expenses,,,,67268,0,E,E,,,,,,,,,,050,Kyushu Sales Office,Department,,,,,,,,,,,
1620,2894,1,,,,,,,,,Child allowance contribution Employer contribution,10E200540,Statutory Welfare Expenses,,,,11056,0,E,E,,,,,,,,,,020,Tokyo Branch,Department,,,,,,,,,,,
1620,2895,1,1,1,,,,,,,10/1-10/31 periodSales,10A100090,Accounts Receivable,28,Anonymized Partner 072,Subaccount,6921367,0,O,O,10D100100,Gross Sales,,,,6921367,629215,S,S,000,Common Department,Department,040,Osaka Branch,Department,,,,,,,,
1620,2896,1,1,1,,,,,,,10/1-10/31 periodSales,10A100090,Accounts Receivable,23,Anonymized Partner 056,Subaccount,482504,0,O,O,10D100100,Gross Sales,,,,482504,43864,S,S,000,Common Department,Department,040,Osaka Branch,Department,,,,,,,,
1620,2897,1,1,1,,,,,,,10/1-10/31 periodSales,10A100090,Accounts Receivable,14,Anonymized Partner 066,Subaccount,2247210,0,O,O,10D100100,Gross Sales,,,,2247210,204291,S,S,000,Common Department,Department,040,Osaka Branch,Department,,,,,,,,
1620,2898,1,1,1,,,,,,,10/1-10/31 periodSales,10A100090,Accounts Receivable,20,Anonymized Partner 079,Subaccount,1254356,0,O,O,10D100100,Gross Sales,,,,1254356,114032,S,S,000,Common Department,Department,040,Osaka Branch,Department,,,,,,,,
1620,2899,1,1,1,,,,,,,10/1-10/31 periodSales,10A100090,Accounts Receivable,4,Anonymized Partner 032,Subaccount,1087224,0,O,O,10D100100,Gross Sales,,,,1087224,98838,S,S,000,Common Department,Department,040,Osaka Branch,Department,,,,,,,,
1620,2900,1,1,1,,,,,,,10/1-10/31 periodSales,10A100090,Accounts Receivable,8,Anonymized Partner 073,Subaccount,398115,0,O,O,10D100100,Gross Sales,,,,398115,36192,S,S,000,Common Department,Department,040,Osaka Branch,Department,,,,,,,,
1620,2901,1,1,1,,,,,,,10/1-10/31 periodSales,10A100090,Accounts Receivable,9,Anonymized Partner 026,Subaccount,798840,0,O,O,10D100100,Gross Sales,,,,798840,72621,S,S,000,Common Department,Department,040,Osaka Branch,Department,,,,,,,,
1620,2902,1,1,1,,,,,,,10/1-10/31 periodSales,10A100090,Accounts Receivable,3,Anonymized Partner 085,Subaccount,509535,0,O,O,10D100100,Gross Sales,,,,509535,46321,S,S,000,Common Department,Department,040,Osaka Branch,Department,,,,,,,,
1621,,,,,,113,2021-10-31,,,,,,,,,,,,,,,,,,,,,,,,,,,,,,,,,,,,
1621,2903,1,1,1,,,,,,,10/1-10/31 periodSales,10A100090,Accounts Receivable,29,Anonymized Partner 049,Subaccount,708660,0,O,O,10D100100,Gross Sales,,,,708660,64423,S,S,000,Common Department,Department,050,Kyushu Sales Office,Department,,,,,,,,
1621,2904,1,1,1,,,,,,,10/1-10/31 periodSales,10A100090,Accounts Receivable,22,Anonymized Partner 070,Subaccount,923680,0,O,O,10D100100,Gross Sales,,,,923680,83970,S,S,000,Common Department,Department,050,Kyushu Sales Office,Department,,,,,,,,
1621,2905,1,1,1,,,,,,,10/1-10/31 periodSales,10A100090,Accounts Receivable,1,Anonymized Partner 068,Subaccount,1023604,0,O,O,10D100100,Gross Sales,,,,1023604,93054,S,S,000,Common Department,Department,050,Kyushu Sales Office,Department,,,,,,,,
1621,2906,1,1,1,,,,,,,10/1-10/31 periodSales,10A100090,Accounts Receivable,14,Anonymized Partner 066,Subaccount,777184,0,O,O,10D100100,Gross Sales,,,,777184,70653,S,S,000,Common Department,Department,050,Kyushu Sales Office,Department,,,,,,,,
1622,,,,,,114,2021-10-31,,,,,,,,,,,,,,,,,,,,,,,,,,,,,,,,,,,,
1622,2907,1,1,1,1,,,,,,Voucher No. 340 dated 10/31 Anonymized Partner 032,10A100020,Ordinary Deposits,40,JKL Bank Umeda Branch,Subaccount,703128,0,O,O,10A100090,Accounts Receivable,4,Anonymized Partner 032,Subaccount,703128,0,O,O,000,Common Department,Department,000,Common Department,Department,,,,,,,,
1622,2908,1,,1,1,,,,,,Voucher No. 340 dated 10/31 Anonymized Partner 032,10E200690,Service Fees,,,,840,76,S,S,10A100090,Accounts Receivable,4,Anonymized Partner 032,Subaccount,840,0,O,O,040,Osaka Branch,Department,000,Common Department,Department,,,,,,,,
1623,,,,,,115,2021-10-31,,,,,,,,,,,,,,,,,,,,,,,,,,,,,,,,,,,,
1623,2909,1,1,1,1,,,,,,Voucher No. 341 dated 10/31 Anonymized Partner 030,10A100020,Ordinary Deposits,10,DEF Bank Station Branch,Subaccount,1128760,0,O,O,10A100090,Accounts Receivable,5,Anonymized Partner 030,Subaccount,1128760,0,O,O,000,Common Department,Department,000,Common Department,Department,,,,,,,,
1623,2910,1,,1,1,,,,,,Voucher No. 341 dated 10/31 Anonymized Partner 030,10E200690,Service Fees,,,,840,76,S,S,10A100090,Accounts Receivable,5,Anonymized Partner 030,Subaccount,840,0,O,O,010,Sapporo Sales Office,Department,000,Common Department,Department,,,,,,,,
1624,,,,,,116,2021-10-31,,,,,,,,,,,,,,,,,,,,,,,,,,,,,,,,,,,,
1624,2911,1,,1,1,,,,,,Voucher No. 342 dated 10/31 Anonymized Partner 065 | Sales voucher=20210930-118;Note number=R20211031-116-12,10A100060,Notes Receivable,,,,9607109,0,O,O,10A100090,Accounts Receivable,12,Anonymized Partner 065,Subaccount,9607109,0,O,O,000,Common Department,Department,000,Common Department,Department,,,,,,,,
1624,2912,1,,1,1,,,,,,lease fee,10E200730,Land and Building Rent,,,,84000,7636,S,S,10A100020,Ordinary Deposits,40,JKL Bank Umeda Branch,Subaccount,84000,0,O,O,040,Osaka Branch,Department,000,Common Department,Department,,,,,,,,
1625,,,,,,117,2021-10-31,,,,,,,,,,,,,,,,,,,,,,,,,,,,,,,,,,,,
1625,2913,1,1,1,1,,,,,,Voucher No. 343 dated 10/31 Anonymized Partner 081,10A100020,Ordinary Deposits,20,ABC Bank Head Office,Subaccount,669734,0,O,O,10A100090,Accounts Receivable,24,Anonymized Partner 081,Subaccount,669734,0,O,O,000,Common Department,Department,000,Common Department,Department,,,,,,,,
1625,2914,1,,1,1,,,,,,Voucher No. 343 dated 10/31 Anonymized Partner 081,10E200690,Service Fees,,,,630,57,S,S,10A100090,Accounts Receivable,24,Anonymized Partner 081,Subaccount,630,0,O,O,020,Tokyo Branch,Department,000,Common Department,Department,,,,,,,,
1626,,,,,,118,2021-10-31,,,,,,,,,,,,,,,,,,,,,,,,,,,,,,,,,,,,
1626,2915,1,1,1,1,,,,,,Voucher No. 344 dated 10/31 Anonymized Partner 049,10A100020,Ordinary Deposits,50,MNO Bank Kitakyushu Branch,Subaccount,496770,0,O,O,10A100090,Accounts Receivable,29,Anonymized Partner 049,Subaccount,496770,0,O,O,000,Common Department,Department,000,Common Department,Department,,,,,,,,
1626,2916,1,,1,1,,,,,,Voucher No. 344 dated 10/31 Anonymized Partner 049,10E200690,Service Fees,,,,210,19,S,S,10A100090,Accounts Receivable,29,Anonymized Partner 049,Subaccount,210,0,O,O,050,Kyushu Sales Office,Department,000,Common Department,Department,,,,,,,,
1627,,,,,,119,2021-10-31,,,,,,,,,,,,,,,,,,,,,,,,,,,,,,,,,,,,
1627,2917,1,1,1,1,,,,,,Voucher No. 456 dated 10/31 Anonymized Partner 012,10A100020,Cash,1,Cash,Subaccount,342468,0,O,O,10A100090,Accounts Receivable,10,Anonymized Partner 012,Subaccount,342468,0,O,O,000,Common Department,Department,000,Common Department,Department,,,,,,,,
1628,,,,,,120,2021-10-31,,,,,,,,,,,,,,,,,,,,,,,,,,,,,,,,,,,,
1628,2918,1,,1,1,,,,,,10/1-10/31 period Purchases,10E100130,Merchandise Purchases,,,,50400,4581,S,S,10B100040,Accounts Payable,8,Anonymized Partner 063,Subaccount,50400,0,O,O,010,Sapporo Sales Office,Department,000,Common Department,Department,,,,,,,,
1628,2919,1,,1,1,,,,,,10/1-10/31 period Purchases,10E100130,Merchandise Purchases,,,,119070,10824,S,S,10B100040,Accounts Payable,2,Anonymized Partner 046,Subaccount,119070,0,O,O,010,Sapporo Sales Office,Department,000,Common Department,Department,,,,,,,,
1629,,,,,,121,2021-10-31,,,,,,,,,,,,,,,,,,,,,,,,,,,,,,,,,,,,
1629,2920,1,,1,1,,,,,,10/1-10/31 period Purchases,10E100130,Merchandise Purchases,,,,343980,31270,S,S,10B100040,Accounts Payable,12,Anonymized Partner 059,Subaccount,343980,0,O,O,020,Tokyo Branch,Department,000,Common Department,Department,,,,,,,,
1629,2921,1,,1,1,,,,,,10/1-10/31 period Purchases,10E100130,Merchandise Purchases,,,,6139437,558130,S,S,10B100040,Accounts Payable,1,Anonymized Partner 043,Subaccount,6139437,0,O,O,020,Tokyo Branch,Department,000,Common Department,Department,,,,,,,,
1629,2922,1,,1,1,,,,,,10/1-10/31 period Purchases,10E100130,Merchandise Purchases,,,,4492889,408444,S,S,10B100040,Accounts Payable,11,Anonymized Partner 067,Subaccount,4492889,0,O,O,020,Tokyo Branch,Department,000,Common Department,Department,,,,,,,,
1629,2923,1,,1,1,,,,,,10/1-10/31 period Purchases,10E100130,Merchandise Purchases,,,,3016650,274240,S,S,10B100040,Accounts Payable,14,Anonymized Partner 011,Subaccount,3016650,0,O,O,020,Tokyo Branch,Department,000,Common Department,Department,,,,,,,,
1629,2924,1,,1,1,,,,,,10/1-10/31 period Purchases,10E100130,Merchandise Purchases,,,,3323313,302119,S,S,10B100040,Accounts Payable,3,Anonymized Partner 085,Subaccount,3323313,0,O,O,020,Tokyo Branch,Department,000,Common Department,Department,,,,,,,,
1629,2925,1,,1,1,,,,,,10/1-10/31 period Purchases,10E100130,Merchandise Purchases,,,,912870,82988,S,S,10B100040,Accounts Payable,2,Anonymized Partner 046,Subaccount,912870,0,O,O,020,Tokyo Branch,Department,000,Common Department,Department,,,,,,,,
1629,2926,1,,1,1,,,,,,10/1-10/31 period Purchases,10E100130,Merchandise Purchases,,,,1345680,122334,S,S,10B100040,Accounts Payable,13,Anonymized Partner 027,Subaccount,1345680,0,O,O,020,Tokyo Branch,Department,000,Common Department,Department,,,,,,,,
1629,2927,1,,1,1,,,,,,10/1-10/31 period Purchases,10E100130,Merchandise Purchases,,,,226800,20618,S,S,10B100040,Accounts Payable,8,Anonymized Partner 063,Subaccount,226800,0,O,O,020,Tokyo Branch,Department,000,Common Department,Department,,,,,,,,
1630,,,,,,122,2021-10-31,,,,,,,,,,,,,,,,,,,,,,,,,,,,,,,,,,,,
1630,2928,1,,1,1,,,,,,10/1-10/31 period Purchases,10E100130,Merchandise Purchases,,,,3715740,337794,S,S,10B100040,Accounts Payable,7,Anonymized Partner 048,Subaccount,3715740,0,O,O,030,Nagoya Branch,Department,000,Common Department,Department,,,,,,,,
1630,2929,1,,1,1,,,,,,10/1-10/31 period Purchases,10E100130,Merchandise Purchases,,,,1859340,169030,S,S,10B100040,Accounts Payable,9,Anonymized Partner 029,Subaccount,1859340,0,O,O,030,Nagoya Branch,Department,000,Common Department,Department,,,,,,,,
1630,2930,1,,1,1,,,,,,10/1-10/31 period Purchases,10E100130,Merchandise Purchases,,,,1204980,109543,S,S,10B100040,Accounts Payable,15,Anonymized Partner 074,Subaccount,1204980,0,O,O,030,Nagoya Branch,Department,000,Common Department,Department,,,,,,,,
1630,2931,1,,1,1,,,,,,10/1-10/31 period Purchases,10E100130,Merchandise Purchases,,,,158760,14432,S,S,10B100040,Accounts Payable,2,Anonymized Partner 046,Subaccount,158760,0,O,O,030,Nagoya Branch,Department,000,Common Department,Department,,,,,,,,
1631,,,,,,123,2021-10-31,,,,,,,,,,,,,,,,,,,,,,,,,,,,,,,,,,,,
1631,2932,1,,1,1,,,,,,10/1-10/31 period Purchases,10E100130,Merchandise Purchases,,,,3677354,334304,S,S,10B100040,Accounts Payable,6,Anonymized Partner 054,Subaccount,3677354,0,O,O,040,Osaka Branch,Department,000,Common Department,Department,,,,,,,,
1631,2933,1,,1,1,,,,,,10/1-10/31 period Purchases,10E100130,Merchandise Purchases,,,,3215415,292310,S,S,10B100040,Accounts Payable,10,Anonymized Partner 009,Subaccount,3215415,0,O,O,040,Osaka Branch,Department,000,Common Department,Department,,,,,,,,
1631,2934,1,,1,1,,,,,,10/1-10/31 period Purchases,10E100130,Merchandise Purchases,,,,3923430,356675,S,S,10B100040,Accounts Payable,5,Anonymized Partner 010,Subaccount,3923430,0,O,O,040,Osaka Branch,Department,000,Common Department,Department,,,,,,,,
1631,2935,1,,1,1,,,,,,10/1-10/31 period Purchases,10E100130,Merchandise Purchases,,,,964740,87703,S,S,10B100040,Accounts Payable,4,Anonymized Partner 047,Subaccount,964740,0,O,O,040,Osaka Branch,Department,000,Common Department,Department,,,,,,,,
1631,2936,1,,1,1,,,,,,10/1-10/31 period Purchases,10E100130,Merchandise Purchases,,,,126000,11454,S,S,10B100040,Accounts Payable,8,Anonymized Partner 063,Subaccount,126000,0,O,O,040,Osaka Branch,Department,000,Common Department,Department,,,,,,,,
1631,2937,1,,1,1,,,,,,10/1-10/31 period Purchases,10E100130,Merchandise Purchases,,,,79380,7216,S,S,10B100040,Accounts Payable,2,Anonymized Partner 046,Subaccount,79380,0,O,O,040,Osaka Branch,Department,000,Common Department,Department,,,,,,,,
1632,,,,,,124,2021-10-31,,,,,,,,,,,,,,,,,,,,,,,,,,,,,,,,,,,,
1632,2938,1,,1,1,,,,,,10/1-10/31 period Purchases,10E100130,Merchandise Purchases,,,,79380,7216,S,S,10B100040,Accounts Payable,2,Anonymized Partner 046,Subaccount,79380,0,O,O,050,Kyushu Sales Office,Department,000,Common Department,Department,,,,,,,,
1632,2939,1,,1,1,,,,,,10/1-10/31 period Purchases,10E100130,Merchandise Purchases,,,,20160,1832,S,S,10B100040,Accounts Payable,8,Anonymized Partner 063,Subaccount,20160,0,O,O,050,Kyushu Sales Office,Department,000,Common Department,Department,,,,,,,,
1633,,,,,,125,2021-10-31,,,,,,,,,,,,,,,,,,,,,,,,,,,,,,,,,,,,
1633,2940,1,1,1,1,,,,,,Voucher No. 267 dated 10/31 Anonymized Partner 046,10B100040,Accounts Payable,2,Anonymized Partner 046,Subaccount,1241037,0,O,O,10A100020,Ordinary Deposits,20,ABC Bank Head Office,Subaccount,1241037,0,O,O,000,Common Department,Department,000,Common Department,Department,,,,,,,,
1634,,,,,,126,2021-10-31,,,,,,,,,,,,,,,,,,,,,,,,,,,,,,,,,,,,
1634,2941,1,1,1,,,,,,,Voucher No. 270 dated 10/31 Anonymized Partner 010,10B100040,Accounts Payable,5,Anonymized Partner 010,Subaccount,3730512,0,O,O,10B100030,Notes Payable,,,,3730512,0,O,O,000,Common Department,Department,000,Common Department,Department,,,,,,,,
1635,,,,,,127,2021-10-31,,,,,,,,,,,,,,,,,,,,,,,,,,,,,,,,,,,,
1635,2942,1,1,1,1,,,,,,Voucher No. 272 dated 10/31 Anonymized Partner 048,10B100040,Accounts Payable,7,Anonymized Partner 048,Subaccount,3447035,0,O,O,10A100020,Ordinary Deposits,20,ABC Bank Head Office,Subaccount,3447035,0,O,O,000,Common Department,Department,000,Common Department,Department,,,,,,,,
1636,,,,,,128,2021-10-31,,,,,,,,,,,,,,,,,,,,,,,,,,,,,,,,,,,,
1636,2943,1,1,1,,,,,,,Voucher No. 277 dated 10/31 Anonymized Partner 029,10B100040,Accounts Payable,9,Anonymized Partner 029,Subaccount,1819272,0,O,O,10B100030,Notes Payable,,,,1819272,0,O,O,000,Common Department,Department,000,Common Department,Department,,,,,,,,
1637,,,,,,129,2021-10-31,,,,,,,,,,,,,,,,,,,,,,,,,,,,,,,,,,,,
1637,2944,1,1,1,,,,,,,Voucher No. 280 dated 10/31 Anonymized Partner 009,10B100040,Accounts Payable,10,Anonymized Partner 009,Subaccount,3051222,0,O,O,10B100030,Notes Payable,,,,3051222,0,O,O,000,Common Department,Department,000,Common Department,Department,,,,,,,,
1638,,,,,,130,2021-10-31,,,,,,,,,,,,,,,,,,,,,,,,,,,,,,,,,,,,
1638,2945,1,1,1,1,,,,,,Voucher No. 281 dated 10/31 Anonymized Partner 059,10B100040,Accounts Payable,12,Anonymized Partner 059,Subaccount,316537,0,O,O,10A100020,Ordinary Deposits,20,ABC Bank Head Office,Subaccount,316537,0,O,O,000,Common Department,Department,000,Common Department,Department,,,,,,,,
1639,,,,,,131,2021-10-31,,,,,,,,,,,,,,,,,,,,,,,,,,,,,,,,,,,,
1639,2946,1,1,1,1,,,,,,Voucher No. 283 dated 10/31 Anonymized Partner 027,10B100040,Accounts Payable,13,Anonymized Partner 027,Subaccount,1317476,0,O,O,10A100020,Ordinary Deposits,20,ABC Bank Head Office,Subaccount,1317476,0,O,O,000,Common Department,Department,000,Common Department,Department,,,,,,,,
1640,,,,,,132,2021-10-31,,,,,,,,,,,,,,,,,,,,,,,,,,,,,,,,,,,,
1640,2947,1,1,1,1,,,,,,Voucher No. 284 dated 10/31 Anonymized Partner 011,10B100040,Accounts Payable,14,Anonymized Partner 011,Subaccount,2868702,0,O,O,10A100020,Ordinary Deposits,20,ABC Bank Head Office,Subaccount,2868702,0,O,O,000,Common Department,Department,000,Common Department,Department,,,,,,,,
1641,,,,,,133,2021-10-31,,,,,,,,,,,,,,,,,,,,,,,,,,,,,,,,,,,,
1641,2948,1,1,1,1,,,,,,Voucher No. 287 dated 10/31 Anonymized Partner 074,10B100040,Accounts Payable,15,Anonymized Partner 074,Subaccount,1178376,0,O,O,10A100020,Ordinary Deposits,20,ABC Bank Head Office,Subaccount,1178376,0,O,O,000,Common Department,Department,000,Common Department,Department,,,,,,,,
1642,,,,,,135,2021-10-31,,,,,,,,,,,,,,,,,,,,,,,,,,,,,,,,,,,,
1642,2949,1,,1,1,,,,,,Note due date settlement Anonymized Partner 010,10B100030,Notes Payable,,,,3725574,0,O,O,10A100020,Checking Deposits,1,ABC Bank,Subaccount,3725574,0,O,O,000,Common Department,Department,000,Common Department,Department,,,,,,,,
1642,2950,1,,1,1,,,,,,Note due date settlement Anonymized Partner 029,10B100030,Notes Payable,,,,1712425,0,O,O,10A100020,Checking Deposits,1,ABC Bank,Subaccount,1712425,0,O,O,000,Common Department,Department,000,Common Department,Department,,,,,,,,
1642,2951,1,,1,1,,,,,,Note due date settlement Anonymized Partner 009,10B100030,Notes Payable,,,,3060500,0,O,O,10A100020,Checking Deposits,1,ABC Bank,Subaccount,3060500,0,O,O,000,Common Department,Department,000,Common Department,Department,,,,,,,,
1643,,,,,,137,2021-10-31,,,,,,,,,,,,,,,,,,,,,,,,,,,,,,,,,,,,
1643,2952,1,1,1,,,,,,,Note maturity Anonymized Partner 057 | Note number=R20210725-109-2;Receipt amount corrected to settlement amount,10A100020,Checking Deposits,1,ABC Bank,Subaccount,14026610,0,O,O,10A100060,Notes Receivable,,,,14026610,0,O,O,000,Common Department,Department,000,Common Department,Department,,,,,,,,
1644,,,,,,138,2021-10-31,,,,,,,,,,,,,,,,,,,,,,,,,,,,,,,,,,,,
1644,2953,1,1,1,,,,,,,Note maturity Anonymized Partner 072 | Note number=R20210810-88-28;Receipt amount corrected to settlement amount,10A100020,Checking Deposits,1,ABC Bank,Subaccount,6131174,0,O,O,10A100060,Notes Receivable,,,,6131174,0,O,O,000,Common Department,Department,000,Common Department,Department,,,,,,,,
1645,,,,,,140,2021-10-31,,,,,,,,,,,,,,,,,,,,,,,,,,,,,,,,,,,,
1645,2954,1,1,1,,,,,,,Loan repayment received,10A100020,Ordinary Deposits,20,ABC Bank Head Office,Subaccount,40000,0,O,O,10A100610,Short-term Loans Receivable,,,,40000,0,O,O,000,Common Department,Department,000,Common Department,Department,,,,,,,,
1646,,,,,,141,2021-10-31,,,,,,,,,,,,,,,,,,,,,,,,,,,,,,,,,,,,
1646,2955,1,1,1,1,,,,,,Installment savings,10A100020,Installment Savings,4,Installment Savings,Subaccount,500000,0,O,O,10A100020,Ordinary Deposits,20,ABC Bank Head Office,Subaccount,625000,0,O,O,000,Common Department,Department,000,Common Department,Department,,,,,,,,
1646,2956,1,,,,,,,,,Insurance Reserve Deposits,10A230570,Insurance Reserve Deposits,,,,125000,0,O,O,,,,,,,,,,000,Common Department,Department,,,,,,,,,,,
1647,,,,,,142,2021-10-31,,,,,,,,,,,,,,,,,,,,,,,,,,,,,,,,,,,,
1647,2957,1,,1,1,,,,,,Loan repayment,10B100790,Short-term Borrowings,,,,653500,0,O,O,10A100020,Checking Deposits,1,ABC Bank,Subaccount,686175,0,O,O,000,Common Department,Department,000,Common Department,Department,,,,,,,,
1647,2958,1,,,,,,,,,Interest,10E300020,Interest Expense,,,,32675,0,E,E,,,,,,,,,,020,Tokyo Branch,Department,,,,,,,,,,,
1648,,,,,,145,2021-10-31,,,,,,,,,,,,,,,,,,,,,,,,,,,,,,,,,,,,
1648,2959,1,,1,,,,,,,Freight Expenses,10E200870,Freight Expenses,,,,152700,13881,S,S,10B100630,Accounts Payable Other,,,,152700,0,O,O,050,Kyushu Sales Office,Department,000,Common Department,Department,,,,,,,,
1649,,,,,,990007,2021-10-31,,,,,,,,,,,,,,,,,,,,,,,,,,,,,,,,,,,,
1649,2960,1,,1,,,,,,,Sample definition: Semiannual bonus accrual allocated evenly 202110 Department010,10E200130,Bonuses,,,,190000,0,O,O,10B100320,Provision for Bonuses,,,,190000,0,O,O,010,Sapporo Sales Office,Department,010,Sapporo Sales Office,Department,,,,,,,,
1649,2961,1,,1,,,,,,,Sample definition: Semiannual bonus accrual allocated evenly 202110 Department020,10E200130,Bonuses,,,,451667,0,O,O,10B100320,Provision for Bonuses,,,,451667,0,O,O,020,Tokyo Branch,Department,020,Tokyo Branch,Department,,,,,,,,
1649,2962,1,,1,,,,,,,Sample definition: Semiannual bonus accrual allocated evenly 202110 Department030,10E200130,Bonuses,,,,178333,0,O,O,10B100320,Provision for Bonuses,,,,178333,0,O,O,030,Nagoya Branch,Department,030,Nagoya Branch,Department,,,,,,,,
1649,2963,1,,1,,,,,,,Sample definition: Semiannual bonus accrual allocated evenly 202110 Department040,10E200130,Bonuses,,,,216667,0,O,O,10B100320,Provision for Bonuses,,,,216667,0,O,O,040,Osaka Branch,Department,040,Osaka Branch,Department,,,,,,,,
1649,2964,1,,1,,,,,,,Sample definition: Semiannual bonus accrual allocated evenly 202110 Department050,10E200130,Bonuses,,,,136667,0,O,O,10B100320,Provision for Bonuses,,,,136667,0,O,O,050,Kyushu Sales Office,Department,050,Kyushu Sales Office,Department,,,,,,,,
