JP07a,JP08a,BS04fb,JP05a,BS04fc,JP05b,JP07a_GL03_01,JP07a_GL03_03,GL05c_01,GE23c_01,GE09eR_01,JP08a_GL04_03,JP06e_GE24_01,JP06e_GE24_02,JP05a_01,JP05a_02,JP05a_03,GE05ku_01,GE05kw_01,JP02j_BS09_01,JP02j_BS09_02,JP06f_GE24_01,JP06f_GE24_02,JP05b_01,JP05b_02,JP05b_03,GE05kz_01,GE05kB_01,JP02k_BS09_01,JP02k_BS09_02,BS04fb_01,BS04fb_02,BS04fb_03,BS04fc_01,BS04fc_02,BS04fc_03,Data_Scope,Document_ID,Document_Type,Document_Number,Related_Document_ID,Related_Document_Type,Related_Document_Number,Settlement_Scheduled_Month
1183,,,,,,56,2021-09-01,,,,,,,,,,,,,,,,,,,,,,,,,,,,,,,,,,,,
1183,2152,1,,1,1,,,,,,Travel expense,10E201230,Travel and Transportation Expenses,,,,30980,2816,S,S,10A100020,Cash,1,Cash,Subaccount,30980,0,O,O,020,Tokyo Branch,Department,000,Common Department,Department,,,,,,,,
1184,,,,,,84,2021-09-01,,,,,,,,,,,,,,,,,,,,,,,,,,,,,,,,,,,,
1184,2153,1,,1,1,,,,,,Anonymized Railway Company A expense,10E201230,Travel and Transportation Expenses,,,,5200,472,S,S,10A100020,Cash,1,Cash,Subaccount,5200,0,O,O,030,Nagoya Branch,Department,000,Common Department,Department,,,,,,,,
1185,,,,,,19,2021-09-02,,,,,,,,,,,,,,,,,,,,,,,,,,,,,,,,,,,,
1185,2154,1,,1,1,,,,,,Travel expense,10E201230,Travel and Transportation Expenses,,,,16870,1533,S,S,10A100020,Cash,1,Cash,Subaccount,16870,0,O,O,010,Sapporo Sales Office,Department,000,Common Department,Department,,,,,,,,
1186,,,,,,57,2021-09-02,,,,,,,,,,,,,,,,,,,,,,,,,,,,,,,,,,,,
1186,2155,1,,1,1,,,,,,Anonymized Railway Company A expense,10E201230,Travel and Transportation Expenses,,,,88880,8080,S,S,10A100020,Cash,1,Cash,Subaccount,88880,0,O,O,020,Tokyo Branch,Department,000,Common Department,Department,,,,,,,,
1187,,,,,,70,2021-09-02,,,,,,,,,,,,,,,,,,,,,,,,,,,,,,,,,,,,
1187,2156,1,,1,1,,,,,,Tea expense,10E201270,Miscellaneous Expenses,,,,1129,102,S,S,10A100020,Cash,1,Cash,Subaccount,1129,0,O,O,040,Osaka Branch,Department,000,Common Department,Department,,,,,,,,
1188,,,,,,76,2021-09-02,,,,,,,,,,,,,,,,,,,,,,,,,,,,,,,,,,,,
1188,2157,1,,1,,,,,,,Uniform expense,10E200140,Employee Welfare Expenses,,,,56000,5090,S,S,10B100630,Accounts Payable Other,,,,56000,0,O,O,020,Tokyo Branch,Department,000,Common Department,Department,,,,,,,,
1189,,,,,,94,2021-09-02,,,,,,,,,,,,,,,,,,,,,,,,,,,,,,,,,,,,
1189,2158,1,,1,1,,,,,,Detergent and others,10E201270,Miscellaneous Expenses,,,,795,72,S,S,10A100020,Cash,1,Cash,Subaccount,795,0,O,O,030,Nagoya Branch,Department,000,Common Department,Department,,,,,,,,
1190,,,,,,150,2021-09-02,,,,,,,,,,,,,,,,,,,,,,,,,,,,,,,,,,,,
1190,2159,1,,1,1,,,,,,Meal expense Anonymized Store 088 2 people,10E200150,Entertainment Expenses,,,,4350,395,S,S,10A100020,Cash,1,Cash,Subaccount,4350,0,O,O,050,Kyushu Sales Office,Department,000,Common Department,Department,,,,,,,,
1191,,,,,,151,2021-09-02,,,,,,,,,,,,,,,,,,,,,,,,,,,,,,,,,,,,
1191,2160,1,,1,1,,,,,,Meal expense Anonymized Store 029 2 people,10E200150,Entertainment Expenses,,,,7315,665,S,S,10A100020,Cash,1,Cash,Subaccount,20939,0,O,O,040,Osaka Branch,Department,000,Common Department,Department,,,,,,,,
1191,2161,1,,,,,,,,,Meal expense Anonymized Store 061 3 people,10E200150,Entertainment Expenses,,,,13624,1238,S,S,,,,,,,,,,040,Osaka Branch,Department,,,,,,,,,,,
1192,,,,,,159,2021-09-02,,,,,,,,,,,,,,,,,,,,,,,,,,,,,,,,,,,,
1192,2162,1,,1,1,,,,,,taxi expense,10E201230,Travel and Transportation Expenses,,,,4650,422,S,S,10A100020,Cash,1,Cash,Subaccount,4650,0,O,O,050,Kyushu Sales Office,Department,000,Common Department,Department,,,,,,,,
1193,,,,,,164,2021-09-02,,,,,,,,,,,,,,,,,,,,,,,,,,,,,,,,,,,,
1193,2163,1,,1,1,,,,,,office supplies,10E201110,Office Supplies Expenses,,,,3105,282,S,S,10A100020,Cash,1,Cash,Subaccount,3105,0,O,O,050,Kyushu Sales Office,Department,000,Common Department,Department,,,,,,,,
1194,,,,,,18,2021-09-03,,,,,,,,,,,,,,,,,,,,,,,,,,,,,,,,,,,,
1194,2164,1,,1,1,,,,,,Travel expense,10E201230,Travel and Transportation Expenses,,,,16780,1525,S,S,10A100020,Cash,1,Cash,Subaccount,16780,0,O,O,010,Sapporo Sales Office,Department,000,Common Department,Department,,,,,,,,
1195,,,,,,50,2021-09-03,,,,,,,,,,,,,,,,,,,,,,,,,,,,,,,,,,,,
1195,2165,1,,1,1,,,,,,Parking fee,10E201120,Vehicle Expenses,,,,600,54,S,S,10A100020,Cash,1,Cash,Subaccount,600,0,O,O,020,Tokyo Branch,Department,000,Common Department,Department,,,,,,,,
1196,,,,,,69,2021-09-03,,,,,,,,,,,,,,,,,,,,,,,,,,,,,,,,,,,,
1196,2166,1,,1,1,,,,,,tissues expense,10E201270,Miscellaneous Expenses,,,,1203,109,S,S,10A100020,Cash,1,Cash,Subaccount,1203,0,O,O,020,Tokyo Branch,Department,000,Common Department,Department,,,,,,,,
1197,,,,,,134,2021-09-03,,,,,,,,,,,,,,,,,,,,,,,,,,,,,,,,,,,,
1197,2167,1,,1,1,,,,,,Paper,10E201110,Office Supplies Expenses,,,,13700,1245,S,S,10A100020,Cash,1,Cash,Subaccount,13700,0,O,O,010,Sapporo Sales Office,Department,000,Common Department,Department,,,,,,,,
1198,,,,,,16,2021-09-04,,,,,,,,,,,,,,,,,,,,,,,,,,,,,,,,,,,,
1198,2168,1,,1,1,,,,,,Parking fee,10E201120,Vehicle Expenses,,,,530,48,S,S,10A100020,Cash,1,Cash,Subaccount,6481,0,O,O,010,Sapporo Sales Office,Department,000,Common Department,Department,,,,,,,,
1198,2169,1,,,,,,,,,Gasoline,10E201120,Vehicle Expenses,,,,5951,541,S,S,,,,,,,,,,010,Sapporo Sales Office,Department,,,,,,,,,,,
1199,,,,,,147,2021-09-04,,,,,,,,,,,,,,,,,,,,,,,,,,,,,,,,,,,,
1199,2170,1,,1,,,,,,,Gasoline,10E201120,Vehicle Expenses,,,,68420,6220,S,S,10B100630,Accounts Payable Other,,,,68420,0,O,O,050,Kyushu Sales Office,Department,000,Common Department,Department,,,,,,,,
1200,,,,,,91,2021-09-05,,,,,,,,,,,,,,,,,,,,,,,,,,,,,,,,,,,,
1200,2171,1,1,1,1,,,,,,Voucher No. 299 dated 9/5 Anonymized Partner 070,10A100020,Ordinary Deposits,50,MNO Bank Kitakyushu Branch,Subaccount,746472,0,O,O,10A100090,Accounts Receivable,22,Anonymized Partner 070,Subaccount,746472,0,O,O,000,Common Department,Department,000,Common Department,Department,,,,,,,,
1200,2172,1,,1,1,,,,,,Voucher No. 299 dated 9/5 Anonymized Partner 070,10E200690,Service Fees,,,,472,42,S,S,10A100090,Accounts Receivable,22,Anonymized Partner 070,Subaccount,472,0,O,O,050,Kyushu Sales Office,Department,000,Common Department,Department,,,,,,,,
1201,,,,,,92,2021-09-05,,,,,,,,,,,,,,,,,,,,,,,,,,,,,,,,,,,,
1201,2173,1,1,1,1,,,,,,Voucher No. 300 dated 9/5 Anonymized Partner 082,10A100020,Ordinary Deposits,20,ABC Bank Head Office,Subaccount,919168,0,O,O,10A100090,Accounts Receivable,26,Anonymized Partner 082,Subaccount,919168,0,O,O,000,Common Department,Department,000,Common Department,Department,,,,,,,,
1201,2174,1,,1,1,,,,,,Voucher No. 300 dated 9/5 Anonymized Partner 082,10E200690,Service Fees,,,,472,42,S,S,10A100090,Accounts Receivable,26,Anonymized Partner 082,Subaccount,472,0,O,O,020,Tokyo Branch,Department,000,Common Department,Department,,,,,,,,
1202,,,,,,93,2021-09-05,,,,,,,,,,,,,,,,,,,,,,,,,,,,,,,,,,,,
1202,2175,1,1,1,1,,,,,,Voucher No. 301 dated 9/5 Anonymized Partner 025,10A100020,Ordinary Deposits,30,GHI Bank Nagoya Branch,Subaccount,1695610,0,O,O,10A100090,Accounts Receivable,27,Anonymized Partner 025,Subaccount,1695610,0,O,O,000,Common Department,Department,000,Common Department,Department,,,,,,,,
1203,,,,,,142,2021-09-05,,,,,,,,,,,,,,,,,,,,,,,,,,,,,,,,,,,,
1203,2176,1,,1,1,,,,,,Gasoline,10E201120,Vehicle Expenses,,,,7290,662,S,S,10A100020,Cash,1,Cash,Subaccount,12243,0,O,O,040,Osaka Branch,Department,000,Common Department,Department,,,,,,,,
1203,2177,1,,,,,,,,,Car wash expense,10E201120,Vehicle Expenses,,,,1905,173,S,S,,,,,,,,,,040,Osaka Branch,Department,,,,,,,,,,,
1203,2178,1,,,,,,,,,Parking fee,10E201120,Vehicle Expenses,,,,3048,277,S,S,,,,,,,,,,040,Osaka Branch,Department,,,,,,,,,,,
1204,,,,,,10,2021-09-06,,,,,,,,,,,,,,,,,,,,,,,,,,,,,,,,,,,,
1204,2179,1,,1,1,,,,,,Gasoline,10E201120,Vehicle Expenses,,,,4224,384,S,S,10A100020,Cash,1,Cash,Subaccount,4224,0,O,O,010,Sapporo Sales Office,Department,000,Common Department,Department,,,,,,,,
1205,,,,,,42,2021-09-06,,,,,,,,,,,,,,,,,,,,,,,,,,,,,,,,,,,,
1205,2180,1,,1,1,,,,,,Cof fee expense 2 people,10E200150,Entertainment Expenses,,,,1260,114,S,S,10A100020,Cash,1,Cash,Subaccount,1260,0,O,O,020,Tokyo Branch,Department,000,Common Department,Department,,,,,,,,
1206,,,,,,43,2021-09-06,,,,,,,,,,,,,,,,,,,,,,,,,,,,,,,,,,,,
1206,2181,1,,1,1,,,,,,Meal expense Anonymized Store 030 2 people,10E200150,Entertainment Expenses,,,,4120,374,S,S,10A100020,Cash,1,Cash,Subaccount,4120,0,O,O,020,Tokyo Branch,Department,000,Common Department,Department,,,,,,,,
1207,,,,,,110,2021-09-06,,,,,,,,,,,,,,,,,,,,,,,,,,,,,,,,,,,,
1207,2182,1,,1,1,,,,,,taxi expense,10E201230,Travel and Transportation Expenses,,,,2290,208,S,S,10A100020,Cash,1,Cash,Subaccount,2290,0,O,O,040,Osaka Branch,Department,000,Common Department,Department,,,,,,,,
1208,,,,,,133,2021-09-06,,,,,,,,,,,,,,,,,,,,,,,,,,,,,,,,,,,,
1208,2183,1,,1,1,,,,,,Tax accountant fee,10E200600,Professional Fees,,,,139710,12700,S,S,10A100020,Ordinary Deposits,20,ABC Bank Head Office,Subaccount,139710,0,O,O,020,Tokyo Branch,Department,000,Common Department,Department,,,,,,,,
1209,,,,,,21,2021-09-07,,,,,,,,,,,,,,,,,,,,,,,,,,,,,,,,,,,,
1209,2184,1,,1,1,,,,,,Anonymized Railway Company A expense,10E201230,Travel and Transportation Expenses,,,,69500,6318,S,S,10A100020,Cash,1,Cash,Subaccount,69500,0,O,O,010,Sapporo Sales Office,Department,000,Common Department,Department,,,,,,,,
1210,,,,,,22,2021-09-07,,,,,,,,,,,,,,,,,,,,,,,,,,,,,,,,,,,,
1210,2185,1,,1,1,,,,,,Travel expense,10E201230,Travel and Transportation Expenses,,,,50000,4545,S,S,10A100020,Cash,1,Cash,Subaccount,50000,0,O,O,010,Sapporo Sales Office,Department,000,Common Department,Department,,,,,,,,
1211,,,,,,9,2021-09-08,,,,,,,,,,,,,,,,,,,,,,,,,,,,,,,,,,,,
1211,2186,1,,1,1,,,,,,Cof fee expense 2 people,10E200150,Entertainment Expenses,,,,1400,127,S,S,10A100020,Cash,1,Cash,Subaccount,1400,0,O,O,010,Sapporo Sales Office,Department,000,Common Department,Department,,,,,,,,
1212,,,,,,20,2021-09-09,,,,,,,,,,,,,,,,,,,,,,,,,,,,,,,,,,,,
1212,2187,1,,1,1,,,,,,Travel expense,10E201230,Travel and Transportation Expenses,,,,38970,3542,S,S,10A100020,Cash,1,Cash,Subaccount,38970,0,O,O,010,Sapporo Sales Office,Department,000,Common Department,Department,,,,,,,,
1213,,,,,,148,2021-09-09,,,,,,,,,,,,,,,,,,,,,,,,,,,,,,,,,,,,
1213,2188,1,,1,1,,,,,,Gasoline,10E201120,Vehicle Expenses,,,,6865,624,S,S,10A100020,Cash,1,Cash,Subaccount,9151,0,O,O,050,Kyushu Sales Office,Department,000,Common Department,Department,,,,,,,,
1213,2189,1,,,,,,,,,Expressway toll,10E201120,Vehicle Expenses,,,,2286,207,S,S,,,,,,,,,,050,Kyushu Sales Office,Department,,,,,,,,,,,
1214,,,,,,44,2021-09-10,,,,,,,,,,,,,,,,,,,,,,,,,,,,,,,,,,,,
1214,2190,1,,1,1,,,,,,Gift expense Anonymized Store 058,10E200150,Entertainment Expenses,,,,2540,230,S,S,10A100020,Cash,1,Cash,Subaccount,2540,0,O,O,020,Tokyo Branch,Department,000,Common Department,Department,,,,,,,,
1215,,,,,,62,2021-09-10,,,,,,,,,,,,,,,,,,,,,,,,,,,,,,,,,,,,
1215,2191,1,1,1,1,,,,,,Withholding Tax payment,10B100690,Deposits Received,3,Withholding Tax,Subaccount,260493,0,O,O,10A100020,Ordinary Deposits,20,ABC Bank Head Office,Subaccount,709993,0,O,O,000,Common Department,Department,000,Common Department,Department,,,,,,,,
1215,2192,1,1,,,,,,,,Resident Tax payment,10B100690,Deposits Received,2,Resident Tax,Subaccount,449500,0,O,O,,,,,,,,,,000,Common Department,Department,,,,,,,,,,,
1216,,,,,,66,2021-09-10,,,,,,,,,,,,,,,,,,,,,,,,,,,,,,,,,,,,
1216,2193,1,,1,,,,,,,Wired service fee,10E201270,Miscellaneous Expenses,,,,5000,454,S,S,10B100630,Accounts Payable Other,,,,39286,0,O,O,010,Sapporo Sales Office,Department,000,Common Department,Department,,,,,,,,
1216,2194,1,,,,,,,,,Security fee,10E201270,Miscellaneous Expenses,,,,34286,3116,S,S,,,,,,,,,,010,Sapporo Sales Office,Department,,,,,,,,,,,
1217,,,,,,73,2021-09-10,,,,,,,,,,,,,,,,,,,,,,,,,,,,,,,,,,,,
1217,2195,1,,1,1,,,,,,golf play expense,10E200150,Entertainment Expenses,,,,18600,1690,S,S,10A100020,Cash,1,Cash,Subaccount,18600,0,O,O,020,Tokyo Branch,Department,000,Common Department,Department,,,,,,,,
1218,,,,,,81,2021-09-10,,,,,,,,,,,,,,,,,,,,,,,,,,,,,,,,,,,,
1218,2196,1,,1,1,,,,,,Gasoline,10E201120,Vehicle Expenses,,,,4931,448,S,S,10A100020,Cash,1,Cash,Subaccount,5503,0,O,O,050,Kyushu Sales Office,Department,000,Common Department,Department,,,,,,,,
1218,2197,1,,,,,,,,,Parking fee,10E201120,Vehicle Expenses,,,,572,52,S,S,,,,,,,,,,050,Kyushu Sales Office,Department,,,,,,,,,,,
1219,,,,,,85,2021-09-10,,,,,,,,,,,,,,,,,,,,,,,,,,,,,,,,,,,,
1219,2198,1,,1,1,,,,,,Telephone expense,10E200180,Communication Expenses,,,,69152,6286,S,S,10A100020,Ordinary Deposits,30,GHI Bank Nagoya Branch,Subaccount,69152,0,O,O,030,Nagoya Branch,Department,000,Common Department,Department,,,,,,,,
1219,2199,1,,1,1,,,,,,Anonymized Railway Company A expense,10E201230,Travel and Transportation Expenses,,,,6000,545,S,S,10A100020,Cash,1,Cash,Subaccount,6000,0,O,O,030,Nagoya Branch,Department,000,Common Department,Department,,,,,,,,
1220,,,,,,94,2021-09-10,,,,,,,,,,,,,,,,,,,,,,,,,,,,,,,,,,,,
1220,2200,1,1,1,1,,,,,,Voucher No. 302 dated 9/10 Anonymized Partner 045,10A100020,Ordinary Deposits,30,GHI Bank Nagoya Branch,Subaccount,5816357,0,O,O,10A100090,Accounts Receivable,19,Anonymized Partner 045,Subaccount,5816357,0,O,O,000,Common Department,Department,000,Common Department,Department,,,,,,,,
1220,2201,1,,1,1,,,,,,Voucher No. 302 dated 9/10 Anonymized Partner 045,10E200690,Service Fees,,,,735,66,S,S,10A100090,Accounts Receivable,19,Anonymized Partner 045,Subaccount,735,0,O,O,030,Nagoya Branch,Department,000,Common Department,Department,,,,,,,,
1221,,,,,,95,2021-09-10,,,,,,,,,,,,,,,,,,,,,,,,,,,,,,,,,,,,
1221,2202,1,,1,1,,,,,,Voucher No. 303 dated 9/10 Anonymized Partner 072 | Sales voucher=20210831-113;Note number=R20210910-95-28,10A100060,Notes Receivable,,,,6477499,0,O,O,10A100090,Accounts Receivable,28,Anonymized Partner 072,Subaccount,6477499,0,O,O,000,Common Department,Department,000,Common Department,Department,,,,,,,,
1222,,,,,,96,2021-09-10,,,,,,,,,,,,,,,,,,,,,,,,,,,,,,,,,,,,
1222,2203,1,1,1,1,,,,,,Voucher No. 477 dated 9/10 Anonymized Partner 085,10B100040,Accounts Payable,3,Anonymized Partner 085,Subaccount,558315,0,O,O,10A100090,Accounts Receivable,3,Anonymized Partner 085,Subaccount,558315,0,O,O,000,Common Department,Department,000,Common Department,Department,,,,,,,,
1223,,,,,,97,2021-09-10,,,,,,,,,,,,,,,,,,,,,,,,,,,,,,,,,,,,
1223,2204,1,1,1,1,,,,,,Voucher No. 499 dated 9/10 Anonymized Partner 066 Tokyo Head Office,10A100020,Ordinary Deposits,20,ABC Bank Head Office,Subaccount,8086297,0,O,O,10A100090,Accounts Receivable,14,Anonymized Partner 066,Subaccount,8086297,0,O,O,000,Common Department,Department,000,Common Department,Department,,,,,,,,
1223,2205,1,,1,1,,,,,,Voucher No. 499 dated 9/10 Anonymized Partner 066 Tokyo Head Office,10E200690,Service Fees,,,,840,76,S,S,10A100090,Accounts Receivable,14,Anonymized Partner 066,Subaccount,840,0,O,O,020,Tokyo Branch,Department,000,Common Department,Department,,,,,,,,
1224,,,,,,98,2021-09-10,,,,,,,,,,,,,,,,,,,,,,,,,,,,,,,,,,,,
1224,2206,1,1,1,,,,,,,Voucher No. 220 dated 9/10 Anonymized Partner 085,10B100040,Accounts Payable,3,Anonymized Partner 085,Subaccount,2692850,0,O,O,10B100030,Notes Payable,,,,2692850,0,O,O,000,Common Department,Department,000,Common Department,Department,,,,,,,,
1225,,,,,,99,2021-09-10,,,,,,,,,,,,,,,,,,,,,,,,,,,,,,,,,,,,
1225,2207,1,1,1,1,,,,,,Voucher No. 222 dated 9/10 Anonymized Partner 063,10B100040,Accounts Payable,8,Anonymized Partner 063,Subaccount,414892,0,O,O,10A100020,Ordinary Deposits,20,ABC Bank Head Office,Subaccount,414892,0,O,O,000,Common Department,Department,000,Common Department,Department,,,,,,,,
1226,,,,,,103,2021-09-10,,,,,,,,,,,,,,,,,,,,,,,,,,,,,,,,,,,,
1226,2208,1,,1,1,,,,,,Get-well gift expense,10E200150,Entertainment Expenses,,,,10000,909,S,S,10A100020,Cash,1,Cash,Subaccount,10000,0,O,O,040,Osaka Branch,Department,000,Common Department,Department,,,,,,,,
1227,,,,,,142,2021-09-10,,,,,,,,,,,,,,,,,,,,,,,,,,,,,,,,,,,,
1227,2209,1,,1,1,,,,,,Note due date settlement Anonymized Partner 085,10B100030,Notes Payable,,,,2653685,0,O,O,10A100020,Checking Deposits,1,ABC Bank,Subaccount,2653685,0,O,O,000,Common Department,Department,000,Common Department,Department,,,,,,,,
1228,,,,,,143,2021-09-10,,,,,,,,,,,,,,,,,,,,,,,,,,,,,,,,,,,,
1228,2210,1,,1,1,,,,,,Inspection service fee,10E201120,Vehicle Expenses,,,,22000,2000,S,S,10A100020,Cash,1,Cash,Subaccount,22000,0,O,O,040,Osaka Branch,Department,000,Common Department,Department,,,,,,,,
1229,,,,,,162,2021-09-10,,,,,,,,,,,,,,,,,,,,,,,,,,,,,,,,,,,,
1229,2211,1,,1,1,,,,,,Meeting Meal expense,10E201130,Meeting Expenses,,,,24995,2272,S,S,10A100020,Cash,1,Cash,Subaccount,24995,0,O,O,020,Tokyo Branch,Department,000,Common Department,Department,,,,,,,,
1230,,,,,,168,2021-09-10,,,,,,,,,,,,,,,,,,,,,,,,,,,,,,,,,,,,
1230,2212,1,,1,,,,,,,Wired service fee,10E201270,Miscellaneous Expenses,,,,6000,545,S,S,10B100630,Accounts Payable Other,,,,48858,0,O,O,050,Kyushu Sales Office,Department,000,Common Department,Department,,,,,,,,
1230,2213,1,,,,,,,,,Security fee,10E201270,Miscellaneous Expenses,,,,42858,3896,S,S,,,,,,,,,,050,Kyushu Sales Office,Department,,,,,,,,,,,
1231,,,,,,23,2021-09-11,,,,,,,,,,,,,,,,,,,,,,,,,,,,,,,,,,,,
1231,2214,1,,1,1,,,,,,Travel expense,10E201230,Travel and Transportation Expenses,,,,28448,2586,S,S,10A100020,Cash,1,Cash,Subaccount,101440,0,O,O,010,Sapporo Sales Office,Department,000,Common Department,Department,,,,,,,,
1231,2215,1,,,,,,,,,Travel expense,10E201230,Travel and Transportation Expenses,,,,33181,3016,S,S,,,,,,,,,,010,Sapporo Sales Office,Department,,,,,,,,,,,
1231,2216,1,,,,,,,,,Travel expense,10E201230,Travel and Transportation Expenses,,,,39811,3619,S,S,,,,,,,,,,010,Sapporo Sales Office,Department,,,,,,,,,,,
1232,,,,,,33,2021-09-11,,,,,,,,,,,,,,,,,,,,,,,,,,,,,,,,,,,,
1232,2217,1,,1,1,,,,,,Rent payment,10E200720,Rent Expenses,,,,320000,29090,S,S,10A100020,Ordinary Deposits,10,DEF Bank Station Branch,Subaccount,320000,0,O,O,010,Sapporo Sales Office,Department,000,Common Department,Department,,,,,,,,
1232,2218,1,,1,1,,,,,,Telephone expense,10E200180,Communication Expenses,,,,169240,15385,S,S,10A100020,Ordinary Deposits,10,DEF Bank Station Branch,Subaccount,169240,0,O,O,010,Sapporo Sales Office,Department,000,Common Department,Department,,,,,,,,
1233,,,,,,45,2021-09-11,,,,,,,,,,,,,,,,,,,,,,,,,,,,,,,,,,,,
1233,2219,1,,1,1,,,,,,Meal expense Anonymized Store 078 4 people,10E200150,Entertainment Expenses,,,,17360,1578,S,S,10A100020,Cash,1,Cash,Subaccount,17360,0,O,O,020,Tokyo Branch,Department,000,Common Department,Department,,,,,,,,
1234,,,,,,58,2021-09-11,,,,,,,,,,,,,,,,,,,,,,,,,,,,,,,,,,,,
1234,2220,1,,1,1,,,,,,Travel expense,10E201230,Travel and Transportation Expenses,,,,90200,8200,S,S,10A100020,Cash,1,Cash,Subaccount,90200,0,O,O,020,Tokyo Branch,Department,000,Common Department,Department,,,,,,,,
1235,,,,,,63,2021-09-11,,,,,,,,,,,,,,,,,,,,,,,,,,,,,,,,,,,,
1235,2221,1,,1,1,,,,,,Rent payment,10E200720,Rent Expenses,,,,1260000,114545,S,S,10A100020,Ordinary Deposits,20,ABC Bank Head Office,Subaccount,1260000,0,O,O,020,Tokyo Branch,Department,000,Common Department,Department,,,,,,,,
1236,,,,,,64,2021-09-11,,,,,,,,,,,,,,,,,,,,,,,,,,,,,,,,,,,,
1236,2222,1,,1,1,,,,,,Rent payment,10E200720,Rent Expenses,,,,840000,76363,S,S,10A100020,Ordinary Deposits,40,JKL Bank Umeda Branch,Subaccount,840000,0,O,O,040,Osaka Branch,Department,000,Common Department,Department,,,,,,,,
1237,,,,,,112,2021-09-11,,,,,,,,,,,,,,,,,,,,,,,,,,,,,,,,,,,,
1237,2223,1,,1,1,,,,,,Telephone expense,10E200180,Communication Expenses,,,,167604,15236,S,S,10A100020,Ordinary Deposits,40,JKL Bank Umeda Branch,Subaccount,167604,0,O,O,040,Osaka Branch,Department,000,Common Department,Department,,,,,,,,
1238,,,,,,129,2021-09-11,,,,,,,,,,,,,,,,,,,,,,,,,,,,,,,,,,,,
1238,2224,1,,1,1,,,,,,Rent payment,10E200720,Rent Expenses,,,,399000,36272,S,S,10A100020,Ordinary Deposits,30,GHI Bank Nagoya Branch,Subaccount,399000,0,O,O,030,Nagoya Branch,Department,000,Common Department,Department,,,,,,,,
1239,,,,,,156,2021-09-11,,,,,,,,,,,,,,,,,,,,,,,,,,,,,,,,,,,,
1239,2225,1,,1,1,,,,,,Business travel expense,10E201230,Travel and Transportation Expenses,,,,7000,636,S,S,10A100020,Cash,1,Cash,Subaccount,7000,0,O,O,050,Kyushu Sales Office,Department,000,Common Department,Department,,,,,,,,
1240,,,,,,161,2021-09-11,,,,,,,,,,,,,,,,,,,,,,,,,,,,,,,,,,,,
1240,2226,1,,1,1,,,,,,Travel expense,10E201230,Travel and Transportation Expenses,,,,4300,390,S,S,10A100020,Cash,1,Cash,Subaccount,4300,0,O,O,050,Kyushu Sales Office,Department,000,Common Department,Department,,,,,,,,
1241,,,,,,167,2021-09-11,,,,,,,,,,,,,,,,,,,,,,,,,,,,,,,,,,,,
1241,2227,1,,1,1,,,,,,Rent payment,10E200720,Rent Expenses,,,,630000,57272,S,S,10A100020,Ordinary Deposits,50,MNO Bank Kitakyushu Branch,Subaccount,630000,0,O,O,050,Kyushu Sales Office,Department,000,Common Department,Department,,,,,,,,
1241,2228,1,,1,1,,,,,,Telephone expense,10E200180,Communication Expenses,,,,110745,10067,S,S,10A100020,Ordinary Deposits,50,MNO Bank Kitakyushu Branch,Subaccount,110745,0,O,O,050,Kyushu Sales Office,Department,000,Common Department,Department,,,,,,,,
1242,,,,,,1,2021-09-12,,,,,,,,,,,,,,,,,,,,,,,,,,,,,,,,,,,,
1242,2229,1,,1,1,,,,,,"An electronically recorded monetary claim of JPY 40,000 arose from an issuance record",10A100200,Electronically Recorded Monetary Claims,,,,40000,0,O,O,10A100090,Accounts Receivable,1,Anonymized Partner 068,Subaccount,40000,0,O,O,000,Common Department,Department,000,Common Department,Department,,,,,,,,
1243,,,,,,11,2021-09-12,,,,,,,,,,,,,,,,,,,,,,,,,,,,,,,,,,,,
1243,2230,1,,1,1,,,,,,Gasoline,10E201120,Vehicle Expenses,,,,3210,291,S,S,10A100020,Cash,1,Cash,Subaccount,3210,0,O,O,010,Sapporo Sales Office,Department,000,Common Department,Department,,,,,,,,
1244,,,,,,59,2021-09-12,,,,,,,,,,,,,,,,,,,,,,,,,,,,,,,,,,,,
1244,2231,1,1,1,1,,,,,,Withdrawal,10A100020,Cash,1,Cash,Subaccount,1000000,0,O,O,10A100020,Checking Deposits,1,ABC Bank,Subaccount,1000000,0,O,O,000,Common Department,Department,000,Common Department,Department,,,,,,,,
1245,,,,,,73,2021-09-12,,,,,,,,,,,,,,,,,,,,,,,,,,,,,,,,,,,,
1245,2232,1,,1,1,,,,,,Cof fee expense 3 people,10E200150,Entertainment Expenses,,,,1575,143,S,S,10A100020,Cash,1,Cash,Subaccount,1575,0,O,O,020,Tokyo Branch,Department,000,Common Department,Department,,,,,,,,
1246,,,,,,104,2021-09-12,,,,,,,,,,,,,,,,,,,,,,,,,,,,,,,,,,,,
1246,2233,1,,1,1,,,,,,Cof fee expense 3 people,10E200150,Entertainment Expenses,,,,1890,171,S,S,10A100020,Cash,1,Cash,Subaccount,1890,0,O,O,040,Osaka Branch,Department,000,Common Department,Department,,,,,,,,
1247,,,,,,149,2021-09-12,,,,,,,,,,,,,,,,,,,,,,,,,,,,,,,,,,,,
1247,2234,1,,1,1,,,,,,Cof fee expense 3 people,10E200150,Entertainment Expenses,,,,1890,171,S,S,10A100020,Cash,1,Cash,Subaccount,1890,0,O,O,030,Nagoya Branch,Department,000,Common Department,Department,,,,,,,,
1248,,,,,,17,2021-09-13,,,,,,,,,,,,,,,,,,,,,,,,,,,,,,,,,,,,
1248,2235,1,,1,1,,,,,,Parking fee,10E201120,Vehicle Expenses,,,,368,33,S,S,10A100020,Cash,1,Cash,Subaccount,368,0,O,O,010,Sapporo Sales Office,Department,000,Common Department,Department,,,,,,,,
1249,,,,,,75,2021-09-13,,,,,,,,,,,,,,,,,,,,,,,,,,,,,,,,,,,,
1249,2236,1,,1,1,,,,,,golf play expense,10E200150,Entertainment Expenses,,,,7350,668,S,S,10A100020,Cash,1,Cash,Subaccount,7350,0,O,O,010,Sapporo Sales Office,Department,000,Common Department,Department,,,,,,,,
1250,,,,,,152,2021-09-13,,,,,,,,,,,,,,,,,,,,,,,,,,,,,,,,,,,,
1250,2237,1,,1,1,,,,,,Cof fee expense 3 people,10E200150,Entertainment Expenses,,,,1890,171,S,S,10A100020,Cash,1,Cash,Subaccount,1890,0,O,O,050,Kyushu Sales Office,Department,000,Common Department,Department,,,,,,,,
1251,,,,,,157,2021-09-13,,,,,,,,,,,,,,,,,,,,,,,,,,,,,,,,,,,,
1251,2238,1,,1,1,,,,,,Airfare,10E201230,Travel and Transportation Expenses,,,,26900,2445,S,S,10A100020,Ordinary Deposits,50,MNO Bank Kitakyushu Branch,Subaccount,26900,0,O,O,050,Kyushu Sales Office,Department,000,Common Department,Department,,,,,,,,
1252,,,,,,165,2021-09-13,,,,,,,,,,,,,,,,,,,,,,,,,,,,,,,,,,,,
1252,2239,1,,1,1,,,,,,Kitchen supplies and others,10E201270,Miscellaneous Expenses,,,,1311,119,S,S,10A100020,Cash,1,Cash,Subaccount,1311,0,O,O,050,Kyushu Sales Office,Department,000,Common Department,Department,,,,,,,,
1253,,,,,,51,2021-09-14,,,,,,,,,,,,,,,,,,,,,,,,,,,,,,,,,,,,
1253,2240,1,,1,1,,,,,,Expressway toll,10E201120,Vehicle Expenses,,,,3124,284,S,S,10A100020,Cash,1,Cash,Subaccount,5744,0,O,O,020,Tokyo Branch,Department,000,Common Department,Department,,,,,,,,
1253,2241,1,,,,,,,,,Parking fee,10E201120,Vehicle Expenses,,,,2620,238,S,S,,,,,,,,,,020,Tokyo Branch,Department,,,,,,,,,,,
1254,,,,,,61,2021-09-14,,,,,,,,,,,,,,,,,,,,,,,,,,,,,,,,,,,,
1254,2242,1,,1,1,,,,,,Telephone expense,10E200180,Communication Expenses,,,,129673,11788,S,S,10A100020,Ordinary Deposits,20,ABC Bank Head Office,Subaccount,129673,0,O,O,020,Tokyo Branch,Department,000,Common Department,Department,,,,,,,,
1255,,,,,,105,2021-09-14,,,,,,,,,,,,,,,,,,,,,,,,,,,,,,,,,,,,
1255,2243,1,,1,1,,,,,,Meal expense Anonymized Store 062 3 people,10E200150,Entertainment Expenses,,,,18750,1704,S,S,10A100020,Cash,1,Cash,Subaccount,18750,0,O,O,040,Osaka Branch,Department,000,Common Department,Department,,,,,,,,
1256,,,,,,82,2021-09-15,,,,,,,,,,,,,,,,,,,,,,,,,,,,,,,,,,,,
1256,2244,1,,1,,,,,,,Gasoline,10E201120,Vehicle Expenses,,,,25780,2343,S,S,10B100630,Accounts Payable Other,,,,25780,0,O,O,030,Nagoya Branch,Department,000,Common Department,Department,,,,,,,,
1257,,,,,,88,2021-09-15,,,,,,,,,,,,,,,,,,,,,,,,,,,,,,,,,,,,
1257,2245,1,,1,1,,,,,,Month 9 Payroll Other 0060 Part-time Staff,10E200520,Temporary Wages,,,,356030,0,O,O,10A100020,Cash,1,Cash,Subaccount,349816,0,O,O,020,Tokyo Branch,Department,000,Common Department,Department,,,,,,,,
1257,2246,,,1,1,,,,,,Month 9 Payroll Other 0060 Part-time Staff,,,,,,,,,,10B100690,Deposits Received,3,Withholding Tax,Subaccount,480,0,O,O,,,,000,Common Department,Department,,,,,,,,
1257,2247,,,1,1,,,,,,Month 9 Payroll Other 0060 Part-time Staff,,,,,,,,,,10B100690,Deposits Received,9,Other,Subaccount,5734,0,O,O,,,,000,Common Department,Department,,,,,,,,
1258,,,,,,100,2021-09-15,,,,,,,,,,,,,,,,,,,,,,,,,,,,,,,,,,,,
1258,2248,1,1,1,1,,,,,,Voucher No. 304 dated 9/15 Anonymized Partner 068,10A100020,Ordinary Deposits,50,MNO Bank Kitakyushu Branch,Subaccount,1055580,0,O,O,10A100090,Accounts Receivable,1,Anonymized Partner 068,Subaccount,1055580,0,O,O,000,Common Department,Department,000,Common Department,Department,,,,,,,,
1258,2249,1,,1,1,,,,,,Voucher No. 304 dated 9/15 Anonymized Partner 068,10E200690,Service Fees,,,,840,76,S,S,10A100090,Accounts Receivable,1,Anonymized Partner 068,Subaccount,840,0,O,O,050,Kyushu Sales Office,Department,000,Common Department,Department,,,,,,,,
1259,,,,,,101,2021-09-15,,,,,,,,,,,,,,,,,,,,,,,,,,,,,,,,,,,,
1259,2250,1,1,1,1,,,,,,Voucher No. 305 dated 9/15 Anonymized Partner 061,10A100020,Ordinary Deposits,30,GHI Bank Nagoya Branch,Subaccount,1017205,0,O,O,10A100090,Accounts Receivable,6,Anonymized Partner 061,Subaccount,1017205,0,O,O,000,Common Department,Department,000,Common Department,Department,,,,,,,,
1259,2251,1,,1,1,,,,,,Voucher No. 305 dated 9/15 Anonymized Partner 061,10E200690,Service Fees,,,,840,76,S,S,10A100090,Accounts Receivable,6,Anonymized Partner 061,Subaccount,840,0,O,O,030,Nagoya Branch,Department,000,Common Department,Department,,,,,,,,
1260,,,,,,102,2021-09-15,,,,,,,,,,,,,,,,,,,,,,,,,,,,,,,,,,,,
1260,2252,1,1,1,1,,,,,,Voucher No. 306 dated 9/15 Anonymized Partner 073,10A100020,Ordinary Deposits,40,JKL Bank Umeda Branch,Subaccount,709224,0,O,O,10A100090,Accounts Receivable,8,Anonymized Partner 073,Subaccount,709224,0,O,O,000,Common Department,Department,000,Common Department,Department,,,,,,,,
1260,2253,1,,1,1,,,,,,Voucher No. 306 dated 9/15 Anonymized Partner 073,10E200690,Service Fees,,,,840,76,S,S,10A100090,Accounts Receivable,8,Anonymized Partner 073,Subaccount,840,0,O,O,040,Osaka Branch,Department,000,Common Department,Department,,,,,,,,
1261,,,,,,103,2021-09-15,,,,,,,,,,,,,,,,,,,,,,,,,,,,,,,,,,,,
1261,2254,1,1,1,1,,,,,,Voucher No. 307 dated 9/15 Anonymized Partner 026,10A100020,Ordinary Deposits,40,JKL Bank Umeda Branch,Subaccount,672280,0,O,O,10A100090,Accounts Receivable,9,Anonymized Partner 026,Subaccount,672280,0,O,O,000,Common Department,Department,000,Common Department,Department,,,,,,,,
1261,2255,1,,1,1,,,,,,Voucher No. 307 dated 9/15 Anonymized Partner 026,10E200690,Service Fees,,,,840,76,S,S,10A100090,Accounts Receivable,9,Anonymized Partner 026,Subaccount,840,0,O,O,040,Osaka Branch,Department,000,Common Department,Department,,,,,,,,
1262,,,,,,104,2021-09-15,,,,,,,,,,,,,,,,,,,,,,,,,,,,,,,,,,,,
1262,2256,1,1,1,1,,,,,,Voucher No. 308 dated 9/15 Anonymized Partner 023,10A100020,Ordinary Deposits,20,ABC Bank Head Office,Subaccount,1088296,0,O,O,10A100090,Accounts Receivable,13,Anonymized Partner 023,Subaccount,1088296,0,O,O,000,Common Department,Department,000,Common Department,Department,,,,,,,,
1263,,,,,,105,2021-09-15,,,,,,,,,,,,,,,,,,,,,,,,,,,,,,,,,,,,
1263,2257,1,1,1,1,,,,,,Voucher No. 309 dated 9/15 Anonymized Partner 079,10A100020,Ordinary Deposits,40,JKL Bank Umeda Branch,Subaccount,1128275,0,O,O,10A100090,Accounts Receivable,20,Anonymized Partner 079,Subaccount,1128275,0,O,O,000,Common Department,Department,000,Common Department,Department,,,,,,,,
1263,2258,1,,1,1,,,,,,Voucher No. 309 dated 9/15 Anonymized Partner 079,10E200690,Service Fees,,,,315,28,S,S,10A100090,Accounts Receivable,20,Anonymized Partner 079,Subaccount,315,0,O,O,040,Osaka Branch,Department,000,Common Department,Department,,,,,,,,
1264,,,,,,106,2021-09-15,,,,,,,,,,,,,,,,,,,,,,,,,,,,,,,,,,,,
1264,2259,1,1,1,1,,,,,,Voucher No. 224 dated 9/15 Anonymized Partner 043,10B100040,Accounts Payable,1,Anonymized Partner 043,Subaccount,6100952,0,O,O,10A100020,Ordinary Deposits,20,ABC Bank Head Office,Subaccount,6100952,0,O,O,000,Common Department,Department,000,Common Department,Department,,,,,,,,
1265,,,,,,117,2021-09-15,,,,,,,,,,,,,,,,,,,,,,,,,,,,,,,,,,,,
1265,2260,1,,1,1,,,,,,Membership fee,10E201140,Membership Fees,,,,20000,0,O,O,10A100020,Cash,1,Cash,Subaccount,20000,0,O,O,040,Osaka Branch,Department,000,Common Department,Department,,,,,,,,
1266,,,,,,74,2021-09-16,,,,,,,,,,,,,,,,,,,,,,,,,,,,,,,,,,,,
1266,2261,1,,1,1,,,,,,golf play expense,10E200150,Entertainment Expenses,,,,11000,1000,S,S,10A100020,Cash,1,Cash,Subaccount,11000,0,O,O,020,Tokyo Branch,Department,000,Common Department,Department,,,,,,,,
1267,,,,,,86,2021-09-16,,,,,,,,,,,,,,,,,,,,,,,,,,,,,,,,,,,,
1267,2262,1,,1,1,,,,,,taxi expense,10E201230,Travel and Transportation Expenses,,,,7600,690,S,S,10A100020,Cash,1,Cash,Subaccount,7600,0,O,O,030,Nagoya Branch,Department,000,Common Department,Department,,,,,,,,
1268,,,,,,130,2021-09-16,,,,,,,,,,,,,,,,,,,,,,,,,,,,,,,,,,,,
1268,2263,1,,1,1,,,,,,Membership fee,10E201140,Membership Fees,,,,24000,0,O,O,10A100020,Ordinary Deposits,40,JKL Bank Umeda Branch,Subaccount,24000,0,O,O,040,Osaka Branch,Department,000,Common Department,Department,,,,,,,,
1269,,,,,,136,2021-09-16,,,,,,,,,,,,,,,,,,,,,,,,,,,,,,,,,,,,
1269,2264,1,,1,1,,,,,,Anonymized Cleaning Company A expense,10E201270,Miscellaneous Expenses,,,,16500,1500,S,S,10A100020,Cash,1,Cash,Subaccount,16500,0,O,O,040,Osaka Branch,Department,000,Common Department,Department,,,,,,,,
1270,,,,,,4,2021-09-17,,,,,,,,,,,,,,,,,,,,,,,,,,,,,,,,,,,,
1270,2265,1,,1,,,,,,,Advertising expense,10E200050,Advertising Expenses,,,,31500,2863,S,S,10B100630,Accounts Payable Other,,,,31500,0,O,O,010,Sapporo Sales Office,Department,000,Common Department,Department,,,,,,,,
1271,,,,,,12,2021-09-17,,,,,,,,,,,,,,,,,,,,,,,,,,,,,,,,,,,,
1271,2266,1,,1,1,,,,,,Gasoline,10E201120,Vehicle Expenses,,,,7113,646,S,S,10A100020,Cash,1,Cash,Subaccount,11128,0,O,O,010,Sapporo Sales Office,Department,000,Common Department,Department,,,,,,,,
1271,2267,1,,,,,,,,,Gasoline,10E201120,Vehicle Expenses,,,,4015,365,S,S,,,,,,,,,,010,Sapporo Sales Office,Department,,,,,,,,,,,
1272,,,,,,52,2021-09-17,,,,,,,,,,,,,,,,,,,,,,,,,,,,,,,,,,,,
1272,2268,1,,1,1,,,,,,Expressway toll,10E201120,Vehicle Expenses,,,,1096,99,S,S,10A100020,Cash,1,Cash,Subaccount,7335,0,O,O,020,Tokyo Branch,Department,000,Common Department,Department,,,,,,,,
1272,2269,1,,,,,,,,,Parking fee,10E201120,Vehicle Expenses,,,,762,69,S,S,,,,,,,,,,020,Tokyo Branch,Department,,,,,,,,,,,
1272,2270,1,,,,,,,,,Gasoline,10E201120,Vehicle Expenses,,,,5477,497,S,S,,,,,,,,,,020,Tokyo Branch,Department,,,,,,,,,,,
1273,,,,,,24,2021-09-18,,,,,,,,,,,,,,,,,,,,,,,,,,,,,,,,,,,,
1273,2271,1,,1,1,,,,,,Anonymized Railway Company A multi-ride ticket,10E201230,Travel and Transportation Expenses,,,,82620,7510,S,S,10A100020,Cash,1,Cash,Subaccount,82620,0,O,O,010,Sapporo Sales Office,Department,000,Common Department,Department,,,,,,,,
1274,,,,,,74,2021-09-18,,,,,,,,,,,,,,,,,,,,,,,,,,,,,,,,,,,,
1274,2272,1,,1,1,,,,,,Gift expense Anonymized Partner 057,10E200150,Entertainment Expenses,,,,6300,572,S,S,10A100020,Cash,1,Cash,Subaccount,6300,0,O,O,020,Tokyo Branch,Department,000,Common Department,Department,,,,,,,,
1275,,,,,,79,2021-09-18,,,,,,,,,,,,,,,,,,,,,,,,,,,,,,,,,,,,
1275,2273,1,,1,1,,,,,,Prize expense,10E200140,Employee Welfare Expenses,,,,39874,3624,S,S,10A100020,Cash,1,Cash,Subaccount,39874,0,O,O,030,Nagoya Branch,Department,000,Common Department,Department,,,,,,,,
1276,,,,,,47,2021-09-19,,,,,,,,,,,,,,,,,,,,,,,,,,,,,,,,,,,,
1276,2274,1,,1,1,,,,,,Gasoline,10E201120,Vehicle Expenses,,,,3620,329,S,S,10A100020,Cash,1,Cash,Subaccount,3620,0,O,O,020,Tokyo Branch,Department,000,Common Department,Department,,,,,,,,
1277,,,,,,82,2021-09-19,,,,,,,,,,,,,,,,,,,,,,,,,,,,,,,,,,,,
1277,2275,1,,1,1,,,,,,Gasoline,10E201120,Vehicle Expenses,,,,4602,418,S,S,10A100020,Cash,1,Cash,Subaccount,4983,0,O,O,050,Kyushu Sales Office,Department,000,Common Department,Department,,,,,,,,
1277,2276,1,,,,,,,,,Parking fee,10E201120,Vehicle Expenses,,,,381,34,S,S,,,,,,,,,,050,Kyushu Sales Office,Department,,,,,,,,,,,
1278,,,,,,1,2021-09-20,,,,,,,,,,,,,,,,,,,,,,,,,,,,,,,,,,,,
1278,2277,1,,1,1,,,,,,"Overtime meal, reduced tax rate",10E200140,Employee Welfare Expenses,,,,21600,1600,AA,AA,10A100020,Cash,1,Cash,Subaccount,21600,0,O,O,000,Common Department,Department,000,Common Department,Department,,,,,,,,
1279,,,,,,6,2021-09-20,,,,,,,,,,,,,,,,,,,,,,,,,,,,,,,,,,,,
1279,2278,1,,1,1,,,,,,Advertising fee,10E200050,Advertising Expenses,,,,5000,454,S,S,10A100020,Cash,1,Cash,Subaccount,5000,0,O,O,010,Sapporo Sales Office,Department,000,Common Department,Department,,,,,,,,
1280,,,,,,31,2021-09-20,,,,,,,,,,,,,,,,,,,,,,,,,,,,,,,,,,,,
1280,2279,1,,1,,,,,,,Copying expense expense,10E201110,Office Supplies Expenses,,,,2813,255,S,S,10B100630,Accounts Payable Other,,,,2813,0,O,O,010,Sapporo Sales Office,Department,000,Common Department,Department,,,,,,,,
1281,,,,,,48,2021-09-20,,,,,,,,,,,,,,,,,,,,,,,,,,,,,,,,,,,,
1281,2280,1,,1,1,,,,,,Gasoline,10E201120,Vehicle Expenses,,,,4303,391,S,S,10A100020,Cash,1,Cash,Subaccount,4303,0,O,O,020,Tokyo Branch,Department,000,Common Department,Department,,,,,,,,
1282,,,,,,53,2021-09-20,,,,,,,,,,,,,,,,,,,,,,,,,,,,,,,,,,,,
1282,2281,1,,1,1,,,,,,Gasoline,10E201120,Vehicle Expenses,,,,2381,216,S,S,10A100020,Cash,1,Cash,Subaccount,3572,0,O,O,020,Tokyo Branch,Department,000,Common Department,Department,,,,,,,,
1282,2282,1,,,,,,,,,Expressway toll,10E201120,Vehicle Expenses,,,,1191,108,S,S,,,,,,,,,,020,Tokyo Branch,Department,,,,,,,,,,,
1283,,,,,,69,2021-09-20,,,,,,,,,,,,,,,,,,,,,,,,,,,,,,,,,,,,
1283,2283,1,,1,,,,,,,Wired service fee,10E201270,Miscellaneous Expenses,,,,5000,454,S,S,10B100630,Accounts Payable Other,,,,5000,0,O,O,030,Nagoya Branch,Department,000,Common Department,Department,,,,,,,,
1284,,,,,,71,2021-09-20,,,,,,,,,,,,,,,,,,,,,,,,,,,,,,,,,,,,
1284,2284,1,,1,,,,,,,office supplies,10E201110,Office Supplies Expenses,,,,5981,543,S,S,10B100630,Accounts Payable Other,,,,35184,0,O,O,020,Tokyo Branch,Department,000,Common Department,Department,,,,,,,,
1284,2285,1,,,,,,,,,Copy counter charge,10E201110,Office Supplies Expenses,,,,29203,2654,S,S,,,,,,,,,,020,Tokyo Branch,Department,,,,,,,,,,,
1285,,,,,,72,2021-09-20,,,,,,,,,,,,,,,,,,,,,,,,,,,,,,,,,,,,
1285,2286,1,,1,,,,,,,Copy counter charge,10E201110,Office Supplies Expenses,,,,6300,572,S,S,10B100630,Accounts Payable Other,,,,6300,0,O,O,050,Kyushu Sales Office,Department,000,Common Department,Department,,,,,,,,
1286,,,,,,78,2021-09-20,,,,,,,,,,,,,,,,,,,,,,,,,,,,,,,,,,,,
1286,2287,1,,1,,,,,,,files and related supplies,10E200200,Supplies Expenses,,,,35038,3185,S,S,10B100630,Accounts Payable Other,,,,300978,0,O,O,000,Common Department,Department,000,Common Department,Department,,,,,,,,
1286,2288,1,,,,,,,,,Drinking water,10E200200,Supplies Expenses,,,,265940,24176,S,S,,,,,,,,,,000,Common Department,Department,,,,,,,,,,,
1287,,,,,,97,2021-09-20,,,,,,,,,,,,,,,,,,,,,,,,,,,,,,,,,,,,
1287,2289,1,,1,,,,,,,Copying expense expense,10E201110,Office Supplies Expenses,,,,36448,3313,S,S,10B100630,Accounts Payable Other,,,,36448,0,O,O,030,Nagoya Branch,Department,000,Common Department,Department,,,,,,,,
1288,,,,,,98,2021-09-20,,,,,,,,,,,,,,,,,,,,,,,,,,,,,,,,,,,,
1288,2290,1,,1,,,,,,,office supplies,10E201110,Office Supplies Expenses,,,,5123,465,S,S,10B100630,Accounts Payable Other,,,,5123,0,O,O,030,Nagoya Branch,Department,000,Common Department,Department,,,,,,,,
1289,,,,,,101,2021-09-20,,,,,,,,,,,,,,,,,,,,,,,,,,,,,,,,,,,,
1289,2291,1,,1,,,,,,,Advertising fee,10E200050,Advertising Expenses,,,,52500,4772,S,S,10B100630,Accounts Payable Other,,,,52500,0,O,O,040,Osaka Branch,Department,000,Common Department,Department,,,,,,,,
1290,,,,,,105,2021-09-20,,,,,,,,,,,,,,,,,,,,,,,,,,,,,,,,,,,,
1290,2292,1,1,1,,,,,,,Note maturity Anonymized Partner 065 | Note number=R20210731-120-12;Receipt amount corrected to settlement amount,10A100020,Checking Deposits,1,ABC Bank,Subaccount,10130263,0,O,O,10A100060,Notes Receivable,,,,10130263,0,O,O,000,Common Department,Department,000,Common Department,Department,,,,,,,,
1291,,,,,,107,2021-09-20,,,,,,,,,,,,,,,,,,,,,,,,,,,,,,,,,,,,
1291,2293,1,1,1,1,,,,,,Voucher No. 310 dated 9/20 Anonymized Partner 058,10A100020,Cash,1,Cash,Subaccount,692628,0,O,O,10A100090,Accounts Receivable,11,Anonymized Partner 058,Subaccount,692628,0,O,O,000,Common Department,Department,000,Common Department,Department,,,,,,,,
1291,2294,1,1,1,1,,,,,,Funds transfer,10A100020,Ordinary Deposits,20,ABC Bank Head Office,Subaccount,15000000,0,O,O,10A100020,Checking Deposits,1,ABC Bank,Subaccount,15000000,0,O,O,000,Common Department,Department,000,Common Department,Department,,,,,,,,
1292,,,,,,108,2021-09-20,,,,,,,,,,,,,,,,,,,,,,,,,,,,,,,,,,,,
1292,2295,1,1,1,1,,,,,,Voucher No. 311 dated 9/20 Anonymized Partner 014,10A100020,Ordinary Deposits,30,GHI Bank Nagoya Branch,Subaccount,2661050,0,O,O,10A100090,Accounts Receivable,21,Anonymized Partner 014,Subaccount,2661050,0,O,O,000,Common Department,Department,000,Common Department,Department,,,,,,,,
1292,2296,1,,1,1,,,,,,Voucher No. 311 dated 9/20 Anonymized Partner 014,10E200690,Service Fees,,,,630,57,S,S,10A100090,Accounts Receivable,21,Anonymized Partner 014,Subaccount,630,0,O,O,030,Nagoya Branch,Department,000,Common Department,Department,,,,,,,,
1293,,,,,,109,2021-09-20,,,,,,,,,,,,,,,,,,,,,,,,,,,,,,,,,,,,
1293,2297,1,1,1,1,,,,,,Voucher No. 312 dated 9/20 Anonymized Partner 052,10A100020,Ordinary Deposits,20,ABC Bank Head Office,Subaccount,913719,0,O,O,10A100090,Accounts Receivable,30,Anonymized Partner 052,Subaccount,913719,0,O,O,000,Common Department,Department,000,Common Department,Department,,,,,,,,
1293,2298,1,,1,1,,,,,,Voucher No. 312 dated 9/20 Anonymized Partner 052,10E200690,Service Fees,,,,735,66,S,S,10A100090,Accounts Receivable,30,Anonymized Partner 052,Subaccount,735,0,O,O,020,Tokyo Branch,Department,000,Common Department,Department,,,,,,,,
1294,,,,,,110,2021-09-20,,,,,,,,,,,,,,,,,,,,,,,,,,,,,,,,,,,,
1294,2299,1,1,1,1,,,,,,Voucher No. 226 dated 9/20 Anonymized Partner 047,10B100040,Accounts Payable,4,Anonymized Partner 047,Subaccount,944145,0,O,O,10A100020,Ordinary Deposits,20,ABC Bank Head Office,Subaccount,944145,0,O,O,000,Common Department,Department,000,Common Department,Department,,,,,,,,
1295,,,,,,111,2021-09-20,,,,,,,,,,,,,,,,,,,,,,,,,,,,,,,,,,,,
1295,2300,1,1,1,1,,,,,,Voucher No. 227 dated 9/20 Anonymized Partner 054,10B100040,Accounts Payable,6,Anonymized Partner 054,Subaccount,3600809,0,O,O,10A100020,Ordinary Deposits,20,ABC Bank Head Office,Subaccount,3600809,0,O,O,000,Common Department,Department,000,Common Department,Department,,,,,,,,
1296,,,,,,112,2021-09-20,,,,,,,,,,,,,,,,,,,,,,,,,,,,,,,,,,,,
1296,2301,1,1,1,1,,,,,,Voucher No. 229 dated 9/20 Anonymized Partner 067,10B100040,Accounts Payable,11,Anonymized Partner 067,Subaccount,4398969,0,O,O,10A100020,Ordinary Deposits,20,ABC Bank Head Office,Subaccount,4398969,0,O,O,000,Common Department,Department,000,Common Department,Department,,,,,,,,
1297,,,,,,118,2021-09-20,,,,,,,,,,,,,,,,,,,,,,,,,,,,,,,,,,,,
1297,2302,1,,1,,,,,,,Copying expense expense,10E201110,Office Supplies Expenses,,,,7198,654,S,S,10B100630,Accounts Payable Other,,,,7198,0,O,O,040,Osaka Branch,Department,000,Common Department,Department,,,,,,,,
1298,,,,,,135,2021-09-20,,,,,,,,,,,,,,,,,,,,,,,,,,,,,,,,,,,,
1298,2303,1,,1,,,,,,,office supplies,10E201110,Office Supplies Expenses,,,,5730,520,S,S,10B100630,Accounts Payable Other,,,,5730,0,O,O,040,Osaka Branch,Department,000,Common Department,Department,,,,,,,,
1299,,,,,,138,2021-09-20,,,,,,,,,,,,,,,,,,,,,,,,,,,,,,,,,,,,
1299,2304,1,,1,1,,,,,,Expressway toll,10E201120,Vehicle Expenses,,,,3410,310,S,S,10A100020,Cash,1,Cash,Subaccount,24929,0,O,O,040,Osaka Branch,Department,000,Common Department,Department,,,,,,,,
1299,2305,1,,,,,,,,,Expressway toll,10E201120,Vehicle Expenses,,,,2524,229,S,S,,,,,,,,,,040,Osaka Branch,Department,,,,,,,,,,,
1299,2306,1,,,,,,,,,Expressway toll,10E201120,Vehicle Expenses,,,,3667,333,S,S,,,,,,,,,,040,Osaka Branch,Department,,,,,,,,,,,
1299,2307,1,,,,,,,,,Car wash expense,10E201120,Vehicle Expenses,,,,1905,173,S,S,,,,,,,,,,040,Osaka Branch,Department,,,,,,,,,,,
1299,2308,1,,,,,,,,,Gasoline,10E201120,Vehicle Expenses,,,,8560,778,S,S,,,,,,,,,,040,Osaka Branch,Department,,,,,,,,,,,
1299,2309,1,,,,,,,,,Windshield washer fluid expense,10E201120,Vehicle Expenses,,,,572,52,S,S,,,,,,,,,,040,Osaka Branch,Department,,,,,,,,,,,
1299,2310,1,,,,,,,,,Expressway toll,10E201120,Vehicle Expenses,,,,4291,390,S,S,,,,,,,,,,040,Osaka Branch,Department,,,,,,,,,,,
1300,,,,,,141,2021-09-20,,,,,,,,,,,,,,,,,,,,,,,,,,,,,,,,,,,,
1300,2311,1,,1,1,,,,,,Anonymized Railway Company A expense,10E201230,Travel and Transportation Expenses,,,,8500,772,S,S,10A100020,Cash,1,Cash,Subaccount,8500,0,O,O,040,Osaka Branch,Department,000,Common Department,Department,,,,,,,,
1301,,,,,,163,2021-09-20,,,,,,,,,,,,,,,,,,,,,,,,,,,,,,,,,,,,
1301,2312,1,,1,1,,,,,,Membership fee,10E201140,Membership Fees,,,,18000,0,O,O,10A100020,Cash,1,Cash,Subaccount,18000,0,O,O,050,Kyushu Sales Office,Department,000,Common Department,Department,,,,,,,,
1302,,,,,,34,2021-09-21,,,,,,,,,,,,,,,,,,,,,,,,,,,,,,,,,,,,
1302,2313,1,,1,1,,,,,,Electricity expense,10E201040,Utilities Expenses,,,,74629,6784,S,S,10A100020,Ordinary Deposits,10,DEF Bank Station Branch,Subaccount,78875,0,O,O,010,Sapporo Sales Office,Department,000,Common Department,Department,,,,,,,,
1302,2314,1,,,,,,,,,Water expense,10E201040,Utilities Expenses,,,,4246,386,S,S,,,,,,,,,,010,Sapporo Sales Office,Department,,,,,,,,,,,
1303,,,,,,64,2021-09-21,,,,,,,,,,,,,,,,,,,,,,,,,,,,,,,,,,,,
1303,2315,1,,1,1,,,,,,Electricity expense,10E201040,Utilities Expenses,,,,179448,16313,S,S,10A100020,Ordinary Deposits,20,ABC Bank Head Office,Subaccount,186761,0,O,O,020,Tokyo Branch,Department,000,Common Department,Department,,,,,,,,
1303,2316,1,,,,,,,,,Water expense,10E201040,Utilities Expenses,,,,7313,664,S,S,,,,,,,,,,020,Tokyo Branch,Department,,,,,,,,,,,
1304,,,,,,89,2021-09-21,,,,,,,,,,,,,,,,,,,,,,,,,,,,,,,,,,,,
1304,2317,1,,1,1,,,,,,Electricity expense,10E201040,Utilities Expenses,,,,78757,7159,S,S,10A100020,Ordinary Deposits,30,GHI Bank Nagoya Branch,Subaccount,86005,0,O,O,030,Nagoya Branch,Department,000,Common Department,Department,,,,,,,,
1304,2318,1,,,,,,,,,Water expense,10E201040,Utilities Expenses,,,,3425,311,S,S,,,,,,,,,,030,Nagoya Branch,Department,,,,,,,,,,,
1304,2319,1,,,,,,,,,Gas expense,10E201040,Utilities Expenses,,,,3823,347,S,S,,,,,,,,,,030,Nagoya Branch,Department,,,,,,,,,,,
1305,,,,,,132,2021-09-21,,,,,,,,,,,,,,,,,,,,,,,,,,,,,,,,,,,,
1305,2320,1,,1,1,,,,,,Electricity expense,10E201040,Utilities Expenses,,,,107691,9790,S,S,10A100020,Ordinary Deposits,40,JKL Bank Umeda Branch,Subaccount,113999,0,O,O,040,Osaka Branch,Department,000,Common Department,Department,,,,,,,,
1305,2321,1,,,,,,,,,Water expense,10E201040,Utilities Expenses,,,,6308,573,S,S,,,,,,,,,,040,Osaka Branch,Department,,,,,,,,,,,
1306,,,,,,154,2021-09-21,,,,,,,,,,,,,,,,,,,,,,,,,,,,,,,,,,,,
1306,2322,1,,1,,,,,,,Meal expense Anonymized Store 083 4 people,10E200150,Entertainment Expenses,,,,23610,2146,S,S,10B100630,Accounts Payable Other,,,,57325,0,O,O,050,Kyushu Sales Office,Department,000,Common Department,Department,,,,,,,,
1306,2323,1,,,,,,,,,Meal expense Anonymized Store 015,10E200150,Entertainment Expenses,,,,33715,3065,S,S,,,,,,,,,,050,Kyushu Sales Office,Department,,,,,,,,,,,
1307,,,,,,160,2021-09-21,,,,,,,,,,,,,,,,,,,,,,,,,,,,,,,,,,,,
1307,2324,1,,1,1,,,,,,Business travel expense,10E201230,Travel and Transportation Expenses,,,,70000,6363,S,S,10A100020,Cash,1,Cash,Subaccount,70000,0,O,O,020,Tokyo Branch,Department,000,Common Department,Department,,,,,,,,
1308,,,,,,169,2021-09-21,,,,,,,,,,,,,,,,,,,,,,,,,,,,,,,,,,,,
1308,2325,1,,1,1,,,,,,Electricity expense,10E201040,Utilities Expenses,,,,102337,9303,S,S,10A100020,Ordinary Deposits,50,MNO Bank Kitakyushu Branch,Subaccount,107895,0,O,O,050,Kyushu Sales Office,Department,000,Common Department,Department,,,,,,,,
1308,2326,1,,,,,,,,,Water expense,10E201040,Utilities Expenses,,,,5558,505,S,S,,,,,,,,,,050,Kyushu Sales Office,Department,,,,,,,,,,,
1309,,,,,,38,2021-09-22,,,,,,,,,,,,,,,,,,,,,,,,,,,,,,,,,,,,
1309,2327,1,,1,,,,,,,Lodging expense,10E200140,Employee Welfare Expenses,,,,48164,4378,S,S,10B100630,Accounts Payable Other,,,,48164,0,O,O,020,Tokyo Branch,Department,000,Common Department,Department,,,,,,,,
1310,,,,,,61,2021-09-22,,,,,,,,,,,,,,,,,,,,,,,,,,,,,,,,,,,,
1310,2328,1,,1,,,,,,,Tea expense,10E200140,Employee Welfare Expenses,,,,10900,990,S,S,10B100630,Accounts Payable Other,,,,10900,0,O,O,050,Kyushu Sales Office,Department,000,Common Department,Department,,,,,,,,
1311,,,,,,67,2021-09-22,,,,,,,,,,,,,,,,,,,,,,,,,,,,,,,,,,,,
1311,2329,1,,1,1,,,,,,tissue paper and others,10E201270,Miscellaneous Expenses,,,,1581,143,S,S,10A100020,Cash,1,Cash,Subaccount,1581,0,O,O,010,Sapporo Sales Office,Department,000,Common Department,Department,,,,,,,,
1312,,,,,,75,2021-09-22,,,,,,,,,,,,,,,,,,,,,,,,,,,,,,,,,,,,
1312,2330,1,,1,1,,,,,,Meal expense Anonymized Store 016 2 people,10E200150,Entertainment Expenses,,,,10460,950,S,S,10A100020,Cash,1,Cash,Subaccount,10460,0,O,O,020,Tokyo Branch,Department,000,Common Department,Department,,,,,,,,
1313,,,,,,90,2021-09-22,,,,,,,,,,,,,,,,,,,,,,,,,,,,,,,,,,,,
1313,2331,1,,1,1,,,,,,Anonymized Cleaning Company A expense,10E201270,Miscellaneous Expenses,,,,10500,954,S,S,10A100020,Cash,1,Cash,Subaccount,10500,0,O,O,030,Nagoya Branch,Department,000,Common Department,Department,,,,,,,,
1314,,,,,,95,2021-09-22,,,,,,,,,,,,,,,,,,,,,,,,,,,,,,,,,,,,
1314,2332,1,,1,,,,,,,Cleaning fee,10E201270,Miscellaneous Expenses,,,,71675,6515,S,S,10B100630,Accounts Payable Other,,,,71675,0,O,O,030,Nagoya Branch,Department,000,Common Department,Department,,,,,,,,
1315,,,,,,107,2021-09-22,,,,,,,,,,,,,,,,,,,,,,,,,,,,,,,,,,,,
1315,2333,1,,1,1,,,,,,Get-well gift,10E200150,Entertainment Expenses,,,,10000,909,S,S,10A100020,Cash,1,Cash,Subaccount,10000,0,O,O,040,Osaka Branch,Department,000,Common Department,Department,,,,,,,,
1316,,,,,,153,2021-09-22,,,,,,,,,,,,,,,,,,,,,,,,,,,,,,,,,,,,
1316,2334,1,,1,1,,,,,,Cof fee expense 2 people,10E200150,Entertainment Expenses,,,,1260,114,S,S,10A100020,Cash,1,Cash,Subaccount,1260,0,O,O,030,Nagoya Branch,Department,000,Common Department,Department,,,,,,,,
1317,,,,,,166,2021-09-22,,,,,,,,,,,,,,,,,,,,,,,,,,,,,,,,,,,,
1317,2335,1,,1,1,,,,,,Anonymized Cleaning Company A expense,10E201270,Miscellaneous Expenses,,,,1890,171,S,S,10A100020,Cash,1,Cash,Subaccount,1890,0,O,O,050,Kyushu Sales Office,Department,000,Common Department,Department,,,,,,,,
1318,,,,,,3,2021-09-23,,,,,,,,,,,,,,,,,,,,,,,,,,,,,,,,,,,,
1318,2336,1,,1,,,,,,,Lodging expense,10E200140,Employee Welfare Expenses,,,,28851,2622,S,S,10B100630,Accounts Payable Other,,,,28851,0,O,O,010,Sapporo Sales Office,Department,000,Common Department,Department,,,,,,,,
1319,,,,,,26,2021-09-23,,,,,,,,,,,,,,,,,,,,,,,,,,,,,,,,,,,,
1319,2337,1,,1,1,,,,,,Travel expense,10E201230,Travel and Transportation Expenses,,,,11000,1000,S,S,10A100020,Cash,1,Cash,Subaccount,11000,0,O,O,010,Sapporo Sales Office,Department,000,Common Department,Department,,,,,,,,
1320,,,,,,28,2021-09-23,,,,,,,,,,,,,,,,,,,,,,,,,,,,,,,,,,,,
1320,2338,1,,1,,,,,,,taxi expense,10E201230,Travel and Transportation Expenses,,,,2420,220,S,S,10B100630,Accounts Payable Other,,,,2420,0,O,O,010,Sapporo Sales Office,Department,000,Common Department,Department,,,,,,,,
1321,,,,,,54,2021-09-23,,,,,,,,,,,,,,,,,,,,,,,,,,,,,,,,,,,,
1321,2339,1,,1,1,,,,,,Expressway toll,10E201120,Vehicle Expenses,,,,4600,418,S,S,10A100020,Cash,1,Cash,Subaccount,4600,0,O,O,020,Tokyo Branch,Department,000,Common Department,Department,,,,,,,,
1322,,,,,,140,2021-09-23,,,,,,,,,,,,,,,,,,,,,,,,,,,,,,,,,,,,
1322,2340,1,,1,1,,,,,,Travel expense,10E201230,Travel and Transportation Expenses,,,,23500,2136,S,S,10A100020,Cash,1,Cash,Subaccount,23500,0,O,O,040,Osaka Branch,Department,000,Common Department,Department,,,,,,,,
1323,,,,,,62,2021-09-24,,,,,,,,,,,,,,,,,,,,,,,,,,,,,,,,,,,,
1323,2341,1,,1,1,,,,,,Mobile phone expense,10E200180,Communication Expenses,,,,100596,9145,S,S,10A100020,Ordinary Deposits,20,ABC Bank Head Office,Subaccount,100596,0,O,O,020,Tokyo Branch,Department,000,Common Department,Department,,,,,,,,
1324,,,,,,71,2021-09-24,,,,,,,,,,,,,,,,,,,,,,,,,,,,,,,,,,,,
1324,2342,1,,1,1,,,,,,tissues expense and others,10E201270,Miscellaneous Expenses,,,,963,87,S,S,10A100020,Cash,1,Cash,Subaccount,963,0,O,O,040,Osaka Branch,Department,000,Common Department,Department,,,,,,,,
1325,,,,,,109,2021-09-24,,,,,,,,,,,,,,,,,,,,,,,,,,,,,,,,,,,,
1325,2343,1,,1,,,,,,,Gasoline,10E201120,Vehicle Expenses,,,,45400,4127,S,S,10B100630,Accounts Payable Other,,,,45400,0,O,O,040,Osaka Branch,Department,000,Common Department,Department,,,,,,,,
1326,,,,,,120,2021-09-24,,,,,,,,,,,,,,,,,,,,,,,,,,,,,,,,,,,,
1326,2344,1,,1,,,,,,,Outsourcing fee,10E200020,Sales Commissions,,,,504000,45818,S,S,10B100630,Accounts Payable Other,,,,504000,0,O,O,040,Osaka Branch,Department,000,Common Department,Department,,,,,,,,
1327,,,,,,144,2021-09-24,,,,,,,,,,,,,,,,,,,,,,,,,,,,,,,,,,,,
1327,2345,1,,1,1,,,,,,Gasoline,10E201120,Vehicle Expenses,,,,6172,561,S,S,10A100020,Cash,1,Cash,Subaccount,14649,0,O,O,040,Osaka Branch,Department,000,Common Department,Department,,,,,,,,
1327,2346,1,,,,,,,,,Expressway toll,10E201120,Vehicle Expenses,,,,8477,770,S,S,,,,,,,,,,040,Osaka Branch,Department,,,,,,,,,,,
1328,,,,,,146,2021-09-24,,,,,,,,,,,,,,,,,,,,,,,,,,,,,,,,,,,,
1328,2347,1,,1,,,,,,,Outsourcing fee,10E200020,Sales Commissions,,,,147000,13363,S,S,10B100630,Accounts Payable Other,,,,147000,0,O,O,050,Kyushu Sales Office,Department,000,Common Department,Department,,,,,,,,
1329,,,,,,29,2021-09-25,,,,,,,,,,,,,,,,,,,,,,,,,,,,,,,,,,,,
1329,2348,1,,1,1,,,,,,Mobile phone expense,10E200180,Communication Expenses,,,,94547,8595,S,S,10A100020,Ordinary Deposits,10,DEF Bank Station Branch,Subaccount,94547,0,O,O,010,Sapporo Sales Office,Department,000,Common Department,Department,,,,,,,,
1330,,,,,,35,2021-09-25,,,,,,,,,,,,,,,,,,,,,,,,,,,,,,,,,,,,
1330,2349,1,,1,1,,,,,,Newspaper expense,10E201160,Books and Publications,,,,3925,356,S,S,10A100020,Cash,1,Cash,Subaccount,3925,0,O,O,010,Sapporo Sales Office,Department,000,Common Department,Department,,,,,,,,
1331,,,,,,78,2021-09-25,,,,,,,,,,,,,,,,,,,,,,,,,,,,,,,,,,,,
1331,2350,1,,1,,,,,,,Outsourcing fee payment,10E200020,Sales Commissions,,,,193359,17578,S,S,10B100630,Accounts Payable Other,,,,193359,0,O,O,030,Nagoya Branch,Department,000,Common Department,Department,,,,,,,,
1332,,,,,,89,2021-09-25,,,,,,,,,,,,,,,,,,,,,,,,,,,,,,,,,,,,
1332,2351,1,,1,1,,,,,,Month 9 Payroll Other 0001 Executive,10E200090,Directors' Compensation,,,,1720000,0,O,O,10A100020,Ordinary Deposits,20,ABC Bank Head Office,Subaccount,1130529,0,O,O,020,Tokyo Branch,Department,000,Common Department,Department,,,,,,,,
1332,2352,,,1,1,,,,,,Month 9 Payroll Other 0001 Executive,,,,,,,,,,10B100690,Deposits Received,1,Insurance Expenses,Subaccount,112236,0,O,O,,,,000,Common Department,Department,,,,,,,,
1332,2353,,,1,1,,,,,,Month 9 Payroll Other 0001 Executive,,,,,,,,,,10B100690,Deposits Received,2,Resident Tax,Subaccount,171200,0,O,O,,,,000,Common Department,Department,,,,,,,,
1332,2354,,,1,1,,,,,,Month 9 Payroll Other 0001 Executive,,,,,,,,,,10B100690,Deposits Received,3,Withholding Tax,Subaccount,166343,0,O,O,,,,000,Common Department,Department,,,,,,,,
1332,2355,,,1,1,,,,,,Month 9 Payroll Other 0001 Executive,,,,,,,,,,10B100690,Deposits Received,4,Savings and Insurance,Subaccount,133972,0,O,O,,,,000,Common Department,Department,,,,,,,,
1332,2356,,,1,1,,,,,,Month 9 Payroll Other 0001 Executive,,,,,,,,,,10B100690,Deposits Received,9,Other,Subaccount,5720,0,O,O,,,,000,Common Department,Department,,,,,,,,
1332,2357,1,,1,1,,,,,,Month 9 Payroll Other 0020 Sales Department,10E200370,Salaries and Allowances,,,,1810433,0,O,O,10A100020,Ordinary Deposits,20,ABC Bank Head Office,Subaccount,1357372,0,O,O,020,Tokyo Branch,Department,000,Common Department,Department,,,,,,,,
1332,2358,,,1,1,,,,,,Month 9 Payroll Other 0020 Sales Department,,,,,,,,,,10B100690,Deposits Received,1,Insurance Expenses,Subaccount,219315,0,O,O,,,,000,Common Department,Department,,,,,,,,
1332,2359,,,1,1,,,,,,Month 9 Payroll Other 0020 Sales Department,,,,,,,,,,10B100690,Deposits Received,2,Resident Tax,Subaccount,104300,0,O,O,,,,000,Common Department,Department,,,,,,,,
1332,2360,,,1,1,,,,,,Month 9 Payroll Other 0020 Sales Department,,,,,,,,,,10B100690,Deposits Received,3,Withholding Tax,Subaccount,29480,0,O,O,,,,000,Common Department,Department,,,,,,,,
1332,2361,,,1,1,,,,,,Month 9 Payroll Other 0020 Sales Department,,,,,,,,,,10B100690,Deposits Received,4,Savings and Insurance,Subaccount,43305,0,O,O,,,,000,Common Department,Department,,,,,,,,
1332,2362,,,1,1,,,,,,Month 9 Payroll Other 0020 Sales Department,,,,,,,,,,10B100690,Deposits Received,9,Other,Subaccount,56661,0,O,O,,,,000,Common Department,Department,,,,,,,,
1332,2363,1,,1,1,,,,,,Month 9 Payroll Other 1000 Sapporo Sales Office,10E200370,Salaries and Allowances,,,,810566,0,O,O,10A100020,Ordinary Deposits,20,ABC Bank Head Office,Subaccount,563545,0,O,O,010,Sapporo Sales Office,Department,000,Common Department,Department,,,,,,,,
1332,2364,,,1,1,,,,,,Month 9 Payroll Other 1000 Sapporo Sales Office,,,,,,,,,,10B100690,Deposits Received,1,Insurance Expenses,Subaccount,96280,0,O,O,,,,000,Common Department,Department,,,,,,,,
1332,2365,,,1,1,,,,,,Month 9 Payroll Other 1000 Sapporo Sales Office,,,,,,,,,,10B100690,Deposits Received,2,Resident Tax,Subaccount,46300,0,O,O,,,,000,Common Department,Department,,,,,,,,
1332,2366,,,1,1,,,,,,Month 9 Payroll Other 1000 Sapporo Sales Office,,,,,,,,,,10B100690,Deposits Received,3,Withholding Tax,Subaccount,12130,0,O,O,,,,000,Common Department,Department,,,,,,,,
1332,2367,,,1,1,,,,,,Month 9 Payroll Other 1000 Sapporo Sales Office,,,,,,,,,,10B100690,Deposits Received,4,Savings and Insurance,Subaccount,50648,0,O,O,,,,000,Common Department,Department,,,,,,,,
1332,2368,,,1,1,,,,,,Month 9 Payroll Other 1000 Sapporo Sales Office,,,,,,,,,,10B100690,Deposits Received,9,Other,Subaccount,41663,0,O,O,,,,000,Common Department,Department,,,,,,,,
1332,2369,1,,1,1,,,,,,Month 9 Payroll Other 3000 Nagoya Sales Office,10E200370,Salaries and Allowances,,,,713000,0,O,O,10A100020,Ordinary Deposits,20,ABC Bank Head Office,Subaccount,496652,0,O,O,030,Nagoya Branch,Department,000,Common Department,Department,,,,,,,,
1332,2370,,,1,1,,,,,,Month 9 Payroll Other 3000 Nagoya Sales Office,,,,,,,,,,10B100690,Deposits Received,1,Insurance Expenses,Subaccount,94031,0,O,O,,,,000,Common Department,Department,,,,,,,,
1332,2371,,,1,1,,,,,,Month 9 Payroll Other 3000 Nagoya Sales Office,,,,,,,,,,10B100690,Deposits Received,2,Resident Tax,Subaccount,42600,0,O,O,,,,000,Common Department,Department,,,,,,,,
1332,2372,,,1,1,,,,,,Month 9 Payroll Other 3000 Nagoya Sales Office,,,,,,,,,,10B100690,Deposits Received,3,Withholding Tax,Subaccount,5680,0,O,O,,,,000,Common Department,Department,,,,,,,,
1332,2373,,,1,1,,,,,,Month 9 Payroll Other 3000 Nagoya Sales Office,,,,,,,,,,10B100690,Deposits Received,4,Savings and Insurance,Subaccount,40759,0,O,O,,,,000,Common Department,Department,,,,,,,,
1332,2374,,,1,1,,,,,,Month 9 Payroll Other 3000 Nagoya Sales Office,,,,,,,,,,10B100690,Deposits Received,9,Other,Subaccount,33278,0,O,O,,,,000,Common Department,Department,,,,,,,,
1332,2375,1,,1,1,,,,,,Month 9 Payroll Other 4000 Osaka Branch,10E200370,Salaries and Allowances,,,,936294,0,O,O,10A100020,Ordinary Deposits,20,ABC Bank Head Office,Subaccount,717802,0,O,O,040,Osaka Branch,Department,000,Common Department,Department,,,,,,,,
1332,2376,,,1,1,,,,,,Month 9 Payroll Other 4000 Osaka Branch,,,,,,,,,,10B100690,Deposits Received,1,Insurance Expenses,Subaccount,121795,0,O,O,,,,000,Common Department,Department,,,,,,,,
1332,2377,,,1,1,,,,,,Month 9 Payroll Other 4000 Osaka Branch,,,,,,,,,,10B100690,Deposits Received,2,Resident Tax,Subaccount,53400,0,O,O,,,,000,Common Department,Department,,,,,,,,
1332,2378,,,1,1,,,,,,Month 9 Payroll Other 4000 Osaka Branch,,,,,,,,,,10B100690,Deposits Received,3,Withholding Tax,Subaccount,14710,0,O,O,,,,000,Common Department,Department,,,,,,,,
1332,2379,,,1,1,,,,,,Month 9 Payroll Other 4000 Osaka Branch,,,,,,,,,,10B100690,Deposits Received,4,Savings and Insurance,Subaccount,13570,0,O,O,,,,000,Common Department,Department,,,,,,,,
1332,2380,,,1,1,,,,,,Month 9 Payroll Other 4000 Osaka Branch,,,,,,,,,,10B100690,Deposits Received,9,Other,Subaccount,15017,0,O,O,,,,000,Common Department,Department,,,,,,,,
1332,2381,1,,1,1,,,,,,Month 9 Payroll Other 5000 Kyushu Sales Office,10E200370,Salaries and Allowances,,,,545252,0,O,O,10A100020,Ordinary Deposits,20,ABC Bank Head Office,Subaccount,412243,0,O,O,050,Kyushu Sales Office,Department,000,Common Department,Department,,,,,,,,
1332,2382,,,1,1,,,,,,Month 9 Payroll Other 5000 Kyushu Sales Office,,,,,,,,,,10B100690,Deposits Received,1,Insurance Expenses,Subaccount,67268,0,O,O,,,,000,Common Department,Department,,,,,,,,
1332,2383,,,1,1,,,,,,Month 9 Payroll Other 5000 Kyushu Sales Office,,,,,,,,,,10B100690,Deposits Received,2,Resident Tax,Subaccount,31700,0,O,O,,,,000,Common Department,Department,,,,,,,,
1332,2384,,,1,1,,,,,,Month 9 Payroll Other 5000 Kyushu Sales Office,,,,,,,,,,10B100690,Deposits Received,3,Withholding Tax,Subaccount,6630,0,O,O,,,,000,Common Department,Department,,,,,,,,
1332,2385,,,1,1,,,,,,Month 9 Payroll Other 5000 Kyushu Sales Office,,,,,,,,,,10B100690,Deposits Received,4,Savings and Insurance,Subaccount,18540,0,O,O,,,,000,Common Department,Department,,,,,,,,
1332,2386,,,1,1,,,,,,Month 9 Payroll Other 5000 Kyushu Sales Office,,,,,,,,,,10B100690,Deposits Received,9,Other,Subaccount,8871,0,O,O,,,,000,Common Department,Department,,,,,,,,
1333,,,,,,111,2021-09-25,,,,,,,,,,,,,,,,,,,,,,,,,,,,,,,,,,,,
1333,2387,1,,1,,,,,,,taxi expense,10E201230,Travel and Transportation Expenses,,,,8990,817,S,S,10B100630,Accounts Payable Other,,,,8990,0,O,O,040,Osaka Branch,Department,000,Common Department,Department,,,,,,,,
1334,,,,,,113,2021-09-25,,,,,,,,,,,,,,,,,,,,,,,,,,,,,,,,,,,,
1334,2388,1,,1,1,,,,,,Voucher No. 313 dated 9/25 Anonymized Partner 057 | Sales voucher=20210831-111;Note number=R20210925-113-2,10A100060,Notes Receivable,,,,13866393,0,O,O,10A100090,Accounts Receivable,2,Anonymized Partner 057,Subaccount,13866393,0,O,O,000,Common Department,Department,000,Common Department,Department,,,,,,,,
1335,,,,,,114,2021-09-25,,,,,,,,,,,,,,,,,,,,,,,,,,,,,,,,,,,,
1335,2389,1,1,1,1,,,,,,Voucher No. 314 dated 9/25 Anonymized Partner 042,10A100020,Ordinary Deposits,30,GHI Bank Nagoya Branch,Subaccount,1120257,0,O,O,10A100090,Accounts Receivable,7,Anonymized Partner 042,Subaccount,1120257,0,O,O,000,Common Department,Department,000,Common Department,Department,,,,,,,,
1335,2390,1,,1,1,,,,,,Voucher No. 314 dated 9/25 Anonymized Partner 042,10E200690,Service Fees,,,,735,66,S,S,10A100090,Accounts Receivable,7,Anonymized Partner 042,Subaccount,735,0,O,O,030,Nagoya Branch,Department,000,Common Department,Department,,,,,,,,
1336,,,,,,115,2021-09-25,,,,,,,,,,,,,,,,,,,,,,,,,,,,,,,,,,,,
1336,2391,1,1,1,1,,,,,,Voucher No. 315 dated 9/25 Anonymized Partner 056,10A100020,Ordinary Deposits,40,JKL Bank Umeda Branch,Subaccount,658370,0,O,O,10A100090,Accounts Receivable,23,Anonymized Partner 056,Subaccount,658370,0,O,O,000,Common Department,Department,000,Common Department,Department,,,,,,,,
1336,2392,1,,1,1,,,,,,Voucher No. 315 dated 9/25 Anonymized Partner 056,10E200690,Service Fees,,,,630,57,S,S,10A100090,Accounts Receivable,23,Anonymized Partner 056,Subaccount,630,0,O,O,040,Osaka Branch,Department,000,Common Department,Department,,,,,,,,
1337,,,,,,116,2021-09-25,,,,,,,,,,,,,,,,,,,,,,,,,,,,,,,,,,,,
1337,2393,1,1,1,1,,,,,,Voucher No. 316 dated 9/25 Anonymized Partner 033,10A100020,Ordinary Deposits,10,DEF Bank Station Branch,Subaccount,3657886,0,O,O,10A100090,Accounts Receivable,25,Anonymized Partner 033,Subaccount,3657886,0,O,O,000,Common Department,Department,000,Common Department,Department,,,,,,,,
1337,2394,1,,1,1,,,,,,Voucher No. 316 dated 9/25 Anonymized Partner 033,10E200690,Service Fees,,,,840,76,S,S,10A100090,Accounts Receivable,25,Anonymized Partner 033,Subaccount,840,0,O,O,010,Sapporo Sales Office,Department,000,Common Department,Department,,,,,,,,
1338,,,,,,121,2021-09-25,,,,,,,,,,,,,,,,,,,,,,,,,,,,,,,,,,,,
1338,2395,1,,1,1,,,,,,Tea expense,10E200140,Employee Welfare Expenses,,,,9500,863,S,S,10A100020,Cash,1,Cash,Subaccount,9500,0,O,O,040,Osaka Branch,Department,000,Common Department,Department,,,,,,,,
1339,,,,,,131,2021-09-25,,,,,,,,,,,,,,,,,,,,,,,,,,,,,,,,,,,,
1339,2396,1,,1,1,,,,,,Membership fee,10E201140,Membership Fees,,,,24000,0,O,O,10A100020,Ordinary Deposits,40,JKL Bank Umeda Branch,Subaccount,24000,0,O,O,040,Osaka Branch,Department,000,Common Department,Department,,,,,,,,
1340,,,,,,172,2021-09-25,,,,,,,,,,,,,,,,,,,,,,,,,,,,,,,,,,,,
1340,2397,1,,1,,,,,,,Outsourcing fee payment,10E200020,Sales Commissions,,,,87000,7909,S,S,10B100630,Accounts Payable Other,,,,87000,0,O,O,010,Sapporo Sales Office,Department,000,Common Department,Department,,,,,,,,
1341,,,,,,8,2021-09-26,,,,,,,,,,,,,,,,,,,,,,,,,,,,,,,,,,,,
1341,2398,1,,1,1,,,,,,Regular meeting fee,10E200150,Entertainment Expenses,,,,20000,1818,S,S,10A100020,Cash,1,Cash,Subaccount,20000,0,O,O,010,Sapporo Sales Office,Department,000,Common Department,Department,,,,,,,,
1342,,,,,,25,2021-09-26,,,,,,,,,,,,,,,,,,,,,,,,,,,,,,,,,,,,
1342,2399,1,,1,1,,,,,,Travel expense,10E201230,Travel and Transportation Expenses,,,,61213,5564,S,S,10A100020,Cash,1,Cash,Subaccount,61213,0,O,O,010,Sapporo Sales Office,Department,000,Common Department,Department,,,,,,,,
1343,,,,,,72,2021-09-26,,,,,,,,,,,,,,,,,,,,,,,,,,,,,,,,,,,,
1343,2400,1,,1,1,,,,,,Newspaper expense,10E201160,Books and Publications,,,,2864,260,S,S,10A100020,Cash,1,Cash,Subaccount,9078,0,O,O,020,Tokyo Branch,Department,000,Common Department,Department,,,,,,,,
1343,2401,1,,,,,,,,,Newspaper expense,10E201160,Books and Publications,,,,2815,255,S,S,,,,,,,,,,020,Tokyo Branch,Department,,,,,,,,,,,
1343,2402,1,,,,,,,,,Newspaper expense,10E201160,Books and Publications,,,,3399,309,S,S,,,,,,,,,,020,Tokyo Branch,Department,,,,,,,,,,,
1344,,,,,,87,2021-09-26,,,,,,,,,,,,,,,,,,,,,,,,,,,,,,,,,,,,
1344,2403,1,,1,1,,,,,,Mobile phone expense,10E200180,Communication Expenses,,,,44116,4010,S,S,10A100020,Ordinary Deposits,30,GHI Bank Nagoya Branch,Subaccount,44116,0,O,O,030,Nagoya Branch,Department,000,Common Department,Department,,,,,,,,
1345,,,,,,155,2021-09-26,,,,,,,,,,,,,,,,,,,,,,,,,,,,,,,,,,,,
1345,2404,1,,1,1,,,,,,Gasoline,10E201120,Vehicle Expenses,,,,7246,658,S,S,10A100020,Cash,1,Cash,Subaccount,7246,0,O,O,050,Kyushu Sales Office,Department,000,Common Department,Department,,,,,,,,
1346,,,,,,170,2021-09-26,,,,,,,,,,,,,,,,,,,,,,,,,,,,,,,,,,,,
1346,2405,1,,1,1,,,,,,Newspaper expense,10E201160,Books and Publications,,,,3007,273,S,S,10A100020,Cash,1,Cash,Subaccount,3007,0,O,O,050,Kyushu Sales Office,Department,000,Common Department,Department,,,,,,,,
1347,,,,,,13,2021-09-27,,,,,,,,,,,,,,,,,,,,,,,,,,,,,,,,,,,,
1347,2406,1,,1,1,,,,,,Repair expense,10E201120,Vehicle Expenses,,,,93450,8495,S,S,10A100020,Cash,1,Cash,Subaccount,93450,0,O,O,010,Sapporo Sales Office,Department,000,Common Department,Department,,,,,,,,
1348,,,,,,14,2021-09-27,,,,,,,,,,,,,,,,,,,,,,,,,,,,,,,,,,,,
1348,2407,1,,1,1,,,,,,Gasoline,10E201120,Vehicle Expenses,,,,4000,363,S,S,10A100020,Cash,1,Cash,Subaccount,4000,0,O,O,010,Sapporo Sales Office,Department,000,Common Department,Department,,,,,,,,
1349,,,,,,30,2021-09-27,,,,,,,,,,,,,,,,,,,,,,,,,,,,,,,,,,,,
1349,2408,1,,1,1,,,,,,Insurance Premium payment,10E200240,Insurance Expenses,,,,54320,0,E,E,10A100020,Ordinary Deposits,10,DEF Bank Station Branch,Subaccount,54320,0,O,O,010,Sapporo Sales Office,Department,000,Common Department,Department,,,,,,,,
1350,,,,,,37,2021-09-27,,,,,,,,,,,,,,,,,,,,,,,,,,,,,,,,,,,,
1350,2409,1,,1,,,,,,,Outsourcing fee,10E200020,Sales Commissions,,,,986000,89636,S,S,10B100630,Accounts Payable Other,,,,986000,0,O,O,020,Tokyo Branch,Department,000,Common Department,Department,,,,,,,,
1351,,,,,,39,2021-09-27,,,,,,,,,,,,,,,,,,,,,,,,,,,,,,,,,,,,
1351,2410,1,,1,1,,,,,,Membership fee,10E200140,Employee Welfare Expenses,,,,9000,818,S,S,10A100020,Cash,1,Cash,Subaccount,9000,0,O,O,020,Tokyo Branch,Department,000,Common Department,Department,,,,,,,,
1352,,,,,,60,2021-09-27,,,,,,,,,,,,,,,,,,,,,,,,,,,,,,,,,,,,
1352,2411,1,,1,1,,,,,,Travel expense,10E201230,Travel and Transportation Expenses,,,,21500,1954,S,S,10A100020,Cash,1,Cash,Subaccount,21500,0,O,O,020,Tokyo Branch,Department,000,Common Department,Department,,,,,,,,
1353,,,,,,113,2021-09-27,,,,,,,,,,,,,,,,,,,,,,,,,,,,,,,,,,,,
1353,2412,1,,1,1,,,,,,Mobile phone expense,10E200180,Communication Expenses,,,,74680,6789,S,S,10A100020,Ordinary Deposits,40,JKL Bank Umeda Branch,Subaccount,74680,0,O,O,040,Osaka Branch,Department,000,Common Department,Department,,,,,,,,
1354,,,,,,114,2021-09-27,,,,,,,,,,,,,,,,,,,,,,,,,,,,,,,,,,,,
1354,2413,1,,1,1,,,,,,Newspaper expense,10E201160,Books and Publications,,,,2540,230,S,S,10A100020,Cash,1,Cash,Subaccount,5404,0,O,O,040,Osaka Branch,Department,000,Common Department,Department,,,,,,,,
1354,2414,1,,,,,,,,,Newspaper expense,10E201160,Books and Publications,,,,2864,260,S,S,,,,,,,,,,040,Osaka Branch,Department,,,,,,,,,,,
1355,,,,,,171,2021-09-27,,,,,,,,,,,,,,,,,,,,,,,,,,,,,,,,,,,,
1355,2415,1,,1,1,,,,,,Mobile phone expense,10E200180,Communication Expenses,,,,55182,5016,S,S,10A100020,Ordinary Deposits,50,MNO Bank Kitakyushu Branch,Subaccount,55182,0,O,O,050,Kyushu Sales Office,Department,000,Common Department,Department,,,,,,,,
1356,,,,,,83,2021-09-28,,,,,,,,,,,,,,,,,,,,,,,,,,,,,,,,,,,,
1356,2416,1,,1,1,,,,,,Vehicle management expense,10E201120,Vehicle Expenses,,,,48500,4409,S,S,10A100020,Cash,1,Cash,Subaccount,48500,0,O,O,030,Nagoya Branch,Department,000,Common Department,Department,,,,,,,,
1357,,,,,,88,2021-09-28,,,,,,,,,,,,,,,,,,,,,,,,,,,,,,,,,,,,
1357,2417,1,,1,1,,,,,,Newspaper expense,10E201160,Books and Publications,,,,3568,324,S,S,10A100020,Cash,1,Cash,Subaccount,3568,0,O,O,030,Nagoya Branch,Department,000,Common Department,Department,,,,,,,,
1358,,,,,,93,2021-09-28,,,,,,,,,,,,,,,,,,,,,,,,,,,,,,,,,,,,
1358,2418,1,,1,,,,,,,Repair expense,10E201000,Repairs and Maintenance,,,,17850,1622,S,S,10B100630,Accounts Payable Other,,,,17850,0,O,O,040,Osaka Branch,Department,000,Common Department,Department,,,,,,,,
1359,,,,,,81,2021-09-29,,,,,,,,,,,,,,,,,,,,,,,,,,,,,,,,,,,,
1359,2419,1,,1,,,,,,,Tea expense,10E200140,Employee Welfare Expenses,,,,18900,1718,S,S,10B100630,Accounts Payable Other,,,,18900,0,O,O,030,Nagoya Branch,Department,000,Common Department,Department,,,,,,,,
1360,,,,,,83,2021-09-29,,,,,,,,,,,,,,,,,,,,,,,,,,,,,,,,,,,,
1360,2420,1,,1,1,,,,,,Gasoline,10E201120,Vehicle Expenses,,,,4360,396,S,S,10A100020,Cash,1,Cash,Subaccount,4360,0,O,O,050,Kyushu Sales Office,Department,000,Common Department,Department,,,,,,,,
1361,,,,,,108,2021-09-29,,,,,,,,,,,,,,,,,,,,,,,,,,,,,,,,,,,,
1361,2421,1,,1,1,,,,,,Meal expense Anonymized Store 055,10E200150,Entertainment Expenses,,,,5530,502,S,S,10A100020,Cash,1,Cash,Subaccount,5530,0,O,O,040,Osaka Branch,Department,000,Common Department,Department,,,,,,,,
1362,,,,,,137,2021-09-29,,,,,,,,,,,,,,,,,,,,,,,,,,,,,,,,,,,,
1362,2422,1,,1,,,,,,,Wired service fee,10E201270,Miscellaneous Expenses,,,,6000,545,S,S,10B100630,Accounts Payable Other,,,,48858,0,O,O,040,Osaka Branch,Department,000,Common Department,Department,,,,,,,,
1362,2423,1,,,,,,,,,Security fee,10E201270,Miscellaneous Expenses,,,,42858,3896,S,S,,,,,,,,,,040,Osaka Branch,Department,,,,,,,,,,,
1362,2424,1,,1,1,,,,,,Expressway toll,10E201120,Vehicle Expenses,,,,67810,6164,S,S,10A100020,Ordinary Deposits,40,JKL Bank Umeda Branch,Subaccount,67810,0,O,O,040,Osaka Branch,Department,000,Common Department,Department,,,,,,,,
1362,2425,1,,1,,,,,,,Cleaning fee,10E201270,Miscellaneous Expenses,,,,73500,6681,S,S,10B100630,Accounts Payable Other,,,,73500,0,O,O,040,Osaka Branch,Department,000,Common Department,Department,,,,,,,,
1363,,,,,,147,2021-09-29,,,,,,,,,,,,,,,,,,,,,,,,,,,,,,,,,,,,
1363,2426,1,1,1,1,,,,,,Funds transfer,10A100020,Ordinary Deposits,20,ABC Bank Head Office,Subaccount,12000000,0,O,O,10A100020,Ordinary Deposits,10,DEF Bank Station Branch,Subaccount,4000000,0,O,O,000,Common Department,Department,000,Common Department,Department,,,,,,,,
1363,2427,,,1,1,,,,,,Funds transfer,,,,,,,,,,10A100020,Ordinary Deposits,30,GHI Bank Nagoya Branch,Subaccount,3000000,0,O,O,,,,000,Common Department,Department,,,,,,,,
1363,2428,,,1,1,,,,,,Funds transfer,,,,,,,,,,10A100020,Ordinary Deposits,40,JKL Bank Umeda Branch,Subaccount,3000000,0,O,O,,,,000,Common Department,Department,,,,,,,,
1363,2429,,,1,1,,,,,,Funds transfer,,,,,,,,,,10A100020,Ordinary Deposits,50,MNO Bank Kitakyushu Branch,Subaccount,2000000,0,O,O,,,,000,Common Department,Department,,,,,,,,
1364,,,,,,1,2021-09-30,,,,,,,,,,,,,,,,,,,,,,,,,,,,,,,,,,,,
1364,2430,1,,1,,,,,,,Freight Anonymized Carrier B,10E200870,Freight Expenses,,,,131560,11960,S,S,10B100630,Accounts Payable Other,,,,131560,0,O,O,010,Sapporo Sales Office,Department,000,Common Department,Department,,,,,,,,
1365,,,,,,5,2021-09-30,,,,,,,,,,,,,,,,,,,,,,,,,,,,,,,,,,,,
1365,2431,1,,1,1,,,,,,Advertising expense,10E200050,Advertising Expenses,,,,52500,4772,S,S,10A100020,Ordinary Deposits,10,DEF Bank Station Branch,Subaccount,52500,0,O,O,010,Sapporo Sales Office,Department,000,Common Department,Department,,,,,,,,
1366,,,,,,27,2021-09-30,,,,,,,,,,,,,,,,,,,,,,,,,,,,,,,,,,,,
1366,2432,1,,1,1,,,,,,Travel expense,10E201230,Travel and Transportation Expenses,,,,28362,2578,S,S,10A100020,Cash,1,Cash,Subaccount,94073,0,O,O,010,Sapporo Sales Office,Department,000,Common Department,Department,,,,,,,,
1366,2433,1,,,,,,,,,Travel expense,10E201230,Travel and Transportation Expenses,,,,27739,2521,S,S,,,,,,,,,,010,Sapporo Sales Office,Department,,,,,,,,,,,
1366,2434,1,,,,,,,,,Travel expense,10E201230,Travel and Transportation Expenses,,,,37972,3452,S,S,,,,,,,,,,010,Sapporo Sales Office,Department,,,,,,,,,,,
1367,,,,,,36,2021-09-30,,,,,,,,,,,,,,,,,,,,,,,,,,,,,,,,,,,,
1367,2435,1,,1,,,,,,,Freight Anonymized Carrier A,10E200870,Freight Expenses,,,,1650467,150042,S,S,10B100630,Accounts Payable Other,,,,2460791,0,O,O,020,Tokyo Branch,Department,000,Common Department,Department,,,,,,,,
1367,2436,1,,,,,,,,,Freight Anonymized Carrier B,10E200870,Freight Expenses,,,,810324,73665,S,S,,,,,,,,,,020,Tokyo Branch,Department,,,,,,,,,,,
1368,,,,,,40,2021-09-30,,,,,,,,,,,,,,,,,,,,,,,,,,,,,,,,,,,,
1368,2437,1,,1,,,,,,,Advertising placement,10E200050,Advertising Expenses,,,,50000,4545,S,S,10B100630,Accounts Payable Other,,,,50000,0,O,O,020,Tokyo Branch,Department,000,Common Department,Department,,,,,,,,
1369,,,,,,49,2021-09-30,,,,,,,,,,,,,,,,,,,,,,,,,,,,,,,,,,,,
1369,2438,1,,1,1,,,,,,Gasoline,10E201120,Vehicle Expenses,,,,127620,11601,S,S,10A100020,Cash,1,Cash,Subaccount,133349,0,O,O,020,Tokyo Branch,Department,000,Common Department,Department,,,,,,,,
1369,2439,1,,,,,,,,,Expressway toll,10E201120,Vehicle Expenses,,,,5729,520,S,S,,,,,,,,,,020,Tokyo Branch,Department,,,,,,,,,,,
1370,,,,,,63,2021-09-30,,,,,,,,,,,,,,,,,,,,,,,,,,,,,,,,,,,,
1370,2440,1,,1,1,,,,,,Insurance Expenses,10E200240,Insurance Expenses,,,,81000,0,E,E,10A100020,Ordinary Deposits,20,ABC Bank Head Office,Subaccount,81000,0,O,O,020,Tokyo Branch,Department,000,Common Department,Department,,,,,,,,
1371,,,,,,67,2021-09-30,,,,,,,,,,,,,,,,,,,,,,,,,,,,,,,,,,,,
1371,2441,1,,1,1,,,,,,Membership fee Payment,10E201140,Membership Fees,,,,30000,0,O,O,10A100020,Cash,1,Cash,Subaccount,30000,0,O,O,020,Tokyo Branch,Department,000,Common Department,Department,,,,,,,,
1372,,,,,,70,2021-09-30,,,,,,,,,,,,,,,,,,,,,,,,,,,,,,,,,,,,
1372,2442,1,,1,,,,,,,Wired service fee,10E201270,Miscellaneous Expenses,,,,6000,545,S,S,10B100630,Accounts Payable Other,,,,58381,0,O,O,020,Tokyo Branch,Department,000,Common Department,Department,,,,,,,,
1372,2443,1,,,,,,,,,Security fee,10E201270,Miscellaneous Expenses,,,,52381,4761,S,S,,,,,,,,,,020,Tokyo Branch,Department,,,,,,,,,,,
1372,2444,1,,1,1,,,,,,Expressway toll,10E201120,Vehicle Expenses,,,,73315,6665,S,S,10A100020,Cash,1,Cash,Subaccount,73315,0,O,O,020,Tokyo Branch,Department,000,Common Department,Department,,,,,,,,
1372,2445,1,,1,,,,,,,Cleaning fee,10E201270,Miscellaneous Expenses,,,,73500,6681,S,S,10B100630,Accounts Payable Other,,,,73500,0,O,O,020,Tokyo Branch,Department,000,Common Department,Department,,,,,,,,
1373,,,,,,75,2021-09-30,,,,,,,,,,,,,,,,,,,,,,,,,,,,,,,,,,,,
1373,2446,1,1,1,1,,,,,,Insurance Premium Withheld portion,10B100690,Deposits Received,1,Insurance Expenses,Subaccount,706839,0,O,O,10A100020,Ordinary Deposits,20,ABC Bank Head Office,Subaccount,1423355,0,O,O,000,Common Department,Department,000,Common Department,Department,,,,,,,,
1373,2447,1,,,,,,,,,Insurance Premium Employer contribution,10E200540,Statutory Welfare Expenses,,,,111192,0,E,E,,,,,,,,,,020,Tokyo Branch,Department,,,,,,,,,,,
1373,2448,1,,,,,,,,,Insurance Premium Employer contribution,10E200540,Statutory Welfare Expenses,,,,216077,0,E,E,,,,,,,,,,020,Tokyo Branch,Department,,,,,,,,,,,
1373,2449,1,,,,,,,,,Insurance Premium Employer contribution,10E200540,Statutory Welfare Expenses,,,,100704,0,E,E,,,,,,,,,,010,Sapporo Sales Office,Department,,,,,,,,,,,
1373,2450,1,,,,,,,,,Insurance Premium Employer contribution,10E200540,Statutory Welfare Expenses,,,,92652,0,E,E,,,,,,,,,,030,Nagoya Branch,Department,,,,,,,,,,,
1373,2451,1,,,,,,,,,Insurance Premium Employer contribution,10E200540,Statutory Welfare Expenses,,,,119974,0,E,E,,,,,,,,,,040,Osaka Branch,Department,,,,,,,,,,,
1373,2452,1,,,,,,,,,Insurance Premium Employer contribution,10E200540,Statutory Welfare Expenses,,,,66245,0,E,E,,,,,,,,,,050,Kyushu Sales Office,Department,,,,,,,,,,,
1373,2453,1,,,,,,,,,Child allowance contribution Employer contribution,10E200540,Statutory Welfare Expenses,,,,9672,0,E,E,,,,,,,,,,020,Tokyo Branch,Department,,,,,,,,,,,
1374,,,,,,76,2021-09-30,,,,,,,,,,,,,,,,,,,,,,,,,,,,,,,,,,,,
1374,2454,1,,1,1,,,,,,Insurance Expenses,10E200240,Insurance Expenses,,,,62000,0,E,E,10A100020,Ordinary Deposits,30,GHI Bank Nagoya Branch,Subaccount,62000,0,O,O,030,Nagoya Branch,Department,000,Common Department,Department,,,,,,,,
1375,,,,,,77,2021-09-30,,,,,,,,,,,,,,,,,,,,,,,,,,,,,,,,,,,,
1375,2455,1,,1,1,,,,,,Insurance Premium Payment,10E200240,Insurance Expenses,,,,57000,0,E,E,10A100020,Ordinary Deposits,50,MNO Bank Kitakyushu Branch,Subaccount,57000,0,O,O,050,Kyushu Sales Office,Department,000,Common Department,Department,,,,,,,,
1375,2456,1,,1,,,,,,,Freight Expenses,10E200870,Freight Expenses,,,,165420,15038,S,S,10B100630,Accounts Payable Other,,,,165420,0,O,O,030,Nagoya Branch,Department,000,Common Department,Department,,,,,,,,
1376,,,,,,79,2021-09-30,,,,,,,,,,,,,,,,,,,,,,,,,,,,,,,,,,,,
1376,2457,,,1,,,,,,,Supplies expense department allocation,,,,,,,,,,10E200200,Supplies Expenses,,,,300978,0,O,O,,,,000,Common Department,Department,,,,,,,,
1376,2458,1,,,,,,,,,,10E200200,Supplies Expenses,,,,33107,0,O,O,,,,,,,,,,010,Sapporo Sales Office,Department,,,,,,,,,,,
1376,2459,1,,,,,,,,,,10E200200,Supplies Expenses,,,,144472,0,O,O,,,,,,,,,,020,Tokyo Branch,Department,,,,,,,,,,,
1376,2460,1,,,,,,,,,,10E200200,Supplies Expenses,,,,30097,0,O,O,,,,,,,,,,030,Nagoya Branch,Department,,,,,,,,,,,
1376,2461,1,,,,,,,,,,10E200200,Supplies Expenses,,,,72234,0,O,O,,,,,,,,,,040,Osaka Branch,Department,,,,,,,,,,,
1376,2462,1,,,,,,,,,,10E200200,Supplies Expenses,,,,21068,0,O,O,,,,,,,,,,050,Kyushu Sales Office,Department,,,,,,,,,,,
1377,,,,,,87,2021-09-30,,,,,,,,,,,,,,,,,,,,,,,,,,,,,,,,,,,,
1377,2463,1,,1,1,,,,,,Travel expense,10E201230,Travel and Transportation Expenses,,,,30000,2727,S,S,10A100020,Cash,1,Cash,Subaccount,30000,0,O,O,030,Nagoya Branch,Department,000,Common Department,Department,,,,,,,,
1378,,,,,,90,2021-09-30,,,,,,,,,,,,,,,,,,,,,,,,,,,,,,,,,,,,
1378,2464,1,,1,1,,,,,,month 8 payment,10B100630,Accounts Payable Other,,,,7181008,0,O,O,10A100020,Ordinary Deposits,20,ABC Bank Head Office,Subaccount,7181008,0,O,O,000,Common Department,Department,000,Common Department,Department,,,,,,,,
1379,,,,,,96,2021-09-30,,,,,,,,,,,,,,,,,,,,,,,,,,,,,,,,,,,,
1379,2465,1,,1,1,,,,,,Security fee,10E201270,Miscellaneous Expenses,,,,22470,2042,S,S,10A100020,Ordinary Deposits,30,GHI Bank Nagoya Branch,Subaccount,22470,0,O,O,030,Nagoya Branch,Department,000,Common Department,Department,,,,,,,,
1380,,,,,,99,2021-09-30,,,,,,,,,,,,,,,,,,,,,,,,,,,,,,,,,,,,
1380,2466,1,,1,,,,,,,Freight Expenses,10E200870,Freight Expenses,,,,632040,57458,S,S,10B100630,Accounts Payable Other,,,,632040,0,O,O,040,Osaka Branch,Department,000,Common Department,Department,,,,,,,,
1381,,,,,,100,2021-09-30,,,,,,,,,,,,,,,,,,,,,,,,,,,,,,,,,,,,
1381,2467,1,,1,1,,,,,,Membership fee,10E200140,Employee Welfare Expenses,,,,6000,545,S,S,10A100020,Cash,1,Cash,Subaccount,6000,0,O,O,040,Osaka Branch,Department,000,Common Department,Department,,,,,,,,
1382,,,,,,115,2021-09-30,,,,,,,,,,,,,,,,,,,,,,,,,,,,,,,,,,,,
1382,2468,1,,1,1,,,,,,Insurance Expenses,10E200240,Insurance Expenses,,,,64500,0,E,E,10A100020,Ordinary Deposits,40,JKL Bank Umeda Branch,Subaccount,64500,0,O,O,040,Osaka Branch,Department,000,Common Department,Department,,,,,,,,
1383,,,,,,117,2021-09-30,,,,,,,,,,,,,,,,,,,,,,,,,,,,,,,,,,,,
1383,2469,1,1,1,,,,,,,9/1-9/30 periodSales,10A100090,Accounts Receivable,25,Anonymized Partner 033,Subaccount,4531280,0,O,O,10D100100,Gross Sales,,,,4531280,411934,S,S,000,Common Department,Department,010,Sapporo Sales Office,Department,,,,,,,,
1383,2470,1,1,1,,,,,,,9/1-9/30 periodSales,10A100090,Accounts Receivable,14,Anonymized Partner 066,Subaccount,1121960,0,O,O,10D100100,Gross Sales,,,,1121960,101996,S,S,000,Common Department,Department,010,Sapporo Sales Office,Department,,,,,,,,
1383,2471,1,1,1,,,,,,,9/1-9/30 periodSales,10A100090,Accounts Receivable,5,Anonymized Partner 030,Subaccount,1129600,0,O,O,10D100100,Gross Sales,,,,1129600,102690,S,S,000,Common Department,Department,010,Sapporo Sales Office,Department,,,,,,,,
1384,,,,,,118,2021-09-30,,,,,,,,,,,,,,,,,,,,,,,,,,,,,,,,,,,,
1384,2472,1,1,1,,,,,,,9/1-9/30 periodSales,10A100090,Accounts Receivable,2,Anonymized Partner 057,Subaccount,16028828,0,O,O,10D100100,Gross Sales,,,,16028828,1457166,S,S,000,Common Department,Department,020,Tokyo Branch,Department,,,,,,,,
1384,2473,1,1,1,,,,,,,9/1-9/30 periodSales,10A100090,Accounts Receivable,12,Anonymized Partner 065,Subaccount,9607109,0,O,O,10D100100,Gross Sales,,,,9607109,873373,S,S,000,Common Department,Department,020,Tokyo Branch,Department,,,,,,,,
1384,2474,1,1,1,,,,,,,9/1-9/30 periodSales,10A100090,Accounts Receivable,24,Anonymized Partner 081,Subaccount,670364,0,O,O,10D100100,Gross Sales,,,,670364,60942,S,S,000,Common Department,Department,020,Tokyo Branch,Department,,,,,,,,
1384,2475,1,1,1,,,,,,,9/1-9/30 periodSales,10A100090,Accounts Receivable,11,Anonymized Partner 058,Subaccount,311649,0,O,O,10D100100,Gross Sales,,,,311649,28331,S,S,000,Common Department,Department,020,Tokyo Branch,Department,,,,,,,,
1384,2476,1,1,1,,,,,,,9/1-9/30 periodSales,10A100090,Accounts Receivable,14,Anonymized Partner 066,Subaccount,1733186,0,O,O,10D100100,Gross Sales,,,,1733186,157562,S,S,000,Common Department,Department,020,Tokyo Branch,Department,,,,,,,,
1384,2477,1,1,1,,,,,,,9/1-9/30 periodSales,10A100090,Accounts Receivable,30,Anonymized Partner 052,Subaccount,1044756,0,O,O,10D100100,Gross Sales,,,,1044756,94977,S,S,000,Common Department,Department,020,Tokyo Branch,Department,,,,,,,,
1384,2478,1,1,1,,,,,,,9/1-9/30 periodSales,10A100090,Accounts Receivable,26,Anonymized Partner 082,Subaccount,695408,0,O,O,10D100100,Gross Sales,,,,695408,63218,S,S,000,Common Department,Department,020,Tokyo Branch,Department,,,,,,,,
1384,2479,1,1,1,,,,,,,9/1-9/30 periodSales,10A100090,Accounts Receivable,13,Anonymized Partner 023,Subaccount,652365,0,O,O,10D100100,Gross Sales,,,,652365,59305,S,S,000,Common Department,Department,020,Tokyo Branch,Department,,,,,,,,
1384,2480,1,1,1,,,,,,,9/1-9/30 periodSales,10A100090,Accounts Receivable,10,Anonymized Partner 012,Subaccount,342468,0,O,O,10D100100,Gross Sales,,,,342468,31133,S,S,000,Common Department,Department,020,Tokyo Branch,Department,,,,,,,,
1385,,,,,,119,2021-09-30,,,,,,,,,,,,,,,,,,,,,,,,,,,,,,,,,,,,
1385,2481,1,1,1,,,,,,,9/1-9/30 periodSales,10A100090,Accounts Receivable,27,Anonymized Partner 025,Subaccount,893184,0,O,O,10D100100,Gross Sales,,,,893184,81198,S,S,000,Common Department,Department,030,Nagoya Branch,Department,,,,,,,,
1385,2482,1,1,1,,,,,,,9/1-9/30 periodSales,10A100090,Accounts Receivable,14,Anonymized Partner 066,Subaccount,1356786,0,O,O,10D100100,Gross Sales,,,,1356786,123344,S,S,000,Common Department,Department,030,Nagoya Branch,Department,,,,,,,,
1385,2483,1,1,1,,,,,,,9/1-9/30 periodSales,10A100090,Accounts Receivable,19,Anonymized Partner 045,Subaccount,853605,0,O,O,10D100100,Gross Sales,,,,853605,77600,S,S,000,Common Department,Department,030,Nagoya Branch,Department,,,,,,,,
1385,2484,1,1,1,,,,,,,9/1-9/30 periodSales,10A100090,Accounts Receivable,21,Anonymized Partner 014,Subaccount,438255,0,O,O,10D100100,Gross Sales,,,,438255,39841,S,S,000,Common Department,Department,030,Nagoya Branch,Department,,,,,,,,
1385,2485,1,1,1,,,,,,,9/1-9/30 periodSales,10A100090,Accounts Receivable,6,Anonymized Partner 061,Subaccount,1023876,0,O,O,10D100100,Gross Sales,,,,1023876,93079,S,S,000,Common Department,Department,030,Nagoya Branch,Department,,,,,,,,
1385,2486,1,1,1,,,,,,,9/1-9/30 periodSales,10A100090,Accounts Receivable,7,Anonymized Partner 042,Subaccount,1209600,0,O,O,10D100100,Gross Sales,,,,1209600,109963,S,S,000,Common Department,Department,030,Nagoya Branch,Department,,,,,,,,
1386,,,,,,120,2021-09-30,,,,,,,,,,,,,,,,,,,,,,,,,,,,,,,,,,,,
1386,2487,1,1,1,,,,,,,9/1-9/30 periodSales,10A100090,Accounts Receivable,28,Anonymized Partner 072,Subaccount,5964649,0,O,O,10D100100,Gross Sales,,,,5964649,542240,S,S,000,Common Department,Department,040,Osaka Branch,Department,,,,,,,,
1386,2488,1,1,1,,,,,,,9/1-9/30 periodSales,10A100090,Accounts Receivable,8,Anonymized Partner 073,Subaccount,988155,0,O,O,10D100100,Gross Sales,,,,988155,89832,S,S,000,Common Department,Department,040,Osaka Branch,Department,,,,,,,,
1386,2489,1,1,1,,,,,,,9/1-9/30 periodSales,10A100090,Accounts Receivable,9,Anonymized Partner 026,Subaccount,1104280,0,O,O,10D100100,Gross Sales,,,,1104280,100389,S,S,000,Common Department,Department,040,Osaka Branch,Department,,,,,,,,
1386,2490,1,1,1,,,,,,,9/1-9/30 periodSales,10A100090,Accounts Receivable,14,Anonymized Partner 066,Subaccount,2538474,0,O,O,10D100100,Gross Sales,,,,2538474,230770,S,S,000,Common Department,Department,040,Osaka Branch,Department,,,,,,,,
1386,2491,1,1,1,,,,,,,9/1-9/30 periodSales,10A100090,Accounts Receivable,20,Anonymized Partner 079,Subaccount,754274,0,O,O,10D100100,Gross Sales,,,,754274,68570,S,S,000,Common Department,Department,040,Osaka Branch,Department,,,,,,,,
1386,2492,1,1,1,,,,,,,9/1-9/30 periodSales,10A100090,Accounts Receivable,3,Anonymized Partner 085,Subaccount,282780,0,O,O,10D100100,Gross Sales,,,,282780,25707,S,S,000,Common Department,Department,040,Osaka Branch,Department,,,,,,,,
1386,2493,1,1,1,,,,,,,9/1-9/30 periodSales,10A100090,Accounts Receivable,4,Anonymized Partner 032,Subaccount,703968,0,O,O,10D100100,Gross Sales,,,,703968,63997,S,S,000,Common Department,Department,040,Osaka Branch,Department,,,,,,,,
1386,2494,1,1,1,,,,,,,9/1-9/30 periodSales,10A100090,Accounts Receivable,23,Anonymized Partner 056,Subaccount,542236,0,O,O,10D100100,Gross Sales,,,,542236,49294,S,S,000,Common Department,Department,040,Osaka Branch,Department,,,,,,,,
1387,,,,,,121,2021-09-30,,,,,,,,,,,,,,,,,,,,,,,,,,,,,,,,,,,,
1387,2495,1,1,1,,,,,,,9/1-9/30 periodSales,10A100090,Accounts Receivable,22,Anonymized Partner 070,Subaccount,570784,0,O,O,10D100100,Gross Sales,,,,570784,51889,S,S,000,Common Department,Department,050,Kyushu Sales Office,Department,,,,,,,,
1387,2496,1,1,1,,,,,,,9/1-9/30 periodSales,10A100090,Accounts Receivable,1,Anonymized Partner 068,Subaccount,1370644,0,O,O,10D100100,Gross Sales,,,,1370644,124604,S,S,000,Common Department,Department,050,Kyushu Sales Office,Department,,,,,,,,
1387,2497,1,1,1,,,,,,,9/1-9/30 periodSales,10A100090,Accounts Receivable,14,Anonymized Partner 066,Subaccount,964280,0,O,O,10D100100,Gross Sales,,,,964280,87661,S,S,000,Common Department,Department,050,Kyushu Sales Office,Department,,,,,,,,
1387,2498,1,1,1,,,,,,,9/1-9/30 periodSales,10A100090,Accounts Receivable,29,Anonymized Partner 049,Subaccount,496980,0,O,O,10D100100,Gross Sales,,,,496980,45180,S,S,000,Common Department,Department,050,Kyushu Sales Office,Department,,,,,,,,
1388,,,,,,122,2021-09-30,,,,,,,,,,,,,,,,,,,,,,,,,,,,,,,,,,,,
1388,2499,1,1,1,1,,,,,,Voucher No. 317 dated 9/30 Anonymized Partner 032,10A100020,Ordinary Deposits,40,JKL Bank Umeda Branch,Subaccount,697968,0,O,O,10A100090,Accounts Receivable,4,Anonymized Partner 032,Subaccount,697968,0,O,O,000,Common Department,Department,000,Common Department,Department,,,,,,,,
1388,2500,1,,1,1,,,,,,Voucher No. 317 dated 9/30 Anonymized Partner 032,10E200690,Service Fees,,,,840,76,S,S,10A100090,Accounts Receivable,4,Anonymized Partner 032,Subaccount,840,0,O,O,040,Osaka Branch,Department,000,Common Department,Department,,,,,,,,
1389,,,,,,123,2021-09-30,,,,,,,,,,,,,,,,,,,,,,,,,,,,,,,,,,,,
1389,2501,1,1,1,1,,,,,,Voucher No. 318 dated 9/30 Anonymized Partner 030,10A100020,Ordinary Deposits,10,DEF Bank Station Branch,Subaccount,971024,0,O,O,10A100090,Accounts Receivable,5,Anonymized Partner 030,Subaccount,971024,0,O,O,000,Common Department,Department,000,Common Department,Department,,,,,,,,
1389,2502,1,,1,1,,,,,,Voucher No. 318 dated 9/30 Anonymized Partner 030,10E200690,Service Fees,,,,840,76,S,S,10A100090,Accounts Receivable,5,Anonymized Partner 030,Subaccount,840,0,O,O,010,Sapporo Sales Office,Department,000,Common Department,Department,,,,,,,,
1390,,,,,,124,2021-09-30,,,,,,,,,,,,,,,,,,,,,,,,,,,,,,,,,,,,
1390,2503,1,,1,1,,,,,,Voucher No. 319 dated 9/30 Anonymized Partner 065 | Sales voucher=20210831-111;Note number=R20210930-124-12,10A100060,Notes Receivable,,,,10599606,0,O,O,10A100090,Accounts Receivable,12,Anonymized Partner 065,Subaccount,10599606,0,O,O,000,Common Department,Department,000,Common Department,Department,,,,,,,,
1391,,,,,,125,2021-09-30,,,,,,,,,,,,,,,,,,,,,,,,,,,,,,,,,,,,
1391,2504,1,1,1,1,,,,,,Voucher No. 320 dated 9/30 Anonymized Partner 081,10A100020,Ordinary Deposits,20,ABC Bank Head Office,Subaccount,543950,0,O,O,10A100090,Accounts Receivable,24,Anonymized Partner 081,Subaccount,543950,0,O,O,000,Common Department,Department,000,Common Department,Department,,,,,,,,
1391,2505,1,,1,1,,,,,,Voucher No. 320 dated 9/30 Anonymized Partner 081,10E200690,Service Fees,,,,630,57,S,S,10A100090,Accounts Receivable,24,Anonymized Partner 081,Subaccount,630,0,O,O,020,Tokyo Branch,Department,000,Common Department,Department,,,,,,,,
1392,,,,,,126,2021-09-30,,,,,,,,,,,,,,,,,,,,,,,,,,,,,,,,,,,,
1392,2506,1,1,1,1,,,,,,Voucher No. 321 dated 9/30 Anonymized Partner 049,10A100020,Ordinary Deposits,50,MNO Bank Kitakyushu Branch,Subaccount,554190,0,O,O,10A100090,Accounts Receivable,29,Anonymized Partner 049,Subaccount,554190,0,O,O,000,Common Department,Department,000,Common Department,Department,,,,,,,,
1392,2507,1,,1,1,,,,,,Voucher No. 321 dated 9/30 Anonymized Partner 049,10E200690,Service Fees,,,,210,19,S,S,10A100090,Accounts Receivable,29,Anonymized Partner 049,Subaccount,210,0,O,O,050,Kyushu Sales Office,Department,000,Common Department,Department,,,,,,,,
1393,,,,,,127,2021-09-30,,,,,,,,,,,,,,,,,,,,,,,,,,,,,,,,,,,,
1393,2508,1,1,1,1,,,,,,Voucher No. 455 dated 9/30 Anonymized Partner 012,10A100020,Cash,1,Cash,Subaccount,666376,0,O,O,10A100090,Accounts Receivable,10,Anonymized Partner 012,Subaccount,666376,0,O,O,000,Common Department,Department,000,Common Department,Department,,,,,,,,
1394,,,,,,128,2021-09-30,,,,,,,,,,,,,,,,,,,,,,,,,,,,,,,,,,,,
1394,2509,1,,1,1,,,,,,Revenue stamp,10E200210,Taxes and Dues,,,,2000,0,O,O,10A100020,Cash,1,Cash,Subaccount,2000,0,O,O,010,Sapporo Sales Office,Department,000,Common Department,Department,,,,,,,,
1394,2510,1,,1,1,,,,,,9/1-9/30 period Purchases,10E100130,Merchandise Purchases,,,,232695,21154,S,S,10B100040,Accounts Payable,2,Anonymized Partner 046,Subaccount,232695,0,O,O,010,Sapporo Sales Office,Department,000,Common Department,Department,,,,,,,,
1395,,,,,,129,2021-09-30,,,,,,,,,,,,,,,,,,,,,,,,,,,,,,,,,,,,
1395,2511,1,,1,1,,,,,,9/1-9/30 period Purchases,10E100130,Merchandise Purchases,,,,2868702,260791,S,S,10B100040,Accounts Payable,14,Anonymized Partner 011,Subaccount,2868702,0,O,O,020,Tokyo Branch,Department,000,Common Department,Department,,,,,,,,
1395,2512,1,,1,1,,,,,,9/1-9/30 period Purchases,10E100130,Merchandise Purchases,,,,3153847,286713,S,S,10B100040,Accounts Payable,3,Anonymized Partner 085,Subaccount,3153847,0,O,O,020,Tokyo Branch,Department,000,Common Department,Department,,,,,,,,
1395,2513,1,,1,1,,,,,,9/1-9/30 period Purchases,10E100130,Merchandise Purchases,,,,1317476,119770,S,S,10B100040,Accounts Payable,13,Anonymized Partner 027,Subaccount,1317476,0,O,O,020,Tokyo Branch,Department,000,Common Department,Department,,,,,,,,
1395,2514,1,,1,1,,,,,,9/1-9/30 period Purchases,10E100130,Merchandise Purchases,,,,5934799,539527,S,S,10B100040,Accounts Payable,1,Anonymized Partner 043,Subaccount,5934799,0,O,O,020,Tokyo Branch,Department,000,Common Department,Department,,,,,,,,
1395,2515,1,,1,1,,,,,,9/1-9/30 period Purchases,10E100130,Merchandise Purchases,,,,4284585,389507,S,S,10B100040,Accounts Payable,11,Anonymized Partner 067,Subaccount,4284585,0,O,O,020,Tokyo Branch,Department,000,Common Department,Department,,,,,,,,
1395,2516,1,,1,1,,,,,,9/1-9/30 period Purchases,10E100130,Merchandise Purchases,,,,316537,28776,S,S,10B100040,Accounts Payable,12,Anonymized Partner 059,Subaccount,316537,0,O,O,020,Tokyo Branch,Department,000,Common Department,Department,,,,,,,,
1395,2517,1,,1,1,,,,,,9/1-9/30 period Purchases,10E100130,Merchandise Purchases,,,,316108,28737,S,S,10B100040,Accounts Payable,8,Anonymized Partner 063,Subaccount,316108,0,O,O,020,Tokyo Branch,Department,000,Common Department,Department,,,,,,,,
1395,2518,1,,1,1,,,,,,9/1-9/30 period Purchases,10E100130,Merchandise Purchases,,,,392134,35648,S,S,10B100040,Accounts Payable,2,Anonymized Partner 046,Subaccount,392134,0,O,O,020,Tokyo Branch,Department,000,Common Department,Department,,,,,,,,
1396,,,,,,130,2021-09-30,,,,,,,,,,,,,,,,,,,,,,,,,,,,,,,,,,,,
1396,2519,1,,1,1,,,,,,9/1-9/30 period Purchases,10E100130,Merchandise Purchases,,,,1819272,165388,S,S,10B100040,Accounts Payable,9,Anonymized Partner 029,Subaccount,1819272,0,O,O,030,Nagoya Branch,Department,000,Common Department,Department,,,,,,,,
1396,2520,1,,1,1,,,,,,9/1-9/30 period Purchases,10E100130,Merchandise Purchases,,,,1178376,107125,S,S,10B100040,Accounts Payable,15,Anonymized Partner 074,Subaccount,1178376,0,O,O,030,Nagoya Branch,Department,000,Common Department,Department,,,,,,,,
1396,2521,1,,1,1,,,,,,9/1-9/30 period Purchases,10E100130,Merchandise Purchases,,,,3447035,313366,S,S,10B100040,Accounts Payable,7,Anonymized Partner 048,Subaccount,3447035,0,O,O,030,Nagoya Branch,Department,000,Common Department,Department,,,,,,,,
1396,2522,1,,1,1,,,,,,9/1-9/30 period Purchases,10E100130,Merchandise Purchases,,,,116347,10577,S,S,10B100040,Accounts Payable,2,Anonymized Partner 046,Subaccount,116347,0,O,O,030,Nagoya Branch,Department,000,Common Department,Department,,,,,,,,
1396,2523,1,,1,1,,,,,,9/1-9/30 period Purchases,10E100130,Merchandise Purchases,,,,74088,6735,S,S,10B100040,Accounts Payable,8,Anonymized Partner 063,Subaccount,74088,0,O,O,030,Nagoya Branch,Department,000,Common Department,Department,,,,,,,,
1397,,,,,,131,2021-09-30,,,,,,,,,,,,,,,,,,,,,,,,,,,,,,,,,,,,
1397,2524,1,,1,1,,,,,,9/1-9/30 period Purchases,10E100130,Merchandise Purchases,,,,3730512,339137,S,S,10B100040,Accounts Payable,5,Anonymized Partner 010,Subaccount,3730512,0,O,O,040,Osaka Branch,Department,000,Common Department,Department,,,,,,,,
1397,2525,1,,1,1,,,,,,9/1-9/30 period Purchases,10E100130,Merchandise Purchases,,,,944145,85831,S,S,10B100040,Accounts Payable,4,Anonymized Partner 047,Subaccount,944145,0,O,O,040,Osaka Branch,Department,000,Common Department,Department,,,,,,,,
1397,2526,1,,1,1,,,,,,9/1-9/30 period Purchases,10E100130,Merchandise Purchases,,,,3051222,277383,S,S,10B100040,Accounts Payable,10,Anonymized Partner 009,Subaccount,3051222,0,O,O,040,Osaka Branch,Department,000,Common Department,Department,,,,,,,,
1397,2527,1,,1,1,,,,,,9/1-9/30 period Purchases,10E100130,Merchandise Purchases,,,,3484984,316816,S,S,10B100040,Accounts Payable,6,Anonymized Partner 054,Subaccount,3484984,0,O,O,040,Osaka Branch,Department,000,Common Department,Department,,,,,,,,
1397,2528,1,,1,1,,,,,,9/1-9/30 period Purchases,10E100130,Merchandise Purchases,,,,405060,36823,S,S,10B100040,Accounts Payable,2,Anonymized Partner 046,Subaccount,405060,0,O,O,040,Osaka Branch,Department,000,Common Department,Department,,,,,,,,
1397,2529,1,,1,1,,,,,,9/1-9/30 period Purchases,10E100130,Merchandise Purchases,,,,24696,2245,S,S,10B100040,Accounts Payable,8,Anonymized Partner 063,Subaccount,24696,0,O,O,040,Osaka Branch,Department,000,Common Department,Department,,,,,,,,
1398,,,,,,132,2021-09-30,,,,,,,,,,,,,,,,,,,,,,,,,,,,,,,,,,,,
1398,2530,1,,1,1,,,,,,9/1-9/30 period Purchases,10E100130,Merchandise Purchases,,,,94801,8618,S,S,10B100040,Accounts Payable,2,Anonymized Partner 046,Subaccount,94801,0,O,O,050,Kyushu Sales Office,Department,000,Common Department,Department,,,,,,,,
1399,,,,,,133,2021-09-30,,,,,,,,,,,,,,,,,,,,,,,,,,,,,,,,,,,,
1399,2531,1,1,1,1,,,,,,Voucher No. 231 dated 9/30 Anonymized Partner 046,10B100040,Accounts Payable,2,Anonymized Partner 046,Subaccount,1318601,0,O,O,10A100020,Ordinary Deposits,20,ABC Bank Head Office,Subaccount,1318601,0,O,O,000,Common Department,Department,000,Common Department,Department,,,,,,,,
1400,,,,,,134,2021-09-30,,,,,,,,,,,,,,,,,,,,,,,,,,,,,,,,,,,,
1400,2532,1,1,1,,,,,,,Voucher No. 232 dated 9/30 Anonymized Partner 010,10B100040,Accounts Payable,5,Anonymized Partner 010,Subaccount,3841014,0,O,O,10B100030,Notes Payable,,,,3841014,0,O,O,000,Common Department,Department,000,Common Department,Department,,,,,,,,
1401,,,,,,135,2021-09-30,,,,,,,,,,,,,,,,,,,,,,,,,,,,,,,,,,,,
1401,2533,1,1,1,1,,,,,,Voucher No. 234 dated 9/30 Anonymized Partner 048,10B100040,Accounts Payable,7,Anonymized Partner 048,Subaccount,3639444,0,O,O,10A100020,Ordinary Deposits,20,ABC Bank Head Office,Subaccount,3639444,0,O,O,000,Common Department,Department,000,Common Department,Department,,,,,,,,
1402,,,,,,136,2021-09-30,,,,,,,,,,,,,,,,,,,,,,,,,,,,,,,,,,,,
1402,2534,1,1,1,,,,,,,Voucher No. 236 dated 9/30 Anonymized Partner 029,10B100040,Accounts Payable,9,Anonymized Partner 029,Subaccount,1819272,0,O,O,10B100030,Notes Payable,,,,1819272,0,O,O,000,Common Department,Department,000,Common Department,Department,,,,,,,,
1403,,,,,,137,2021-09-30,,,,,,,,,,,,,,,,,,,,,,,,,,,,,,,,,,,,
1403,2535,1,1,1,,,,,,,Voucher No. 242 dated 9/30 Anonymized Partner 009,10B100040,Accounts Payable,10,Anonymized Partner 009,Subaccount,3148603,0,O,O,10B100030,Notes Payable,,,,3148603,0,O,O,000,Common Department,Department,000,Common Department,Department,,,,,,,,
1404,,,,,,138,2021-09-30,,,,,,,,,,,,,,,,,,,,,,,,,,,,,,,,,,,,
1404,2536,1,1,1,1,,,,,,Voucher No. 243 dated 9/30 Anonymized Partner 059,10B100040,Accounts Payable,12,Anonymized Partner 059,Subaccount,336571,0,O,O,10A100020,Ordinary Deposits,20,ABC Bank Head Office,Subaccount,336571,0,O,O,000,Common Department,Department,000,Common Department,Department,,,,,,,,
1405,,,,,,139,2021-09-30,,,,,,,,,,,,,,,,,,,,,,,,,,,,,,,,,,,,
1405,2537,1,1,1,1,,,,,,Voucher No. 245 dated 9/30 Anonymized Partner 027,10B100040,Accounts Payable,13,Anonymized Partner 027,Subaccount,1317476,0,O,O,10A100020,Ordinary Deposits,20,ABC Bank Head Office,Subaccount,1317476,0,O,O,000,Common Department,Department,000,Common Department,Department,,,,,,,,
1406,,,,,,140,2021-09-30,,,,,,,,,,,,,,,,,,,,,,,,,,,,,,,,,,,,
1406,2538,1,1,1,1,,,,,,Voucher No. 247 dated 9/30 Anonymized Partner 011,10B100040,Accounts Payable,14,Anonymized Partner 011,Subaccount,2953512,0,O,O,10A100020,Ordinary Deposits,20,ABC Bank Head Office,Subaccount,2953512,0,O,O,000,Common Department,Department,000,Common Department,Department,,,,,,,,
1407,,,,,,141,2021-09-30,,,,,,,,,,,,,,,,,,,,,,,,,,,,,,,,,,,,
1407,2539,1,1,1,1,,,,,,Voucher No. 248 dated 9/30 Anonymized Partner 074,10B100040,Accounts Payable,15,Anonymized Partner 074,Subaccount,1178376,0,O,O,10A100020,Ordinary Deposits,20,ABC Bank Head Office,Subaccount,1178376,0,O,O,000,Common Department,Department,000,Common Department,Department,,,,,,,,
1408,,,,,,142,2021-09-30,,,,,,,,,,,,,,,,,,,,,,,,,,,,,,,,,,,,
1408,2540,1,1,1,,,,,,,Note maturity Anonymized Partner 072 | Note number=R20210710-91-28;Receipt amount corrected to settlement amount,10A100020,Checking Deposits,1,ABC Bank,Subaccount,5619076,0,O,O,10A100060,Notes Receivable,,,,5619076,0,O,O,000,Common Department,Department,000,Common Department,Department,,,,,,,,
1409,,,,,,143,2021-09-30,,,,,,,,,,,,,,,,,,,,,,,,,,,,,,,,,,,,
1409,2541,1,,1,1,,,,,,Note due date settlement Anonymized Partner 010,10B100030,Notes Payable,,,,3766486,0,O,O,10A100020,Checking Deposits,1,ABC Bank,Subaccount,3766486,0,O,O,000,Common Department,Department,000,Common Department,Department,,,,,,,,
1409,2542,1,,1,1,,,,,,Note due date settlement Anonymized Partner 029,10B100030,Notes Payable,,,,1784949,0,O,O,10A100020,Checking Deposits,1,ABC Bank,Subaccount,1784949,0,O,O,000,Common Department,Department,000,Common Department,Department,,,,,,,,
1409,2543,1,,1,1,,,,,,Note due date settlement Anonymized Partner 009,10B100030,Notes Payable,,,,3086761,0,O,O,10A100020,Checking Deposits,1,ABC Bank,Subaccount,3086761,0,O,O,000,Common Department,Department,000,Common Department,Department,,,,,,,,
1410,,,,,,145,2021-09-30,,,,,,,,,,,,,,,,,,,,,,,,,,,,,,,,,,,,
1410,2544,1,,1,,,,,,,Freight Expenses,10E200870,Freight Expenses,,,,139140,12649,S,S,10B100630,Accounts Payable Other,,,,139140,0,O,O,050,Kyushu Sales Office,Department,000,Common Department,Department,,,,,,,,
1411,,,,,,148,2021-09-30,,,,,,,,,,,,,,,,,,,,,,,,,,,,,,,,,,,,
1411,2545,1,1,1,,,,,,,Loan repayment received,10A100020,Ordinary Deposits,20,ABC Bank Head Office,Subaccount,40000,0,O,O,10A100610,Short-term Loans Receivable,,,,40000,0,O,O,000,Common Department,Department,000,Common Department,Department,,,,,,,,
1412,,,,,,149,2021-09-30,,,,,,,,,,,,,,,,,,,,,,,,,,,,,,,,,,,,
1412,2546,1,1,1,1,,,,,,Installment savings,10A100020,Installment Savings,4,Installment Savings,Subaccount,500000,0,O,O,10A100020,Ordinary Deposits,20,ABC Bank Head Office,Subaccount,625000,0,O,O,000,Common Department,Department,000,Common Department,Department,,,,,,,,
1412,2547,1,,,,,,,,,Insurance Reserve Deposits,10A230570,Insurance Reserve Deposits,,,,125000,0,O,O,,,,,,,,,,000,Common Department,Department,,,,,,,,,,,
1413,,,,,,150,2021-09-30,,,,,,,,,,,,,,,,,,,,,,,,,,,,,,,,,,,,
1413,2548,1,,1,1,,,,,,Loan repayment,10B100790,Short-term Borrowings,,,,653500,0,O,O,10A100020,Checking Deposits,1,ABC Bank,Subaccount,686175,0,O,O,000,Common Department,Department,000,Common Department,Department,,,,,,,,
1413,2549,1,,,,,,,,,Interest,10E300020,Interest Expense,,,,32675,0,E,E,,,,,,,,,,020,Tokyo Branch,Department,,,,,,,,,,,
1414,,,,,,156,2021-09-30,,,,,,,,,,,,,,,,,,,,,,,,,,,,,,,,,,,,
1414,2550,1,,1,1,,,,,,Business travel expense,10E201230,Travel and Transportation Expenses,,,,13500,1227,S,S,10A100020,Cash,1,Cash,Subaccount,13500,0,O,O,050,Kyushu Sales Office,Department,000,Common Department,Department,,,,,,,,
1415,,,,,,158,2021-09-30,,,,,,,,,,,,,,,,,,,,,,,,,,,,,,,,,,,,
1415,2551,1,,1,1,,,,,,Business travel expense,10E201230,Travel and Transportation Expenses,,,,6900,627,S,S,10A100020,Cash,1,Cash,Subaccount,6900,0,O,O,040,Osaka Branch,Department,000,Common Department,Department,,,,,,,,
1416,,,,,,990006,2021-09-30,,,,,,,,,,,,,,,,,,,,,,,,,,,,,,,,,,,,
1416,2552,1,,1,,,,,,,Sample definition: Semiannual bonus accrual allocated evenly 202109 Department010,10E200130,Bonuses,,,,190000,0,O,O,10B100320,Provision for Bonuses,,,,190000,0,O,O,010,Sapporo Sales Office,Department,010,Sapporo Sales Office,Department,,,,,,,,
1416,2553,1,,1,,,,,,,Sample definition: Semiannual bonus accrual allocated evenly 202109 Department020,10E200130,Bonuses,,,,451667,0,O,O,10B100320,Provision for Bonuses,,,,451667,0,O,O,020,Tokyo Branch,Department,020,Tokyo Branch,Department,,,,,,,,
1416,2554,1,,1,,,,,,,Sample definition: Semiannual bonus accrual allocated evenly 202109 Department030,10E200130,Bonuses,,,,178333,0,O,O,10B100320,Provision for Bonuses,,,,178333,0,O,O,030,Nagoya Branch,Department,030,Nagoya Branch,Department,,,,,,,,
1416,2555,1,,1,,,,,,,Sample definition: Semiannual bonus accrual allocated evenly 202109 Department040,10E200130,Bonuses,,,,216667,0,O,O,10B100320,Provision for Bonuses,,,,216667,0,O,O,040,Osaka Branch,Department,040,Osaka Branch,Department,,,,,,,,
1416,2556,1,,1,,,,,,,Sample definition: Semiannual bonus accrual allocated evenly 202109 Department050,10E200130,Bonuses,,,,136667,0,O,O,10B100320,Provision for Bonuses,,,,136667,0,O,O,050,Kyushu Sales Office,Department,050,Kyushu Sales Office,Department,,,,,,,,
