JP07a,JP08a,BS04fb,JP05a,BS04fc,JP05b,JP07a_GL03_01,JP07a_GL03_03,GL05c_01,GE23c_01,GE09eR_01,JP08a_GL04_03,JP06e_GE24_01,JP06e_GE24_02,JP05a_01,JP05a_02,JP05a_03,GE05ku_01,GE05kw_01,JP02j_BS09_01,JP02j_BS09_02,JP06f_GE24_01,JP06f_GE24_02,JP05b_01,JP05b_02,JP05b_03,GE05kz_01,GE05kB_01,JP02k_BS09_01,JP02k_BS09_02,BS04fb_01,BS04fb_02,BS04fb_03,BS04fc_01,BS04fc_02,BS04fc_03,Data_Scope,Document_ID,Document_Type,Document_Number,Related_Document_ID,Related_Document_Type,Related_Document_Number,Settlement_Scheduled_Month
1887,,,,,,10,2021-12-01,,,,,,,,,,,,,,,,,,,,,,,,,,,,,,,,,,,,
1887,3383,1,,1,1,,,,,,Car wash expense,10E201120,Vehicle Expenses,,,,3000,272,S,S,10A100020,Cash,1,Cash,Subaccount,3000,0,O,O,010,Sapporo Sales Office,Department,000,Common Department,Department,,,,,,,,
1888,,,,,,18,2021-12-01,,,,,,,,,,,,,,,,,,,,,,,,,,,,,,,,,,,,
1888,3384,1,,1,1,,,,,,Travel expense,10E201230,Travel and Transportation Expenses,,,,29500,2681,S,S,10A100020,Cash,1,Cash,Subaccount,29500,0,O,O,010,Sapporo Sales Office,Department,000,Common Department,Department,,,,,,,,
1889,,,,,,56,2021-12-01,,,,,,,,,,,,,,,,,,,,,,,,,,,,,,,,,,,,
1889,3385,1,,1,1,,,,,,Travel expense,10E201230,Travel and Transportation Expenses,,,,653500,59409,S,S,10A100020,Cash,1,Cash,Subaccount,686175,0,O,O,020,Tokyo Branch,Department,000,Common Department,Department,,,,,,,,
1889,3386,1,,,,,,,,,Anonymized Railway Company A expense,10E201230,Travel and Transportation Expenses,,,,32675,2970,S,S,,,,,,,,,,020,Tokyo Branch,Department,,,,,,,,,,,
1890,,,,,,85,2021-12-01,,,,,,,,,,,,,,,,,,,,,,,,,,,,,,,,,,,,
1890,3387,1,,1,1,,,,,,Travel expense,10E201230,Travel and Transportation Expenses,,,,19800,1800,S,S,10A100020,Cash,1,Cash,Subaccount,19800,0,O,O,030,Nagoya Branch,Department,000,Common Department,Department,,,,,,,,
1891,,,,,,143,2021-12-01,,,,,,,,,,,,,,,,,,,,,,,,,,,,,,,,,,,,
1891,3388,1,,1,1,,,,,,Inspection service fee,10E201120,Vehicle Expenses,,,,29400,2672,S,S,10A100020,Cash,1,Cash,Subaccount,29400,0,O,O,040,Osaka Branch,Department,000,Common Department,Department,,,,,,,,
1892,,,,,,19,2021-12-02,,,,,,,,,,,,,,,,,,,,,,,,,,,,,,,,,,,,
1892,3389,1,,1,1,,,,,,Travel expense,10E201230,Travel and Transportation Expenses,,,,22000,2000,S,S,10A100020,Cash,1,Cash,Subaccount,22000,0,O,O,010,Sapporo Sales Office,Department,000,Common Department,Department,,,,,,,,
1893,,,,,,134,2021-12-03,,,,,,,,,,,,,,,,,,,,,,,,,,,,,,,,,,,,
1893,3390,1,,1,1,,,,,,Paper,10E201110,Office Supplies Expenses,,,,14600,1327,S,S,10A100020,Cash,1,Cash,Subaccount,14600,0,O,O,030,Nagoya Branch,Department,000,Common Department,Department,,,,,,,,
1894,,,,,,147,2021-12-03,,,,,,,,,,,,,,,,,,,,,,,,,,,,,,,,,,,,
1894,3391,1,,1,,,,,,,Gasoline,10E201120,Vehicle Expenses,,,,6240,567,S,S,10B100630,Accounts Payable Other,,,,6240,0,O,O,050,Kyushu Sales Office,Department,000,Common Department,Department,,,,,,,,
1895,,,,,,41,2021-12-04,,,,,,,,,,,,,,,,,,,,,,,,,,,,,,,,,,,,
1895,3392,1,,1,1,,,,,,Year-end gift Anonymized Store 058,10E200150,Entertainment Expenses,,,,69191,6290,S,S,10A100020,Cash,1,Cash,Subaccount,125773,0,O,O,020,Tokyo Branch,Department,000,Common Department,Department,,,,,,,,
1895,3393,1,,,,,,,,,Year-end gift Anonymized Partner 057,10E200150,Entertainment Expenses,,,,40629,3693,S,S,,,,,,,,,,020,Tokyo Branch,Department,,,,,,,,,,,
1895,3394,1,,,,,,,,,Year-end gift Anonymized Store 087,10E200150,Entertainment Expenses,,,,15953,1450,S,S,,,,,,,,,,020,Tokyo Branch,Department,,,,,,,,,,,
1896,,,,,,50,2021-12-05,,,,,,,,,,,,,,,,,,,,,,,,,,,,,,,,,,,,
1896,3395,1,,1,1,,,,,,Expressway toll,10E201120,Vehicle Expenses,,,,3500,318,S,S,10A100020,Cash,1,Cash,Subaccount,3500,0,O,O,020,Tokyo Branch,Department,000,Common Department,Department,,,,,,,,
1897,,,,,,86,2021-12-05,,,,,,,,,,,,,,,,,,,,,,,,,,,,,,,,,,,,
1897,3396,1,,1,1,,,,,,Anonymized Railway Company A expense,10E201230,Travel and Transportation Expenses,,,,12000,1090,S,S,10A100020,Cash,1,Cash,Subaccount,12000,0,O,O,030,Nagoya Branch,Department,000,Common Department,Department,,,,,,,,
1898,,,,,,95,2021-12-05,,,,,,,,,,,,,,,,,,,,,,,,,,,,,,,,,,,,
1898,3397,1,1,1,1,,,,,,Voucher No. 380 dated 12/5 Anonymized Partner 070,10A100020,Ordinary Deposits,50,MNO Bank Kitakyushu Branch,Subaccount,986352,0,O,O,10A100090,Accounts Receivable,22,Anonymized Partner 070,Subaccount,986352,0,O,O,000,Common Department,Department,000,Common Department,Department,,,,,,,,
1898,3398,1,,1,1,,,,,,Voucher No. 380 dated 12/5 Anonymized Partner 070,10E200690,Service Fees,,,,472,42,S,S,10A100090,Accounts Receivable,22,Anonymized Partner 070,Subaccount,472,0,O,O,050,Kyushu Sales Office,Department,000,Common Department,Department,,,,,,,,
1899,,,,,,96,2021-12-05,,,,,,,,,,,,,,,,,,,,,,,,,,,,,,,,,,,,
1899,3399,1,1,1,1,,,,,,Voucher No. 381 dated 12/5 Anonymized Partner 082,10A100020,Ordinary Deposits,20,ABC Bank Head Office,Subaccount,778048,0,O,O,10A100090,Accounts Receivable,26,Anonymized Partner 082,Subaccount,778048,0,O,O,000,Common Department,Department,000,Common Department,Department,,,,,,,,
1899,3400,1,,1,1,,,,,,Voucher No. 381 dated 12/5 Anonymized Partner 082,10E200690,Service Fees,,,,472,42,S,S,10A100090,Accounts Receivable,26,Anonymized Partner 082,Subaccount,472,0,O,O,020,Tokyo Branch,Department,000,Common Department,Department,,,,,,,,
1900,,,,,,97,2021-12-05,,,,,,,,,,,,,,,,,,,,,,,,,,,,,,,,,,,,
1900,3401,1,1,1,1,,,,,,Voucher No. 382 dated 12/5 Anonymized Partner 025,10A100020,Ordinary Deposits,30,GHI Bank Nagoya Branch,Subaccount,1176124,0,O,O,10A100090,Accounts Receivable,27,Anonymized Partner 025,Subaccount,1176124,0,O,O,000,Common Department,Department,000,Common Department,Department,,,,,,,,
1901,,,,,,133,2021-12-05,,,,,,,,,,,,,,,,,,,,,,,,,,,,,,,,,,,,
1901,3402,1,,1,1,,,,,,Tax accountant fee,10E200600,Professional Fees,,,,139710,12700,S,S,10A100020,Ordinary Deposits,20,ABC Bank Head Office,Subaccount,139710,0,O,O,020,Tokyo Branch,Department,000,Common Department,Department,,,,,,,,
1902,,,,,,87,2021-12-06,,,,,,,,,,,,,,,,,,,,,,,,,,,,,,,,,,,,
1902,3403,1,,1,1,,,,,,taxi expense,10E201230,Travel and Transportation Expenses,,,,4500,409,S,S,10A100020,Cash,1,Cash,Subaccount,4500,0,O,O,030,Nagoya Branch,Department,000,Common Department,Department,,,,,,,,
1903,,,,,,106,2021-12-06,,,,,,,,,,,,,,,,,,,,,,,,,,,,,,,,,,,,
1903,3404,1,,1,1,,,,,,Year-end gift Anonymized Store 058,10E200150,Entertainment Expenses,,,,71810,6528,S,S,10A100020,Cash,1,Cash,Subaccount,112439,0,O,O,040,Osaka Branch,Department,000,Common Department,Department,,,,,,,,
1903,3405,1,,,,,,,,,Year-end gift Anonymized Partner 057,10E200150,Entertainment Expenses,,,,40629,3693,S,S,,,,,,,,,,040,Osaka Branch,Department,,,,,,,,,,,
1904,,,,,,110,2021-12-06,,,,,,,,,,,,,,,,,,,,,,,,,,,,,,,,,,,,
1904,3406,1,,1,1,,,,,,taxi expense,10E201230,Travel and Transportation Expenses,,,,2290,208,S,S,10A100020,Cash,1,Cash,Subaccount,2290,0,O,O,040,Osaka Branch,Department,000,Common Department,Department,,,,,,,,
1905,,,,,,159,2021-12-06,,,,,,,,,,,,,,,,,,,,,,,,,,,,,,,,,,,,
1905,3407,1,,1,1,,,,,,taxi expense,10E201230,Travel and Transportation Expenses,,,,10500,954,S,S,10A100020,Cash,1,Cash,Subaccount,10500,0,O,O,050,Kyushu Sales Office,Department,000,Common Department,Department,,,,,,,,
1906,,,,,,16,2021-12-07,,,,,,,,,,,,,,,,,,,,,,,,,,,,,,,,,,,,
1906,3408,1,,1,1,,,,,,Gasoline,10E201120,Vehicle Expenses,,,,2858,259,S,S,10A100020,Cash,1,Cash,Subaccount,3236,0,O,O,010,Sapporo Sales Office,Department,000,Common Department,Department,,,,,,,,
1906,3409,1,,,,,,,,,Parking fee,10E201120,Vehicle Expenses,,,,378,34,S,S,,,,,,,,,,010,Sapporo Sales Office,Department,,,,,,,,,,,
1907,,,,,,20,2021-12-07,,,,,,,,,,,,,,,,,,,,,,,,,,,,,,,,,,,,
1907,3410,1,,1,1,,,,,,Travel expense,10E201230,Travel and Transportation Expenses,,,,39000,3545,S,S,10A100020,Cash,1,Cash,Subaccount,39000,0,O,O,010,Sapporo Sales Office,Department,000,Common Department,Department,,,,,,,,
1908,,,,,,21,2021-12-07,,,,,,,,,,,,,,,,,,,,,,,,,,,,,,,,,,,,
1908,3411,1,,1,1,,,,,,Anonymized Railway Company A expense,10E201230,Travel and Transportation Expenses,,,,69500,6318,S,S,10A100020,Cash,1,Cash,Subaccount,69500,0,O,O,010,Sapporo Sales Office,Department,000,Common Department,Department,,,,,,,,
1909,,,,,,22,2021-12-07,,,,,,,,,,,,,,,,,,,,,,,,,,,,,,,,,,,,
1909,3412,1,,1,1,,,,,,Travel expense,10E201230,Travel and Transportation Expenses,,,,50000,4545,S,S,10A100020,Cash,1,Cash,Subaccount,50000,0,O,O,010,Sapporo Sales Office,Department,000,Common Department,Department,,,,,,,,
1910,,,,,,58,2021-12-07,,,,,,,,,,,,,,,,,,,,,,,,,,,,,,,,,,,,
1910,3413,1,,1,1,,,,,,Travel expense,10E201230,Travel and Transportation Expenses,,,,70000,6363,S,S,10A100020,Cash,1,Cash,Subaccount,70000,0,O,O,020,Tokyo Branch,Department,000,Common Department,Department,,,,,,,,
1911,,,,,,69,2021-12-07,,,,,,,,,,,,,,,,,,,,,,,,,,,,,,,,,,,,
1911,3414,1,,1,1,,,,,,Detergent expense,10E201270,Miscellaneous Expenses,,,,380,34,S,S,10A100020,Cash,1,Cash,Subaccount,3090,0,O,O,010,Sapporo Sales Office,Department,000,Common Department,Department,,,,,,,,
1911,3415,1,,,,,,,,,Kitchen supplies,10E201270,Miscellaneous Expenses,,,,2710,246,S,S,,,,,,,,,,010,Sapporo Sales Office,Department,,,,,,,,,,,
1911,3416,1,,1,1,,,,,,Detergent expense,10E201270,Miscellaneous Expenses,,,,898,81,S,S,10A100020,Cash,1,Cash,Subaccount,898,0,O,O,020,Tokyo Branch,Department,000,Common Department,Department,,,,,,,,
1912,,,,,,102,2021-12-07,,,,,,,,,,,,,,,,,,,,,,,,,,,,,,,,,,,,
1912,3417,1,,1,1,,,,,,Year-end gift Anonymized Store 089,10E200150,Entertainment Expenses,,,,18300,1663,S,S,10A100020,Cash,1,Cash,Subaccount,18300,0,O,O,040,Osaka Branch,Department,000,Common Department,Department,,,,,,,,
1913,,,,,,76,2021-12-08,,,,,,,,,,,,,,,,,,,,,,,,,,,,,,,,,,,,
1913,3418,1,,1,,,,,,,Employee late-night meal,10E200140,Employee Welfare Expenses,,,,75801,6891,S,S,10B100630,Accounts Payable Other,,,,75801,0,O,O,020,Tokyo Branch,Department,000,Common Department,Department,,,,,,,,
1914,,,,,,77,2021-12-08,,,,,,,,,,,,,,,,,,,,,,,,,,,,,,,,,,,,
1914,3419,1,,1,1,,,,,,golf play expense 2 people,10E200150,Entertainment Expenses,,,,14800,1345,S,S,10A100020,Cash,1,Cash,Subaccount,14800,0,O,O,010,Sapporo Sales Office,Department,000,Common Department,Department,,,,,,,,
1915,,,,,,142,2021-12-08,,,,,,,,,,,,,,,,,,,,,,,,,,,,,,,,,,,,
1915,3420,1,,1,1,,,,,,Expressway toll,10E201120,Vehicle Expenses,,,,3102,282,S,S,10A100020,Cash,1,Cash,Subaccount,32176,0,O,O,040,Osaka Branch,Department,000,Common Department,Department,,,,,,,,
1915,3421,1,,,,,,,,,Expressway toll,10E201120,Vehicle Expenses,,,,9373,852,S,S,,,,,,,,,,040,Osaka Branch,Department,,,,,,,,,,,
1915,3422,1,,,,,,,,,Expressway toll,10E201120,Vehicle Expenses,,,,3404,309,S,S,,,,,,,,,,040,Osaka Branch,Department,,,,,,,,,,,
1915,3423,1,,,,,,,,,Expressway toll,10E201120,Vehicle Expenses,,,,6229,566,S,S,,,,,,,,,,040,Osaka Branch,Department,,,,,,,,,,,
1915,3424,1,,,,,,,,,Expressway toll,10E201120,Vehicle Expenses,,,,4353,395,S,S,,,,,,,,,,040,Osaka Branch,Department,,,,,,,,,,,
1915,3425,1,,,,,,,,,Gasoline,10E201120,Vehicle Expenses,,,,5715,519,S,S,,,,,,,,,,040,Osaka Branch,Department,,,,,,,,,,,
1916,,,,,,44,2021-12-09,,,,,,,,,,,,,,,,,,,,,,,,,,,,,,,,,,,,
1916,3426,1,,1,1,,,,,,Meal expense Anonymized Store 051 3 people,10E200150,Entertainment Expenses,,,,6260,569,S,S,10A100020,Cash,1,Cash,Subaccount,6260,0,O,O,020,Tokyo Branch,Department,000,Common Department,Department,,,,,,,,
1917,,,,,,112,2021-12-09,,,,,,,,,,,,,,,,,,,,,,,,,,,,,,,,,,,,
1917,3427,1,,1,1,,,,,,Telephone expense,10E200180,Communication Expenses,,,,173616,15783,S,S,10A100020,Ordinary Deposits,40,JKL Bank Umeda Branch,Subaccount,173616,0,O,O,040,Osaka Branch,Department,000,Common Department,Department,,,,,,,,
1918,,,,,,150,2021-12-09,,,,,,,,,,,,,,,,,,,,,,,,,,,,,,,,,,,,
1918,3428,1,,1,1,,,,,,Year-end gift Anonymized Store 058,10E200150,Entertainment Expenses,,,,61058,5550,S,S,10A100020,Cash,1,Cash,Subaccount,86173,0,O,O,050,Kyushu Sales Office,Department,000,Common Department,Department,,,,,,,,
1918,3429,1,,,,,,,,,Year-end gift Anonymized Partner 057,10E200150,Entertainment Expenses,,,,25115,2283,S,S,,,,,,,,,,050,Kyushu Sales Office,Department,,,,,,,,,,,
1919,,,,,,9,2021-12-10,,,,,,,,,,,,,,,,,,,,,,,,,,,,,,,,,,,,
1919,3430,1,,1,1,,,,,,Year-end gift Anonymized Partner 065,10E200150,Entertainment Expenses,,,,78400,7127,S,S,10A100020,Cash,1,Cash,Subaccount,78400,0,O,O,010,Sapporo Sales Office,Department,000,Common Department,Department,,,,,,,,
1920,,,,,,33,2021-12-10,,,,,,,,,,,,,,,,,,,,,,,,,,,,,,,,,,,,
1920,3431,1,,1,1,,,,,,Rent payment,10E200720,Rent Expenses,,,,320000,29090,S,S,10A100020,Ordinary Deposits,10,DEF Bank Station Branch,Subaccount,320000,0,O,O,010,Sapporo Sales Office,Department,000,Common Department,Department,,,,,,,,
1920,3432,1,,1,1,,,,,,Telephone expense,10E200180,Communication Expenses,,,,138505,12591,S,S,10A100020,Ordinary Deposits,10,DEF Bank Station Branch,Subaccount,138505,0,O,O,010,Sapporo Sales Office,Department,000,Common Department,Department,,,,,,,,
1921,,,,,,62,2021-12-10,,,,,,,,,,,,,,,,,,,,,,,,,,,,,,,,,,,,
1921,3433,1,1,1,1,,,,,,Withdrawal,10A100020,Cash,1,Cash,Subaccount,1500000,0,O,O,10A100020,Checking Deposits,1,ABC Bank,Subaccount,1500000,0,O,O,000,Common Department,Department,000,Common Department,Department,,,,,,,,
1922,,,,,,66,2021-12-10,,,,,,,,,,,,,,,,,,,,,,,,,,,,,,,,,,,,
1922,3434,1,1,1,1,,,,,,Withholding Tax payment,10B100690,Deposits Received,3,Withholding Tax,Subaccount,256142,0,O,O,10A100020,Ordinary Deposits,20,ABC Bank Head Office,Subaccount,705642,0,O,O,000,Common Department,Department,000,Common Department,Department,,,,,,,,
1922,3435,1,1,,,,,,,,Resident Tax payment,10B100690,Deposits Received,2,Resident Tax,Subaccount,449500,0,O,O,,,,,,,,,,000,Common Department,Department,,,,,,,,,,,
1923,,,,,,68,2021-12-10,,,,,,,,,,,,,,,,,,,,,,,,,,,,,,,,,,,,
1923,3436,1,,1,1,,,,,,Rent payment,10E200720,Rent Expenses,,,,840000,76363,S,S,10A100020,Ordinary Deposits,40,JKL Bank Umeda Branch,Subaccount,840000,0,O,O,040,Osaka Branch,Department,000,Common Department,Department,,,,,,,,
1924,,,,,,69,2021-12-10,,,,,,,,,,,,,,,,,,,,,,,,,,,,,,,,,,,,
1924,3437,1,,1,,,,,,,Wired service fee,10E201270,Miscellaneous Expenses,,,,5000,454,S,S,10B100630,Accounts Payable Other,,,,39286,0,O,O,010,Sapporo Sales Office,Department,000,Common Department,Department,,,,,,,,
1924,3438,1,,,,,,,,,Security fee,10E201270,Miscellaneous Expenses,,,,34286,3116,S,S,,,,,,,,,,010,Sapporo Sales Office,Department,,,,,,,,,,,
1925,,,,,,82,2021-12-10,,,,,,,,,,,,,,,,,,,,,,,,,,,,,,,,,,,,
1925,3439,1,,1,,,,,,,Gasoline,10E201120,Vehicle Expenses,,,,17064,1551,S,S,10B100630,Accounts Payable Other,,,,17064,0,O,O,030,Nagoya Branch,Department,000,Common Department,Department,,,,,,,,
1926,,,,,,85,2021-12-10,,,,,,,,,,,,,,,,,,,,,,,,,,,,,,,,,,,,
1926,3440,1,,1,1,,,,,,Telephone expense,10E200180,Communication Expenses,,,,81236,7385,S,S,10A100020,Ordinary Deposits,30,GHI Bank Nagoya Branch,Subaccount,81236,0,O,O,030,Nagoya Branch,Department,000,Common Department,Department,,,,,,,,
1927,,,,,,88,2021-12-10,,,,,,,,,,,,,,,,,,,,,,,,,,,,,,,,,,,,
1927,3441,1,,1,1,,,,,,taxi expense,10E201230,Travel and Transportation Expenses,,,,8000,727,S,S,10A100020,Cash,1,Cash,Subaccount,8000,0,O,O,030,Nagoya Branch,Department,000,Common Department,Department,,,,,,,,
1928,,,,,,98,2021-12-10,,,,,,,,,,,,,,,,,,,,,,,,,,,,,,,,,,,,
1928,3442,1,1,1,1,,,,,,Voucher No. 383 dated 12/10 Anonymized Partner 085,10B100040,Accounts Payable,3,Anonymized Partner 085,Subaccount,1074280,0,O,O,10A100090,Accounts Receivable,3,Anonymized Partner 085,Subaccount,1074280,0,O,O,000,Common Department,Department,000,Common Department,Department,,,,,,,,
1929,,,,,,99,2021-12-10,,,,,,,,,,,,,,,,,,,,,,,,,,,,,,,,,,,,
1929,3443,1,1,1,1,,,,,,Voucher No. 384 dated 12/10 Anonymized Partner 066 Tokyo Head Office,10A100020,Ordinary Deposits,20,ABC Bank Head Office,Subaccount,8595710,0,O,O,10A100090,Accounts Receivable,14,Anonymized Partner 066,Subaccount,8595710,0,O,O,000,Common Department,Department,000,Common Department,Department,,,,,,,,
1929,3444,1,,1,1,,,,,,Voucher No. 384 dated 12/10 Anonymized Partner 066 Tokyo Head Office,10E200690,Service Fees,,,,735,66,S,S,10A100090,Accounts Receivable,14,Anonymized Partner 066,Subaccount,735,0,O,O,020,Tokyo Branch,Department,000,Common Department,Department,,,,,,,,
1930,,,,,,100,2021-12-10,,,,,,,,,,,,,,,,,,,,,,,,,,,,,,,,,,,,
1930,3445,1,1,1,1,,,,,,Voucher No. 385 dated 12/10 Anonymized Partner 045,10A100020,Ordinary Deposits,30,GHI Bank Nagoya Branch,Subaccount,726780,0,O,O,10A100090,Accounts Receivable,19,Anonymized Partner 045,Subaccount,726780,0,O,O,000,Common Department,Department,000,Common Department,Department,,,,,,,,
1930,3446,1,,1,1,,,,,,Voucher No. 385 dated 12/10 Anonymized Partner 045,10E200690,Service Fees,,,,735,66,S,S,10A100090,Accounts Receivable,19,Anonymized Partner 045,Subaccount,735,0,O,O,030,Nagoya Branch,Department,000,Common Department,Department,,,,,,,,
1931,,,,,,101,2021-12-10,,,,,,,,,,,,,,,,,,,,,,,,,,,,,,,,,,,,
1931,3447,1,,1,1,,,,,,Voucher No. 386 dated 12/10 Anonymized Partner 072 | Sales voucher=20211130-114;Note number=R20211210-101-28,10A100060,Notes Receivable,,,,6004022,0,O,O,10A100090,Accounts Receivable,28,Anonymized Partner 072,Subaccount,6004022,0,O,O,000,Common Department,Department,000,Common Department,Department,,,,,,,,
1932,,,,,,102,2021-12-10,,,,,,,,,,,,,,,,,,,,,,,,,,,,,,,,,,,,
1932,3448,1,1,1,,,,,,,Voucher No. 303 dated 12/10 Anonymized Partner 085,10B100040,Accounts Payable,3,Anonymized Partner 085,Subaccount,3003306,0,O,O,10B100030,Notes Payable,,,,3003306,0,O,O,000,Common Department,Department,000,Common Department,Department,,,,,,,,
1933,,,,,,103,2021-12-10,,,,,,,,,,,,,,,,,,,,,,,,,,,,,,,,,,,,
1933,3449,1,,1,1,,,,,,Cof fee expense Anonymized Store 065,10E200150,Entertainment Expenses,,,,2680,243,S,S,10A100020,Cash,1,Cash,Subaccount,2680,0,O,O,040,Osaka Branch,Department,000,Common Department,Department,,,,,,,,
1933,3450,1,1,1,1,,,,,,Voucher No. 304 dated 12/10 Anonymized Partner 063,10B100040,Accounts Payable,8,Anonymized Partner 063,Subaccount,423360,0,O,O,10A100020,Ordinary Deposits,20,ABC Bank Head Office,Subaccount,423360,0,O,O,000,Common Department,Department,000,Common Department,Department,,,,,,,,
1934,,,,,,110,2021-12-10,,,,,,,,,,,,,,,,,,,,,,,,,,,,,,,,,,,,
1934,3451,1,,1,1,,,,,,Rent payment,10E200720,Rent Expenses,,,,1260000,114545,S,S,10A100020,Ordinary Deposits,20,ABC Bank Head Office,Subaccount,1260000,0,O,O,020,Tokyo Branch,Department,000,Common Department,Department,,,,,,,,
1935,,,,,,129,2021-12-10,,,,,,,,,,,,,,,,,,,,,,,,,,,,,,,,,,,,
1935,3452,1,,1,1,,,,,,Rent payment,10E200720,Rent Expenses,,,,399000,36272,S,S,10A100020,Ordinary Deposits,30,GHI Bank Nagoya Branch,Subaccount,399000,0,O,O,030,Nagoya Branch,Department,000,Common Department,Department,,,,,,,,
1936,,,,,,146,2021-12-10,,,,,,,,,,,,,,,,,,,,,,,,,,,,,,,,,,,,
1936,3453,1,,1,1,,,,,,Note due date settlement Anonymized Partner 085,10B100030,Notes Payable,,,,2623516,0,O,O,10A100020,Checking Deposits,1,ABC Bank,Subaccount,2623516,0,O,O,000,Common Department,Department,000,Common Department,Department,,,,,,,,
1937,,,,,,162,2021-12-10,,,,,,,,,,,,,,,,,,,,,,,,,,,,,,,,,,,,
1937,3454,1,,1,1,,,,,,Meeting Meal expense,10E201130,Meeting Expenses,,,,24995,2272,S,S,10A100020,Cash,1,Cash,Subaccount,24995,0,O,O,020,Tokyo Branch,Department,000,Common Department,Department,,,,,,,,
1938,,,,,,167,2021-12-10,,,,,,,,,,,,,,,,,,,,,,,,,,,,,,,,,,,,
1938,3455,1,,1,1,,,,,,Rent payment,10E200720,Rent Expenses,,,,630000,57272,S,S,10A100020,Ordinary Deposits,50,MNO Bank Kitakyushu Branch,Subaccount,630000,0,O,O,050,Kyushu Sales Office,Department,000,Common Department,Department,,,,,,,,
1938,3456,1,,1,1,,,,,,Telephone expense,10E200180,Communication Expenses,,,,200642,18240,S,S,10A100020,Ordinary Deposits,50,MNO Bank Kitakyushu Branch,Subaccount,200642,0,O,O,050,Kyushu Sales Office,Department,000,Common Department,Department,,,,,,,,
1939,,,,,,168,2021-12-10,,,,,,,,,,,,,,,,,,,,,,,,,,,,,,,,,,,,
1939,3457,1,,1,,,,,,,Wired service fee,10E201270,Miscellaneous Expenses,,,,6000,545,S,S,10B100630,Accounts Payable Other,,,,48858,0,O,O,050,Kyushu Sales Office,Department,000,Common Department,Department,,,,,,,,
1939,3458,1,,,,,,,,,Security fee,10E201270,Miscellaneous Expenses,,,,42858,3896,S,S,,,,,,,,,,050,Kyushu Sales Office,Department,,,,,,,,,,,
1940,,,,,,82,2021-12-11,,,,,,,,,,,,,,,,,,,,,,,,,,,,,,,,,,,,
1940,3459,1,,1,1,,,,,,Gasoline,10E201120,Vehicle Expenses,,,,4014,364,S,S,10A100020,Cash,1,Cash,Subaccount,4586,0,O,O,050,Kyushu Sales Office,Department,000,Common Department,Department,,,,,,,,
1940,3460,1,,,,,,,,,Expressway toll,10E201120,Vehicle Expenses,,,,572,52,S,S,,,,,,,,,,050,Kyushu Sales Office,Department,,,,,,,,,,,
1941,,,,,,127,2021-12-11,,,,,,,,,,,,,,,,,,,,,,,,,,,,,,,,,,,,
1941,3461,1,,1,1,,,,,,Revenue stamp,10E200210,Taxes and Dues,,,,2000,0,O,O,10A100020,Cash,1,Cash,Subaccount,2000,0,O,O,030,Nagoya Branch,Department,000,Common Department,Department,,,,,,,,
1942,,,,,,70,2021-12-12,,,,,,,,,,,,,,,,,,,,,,,,,,,,,,,,,,,,
1942,3462,1,,1,1,,,,,,Year-end gift Anonymized Store 058,10E200150,Entertainment Expenses,,,,27267,2478,S,S,10A100020,Cash,1,Cash,Subaccount,38220,0,O,O,030,Nagoya Branch,Department,000,Common Department,Department,,,,,,,,
1942,3463,1,,,,,,,,,Year-end gift Anonymized Partner 057,10E200150,Entertainment Expenses,,,,10953,995,S,S,,,,,,,,,,030,Nagoya Branch,Department,,,,,,,,,,,
1943,,,,,,7,2021-12-13,,,,,,,,,,,,,,,,,,,,,,,,,,,,,,,,,,,,
1943,3464,1,,1,1,,,,,,Meal expense Anonymized Store 090 3 people,10E200150,Entertainment Expenses,,,,15115,1374,S,S,10A100020,Cash,1,Cash,Subaccount,32601,0,O,O,010,Sapporo Sales Office,Department,000,Common Department,Department,,,,,,,,
1943,3465,1,,,,,,,,,Meal expense Anonymized Store 014 3 people,10E200150,Entertainment Expenses,,,,17486,1589,S,S,,,,,,,,,,010,Sapporo Sales Office,Department,,,,,,,,,,,
1944,,,,,,11,2021-12-13,,,,,,,,,,,,,,,,,,,,,,,,,,,,,,,,,,,,
1944,3466,1,,1,1,,,,,,Expressway toll,10E201120,Vehicle Expenses,,,,2800,254,S,S,10A100020,Cash,1,Cash,Subaccount,2800,0,O,O,010,Sapporo Sales Office,Department,000,Common Department,Department,,,,,,,,
1944,3467,1,,1,1,,,,,,Gasoline,10E201120,Vehicle Expenses,,,,4600,418,S,S,10A100020,Cash,1,Cash,Subaccount,4600,0,O,O,010,Sapporo Sales Office,Department,000,Common Department,Department,,,,,,,,
1945,,,,,,141,2021-12-13,,,,,,,,,,,,,,,,,,,,,,,,,,,,,,,,,,,,
1945,3468,1,,1,1,,,,,,Anonymized Railway Company A expense,10E201230,Travel and Transportation Expenses,,,,23500,2136,S,S,10A100020,Cash,1,Cash,Subaccount,23500,0,O,O,040,Osaka Branch,Department,000,Common Department,Department,,,,,,,,
1946,,,,,,158,2021-12-13,,,,,,,,,,,,,,,,,,,,,,,,,,,,,,,,,,,,
1946,3469,1,,1,1,,,,,,Air ticket,10E201230,Travel and Transportation Expenses,,,,34000,3090,S,S,10A100020,Cash,1,Cash,Subaccount,34000,0,O,O,040,Osaka Branch,Department,000,Common Department,Department,,,,,,,,
1947,,,,,,23,2021-12-14,,,,,,,,,,,,,,,,,,,,,,,,,,,,,,,,,,,,
1947,3470,1,,1,1,,,,,,Travel expense,10E201230,Travel and Transportation Expenses,,,,26667,2424,S,S,10A100020,Cash,1,Cash,Subaccount,92858,0,O,O,010,Sapporo Sales Office,Department,000,Common Department,Department,,,,,,,,
1947,3471,1,,,,,,,,,Travel expense,10E201230,Travel and Transportation Expenses,,,,29524,2684,S,S,,,,,,,,,,010,Sapporo Sales Office,Department,,,,,,,,,,,
1947,3472,1,,,,,,,,,Travel expense,10E201230,Travel and Transportation Expenses,,,,36667,3333,S,S,,,,,,,,,,010,Sapporo Sales Office,Department,,,,,,,,,,,
1948,,,,,,46,2021-12-14,,,,,,,,,,,,,,,,,,,,,,,,,,,,,,,,,,,,
1948,3473,1,,1,1,,,,,,Gasoline,10E201120,Vehicle Expenses,,,,7429,675,S,S,10A100020,Cash,1,Cash,Subaccount,12002,0,O,O,020,Tokyo Branch,Department,000,Common Department,Department,,,,,,,,
1948,3474,1,,,,,,,,,Parking fee,10E201120,Vehicle Expenses,,,,1239,112,S,S,,,,,,,,,,020,Tokyo Branch,Department,,,,,,,,,,,
1948,3475,1,,,,,,,,,Expressway toll,10E201120,Vehicle Expenses,,,,3334,303,S,S,,,,,,,,,,020,Tokyo Branch,Department,,,,,,,,,,,
1949,,,,,,51,2021-12-14,,,,,,,,,,,,,,,,,,,,,,,,,,,,,,,,,,,,
1949,3476,1,,1,1,,,,,,Expressway toll,10E201120,Vehicle Expenses,,,,5096,463,S,S,10A100020,Cash,1,Cash,Subaccount,13668,0,O,O,020,Tokyo Branch,Department,000,Common Department,Department,,,,,,,,
1949,3477,1,,,,,,,,,Gasoline,10E201120,Vehicle Expenses,,,,6381,580,S,S,,,,,,,,,,020,Tokyo Branch,Department,,,,,,,,,,,
1949,3478,1,,,,,,,,,Parking fee,10E201120,Vehicle Expenses,,,,2191,199,S,S,,,,,,,,,,020,Tokyo Branch,Department,,,,,,,,,,,
1950,,,,,,73,2021-12-14,,,,,,,,,,,,,,,,,,,,,,,,,,,,,,,,,,,,
1950,3479,1,,1,1,,,,,,Year-end party fee,10E200150,Entertainment Expenses,,,,8000,727,S,S,10A100020,Cash,1,Cash,Subaccount,8000,0,O,O,020,Tokyo Branch,Department,000,Common Department,Department,,,,,,,,
1951,,,,,,4,2021-12-15,,,,,,,,,,,,,,,,,,,,,,,,,,,,,,,,,,,,
1951,3480,1,,1,,,,,,,Advertising expense,10E200050,Advertising Expenses,,,,31500,2863,S,S,10B100630,Accounts Payable Other,,,,31500,0,O,O,010,Sapporo Sales Office,Department,000,Common Department,Department,,,,,,,,
1952,,,,,,83,2021-12-15,,,,,,,,,,,,,,,,,,,,,,,,,,,,,,,,,,,,
1952,3481,1,,1,1,,,,,,Gasoline,10E201120,Vehicle Expenses,,,,6229,566,S,S,10A100020,Cash,1,Cash,Subaccount,11049,0,O,O,050,Kyushu Sales Office,Department,000,Common Department,Department,,,,,,,,
1952,3482,1,,,,,,,,,Expressway toll,10E201120,Vehicle Expenses,,,,4020,365,S,S,,,,,,,,,,050,Kyushu Sales Office,Department,,,,,,,,,,,
1952,3483,1,,,,,,,,,Parking fee,10E201120,Vehicle Expenses,,,,800,72,S,S,,,,,,,,,,050,Kyushu Sales Office,Department,,,,,,,,,,,
1953,,,,,,91,2021-12-15,,,,,,,,,,,,,,,,,,,,,,,,,,,,,,,,,,,,
1953,3484,1,,1,1,,,,,,Month 12 Payroll Other 0060 Part-time Staff,10E200520,Temporary Wages,,,,423840,0,O,O,10A100020,Cash,1,Cash,Subaccount,400068,0,O,O,020,Tokyo Branch,Department,000,Common Department,Department,,,,,,,,
1953,3485,,,1,1,,,,,,Month 12 Payroll Other 0060 Part-time Staff,,,,,,,,,,10B100690,Deposits Received,3,Withholding Tax,Subaccount,11330,0,O,O,,,,000,Common Department,Department,,,,,,,,
1953,3486,,,1,1,,,,,,Month 12 Payroll Other 0060 Part-time Staff,,,,,,,,,,10B100690,Deposits Received,9,Other,Subaccount,12442,0,O,O,,,,000,Common Department,Department,,,,,,,,
1954,,,,,,104,2021-12-15,,,,,,,,,,,,,,,,,,,,,,,,,,,,,,,,,,,,
1954,3487,1,1,1,1,,,,,,Voucher No. 387 dated 12/15 Anonymized Partner 068,10A100020,Ordinary Deposits,50,MNO Bank Kitakyushu Branch,Subaccount,1614480,0,O,O,10A100090,Accounts Receivable,1,Anonymized Partner 068,Subaccount,1614480,0,O,O,000,Common Department,Department,000,Common Department,Department,,,,,,,,
1954,3488,1,,1,1,,,,,,Voucher No. 387 dated 12/15 Anonymized Partner 068,10E200690,Service Fees,,,,840,76,S,S,10A100090,Accounts Receivable,1,Anonymized Partner 068,Subaccount,840,0,O,O,050,Kyushu Sales Office,Department,000,Common Department,Department,,,,,,,,
1955,,,,,,105,2021-12-15,,,,,,,,,,,,,,,,,,,,,,,,,,,,,,,,,,,,
1955,3489,1,1,1,1,,,,,,Voucher No. 388 dated 12/15 Anonymized Partner 061,10A100020,Ordinary Deposits,30,GHI Bank Nagoya Branch,Subaccount,2098212,0,O,O,10A100090,Accounts Receivable,6,Anonymized Partner 061,Subaccount,2098212,0,O,O,000,Common Department,Department,000,Common Department,Department,,,,,,,,
1955,3490,1,,1,1,,,,,,Voucher No. 388 dated 12/15 Anonymized Partner 061,10E200690,Service Fees,,,,840,76,S,S,10A100090,Accounts Receivable,6,Anonymized Partner 061,Subaccount,840,0,O,O,030,Nagoya Branch,Department,000,Common Department,Department,,,,,,,,
1956,,,,,,106,2021-12-15,,,,,,,,,,,,,,,,,,,,,,,,,,,,,,,,,,,,
1956,3491,1,1,1,1,,,,,,Voucher No. 389 dated 12/15 Anonymized Partner 073,10A100020,Ordinary Deposits,40,JKL Bank Umeda Branch,Subaccount,1447664,0,O,O,10A100090,Accounts Receivable,8,Anonymized Partner 073,Subaccount,1447664,0,O,O,000,Common Department,Department,000,Common Department,Department,,,,,,,,
1956,3492,1,,1,1,,,,,,Voucher No. 389 dated 12/15 Anonymized Partner 073,10E200690,Service Fees,,,,840,76,S,S,10A100090,Accounts Receivable,8,Anonymized Partner 073,Subaccount,840,0,O,O,040,Osaka Branch,Department,000,Common Department,Department,,,,,,,,
1957,,,,,,107,2021-12-15,,,,,,,,,,,,,,,,,,,,,,,,,,,,,,,,,,,,
1957,3493,1,1,1,1,,,,,,Voucher No. 390 dated 12/15 Anonymized Partner 026,10A100020,Ordinary Deposits,40,JKL Bank Umeda Branch,Subaccount,1302584,0,O,O,10A100090,Accounts Receivable,9,Anonymized Partner 026,Subaccount,1302584,0,O,O,000,Common Department,Department,000,Common Department,Department,,,,,,,,
1957,3494,1,,1,1,,,,,,Voucher No. 390 dated 12/15 Anonymized Partner 026,10E200690,Service Fees,,,,840,76,S,S,10A100090,Accounts Receivable,9,Anonymized Partner 026,Subaccount,840,0,O,O,040,Osaka Branch,Department,000,Common Department,Department,,,,,,,,
1958,,,,,,108,2021-12-15,,,,,,,,,,,,,,,,,,,,,,,,,,,,,,,,,,,,
1958,3495,1,1,1,1,,,,,,Voucher No. 391 dated 12/15 Anonymized Partner 023,10A100020,Ordinary Deposits,20,ABC Bank Head Office,Subaccount,1108516,0,O,O,10A100090,Accounts Receivable,13,Anonymized Partner 023,Subaccount,1108516,0,O,O,000,Common Department,Department,000,Common Department,Department,,,,,,,,
1959,,,,,,109,2021-12-15,,,,,,,,,,,,,,,,,,,,,,,,,,,,,,,,,,,,
1959,3496,1,1,1,1,,,,,,Voucher No. 392 dated 12/15 Anonymized Partner 079,10A100020,Ordinary Deposits,40,JKL Bank Umeda Branch,Subaccount,1210299,0,O,O,10A100090,Accounts Receivable,20,Anonymized Partner 079,Subaccount,1210299,0,O,O,000,Common Department,Department,000,Common Department,Department,,,,,,,,
1959,3497,1,,1,1,,,,,,Voucher No. 392 dated 12/15 Anonymized Partner 079,10E200690,Service Fees,,,,315,28,S,S,10A100090,Accounts Receivable,20,Anonymized Partner 079,Subaccount,315,0,O,O,040,Osaka Branch,Department,000,Common Department,Department,,,,,,,,
1960,,,,,,110,2021-12-15,,,,,,,,,,,,,,,,,,,,,,,,,,,,,,,,,,,,
1960,3498,1,1,1,1,,,,,,Voucher No. 305 dated 12/15 Anonymized Partner 043,10B100040,Accounts Payable,1,Anonymized Partner 043,Subaccount,6139437,0,O,O,10A100020,Ordinary Deposits,20,ABC Bank Head Office,Subaccount,6139437,0,O,O,000,Common Department,Department,000,Common Department,Department,,,,,,,,
1961,,,,,,117,2021-12-15,,,,,,,,,,,,,,,,,,,,,,,,,,,,,,,,,,,,
1961,3499,1,,1,1,,,,,,Membership fee,10E201140,Membership Fees,,,,20000,0,O,O,10A100020,Cash,1,Cash,Subaccount,20000,0,O,O,040,Osaka Branch,Department,000,Common Department,Department,,,,,,,,
1962,,,,,,130,2021-12-15,,,,,,,,,,,,,,,,,,,,,,,,,,,,,,,,,,,,
1962,3500,1,,1,1,,,,,,Membership fee,10E201140,Membership Fees,,,,24000,0,O,O,10A100020,Ordinary Deposits,40,JKL Bank Umeda Branch,Subaccount,24000,0,O,O,040,Osaka Branch,Department,000,Common Department,Department,,,,,,,,
1963,,,,,,57,2021-12-16,,,,,,,,,,,,,,,,,,,,,,,,,,,,,,,,,,,,
1963,3501,1,,1,1,,,,,,Anonymized Railway Company A expense,10E201230,Travel and Transportation Expenses,,,,110650,10059,S,S,10A100020,Cash,1,Cash,Subaccount,110650,0,O,O,020,Tokyo Branch,Department,000,Common Department,Department,,,,,,,,
1964,,,,,,61,2021-12-16,,,,,,,,,,,,,,,,,,,,,,,,,,,,,,,,,,,,
1964,3502,1,,1,1,,,,,,Telephone expense,10E200180,Communication Expenses,,,,141699,12881,S,S,10A100020,Ordinary Deposits,20,ABC Bank Head Office,Subaccount,141699,0,O,O,020,Tokyo Branch,Department,000,Common Department,Department,,,,,,,,
1965,,,,,,74,2021-12-16,,,,,,,,,,,,,,,,,,,,,,,,,,,,,,,,,,,,
1965,3503,1,,1,1,,,,,,Year-end party fee,10E200150,Entertainment Expenses,,,,10000,909,S,S,10A100020,Cash,1,Cash,Subaccount,10000,0,O,O,020,Tokyo Branch,Department,000,Common Department,Department,,,,,,,,
1966,,,,,,136,2021-12-16,,,,,,,,,,,,,,,,,,,,,,,,,,,,,,,,,,,,
1966,3504,1,,1,1,,,,,,Anonymized Cleaning Company A expense,10E201270,Miscellaneous Expenses,,,,16500,1500,S,S,10A100020,Cash,1,Cash,Subaccount,16500,0,O,O,040,Osaka Branch,Department,000,Common Department,Department,,,,,,,,
1967,,,,,,144,2021-12-16,,,,,,,,,,,,,,,,,,,,,,,,,,,,,,,,,,,,
1967,3505,1,,1,1,,,,,,Windshield washer fluid expense,10E201120,Vehicle Expenses,,,,572,52,S,S,10A100020,Cash,1,Cash,Subaccount,14897,0,O,O,040,Osaka Branch,Department,000,Common Department,Department,,,,,,,,
1967,3506,1,,,,,,,,,Gasoline,10E201120,Vehicle Expenses,,,,6229,566,S,S,,,,,,,,,,040,Osaka Branch,Department,,,,,,,,,,,
1967,3507,1,,,,,,,,,Gasoline,10E201120,Vehicle Expenses,,,,8096,736,S,S,,,,,,,,,,040,Osaka Branch,Department,,,,,,,,,,,
1968,,,,,,149,2021-12-16,,,,,,,,,,,,,,,,,,,,,,,,,,,,,,,,,,,,
1968,3508,1,,1,1,,,,,,Year-end party fee,10E200150,Entertainment Expenses,,,,10000,909,S,S,10A100020,Cash,1,Cash,Subaccount,10000,0,O,O,030,Nagoya Branch,Department,000,Common Department,Department,,,,,,,,
1969,,,,,,152,2021-12-16,,,,,,,,,,,,,,,,,,,,,,,,,,,,,,,,,,,,
1969,3509,1,,1,1,,,,,,Year-end party fee,10E200150,Entertainment Expenses,,,,10000,909,S,S,10A100020,Cash,1,Cash,Subaccount,10000,0,O,O,050,Kyushu Sales Office,Department,000,Common Department,Department,,,,,,,,
1970,,,,,,156,2021-12-16,,,,,,,,,,,,,,,,,,,,,,,,,,,,,,,,,,,,
1970,3510,1,,1,1,,,,,,Business travel expense,10E201230,Travel and Transportation Expenses,,,,8600,781,S,S,10A100020,Cash,1,Cash,Subaccount,8600,0,O,O,050,Kyushu Sales Office,Department,000,Common Department,Department,,,,,,,,
1971,,,,,,12,2021-12-17,,,,,,,,,,,,,,,,,,,,,,,,,,,,,,,,,,,,
1971,3511,1,,1,1,,,,,,Gasoline,10E201120,Vehicle Expenses,,,,7473,679,S,S,10A100020,Cash,1,Cash,Subaccount,18505,0,O,O,010,Sapporo Sales Office,Department,000,Common Department,Department,,,,,,,,
1971,3512,1,,,,,,,,,Gasoline,10E201120,Vehicle Expenses,,,,2858,259,S,S,,,,,,,,,,010,Sapporo Sales Office,Department,,,,,,,,,,,
1971,3513,1,,,,,,,,,Gasoline,10E201120,Vehicle Expenses,,,,6174,561,S,S,,,,,,,,,,010,Sapporo Sales Office,Department,,,,,,,,,,,
1971,3514,1,,,,,,,,,Expressway toll,10E201120,Vehicle Expenses,,,,2000,181,S,S,,,,,,,,,,010,Sapporo Sales Office,Department,,,,,,,,,,,
1972,,,,,,32,2021-12-17,,,,,,,,,,,,,,,,,,,,,,,,,,,,,,,,,,,,
1972,3515,1,,1,,,,,,,office supplies expense,10E201110,Office Supplies Expenses,,,,1426,129,S,S,10B100630,Accounts Payable Other,,,,1426,0,O,O,010,Sapporo Sales Office,Department,000,Common Department,Department,,,,,,,,
1973,,,,,,45,2021-12-17,,,,,,,,,,,,,,,,,,,,,,,,,,,,,,,,,,,,
1973,3516,1,,1,1,,,,,,Year-end party fee 2 people,10E200150,Entertainment Expenses,,,,20000,1818,S,S,10A100020,Cash,1,Cash,Subaccount,20000,0,O,O,020,Tokyo Branch,Department,000,Common Department,Department,,,,,,,,
1974,,,,,,52,2021-12-17,,,,,,,,,,,,,,,,,,,,,,,,,,,,,,,,,,,,
1974,3517,1,,1,1,,,,,,Expressway toll,10E201120,Vehicle Expenses,,,,1096,99,S,S,10A100020,Cash,1,Cash,Subaccount,3621,0,O,O,020,Tokyo Branch,Department,000,Common Department,Department,,,,,,,,
1974,3518,1,,,,,,,,,Expressway toll,10E201120,Vehicle Expenses,,,,1096,99,S,S,,,,,,,,,,020,Tokyo Branch,Department,,,,,,,,,,,
1974,3519,1,,,,,,,,,Expressway toll,10E201120,Vehicle Expenses,,,,1429,129,S,S,,,,,,,,,,020,Tokyo Branch,Department,,,,,,,,,,,
1975,,,,,,164,2021-12-17,,,,,,,,,,,,,,,,,,,,,,,,,,,,,,,,,,,,
1975,3520,1,,1,1,,,,,,office supplies,10E201110,Office Supplies Expenses,,,,11960,1087,S,S,10A100020,Cash,1,Cash,Subaccount,11960,0,O,O,050,Kyushu Sales Office,Department,000,Common Department,Department,,,,,,,,
1976,,,,,,8,2021-12-18,,,,,,,,,,,,,,,,,,,,,,,,,,,,,,,,,,,,
1976,3521,1,,1,1,,,,,,Regular meeting fee,10E200150,Entertainment Expenses,,,,20000,1818,S,S,10A100020,Cash,1,Cash,Subaccount,20000,0,O,O,010,Sapporo Sales Office,Department,000,Common Department,Department,,,,,,,,
1977,,,,,,86,2021-12-18,,,,,,,,,,,,,,,,,,,,,,,,,,,,,,,,,,,,
1977,3522,1,,1,1,,,,,,Postage stamps,10E200180,Communication Expenses,,,,16000,1454,S,S,10A100020,Cash,1,Cash,Subaccount,16000,0,O,O,050,Kyushu Sales Office,Department,000,Common Department,Department,,,,,,,,
1978,,,,,,104,2021-12-18,,,,,,,,,,,,,,,,,,,,,,,,,,,,,,,,,,,,
1978,3523,1,,1,1,,,,,,Year-end party fee,10E200150,Entertainment Expenses,,,,8000,727,S,S,10A100020,Cash,1,Cash,Subaccount,8000,0,O,O,040,Osaka Branch,Department,000,Common Department,Department,,,,,,,,
1979,,,,,,153,2021-12-18,,,,,,,,,,,,,,,,,,,,,,,,,,,,,,,,,,,,
1979,3524,1,,1,1,,,,,,Year-end party fee,10E200150,Entertainment Expenses,,,,8000,727,S,S,10A100020,Cash,1,Cash,Subaccount,8000,0,O,O,030,Nagoya Branch,Department,000,Common Department,Department,,,,,,,,
1980,,,,,,6,2021-12-19,,,,,,,,,,,,,,,,,,,,,,,,,,,,,,,,,,,,
1980,3525,1,,1,1,,,,,,Advertising fee,10E200050,Advertising Expenses,,,,5000,454,S,S,10A100020,Cash,1,Cash,Subaccount,5000,0,O,O,010,Sapporo Sales Office,Department,000,Common Department,Department,,,,,,,,
1981,,,,,,47,2021-12-19,,,,,,,,,,,,,,,,,,,,,,,,,,,,,,,,,,,,
1981,3526,1,,1,1,,,,,,Gasoline,10E201120,Vehicle Expenses,,,,2540,230,S,S,10A100020,Cash,1,Cash,Subaccount,2540,0,O,O,020,Tokyo Branch,Department,000,Common Department,Department,,,,,,,,
1982,,,,,,59,2021-12-19,,,,,,,,,,,,,,,,,,,,,,,,,,,,,,,,,,,,
1982,3527,1,,1,1,,,,,,Travel expense,10E201230,Travel and Transportation Expenses,,,,50000,4545,S,S,10A100020,Cash,1,Cash,Subaccount,50000,0,O,O,020,Tokyo Branch,Department,000,Common Department,Department,,,,,,,,
1983,,,,,,89,2021-12-19,,,,,,,,,,,,,,,,,,,,,,,,,,,,,,,,,,,,
1983,3528,1,,1,1,,,,,,Travel expense,10E201230,Travel and Transportation Expenses,,,,20000,1818,S,S,10A100020,Cash,1,Cash,Subaccount,20000,0,O,O,030,Nagoya Branch,Department,000,Common Department,Department,,,,,,,,
1984,,,,,,148,2021-12-19,,,,,,,,,,,,,,,,,,,,,,,,,,,,,,,,,,,,
1984,3529,1,,1,1,,,,,,Gasoline,10E201120,Vehicle Expenses,,,,5291,481,S,S,10A100020,Cash,1,Cash,Subaccount,5291,0,O,O,050,Kyushu Sales Office,Department,000,Common Department,Department,,,,,,,,
1985,,,,,,1,2021-12-20,,,,,,,,,,,,,,,,,,,,,,,,,,,,,,,,,,,,
1985,3530,1,,1,1,,,,,,"Overtime meal, reduced tax rate",10E200140,Employee Welfare Expenses,,,,43200,3200,AA,AA,10A100020,Cash,1,Cash,Subaccount,43200,0,O,O,000,Common Department,Department,000,Common Department,Department,,,,,,,,
1986,,,,,,24,2021-12-20,,,,,,,,,,,,,,,,,,,,,,,,,,,,,,,,,,,,
1986,3531,1,,1,1,,,,,,Anonymized Railway Company A multi-ride ticket,10E201230,Travel and Transportation Expenses,,,,82620,7510,S,S,10A100020,Cash,1,Cash,Subaccount,82620,0,O,O,010,Sapporo Sales Office,Department,000,Common Department,Department,,,,,,,,
1987,,,,,,31,2021-12-20,,,,,,,,,,,,,,,,,,,,,,,,,,,,,,,,,,,,
1987,3532,1,,1,,,,,,,Copying expense expense,10E201110,Office Supplies Expenses,,,,3288,298,S,S,10B100630,Accounts Payable Other,,,,3288,0,O,O,010,Sapporo Sales Office,Department,000,Common Department,Department,,,,,,,,
1988,,,,,,48,2021-12-20,,,,,,,,,,,,,,,,,,,,,,,,,,,,,,,,,,,,
1988,3533,1,,1,1,,,,,,Gasoline,10E201120,Vehicle Expenses,,,,4303,391,S,S,10A100020,Cash,1,Cash,Subaccount,4303,0,O,O,020,Tokyo Branch,Department,000,Common Department,Department,,,,,,,,
1989,,,,,,71,2021-12-20,,,,,,,,,,,,,,,,,,,,,,,,,,,,,,,,,,,,
1989,3534,1,,1,,,,,,,Copy counter charge,10E201110,Office Supplies Expenses,,,,36741,3340,S,S,10B100630,Accounts Payable Other,,,,36741,0,O,O,020,Tokyo Branch,Department,000,Common Department,Department,,,,,,,,
1990,,,,,,73,2021-12-20,,,,,,,,,,,,,,,,,,,,,,,,,,,,,,,,,,,,
1990,3535,1,,1,,,,,,,Wired service fee,10E201270,Miscellaneous Expenses,,,,5000,454,S,S,10B100630,Accounts Payable Other,,,,5000,0,O,O,030,Nagoya Branch,Department,000,Common Department,Department,,,,,,,,
1991,,,,,,75,2021-12-20,,,,,,,,,,,,,,,,,,,,,,,,,,,,,,,,,,,,
1991,3536,1,,1,1,,,,,,Gasoline,10E201120,Vehicle Expenses,,,,2858,259,S,S,10A100020,Cash,1,Cash,Subaccount,3525,0,O,O,010,Sapporo Sales Office,Department,000,Common Department,Department,,,,,,,,
1991,3537,1,,,,,,,,,Parking fee,10E201120,Vehicle Expenses,,,,286,26,S,S,,,,,,,,,,010,Sapporo Sales Office,Department,,,,,,,,,,,
1991,3538,1,,,,,,,,,Parking fee,10E201120,Vehicle Expenses,,,,381,34,S,S,,,,,,,,,,010,Sapporo Sales Office,Department,,,,,,,,,,,
1992,,,,,,76,2021-12-20,,,,,,,,,,,,,,,,,,,,,,,,,,,,,,,,,,,,
1992,3539,1,,1,,,,,,,Copy counter charge,10E201110,Office Supplies Expenses,,,,6300,572,S,S,10B100630,Accounts Payable Other,,,,6300,0,O,O,050,Kyushu Sales Office,Department,000,Common Department,Department,,,,,,,,
1993,,,,,,80,2021-12-20,,,,,,,,,,,,,,,,,,,,,,,,,,,,,,,,,,,,
1993,3540,1,,1,,,,,,,Membership fee Payment,10E200140,Employee Welfare Expenses,,,,417375,37943,S,S,10B100630,Accounts Payable Other,,,,417375,0,O,O,030,Nagoya Branch,Department,000,Common Department,Department,,,,,,,,
1993,3541,1,,1,,,,,,,files and related supplies,10E200200,Supplies Expenses,,,,9320,847,S,S,10B100630,Accounts Payable Other,,,,228901,0,O,O,000,Common Department,Department,000,Common Department,Department,,,,,,,,
1993,3542,1,,,,,,,,,Drinking water,10E200200,Supplies Expenses,,,,210161,19105,S,S,,,,,,,,,,000,Common Department,Department,,,,,,,,,,,
1993,3543,1,,,,,,,,,Business card expense,10E200200,Supplies Expenses,,,,9420,856,S,S,,,,,,,,,,000,Common Department,Department,,,,,,,,,,,
1994,,,,,,97,2021-12-20,,,,,,,,,,,,,,,,,,,,,,,,,,,,,,,,,,,,
1994,3544,1,,1,,,,,,,Copying expense expense,10E201110,Office Supplies Expenses,,,,39226,3566,S,S,10B100630,Accounts Payable Other,,,,39226,0,O,O,030,Nagoya Branch,Department,000,Common Department,Department,,,,,,,,
1995,,,,,,98,2021-12-20,,,,,,,,,,,,,,,,,,,,,,,,,,,,,,,,,,,,
1995,3545,1,,1,,,,,,,office supplies,10E201110,Office Supplies Expenses,,,,10058,914,S,S,10B100630,Accounts Payable Other,,,,10058,0,O,O,030,Nagoya Branch,Department,000,Common Department,Department,,,,,,,,
1996,,,,,,100,2021-12-20,,,,,,,,,,,,,,,,,,,,,,,,,,,,,,,,,,,,
1996,3546,1,1,1,1,,,,,,Funds transfer,10A100020,Ordinary Deposits,20,ABC Bank Head Office,Subaccount,20000000,0,O,O,10A100020,Checking Deposits,1,ABC Bank,Subaccount,20000000,0,O,O,000,Common Department,Department,000,Common Department,Department,,,,,,,,
1997,,,,,,101,2021-12-20,,,,,,,,,,,,,,,,,,,,,,,,,,,,,,,,,,,,
1997,3547,1,,1,,,,,,,Advertising fee,10E200050,Advertising Expenses,,,,52500,4772,S,S,10B100630,Accounts Payable Other,,,,52500,0,O,O,040,Osaka Branch,Department,000,Common Department,Department,,,,,,,,
1998,,,,,,105,2021-12-20,,,,,,,,,,,,,,,,,,,,,,,,,,,,,,,,,,,,
1998,3548,1,,1,1,,,,,,Year-end party fee,10E200150,Entertainment Expenses,,,,9524,865,S,S,10A100020,Cash,1,Cash,Subaccount,19524,0,O,O,040,Osaka Branch,Department,000,Common Department,Department,,,,,,,,
1998,3549,1,,,,,,,,,Prize expense Anonymized Store 089,10E200150,Entertainment Expenses,,,,10000,909,S,S,,,,,,,,,,040,Osaka Branch,Department,,,,,,,,,,,
1999,,,,,,111,2021-12-20,,,,,,,,,,,,,,,,,,,,,,,,,,,,,,,,,,,,
1999,3550,1,1,1,1,,,,,,Voucher No. 393 dated 12/20 Anonymized Partner 058,10A100020,Cash,1,Cash,Subaccount,1158996,0,O,O,10A100090,Accounts Receivable,11,Anonymized Partner 058,Subaccount,1158996,0,O,O,000,Common Department,Department,000,Common Department,Department,,,,,,,,
2000,,,,,,112,2021-12-20,,,,,,,,,,,,,,,,,,,,,,,,,,,,,,,,,,,,
2000,3551,1,1,1,1,,,,,,Voucher No. 394 dated 12/20 Anonymized Partner 014,10A100020,Ordinary Deposits,30,GHI Bank Nagoya Branch,Subaccount,570875,0,O,O,10A100090,Accounts Receivable,21,Anonymized Partner 014,Subaccount,570875,0,O,O,000,Common Department,Department,000,Common Department,Department,,,,,,,,
2000,3552,1,,1,1,,,,,,Voucher No. 394 dated 12/20 Anonymized Partner 014,10E200690,Service Fees,,,,472,42,S,S,10A100090,Accounts Receivable,21,Anonymized Partner 014,Subaccount,472,0,O,O,030,Nagoya Branch,Department,000,Common Department,Department,,,,,,,,
2001,,,,,,113,2021-12-20,,,,,,,,,,,,,,,,,,,,,,,,,,,,,,,,,,,,
2001,3553,1,1,1,1,,,,,,Voucher No. 395 dated 12/20 Anonymized Partner 052,10A100020,Ordinary Deposits,20,ABC Bank Head Office,Subaccount,1326942,0,O,O,10A100090,Accounts Receivable,30,Anonymized Partner 052,Subaccount,1326942,0,O,O,000,Common Department,Department,000,Common Department,Department,,,,,,,,
2001,3554,1,,1,1,,,,,,Voucher No. 395 dated 12/20 Anonymized Partner 052,10E200690,Service Fees,,,,735,66,S,S,10A100090,Accounts Receivable,30,Anonymized Partner 052,Subaccount,735,0,O,O,020,Tokyo Branch,Department,000,Common Department,Department,,,,,,,,
2002,,,,,,114,2021-12-20,,,,,,,,,,,,,,,,,,,,,,,,,,,,,,,,,,,,
2002,3555,1,1,1,1,,,,,,Voucher No. 306 dated 12/20 Anonymized Partner 047,10B100040,Accounts Payable,4,Anonymized Partner 047,Subaccount,1155555,0,O,O,10A100020,Checking Deposits,1,ABC Bank,Subaccount,1155555,0,O,O,000,Common Department,Department,000,Common Department,Department,,,,,,,,
2003,,,,,,115,2021-12-20,,,,,,,,,,,,,,,,,,,,,,,,,,,,,,,,,,,,
2003,3556,1,1,1,1,,,,,,Voucher No. 307 dated 12/20 Anonymized Partner 054,10B100040,Accounts Payable,6,Anonymized Partner 054,Subaccount,3677354,0,O,O,10A100020,Ordinary Deposits,20,ABC Bank Head Office,Subaccount,3677354,0,O,O,000,Common Department,Department,000,Common Department,Department,,,,,,,,
2004,,,,,,116,2021-12-20,,,,,,,,,,,,,,,,,,,,,,,,,,,,,,,,,,,,
2004,3557,1,1,1,1,,,,,,Voucher No. 308 dated 12/20 Anonymized Partner 067,10B100040,Accounts Payable,11,Anonymized Partner 067,Subaccount,5286009,0,O,O,10A100020,Ordinary Deposits,20,ABC Bank Head Office,Subaccount,5286009,0,O,O,000,Common Department,Department,000,Common Department,Department,,,,,,,,
2005,,,,,,118,2021-12-20,,,,,,,,,,,,,,,,,,,,,,,,,,,,,,,,,,,,
2005,3558,1,,1,,,,,,,Copying expense expense,10E201110,Office Supplies Expenses,,,,8230,748,S,S,10B100630,Accounts Payable Other,,,,8230,0,O,O,040,Osaka Branch,Department,000,Common Department,Department,,,,,,,,
2006,,,,,,135,2021-12-20,,,,,,,,,,,,,,,,,,,,,,,,,,,,,,,,,,,,
2006,3559,1,,1,,,,,,,office supplies,10E201110,Office Supplies Expenses,,,,4732,430,S,S,10B100630,Accounts Payable Other,,,,4732,0,O,O,040,Osaka Branch,Department,000,Common Department,Department,,,,,,,,
2007,,,,,,141,2021-12-20,,,,,,,,,,,,,,,,,,,,,,,,,,,,,,,,,,,,
2007,3560,1,1,1,,,,,,,Note discounted Anonymized Partner 072 | Note number=R20211110-90-28;Receipt amount corrected to settlement amount,10A100020,Checking Deposits,1,ABC Bank,Subaccount,6875000,0,O,O,10A100060,Notes Receivable,,,,6921367,0,O,O,000,Common Department,Department,000,Common Department,Department,,,,,,,,
2007,3561,1,,,,,,,,,Note discount fee | Note number=R20211110-90-28,10E300020,Interest Expense,,,,46367,0,E,E,,,,,,,,,,020,Tokyo Branch,Department,,,,,,,,,,,
2008,,,,,,148,2021-12-20,,,,,,,,,,,,,,,,,,,,,,,,,,,,,,,,,,,,
2008,3562,1,1,1,,,,,,,Note maturity Anonymized Partner 065 | Note number=R20211031-116-12;Receipt amount corrected to settlement amount,10A100020,Checking Deposits,1,ABC Bank,Subaccount,9607109,0,O,O,10A100060,Notes Receivable,,,,9607109,0,O,O,000,Common Department,Department,000,Common Department,Department,,,,,,,,
2009,,,,,,163,2021-12-20,,,,,,,,,,,,,,,,,,,,,,,,,,,,,,,,,,,,
2009,3563,1,,1,1,,,,,,Membership fee,10E201140,Membership Fees,,,,18000,0,O,O,10A100020,Cash,1,Cash,Subaccount,18000,0,O,O,050,Kyushu Sales Office,Department,000,Common Department,Department,,,,,,,,
2010,,,,,,3,2021-12-21,,,,,,,,,,,,,,,,,,,,,,,,,,,,,,,,,,,,
2010,3564,1,,1,,,,,,,Lodging expense,10E200140,Employee Welfare Expenses,,,,30125,2738,S,S,10B100630,Accounts Payable Other,,,,30125,0,O,O,010,Sapporo Sales Office,Department,000,Common Department,Department,,,,,,,,
2011,,,,,,25,2021-12-21,,,,,,,,,,,,,,,,,,,,,,,,,,,,,,,,,,,,
2011,3565,1,,1,1,,,,,,Travel expense,10E201230,Travel and Transportation Expenses,,,,56000,5090,S,S,10A100020,Cash,1,Cash,Subaccount,56000,0,O,O,010,Sapporo Sales Office,Department,000,Common Department,Department,,,,,,,,
2012,,,,,,34,2021-12-21,,,,,,,,,,,,,,,,,,,,,,,,,,,,,,,,,,,,
2012,3566,1,,1,1,,,,,,Electricity expense,10E201040,Utilities Expenses,,,,94721,8611,S,S,10A100020,Ordinary Deposits,10,DEF Bank Station Branch,Subaccount,98561,0,O,O,010,Sapporo Sales Office,Department,000,Common Department,Department,,,,,,,,
2012,3567,1,,,,,,,,,Water expense,10E201040,Utilities Expenses,,,,3840,349,S,S,,,,,,,,,,010,Sapporo Sales Office,Department,,,,,,,,,,,
2013,,,,,,64,2021-12-21,,,,,,,,,,,,,,,,,,,,,,,,,,,,,,,,,,,,
2013,3568,1,,1,1,,,,,,Electricity expense,10E201040,Utilities Expenses,,,,215755,19614,S,S,10A100020,Ordinary Deposits,20,ABC Bank Head Office,Subaccount,224847,0,O,O,020,Tokyo Branch,Department,000,Common Department,Department,,,,,,,,
2013,3569,1,,,,,,,,,Water expense,10E201040,Utilities Expenses,,,,9092,826,S,S,,,,,,,,,,020,Tokyo Branch,Department,,,,,,,,,,,
2014,,,,,,75,2021-12-21,,,,,,,,,,,,,,,,,,,,,,,,,,,,,,,,,,,,
2014,3570,1,,1,1,,,,,,Year-end party fee,10E200150,Entertainment Expenses,,,,8000,727,S,S,10A100020,Cash,1,Cash,Subaccount,8000,0,O,O,020,Tokyo Branch,Department,000,Common Department,Department,,,,,,,,
2015,,,,,,89,2021-12-21,,,,,,,,,,,,,,,,,,,,,,,,,,,,,,,,,,,,
2015,3571,1,,1,1,,,,,,Electricity expense,10E201040,Utilities Expenses,,,,110700,10063,S,S,10A100020,Ordinary Deposits,30,GHI Bank Nagoya Branch,Subaccount,120420,0,O,O,030,Nagoya Branch,Department,000,Common Department,Department,,,,,,,,
2015,3572,1,,,,,,,,,Water expense,10E201040,Utilities Expenses,,,,4730,430,S,S,,,,,,,,,,030,Nagoya Branch,Department,,,,,,,,,,,
2015,3573,1,,,,,,,,,Gas expense,10E201040,Utilities Expenses,,,,4990,453,S,S,,,,,,,,,,030,Nagoya Branch,Department,,,,,,,,,,,
2016,,,,,,94,2021-12-21,,,,,,,,,,,,,,,,,,,,,,,,,,,,,,,,,,,,
2016,3574,1,,1,1,,,,,,New Year decoration and others,10E201270,Miscellaneous Expenses,,,,5377,488,S,S,10A100020,Cash,1,Cash,Subaccount,5377,0,O,O,030,Nagoya Branch,Department,000,Common Department,Department,,,,,,,,
2017,,,,,,114,2021-12-21,,,,,,,,,,,,,,,,,,,,,,,,,,,,,,,,,,,,
2017,3575,1,,1,1,,,,,,Newspaper expense,10E201160,Books and Publications,,,,2540,230,S,S,10A100020,Cash,1,Cash,Subaccount,5404,0,O,O,040,Osaka Branch,Department,000,Common Department,Department,,,,,,,,
2017,3576,1,,,,,,,,,Newspaper expense,10E201160,Books and Publications,,,,2864,260,S,S,,,,,,,,,,040,Osaka Branch,Department,,,,,,,,,,,
2018,,,,,,126,2021-12-21,,,,,,,,,,,,,,,,,,,,,,,,,,,,,,,,,,,,
2018,3577,1,,1,1,,,,,,Revenue stamp,10E200210,Taxes and Dues,,,,40000,0,O,O,10A100020,Cash,1,Cash,Subaccount,40000,0,O,O,020,Tokyo Branch,Department,000,Common Department,Department,,,,,,,,
2019,,,,,,132,2021-12-21,,,,,,,,,,,,,,,,,,,,,,,,,,,,,,,,,,,,
2019,3578,1,,1,1,,,,,,Electricity expense,10E201040,Utilities Expenses,,,,139580,12689,S,S,10A100020,Ordinary Deposits,40,JKL Bank Umeda Branch,Subaccount,147310,0,O,O,040,Osaka Branch,Department,000,Common Department,Department,,,,,,,,
2019,3579,1,,,,,,,,,Water expense,10E201040,Utilities Expenses,,,,7730,702,S,S,,,,,,,,,,040,Osaka Branch,Department,,,,,,,,,,,
2020,,,,,,169,2021-12-21,,,,,,,,,,,,,,,,,,,,,,,,,,,,,,,,,,,,
2020,3580,1,,1,1,,,,,,Electricity expense,10E201040,Utilities Expenses,,,,139580,12689,S,S,10A100020,Ordinary Deposits,50,MNO Bank Kitakyushu Branch,Subaccount,147310,0,O,O,050,Kyushu Sales Office,Department,000,Common Department,Department,,,,,,,,
2020,3581,1,,,,,,,,,Water expense,10E201040,Utilities Expenses,,,,7730,702,S,S,,,,,,,,,,050,Kyushu Sales Office,Department,,,,,,,,,,,
2021,,,,,,35,2021-12-22,,,,,,,,,,,,,,,,,,,,,,,,,,,,,,,,,,,,
2021,3582,1,,1,1,,,,,,Newspaper expense,10E201160,Books and Publications,,,,3925,356,S,S,10A100020,Cash,1,Cash,Subaccount,3925,0,O,O,010,Sapporo Sales Office,Department,000,Common Department,Department,,,,,,,,
2022,,,,,,53,2021-12-22,,,,,,,,,,,,,,,,,,,,,,,,,,,,,,,,,,,,
2022,3583,1,,1,1,,,,,,Expressway toll,10E201120,Vehicle Expenses,,,,381,34,S,S,10A100020,Cash,1,Cash,Subaccount,2143,0,O,O,020,Tokyo Branch,Department,000,Common Department,Department,,,,,,,,
2022,3584,1,,,,,,,,,Parking fee,10E201120,Vehicle Expenses,,,,1762,160,S,S,,,,,,,,,,020,Tokyo Branch,Department,,,,,,,,,,,
2023,,,,,,72,2021-12-22,,,,,,,,,,,,,,,,,,,,,,,,,,,,,,,,,,,,
2023,3585,1,,1,1,,,,,,Newspaper expense,10E201160,Books and Publications,,,,2864,260,S,S,10A100020,Cash,1,Cash,Subaccount,9078,0,O,O,020,Tokyo Branch,Department,000,Common Department,Department,,,,,,,,
2023,3586,1,,,,,,,,,Newspaper expense,10E201160,Books and Publications,,,,2815,255,S,S,,,,,,,,,,020,Tokyo Branch,Department,,,,,,,,,,,
2023,3587,1,,,,,,,,,Newspaper expense,10E201160,Books and Publications,,,,3399,309,S,S,,,,,,,,,,020,Tokyo Branch,Department,,,,,,,,,,,
2023,3588,1,,1,1,,,,,,New Year decorations and rice cakes and others,10E201270,Miscellaneous Expenses,,,,9018,819,S,S,10A100020,Cash,1,Cash,Subaccount,9018,0,O,O,020,Tokyo Branch,Department,000,Common Department,Department,,,,,,,,
2024,,,,,,74,2021-12-22,,,,,,,,,,,,,,,,,,,,,,,,,,,,,,,,,,,,
2024,3589,1,,1,1,,,,,,New Year decoration and others,10E201270,Miscellaneous Expenses,,,,4688,426,S,S,10A100020,Cash,1,Cash,Subaccount,4688,0,O,O,040,Osaka Branch,Department,000,Common Department,Department,,,,,,,,
2025,,,,,,84,2021-12-22,,,,,,,,,,,,,,,,,,,,,,,,,,,,,,,,,,,,
2025,3590,1,,1,1,,,,,,Gasoline,10E201120,Vehicle Expenses,,,,6826,620,S,S,10A100020,Cash,1,Cash,Subaccount,6826,0,O,O,050,Kyushu Sales Office,Department,000,Common Department,Department,,,,,,,,
2026,,,,,,88,2021-12-22,,,,,,,,,,,,,,,,,,,,,,,,,,,,,,,,,,,,
2026,3591,1,,1,1,,,,,,Newspaper expense,10E201160,Books and Publications,,,,3568,324,S,S,10A100020,Cash,1,Cash,Subaccount,3568,0,O,O,030,Nagoya Branch,Department,000,Common Department,Department,,,,,,,,
2027,,,,,,90,2021-12-22,,,,,,,,,,,,,,,,,,,,,,,,,,,,,,,,,,,,
2027,3592,1,,1,1,,,,,,Anonymized Cleaning Company A expense,10E201270,Miscellaneous Expenses,,,,10500,954,S,S,10A100020,Cash,1,Cash,Subaccount,10500,0,O,O,030,Nagoya Branch,Department,000,Common Department,Department,,,,,,,,
2028,,,,,,95,2021-12-22,,,,,,,,,,,,,,,,,,,,,,,,,,,,,,,,,,,,
2028,3593,1,,1,,,,,,,Cleaning fee,10E201270,Miscellaneous Expenses,,,,71675,6515,S,S,10B100630,Accounts Payable Other,,,,71675,0,O,O,030,Nagoya Branch,Department,000,Common Department,Department,,,,,,,,
2029,,,,,,107,2021-12-22,,,,,,,,,,,,,,,,,,,,,,,,,,,,,,,,,,,,
2029,3594,1,,1,1,,,,,,Year-end party fee 3 people,10E200150,Entertainment Expenses,,,,24000,2181,S,S,10A100020,Cash,1,Cash,Subaccount,24000,0,O,O,040,Osaka Branch,Department,000,Common Department,Department,,,,,,,,
2030,,,,,,131,2021-12-22,,,,,,,,,,,,,,,,,,,,,,,,,,,,,,,,,,,,
2030,3595,1,,1,1,,,,,,Membership fee,10E201140,Membership Fees,,,,24000,0,O,O,10A100020,Ordinary Deposits,40,JKL Bank Umeda Branch,Subaccount,24000,0,O,O,040,Osaka Branch,Department,000,Common Department,Department,,,,,,,,
2031,,,,,,151,2021-12-22,,,,,,,,,,,,,,,,,,,,,,,,,,,,,,,,,,,,
2031,3596,1,,1,1,,,,,,Year-end party fee 3 people,10E200150,Entertainment Expenses,,,,30000,2727,S,S,10A100020,Cash,1,Cash,Subaccount,30000,0,O,O,040,Osaka Branch,Department,000,Common Department,Department,,,,,,,,
2032,,,,,,166,2021-12-22,,,,,,,,,,,,,,,,,,,,,,,,,,,,,,,,,,,,
2032,3597,1,,1,1,,,,,,Anonymized Cleaning Company A expense,10E201270,Miscellaneous Expenses,,,,1890,171,S,S,10A100020,Cash,1,Cash,Subaccount,1890,0,O,O,050,Kyushu Sales Office,Department,000,Common Department,Department,,,,,,,,
2033,,,,,,170,2021-12-22,,,,,,,,,,,,,,,,,,,,,,,,,,,,,,,,,,,,
2033,3598,1,,1,1,,,,,,Newspaper expense,10E201160,Books and Publications,,,,3007,273,S,S,10A100020,Cash,1,Cash,Subaccount,3007,0,O,O,050,Kyushu Sales Office,Department,000,Common Department,Department,,,,,,,,
2034,,,,,,26,2021-12-23,,,,,,,,,,,,,,,,,,,,,,,,,,,,,,,,,,,,
2034,3599,1,,1,1,,,,,,Travel expense,10E201230,Travel and Transportation Expenses,,,,25000,2272,S,S,10A100020,Cash,1,Cash,Subaccount,25000,0,O,O,010,Sapporo Sales Office,Department,000,Common Department,Department,,,,,,,,
2035,,,,,,28,2021-12-23,,,,,,,,,,,,,,,,,,,,,,,,,,,,,,,,,,,,
2035,3600,1,,1,,,,,,,taxi expense,10E201230,Travel and Transportation Expenses,,,,2420,220,S,S,10B100630,Accounts Payable Other,,,,2420,0,O,O,010,Sapporo Sales Office,Department,000,Common Department,Department,,,,,,,,
2036,,,,,,64,2021-12-23,,,,,,,,,,,,,,,,,,,,,,,,,,,,,,,,,,,,
2036,3601,1,,1,,,,,,,Tea expense,10E200140,Employee Welfare Expenses,,,,18700,1700,S,S,10B100630,Accounts Payable Other,,,,18700,0,O,O,050,Kyushu Sales Office,Department,000,Common Department,Department,,,,,,,,
2037,,,,,,71,2021-12-23,,,,,,,,,,,,,,,,,,,,,,,,,,,,,,,,,,,,
2037,3602,1,,1,1,,,,,,New Year decoration and others,10E201270,Miscellaneous Expenses,,,,4800,436,S,S,10A100020,Cash,1,Cash,Subaccount,4800,0,O,O,010,Sapporo Sales Office,Department,000,Common Department,Department,,,,,,,,
2038,,,,,,140,2021-12-23,,,,,,,,,,,,,,,,,,,,,,,,,,,,,,,,,,,,
2038,3603,1,,1,1,,,,,,Travel expense,10E201230,Travel and Transportation Expenses,,,,9870,897,S,S,10A100020,Cash,1,Cash,Subaccount,9870,0,O,O,040,Osaka Branch,Department,000,Common Department,Department,,,,,,,,
2039,,,,,,38,2021-12-24,,,,,,,,,,,,,,,,,,,,,,,,,,,,,,,,,,,,
2039,3604,1,,1,,,,,,,Lodging expense,10E200140,Employee Welfare Expenses,,,,58974,5361,S,S,10B100630,Accounts Payable Other,,,,58974,0,O,O,020,Tokyo Branch,Department,000,Common Department,Department,,,,,,,,
2040,,,,,,54,2021-12-24,,,,,,,,,,,,,,,,,,,,,,,,,,,,,,,,,,,,
2040,3605,1,,1,1,,,,,,Expressway toll,10E201120,Vehicle Expenses,,,,1810,164,S,S,10A100020,Cash,1,Cash,Subaccount,4382,0,O,O,020,Tokyo Branch,Department,000,Common Department,Department,,,,,,,,
2040,3606,1,,,,,,,,,Gasoline,10E201120,Vehicle Expenses,,,,2572,233,S,S,,,,,,,,,,020,Tokyo Branch,Department,,,,,,,,,,,
2041,,,,,,78,2021-12-24,,,,,,,,,,,,,,,,,,,,,,,,,,,,,,,,,,,,
2041,3607,1,,1,,,,,,,Outsourcing fee payment,10E200020,Sales Commissions,,,,189000,17181,S,S,10B100630,Accounts Payable Other,,,,189000,0,O,O,030,Nagoya Branch,Department,000,Common Department,Department,,,,,,,,
2042,,,,,,87,2021-12-24,,,,,,,,,,,,,,,,,,,,,,,,,,,,,,,,,,,,
2042,3608,1,,1,1,,,,,,Mobile phone expense,10E200180,Communication Expenses,,,,69154,6286,S,S,10A100020,Ordinary Deposits,30,GHI Bank Nagoya Branch,Subaccount,69154,0,O,O,030,Nagoya Branch,Department,000,Common Department,Department,,,,,,,,
2043,,,,,,120,2021-12-24,,,,,,,,,,,,,,,,,,,,,,,,,,,,,,,,,,,,
2043,3609,1,,1,,,,,,,Outsourcing fee,10E200020,Sales Commissions,,,,735000,66818,S,S,10B100630,Accounts Payable Other,,,,735000,0,O,O,040,Osaka Branch,Department,000,Common Department,Department,,,,,,,,
2044,,,,,,146,2021-12-24,,,,,,,,,,,,,,,,,,,,,,,,,,,,,,,,,,,,
2044,3610,1,,1,,,,,,,Outsourcing fee,10E200020,Sales Commissions,,,,168000,15272,S,S,10B100630,Accounts Payable Other,,,,168000,0,O,O,050,Kyushu Sales Office,Department,000,Common Department,Department,,,,,,,,
2045,,,,,,154,2021-12-24,,,,,,,,,,,,,,,,,,,,,,,,,,,,,,,,,,,,
2045,3611,1,,1,,,,,,,Year-end party fee 2 people,10E200150,Entertainment Expenses,,,,11429,1039,S,S,10B100630,Accounts Payable Other,,,,41839,0,O,O,050,Kyushu Sales Office,Department,000,Common Department,Department,,,,,,,,
2045,3612,1,,,,,,,,,Meal expense Anonymized Store 015,10E200150,Entertainment Expenses,,,,30410,2764,S,S,,,,,,,,,,050,Kyushu Sales Office,Department,,,,,,,,,,,
2046,,,,,,29,2021-12-25,,,,,,,,,,,,,,,,,,,,,,,,,,,,,,,,,,,,
2046,3613,1,,1,1,,,,,,Mobile phone expense,10E200180,Communication Expenses,,,,49768,4524,S,S,10A100020,Ordinary Deposits,10,DEF Bank Station Branch,Subaccount,49768,0,O,O,010,Sapporo Sales Office,Department,000,Common Department,Department,,,,,,,,
2047,,,,,,37,2021-12-25,,,,,,,,,,,,,,,,,,,,,,,,,,,,,,,,,,,,
2047,3614,1,,1,,,,,,,Outsourcing fee,10E200020,Sales Commissions,,,,1849000,168090,S,S,10B100630,Accounts Payable Other,,,,1849000,0,O,O,020,Tokyo Branch,Department,000,Common Department,Department,,,,,,,,
2048,,,,,,79,2021-12-25,,,,,,,,,,,,,,,,,,,,,,,,,,,,,,,,,,,,
2048,3615,1,,1,1,,,,,,Prize expense,10E200140,Employee Welfare Expenses,,,,75983,6907,S,S,10A100020,Cash,1,Cash,Subaccount,75983,0,O,O,030,Nagoya Branch,Department,000,Common Department,Department,,,,,,,,
2049,,,,,,90,2021-12-25,,,,,,,,,,,,,,,,,,,,,,,,,,,,,,,,,,,,
2049,3616,1,,1,1,,,,,,Travel expense,10E201230,Travel and Transportation Expenses,,,,15000,1363,S,S,10A100020,Cash,1,Cash,Subaccount,15000,0,O,O,030,Nagoya Branch,Department,000,Common Department,Department,,,,,,,,
2050,,,,,,92,2021-12-25,,,,,,,,,,,,,,,,,,,,,,,,,,,,,,,,,,,,
2050,3617,1,,1,1,,,,,,Month 12 Payroll Other 0001 Executive,10E200090,Directors' Compensation,,,,1720000,0,O,O,10A100020,Ordinary Deposits,20,ABC Bank Head Office,Subaccount,1332869,0,O,O,020,Tokyo Branch,Department,000,Common Department,Department,,,,,,,,
2050,3618,,,1,1,,,,,,Month 12 Payroll Other 0001 Executive,,,,,,,,,,10B100690,Deposits Received,1,Insurance Expenses,Subaccount,120411,0,O,O,,,,000,Common Department,Department,,,,,,,,
2050,3619,,,1,1,,,,,,Month 12 Payroll Other 0001 Executive,,,,,,,,,,10B100690,Deposits Received,2,Resident Tax,Subaccount,171200,0,O,O,,,,000,Common Department,Department,,,,,,,,
2050,3620,,,1,1,,,,,,Month 12 Payroll Other 0001 Executive,,,,,,,,,,10B100690,Deposits Received,3,Withholding Tax,Subaccount,-44172,0,O,O,,,,000,Common Department,Department,,,,,,,,
2050,3621,,,1,1,,,,,,Month 12 Payroll Other 0001 Executive,,,,,,,,,,10B100690,Deposits Received,4,Savings and Insurance,Subaccount,133972,0,O,O,,,,000,Common Department,Department,,,,,,,,
2050,3622,,,1,1,,,,,,Month 12 Payroll Other 0001 Executive,,,,,,,,,,10B100690,Deposits Received,9,Other,Subaccount,5720,0,O,O,,,,000,Common Department,Department,,,,,,,,
2050,3623,1,,1,1,,,,,,Month 12 Payroll Other 0020 Sales Department,10E200370,Salaries and Allowances,,,,1792519,0,O,O,10A100020,Ordinary Deposits,20,ABC Bank Head Office,Subaccount,1423786,0,O,O,020,Tokyo Branch,Department,000,Common Department,Department,,,,,,,,
2050,3624,,,1,1,,,,,,Month 12 Payroll Other 0020 Sales Department,,,,,,,,,,10B100690,Deposits Received,1,Insurance Expenses,Subaccount,236045,0,O,O,,,,000,Common Department,Department,,,,,,,,
2050,3625,,,1,1,,,,,,Month 12 Payroll Other 0020 Sales Department,,,,,,,,,,10B100690,Deposits Received,2,Resident Tax,Subaccount,104300,0,O,O,,,,000,Common Department,Department,,,,,,,,
2050,3626,,,1,1,,,,,,Month 12 Payroll Other 0020 Sales Department,,,,,,,,,,10B100690,Deposits Received,3,Withholding Tax,Subaccount,-69671,0,O,O,,,,000,Common Department,Department,,,,,,,,
2050,3627,,,1,1,,,,,,Month 12 Payroll Other 0020 Sales Department,,,,,,,,,,10B100690,Deposits Received,4,Savings and Insurance,Subaccount,43305,0,O,O,,,,000,Common Department,Department,,,,,,,,
2050,3628,,,1,1,,,,,,Month 12 Payroll Other 0020 Sales Department,,,,,,,,,,10B100690,Deposits Received,9,Other,Subaccount,54754,0,O,O,,,,000,Common Department,Department,,,,,,,,
2050,3629,1,,1,1,,,,,,Month 12 Payroll Other 1000 Sapporo Sales Office,10E200370,Salaries and Allowances,,,,805566,0,O,O,10A100020,Ordinary Deposits,20,ABC Bank Head Office,Subaccount,586972,0,O,O,010,Sapporo Sales Office,Department,000,Common Department,Department,,,,,,,,
2050,3630,,,1,1,,,,,,Month 12 Payroll Other 1000 Sapporo Sales Office,,,,,,,,,,10B100690,Deposits Received,1,Insurance Expenses,Subaccount,103424,0,O,O,,,,000,Common Department,Department,,,,,,,,
2050,3631,,,1,1,,,,,,Month 12 Payroll Other 1000 Sapporo Sales Office,,,,,,,,,,10B100690,Deposits Received,2,Resident Tax,Subaccount,46300,0,O,O,,,,000,Common Department,Department,,,,,,,,
2050,3632,,,1,1,,,,,,Month 12 Payroll Other 1000 Sapporo Sales Office,,,,,,,,,,10B100690,Deposits Received,3,Withholding Tax,Subaccount,-19810,0,O,O,,,,000,Common Department,Department,,,,,,,,
2050,3633,,,1,1,,,,,,Month 12 Payroll Other 1000 Sapporo Sales Office,,,,,,,,,,10B100690,Deposits Received,4,Savings and Insurance,Subaccount,50648,0,O,O,,,,000,Common Department,Department,,,,,,,,
2050,3634,,,1,1,,,,,,Month 12 Payroll Other 1000 Sapporo Sales Office,,,,,,,,,,10B100690,Deposits Received,9,Other,Subaccount,38032,0,O,O,,,,000,Common Department,Department,,,,,,,,
2050,3635,1,,1,1,,,,,,Month 12 Payroll Other 3000 Nagoya Sales Office,10E200370,Salaries and Allowances,,,,734515,0,O,O,10A100020,Ordinary Deposits,20,ABC Bank Head Office,Subaccount,610049,0,O,O,030,Nagoya Branch,Department,000,Common Department,Department,,,,,,,,
2050,3636,,,1,1,,,,,,Month 12 Payroll Other 3000 Nagoya Sales Office,,,,,,,,,,10B100690,Deposits Received,1,Insurance Expenses,Subaccount,96352,0,O,O,,,,000,Common Department,Department,,,,,,,,
2050,3637,,,1,1,,,,,,Month 12 Payroll Other 3000 Nagoya Sales Office,,,,,,,,,,10B100690,Deposits Received,2,Resident Tax,Subaccount,42600,0,O,O,,,,000,Common Department,Department,,,,,,,,
2050,3638,,,1,1,,,,,,Month 12 Payroll Other 3000 Nagoya Sales Office,,,,,,,,,,10B100690,Deposits Received,3,Withholding Tax,Subaccount,-88150,0,O,O,,,,000,Common Department,Department,,,,,,,,
2050,3639,,,1,1,,,,,,Month 12 Payroll Other 3000 Nagoya Sales Office,,,,,,,,,,10B100690,Deposits Received,4,Savings and Insurance,Subaccount,40759,0,O,O,,,,000,Common Department,Department,,,,,,,,
2050,3640,,,1,1,,,,,,Month 12 Payroll Other 3000 Nagoya Sales Office,,,,,,,,,,10B100690,Deposits Received,9,Other,Subaccount,32905,0,O,O,,,,000,Common Department,Department,,,,,,,,
2050,3641,1,,1,1,,,,,,Month 12 Payroll Other 4000 Osaka Branch,10E200370,Salaries and Allowances,,,,917200,0,O,O,10A100020,Ordinary Deposits,20,ABC Bank Head Office,Subaccount,724185,0,O,O,040,Osaka Branch,Department,000,Common Department,Department,,,,,,,,
2050,3642,,,1,1,,,,,,Month 12 Payroll Other 4000 Osaka Branch,,,,,,,,,,10B100690,Deposits Received,1,Insurance Expenses,Subaccount,119477,0,O,O,,,,000,Common Department,Department,,,,,,,,
2050,3643,,,1,1,,,,,,Month 12 Payroll Other 4000 Osaka Branch,,,,,,,,,,10B100690,Deposits Received,2,Resident Tax,Subaccount,53400,0,O,O,,,,000,Common Department,Department,,,,,,,,
2050,3644,,,1,1,,,,,,Month 12 Payroll Other 4000 Osaka Branch,,,,,,,,,,10B100690,Deposits Received,3,Withholding Tax,Subaccount,-10135,0,O,O,,,,000,Common Department,Department,,,,,,,,
2050,3645,,,1,1,,,,,,Month 12 Payroll Other 4000 Osaka Branch,,,,,,,,,,10B100690,Deposits Received,4,Savings and Insurance,Subaccount,13570,0,O,O,,,,000,Common Department,Department,,,,,,,,
2050,3646,,,1,1,,,,,,Month 12 Payroll Other 4000 Osaka Branch,,,,,,,,,,10B100690,Deposits Received,9,Other,Subaccount,16703,0,O,O,,,,000,Common Department,Department,,,,,,,,
2050,3647,1,,1,1,,,,,,Month 12 Payroll Other 5000 Kyushu Sales Office,10E200370,Salaries and Allowances,,,,559824,0,O,O,10A100020,Ordinary Deposits,20,ABC Bank Head Office,Subaccount,473197,0,O,O,050,Kyushu Sales Office,Department,000,Common Department,Department,,,,,,,,
2050,3648,,,1,1,,,,,,Month 12 Payroll Other 5000 Kyushu Sales Office,,,,,,,,,,10B100690,Deposits Received,1,Insurance Expenses,Subaccount,67268,0,O,O,,,,000,Common Department,Department,,,,,,,,
2050,3649,,,1,1,,,,,,Month 12 Payroll Other 5000 Kyushu Sales Office,,,,,,,,,,10B100690,Deposits Received,2,Resident Tax,Subaccount,31700,0,O,O,,,,000,Common Department,Department,,,,,,,,
2050,3650,,,1,1,,,,,,Month 12 Payroll Other 5000 Kyushu Sales Office,,,,,,,,,,10B100690,Deposits Received,3,Withholding Tax,Subaccount,-44039,0,O,O,,,,000,Common Department,Department,,,,,,,,
2050,3651,,,1,1,,,,,,Month 12 Payroll Other 5000 Kyushu Sales Office,,,,,,,,,,10B100690,Deposits Received,4,Savings and Insurance,Subaccount,18540,0,O,O,,,,000,Common Department,Department,,,,,,,,
2050,3652,,,1,1,,,,,,Month 12 Payroll Other 5000 Kyushu Sales Office,,,,,,,,,,10B100690,Deposits Received,9,Other,Subaccount,13158,0,O,O,,,,000,Common Department,Department,,,,,,,,
2051,,,,,,93,2021-12-25,,,,,,,,,,,,,,,,,,,,,,,,,,,,,,,,,,,,
2051,3653,1,,1,1,,,,,,Month 12 Bonus Other 0020 Sales Department,10B100320,Provision for Bonuses,,,,2710000,0,O,O,10A100020,Ordinary Deposits,20,ABC Bank Head Office,Subaccount,2083153,0,O,O,020,Tokyo Branch,Department,000,Common Department,Department,,,,,,,,
2051,3654,,,1,1,,,,,,Month 12 Bonus Other 0020 Sales Department,,,,,,,,,,10B100690,Deposits Received,1,Insurance Expenses,Subaccount,324331,0,O,O,,,,000,Common Department,Department,,,,,,,,
2051,3655,,,1,1,,,,,,Month 12 Bonus Other 0020 Sales Department,,,,,,,,,,10B100690,Deposits Received,3,Withholding Tax,Subaccount,286256,0,O,O,,,,000,Common Department,Department,,,,,,,,
2051,3656,,,1,1,,,,,,Month 12 Bonus Other 0020 Sales Department,,,,,,,,,,10B100690,Deposits Received,9,Other,Subaccount,16260,0,O,O,,,,000,Common Department,Department,,,,,,,,
2051,3657,1,,1,1,,,,,,Month 12 Bonus Other 1000 Sapporo Sales Office,10B100320,Provision for Bonuses,,,,1140000,0,O,O,10A100020,Ordinary Deposits,20,ABC Bank Head Office,Subaccount,904516,0,O,O,010,Sapporo Sales Office,Department,000,Common Department,Department,,,,,,,,
2051,3658,,,1,1,,,,,,Month 12 Bonus Other 1000 Sapporo Sales Office,,,,,,,,,,10B100690,Deposits Received,1,Insurance Expenses,Subaccount,135169,0,O,O,,,,000,Common Department,Department,,,,,,,,
2051,3659,,,1,1,,,,,,Month 12 Bonus Other 1000 Sapporo Sales Office,,,,,,,,,,10B100690,Deposits Received,3,Withholding Tax,Subaccount,93475,0,O,O,,,,000,Common Department,Department,,,,,,,,
2051,3660,,,1,1,,,,,,Month 12 Bonus Other 1000 Sapporo Sales Office,,,,,,,,,,10B100690,Deposits Received,9,Other,Subaccount,6840,0,O,O,,,,000,Common Department,Department,,,,,,,,
2051,3661,1,,1,1,,,,,,Month 12 Bonus Other 3000 Nagoya Sales Office,10B100320,Provision for Bonuses,,,,1070000,0,O,O,10A100020,Ordinary Deposits,20,ABC Bank Head Office,Subaccount,841345,0,O,O,030,Nagoya Branch,Department,000,Common Department,Department,,,,,,,,
2051,3662,,,1,1,,,,,,Month 12 Bonus Other 3000 Nagoya Sales Office,,,,,,,,,,10B100690,Deposits Received,1,Insurance Expenses,Subaccount,128711,0,O,O,,,,000,Common Department,Department,,,,,,,,
2051,3663,,,1,1,,,,,,Month 12 Bonus Other 3000 Nagoya Sales Office,,,,,,,,,,10B100690,Deposits Received,3,Withholding Tax,Subaccount,93524,0,O,O,,,,000,Common Department,Department,,,,,,,,
2051,3664,,,1,1,,,,,,Month 12 Bonus Other 3000 Nagoya Sales Office,,,,,,,,,,10B100690,Deposits Received,9,Other,Subaccount,6420,0,O,O,,,,000,Common Department,Department,,,,,,,,
2051,3665,1,,1,1,,,,,,Month 12 Bonus Other 4000 Osaka Branch,10B100320,Provision for Bonuses,,,,1300000,0,O,O,10A100020,Ordinary Deposits,20,ABC Bank Head Office,Subaccount,986621,0,O,O,040,Osaka Branch,Department,000,Common Department,Department,,,,,,,,
2051,3666,,,1,1,,,,,,Month 12 Bonus Other 4000 Osaka Branch,,,,,,,,,,10B100690,Deposits Received,1,Insurance Expenses,Subaccount,154156,0,O,O,,,,000,Common Department,Department,,,,,,,,
2051,3667,,,1,1,,,,,,Month 12 Bonus Other 4000 Osaka Branch,,,,,,,,,,10B100690,Deposits Received,3,Withholding Tax,Subaccount,151423,0,O,O,,,,000,Common Department,Department,,,,,,,,
2051,3668,,,1,1,,,,,,Month 12 Bonus Other 4000 Osaka Branch,,,,,,,,,,10B100690,Deposits Received,9,Other,Subaccount,7800,0,O,O,,,,000,Common Department,Department,,,,,,,,
2051,3669,1,,1,1,,,,,,Month 12 Bonus Other 5000 Kyushu Sales Office,10B100320,Provision for Bonuses,,,,820000,0,O,O,10A100020,Ordinary Deposits,20,ABC Bank Head Office,Subaccount,641658,0,O,O,050,Kyushu Sales Office,Department,000,Common Department,Department,,,,,,,,
2051,3670,,,1,1,,,,,,Month 12 Bonus Other 5000 Kyushu Sales Office,,,,,,,,,,10B100690,Deposits Received,1,Insurance Expenses,Subaccount,95104,0,O,O,,,,000,Common Department,Department,,,,,,,,
2051,3671,,,1,1,,,,,,Month 12 Bonus Other 5000 Kyushu Sales Office,,,,,,,,,,10B100690,Deposits Received,3,Withholding Tax,Subaccount,78318,0,O,O,,,,000,Common Department,Department,,,,,,,,
2051,3672,,,1,1,,,,,,Month 12 Bonus Other 5000 Kyushu Sales Office,,,,,,,,,,10B100690,Deposits Received,9,Other,Subaccount,4920,0,O,O,,,,000,Common Department,Department,,,,,,,,
2052,,,,,,111,2021-12-25,,,,,,,,,,,,,,,,,,,,,,,,,,,,,,,,,,,,
2052,3673,1,,1,,,,,,,taxi expense,10E201230,Travel and Transportation Expenses,,,,15000,1363,S,S,10B100630,Accounts Payable Other,,,,15000,0,O,O,040,Osaka Branch,Department,000,Common Department,Department,,,,,,,,
2053,,,,,,117,2021-12-25,,,,,,,,,,,,,,,,,,,,,,,,,,,,,,,,,,,,
2053,3674,1,,1,1,,,,,,Voucher No. 396 dated 12/25 Anonymized Partner 057 | Sales voucher=20211130-112;Note number=R20211225-117-2,10A100060,Notes Receivable,,,,17254140,0,O,O,10A100090,Accounts Receivable,2,Anonymized Partner 057,Subaccount,17254140,0,O,O,000,Common Department,Department,000,Common Department,Department,,,,,,,,
2054,,,,,,118,2021-12-25,,,,,,,,,,,,,,,,,,,,,,,,,,,,,,,,,,,,
2054,3675,1,1,1,1,,,,,,Voucher No. 397 dated 12/25 Anonymized Partner 042,10A100020,Ordinary Deposits,30,GHI Bank Nagoya Branch,Subaccount,1747797,0,O,O,10A100090,Accounts Receivable,7,Anonymized Partner 042,Subaccount,1747797,0,O,O,000,Common Department,Department,000,Common Department,Department,,,,,,,,
2054,3676,1,,1,1,,,,,,Voucher No. 397 dated 12/25 Anonymized Partner 042,10E200690,Service Fees,,,,735,66,S,S,10A100090,Accounts Receivable,7,Anonymized Partner 042,Subaccount,735,0,O,O,030,Nagoya Branch,Department,000,Common Department,Department,,,,,,,,
2055,,,,,,119,2021-12-25,,,,,,,,,,,,,,,,,,,,,,,,,,,,,,,,,,,,
2055,3677,1,1,1,1,,,,,,Voucher No. 398 dated 12/25 Anonymized Partner 056,10A100020,Ordinary Deposits,40,JKL Bank Umeda Branch,Subaccount,835059,0,O,O,10A100090,Accounts Receivable,23,Anonymized Partner 056,Subaccount,835059,0,O,O,000,Common Department,Department,000,Common Department,Department,,,,,,,,
2055,3678,1,,1,1,,,,,,Voucher No. 398 dated 12/25 Anonymized Partner 056,10E200690,Service Fees,,,,630,57,S,S,10A100090,Accounts Receivable,23,Anonymized Partner 056,Subaccount,630,0,O,O,040,Osaka Branch,Department,000,Common Department,Department,,,,,,,,
2056,,,,,,120,2021-12-25,,,,,,,,,,,,,,,,,,,,,,,,,,,,,,,,,,,,
2056,3679,1,1,1,1,,,,,,Voucher No. 399 dated 12/25 Anonymized Partner 033,10A100020,Ordinary Deposits,10,DEF Bank Station Branch,Subaccount,4566466,0,O,O,10A100090,Accounts Receivable,25,Anonymized Partner 033,Subaccount,4566466,0,O,O,000,Common Department,Department,000,Common Department,Department,,,,,,,,
2056,3680,1,,1,1,,,,,,Voucher No. 399 dated 12/25 Anonymized Partner 033,10E200690,Service Fees,,,,840,76,S,S,10A100090,Accounts Receivable,25,Anonymized Partner 033,Subaccount,840,0,O,O,010,Sapporo Sales Office,Department,000,Common Department,Department,,,,,,,,
2057,,,,,,121,2021-12-25,,,,,,,,,,,,,,,,,,,,,,,,,,,,,,,,,,,,
2057,3681,1,,1,1,,,,,,Tea expense,10E200140,Employee Welfare Expenses,,,,18050,1640,S,S,10A100020,Cash,1,Cash,Subaccount,18050,0,O,O,040,Osaka Branch,Department,000,Common Department,Department,,,,,,,,
2058,,,,,,139,2021-12-25,,,,,,,,,,,,,,,,,,,,,,,,,,,,,,,,,,,,
2058,3682,1,,1,,,,,,,Employee late-night meal,10E200140,Employee Welfare Expenses,,,,68045,6185,S,S,10B100630,Accounts Payable Other,,,,68045,0,O,O,040,Osaka Branch,Department,000,Common Department,Department,,,,,,,,
2059,,,,,,160,2021-12-25,,,,,,,,,,,,,,,,,,,,,,,,,,,,,,,,,,,,
2059,3683,1,,1,1,,,,,,Business travel expense,10E201230,Travel and Transportation Expenses,,,,73000,6636,S,S,10A100020,Cash,1,Cash,Subaccount,73000,0,O,O,020,Tokyo Branch,Department,000,Common Department,Department,,,,,,,,
2060,,,,,,172,2021-12-25,,,,,,,,,,,,,,,,,,,,,,,,,,,,,,,,,,,,
2060,3684,1,,1,,,,,,,Outsourcing fee payment,10E200020,Sales Commissions,,,,215000,19545,S,S,10B100630,Accounts Payable Other,,,,215000,0,O,O,010,Sapporo Sales Office,Department,000,Common Department,Department,,,,,,,,
2061,,,,,,990009,2021-12-25,,,,,,,,,,,,,,,,,,,,,,,,,,,,,,,,,,,,
2061,3685,1,,1,,,,,,,Sample definition: Semiannual bonus accrual allocated evenly 202112 Department010,10E200130,Bonuses,,,,190000,0,O,O,10B100320,Provision for Bonuses,,,,190000,0,O,O,010,Sapporo Sales Office,Department,010,Sapporo Sales Office,Department,,,,,,,,
2061,3686,1,,1,,,,,,,Sample definition: Semiannual bonus accrual allocated evenly 202112 Department020,10E200130,Bonuses,,,,451667,0,O,O,10B100320,Provision for Bonuses,,,,451667,0,O,O,020,Tokyo Branch,Department,020,Tokyo Branch,Department,,,,,,,,
2061,3687,1,,1,,,,,,,Sample definition: Semiannual bonus accrual allocated evenly 202112 Department030,10E200130,Bonuses,,,,178333,0,O,O,10B100320,Provision for Bonuses,,,,178333,0,O,O,030,Nagoya Branch,Department,030,Nagoya Branch,Department,,,,,,,,
2061,3688,1,,1,,,,,,,Sample definition: Semiannual bonus accrual allocated evenly 202112 Department040,10E200130,Bonuses,,,,216667,0,O,O,10B100320,Provision for Bonuses,,,,216667,0,O,O,040,Osaka Branch,Department,040,Osaka Branch,Department,,,,,,,,
2061,3689,1,,1,,,,,,,Sample definition: Semiannual bonus accrual allocated evenly 202112 Department050,10E200130,Bonuses,,,,136667,0,O,O,10B100320,Provision for Bonuses,,,,136667,0,O,O,050,Kyushu Sales Office,Department,050,Kyushu Sales Office,Department,,,,,,,,
2062,,,,,,39,2021-12-26,,,,,,,,,,,,,,,,,,,,,,,,,,,,,,,,,,,,
2062,3690,1,,1,1,,,,,,Membership fee,10E200140,Employee Welfare Expenses,,,,9000,818,S,S,10A100020,Cash,1,Cash,Subaccount,9000,0,O,O,020,Tokyo Branch,Department,000,Common Department,Department,,,,,,,,
2063,,,,,,49,2021-12-26,,,,,,,,,,,,,,,,,,,,,,,,,,,,,,,,,,,,
2063,3691,1,,1,1,,,,,,Gasoline,10E201120,Vehicle Expenses,,,,123000,11181,S,S,10A100020,Cash,1,Cash,Subaccount,123000,0,O,O,020,Tokyo Branch,Department,000,Common Department,Department,,,,,,,,
2063,3692,1,,1,1,,,,,,Parking fee,10E201120,Vehicle Expenses,,,,2620,238,S,S,10A100020,Cash,1,Cash,Subaccount,3811,0,O,O,020,Tokyo Branch,Department,000,Common Department,Department,,,,,,,,
2063,3693,1,,,,,,,,,Expressway toll,10E201120,Vehicle Expenses,,,,1191,108,S,S,,,,,,,,,,020,Tokyo Branch,Department,,,,,,,,,,,
2064,,,,,,62,2021-12-26,,,,,,,,,,,,,,,,,,,,,,,,,,,,,,,,,,,,
2064,3694,1,,1,1,,,,,,Mobile phone expense,10E200180,Communication Expenses,,,,93574,8506,S,S,10A100020,Ordinary Deposits,20,ABC Bank Head Office,Subaccount,93574,0,O,O,020,Tokyo Branch,Department,000,Common Department,Department,,,,,,,,
2065,,,,,,81,2021-12-26,,,,,,,,,,,,,,,,,,,,,,,,,,,,,,,,,,,,
2065,3695,1,,1,,,,,,,Tea expense,10E200140,Employee Welfare Expenses,,,,26540,2412,S,S,10B100630,Accounts Payable Other,,,,26540,0,O,O,030,Nagoya Branch,Department,000,Common Department,Department,,,,,,,,
2066,,,,,,113,2021-12-26,,,,,,,,,,,,,,,,,,,,,,,,,,,,,,,,,,,,
2066,3696,1,,1,1,,,,,,Mobile phone expense,10E200180,Communication Expenses,,,,90583,8234,S,S,10A100020,Ordinary Deposits,40,JKL Bank Umeda Branch,Subaccount,90583,0,O,O,040,Osaka Branch,Department,000,Common Department,Department,,,,,,,,
2067,,,,,,165,2021-12-26,,,,,,,,,,,,,,,,,,,,,,,,,,,,,,,,,,,,
2067,3697,1,,1,1,,,,,,New Year decoration expense and others,10E201270,Miscellaneous Expenses,,,,4762,432,S,S,10A100020,Cash,1,Cash,Subaccount,5908,0,O,O,050,Kyushu Sales Office,Department,000,Common Department,Department,,,,,,,,
2067,3698,1,,,,,,,,,Detergent and others,10E201270,Miscellaneous Expenses,,,,1146,104,S,S,,,,,,,,,,050,Kyushu Sales Office,Department,,,,,,,,,,,
2068,,,,,,13,2021-12-27,,,,,,,,,,,,,,,,,,,,,,,,,,,,,,,,,,,,
2068,3699,1,,1,1,,,,,,Gasoline,10E201120,Vehicle Expenses,,,,13000,1181,S,S,10A100020,Cash,1,Cash,Subaccount,13000,0,O,O,010,Sapporo Sales Office,Department,000,Common Department,Department,,,,,,,,
2069,,,,,,14,2021-12-27,,,,,,,,,,,,,,,,,,,,,,,,,,,,,,,,,,,,
2069,3700,1,,1,1,,,,,,Car wash expense,10E201120,Vehicle Expenses,,,,3000,272,S,S,10A100020,Cash,1,Cash,Subaccount,3000,0,O,O,010,Sapporo Sales Office,Department,000,Common Department,Department,,,,,,,,
2070,,,,,,30,2021-12-27,,,,,,,,,,,,,,,,,,,,,,,,,,,,,,,,,,,,
2070,3701,1,,1,1,,,,,,Insurance Premium payment,10E200240,Insurance Expenses,,,,54320,0,E,E,10A100020,Ordinary Deposits,10,DEF Bank Station Branch,Subaccount,54320,0,O,O,010,Sapporo Sales Office,Department,000,Common Department,Department,,,,,,,,
2071,,,,,,148,2021-12-27,,,,,,,,,,,,,,,,,,,,,,,,,,,,,,,,,,,,
2071,3702,1,,1,1,,,,,,Gasoline,10E201120,Vehicle Expenses,,,,5422,492,S,S,10A100020,Cash,1,Cash,Subaccount,6422,0,O,O,050,Kyushu Sales Office,Department,000,Common Department,Department,,,,,,,,
2071,3703,1,,,,,,,,,Car wash expense,10E201120,Vehicle Expenses,,,,1000,90,S,S,,,,,,,,,,050,Kyushu Sales Office,Department,,,,,,,,,,,
2072,,,,,,161,2021-12-27,,,,,,,,,,,,,,,,,,,,,,,,,,,,,,,,,,,,
2072,3704,1,,1,1,,,,,,Travel expense,10E201230,Travel and Transportation Expenses,,,,9750,886,S,S,10A100020,Cash,1,Cash,Subaccount,9750,0,O,O,050,Kyushu Sales Office,Department,000,Common Department,Department,,,,,,,,
2073,,,,,,171,2021-12-27,,,,,,,,,,,,,,,,,,,,,,,,,,,,,,,,,,,,
2073,3705,1,,1,1,,,,,,Mobile phone expense,10E200180,Communication Expenses,,,,96473,8770,S,S,10A100020,Ordinary Deposits,50,MNO Bank Kitakyushu Branch,Subaccount,96473,0,O,O,050,Kyushu Sales Office,Department,000,Common Department,Department,,,,,,,,
2074,,,,,,1,2021-12-28,,,,,,,,,,,,,,,,,,,,,,,,,,,,,,,,,,,,
2074,3706,1,,1,,,,,,,Freight Anonymized Carrier B,10E200870,Freight Expenses,,,,582300,52936,S,S,10B100630,Accounts Payable Other,,,,582300,0,O,O,010,Sapporo Sales Office,Department,000,Common Department,Department,,,,,,,,
2075,,,,,,5,2021-12-28,,,,,,,,,,,,,,,,,,,,,,,,,,,,,,,,,,,,
2075,3707,1,,1,1,,,,,,Advertising expense,10E200050,Advertising Expenses,,,,52500,4772,S,S,10A100020,Ordinary Deposits,10,DEF Bank Station Branch,Subaccount,52500,0,O,O,010,Sapporo Sales Office,Department,000,Common Department,Department,,,,,,,,
2076,,,,,,27,2021-12-28,,,,,,,,,,,,,,,,,,,,,,,,,,,,,,,,,,,,
2076,3708,1,,1,1,,,,,,Travel expense,10E201230,Travel and Transportation Expenses,,,,26667,2424,S,S,10A100020,Cash,1,Cash,Subaccount,77620,0,O,O,010,Sapporo Sales Office,Department,000,Common Department,Department,,,,,,,,
2076,3709,1,,,,,,,,,Travel expense,10E201230,Travel and Transportation Expenses,,,,29524,2684,S,S,,,,,,,,,,010,Sapporo Sales Office,Department,,,,,,,,,,,
2076,3710,1,,,,,,,,,Travel expense,10E201230,Travel and Transportation Expenses,,,,21429,1948,S,S,,,,,,,,,,010,Sapporo Sales Office,Department,,,,,,,,,,,
2077,,,,,,36,2021-12-28,,,,,,,,,,,,,,,,,,,,,,,,,,,,,,,,,,,,
2077,3711,1,,1,,,,,,,Freight Anonymized Carrier A,10E200870,Freight Expenses,,,,2737239,248839,S,S,10B100630,Accounts Payable Other,,,,4406706,0,O,O,020,Tokyo Branch,Department,000,Common Department,Department,,,,,,,,
2077,3712,1,,,,,,,,,Freight Anonymized Carrier B,10E200870,Freight Expenses,,,,1669467,151769,S,S,,,,,,,,,,020,Tokyo Branch,Department,,,,,,,,,,,
2078,,,,,,40,2021-12-28,,,,,,,,,,,,,,,,,,,,,,,,,,,,,,,,,,,,
2078,3713,1,,1,,,,,,,Advertising placement,10E200050,Advertising Expenses,,,,50000,4545,S,S,10B100630,Accounts Payable Other,,,,50000,0,O,O,020,Tokyo Branch,Department,000,Common Department,Department,,,,,,,,
2079,,,,,,55,2021-12-28,,,,,,,,,,,,,,,,,,,,,,,,,,,,,,,,,,,,
2079,3714,1,,1,1,,,,,,Vehicle management expense,10E201120,Vehicle Expenses,,,,12000,1090,S,S,10A100020,Cash,1,Cash,Subaccount,12000,0,O,O,020,Tokyo Branch,Department,000,Common Department,Department,,,,,,,,
2080,,,,,,67,2021-12-28,,,,,,,,,,,,,,,,,,,,,,,,,,,,,,,,,,,,
2080,3715,1,,1,1,,,,,,Membership fee Payment,10E201140,Membership Fees,,,,30000,0,O,O,10A100020,Cash,1,Cash,Subaccount,30000,0,O,O,020,Tokyo Branch,Department,000,Common Department,Department,,,,,,,,
2081,,,,,,77,2021-12-28,,,,,,,,,,,,,,,,,,,,,,,,,,,,,,,,,,,,
2081,3716,1,,1,,,,,,,Freight Expenses,10E200870,Freight Expenses,,,,351350,31940,S,S,10B100630,Accounts Payable Other,,,,351350,0,O,O,030,Nagoya Branch,Department,000,Common Department,Department,,,,,,,,
2082,,,,,,83,2021-12-28,,,,,,,,,,,,,,,,,,,,,,,,,,,,,,,,,,,,
2082,3717,1,,1,1,,,,,,Vehicle management expense,10E201120,Vehicle Expenses,,,,48762,4432,S,S,10A100020,Cash,1,Cash,Subaccount,67335,0,O,O,030,Nagoya Branch,Department,000,Common Department,Department,,,,,,,,
2082,3718,1,,,,,,,,,Gasoline,10E201120,Vehicle Expenses,,,,18573,1688,S,S,,,,,,,,,,030,Nagoya Branch,Department,,,,,,,,,,,
2083,,,,,,99,2021-12-28,,,,,,,,,,,,,,,,,,,,,,,,,,,,,,,,,,,,
2083,3719,1,,1,,,,,,,Freight Expenses,10E200870,Freight Expenses,,,,1645710,149610,S,S,10B100630,Accounts Payable Other,,,,1645710,0,O,O,040,Osaka Branch,Department,000,Common Department,Department,,,,,,,,
2084,,,,,,108,2021-12-28,,,,,,,,,,,,,,,,,,,,,,,,,,,,,,,,,,,,
2084,3720,1,,1,1,,,,,,Meal expense Anonymized Store 005 3 people,10E200150,Entertainment Expenses,,,,2260,205,S,S,10A100020,Cash,1,Cash,Subaccount,2260,0,O,O,040,Osaka Branch,Department,000,Common Department,Department,,,,,,,,
2085,,,,,,145,2021-12-28,,,,,,,,,,,,,,,,,,,,,,,,,,,,,,,,,,,,
2085,3721,1,,1,,,,,,,Freight Expenses,10E200870,Freight Expenses,,,,325200,29563,S,S,10B100630,Accounts Payable Other,,,,325200,0,O,O,050,Kyushu Sales Office,Department,000,Common Department,Department,,,,,,,,
2086,,,,,,151,2021-12-29,,,,,,,,,,,,,,,,,,,,,,,,,,,,,,,,,,,,
2086,3722,1,1,1,1,,,,,,Funds transfer,10A100020,Ordinary Deposits,20,ABC Bank Head Office,Subaccount,18000000,0,O,O,10A100020,Ordinary Deposits,10,DEF Bank Station Branch,Subaccount,5000000,0,O,O,000,Common Department,Department,000,Common Department,Department,,,,,,,,
2086,3723,,,1,1,,,,,,Funds transfer,,,,,,,,,,10A100020,Ordinary Deposits,30,GHI Bank Nagoya Branch,Subaccount,6000000,0,O,O,,,,000,Common Department,Department,,,,,,,,
2086,3724,,,1,1,,,,,,Funds transfer,,,,,,,,,,10A100020,Ordinary Deposits,40,JKL Bank Umeda Branch,Subaccount,4500000,0,O,O,,,,000,Common Department,Department,,,,,,,,
2086,3725,,,1,1,,,,,,Funds transfer,,,,,,,,,,10A100020,Ordinary Deposits,50,MNO Bank Kitakyushu Branch,Subaccount,2500000,0,O,O,,,,000,Common Department,Department,,,,,,,,
2087,,,,,,70,2021-12-30,,,,,,,,,,,,,,,,,,,,,,,,,,,,,,,,,,,,
2087,3726,1,,1,,,,,,,Wired service fee,10E201270,Miscellaneous Expenses,,,,6000,545,S,S,10B100630,Accounts Payable Other,,,,58381,0,O,O,020,Tokyo Branch,Department,000,Common Department,Department,,,,,,,,
2087,3727,1,,,,,,,,,Security fee,10E201270,Miscellaneous Expenses,,,,52381,4761,S,S,,,,,,,,,,020,Tokyo Branch,Department,,,,,,,,,,,
2087,3728,1,,1,1,,,,,,Expressway toll,10E201120,Vehicle Expenses,,,,53600,4872,S,S,10A100020,Ordinary Deposits,20,ABC Bank Head Office,Subaccount,53600,0,O,O,020,Tokyo Branch,Department,000,Common Department,Department,,,,,,,,
2087,3729,1,,1,,,,,,,Cleaning fee,10E201270,Miscellaneous Expenses,,,,73500,6681,S,S,10B100630,Accounts Payable Other,,,,73500,0,O,O,020,Tokyo Branch,Department,000,Common Department,Department,,,,,,,,
2088,,,,,,96,2021-12-30,,,,,,,,,,,,,,,,,,,,,,,,,,,,,,,,,,,,
2088,3730,1,,1,1,,,,,,Security fee,10E201270,Miscellaneous Expenses,,,,22470,2042,S,S,10A100020,Ordinary Deposits,30,GHI Bank Nagoya Branch,Subaccount,22470,0,O,O,030,Nagoya Branch,Department,000,Common Department,Department,,,,,,,,
2089,,,,,,100,2021-12-30,,,,,,,,,,,,,,,,,,,,,,,,,,,,,,,,,,,,
2089,3731,1,,1,1,,,,,,Membership fee,10E200140,Employee Welfare Expenses,,,,6000,545,S,S,10A100020,Cash,1,Cash,Subaccount,6000,0,O,O,040,Osaka Branch,Department,000,Common Department,Department,,,,,,,,
2090,,,,,,109,2021-12-30,,,,,,,,,,,,,,,,,,,,,,,,,,,,,,,,,,,,
2090,3732,1,,1,,,,,,,Gasoline,10E201120,Vehicle Expenses,,,,61694,5608,S,S,10B100630,Accounts Payable Other,,,,61694,0,O,O,040,Osaka Branch,Department,000,Common Department,Department,,,,,,,,
2091,,,,,,115,2021-12-30,,,,,,,,,,,,,,,,,,,,,,,,,,,,,,,,,,,,
2091,3733,1,,1,1,,,,,,Insurance Expenses,10E200240,Insurance Expenses,,,,64500,0,E,E,10A100020,Ordinary Deposits,40,JKL Bank Umeda Branch,Subaccount,64500,0,O,O,040,Osaka Branch,Department,000,Common Department,Department,,,,,,,,
2092,,,,,,128,2021-12-30,,,,,,,,,,,,,,,,,,,,,,,,,,,,,,,,,,,,
2092,3734,1,,1,1,,,,,,Revenue stamp,10E200210,Taxes and Dues,,,,10000,0,O,O,10A100020,Cash,1,Cash,Subaccount,10000,0,O,O,010,Sapporo Sales Office,Department,000,Common Department,Department,,,,,,,,
2093,,,,,,137,2021-12-30,,,,,,,,,,,,,,,,,,,,,,,,,,,,,,,,,,,,
2093,3735,1,,1,,,,,,,Wired service fee,10E201270,Miscellaneous Expenses,,,,6000,545,S,S,10B100630,Accounts Payable Other,,,,48858,0,O,O,040,Osaka Branch,Department,000,Common Department,Department,,,,,,,,
2093,3736,1,,,,,,,,,Security fee,10E201270,Miscellaneous Expenses,,,,42858,3896,S,S,,,,,,,,,,040,Osaka Branch,Department,,,,,,,,,,,
2093,3737,1,,1,1,,,,,,Expressway toll,10E201120,Vehicle Expenses,,,,53315,4846,S,S,10A100020,Ordinary Deposits,40,JKL Bank Umeda Branch,Subaccount,53315,0,O,O,040,Osaka Branch,Department,000,Common Department,Department,,,,,,,,
2093,3738,1,,1,,,,,,,Cleaning fee,10E201270,Miscellaneous Expenses,,,,73500,6681,S,S,10B100630,Accounts Payable Other,,,,73500,0,O,O,040,Osaka Branch,Department,000,Common Department,Department,,,,,,,,
2094,,,,,,138,2021-12-30,,,,,,,,,,,,,,,,,,,,,,,,,,,,,,,,,,,,
2094,3739,1,,1,1,,,,,,Parking fee,10E201120,Vehicle Expenses,,,,3410,310,S,S,10A100020,Cash,1,Cash,Subaccount,18603,0,O,O,040,Osaka Branch,Department,000,Common Department,Department,,,,,,,,
2094,3740,1,,,,,,,,,Expressway toll,10E201120,Vehicle Expenses,,,,2524,229,S,S,,,,,,,,,,040,Osaka Branch,Department,,,,,,,,,,,
2094,3741,1,,,,,,,,,Expressway toll,10E201120,Vehicle Expenses,,,,3667,333,S,S,,,,,,,,,,040,Osaka Branch,Department,,,,,,,,,,,
2094,3742,1,,,,,,,,,Expressway toll,10E201120,Vehicle Expenses,,,,1096,99,S,S,,,,,,,,,,040,Osaka Branch,Department,,,,,,,,,,,
2094,3743,1,,,,,,,,,Expressway toll,10E201120,Vehicle Expenses,,,,3000,272,S,S,,,,,,,,,,040,Osaka Branch,Department,,,,,,,,,,,
2094,3744,1,,,,,,,,,Expressway toll,10E201120,Vehicle Expenses,,,,1096,99,S,S,,,,,,,,,,040,Osaka Branch,Department,,,,,,,,,,,
2094,3745,1,,,,,,,,,Gasoline,10E201120,Vehicle Expenses,,,,3810,346,S,S,,,,,,,,,,040,Osaka Branch,Department,,,,,,,,,,,
2095,,,,,,155,2021-12-30,,,,,,,,,,,,,,,,,,,,,,,,,,,,,,,,,,,,
2095,3746,1,,1,1,,,,,,Vehicle management expense,10E201120,Vehicle Expenses,,,,25000,2272,S,S,10A100020,Cash,1,Cash,Subaccount,25000,0,O,O,050,Kyushu Sales Office,Department,000,Common Department,Department,,,,,,,,
2096,,,,,,63,2021-12-31,,,,,,,,,,,,,,,,,,,,,,,,,,,,,,,,,,,,
2096,3747,1,,1,1,,,,,,Insurance Expenses,10E200240,Insurance Expenses,,,,81000,0,E,E,10A100020,Ordinary Deposits,20,ABC Bank Head Office,Subaccount,81000,0,O,O,020,Tokyo Branch,Department,000,Common Department,Department,,,,,,,,
2097,,,,,,78,2021-12-31,,,,,,,,,,,,,,,,,,,,,,,,,,,,,,,,,,,,
2097,3748,1,,1,1,,,,,,Insurance Expenses,10E200240,Insurance Expenses,,,,62000,0,E,E,10A100020,Ordinary Deposits,30,GHI Bank Nagoya Branch,Subaccount,62000,0,O,O,030,Nagoya Branch,Department,000,Common Department,Department,,,,,,,,
2098,,,,,,79,2021-12-31,,,,,,,,,,,,,,,,,,,,,,,,,,,,,,,,,,,,
2098,3749,1,,1,1,,,,,,Insurance Premium Payment,10E200240,Insurance Expenses,,,,57000,0,E,E,10A100020,Ordinary Deposits,50,MNO Bank Kitakyushu Branch,Subaccount,57000,0,O,O,050,Kyushu Sales Office,Department,000,Common Department,Department,,,,,,,,
2099,,,,,,81,2021-12-31,,,,,,,,,,,,,,,,,,,,,,,,,,,,,,,,,,,,
2099,3750,,,1,,,,,,,Supplies expense department allocation,,,,,,,,,,10E200200,Supplies Expenses,,,,228901,0,O,O,,,,000,Common Department,Department,,,,,,,,
2099,3751,1,,,,,,,,,,10E200200,Supplies Expenses,,,,25179,0,O,O,,,,,,,,,,010,Sapporo Sales Office,Department,,,,,,,,,,,
2099,3752,1,,,,,,,,,,10E200200,Supplies Expenses,,,,109873,0,O,O,,,,,,,,,,020,Tokyo Branch,Department,,,,,,,,,,,
2099,3753,1,,,,,,,,,,10E200200,Supplies Expenses,,,,22890,0,O,O,,,,,,,,,,030,Nagoya Branch,Department,,,,,,,,,,,
2099,3754,1,,,,,,,,,,10E200200,Supplies Expenses,,,,54936,0,O,O,,,,,,,,,,040,Osaka Branch,Department,,,,,,,,,,,
2099,3755,1,,,,,,,,,,10E200200,Supplies Expenses,,,,16023,0,O,O,,,,,,,,,,050,Kyushu Sales Office,Department,,,,,,,,,,,
2100,,,,,,93,2021-12-31,,,,,,,,,,,,,,,,,,,,,,,,,,,,,,,,,,,,
2100,3756,1,1,1,1,,,,,,Insurance Premium Withheld portion,10B100690,Deposits Received,1,Insurance Expenses,Subaccount,1515566,0,O,O,10A100020,Ordinary Deposits,20,ABC Bank Head Office,Subaccount,2278877,0,O,O,000,Common Department,Department,000,Common Department,Department,,,,,,,,
2100,3757,1,,,,,,,,,Insurance Premium Employer contribution,10E200540,Statutory Welfare Expenses,,,,120411,0,E,E,,,,,,,,,,020,Tokyo Branch,Department,,,,,,,,,,,
2100,3758,1,,,,,,,,,Insurance Premium Employer contribution,10E200540,Statutory Welfare Expenses,,,,236045,0,E,E,,,,,,,,,,020,Tokyo Branch,Department,,,,,,,,,,,
2100,3759,1,,,,,,,,,Insurance Premium Employer contribution,10E200540,Statutory Welfare Expenses,,,,103424,0,E,E,,,,,,,,,,010,Sapporo Sales Office,Department,,,,,,,,,,,
2100,3760,1,,,,,,,,,Insurance Premium Employer contribution,10E200540,Statutory Welfare Expenses,,,,96352,0,E,E,,,,,,,,,,030,Nagoya Branch,Department,,,,,,,,,,,
2100,3761,1,,,,,,,,,Insurance Premium Employer contribution,10E200540,Statutory Welfare Expenses,,,,128755,0,E,E,,,,,,,,,,040,Osaka Branch,Department,,,,,,,,,,,
2100,3762,1,,,,,,,,,Insurance Premium Employer contribution,10E200540,Statutory Welfare Expenses,,,,67268,0,E,E,,,,,,,,,,050,Kyushu Sales Office,Department,,,,,,,,,,,
2100,3763,1,,,,,,,,,Child allowance contribution Employer contribution,10E200540,Statutory Welfare Expenses,,,,11056,0,E,E,,,,,,,,,,020,Tokyo Branch,Department,,,,,,,,,,,
2101,,,,,,94,2021-12-31,,,,,,,,,,,,,,,,,,,,,,,,,,,,,,,,,,,,
2101,3764,1,,1,1,,,,,,month 11 payment,10B100630,Accounts Payable Other,,,,7644630,0,O,O,10A100020,Ordinary Deposits,20,ABC Bank Head Office,Subaccount,7644630,0,O,O,000,Common Department,Department,000,Common Department,Department,,,,,,,,
2102,,,,,,121,2021-12-31,,,,,,,,,,,,,,,,,,,,,,,,,,,,,,,,,,,,
2102,3765,1,1,1,,,,,,,12/1-12/31 periodSales,10A100090,Accounts Receivable,14,Anonymized Partner 066,Subaccount,2823042,0,O,O,10D100100,Gross Sales,,,,2823042,256640,S,S,000,Common Department,Department,010,Sapporo Sales Office,Department,,,,,,,,
2102,3766,1,1,1,,,,,,,12/1-12/31 periodSales,10A100090,Accounts Receivable,25,Anonymized Partner 033,Subaccount,6207618,0,O,O,10D100100,Gross Sales,,,,6207618,564328,S,S,000,Common Department,Department,010,Sapporo Sales Office,Department,,,,,,,,
2102,3767,1,1,1,,,,,,,12/1-12/31 periodSales,10A100090,Accounts Receivable,5,Anonymized Partner 030,Subaccount,1585172,0,O,O,10D100100,Gross Sales,,,,1585172,144106,S,S,000,Common Department,Department,010,Sapporo Sales Office,Department,,,,,,,,
2103,,,,,,122,2021-12-31,,,,,,,,,,,,,,,,,,,,,,,,,,,,,,,,,,,,
2103,3768,1,1,1,,,,,,,12/1-12/31 periodSales,10A100090,Accounts Receivable,2,Anonymized Partner 057,Subaccount,20467436,0,O,O,10D100100,Gross Sales,,,,20467436,1860676,S,S,000,Common Department,Department,020,Tokyo Branch,Department,,,,,,,,
2103,3769,1,1,1,,,,,,,12/1-12/31 periodSales,10A100090,Accounts Receivable,12,Anonymized Partner 065,Subaccount,17510543,0,O,O,10D100100,Gross Sales,,,,17510543,1591867,S,S,000,Common Department,Department,020,Tokyo Branch,Department,,,,,,,,
2103,3770,1,1,1,,,,,,,12/1-12/31 periodSales,10A100090,Accounts Receivable,13,Anonymized Partner 023,Subaccount,1632272,0,O,O,10D100100,Gross Sales,,,,1632272,148388,S,S,000,Common Department,Department,020,Tokyo Branch,Department,,,,,,,,
2103,3771,1,1,1,,,,,,,12/1-12/31 periodSales,10A100090,Accounts Receivable,30,Anonymized Partner 052,Subaccount,2107935,0,O,O,10D100100,Gross Sales,,,,2107935,191630,S,S,000,Common Department,Department,020,Tokyo Branch,Department,,,,,,,,
2103,3772,1,1,1,,,,,,,12/1-12/31 periodSales,10A100090,Accounts Receivable,14,Anonymized Partner 066,Subaccount,3452470,0,O,O,10D100100,Gross Sales,,,,3452470,313860,S,S,000,Common Department,Department,020,Tokyo Branch,Department,,,,,,,,
2103,3773,1,1,1,,,,,,,12/1-12/31 periodSales,10A100090,Accounts Receivable,26,Anonymized Partner 082,Subaccount,2366012,0,O,O,10D100100,Gross Sales,,,,2366012,215092,S,S,000,Common Department,Department,020,Tokyo Branch,Department,,,,,,,,
2103,3774,1,1,1,,,,,,,12/1-12/31 periodSales,10A100090,Accounts Receivable,11,Anonymized Partner 058,Subaccount,1182012,0,O,O,10D100100,Gross Sales,,,,1182012,107455,S,S,000,Common Department,Department,020,Tokyo Branch,Department,,,,,,,,
2103,3775,1,1,1,,,,,,,12/1-12/31 periodSales,10A100090,Accounts Receivable,24,Anonymized Partner 081,Subaccount,600724,0,O,O,10D100100,Gross Sales,,,,600724,54611,S,S,000,Common Department,Department,020,Tokyo Branch,Department,,,,,,,,
2103,3776,1,1,1,,,,,,,12/1-12/31 periodSales,10A100090,Accounts Receivable,10,Anonymized Partner 012,Subaccount,458172,0,O,O,10D100100,Gross Sales,,,,458172,41652,S,S,000,Common Department,Department,020,Tokyo Branch,Department,,,,,,,,
2104,,,,,,123,2021-12-31,,,,,,,,,,,,,,,,,,,,,,,,,,,,,,,,,,,,
2104,3777,1,1,1,,,,,,,12/1-12/31 periodSales,10A100090,Accounts Receivable,14,Anonymized Partner 066,Subaccount,3544224,0,O,O,10D100100,Gross Sales,,,,3544224,322202,S,S,000,Common Department,Department,030,Nagoya Branch,Department,,,,,,,,
2104,3778,1,1,1,,,,,,,12/1-12/31 periodSales,10A100090,Accounts Receivable,7,Anonymized Partner 042,Subaccount,1478159,0,O,O,10D100100,Gross Sales,,,,1478159,134378,S,S,000,Common Department,Department,030,Nagoya Branch,Department,,,,,,,,
2104,3779,1,1,1,,,,,,,12/1-12/31 periodSales,10A100090,Accounts Receivable,27,Anonymized Partner 025,Subaccount,1655306,0,O,O,10D100100,Gross Sales,,,,1655306,150482,S,S,000,Common Department,Department,030,Nagoya Branch,Department,,,,,,,,
2104,3780,1,1,1,,,,,,,12/1-12/31 periodSales,10A100090,Accounts Receivable,6,Anonymized Partner 061,Subaccount,1852360,0,O,O,10D100100,Gross Sales,,,,1852360,168396,S,S,000,Common Department,Department,030,Nagoya Branch,Department,,,,,,,,
2104,3781,1,1,1,,,,,,,12/1-12/31 periodSales,10A100090,Accounts Receivable,19,Anonymized Partner 045,Subaccount,906784,0,O,O,10D100100,Gross Sales,,,,906784,82434,S,S,000,Common Department,Department,030,Nagoya Branch,Department,,,,,,,,
2104,3782,1,1,1,,,,,,,12/1-12/31 periodSales,10A100090,Accounts Receivable,21,Anonymized Partner 014,Subaccount,1839420,0,O,O,10D100100,Gross Sales,,,,1839420,167220,S,S,000,Common Department,Department,030,Nagoya Branch,Department,,,,,,,,
2105,,,,,,124,2021-12-31,,,,,,,,,,,,,,,,,,,,,,,,,,,,,,,,,,,,
2105,3783,1,1,1,,,,,,,12/1-12/31 periodSales,10A100090,Accounts Receivable,8,Anonymized Partner 073,Subaccount,1218968,0,O,O,10D100100,Gross Sales,,,,1218968,110815,S,S,000,Common Department,Department,040,Osaka Branch,Department,,,,,,,,
2105,3784,1,1,1,,,,,,,12/1-12/31 periodSales,10A100090,Accounts Receivable,9,Anonymized Partner 026,Subaccount,1347272,0,O,O,10D100100,Gross Sales,,,,1347272,122479,S,S,000,Common Department,Department,040,Osaka Branch,Department,,,,,,,,
2105,3785,1,1,1,,,,,,,12/1-12/31 periodSales,10A100090,Accounts Receivable,14,Anonymized Partner 066,Subaccount,14867459,0,O,O,10D100100,Gross Sales,,,,14867459,1351587,S,S,000,Common Department,Department,040,Osaka Branch,Department,,,,,,,,
2105,3786,1,1,1,,,,,,,12/1-12/31 periodSales,10A100090,Accounts Receivable,28,Anonymized Partner 072,Subaccount,11930631,0,O,O,10D100100,Gross Sales,,,,11930631,1084602,S,S,000,Common Department,Department,040,Osaka Branch,Department,,,,,,,,
2105,3787,1,1,1,,,,,,,12/1-12/31 periodSales,10A100090,Accounts Receivable,23,Anonymized Partner 056,Subaccount,1420364,0,O,O,10D100100,Gross Sales,,,,1420364,129124,S,S,000,Common Department,Department,040,Osaka Branch,Department,,,,,,,,
2105,3788,1,1,1,,,,,,,12/1-12/31 periodSales,10A100090,Accounts Receivable,3,Anonymized Partner 085,Subaccount,12141144,0,O,O,10D100100,Gross Sales,,,,12141144,1103740,S,S,000,Common Department,Department,040,Osaka Branch,Department,,,,,,,,
2105,3789,1,1,1,,,,,,,12/1-12/31 periodSales,10A100090,Accounts Receivable,20,Anonymized Partner 079,Subaccount,2361484,0,O,O,10D100100,Gross Sales,,,,2361484,214680,S,S,000,Common Department,Department,040,Osaka Branch,Department,,,,,,,,
2105,3790,1,1,1,,,,,,,12/1-12/31 periodSales,10A100090,Accounts Receivable,4,Anonymized Partner 032,Subaccount,1435084,0,O,O,10D100100,Gross Sales,,,,1435084,130462,S,S,000,Common Department,Department,040,Osaka Branch,Department,,,,,,,,
2106,,,,,,125,2021-12-31,,,,,,,,,,,,,,,,,,,,,,,,,,,,,,,,,,,,
2106,3791,1,1,1,,,,,,,12/1-12/31 periodSales,10A100090,Accounts Receivable,14,Anonymized Partner 066,Subaccount,2089558,0,O,O,10D100100,Gross Sales,,,,2089558,189959,S,S,000,Common Department,Department,050,Kyushu Sales Office,Department,,,,,,,,
2106,3792,1,1,1,,,,,,,12/1-12/31 periodSales,10A100090,Accounts Receivable,22,Anonymized Partner 070,Subaccount,2036596,0,O,O,10D100100,Gross Sales,,,,2036596,185145,S,S,000,Common Department,Department,050,Kyushu Sales Office,Department,,,,,,,,
2106,3793,1,1,1,,,,,,,12/1-12/31 periodSales,10A100090,Accounts Receivable,1,Anonymized Partner 068,Subaccount,1949895,0,O,O,10D100100,Gross Sales,,,,1949895,177263,S,S,000,Common Department,Department,050,Kyushu Sales Office,Department,,,,,,,,
2106,3794,1,1,1,,,,,,,12/1-12/31 periodSales,10A100090,Accounts Receivable,29,Anonymized Partner 049,Subaccount,1633676,0,O,O,10D100100,Gross Sales,,,,1633676,148516,S,S,000,Common Department,Department,050,Kyushu Sales Office,Department,,,,,,,,
2107,,,,,,126,2021-12-31,,,,,,,,,,,,,,,,,,,,,,,,,,,,,,,,,,,,
2107,3795,1,1,1,1,,,,,,Voucher No. 400 dated 12/31 Anonymized Partner 032,10A100020,Ordinary Deposits,40,JKL Bank Umeda Branch,Subaccount,1299992,0,O,O,10A100090,Accounts Receivable,4,Anonymized Partner 032,Subaccount,1299992,0,O,O,000,Common Department,Department,000,Common Department,Department,,,,,,,,
2107,3796,1,,1,1,,,,,,Voucher No. 400 dated 12/31 Anonymized Partner 032,10E200690,Service Fees,,,,840,76,S,S,10A100090,Accounts Receivable,4,Anonymized Partner 032,Subaccount,840,0,O,O,040,Osaka Branch,Department,000,Common Department,Department,,,,,,,,
2108,,,,,,127,2021-12-31,,,,,,,,,,,,,,,,,,,,,,,,,,,,,,,,,,,,
2108,3797,1,1,1,1,,,,,,Voucher No. 401 dated 12/31 Anonymized Partner 030,10A100020,Ordinary Deposits,10,DEF Bank Station Branch,Subaccount,2041108,0,O,O,10A100090,Accounts Receivable,5,Anonymized Partner 030,Subaccount,2041108,0,O,O,000,Common Department,Department,000,Common Department,Department,,,,,,,,
2108,3798,1,,1,1,,,,,,Voucher No. 401 dated 12/31 Anonymized Partner 030,10E200690,Service Fees,,,,840,76,S,S,10A100090,Accounts Receivable,5,Anonymized Partner 030,Subaccount,840,0,O,O,010,Sapporo Sales Office,Department,000,Common Department,Department,,,,,,,,
2109,,,,,,128,2021-12-31,,,,,,,,,,,,,,,,,,,,,,,,,,,,,,,,,,,,
2109,3799,1,1,1,1,,,,,,Voucher No. 402 dated 12/31 Anonymized Partner 012,10A100020,Cash,1,Cash,Subaccount,320480,0,O,O,10A100090,Accounts Receivable,10,Anonymized Partner 012,Subaccount,320480,0,O,O,000,Common Department,Department,000,Common Department,Department,,,,,,,,
2110,,,,,,129,2021-12-31,,,,,,,,,,,,,,,,,,,,,,,,,,,,,,,,,,,,
2110,3800,1,,1,1,,,,,,Voucher No. 403 dated 12/31 Anonymized Partner 065 | Sales voucher=20211130-112;Note number=R20211231-129-12,10A100060,Notes Receivable,,,,10629137,0,O,O,10A100090,Accounts Receivable,12,Anonymized Partner 065,Subaccount,10629137,0,O,O,000,Common Department,Department,000,Common Department,Department,,,,,,,,
2111,,,,,,130,2021-12-31,,,,,,,,,,,,,,,,,,,,,,,,,,,,,,,,,,,,
2111,3801,1,1,1,1,,,,,,Voucher No. 404 dated 12/31 Anonymized Partner 081,10A100020,Ordinary Deposits,20,ABC Bank Head Office,Subaccount,458582,0,O,O,10A100090,Accounts Receivable,24,Anonymized Partner 081,Subaccount,458582,0,O,O,000,Common Department,Department,000,Common Department,Department,,,,,,,,
2111,3802,1,,1,1,,,,,,Voucher No. 404 dated 12/31 Anonymized Partner 081,10E200690,Service Fees,,,,630,57,S,S,10A100090,Accounts Receivable,24,Anonymized Partner 081,Subaccount,630,0,O,O,020,Tokyo Branch,Department,000,Common Department,Department,,,,,,,,
2112,,,,,,131,2021-12-31,,,,,,,,,,,,,,,,,,,,,,,,,,,,,,,,,,,,
2112,3803,1,1,1,1,,,,,,Voucher No. 405 dated 12/31 Anonymized Partner 049,10A100020,Ordinary Deposits,50,MNO Bank Kitakyushu Branch,Subaccount,488688,0,O,O,10A100090,Accounts Receivable,29,Anonymized Partner 049,Subaccount,488688,0,O,O,000,Common Department,Department,000,Common Department,Department,,,,,,,,
2112,3804,1,,1,1,,,,,,Voucher No. 405 dated 12/31 Anonymized Partner 049,10E200690,Service Fees,,,,210,19,S,S,10A100090,Accounts Receivable,29,Anonymized Partner 049,Subaccount,210,0,O,O,050,Kyushu Sales Office,Department,000,Common Department,Department,,,,,,,,
2113,,,,,,132,2021-12-31,,,,,,,,,,,,,,,,,,,,,,,,,,,,,,,,,,,,
2113,3805,1,,1,1,,,,,,12/1-12/31 period Purchases,10E100130,Merchandise Purchases,,,,102816,9346,S,S,10B100040,Accounts Payable,8,Anonymized Partner 063,Subaccount,102816,0,O,O,010,Sapporo Sales Office,Department,000,Common Department,Department,,,,,,,,
2113,3806,1,,1,1,,,,,,12/1-12/31 period Purchases,10E100130,Merchandise Purchases,,,,363331,33030,S,S,10B100040,Accounts Payable,2,Anonymized Partner 046,Subaccount,363331,0,O,O,010,Sapporo Sales Office,Department,000,Common Department,Department,,,,,,,,
2114,,,,,,133,2021-12-31,,,,,,,,,,,,,,,,,,,,,,,,,,,,,,,,,,,,
2114,3807,1,,1,1,,,,,,12/1-12/31 period Purchases,10E100130,Merchandise Purchases,,,,4570569,415506,S,S,10B100040,Accounts Payable,14,Anonymized Partner 011,Subaccount,4570569,0,O,O,020,Tokyo Branch,Department,000,Common Department,Department,,,,,,,,
2114,3808,1,,1,1,,,,,,12/1-12/31 period Purchases,10E100130,Merchandise Purchases,,,,5031519,457410,S,S,10B100040,Accounts Payable,3,Anonymized Partner 085,Subaccount,5031519,0,O,O,020,Tokyo Branch,Department,000,Common Department,Department,,,,,,,,
2114,3809,1,,1,1,,,,,,12/1-12/31 period Purchases,10E100130,Merchandise Purchases,,,,2069835,188166,S,S,10B100040,Accounts Payable,13,Anonymized Partner 027,Subaccount,2069835,0,O,O,020,Tokyo Branch,Department,000,Common Department,Department,,,,,,,,
2114,3810,1,,1,1,,,,,,12/1-12/31 period Purchases,10E100130,Merchandise Purchases,,,,10823612,983964,S,S,10B100040,Accounts Payable,1,Anonymized Partner 043,Subaccount,10823612,0,O,O,020,Tokyo Branch,Department,000,Common Department,Department,,,,,,,,
2114,3811,1,,1,1,,,,,,12/1-12/31 period Purchases,10E100130,Merchandise Purchases,,,,8378109,761646,S,S,10B100040,Accounts Payable,11,Anonymized Partner 067,Subaccount,8378109,0,O,O,020,Tokyo Branch,Department,000,Common Department,Department,,,,,,,,
2114,3812,1,,1,1,,,,,,12/1-12/31 period Purchases,10E100130,Merchandise Purchases,,,,1085505,98682,S,S,10B100040,Accounts Payable,2,Anonymized Partner 046,Subaccount,1085505,0,O,O,020,Tokyo Branch,Department,000,Common Department,Department,,,,,,,,
2114,3813,1,,1,1,,,,,,12/1-12/31 period Purchases,10E100130,Merchandise Purchases,,,,658954,59904,S,S,10B100040,Accounts Payable,12,Anonymized Partner 059,Subaccount,658954,0,O,O,020,Tokyo Branch,Department,000,Common Department,Department,,,,,,,,
2114,3814,1,,1,1,,,,,,12/1-12/31 period Purchases,10E100130,Merchandise Purchases,,,,251899,22899,S,S,10B100040,Accounts Payable,8,Anonymized Partner 063,Subaccount,251899,0,O,O,020,Tokyo Branch,Department,000,Common Department,Department,,,,,,,,
2115,,,,,,134,2021-12-31,,,,,,,,,,,,,,,,,,,,,,,,,,,,,,,,,,,,
2115,3815,1,,1,1,,,,,,12/1-12/31 period Purchases,10E100130,Merchandise Purchases,,,,2897127,263375,S,S,10B100040,Accounts Payable,9,Anonymized Partner 029,Subaccount,2897127,0,O,O,030,Nagoya Branch,Department,000,Common Department,Department,,,,,,,,
2115,3816,1,,1,1,,,,,,12/1-12/31 period Purchases,10E100130,Merchandise Purchases,,,,1840617,167328,S,S,10B100040,Accounts Payable,15,Anonymized Partner 074,Subaccount,1840617,0,O,O,030,Nagoya Branch,Department,000,Common Department,Department,,,,,,,,
2115,3817,1,,1,1,,,,,,12/1-12/31 period Purchases,10E100130,Merchandise Purchases,,,,6922413,629310,S,S,10B100040,Accounts Payable,7,Anonymized Partner 048,Subaccount,6922413,0,O,O,030,Nagoya Branch,Department,000,Common Department,Department,,,,,,,,
2115,3818,1,,1,1,,,,,,12/1-12/31 period Purchases,10E100130,Merchandise Purchases,,,,183908,16718,S,S,10B100040,Accounts Payable,2,Anonymized Partner 046,Subaccount,183908,0,O,O,030,Nagoya Branch,Department,000,Common Department,Department,,,,,,,,
2115,3819,1,,1,1,,,,,,12/1-12/31 period Purchases,10E100130,Merchandise Purchases,,,,25704,2336,S,S,10B100040,Accounts Payable,8,Anonymized Partner 063,Subaccount,25704,0,O,O,030,Nagoya Branch,Department,000,Common Department,Department,,,,,,,,
2116,,,,,,135,2021-12-31,,,,,,,,,,,,,,,,,,,,,,,,,,,,,,,,,,,,
2116,3820,1,,1,1,,,,,,12/1-12/31 period Purchases,10E100130,Merchandise Purchases,,,,6301802,572891,S,S,10B100040,Accounts Payable,5,Anonymized Partner 010,Subaccount,6301802,0,O,O,040,Osaka Branch,Department,000,Common Department,Department,,,,,,,,
2116,3821,1,,1,1,,,,,,12/1-12/31 period Purchases,10E100130,Merchandise Purchases,,,,1503036,136639,S,S,10B100040,Accounts Payable,4,Anonymized Partner 047,Subaccount,1503036,0,O,O,040,Osaka Branch,Department,000,Common Department,Department,,,,,,,,
2116,3822,1,,1,1,,,,,,12/1-12/31 period Purchases,10E100130,Merchandise Purchases,,,,5798593,527144,S,S,10B100040,Accounts Payable,10,Anonymized Partner 009,Subaccount,5798593,0,O,O,040,Osaka Branch,Department,000,Common Department,Department,,,,,,,,
2116,3823,1,,1,1,,,,,,12/1-12/31 period Purchases,10E100130,Merchandise Purchases,,,,6893004,626636,S,S,10B100040,Accounts Payable,6,Anonymized Partner 054,Subaccount,6893004,0,O,O,040,Osaka Branch,Department,000,Common Department,Department,,,,,,,,
2116,3824,1,,1,1,,,,,,12/1-12/31 period Purchases,10E100130,Merchandise Purchases,,,,102816,9346,S,S,10B100040,Accounts Payable,8,Anonymized Partner 063,Subaccount,102816,0,O,O,040,Osaka Branch,Department,000,Common Department,Department,,,,,,,,
2116,3825,1,,1,1,,,,,,12/1-12/31 period Purchases,10E100130,Merchandise Purchases,,,,183908,16718,S,S,10B100040,Accounts Payable,2,Anonymized Partner 046,Subaccount,183908,0,O,O,040,Osaka Branch,Department,000,Common Department,Department,,,,,,,,
2117,,,,,,136,2021-12-31,,,,,,,,,,,,,,,,,,,,,,,,,,,,,,,,,,,,
2117,3826,1,,1,1,,,,,,12/1-12/31 period Purchases,10E100130,Merchandise Purchases,,,,77112,7010,S,S,10B100040,Accounts Payable,8,Anonymized Partner 063,Subaccount,77112,0,O,O,050,Kyushu Sales Office,Department,000,Common Department,Department,,,,,,,,
2117,3827,1,,1,1,,,,,,12/1-12/31 period Purchases,10E100130,Merchandise Purchases,,,,80740,7340,S,S,10B100040,Accounts Payable,2,Anonymized Partner 046,Subaccount,80740,0,O,O,050,Kyushu Sales Office,Department,000,Common Department,Department,,,,,,,,
2118,,,,,,137,2021-12-31,,,,,,,,,,,,,,,,,,,,,,,,,,,,,,,,,,,,
2118,3828,1,1,1,1,,,,,,Voucher No. 309 dated 12/31 Anonymized Partner 046,10B100040,Accounts Payable,2,Anonymized Partner 046,Subaccount,1314468,0,O,O,10A100020,Ordinary Deposits,20,ABC Bank Head Office,Subaccount,1314468,0,O,O,000,Common Department,Department,000,Common Department,Department,,,,,,,,
2119,,,,,,138,2021-12-31,,,,,,,,,,,,,,,,,,,,,,,,,,,,,,,,,,,,
2119,3829,1,1,1,,,,,,,Voucher No. 310 dated 12/31 Anonymized Partner 010,10B100040,Accounts Payable,5,Anonymized Partner 010,Subaccount,4897778,0,O,O,10B100030,Notes Payable,,,,4897778,0,O,O,000,Common Department,Department,000,Common Department,Department,,,,,,,,
2120,,,,,,139,2021-12-31,,,,,,,,,,,,,,,,,,,,,,,,,,,,,,,,,,,,
2120,3830,1,1,1,1,,,,,,Voucher No. 311 dated 12/31 Anonymized Partner 048,10B100040,Accounts Payable,7,Anonymized Partner 048,Subaccount,4597303,0,O,O,10A100020,Ordinary Deposits,20,ABC Bank Head Office,Subaccount,4597303,0,O,O,000,Common Department,Department,000,Common Department,Department,,,,,,,,
2121,,,,,,140,2021-12-31,,,,,,,,,,,,,,,,,,,,,,,,,,,,,,,,,,,,
2121,3831,1,1,1,,,,,,,Voucher No. 312 dated 12/31 Anonymized Partner 029,10B100040,Accounts Payable,9,Anonymized Partner 029,Subaccount,2224739,0,O,O,10B100030,Notes Payable,,,,2224739,0,O,O,000,Common Department,Department,000,Common Department,Department,,,,,,,,
2122,,,,,,141,2021-12-31,,,,,,,,,,,,,,,,,,,,,,,,,,,,,,,,,,,,
2122,3832,1,1,1,,,,,,,Voucher No. 313 dated 12/31 Anonymized Partner 009,10B100040,Accounts Payable,10,Anonymized Partner 009,Subaccount,3791833,0,O,O,10B100030,Notes Payable,,,,3791833,0,O,O,000,Common Department,Department,000,Common Department,Department,,,,,,,,
2122,3833,1,1,1,,,,,,,Note maturity Anonymized Partner 057 | Note number=R20210925-113-2;Receipt amount corrected to settlement amount,10A100020,Checking Deposits,1,ABC Bank,Subaccount,13866393,0,O,O,10A100060,Notes Receivable,,,,13866393,0,O,O,000,Common Department,Department,000,Common Department,Department,,,,,,,,
2123,,,,,,142,2021-12-31,,,,,,,,,,,,,,,,,,,,,,,,,,,,,,,,,,,,
2123,3834,1,1,1,1,,,,,,Voucher No. 314 dated 12/31 Anonymized Partner 059,10B100040,Accounts Payable,12,Anonymized Partner 059,Subaccount,433742,0,O,O,10A100020,Ordinary Deposits,20,ABC Bank Head Office,Subaccount,433742,0,O,O,000,Common Department,Department,000,Common Department,Department,,,,,,,,
2124,,,,,,143,2021-12-31,,,,,,,,,,,,,,,,,,,,,,,,,,,,,,,,,,,,
2124,3835,1,1,1,1,,,,,,Voucher No. 315 dated 12/31 Anonymized Partner 027,10B100040,Accounts Payable,13,Anonymized Partner 027,Subaccount,1345680,0,O,O,10A100020,Ordinary Deposits,20,ABC Bank Head Office,Subaccount,1345680,0,O,O,000,Common Department,Department,000,Common Department,Department,,,,,,,,
2125,,,,,,144,2021-12-31,,,,,,,,,,,,,,,,,,,,,,,,,,,,,,,,,,,,
2125,3836,1,1,1,1,,,,,,Voucher No. 316 dated 12/31 Anonymized Partner 011,10B100040,Accounts Payable,14,Anonymized Partner 011,Subaccount,3875434,0,O,O,10A100020,Ordinary Deposits,20,ABC Bank Head Office,Subaccount,3875434,0,O,O,000,Common Department,Department,000,Common Department,Department,,,,,,,,
2126,,,,,,145,2021-12-31,,,,,,,,,,,,,,,,,,,,,,,,,,,,,,,,,,,,
2126,3837,1,1,1,1,,,,,,Voucher No. 317 dated 12/31 Anonymized Partner 074,10B100040,Accounts Payable,15,Anonymized Partner 074,Subaccount,1543059,0,O,O,10A100020,Ordinary Deposits,20,ABC Bank Head Office,Subaccount,1543059,0,O,O,000,Common Department,Department,000,Common Department,Department,,,,,,,,
2127,,,,,,147,2021-12-31,,,,,,,,,,,,,,,,,,,,,,,,,,,,,,,,,,,,
2127,3838,1,,1,1,,,,,,Note due date settlement Anonymized Partner 010,10B100030,Notes Payable,,,,3841014,0,O,O,10A100020,Checking Deposits,1,ABC Bank,Subaccount,3841014,0,O,O,000,Common Department,Department,000,Common Department,Department,,,,,,,,
2127,3839,1,,1,1,,,,,,Note due date settlement Anonymized Partner 029,10B100030,Notes Payable,,,,1819272,0,O,O,10A100020,Checking Deposits,1,ABC Bank,Subaccount,1819272,0,O,O,000,Common Department,Department,000,Common Department,Department,,,,,,,,
2127,3840,1,,1,1,,,,,,Note due date settlement Anonymized Partner 009,10B100030,Notes Payable,,,,3148603,0,O,O,10A100020,Checking Deposits,1,ABC Bank,Subaccount,3148603,0,O,O,000,Common Department,Department,000,Common Department,Department,,,,,,,,
2128,,,,,,152,2021-12-31,,,,,,,,,,,,,,,,,,,,,,,,,,,,,,,,,,,,
2128,3841,1,1,1,,,,,,,Loan repayment received,10A100020,Ordinary Deposits,20,ABC Bank Head Office,Subaccount,40000,0,O,O,10A100610,Short-term Loans Receivable,,,,90000,0,O,O,000,Common Department,Department,000,Common Department,Department,,,,,,,,
2128,3842,1,1,,,,,,,,Loan repayment received,10A100020,Ordinary Deposits,20,ABC Bank Head Office,Subaccount,50000,0,O,O,,,,,,,,,,000,Common Department,Department,,,,,,,,,,,
2129,,,,,,153,2021-12-31,,,,,,,,,,,,,,,,,,,,,,,,,,,,,,,,,,,,
2129,3843,1,1,1,1,,,,,,Installment savings,10A100020,Installment Savings,4,Installment Savings,Subaccount,500000,0,O,O,10A100020,Ordinary Deposits,20,ABC Bank Head Office,Subaccount,625000,0,O,O,000,Common Department,Department,000,Common Department,Department,,,,,,,,
2129,3844,1,,,,,,,,,Insurance Reserve Deposits,10A230570,Insurance Reserve Deposits,,,,125000,0,O,O,,,,,,,,,,000,Common Department,Department,,,,,,,,,,,
2130,,,,,,154,2021-12-31,,,,,,,,,,,,,,,,,,,,,,,,,,,,,,,,,,,,
2130,3845,1,,1,1,,,,,,Loan repayment,10B100790,Short-term Borrowings,,,,653500,0,O,O,10A100020,Checking Deposits,1,ABC Bank,Subaccount,686175,0,O,O,000,Common Department,Department,000,Common Department,Department,,,,,,,,
2130,3846,1,,,,,,,,,Interest,10E300020,Interest Expense,,,,32675,0,E,E,,,,,,,,,,020,Tokyo Branch,Department,,,,,,,,,,,
