JP07a,JP08a,BS04fb,JP05a,BS04fc,JP05b,JP07a_GL03_01,JP07a_GL03_03,GL05c_01,GE23c_01,GE09eR_01,JP08a_GL04_03,JP06e_GE24_01,JP06e_GE24_02,JP05a_01,JP05a_02,JP05a_03,GE05ku_01,GE05kw_01,JP02j_BS09_01,JP02j_BS09_02,JP06f_GE24_01,JP06f_GE24_02,JP05b_01,JP05b_02,JP05b_03,GE05kz_01,GE05kB_01,JP02k_BS09_01,JP02k_BS09_02,BS04fb_01,BS04fb_02,BS04fb_03,BS04fc_01,BS04fc_02,BS04fc_03,Data_Scope,Document_ID,Document_Type,Document_Number,Related_Document_ID,Related_Document_Type,Related_Document_Number,Settlement_Scheduled_Month
2131,,,,,,18,2022-01-01,,,,,,,,,,,,,,,,,,,,,,,,,,,,,,,,,,,,
2131,3847,1,,1,1,,,,,,Travel expense,10E201230,Travel and Transportation Expenses,,,,19500,1772,S,S,10A100020,Cash,1,Cash,Subaccount,19500,0,O,O,010,Sapporo Sales Office,Department,000,Common Department,Department,,,,,,,,
2132,,,,,,19,2022-01-02,,,,,,,,,,,,,,,,,,,,,,,,,,,,,,,,,,,,
2132,3848,1,,1,1,,,,,,Travel expense,10E201230,Travel and Transportation Expenses,,,,11000,1000,S,S,10A100020,Cash,1,Cash,Subaccount,11000,0,O,O,010,Sapporo Sales Office,Department,000,Common Department,Department,,,,,,,,
2133,,,,,,134,2022-01-03,,,,,,,,,,,,,,,,,,,,,,,,,,,,,,,,,,,,
2133,3849,1,,1,,,,,,,Paper,10E201110,Office Supplies Expenses,,,,8400,763,S,S,10B100630,Accounts Payable Other,,,,8400,0,O,O,040,Osaka Branch,Department,000,Common Department,Department,,,,,,,,
2134,,,,,,66,2022-01-04,,,,,,,,,,,,,,,,,,,,,,,,,,,,,,,,,,,,
2134,3850,1,,1,1,,,,,,lease fee,10E200730,Land and Building Rent,,,,209850,19077,S,S,10A100020,Ordinary Deposits,20,ABC Bank Head Office,Subaccount,209850,0,O,O,020,Tokyo Branch,Department,000,Common Department,Department,,,,,,,,
2135,,,,,,116,2022-01-04,,,,,,,,,,,,,,,,,,,,,,,,,,,,,,,,,,,,
2135,3851,1,,1,1,,,,,,lease fee,10E200730,Land and Building Rent,,,,84000,7636,S,S,10A100020,Ordinary Deposits,40,JKL Bank Umeda Branch,Subaccount,84000,0,O,O,040,Osaka Branch,Department,000,Common Department,Department,,,,,,,,
2136,,,,,,86,2022-01-05,,,,,,,,,,,,,,,,,,,,,,,,,,,,,,,,,,,,
2136,3852,1,1,1,1,,,,,,Voucher No. 406 dated 1/5 Anonymized Partner 070,10A100020,Ordinary Deposits,50,MNO Bank Kitakyushu Branch,Subaccount,2036124,0,O,O,10A100090,Accounts Receivable,22,Anonymized Partner 070,Subaccount,2036124,0,O,O,000,Common Department,Department,000,Common Department,Department,,,,,,,,
2136,3853,1,,1,1,,,,,,Voucher No. 406 dated 1/5 Anonymized Partner 070,10E200690,Service Fees,,,,472,42,S,S,10A100090,Accounts Receivable,22,Anonymized Partner 070,Subaccount,472,0,O,O,050,Kyushu Sales Office,Department,000,Common Department,Department,,,,,,,,
2137,,,,,,87,2022-01-05,,,,,,,,,,,,,,,,,,,,,,,,,,,,,,,,,,,,
2137,3854,1,1,1,1,,,,,,Voucher No. 407 dated 1/5 Anonymized Partner 082,10A100020,Ordinary Deposits,20,ABC Bank Head Office,Subaccount,2365540,0,O,O,10A100090,Accounts Receivable,26,Anonymized Partner 082,Subaccount,2365540,0,O,O,000,Common Department,Department,000,Common Department,Department,,,,,,,,
2137,3855,1,,1,1,,,,,,Voucher No. 407 dated 1/5 Anonymized Partner 082,10E200690,Service Fees,,,,472,42,S,S,10A100090,Accounts Receivable,26,Anonymized Partner 082,Subaccount,472,0,O,O,020,Tokyo Branch,Department,000,Common Department,Department,,,,,,,,
2138,,,,,,88,2022-01-05,,,,,,,,,,,,,,,,,,,,,,,,,,,,,,,,,,,,
2138,3856,1,1,1,1,,,,,,Voucher No. 408 dated 1/5 Anonymized Partner 025,10A100020,Ordinary Deposits,30,GHI Bank Nagoya Branch,Subaccount,1655306,0,O,O,10A100090,Accounts Receivable,27,Anonymized Partner 025,Subaccount,1655306,0,O,O,000,Common Department,Department,000,Common Department,Department,,,,,,,,
2139,,,,,,143,2022-01-05,,,,,,,,,,,,,,,,,,,,,,,,,,,,,,,,,,,,
2139,3857,1,,1,1,,,,,,Inspection service fee,10E201120,Vehicle Expenses,,,,31200,2836,S,S,10A100020,Cash,1,Cash,Subaccount,31200,0,O,O,040,Osaka Branch,Department,000,Common Department,Department,,,,,,,,
2140,,,,,,110,2022-01-06,,,,,,,,,,,,,,,,,,,,,,,,,,,,,,,,,,,,
2140,3858,1,,1,1,,,,,,taxi expense,10E201230,Travel and Transportation Expenses,,,,2290,208,S,S,10A100020,Cash,1,Cash,Subaccount,2290,0,O,O,040,Osaka Branch,Department,000,Common Department,Department,,,,,,,,
2141,,,,,,123,2022-01-06,,,,,,,,,,,,,,,,,,,,,,,,,,,,,,,,,,,,
2141,3859,1,,1,1,,,,,,Postage stamps,10E200180,Communication Expenses,,,,8000,727,S,S,10A100020,Cash,1,Cash,Subaccount,8000,0,O,O,040,Osaka Branch,Department,000,Common Department,Department,,,,,,,,
2142,,,,,,124,2022-01-06,,,,,,,,,,,,,,,,,,,,,,,,,,,,,,,,,,,,
2142,3860,1,,1,1,,,,,,Revenue stamp,10E200210,Taxes and Dues,,,,2000,0,O,O,10A100020,Cash,1,Cash,Subaccount,2000,0,O,O,040,Osaka Branch,Department,000,Common Department,Department,,,,,,,,
2143,,,,,,7,2022-01-07,,,,,,,,,,,,,,,,,,,,,,,,,,,,,,,,,,,,
2143,3861,1,,1,1,,,,,,New Year party fee Anonymized Partner 012,10E200150,Entertainment Expenses,,,,10000,909,S,S,10A100020,Cash,1,Cash,Subaccount,10000,0,O,O,010,Sapporo Sales Office,Department,000,Common Department,Department,,,,,,,,
2144,,,,,,20,2022-01-07,,,,,,,,,,,,,,,,,,,,,,,,,,,,,,,,,,,,
2144,3862,1,,1,1,,,,,,Travel expense,10E201230,Travel and Transportation Expenses,,,,39000,3545,S,S,10A100020,Cash,1,Cash,Subaccount,39000,0,O,O,010,Sapporo Sales Office,Department,000,Common Department,Department,,,,,,,,
2145,,,,,,21,2022-01-07,,,,,,,,,,,,,,,,,,,,,,,,,,,,,,,,,,,,
2145,3863,1,,1,1,,,,,,Anonymized Railway Company A expense,10E201230,Travel and Transportation Expenses,,,,69500,6318,S,S,10A100020,Cash,1,Cash,Subaccount,69500,0,O,O,010,Sapporo Sales Office,Department,000,Common Department,Department,,,,,,,,
2146,,,,,,22,2022-01-07,,,,,,,,,,,,,,,,,,,,,,,,,,,,,,,,,,,,
2146,3864,1,,1,1,,,,,,Travel expense,10E201230,Travel and Transportation Expenses,,,,50000,4545,S,S,10A100020,Cash,1,Cash,Subaccount,50000,0,O,O,010,Sapporo Sales Office,Department,000,Common Department,Department,,,,,,,,
2147,,,,,,102,2022-01-07,,,,,,,,,,,,,,,,,,,,,,,,,,,,,,,,,,,,
2147,3865,1,,1,1,,,,,,Refreshments,10E200150,Entertainment Expenses,,,,1050,95,S,S,10A100020,Cash,1,Cash,Subaccount,1050,0,O,O,040,Osaka Branch,Department,000,Common Department,Department,,,,,,,,
2148,,,,,,106,2022-01-07,,,,,,,,,,,,,,,,,,,,,,,,,,,,,,,,,,,,
2148,3866,1,,1,1,,,,,,New Year party fee 2 people,10E200150,Entertainment Expenses,,,,20000,1818,S,S,10A100020,Cash,1,Cash,Subaccount,20000,0,O,O,040,Osaka Branch,Department,000,Common Department,Department,,,,,,,,
2149,,,,,,133,2022-01-07,,,,,,,,,,,,,,,,,,,,,,,,,,,,,,,,,,,,
2149,3867,1,,1,1,,,,,,Tax accountant fee,10E200600,Professional Fees,,,,139710,12700,S,S,10A100020,Ordinary Deposits,20,ABC Bank Head Office,Subaccount,139710,0,O,O,020,Tokyo Branch,Department,000,Common Department,Department,,,,,,,,
2150,,,,,,45,2022-01-08,,,,,,,,,,,,,,,,,,,,,,,,,,,,,,,,,,,,
2150,3868,1,,1,1,,,,,,New Year party fee,10E200150,Entertainment Expenses,,,,12000,1090,S,S,10A100020,Cash,1,Cash,Subaccount,12000,0,O,O,020,Tokyo Branch,Department,000,Common Department,Department,,,,,,,,
2151,,,,,,50,2022-01-08,,,,,,,,,,,,,,,,,,,,,,,,,,,,,,,,,,,,
2151,3869,1,,1,1,,,,,,Expressway toll,10E201120,Vehicle Expenses,,,,1200,109,S,S,10A100020,Cash,1,Cash,Subaccount,1200,0,O,O,020,Tokyo Branch,Department,000,Common Department,Department,,,,,,,,
2152,,,,,,75,2022-01-08,,,,,,,,,,,,,,,,,,,,,,,,,,,,,,,,,,,,
2152,3870,1,,1,1,,,,,,Meal expense Anonymized Store 020,10E200150,Entertainment Expenses,,,,26480,2407,S,S,10A100020,Cash,1,Cash,Subaccount,26480,0,O,O,020,Tokyo Branch,Department,000,Common Department,Department,,,,,,,,
2153,,,,,,79,2022-01-08,,,,,,,,,,,,,,,,,,,,,,,,,,,,,,,,,,,,
2153,3871,1,,1,1,,,,,,Prize expense,10E200140,Employee Welfare Expenses,,,,39568,3597,S,S,10A100020,Cash,1,Cash,Subaccount,39568,0,O,O,030,Nagoya Branch,Department,000,Common Department,Department,,,,,,,,
2154,,,,,,150,2022-01-08,,,,,,,,,,,,,,,,,,,,,,,,,,,,,,,,,,,,
2154,3872,1,,1,1,,,,,,New Year party fee 2 people,10E200150,Entertainment Expenses,,,,16000,1454,S,S,10A100020,Cash,1,Cash,Subaccount,16000,0,O,O,050,Kyushu Sales Office,Department,000,Common Department,Department,,,,,,,,
2155,,,,,,85,2022-01-09,,,,,,,,,,,,,,,,,,,,,,,,,,,,,,,,,,,,
2155,3873,1,,1,1,,,,,,Telephone expense,10E200180,Communication Expenses,,,,106577,9688,S,S,10A100020,Ordinary Deposits,30,GHI Bank Nagoya Branch,Subaccount,106577,0,O,O,030,Nagoya Branch,Department,000,Common Department,Department,,,,,,,,
2156,,,,,,112,2022-01-09,,,,,,,,,,,,,,,,,,,,,,,,,,,,,,,,,,,,
2156,3874,1,,1,1,,,,,,Telephone expense,10E200180,Communication Expenses,,,,171053,15550,S,S,10A100020,Ordinary Deposits,40,JKL Bank Umeda Branch,Subaccount,171053,0,O,O,040,Osaka Branch,Department,000,Common Department,Department,,,,,,,,
2157,,,,,,16,2022-01-10,,,,,,,,,,,,,,,,,,,,,,,,,,,,,,,,,,,,
2157,3875,1,,1,1,,,,,,Expressway toll,10E201120,Vehicle Expenses,,,,381,34,S,S,10A100020,Cash,1,Cash,Subaccount,1143,0,O,O,010,Sapporo Sales Office,Department,000,Common Department,Department,,,,,,,,
2157,3876,1,,,,,,,,,Parking fee,10E201120,Vehicle Expenses,,,,762,69,S,S,,,,,,,,,,010,Sapporo Sales Office,Department,,,,,,,,,,,
2158,,,,,,42,2022-01-10,,,,,,,,,,,,,,,,,,,,,,,,,,,,,,,,,,,,
2158,3877,1,,1,1,,,,,,New Year greeting gift Anonymized Store 058,10E200150,Entertainment Expenses,,,,24260,2205,S,S,10A100020,Cash,1,Cash,Subaccount,24260,0,O,O,020,Tokyo Branch,Department,000,Common Department,Department,,,,,,,,
2159,,,,,,44,2022-01-10,,,,,,,,,,,,,,,,,,,,,,,,,,,,,,,,,,,,
2159,3878,1,,1,1,,,,,,New Year party fee,10E200150,Entertainment Expenses,,,,12000,1090,S,S,10A100020,Cash,1,Cash,Subaccount,12000,0,O,O,020,Tokyo Branch,Department,000,Common Department,Department,,,,,,,,
2160,,,,,,56,2022-01-10,,,,,,,,,,,,,,,,,,,,,,,,,,,,,,,,,,,,
2160,3879,1,,1,1,,,,,,Travel expense,10E201230,Travel and Transportation Expenses,,,,19800,1800,S,S,10A100020,Cash,1,Cash,Subaccount,19800,0,O,O,020,Tokyo Branch,Department,000,Common Department,Department,,,,,,,,
2161,,,,,,62,2022-01-10,,,,,,,,,,,,,,,,,,,,,,,,,,,,,,,,,,,,
2161,3880,1,1,1,1,,,,,,Withdrawal,10A100020,Cash,1,Cash,Subaccount,1000000,0,O,O,10A100020,Checking Deposits,1,ABC Bank,Subaccount,1000000,0,O,O,000,Common Department,Department,000,Common Department,Department,,,,,,,,
2162,,,,,,64,2022-01-10,,,,,,,,,,,,,,,,,,,,,,,,,,,,,,,,,,,,
2162,3881,1,1,1,1,,,,,,Withholding Tax payment,10B100690,Deposits Received,3,Withholding Tax,Subaccount,436489,0,O,O,10A100020,Ordinary Deposits,20,ABC Bank Head Office,Subaccount,885989,0,O,O,000,Common Department,Department,000,Common Department,Department,,,,,,,,
2162,3882,1,1,,,,,,,,Resident Tax payment,10B100690,Deposits Received,2,Resident Tax,Subaccount,449500,0,O,O,,,,,,,,,,000,Common Department,Department,,,,,,,,,,,
2163,,,,,,67,2022-01-10,,,,,,,,,,,,,,,,,,,,,,,,,,,,,,,,,,,,
2163,3883,1,,1,,,,,,,Wired service fee,10E201270,Miscellaneous Expenses,,,,5000,454,S,S,10B100630,Accounts Payable Other,,,,39286,0,O,O,010,Sapporo Sales Office,Department,000,Common Department,Department,,,,,,,,
2163,3884,1,,,,,,,,,Security fee,10E201270,Miscellaneous Expenses,,,,34286,3116,S,S,,,,,,,,,,010,Sapporo Sales Office,Department,,,,,,,,,,,
2164,,,,,,71,2022-01-10,,,,,,,,,,,,,,,,,,,,,,,,,,,,,,,,,,,,
2164,3885,1,,1,1,,,,,,Tea and others,10E201270,Miscellaneous Expenses,,,,3155,286,S,S,10A100020,Cash,1,Cash,Subaccount,3155,0,O,O,040,Osaka Branch,Department,000,Common Department,Department,,,,,,,,
2165,,,,,,89,2022-01-10,,,,,,,,,,,,,,,,,,,,,,,,,,,,,,,,,,,,
2165,3886,1,1,1,1,,,,,,Voucher No. 409 dated 1/10 Anonymized Partner 085,10B100040,Accounts Payable,3,Anonymized Partner 085,Subaccount,5031519,0,O,O,10A100090,Accounts Receivable,3,Anonymized Partner 085,Subaccount,5031519,0,O,O,000,Common Department,Department,000,Common Department,Department,,,,,,,,
2166,,,,,,90,2022-01-10,,,,,,,,,,,,,,,,,,,,,,,,,,,,,,,,,,,,
2166,3887,1,1,1,1,,,,,,Voucher No. 410 dated 1/10 Anonymized Partner 066 Tokyo Head Office,10A100020,Ordinary Deposits,20,ABC Bank Head Office,Subaccount,26776018,0,O,O,10A100090,Accounts Receivable,14,Anonymized Partner 066,Subaccount,26776018,0,O,O,000,Common Department,Department,000,Common Department,Department,,,,,,,,
2166,3888,1,,1,1,,,,,,Voucher No. 410 dated 1/10 Anonymized Partner 066 Tokyo Head Office,10E200690,Service Fees,,,,735,66,S,S,10A100090,Accounts Receivable,14,Anonymized Partner 066,Subaccount,735,0,O,O,020,Tokyo Branch,Department,000,Common Department,Department,,,,,,,,
2167,,,,,,91,2022-01-10,,,,,,,,,,,,,,,,,,,,,,,,,,,,,,,,,,,,
2167,3889,1,1,1,1,,,,,,Voucher No. 411 dated 1/10 Anonymized Partner 045,10A100020,Ordinary Deposits,30,GHI Bank Nagoya Branch,Subaccount,906049,0,O,O,10A100090,Accounts Receivable,19,Anonymized Partner 045,Subaccount,906049,0,O,O,000,Common Department,Department,000,Common Department,Department,,,,,,,,
2167,3890,1,,1,1,,,,,,Voucher No. 411 dated 1/10 Anonymized Partner 045,10E200690,Service Fees,,,,735,66,S,S,10A100090,Accounts Receivable,19,Anonymized Partner 045,Subaccount,735,0,O,O,030,Nagoya Branch,Department,000,Common Department,Department,,,,,,,,
2168,,,,,,92,2022-01-10,,,,,,,,,,,,,,,,,,,,,,,,,,,,,,,,,,,,
2168,3891,1,,1,1,,,,,,Voucher No. 412 dated 1/10 Anonymized Partner 072 | Sales voucher=20211231-124;Note number=R20220110-92-28,10A100060,Notes Receivable,,,,11930631,0,O,O,10A100090,Accounts Receivable,28,Anonymized Partner 072,Subaccount,11930631,0,O,O,000,Common Department,Department,000,Common Department,Department,,,,,,,,
2169,,,,,,93,2022-01-10,,,,,,,,,,,,,,,,,,,,,,,,,,,,,,,,,,,,
2169,3892,1,,1,1,,,,,,Voucher No. 318 dated 1/10 Anonymized Partner 085 | Sales voucher=20211231-124;Note number=R20220110-93-3;Note received for net difference after offset,10A100060,Notes Receivable,,,,7109625,0,O,O,10A100090,Accounts Receivable,3,Anonymized Partner 085,Subaccount,7109625,0,O,O,000,Common Department,Department,000,Common Department,Department,,,,,,,,
2170,,,,,,94,2022-01-10,,,,,,,,,,,,,,,,,,,,,,,,,,,,,,,,,,,,
2170,3893,1,1,1,1,,,,,,Voucher No. 319 dated 1/10 Anonymized Partner 063,10B100040,Accounts Payable,8,Anonymized Partner 063,Subaccount,406123,0,O,O,10A100020,Ordinary Deposits,20,ABC Bank Head Office,Subaccount,406123,0,O,O,000,Common Department,Department,000,Common Department,Department,,,,,,,,
2171,,,,,,138,2022-01-10,,,,,,,,,,,,,,,,,,,,,,,,,,,,,,,,,,,,
2171,3894,1,,1,1,,,,,,Note due date settlement Anonymized Partner 085,10B100030,Notes Payable,,,,2609859,0,O,O,10A100020,Checking Deposits,1,ABC Bank,Subaccount,2609859,0,O,O,000,Common Department,Department,000,Common Department,Department,,,,,,,,
2172,,,,,,142,2022-01-10,,,,,,,,,,,,,,,,,,,,,,,,,,,,,,,,,,,,
2172,3895,1,,1,1,,,,,,Expressway toll,10E201120,Vehicle Expenses,,,,3382,307,S,S,10A100020,Cash,1,Cash,Subaccount,15683,0,O,O,040,Osaka Branch,Department,000,Common Department,Department,,,,,,,,
2172,3896,1,,,,,,,,,Parking fee,10E201120,Vehicle Expenses,,,,5343,485,S,S,,,,,,,,,,040,Osaka Branch,Department,,,,,,,,,,,
2172,3897,1,,,,,,,,,Expressway toll,10E201120,Vehicle Expenses,,,,2223,202,S,S,,,,,,,,,,040,Osaka Branch,Department,,,,,,,,,,,
2172,3898,1,,,,,,,,,Expressway toll,10E201120,Vehicle Expenses,,,,4306,391,S,S,,,,,,,,,,040,Osaka Branch,Department,,,,,,,,,,,
2172,3899,1,,,,,,,,,Expressway toll,10E201120,Vehicle Expenses,,,,429,39,S,S,,,,,,,,,,040,Osaka Branch,Department,,,,,,,,,,,
2173,,,,,,149,2022-01-10,,,,,,,,,,,,,,,,,,,,,,,,,,,,,,,,,,,,
2173,3900,1,,1,1,,,,,,New Year party fee,10E200150,Entertainment Expenses,,,,12000,1090,S,S,10A100020,Cash,1,Cash,Subaccount,12000,0,O,O,030,Nagoya Branch,Department,000,Common Department,Department,,,,,,,,
2174,,,,,,152,2022-01-10,,,,,,,,,,,,,,,,,,,,,,,,,,,,,,,,,,,,
2174,3901,1,,1,1,,,,,,New Year party fee,10E200150,Entertainment Expenses,,,,10000,909,S,S,10A100020,Cash,1,Cash,Subaccount,10000,0,O,O,050,Kyushu Sales Office,Department,000,Common Department,Department,,,,,,,,
2175,,,,,,159,2022-01-10,,,,,,,,,,,,,,,,,,,,,,,,,,,,,,,,,,,,
2175,3902,1,,1,1,,,,,,taxi expense,10E201230,Travel and Transportation Expenses,,,,4200,381,S,S,10A100020,Cash,1,Cash,Subaccount,4200,0,O,O,050,Kyushu Sales Office,Department,000,Common Department,Department,,,,,,,,
2176,,,,,,162,2022-01-10,,,,,,,,,,,,,,,,,,,,,,,,,,,,,,,,,,,,
2176,3903,1,,1,1,,,,,,Meeting Meal expense,10E201130,Meeting Expenses,,,,24995,2272,S,S,10A100020,Cash,1,Cash,Subaccount,24995,0,O,O,020,Tokyo Branch,Department,000,Common Department,Department,,,,,,,,
2177,,,,,,168,2022-01-10,,,,,,,,,,,,,,,,,,,,,,,,,,,,,,,,,,,,
2177,3904,1,,1,,,,,,,Wired service fee,10E201270,Miscellaneous Expenses,,,,6000,545,S,S,10B100630,Accounts Payable Other,,,,48858,0,O,O,050,Kyushu Sales Office,Department,000,Common Department,Department,,,,,,,,
2177,3905,1,,,,,,,,,Security fee,10E201270,Miscellaneous Expenses,,,,42858,3896,S,S,,,,,,,,,,050,Kyushu Sales Office,Department,,,,,,,,,,,
2178,,,,,,33,2022-01-11,,,,,,,,,,,,,,,,,,,,,,,,,,,,,,,,,,,,
2178,3906,1,,1,1,,,,,,Rent payment,10E200720,Rent Expenses,,,,320000,29090,S,S,10A100020,Ordinary Deposits,10,DEF Bank Station Branch,Subaccount,320000,0,O,O,010,Sapporo Sales Office,Department,000,Common Department,Department,,,,,,,,
2178,3907,1,,1,1,,,,,,Telephone expense,10E200180,Communication Expenses,,,,176983,16089,S,S,10A100020,Ordinary Deposits,10,DEF Bank Station Branch,Subaccount,176983,0,O,O,010,Sapporo Sales Office,Department,000,Common Department,Department,,,,,,,,
2179,,,,,,65,2022-01-11,,,,,,,,,,,,,,,,,,,,,,,,,,,,,,,,,,,,
2179,3908,1,,1,1,,,,,,Rent payment,10E200720,Rent Expenses,,,,1260000,114545,S,S,10A100020,Ordinary Deposits,20,ABC Bank Head Office,Subaccount,1260000,0,O,O,020,Tokyo Branch,Department,000,Common Department,Department,,,,,,,,
2180,,,,,,66,2022-01-11,,,,,,,,,,,,,,,,,,,,,,,,,,,,,,,,,,,,
2180,3909,1,,1,1,,,,,,Rent payment,10E200720,Rent Expenses,,,,840000,76363,S,S,10A100020,Ordinary Deposits,40,JKL Bank Umeda Branch,Subaccount,840000,0,O,O,040,Osaka Branch,Department,000,Common Department,Department,,,,,,,,
2181,,,,,,73,2022-01-11,,,,,,,,,,,,,,,,,,,,,,,,,,,,,,,,,,,,
2181,3910,1,,1,1,,,,,,New Year party fee 2 people,10E200150,Entertainment Expenses,,,,16000,1454,S,S,10A100020,Cash,1,Cash,Subaccount,16000,0,O,O,020,Tokyo Branch,Department,000,Common Department,Department,,,,,,,,
2182,,,,,,76,2022-01-11,,,,,,,,,,,,,,,,,,,,,,,,,,,,,,,,,,,,
2182,3911,1,,1,,,,,,,Employee meal,10E200140,Employee Welfare Expenses,,,,28910,2628,S,S,10B100630,Accounts Payable Other,,,,28910,0,O,O,020,Tokyo Branch,Department,000,Common Department,Department,,,,,,,,
2183,,,,,,94,2022-01-11,,,,,,,,,,,,,,,,,,,,,,,,,,,,,,,,,,,,
2183,3912,1,,1,1,,,,,,Tea expense and others,10E201270,Miscellaneous Expenses,,,,2036,185,S,S,10A100020,Cash,1,Cash,Subaccount,2036,0,O,O,030,Nagoya Branch,Department,000,Common Department,Department,,,,,,,,
2184,,,,,,129,2022-01-11,,,,,,,,,,,,,,,,,,,,,,,,,,,,,,,,,,,,
2184,3913,1,,1,1,,,,,,Rent payment,10E200720,Rent Expenses,,,,399000,36272,S,S,10A100020,Ordinary Deposits,30,GHI Bank Nagoya Branch,Subaccount,399000,0,O,O,030,Nagoya Branch,Department,000,Common Department,Department,,,,,,,,
2185,,,,,,147,2022-01-11,,,,,,,,,,,,,,,,,,,,,,,,,,,,,,,,,,,,
2185,3914,1,,1,,,,,,,Gasoline,10E201120,Vehicle Expenses,,,,6578,598,S,S,10B100630,Accounts Payable Other,,,,6578,0,O,O,050,Kyushu Sales Office,Department,000,Common Department,Department,,,,,,,,
2186,,,,,,167,2022-01-11,,,,,,,,,,,,,,,,,,,,,,,,,,,,,,,,,,,,
2186,3915,1,,1,1,,,,,,Rent payment,10E200720,Rent Expenses,,,,630000,57272,S,S,10A100020,Ordinary Deposits,50,MNO Bank Kitakyushu Branch,Subaccount,630000,0,O,O,050,Kyushu Sales Office,Department,000,Common Department,Department,,,,,,,,
2186,3916,1,,1,1,,,,,,Telephone expense,10E200180,Communication Expenses,,,,121564,11051,S,S,10A100020,Ordinary Deposits,50,MNO Bank Kitakyushu Branch,Subaccount,121564,0,O,O,050,Kyushu Sales Office,Department,000,Common Department,Department,,,,,,,,
2187,,,,,,9,2022-01-12,,,,,,,,,,,,,,,,,,,,,,,,,,,,,,,,,,,,
2187,3917,1,,1,1,,,,,,New Year party fee Anonymized Partner 014,10E200150,Entertainment Expenses,,,,7000,636,S,S,10A100020,Cash,1,Cash,Subaccount,7000,0,O,O,010,Sapporo Sales Office,Department,000,Common Department,Department,,,,,,,,
2188,,,,,,43,2022-01-12,,,,,,,,,,,,,,,,,,,,,,,,,,,,,,,,,,,,
2188,3918,1,,1,1,,,,,,Cof fee expense 3 people,10E200150,Entertainment Expenses,,,,1575,143,S,S,10A100020,Cash,1,Cash,Subaccount,1575,0,O,O,020,Tokyo Branch,Department,000,Common Department,Department,,,,,,,,
2189,,,,,,57,2022-01-12,,,,,,,,,,,,,,,,,,,,,,,,,,,,,,,,,,,,
2189,3919,1,,1,1,,,,,,Anonymized Railway Company A expense,10E201230,Travel and Transportation Expenses,,,,105670,9606,S,S,10A100020,Cash,1,Cash,Subaccount,105670,0,O,O,020,Tokyo Branch,Department,000,Common Department,Department,,,,,,,,
2190,,,,,,151,2022-01-12,,,,,,,,,,,,,,,,,,,,,,,,,,,,,,,,,,,,
2190,3920,1,,1,1,,,,,,Meal expense Anonymized Store 076 4 people,10E200150,Entertainment Expenses,,,,18642,1694,S,S,10A100020,Cash,1,Cash,Subaccount,18642,0,O,O,040,Osaka Branch,Department,000,Common Department,Department,,,,,,,,
2191,,,,,,153,2022-01-12,,,,,,,,,,,,,,,,,,,,,,,,,,,,,,,,,,,,
2191,3921,1,,1,1,,,,,,New Year party fee 2 people,10E200150,Entertainment Expenses,,,,16000,1454,S,S,10A100020,Cash,1,Cash,Subaccount,16000,0,O,O,030,Nagoya Branch,Department,000,Common Department,Department,,,,,,,,
2192,,,,,,11,2022-01-13,,,,,,,,,,,,,,,,,,,,,,,,,,,,,,,,,,,,
2192,3922,1,,1,1,,,,,,Gasoline,10E201120,Vehicle Expenses,,,,3210,291,S,S,10A100020,Cash,1,Cash,Subaccount,3210,0,O,O,010,Sapporo Sales Office,Department,000,Common Department,Department,,,,,,,,
2193,,,,,,17,2022-01-13,,,,,,,,,,,,,,,,,,,,,,,,,,,,,,,,,,,,
2193,3923,1,,1,1,,,,,,Parking fee,10E201120,Vehicle Expenses,,,,286,26,S,S,10A100020,Cash,1,Cash,Subaccount,1048,0,O,O,010,Sapporo Sales Office,Department,000,Common Department,Department,,,,,,,,
2193,3924,1,,,,,,,,,Parking fee,10E201120,Vehicle Expenses,,,,762,69,S,S,,,,,,,,,,010,Sapporo Sales Office,Department,,,,,,,,,,,
2194,,,,,,23,2022-01-14,,,,,,,,,,,,,,,,,,,,,,,,,,,,,,,,,,,,
2194,3925,1,,1,1,,,,,,Travel expense,10E201230,Travel and Transportation Expenses,,,,26667,2424,S,S,10A100020,Cash,1,Cash,Subaccount,92858,0,O,O,010,Sapporo Sales Office,Department,000,Common Department,Department,,,,,,,,
2194,3926,1,,,,,,,,,Travel expense,10E201230,Travel and Transportation Expenses,,,,29524,2684,S,S,,,,,,,,,,010,Sapporo Sales Office,Department,,,,,,,,,,,
2194,3927,1,,,,,,,,,Travel expense,10E201230,Travel and Transportation Expenses,,,,36667,3333,S,S,,,,,,,,,,010,Sapporo Sales Office,Department,,,,,,,,,,,
2195,,,,,,46,2022-01-14,,,,,,,,,,,,,,,,,,,,,,,,,,,,,,,,,,,,
2195,3928,1,,1,1,,,,,,Gasoline,10E201120,Vehicle Expenses,,,,2341,212,S,S,10A100020,Cash,1,Cash,Subaccount,11988,0,O,O,020,Tokyo Branch,Department,000,Common Department,Department,,,,,,,,
2195,3929,1,,,,,,,,,Gasoline,10E201120,Vehicle Expenses,,,,4767,433,S,S,,,,,,,,,,020,Tokyo Branch,Department,,,,,,,,,,,
2195,3930,1,,,,,,,,,Gasoline,10E201120,Vehicle Expenses,,,,4880,443,S,S,,,,,,,,,,020,Tokyo Branch,Department,,,,,,,,,,,
2196,,,,,,51,2022-01-14,,,,,,,,,,,,,,,,,,,,,,,,,,,,,,,,,,,,
2196,3931,1,,1,1,,,,,,Expressway toll,10E201120,Vehicle Expenses,,,,1505,136,S,S,10A100020,Cash,1,Cash,Subaccount,7176,0,O,O,020,Tokyo Branch,Department,000,Common Department,Department,,,,,,,,
2196,3932,1,,,,,,,,,Expressway toll,10E201120,Vehicle Expenses,,,,620,56,S,S,,,,,,,,,,020,Tokyo Branch,Department,,,,,,,,,,,
2196,3933,1,,,,,,,,,Expressway toll,10E201120,Vehicle Expenses,,,,810,73,S,S,,,,,,,,,,020,Tokyo Branch,Department,,,,,,,,,,,
2196,3934,1,,,,,,,,,Expressway toll,10E201120,Vehicle Expenses,,,,1096,99,S,S,,,,,,,,,,020,Tokyo Branch,Department,,,,,,,,,,,
2196,3935,1,,,,,,,,,Expressway toll,10E201120,Vehicle Expenses,,,,1096,99,S,S,,,,,,,,,,020,Tokyo Branch,Department,,,,,,,,,,,
2196,3936,1,,,,,,,,,Expressway toll,10E201120,Vehicle Expenses,,,,1096,99,S,S,,,,,,,,,,020,Tokyo Branch,Department,,,,,,,,,,,
2196,3937,1,,,,,,,,,Expressway toll,10E201120,Vehicle Expenses,,,,953,86,S,S,,,,,,,,,,020,Tokyo Branch,Department,,,,,,,,,,,
2197,,,,,,61,2022-01-14,,,,,,,,,,,,,,,,,,,,,,,,,,,,,,,,,,,,
2197,3938,1,,1,1,,,,,,Telephone expense,10E200180,Communication Expenses,,,,121642,11058,S,S,10A100020,Ordinary Deposits,20,ABC Bank Head Office,Subaccount,121642,0,O,O,020,Tokyo Branch,Department,000,Common Department,Department,,,,,,,,
2198,,,,,,4,2022-01-15,,,,,,,,,,,,,,,,,,,,,,,,,,,,,,,,,,,,
2198,3939,1,,1,,,,,,,Advertising expense,10E200050,Advertising Expenses,,,,31500,2863,S,S,10B100630,Accounts Payable Other,,,,31500,0,O,O,010,Sapporo Sales Office,Department,000,Common Department,Department,,,,,,,,
2199,,,,,,58,2022-01-15,,,,,,,,,,,,,,,,,,,,,,,,,,,,,,,,,,,,
2199,3940,1,,1,1,,,,,,Travel expense,10E201230,Travel and Transportation Expenses,,,,86000,7818,S,S,10A100020,Cash,1,Cash,Subaccount,86000,0,O,O,020,Tokyo Branch,Department,000,Common Department,Department,,,,,,,,
2200,,,,,,81,2022-01-15,,,,,,,,,,,,,,,,,,,,,,,,,,,,,,,,,,,,
2200,3941,1,,1,1,,,,,,Anonymized Railway Company A expense,10E201230,Travel and Transportation Expenses,,,,12000,1090,S,S,10A100020,Cash,1,Cash,Subaccount,12000,0,O,O,030,Nagoya Branch,Department,000,Common Department,Department,,,,,,,,
2201,,,,,,84,2022-01-15,,,,,,,,,,,,,,,,,,,,,,,,,,,,,,,,,,,,
2201,3942,1,,1,1,,,,,,Month 1 Payroll Other 0060 Part-time Staff,10E200520,Temporary Wages,,,,313425,0,O,O,10A100020,Cash,1,Cash,Subaccount,303937,0,O,O,020,Tokyo Branch,Department,000,Common Department,Department,,,,,,,,
2201,3943,,,1,1,,,,,,Month 1 Payroll Other 0060 Part-time Staff,,,,,,,,,,10B100690,Deposits Received,3,Withholding Tax,Subaccount,860,0,O,O,,,,000,Common Department,Department,,,,,,,,
2201,3944,,,1,1,,,,,,Month 1 Payroll Other 0060 Part-time Staff,,,,,,,,,,10B100690,Deposits Received,9,Other,Subaccount,8628,0,O,O,,,,000,Common Department,Department,,,,,,,,
2202,,,,,,95,2022-01-15,,,,,,,,,,,,,,,,,,,,,,,,,,,,,,,,,,,,
2202,3945,1,1,1,1,,,,,,Voucher No. 413 dated 1/15 Anonymized Partner 068,10A100020,Ordinary Deposits,50,MNO Bank Kitakyushu Branch,Subaccount,1949055,0,O,O,10A100090,Accounts Receivable,1,Anonymized Partner 068,Subaccount,1949055,0,O,O,000,Common Department,Department,000,Common Department,Department,,,,,,,,
2202,3946,1,,1,1,,,,,,Voucher No. 413 dated 1/15 Anonymized Partner 068,10E200690,Service Fees,,,,840,76,S,S,10A100090,Accounts Receivable,1,Anonymized Partner 068,Subaccount,840,0,O,O,050,Kyushu Sales Office,Department,000,Common Department,Department,,,,,,,,
2203,,,,,,96,2022-01-15,,,,,,,,,,,,,,,,,,,,,,,,,,,,,,,,,,,,
2203,3947,1,1,1,1,,,,,,Voucher No. 414 dated 1/15 Anonymized Partner 061,10A100020,Ordinary Deposits,30,GHI Bank Nagoya Branch,Subaccount,1851520,0,O,O,10A100090,Accounts Receivable,6,Anonymized Partner 061,Subaccount,1851520,0,O,O,000,Common Department,Department,000,Common Department,Department,,,,,,,,
2203,3948,1,,1,1,,,,,,Voucher No. 414 dated 1/15 Anonymized Partner 061,10E200690,Service Fees,,,,840,76,S,S,10A100090,Accounts Receivable,6,Anonymized Partner 061,Subaccount,840,0,O,O,030,Nagoya Branch,Department,000,Common Department,Department,,,,,,,,
2204,,,,,,97,2022-01-15,,,,,,,,,,,,,,,,,,,,,,,,,,,,,,,,,,,,
2204,3949,1,1,1,1,,,,,,Voucher No. 415 dated 1/15 Anonymized Partner 073,10A100020,Ordinary Deposits,40,JKL Bank Umeda Branch,Subaccount,1218128,0,O,O,10A100090,Accounts Receivable,8,Anonymized Partner 073,Subaccount,1218128,0,O,O,000,Common Department,Department,000,Common Department,Department,,,,,,,,
2204,3950,1,,1,1,,,,,,Voucher No. 415 dated 1/15 Anonymized Partner 073,10E200690,Service Fees,,,,840,76,S,S,10A100090,Accounts Receivable,8,Anonymized Partner 073,Subaccount,840,0,O,O,040,Osaka Branch,Department,000,Common Department,Department,,,,,,,,
2205,,,,,,98,2022-01-15,,,,,,,,,,,,,,,,,,,,,,,,,,,,,,,,,,,,
2205,3951,1,1,1,1,,,,,,Voucher No. 416 dated 1/15 Anonymized Partner 026,10A100020,Ordinary Deposits,40,JKL Bank Umeda Branch,Subaccount,1346432,0,O,O,10A100090,Accounts Receivable,9,Anonymized Partner 026,Subaccount,1346432,0,O,O,000,Common Department,Department,000,Common Department,Department,,,,,,,,
2205,3952,1,,1,1,,,,,,Voucher No. 416 dated 1/15 Anonymized Partner 026,10E200690,Service Fees,,,,840,76,S,S,10A100090,Accounts Receivable,9,Anonymized Partner 026,Subaccount,840,0,O,O,040,Osaka Branch,Department,000,Common Department,Department,,,,,,,,
2206,,,,,,99,2022-01-15,,,,,,,,,,,,,,,,,,,,,,,,,,,,,,,,,,,,
2206,3953,1,1,1,1,,,,,,Voucher No. 417 dated 1/15 Anonymized Partner 023,10A100020,Ordinary Deposits,20,ABC Bank Head Office,Subaccount,1632272,0,O,O,10A100090,Accounts Receivable,13,Anonymized Partner 023,Subaccount,1632272,0,O,O,000,Common Department,Department,000,Common Department,Department,,,,,,,,
2207,,,,,,100,2022-01-15,,,,,,,,,,,,,,,,,,,,,,,,,,,,,,,,,,,,
2207,3954,1,1,1,1,,,,,,Voucher No. 418 dated 1/15 Anonymized Partner 079,10A100020,Ordinary Deposits,40,JKL Bank Umeda Branch,Subaccount,2361169,0,O,O,10A100090,Accounts Receivable,20,Anonymized Partner 079,Subaccount,2361169,0,O,O,000,Common Department,Department,000,Common Department,Department,,,,,,,,
2207,3955,1,,1,1,,,,,,Voucher No. 418 dated 1/15 Anonymized Partner 079,10E200690,Service Fees,,,,315,28,S,S,10A100090,Accounts Receivable,20,Anonymized Partner 079,Subaccount,315,0,O,O,040,Osaka Branch,Department,000,Common Department,Department,,,,,,,,
2208,,,,,,101,2022-01-15,,,,,,,,,,,,,,,,,,,,,,,,,,,,,,,,,,,,
2208,3956,1,1,1,1,,,,,,Voucher No. 320 dated 1/15 Anonymized Partner 043,10B100040,Accounts Payable,1,Anonymized Partner 043,Subaccount,7285614,0,O,O,10A100020,Ordinary Deposits,20,ABC Bank Head Office,Subaccount,7285614,0,O,O,000,Common Department,Department,000,Common Department,Department,,,,,,,,
2209,,,,,,103,2022-01-15,,,,,,,,,,,,,,,,,,,,,,,,,,,,,,,,,,,,
2209,3957,1,,1,1,,,,,,Cof fee expense 2 people,10E200150,Entertainment Expenses,,,,1260,114,S,S,10A100020,Cash,1,Cash,Subaccount,1260,0,O,O,040,Osaka Branch,Department,000,Common Department,Department,,,,,,,,
2210,,,,,,109,2022-01-15,,,,,,,,,,,,,,,,,,,,,,,,,,,,,,,,,,,,
2210,3958,1,,1,,,,,,,Gasoline,10E201120,Vehicle Expenses,,,,50400,4581,S,S,10B100630,Accounts Payable Other,,,,50400,0,O,O,040,Osaka Branch,Department,000,Common Department,Department,,,,,,,,
2211,,,,,,130,2022-01-15,,,,,,,,,,,,,,,,,,,,,,,,,,,,,,,,,,,,
2211,3959,1,,1,1,,,,,,Membership fee,10E201140,Membership Fees,,,,24000,0,O,O,10A100020,Ordinary Deposits,40,JKL Bank Umeda Branch,Subaccount,24000,0,O,O,040,Osaka Branch,Department,000,Common Department,Department,,,,,,,,
2212,,,,,,156,2022-01-15,,,,,,,,,,,,,,,,,,,,,,,,,,,,,,,,,,,,
2212,3960,1,,1,1,,,,,,Business travel expense,10E201230,Travel and Transportation Expenses,,,,7700,700,S,S,10A100020,Cash,1,Cash,Subaccount,7700,0,O,O,050,Kyushu Sales Office,Department,000,Common Department,Department,,,,,,,,
2213,,,,,,165,2022-01-15,,,,,,,,,,,,,,,,,,,,,,,,,,,,,,,,,,,,
2213,3961,1,,1,1,,,,,,Batteries and others,10E201270,Miscellaneous Expenses,,,,1007,91,S,S,10A100020,Cash,1,Cash,Subaccount,1007,0,O,O,050,Kyushu Sales Office,Department,000,Common Department,Department,,,,,,,,
2214,,,,,,73,2022-01-16,,,,,,,,,,,,,,,,,,,,,,,,,,,,,,,,,,,,
2214,3962,1,,1,1,,,,,,golf play expense 2 people,10E200150,Entertainment Expenses,,,,28000,2545,S,S,10A100020,Cash,1,Cash,Subaccount,28000,0,O,O,020,Tokyo Branch,Department,000,Common Department,Department,,,,,,,,
2215,,,,,,74,2022-01-16,,,,,,,,,,,,,,,,,,,,,,,,,,,,,,,,,,,,
2215,3963,1,,1,1,,,,,,New Year party fee,10E200150,Entertainment Expenses,,,,10000,909,S,S,10A100020,Cash,1,Cash,Subaccount,10000,0,O,O,020,Tokyo Branch,Department,000,Common Department,Department,,,,,,,,
2216,,,,,,117,2022-01-16,,,,,,,,,,,,,,,,,,,,,,,,,,,,,,,,,,,,
2216,3964,1,,1,1,,,,,,Membership fee,10E201140,Membership Fees,,,,20000,0,O,O,10A100020,Cash,1,Cash,Subaccount,20000,0,O,O,040,Osaka Branch,Department,000,Common Department,Department,,,,,,,,
2217,,,,,,136,2022-01-16,,,,,,,,,,,,,,,,,,,,,,,,,,,,,,,,,,,,
2217,3965,1,,1,1,,,,,,Anonymized Cleaning Company A expense,10E201270,Miscellaneous Expenses,,,,16500,1500,S,S,10A100020,Cash,1,Cash,Subaccount,16500,0,O,O,040,Osaka Branch,Department,000,Common Department,Department,,,,,,,,
2218,,,,,,157,2022-01-16,,,,,,,,,,,,,,,,,,,,,,,,,,,,,,,,,,,,
2218,3966,1,,1,1,,,,,,Airfare,10E201230,Travel and Transportation Expenses,,,,38700,3518,S,S,10A100020,Ordinary Deposits,50,MNO Bank Kitakyushu Branch,Subaccount,38700,0,O,O,050,Kyushu Sales Office,Department,000,Common Department,Department,,,,,,,,
2219,,,,,,47,2022-01-17,,,,,,,,,,,,,,,,,,,,,,,,,,,,,,,,,,,,
2219,3967,1,,1,1,,,,,,Gasoline,10E201120,Vehicle Expenses,,,,2540,230,S,S,10A100020,Cash,1,Cash,Subaccount,2540,0,O,O,020,Tokyo Branch,Department,000,Common Department,Department,,,,,,,,
2220,,,,,,52,2022-01-17,,,,,,,,,,,,,,,,,,,,,,,,,,,,,,,,,,,,
2220,3968,1,,1,1,,,,,,Expressway toll,10E201120,Vehicle Expenses,,,,1096,99,S,S,10A100020,Cash,1,Cash,Subaccount,3621,0,O,O,020,Tokyo Branch,Department,000,Common Department,Department,,,,,,,,
2220,3969,1,,,,,,,,,Expressway toll,10E201120,Vehicle Expenses,,,,1096,99,S,S,,,,,,,,,,020,Tokyo Branch,Department,,,,,,,,,,,
2220,3970,1,,,,,,,,,Expressway toll,10E201120,Vehicle Expenses,,,,1429,129,S,S,,,,,,,,,,020,Tokyo Branch,Department,,,,,,,,,,,
2221,,,,,,104,2022-01-17,,,,,,,,,,,,,,,,,,,,,,,,,,,,,,,,,,,,
2221,3971,1,,1,1,,,,,,Gift expense Anonymized Store 089,10E200150,Entertainment Expenses,,,,2100,190,S,S,10A100020,Cash,1,Cash,Subaccount,2100,0,O,O,040,Osaka Branch,Department,000,Common Department,Department,,,,,,,,
2222,,,,,,68,2022-01-18,,,,,,,,,,,,,,,,,,,,,,,,,,,,,,,,,,,,
2222,3972,1,,1,1,,,,,,Meal expense Anonymized Store 082 3 people,10E200150,Entertainment Expenses,,,,11684,1062,S,S,10A100020,Cash,1,Cash,Subaccount,11684,0,O,O,030,Nagoya Branch,Department,000,Common Department,Department,,,,,,,,
2223,,,,,,82,2022-01-18,,,,,,,,,,,,,,,,,,,,,,,,,,,,,,,,,,,,
2223,3973,1,,1,1,,,,,,taxi expense,10E201230,Travel and Transportation Expenses,,,,5000,454,S,S,10A100020,Cash,1,Cash,Subaccount,5000,0,O,O,030,Nagoya Branch,Department,000,Common Department,Department,,,,,,,,
2224,,,,,,148,2022-01-18,,,,,,,,,,,,,,,,,,,,,,,,,,,,,,,,,,,,
2224,3974,1,,1,1,,,,,,Gasoline,10E201120,Vehicle Expenses,,,,6613,601,S,S,10A100020,Cash,1,Cash,Subaccount,7233,0,O,O,050,Kyushu Sales Office,Department,000,Common Department,Department,,,,,,,,
2224,3975,1,,,,,,,,,Expressway toll,10E201120,Vehicle Expenses,,,,620,56,S,S,,,,,,,,,,050,Kyushu Sales Office,Department,,,,,,,,,,,
2225,,,,,,69,2022-01-19,,,,,,,,,,,,,,,,,,,,,,,,,,,,,,,,,,,,
2225,3976,1,,1,1,,,,,,Tea expense and others,10E201270,Miscellaneous Expenses,,,,2746,249,S,S,10A100020,Cash,1,Cash,Subaccount,2746,0,O,O,020,Tokyo Branch,Department,000,Common Department,Department,,,,,,,,
2226,,,,,,105,2022-01-19,,,,,,,,,,,,,,,,,,,,,,,,,,,,,,,,,,,,
2226,3977,1,,1,1,,,,,,Meal expense Anonymized Store 063 6 people,10E200150,Entertainment Expenses,,,,23372,2124,S,S,10A100020,Cash,1,Cash,Subaccount,83802,0,O,O,040,Osaka Branch,Department,000,Common Department,Department,,,,,,,,
2226,3978,1,,,,,,,,,Meal expense Anonymized Store 022,10E200150,Entertainment Expenses,,,,39096,3554,S,S,,,,,,,,,,040,Osaka Branch,Department,,,,,,,,,,,
2226,3979,1,,,,,,,,,Meal expense Anonymized Store 023,10E200150,Entertainment Expenses,,,,21334,1939,S,S,,,,,,,,,,040,Osaka Branch,Department,,,,,,,,,,,
2227,,,,,,1,2022-01-20,,,,,,,,,,,,,,,,,,,,,,,,,,,,,,,,,,,,
2227,3980,1,,1,1,,,,,,"Overtime meal, reduced tax rate",10E200140,Employee Welfare Expenses,,,,21600,1600,AA,AA,10A100020,Cash,1,Cash,Subaccount,21600,0,O,O,000,Common Department,Department,000,Common Department,Department,,,,,,,,
2228,,,,,,6,2022-01-20,,,,,,,,,,,,,,,,,,,,,,,,,,,,,,,,,,,,
2228,3981,1,,1,1,,,,,,Advertising fee,10E200050,Advertising Expenses,,,,5000,454,S,S,10A100020,Cash,1,Cash,Subaccount,5000,0,O,O,010,Sapporo Sales Office,Department,000,Common Department,Department,,,,,,,,
2229,,,,,,12,2022-01-20,,,,,,,,,,,,,,,,,,,,,,,,,,,,,,,,,,,,
2229,3982,1,,1,1,,,,,,Gasoline,10E201120,Vehicle Expenses,,,,4762,432,S,S,10A100020,Cash,1,Cash,Subaccount,9193,0,O,O,010,Sapporo Sales Office,Department,000,Common Department,Department,,,,,,,,
2229,3983,1,,,,,,,,,Gasoline,10E201120,Vehicle Expenses,,,,4431,402,S,S,,,,,,,,,,010,Sapporo Sales Office,Department,,,,,,,,,,,
2230,,,,,,24,2022-01-20,,,,,,,,,,,,,,,,,,,,,,,,,,,,,,,,,,,,
2230,3984,1,,1,1,,,,,,Anonymized Railway Company A multi-ride ticket,10E201230,Travel and Transportation Expenses,,,,82620,7510,S,S,10A100020,Cash,1,Cash,Subaccount,82620,0,O,O,010,Sapporo Sales Office,Department,000,Common Department,Department,,,,,,,,
2231,,,,,,31,2022-01-20,,,,,,,,,,,,,,,,,,,,,,,,,,,,,,,,,,,,
2231,3985,1,,1,,,,,,,Copying expense expense,10E201110,Office Supplies Expenses,,,,3152,286,S,S,10B100630,Accounts Payable Other,,,,3152,0,O,O,010,Sapporo Sales Office,Department,000,Common Department,Department,,,,,,,,
2232,,,,,,34,2022-01-20,,,,,,,,,,,,,,,,,,,,,,,,,,,,,,,,,,,,
2232,3986,1,,1,1,,,,,,Electricity expense,10E201040,Utilities Expenses,,,,69196,6290,S,S,10A100020,Ordinary Deposits,10,DEF Bank Station Branch,Subaccount,72921,0,O,O,010,Sapporo Sales Office,Department,000,Common Department,Department,,,,,,,,
2232,3987,1,,,,,,,,,Water expense,10E201040,Utilities Expenses,,,,3725,338,S,S,,,,,,,,,,010,Sapporo Sales Office,Department,,,,,,,,,,,
2233,,,,,,48,2022-01-20,,,,,,,,,,,,,,,,,,,,,,,,,,,,,,,,,,,,
2233,3988,1,,1,1,,,,,,Gasoline,10E201120,Vehicle Expenses,,,,4303,391,S,S,10A100020,Cash,1,Cash,Subaccount,4303,0,O,O,020,Tokyo Branch,Department,000,Common Department,Department,,,,,,,,
2234,,,,,,53,2022-01-20,,,,,,,,,,,,,,,,,,,,,,,,,,,,,,,,,,,,
2234,3989,1,,1,1,,,,,,Expressway toll,10E201120,Vehicle Expenses,,,,381,34,S,S,10A100020,Cash,1,Cash,Subaccount,2381,0,O,O,020,Tokyo Branch,Department,000,Common Department,Department,,,,,,,,
2234,3990,1,,,,,,,,,Expressway toll,10E201120,Vehicle Expenses,,,,1000,90,S,S,,,,,,,,,,020,Tokyo Branch,Department,,,,,,,,,,,
2234,3991,1,,,,,,,,,Expressway toll,10E201120,Vehicle Expenses,,,,1000,90,S,S,,,,,,,,,,020,Tokyo Branch,Department,,,,,,,,,,,
2235,,,,,,63,2022-01-20,,,,,,,,,,,,,,,,,,,,,,,,,,,,,,,,,,,,
2235,3992,1,,1,,,,,,,Tea expense,10E200140,Employee Welfare Expenses,,,,10100,918,S,S,10B100630,Accounts Payable Other,,,,10100,0,O,O,050,Kyushu Sales Office,Department,000,Common Department,Department,,,,,,,,
2236,,,,,,64,2022-01-20,,,,,,,,,,,,,,,,,,,,,,,,,,,,,,,,,,,,
2236,3993,1,,1,1,,,,,,Electricity expense,10E201040,Utilities Expenses,,,,168910,15355,S,S,10A100020,Ordinary Deposits,20,ABC Bank Head Office,Subaccount,176650,0,O,O,020,Tokyo Branch,Department,000,Common Department,Department,,,,,,,,
2236,3994,1,,,,,,,,,Water expense,10E201040,Utilities Expenses,,,,7740,703,S,S,,,,,,,,,,020,Tokyo Branch,Department,,,,,,,,,,,
2237,,,,,,70,2022-01-20,,,,,,,,,,,,,,,,,,,,,,,,,,,,,,,,,,,,
2237,3995,1,,1,,,,,,,Wired service fee,10E201270,Miscellaneous Expenses,,,,5000,454,S,S,10B100630,Accounts Payable Other,,,,5000,0,O,O,030,Nagoya Branch,Department,000,Common Department,Department,,,,,,,,
2238,,,,,,71,2022-01-20,,,,,,,,,,,,,,,,,,,,,,,,,,,,,,,,,,,,
2238,3996,1,,1,,,,,,,office supplies,10E201110,Office Supplies Expenses,,,,3509,319,S,S,10B100630,Accounts Payable Other,,,,38646,0,O,O,020,Tokyo Branch,Department,000,Common Department,Department,,,,,,,,
2238,3997,1,,,,,,,,,Copy counter charge,10E201110,Office Supplies Expenses,,,,35137,3194,S,S,,,,,,,,,,020,Tokyo Branch,Department,,,,,,,,,,,
2239,,,,,,72,2022-01-20,,,,,,,,,,,,,,,,,,,,,,,,,,,,,,,,,,,,
2239,3998,1,,1,,,,,,,Copy counter charge,10E201110,Office Supplies Expenses,,,,6300,572,S,S,10B100630,Accounts Payable Other,,,,6300,0,O,O,050,Kyushu Sales Office,Department,000,Common Department,Department,,,,,,,,
2240,,,,,,76,2022-01-20,,,,,,,,,,,,,,,,,,,,,,,,,,,,,,,,,,,,
2240,3999,1,,1,,,,,,,files and related supplies,10E200200,Supplies Expenses,,,,10147,922,S,S,10B100630,Accounts Payable Other,,,,275968,0,O,O,000,Common Department,Department,000,Common Department,Department,,,,,,,,
2240,4000,1,,,,,,,,,Drinking water,10E200200,Supplies Expenses,,,,222011,20182,S,S,,,,,,,,,,000,Common Department,Department,,,,,,,,,,,
2240,4001,1,,,,,,,,,Business card expense,10E200200,Supplies Expenses,,,,43810,3982,S,S,,,,,,,,,,000,Common Department,Department,,,,,,,,,,,
2241,,,,,,89,2022-01-20,,,,,,,,,,,,,,,,,,,,,,,,,,,,,,,,,,,,
2241,4002,1,,1,1,,,,,,Electricity expense,10E201040,Utilities Expenses,,,,89831,8166,S,S,10A100020,Ordinary Deposits,30,GHI Bank Nagoya Branch,Subaccount,98372,0,O,O,030,Nagoya Branch,Department,000,Common Department,Department,,,,,,,,
2241,4003,1,,,,,,,,,Water expense,10E201040,Utilities Expenses,,,,4038,367,S,S,,,,,,,,,,030,Nagoya Branch,Department,,,,,,,,,,,
2241,4004,1,,,,,,,,,Gas expense,10E201040,Utilities Expenses,,,,4503,409,S,S,,,,,,,,,,030,Nagoya Branch,Department,,,,,,,,,,,
2242,,,,,,97,2022-01-20,,,,,,,,,,,,,,,,,,,,,,,,,,,,,,,,,,,,
2242,4005,1,,1,,,,,,,Copying expense expense,10E201110,Office Supplies Expenses,,,,39887,3626,S,S,10B100630,Accounts Payable Other,,,,39887,0,O,O,030,Nagoya Branch,Department,000,Common Department,Department,,,,,,,,
2243,,,,,,98,2022-01-20,,,,,,,,,,,,,,,,,,,,,,,,,,,,,,,,,,,,
2243,4006,1,,1,,,,,,,office supplies,10E201110,Office Supplies Expenses,,,,7063,642,S,S,10B100630,Accounts Payable Other,,,,7063,0,O,O,030,Nagoya Branch,Department,000,Common Department,Department,,,,,,,,
2244,,,,,,101,2022-01-20,,,,,,,,,,,,,,,,,,,,,,,,,,,,,,,,,,,,
2244,4007,1,,1,,,,,,,Advertising fee,10E200050,Advertising Expenses,,,,52500,4772,S,S,10B100630,Accounts Payable Other,,,,52500,0,O,O,040,Osaka Branch,Department,000,Common Department,Department,,,,,,,,
2245,,,,,,102,2022-01-20,,,,,,,,,,,,,,,,,,,,,,,,,,,,,,,,,,,,
2245,4008,1,1,1,1,,,,,,Voucher No. 419 dated 1/20 Anonymized Partner 058,10A100020,Cash,1,Cash,Subaccount,1182012,0,O,O,10A100090,Accounts Receivable,11,Anonymized Partner 058,Subaccount,1182012,0,O,O,000,Common Department,Department,000,Common Department,Department,,,,,,,,
2246,,,,,,103,2022-01-20,,,,,,,,,,,,,,,,,,,,,,,,,,,,,,,,,,,,
2246,4009,1,1,1,1,,,,,,Voucher No. 420 dated 1/20 Anonymized Partner 014,10A100020,Ordinary Deposits,30,GHI Bank Nagoya Branch,Subaccount,1838948,0,O,O,10A100090,Accounts Receivable,21,Anonymized Partner 014,Subaccount,1838948,0,O,O,000,Common Department,Department,000,Common Department,Department,,,,,,,,
2246,4010,1,,1,1,,,,,,Voucher No. 420 dated 1/20 Anonymized Partner 014,10E200690,Service Fees,,,,472,42,S,S,10A100090,Accounts Receivable,21,Anonymized Partner 014,Subaccount,472,0,O,O,030,Nagoya Branch,Department,000,Common Department,Department,,,,,,,,
2247,,,,,,104,2022-01-20,,,,,,,,,,,,,,,,,,,,,,,,,,,,,,,,,,,,
2247,4011,1,1,1,1,,,,,,Voucher No. 421 dated 1/20 Anonymized Partner 052,10A100020,Ordinary Deposits,20,ABC Bank Head Office,Subaccount,2107200,0,O,O,10A100090,Accounts Receivable,30,Anonymized Partner 052,Subaccount,2107200,0,O,O,000,Common Department,Department,000,Common Department,Department,,,,,,,,
2247,4012,1,,1,1,,,,,,Voucher No. 421 dated 1/20 Anonymized Partner 052,10E200690,Service Fees,,,,735,66,S,S,10A100090,Accounts Receivable,30,Anonymized Partner 052,Subaccount,735,0,O,O,020,Tokyo Branch,Department,000,Common Department,Department,,,,,,,,
2248,,,,,,105,2022-01-20,,,,,,,,,,,,,,,,,,,,,,,,,,,,,,,,,,,,
2248,4013,1,1,1,1,,,,,,Voucher No. 321 dated 1/20 Anonymized Partner 047,10B100040,Accounts Payable,4,Anonymized Partner 047,Subaccount,1503036,0,O,O,10A100020,Checking Deposits,1,ABC Bank,Subaccount,1503036,0,O,O,000,Common Department,Department,000,Common Department,Department,,,,,,,,
2249,,,,,,106,2022-01-20,,,,,,,,,,,,,,,,,,,,,,,,,,,,,,,,,,,,
2249,4014,1,1,1,1,,,,,,Voucher No. 322 dated 1/20 Anonymized Partner 054,10B100040,Accounts Payable,6,Anonymized Partner 054,Subaccount,4043244,0,O,O,10A100020,Ordinary Deposits,20,ABC Bank Head Office,Subaccount,4043244,0,O,O,000,Common Department,Department,000,Common Department,Department,,,,,,,,
2250,,,,,,107,2022-01-20,,,,,,,,,,,,,,,,,,,,,,,,,,,,,,,,,,,,
2250,4015,1,1,1,,,,,,,Voucher No. 323 dated 1/20 Anonymized Partner 067,10B100040,Accounts Payable,11,Anonymized Partner 067,Subaccount,8378109,0,O,O,10B100030,Notes Payable,,,,8378109,0,O,O,000,Common Department,Department,000,Common Department,Department,,,,,,,,
2251,,,,,,118,2022-01-20,,,,,,,,,,,,,,,,,,,,,,,,,,,,,,,,,,,,
2251,4016,1,,1,,,,,,,Copying expense expense,10E201110,Office Supplies Expenses,,,,7980,725,S,S,10B100630,Accounts Payable Other,,,,7980,0,O,O,040,Osaka Branch,Department,000,Common Department,Department,,,,,,,,
2252,,,,,,119,2022-01-20,,,,,,,,,,,,,,,,,,,,,,,,,,,,,,,,,,,,
2252,4017,1,,1,,,,,,,office supplies,10E201110,Office Supplies Expenses,,,,3778,343,S,S,10B100630,Accounts Payable Other,,,,3778,0,O,O,040,Osaka Branch,Department,000,Common Department,Department,,,,,,,,
2253,,,,,,132,2022-01-20,,,,,,,,,,,,,,,,,,,,,,,,,,,,,,,,,,,,
2253,4018,1,,1,1,,,,,,Electricity expense,10E201040,Utilities Expenses,,,,106066,9642,S,S,10A100020,Ordinary Deposits,40,JKL Bank Umeda Branch,Subaccount,111948,0,O,O,040,Osaka Branch,Department,000,Common Department,Department,,,,,,,,
2253,4019,1,,,,,,,,,Water expense,10E201040,Utilities Expenses,,,,5882,534,S,S,,,,,,,,,,040,Osaka Branch,Department,,,,,,,,,,,
2254,,,,,,139,2022-01-20,,,,,,,,,,,,,,,,,,,,,,,,,,,,,,,,,,,,
2254,4020,1,1,1,,,,,,,Note discounted Anonymized Partner 072 | Note number=R20211210-101-28;Receipt amount corrected to settlement amount,10A100020,Checking Deposits,1,ABC Bank,Subaccount,5950364,0,O,O,10A100060,Notes Receivable,,,,6004022,0,O,O,000,Common Department,Department,000,Common Department,Department,,,,,,,,
2254,4021,1,,,,,,,,,Note discount fee | Note number=R20211210-101-28,10E300020,Interest Expense,,,,53658,0,E,E,,,,,,,,,,020,Tokyo Branch,Department,,,,,,,,,,,
2255,,,,,,144,2022-01-20,,,,,,,,,,,,,,,,,,,,,,,,,,,,,,,,,,,,
2255,4022,1,,1,1,,,,,,Gasoline,10E201120,Vehicle Expenses,,,,4351,395,S,S,10A100020,Cash,1,Cash,Subaccount,11818,0,O,O,040,Osaka Branch,Department,000,Common Department,Department,,,,,,,,
2255,4023,1,,,,,,,,,Gasoline,10E201120,Vehicle Expenses,,,,7162,651,S,S,,,,,,,,,,040,Osaka Branch,Department,,,,,,,,,,,
2255,4024,1,,,,,,,,,Gasoline,10E201120,Vehicle Expenses,,,,305,27,S,S,,,,,,,,,,040,Osaka Branch,Department,,,,,,,,,,,
2256,,,,,,169,2022-01-20,,,,,,,,,,,,,,,,,,,,,,,,,,,,,,,,,,,,
2256,4025,1,,1,1,,,,,,Electricity expense,10E201040,Utilities Expenses,,,,94520,8592,S,S,10A100020,Ordinary Deposits,50,MNO Bank Kitakyushu Branch,Subaccount,100601,0,O,O,050,Kyushu Sales Office,Department,000,Common Department,Department,,,,,,,,
2256,4026,1,,,,,,,,,Water expense,10E201040,Utilities Expenses,,,,6081,552,S,S,,,,,,,,,,050,Kyushu Sales Office,Department,,,,,,,,,,,
2257,,,,,,8,2022-01-21,,,,,,,,,,,,,,,,,,,,,,,,,,,,,,,,,,,,
2257,4027,1,,1,1,,,,,,Regular meeting fee,10E200150,Entertainment Expenses,,,,20000,1818,S,S,10A100020,Cash,1,Cash,Subaccount,20000,0,O,O,010,Sapporo Sales Office,Department,000,Common Department,Department,,,,,,,,
2258,,,,,,25,2022-01-21,,,,,,,,,,,,,,,,,,,,,,,,,,,,,,,,,,,,
2258,4028,1,,1,1,,,,,,Travel expense,10E201230,Travel and Transportation Expenses,,,,56000,5090,S,S,10A100020,Cash,1,Cash,Subaccount,56000,0,O,O,010,Sapporo Sales Office,Department,000,Common Department,Department,,,,,,,,
2259,,,,,,69,2022-01-21,,,,,,,,,,,,,,,,,,,,,,,,,,,,,,,,,,,,
2259,4029,1,,1,1,,,,,,Tea expense and others,10E201270,Miscellaneous Expenses,,,,2388,217,S,S,10A100020,Cash,1,Cash,Subaccount,2388,0,O,O,010,Sapporo Sales Office,Department,000,Common Department,Department,,,,,,,,
2260,,,,,,82,2022-01-21,,,,,,,,,,,,,,,,,,,,,,,,,,,,,,,,,,,,
2260,4030,1,,1,,,,,,,Gasoline,10E201120,Vehicle Expenses,,,,21324,1938,S,S,10B100630,Accounts Payable Other,,,,21324,0,O,O,030,Nagoya Branch,Department,000,Common Department,Department,,,,,,,,
2261,,,,,,126,2022-01-21,,,,,,,,,,,,,,,,,,,,,,,,,,,,,,,,,,,,
2261,4031,1,,1,1,,,,,,Revenue stamp,10E200210,Taxes and Dues,,,,2000,0,O,O,10A100020,Cash,1,Cash,Subaccount,2000,0,O,O,020,Tokyo Branch,Department,000,Common Department,Department,,,,,,,,
2262,,,,,,160,2022-01-21,,,,,,,,,,,,,,,,,,,,,,,,,,,,,,,,,,,,
2262,4032,1,,1,1,,,,,,Business travel expense,10E201230,Travel and Transportation Expenses,,,,70000,6363,S,S,10A100020,Cash,1,Cash,Subaccount,70000,0,O,O,020,Tokyo Branch,Department,000,Common Department,Department,,,,,,,,
2263,,,,,,163,2022-01-21,,,,,,,,,,,,,,,,,,,,,,,,,,,,,,,,,,,,
2263,4033,1,,1,1,,,,,,Membership fee,10E201140,Membership Fees,,,,18000,0,O,O,10A100020,Cash,1,Cash,Subaccount,18000,0,O,O,050,Kyushu Sales Office,Department,000,Common Department,Department,,,,,,,,
2264,,,,,,3,2022-01-22,,,,,,,,,,,,,,,,,,,,,,,,,,,,,,,,,,,,
2264,4034,1,,1,,,,,,,Lodging expense,10E200140,Employee Welfare Expenses,,,,25450,2313,S,S,10B100630,Accounts Payable Other,,,,25450,0,O,O,010,Sapporo Sales Office,Department,000,Common Department,Department,,,,,,,,
2265,,,,,,90,2022-01-22,,,,,,,,,,,,,,,,,,,,,,,,,,,,,,,,,,,,
2265,4035,1,,1,1,,,,,,Anonymized Cleaning Company A expense,10E201270,Miscellaneous Expenses,,,,10500,954,S,S,10A100020,Cash,1,Cash,Subaccount,10500,0,O,O,030,Nagoya Branch,Department,000,Common Department,Department,,,,,,,,
2266,,,,,,95,2022-01-22,,,,,,,,,,,,,,,,,,,,,,,,,,,,,,,,,,,,
2266,4036,1,,1,,,,,,,Cleaning fee,10E201270,Miscellaneous Expenses,,,,71675,6515,S,S,10B100630,Accounts Payable Other,,,,71675,0,O,O,030,Nagoya Branch,Department,000,Common Department,Department,,,,,,,,
2267,,,,,,138,2022-01-22,,,,,,,,,,,,,,,,,,,,,,,,,,,,,,,,,,,,
2267,4037,1,,1,1,,,,,,Parking fee,10E201120,Vehicle Expenses,,,,4430,402,S,S,10A100020,Cash,1,Cash,Subaccount,31140,0,O,O,040,Osaka Branch,Department,000,Common Department,Department,,,,,,,,
2267,4038,1,,,,,,,,,Expressway toll,10E201120,Vehicle Expenses,,,,8115,737,S,S,,,,,,,,,,040,Osaka Branch,Department,,,,,,,,,,,
2267,4039,1,,,,,,,,,Expressway toll,10E201120,Vehicle Expenses,,,,1166,106,S,S,,,,,,,,,,040,Osaka Branch,Department,,,,,,,,,,,
2267,4040,1,,,,,,,,,Expressway toll,10E201120,Vehicle Expenses,,,,6230,566,S,S,,,,,,,,,,040,Osaka Branch,Department,,,,,,,,,,,
2267,4041,1,,,,,,,,,Expressway toll,10E201120,Vehicle Expenses,,,,2140,194,S,S,,,,,,,,,,040,Osaka Branch,Department,,,,,,,,,,,
2267,4042,1,,,,,,,,,Gasoline,10E201120,Vehicle Expenses,,,,9059,823,S,S,,,,,,,,,,040,Osaka Branch,Department,,,,,,,,,,,
2268,,,,,,161,2022-01-22,,,,,,,,,,,,,,,,,,,,,,,,,,,,,,,,,,,,
2268,4043,1,,1,1,,,,,,Travel expense,10E201230,Travel and Transportation Expenses,,,,7260,660,S,S,10A100020,Cash,1,Cash,Subaccount,7260,0,O,O,050,Kyushu Sales Office,Department,000,Common Department,Department,,,,,,,,
2269,,,,,,166,2022-01-22,,,,,,,,,,,,,,,,,,,,,,,,,,,,,,,,,,,,
2269,4044,1,,1,1,,,,,,Anonymized Cleaning Company A expense,10E201270,Miscellaneous Expenses,,,,1890,171,S,S,10A100020,Cash,1,Cash,Subaccount,1890,0,O,O,050,Kyushu Sales Office,Department,000,Common Department,Department,,,,,,,,
2270,,,,,,26,2022-01-23,,,,,,,,,,,,,,,,,,,,,,,,,,,,,,,,,,,,
2270,4045,1,,1,1,,,,,,Travel expense,10E201230,Travel and Transportation Expenses,,,,11000,1000,S,S,10A100020,Cash,1,Cash,Subaccount,11000,0,O,O,010,Sapporo Sales Office,Department,000,Common Department,Department,,,,,,,,
2271,,,,,,28,2022-01-23,,,,,,,,,,,,,,,,,,,,,,,,,,,,,,,,,,,,
2271,4046,1,,1,,,,,,,taxi expense,10E201230,Travel and Transportation Expenses,,,,2420,220,S,S,10B100630,Accounts Payable Other,,,,2420,0,O,O,010,Sapporo Sales Office,Department,000,Common Department,Department,,,,,,,,
2272,,,,,,54,2022-01-23,,,,,,,,,,,,,,,,,,,,,,,,,,,,,,,,,,,,
2272,4047,1,,1,1,,,,,,Expressway toll,10E201120,Vehicle Expenses,,,,1810,164,S,S,10A100020,Cash,1,Cash,Subaccount,4382,0,O,O,020,Tokyo Branch,Department,000,Common Department,Department,,,,,,,,
2272,4048,1,,,,,,,,,Expressway toll,10E201120,Vehicle Expenses,,,,2572,233,S,S,,,,,,,,,,020,Tokyo Branch,Department,,,,,,,,,,,
2273,,,,,,140,2022-01-23,,,,,,,,,,,,,,,,,,,,,,,,,,,,,,,,,,,,
2273,4049,1,,1,1,,,,,,Travel expense,10E201230,Travel and Transportation Expenses,,,,4970,451,S,S,10A100020,Cash,1,Cash,Subaccount,4970,0,O,O,040,Osaka Branch,Department,000,Common Department,Department,,,,,,,,
2274,,,,,,158,2022-01-23,,,,,,,,,,,,,,,,,,,,,,,,,,,,,,,,,,,,
2274,4050,1,,1,1,,,,,,Business travel expense,10E201230,Travel and Transportation Expenses,,,,9500,863,S,S,10A100020,Cash,1,Cash,Subaccount,9500,0,O,O,040,Osaka Branch,Department,000,Common Department,Department,,,,,,,,
2275,,,,,,108,2022-01-24,,,,,,,,,,,,,,,,,,,,,,,,,,,,,,,,,,,,
2275,4051,1,,1,1,,,,,,Cof fee expense 2 people,10E200150,Entertainment Expenses,,,,1360,123,S,S,10A100020,Cash,1,Cash,Subaccount,1360,0,O,O,040,Osaka Branch,Department,000,Common Department,Department,,,,,,,,
2276,,,,,,114,2022-01-24,,,,,,,,,,,,,,,,,,,,,,,,,,,,,,,,,,,,
2276,4052,1,,1,1,,,,,,Newspaper expense,10E201160,Books and Publications,,,,2540,230,S,S,10A100020,Cash,1,Cash,Subaccount,5404,0,O,O,040,Osaka Branch,Department,000,Common Department,Department,,,,,,,,
2276,4053,1,,,,,,,,,Newspaper expense,10E201160,Books and Publications,,,,2864,260,S,S,,,,,,,,,,040,Osaka Branch,Department,,,,,,,,,,,
2277,,,,,,120,2022-01-24,,,,,,,,,,,,,,,,,,,,,,,,,,,,,,,,,,,,
2277,4054,1,,1,,,,,,,Outsourcing fee,10E200020,Sales Commissions,,,,651000,59181,S,S,10B100630,Accounts Payable Other,,,,651000,0,O,O,040,Osaka Branch,Department,000,Common Department,Department,,,,,,,,
2278,,,,,,137,2022-01-24,,,,,,,,,,,,,,,,,,,,,,,,,,,,,,,,,,,,
2278,4055,1,,1,,,,,,,Wired service fee,10E201270,Miscellaneous Expenses,,,,6000,545,S,S,10B100630,Accounts Payable Other,,,,48858,0,O,O,040,Osaka Branch,Department,000,Common Department,Department,,,,,,,,
2278,4056,1,,,,,,,,,Security fee,10E201270,Miscellaneous Expenses,,,,42858,3896,S,S,,,,,,,,,,040,Osaka Branch,Department,,,,,,,,,,,
2278,4057,1,,1,1,,,,,,Expressway toll,10E201120,Vehicle Expenses,,,,23547,2140,S,S,10A100020,Ordinary Deposits,40,JKL Bank Umeda Branch,Subaccount,23547,0,O,O,040,Osaka Branch,Department,000,Common Department,Department,,,,,,,,
2278,4058,1,,1,,,,,,,Cleaning fee,10E201270,Miscellaneous Expenses,,,,65540,5958,S,S,10B100630,Accounts Payable Other,,,,65540,0,O,O,040,Osaka Branch,Department,000,Common Department,Department,,,,,,,,
2278,4059,1,,1,1,,,,,,Gasoline,10E201120,Vehicle Expenses,,,,13211,1201,S,S,10A100020,Cash,1,Cash,Subaccount,13211,0,O,O,040,Osaka Branch,Department,000,Common Department,Department,,,,,,,,
2279,,,,,,146,2022-01-24,,,,,,,,,,,,,,,,,,,,,,,,,,,,,,,,,,,,
2279,4060,1,,1,,,,,,,Outsourcing fee,10E200020,Sales Commissions,,,,168000,15272,S,S,10B100630,Accounts Payable Other,,,,168000,0,O,O,050,Kyushu Sales Office,Department,000,Common Department,Department,,,,,,,,
2280,,,,,,155,2022-01-24,,,,,,,,,,,,,,,,,,,,,,,,,,,,,,,,,,,,
2280,4061,1,,1,1,,,,,,Gasoline,10E201120,Vehicle Expenses,,,,7099,645,S,S,10A100020,Cash,1,Cash,Subaccount,7099,0,O,O,050,Kyushu Sales Office,Department,000,Common Department,Department,,,,,,,,
2281,,,,,,62,2022-01-25,,,,,,,,,,,,,,,,,,,,,,,,,,,,,,,,,,,,
2281,4062,1,,1,1,,,,,,Mobile phone expense,10E200180,Communication Expenses,,,,79525,7229,S,S,10A100020,Ordinary Deposits,20,ABC Bank Head Office,Subaccount,79525,0,O,O,020,Tokyo Branch,Department,000,Common Department,Department,,,,,,,,
2282,,,,,,72,2022-01-25,,,,,,,,,,,,,,,,,,,,,,,,,,,,,,,,,,,,
2282,4063,1,,1,1,,,,,,Newspaper expense,10E201160,Books and Publications,,,,2864,260,S,S,10A100020,Cash,1,Cash,Subaccount,9078,0,O,O,020,Tokyo Branch,Department,000,Common Department,Department,,,,,,,,
2282,4064,1,,,,,,,,,Newspaper expense,10E201160,Books and Publications,,,,2815,255,S,S,,,,,,,,,,020,Tokyo Branch,Department,,,,,,,,,,,
2282,4065,1,,,,,,,,,Newspaper expense,10E201160,Books and Publications,,,,3399,309,S,S,,,,,,,,,,020,Tokyo Branch,Department,,,,,,,,,,,
2283,,,,,,85,2022-01-25,,,,,,,,,,,,,,,,,,,,,,,,,,,,,,,,,,,,
2283,4066,1,,1,1,,,,,,Month 1 Payroll Other 0001 Executive,10E200090,Directors' Compensation,,,,1720000,0,O,O,10A100020,Ordinary Deposits,20,ABC Bank Head Office,Subaccount,1124255,0,O,O,020,Tokyo Branch,Department,000,Common Department,Department,,,,,,,,
2283,4067,,,1,1,,,,,,Month 1 Payroll Other 0001 Executive,,,,,,,,,,10B100690,Deposits Received,1,Insurance Expenses,Subaccount,120411,0,O,O,,,,000,Common Department,Department,,,,,,,,
2283,4068,,,1,1,,,,,,Month 1 Payroll Other 0001 Executive,,,,,,,,,,10B100690,Deposits Received,2,Resident Tax,Subaccount,171200,0,O,O,,,,000,Common Department,Department,,,,,,,,
2283,4069,,,1,1,,,,,,Month 1 Payroll Other 0001 Executive,,,,,,,,,,10B100690,Deposits Received,3,Withholding Tax,Subaccount,164442,0,O,O,,,,000,Common Department,Department,,,,,,,,
2283,4070,,,1,1,,,,,,Month 1 Payroll Other 0001 Executive,,,,,,,,,,10B100690,Deposits Received,4,Savings and Insurance,Subaccount,133972,0,O,O,,,,000,Common Department,Department,,,,,,,,
2283,4071,,,1,1,,,,,,Month 1 Payroll Other 0001 Executive,,,,,,,,,,10B100690,Deposits Received,9,Other,Subaccount,5720,0,O,O,,,,000,Common Department,Department,,,,,,,,
2283,4072,1,,1,1,,,,,,Month 1 Payroll Other 0020 Sales Department,10E200370,Salaries and Allowances,,,,1820930,0,O,O,10A100020,Ordinary Deposits,20,ABC Bank Head Office,Subaccount,1349186,0,O,O,020,Tokyo Branch,Department,000,Common Department,Department,,,,,,,,
2283,4073,,,1,1,,,,,,Month 1 Payroll Other 0020 Sales Department,,,,,,,,,,10B100690,Deposits Received,1,Insurance Expenses,Subaccount,236045,0,O,O,,,,000,Common Department,Department,,,,,,,,
2283,4074,,,1,1,,,,,,Month 1 Payroll Other 0020 Sales Department,,,,,,,,,,10B100690,Deposits Received,2,Resident Tax,Subaccount,104300,0,O,O,,,,000,Common Department,Department,,,,,,,,
2283,4075,,,1,1,,,,,,Month 1 Payroll Other 0020 Sales Department,,,,,,,,,,10B100690,Deposits Received,3,Withholding Tax,Subaccount,28970,0,O,O,,,,000,Common Department,Department,,,,,,,,
2283,4076,,,1,1,,,,,,Month 1 Payroll Other 0020 Sales Department,,,,,,,,,,10B100690,Deposits Received,4,Savings and Insurance,Subaccount,43305,0,O,O,,,,000,Common Department,Department,,,,,,,,
2283,4077,,,1,1,,,,,,Month 1 Payroll Other 0020 Sales Department,,,,,,,,,,10B100690,Deposits Received,9,Other,Subaccount,59124,0,O,O,,,,000,Common Department,Department,,,,,,,,
2283,4078,1,,1,1,,,,,,Month 1 Payroll Other 1000 Sapporo Sales Office,10E200370,Salaries and Allowances,,,,790713,0,O,O,10A100020,Ordinary Deposits,20,ABC Bank Head Office,Subaccount,543137,0,O,O,010,Sapporo Sales Office,Department,000,Common Department,Department,,,,,,,,
2283,4079,,,1,1,,,,,,Month 1 Payroll Other 1000 Sapporo Sales Office,,,,,,,,,,10B100690,Deposits Received,1,Insurance Expenses,Subaccount,103424,0,O,O,,,,000,Common Department,Department,,,,,,,,
2283,4080,,,1,1,,,,,,Month 1 Payroll Other 1000 Sapporo Sales Office,,,,,,,,,,10B100690,Deposits Received,2,Resident Tax,Subaccount,46300,0,O,O,,,,000,Common Department,Department,,,,,,,,
2283,4081,,,1,1,,,,,,Month 1 Payroll Other 1000 Sapporo Sales Office,,,,,,,,,,10B100690,Deposits Received,3,Withholding Tax,Subaccount,11060,0,O,O,,,,000,Common Department,Department,,,,,,,,
2283,4082,,,1,1,,,,,,Month 1 Payroll Other 1000 Sapporo Sales Office,,,,,,,,,,10B100690,Deposits Received,4,Savings and Insurance,Subaccount,50648,0,O,O,,,,000,Common Department,Department,,,,,,,,
2283,4083,,,1,1,,,,,,Month 1 Payroll Other 1000 Sapporo Sales Office,,,,,,,,,,10B100690,Deposits Received,9,Other,Subaccount,36144,0,O,O,,,,000,Common Department,Department,,,,,,,,
2283,4084,1,,1,1,,,,,,Month 1 Payroll Other 3000 Nagoya Sales Office,10E200370,Salaries and Allowances,,,,735510,0,O,O,10A100020,Ordinary Deposits,20,ABC Bank Head Office,Subaccount,514007,0,O,O,030,Nagoya Branch,Department,000,Common Department,Department,,,,,,,,
2283,4085,,,1,1,,,,,,Month 1 Payroll Other 3000 Nagoya Sales Office,,,,,,,,,,10B100690,Deposits Received,1,Insurance Expenses,Subaccount,96352,0,O,O,,,,000,Common Department,Department,,,,,,,,
2283,4086,,,1,1,,,,,,Month 1 Payroll Other 3000 Nagoya Sales Office,,,,,,,,,,10B100690,Deposits Received,2,Resident Tax,Subaccount,42600,0,O,O,,,,000,Common Department,Department,,,,,,,,
2283,4087,,,1,1,,,,,,Month 1 Payroll Other 3000 Nagoya Sales Office,,,,,,,,,,10B100690,Deposits Received,3,Withholding Tax,Subaccount,6380,0,O,O,,,,000,Common Department,Department,,,,,,,,
2283,4088,,,1,1,,,,,,Month 1 Payroll Other 3000 Nagoya Sales Office,,,,,,,,,,10B100690,Deposits Received,4,Savings and Insurance,Subaccount,40759,0,O,O,,,,000,Common Department,Department,,,,,,,,
2283,4089,,,1,1,,,,,,Month 1 Payroll Other 3000 Nagoya Sales Office,,,,,,,,,,10B100690,Deposits Received,9,Other,Subaccount,35412,0,O,O,,,,000,Common Department,Department,,,,,,,,
2283,4090,1,,1,1,,,,,,Month 1 Payroll Other 4000 Osaka Branch,10E200370,Salaries and Allowances,,,,917200,0,O,O,10A100020,Ordinary Deposits,20,ABC Bank Head Office,Subaccount,698220,0,O,O,040,Osaka Branch,Department,000,Common Department,Department,,,,,,,,
2283,4091,,,1,1,,,,,,Month 1 Payroll Other 4000 Osaka Branch,,,,,,,,,,10B100690,Deposits Received,1,Insurance Expenses,Subaccount,119477,0,O,O,,,,000,Common Department,Department,,,,,,,,
2283,4092,,,1,1,,,,,,Month 1 Payroll Other 4000 Osaka Branch,,,,,,,,,,10B100690,Deposits Received,2,Resident Tax,Subaccount,53400,0,O,O,,,,000,Common Department,Department,,,,,,,,
2283,4093,,,1,1,,,,,,Month 1 Payroll Other 4000 Osaka Branch,,,,,,,,,,10B100690,Deposits Received,3,Withholding Tax,Subaccount,14030,0,O,O,,,,000,Common Department,Department,,,,,,,,
2283,4094,,,1,1,,,,,,Month 1 Payroll Other 4000 Osaka Branch,,,,,,,,,,10B100690,Deposits Received,4,Savings and Insurance,Subaccount,13570,0,O,O,,,,000,Common Department,Department,,,,,,,,
2283,4095,,,1,1,,,,,,Month 1 Payroll Other 4000 Osaka Branch,,,,,,,,,,10B100690,Deposits Received,9,Other,Subaccount,18503,0,O,O,,,,000,Common Department,Department,,,,,,,,
2283,4096,1,,1,1,,,,,,Month 1 Payroll Other 5000 Kyushu Sales Office,10E200370,Salaries and Allowances,,,,549500,0,O,O,10A100020,Ordinary Deposits,20,ABC Bank Head Office,Subaccount,412755,0,O,O,050,Kyushu Sales Office,Department,000,Common Department,Department,,,,,,,,
2283,4097,,,1,1,,,,,,Month 1 Payroll Other 5000 Kyushu Sales Office,,,,,,,,,,10B100690,Deposits Received,1,Insurance Expenses,Subaccount,67268,0,O,O,,,,000,Common Department,Department,,,,,,,,
2283,4098,,,1,1,,,,,,Month 1 Payroll Other 5000 Kyushu Sales Office,,,,,,,,,,10B100690,Deposits Received,2,Resident Tax,Subaccount,31700,0,O,O,,,,000,Common Department,Department,,,,,,,,
2283,4099,,,1,1,,,,,,Month 1 Payroll Other 5000 Kyushu Sales Office,,,,,,,,,,10B100690,Deposits Received,3,Withholding Tax,Subaccount,6740,0,O,O,,,,000,Common Department,Department,,,,,,,,
2283,4100,,,1,1,,,,,,Month 1 Payroll Other 5000 Kyushu Sales Office,,,,,,,,,,10B100690,Deposits Received,4,Savings and Insurance,Subaccount,18540,0,O,O,,,,000,Common Department,Department,,,,,,,,
2283,4101,,,1,1,,,,,,Month 1 Payroll Other 5000 Kyushu Sales Office,,,,,,,,,,10B100690,Deposits Received,9,Other,Subaccount,12497,0,O,O,,,,000,Common Department,Department,,,,,,,,
2284,,,,,,88,2022-01-25,,,,,,,,,,,,,,,,,,,,,,,,,,,,,,,,,,,,
2284,4102,1,,1,1,,,,,,Newspaper expense,10E201160,Books and Publications,,,,3568,324,S,S,10A100020,Cash,1,Cash,Subaccount,3568,0,O,O,030,Nagoya Branch,Department,000,Common Department,Department,,,,,,,,
2285,,,,,,108,2022-01-25,,,,,,,,,,,,,,,,,,,,,,,,,,,,,,,,,,,,
2285,4103,1,,1,1,,,,,,Voucher No. 422 dated 1/25 Anonymized Partner 057 | Sales voucher=20211231-122;Note number=R20220125-108-2,10A100060,Notes Receivable,,,,20467436,0,O,O,10A100090,Accounts Receivable,2,Anonymized Partner 057,Subaccount,20467436,0,O,O,000,Common Department,Department,000,Common Department,Department,,,,,,,,
2286,,,,,,109,2022-01-25,,,,,,,,,,,,,,,,,,,,,,,,,,,,,,,,,,,,
2286,4104,1,1,1,1,,,,,,Voucher No. 423 dated 1/25 Anonymized Partner 042,10A100020,Ordinary Deposits,30,GHI Bank Nagoya Branch,Subaccount,1477424,0,O,O,10A100090,Accounts Receivable,7,Anonymized Partner 042,Subaccount,1477424,0,O,O,000,Common Department,Department,000,Common Department,Department,,,,,,,,
2286,4105,1,,1,1,,,,,,Voucher No. 423 dated 1/25 Anonymized Partner 042,10E200690,Service Fees,,,,735,66,S,S,10A100090,Accounts Receivable,7,Anonymized Partner 042,Subaccount,735,0,O,O,030,Nagoya Branch,Department,000,Common Department,Department,,,,,,,,
2287,,,,,,110,2022-01-25,,,,,,,,,,,,,,,,,,,,,,,,,,,,,,,,,,,,
2287,4106,1,1,1,1,,,,,,Voucher No. 424 dated 1/25 Anonymized Partner 056,10A100020,Ordinary Deposits,40,JKL Bank Umeda Branch,Subaccount,1419734,0,O,O,10A100090,Accounts Receivable,23,Anonymized Partner 056,Subaccount,1419734,0,O,O,000,Common Department,Department,000,Common Department,Department,,,,,,,,
2287,4107,1,,1,1,,,,,,Voucher No. 424 dated 1/25 Anonymized Partner 056,10E200690,Service Fees,,,,630,57,S,S,10A100090,Accounts Receivable,23,Anonymized Partner 056,Subaccount,630,0,O,O,040,Osaka Branch,Department,000,Common Department,Department,,,,,,,,
2288,,,,,,111,2022-01-25,,,,,,,,,,,,,,,,,,,,,,,,,,,,,,,,,,,,
2288,4108,1,,1,,,,,,,taxi expense,10E201230,Travel and Transportation Expenses,,,,13570,1233,S,S,10B100630,Accounts Payable Other,,,,13570,0,O,O,040,Osaka Branch,Department,000,Common Department,Department,,,,,,,,
2288,4109,1,1,1,1,,,,,,Voucher No. 425 dated 1/25 Anonymized Partner 033,10A100020,Ordinary Deposits,10,DEF Bank Station Branch,Subaccount,6206778,0,O,O,10A100090,Accounts Receivable,25,Anonymized Partner 033,Subaccount,6206778,0,O,O,000,Common Department,Department,000,Common Department,Department,,,,,,,,
2288,4110,1,,1,1,,,,,,Voucher No. 425 dated 1/25 Anonymized Partner 033,10E200690,Service Fees,,,,840,76,S,S,10A100090,Accounts Receivable,25,Anonymized Partner 033,Subaccount,840,0,O,O,010,Sapporo Sales Office,Department,000,Common Department,Department,,,,,,,,
2289,,,,,,131,2022-01-25,,,,,,,,,,,,,,,,,,,,,,,,,,,,,,,,,,,,
2289,4111,1,,1,1,,,,,,Membership fee,10E201140,Membership Fees,,,,24000,0,O,O,10A100020,Ordinary Deposits,40,JKL Bank Umeda Branch,Subaccount,24000,0,O,O,040,Osaka Branch,Department,000,Common Department,Department,,,,,,,,
2290,,,,,,171,2022-01-25,,,,,,,,,,,,,,,,,,,,,,,,,,,,,,,,,,,,
2290,4112,1,,1,1,,,,,,Mobile phone expense,10E200180,Communication Expenses,,,,93574,8506,S,S,10A100020,Ordinary Deposits,50,MNO Bank Kitakyushu Branch,Subaccount,93574,0,O,O,050,Kyushu Sales Office,Department,000,Common Department,Department,,,,,,,,
2291,,,,,,172,2022-01-25,,,,,,,,,,,,,,,,,,,,,,,,,,,,,,,,,,,,
2291,4113,1,,1,,,,,,,Outsourcing fee payment,10E200020,Sales Commissions,,,,144000,13090,S,S,10B100630,Accounts Payable Other,,,,144000,0,O,O,010,Sapporo Sales Office,Department,000,Common Department,Department,,,,,,,,
2292,,,,,,29,2022-01-26,,,,,,,,,,,,,,,,,,,,,,,,,,,,,,,,,,,,
2292,4114,1,,1,1,,,,,,Mobile phone expense,10E200180,Communication Expenses,,,,77698,7063,S,S,10A100020,Ordinary Deposits,10,DEF Bank Station Branch,Subaccount,77698,0,O,O,010,Sapporo Sales Office,Department,000,Common Department,Department,,,,,,,,
2293,,,,,,37,2022-01-26,,,,,,,,,,,,,,,,,,,,,,,,,,,,,,,,,,,,
2293,4115,1,,1,,,,,,,Outsourcing fee,10E200020,Sales Commissions,,,,1357900,123445,S,S,10B100630,Accounts Payable Other,,,,1357900,0,O,O,020,Tokyo Branch,Department,000,Common Department,Department,,,,,,,,
2294,,,,,,59,2022-01-26,,,,,,,,,,,,,,,,,,,,,,,,,,,,,,,,,,,,
2294,4116,1,,1,1,,,,,,Travel expense,10E201230,Travel and Transportation Expenses,,,,42000,3818,S,S,10A100020,Cash,1,Cash,Subaccount,42000,0,O,O,020,Tokyo Branch,Department,000,Common Department,Department,,,,,,,,
2295,,,,,,78,2022-01-26,,,,,,,,,,,,,,,,,,,,,,,,,,,,,,,,,,,,
2295,4117,1,,1,,,,,,,Outsourcing fee payment,10E200020,Sales Commissions,,,,189000,17181,S,S,10B100630,Accounts Payable Other,,,,189000,0,O,O,030,Nagoya Branch,Department,000,Common Department,Department,,,,,,,,
2296,,,,,,87,2022-01-26,,,,,,,,,,,,,,,,,,,,,,,,,,,,,,,,,,,,
2296,4118,1,,1,1,,,,,,Mobile phone expense,10E200180,Communication Expenses,,,,57592,5235,S,S,10A100020,Ordinary Deposits,30,GHI Bank Nagoya Branch,Subaccount,57592,0,O,O,030,Nagoya Branch,Department,000,Common Department,Department,,,,,,,,
2297,,,,,,107,2022-01-26,,,,,,,,,,,,,,,,,,,,,,,,,,,,,,,,,,,,
2297,4119,1,,1,1,,,,,,Childbirth gift,10E200150,Entertainment Expenses,,,,10000,909,S,S,10A100020,Cash,1,Cash,Subaccount,10000,0,O,O,040,Osaka Branch,Department,000,Common Department,Department,,,,,,,,
2298,,,,,,113,2022-01-26,,,,,,,,,,,,,,,,,,,,,,,,,,,,,,,,,,,,
2298,4120,1,,1,1,,,,,,Mobile phone expense,10E200180,Communication Expenses,,,,100364,9124,S,S,10A100020,Ordinary Deposits,40,JKL Bank Umeda Branch,Subaccount,100364,0,O,O,040,Osaka Branch,Department,000,Common Department,Department,,,,,,,,
2299,,,,,,14,2022-01-27,,,,,,,,,,,,,,,,,,,,,,,,,,,,,,,,,,,,
2299,4121,1,,1,1,,,,,,Gasoline,10E201120,Vehicle Expenses,,,,3000,272,S,S,10A100020,Cash,1,Cash,Subaccount,3000,0,O,O,010,Sapporo Sales Office,Department,000,Common Department,Department,,,,,,,,
2300,,,,,,30,2022-01-27,,,,,,,,,,,,,,,,,,,,,,,,,,,,,,,,,,,,
2300,4122,1,,1,1,,,,,,Insurance Premium payment,10E200240,Insurance Expenses,,,,54320,0,E,E,10A100020,Ordinary Deposits,10,DEF Bank Station Branch,Subaccount,54320,0,O,O,010,Sapporo Sales Office,Department,000,Common Department,Department,,,,,,,,
2301,,,,,,38,2022-01-27,,,,,,,,,,,,,,,,,,,,,,,,,,,,,,,,,,,,
2301,4123,1,,1,,,,,,,Lodging expense,10E200140,Employee Welfare Expenses,,,,48164,4378,S,S,10B100630,Accounts Payable Other,,,,48164,0,O,O,020,Tokyo Branch,Department,000,Common Department,Department,,,,,,,,
2302,,,,,,39,2022-01-27,,,,,,,,,,,,,,,,,,,,,,,,,,,,,,,,,,,,
2302,4124,1,,1,1,,,,,,Membership fee,10E200140,Employee Welfare Expenses,,,,9000,818,S,S,10A100020,Cash,1,Cash,Subaccount,9000,0,O,O,020,Tokyo Branch,Department,000,Common Department,Department,,,,,,,,
2303,,,,,,121,2022-01-27,,,,,,,,,,,,,,,,,,,,,,,,,,,,,,,,,,,,
2303,4125,1,,1,1,,,,,,Tea expense,10E200140,Employee Welfare Expenses,,,,11100,1009,S,S,10A100020,Cash,1,Cash,Subaccount,11100,0,O,O,040,Osaka Branch,Department,000,Common Department,Department,,,,,,,,
2304,,,,,,170,2022-01-27,,,,,,,,,,,,,,,,,,,,,,,,,,,,,,,,,,,,
2304,4126,1,,1,1,,,,,,Newspaper expense,10E201160,Books and Publications,,,,3007,273,S,S,10A100020,Cash,1,Cash,Subaccount,3007,0,O,O,050,Kyushu Sales Office,Department,000,Common Department,Department,,,,,,,,
2305,,,,,,13,2022-01-28,,,,,,,,,,,,,,,,,,,,,,,,,,,,,,,,,,,,
2305,4127,1,,1,1,,,,,,tire replacement expense,10E201120,Vehicle Expenses,,,,2520,229,S,S,10A100020,Cash,1,Cash,Subaccount,2520,0,O,O,010,Sapporo Sales Office,Department,000,Common Department,Department,,,,,,,,
2306,,,,,,27,2022-01-28,,,,,,,,,,,,,,,,,,,,,,,,,,,,,,,,,,,,
2306,4128,1,,1,1,,,,,,Travel expense,10E201230,Travel and Transportation Expenses,,,,26667,2424,S,S,10A100020,Cash,1,Cash,Subaccount,77620,0,O,O,010,Sapporo Sales Office,Department,000,Common Department,Department,,,,,,,,
2306,4129,1,,,,,,,,,Travel expense,10E201230,Travel and Transportation Expenses,,,,29524,2684,S,S,,,,,,,,,,010,Sapporo Sales Office,Department,,,,,,,,,,,
2306,4130,1,,,,,,,,,Travel expense,10E201230,Travel and Transportation Expenses,,,,21429,1948,S,S,,,,,,,,,,010,Sapporo Sales Office,Department,,,,,,,,,,,
2307,,,,,,35,2022-01-28,,,,,,,,,,,,,,,,,,,,,,,,,,,,,,,,,,,,
2307,4131,1,,1,1,,,,,,Newspaper expense,10E201160,Books and Publications,,,,3925,356,S,S,10A100020,Cash,1,Cash,Subaccount,3925,0,O,O,010,Sapporo Sales Office,Department,000,Common Department,Department,,,,,,,,
2308,,,,,,81,2022-01-28,,,,,,,,,,,,,,,,,,,,,,,,,,,,,,,,,,,,
2308,4132,1,,1,,,,,,,Tea expense,10E200140,Employee Welfare Expenses,,,,20200,1836,S,S,10B100630,Accounts Payable Other,,,,20200,0,O,O,030,Nagoya Branch,Department,000,Common Department,Department,,,,,,,,
2309,,,,,,83,2022-01-28,,,,,,,,,,,,,,,,,,,,,,,,,,,,,,,,,,,,
2309,4133,1,,1,1,,,,,,Vehicle management expense,10E201120,Vehicle Expenses,,,,45000,4090,S,S,10A100020,Cash,1,Cash,Subaccount,45000,0,O,O,030,Nagoya Branch,Department,000,Common Department,Department,,,,,,,,
2310,,,,,,32,2022-01-29,,,,,,,,,,,,,,,,,,,,,,,,,,,,,,,,,,,,
2310,4134,1,,1,,,,,,,office supplies expense,10E201110,Office Supplies Expenses,,,,2570,233,S,S,10B100630,Accounts Payable Other,,,,2570,0,O,O,010,Sapporo Sales Office,Department,000,Common Department,Department,,,,,,,,
2311,,,,,,49,2022-01-30,,,,,,,,,,,,,,,,,,,,,,,,,,,,,,,,,,,,
2311,4135,1,,1,,,,,,,Gasoline,10E201120,Vehicle Expenses,,,,163470,14860,S,S,10B100630,Accounts Payable Other,,,,163470,0,O,O,020,Tokyo Branch,Department,000,Common Department,Department,,,,,,,,
2311,4136,1,,1,1,,,,,,Gasoline,10E201120,Vehicle Expenses,,,,2626,238,S,S,10A100020,Cash,1,Cash,Subaccount,8355,0,O,O,020,Tokyo Branch,Department,000,Common Department,Department,,,,,,,,
2311,4137,1,,,,,,,,,Gasoline,10E201120,Vehicle Expenses,,,,5729,520,S,S,,,,,,,,,,020,Tokyo Branch,Department,,,,,,,,,,,
2312,,,,,,55,2022-01-30,,,,,,,,,,,,,,,,,,,,,,,,,,,,,,,,,,,,
2312,4138,1,,1,1,,,,,,Vehicle management expense,10E201120,Vehicle Expenses,,,,23810,2164,S,S,10A100020,Cash,1,Cash,Subaccount,58144,0,O,O,020,Tokyo Branch,Department,000,Common Department,Department,,,,,,,,
2312,4139,1,,,,,,,,,Vehicle management expense,10E201120,Vehicle Expenses,,,,26667,2424,S,S,,,,,,,,,,020,Tokyo Branch,Department,,,,,,,,,,,
2312,4140,1,,,,,,,,,Expressway toll,10E201120,Vehicle Expenses,,,,7667,697,S,S,,,,,,,,,,020,Tokyo Branch,Department,,,,,,,,,,,
2313,,,,,,70,2022-01-30,,,,,,,,,,,,,,,,,,,,,,,,,,,,,,,,,,,,
2313,4141,1,,1,,,,,,,Wired service fee,10E201270,Miscellaneous Expenses,,,,6000,545,S,S,10B100630,Accounts Payable Other,,,,58381,0,O,O,020,Tokyo Branch,Department,000,Common Department,Department,,,,,,,,
2313,4142,1,,,,,,,,,Security fee,10E201270,Miscellaneous Expenses,,,,52381,4761,S,S,,,,,,,,,,020,Tokyo Branch,Department,,,,,,,,,,,
2313,4143,1,,1,1,,,,,,Expressway toll,10E201120,Vehicle Expenses,,,,73315,6665,S,S,10A100020,Ordinary Deposits,20,ABC Bank Head Office,Subaccount,73315,0,O,O,020,Tokyo Branch,Department,000,Common Department,Department,,,,,,,,
2313,4144,1,,1,,,,,,,Cleaning fee,10E201270,Miscellaneous Expenses,,,,73500,6681,S,S,10B100630,Accounts Payable Other,,,,73500,0,O,O,020,Tokyo Branch,Department,000,Common Department,Department,,,,,,,,
2314,,,,,,80,2022-01-30,,,,,,,,,,,,,,,,,,,,,,,,,,,,,,,,,,,,
2314,4145,1,,1,1,,,,,,Gasoline,10E201120,Vehicle Expenses,,,,6125,556,S,S,10A100020,Cash,1,Cash,Subaccount,6125,0,O,O,050,Kyushu Sales Office,Department,000,Common Department,Department,,,,,,,,
2315,,,,,,83,2022-01-30,,,,,,,,,,,,,,,,,,,,,,,,,,,,,,,,,,,,
2315,4146,1,,1,1,,,,,,Anonymized Railway Company A expense,10E201230,Travel and Transportation Expenses,,,,9000,818,S,S,10A100020,Cash,1,Cash,Subaccount,9000,0,O,O,030,Nagoya Branch,Department,000,Common Department,Department,,,,,,,,
2316,,,,,,96,2022-01-30,,,,,,,,,,,,,,,,,,,,,,,,,,,,,,,,,,,,
2316,4147,1,,1,1,,,,,,Security fee,10E201270,Miscellaneous Expenses,,,,22470,2042,S,S,10A100020,Ordinary Deposits,30,GHI Bank Nagoya Branch,Subaccount,22470,0,O,O,030,Nagoya Branch,Department,000,Common Department,Department,,,,,,,,
2317,,,,,,100,2022-01-30,,,,,,,,,,,,,,,,,,,,,,,,,,,,,,,,,,,,
2317,4148,1,,1,1,,,,,,Membership fee,10E200140,Employee Welfare Expenses,,,,6000,545,S,S,10A100020,Cash,1,Cash,Subaccount,6000,0,O,O,040,Osaka Branch,Department,000,Common Department,Department,,,,,,,,
2318,,,,,,115,2022-01-30,,,,,,,,,,,,,,,,,,,,,,,,,,,,,,,,,,,,
2318,4149,1,,1,1,,,,,,Insurance Expenses,10E200240,Insurance Expenses,,,,64500,0,E,E,10A100020,Ordinary Deposits,40,JKL Bank Umeda Branch,Subaccount,64500,0,O,O,040,Osaka Branch,Department,000,Common Department,Department,,,,,,,,
2319,,,,,,116,2022-01-30,,,,,,,,,,,,,,,,,,,,,,,,,,,,,,,,,,,,
2319,4150,1,,1,1,,,,,,lease fee,10E200730,Land and Building Rent,,,,84000,7636,S,S,10A100020,Ordinary Deposits,40,JKL Bank Umeda Branch,Subaccount,84000,0,O,O,040,Osaka Branch,Department,000,Common Department,Department,,,,,,,,
2320,,,,,,143,2022-01-30,,,,,,,,,,,,,,,,,,,,,,,,,,,,,,,,,,,,
2320,4151,1,1,1,1,,,,,,Funds transfer,10A100020,Ordinary Deposits,20,ABC Bank Head Office,Subaccount,22500000,0,O,O,10A100020,Ordinary Deposits,10,DEF Bank Station Branch,Subaccount,8000000,0,O,O,000,Common Department,Department,000,Common Department,Department,,,,,,,,
2320,4152,,,1,1,,,,,,Funds transfer,,,,,,,,,,10A100020,Ordinary Deposits,30,GHI Bank Nagoya Branch,Subaccount,6000000,0,O,O,,,,000,Common Department,Department,,,,,,,,
2320,4153,,,1,1,,,,,,Funds transfer,,,,,,,,,,10A100020,Ordinary Deposits,40,JKL Bank Umeda Branch,Subaccount,6000000,0,O,O,,,,000,Common Department,Department,,,,,,,,
2320,4154,,,1,1,,,,,,Funds transfer,,,,,,,,,,10A100020,Ordinary Deposits,50,MNO Bank Kitakyushu Branch,Subaccount,2500000,0,O,O,,,,000,Common Department,Department,,,,,,,,
2321,,,,,,154,2022-01-30,,,,,,,,,,,,,,,,,,,,,,,,,,,,,,,,,,,,
2321,4155,1,,1,,,,,,,Flowers,10E200150,Entertainment Expenses,,,,10000,909,S,S,10B100630,Accounts Payable Other,,,,20000,0,O,O,050,Kyushu Sales Office,Department,000,Common Department,Department,,,,,,,,
2321,4156,1,,,,,,,,,Condolence gift,10E200150,Entertainment Expenses,,,,10000,909,S,S,,,,,,,,,,050,Kyushu Sales Office,Department,,,,,,,,,,,
2322,,,,,,1,2022-01-31,,,,,,,,,,,,,,,,,,,,,,,,,,,,,,,,,,,,
2322,4157,1,,1,,,,,,,Freight Anonymized Carrier B,10E200870,Freight Expenses,,,,532550,48413,S,S,10B100630,Accounts Payable Other,,,,532550,0,O,O,010,Sapporo Sales Office,Department,000,Common Department,Department,,,,,,,,
2323,,,,,,5,2022-01-31,,,,,,,,,,,,,,,,,,,,,,,,,,,,,,,,,,,,
2323,4158,1,,1,1,,,,,,Advertising expense,10E200050,Advertising Expenses,,,,52500,4772,S,S,10A100020,Ordinary Deposits,10,DEF Bank Station Branch,Subaccount,52500,0,O,O,010,Sapporo Sales Office,Department,000,Common Department,Department,,,,,,,,
2324,,,,,,36,2022-01-31,,,,,,,,,,,,,,,,,,,,,,,,,,,,,,,,,,,,
2324,4159,1,,1,,,,,,,Freight Anonymized Carrier A,10E200870,Freight Expenses,,,,2709067,246278,S,S,10B100630,Accounts Payable Other,,,,3912439,0,O,O,020,Tokyo Branch,Department,000,Common Department,Department,,,,,,,,
2324,4160,1,,,,,,,,,Freight Anonymized Carrier B,10E200870,Freight Expenses,,,,1203372,109397,S,S,,,,,,,,,,020,Tokyo Branch,Department,,,,,,,,,,,
2325,,,,,,40,2022-01-31,,,,,,,,,,,,,,,,,,,,,,,,,,,,,,,,,,,,
2325,4161,1,,1,,,,,,,Advertising placement,10E200050,Advertising Expenses,,,,50000,4545,S,S,10B100630,Accounts Payable Other,,,,50000,0,O,O,020,Tokyo Branch,Department,000,Common Department,Department,,,,,,,,
2326,,,,,,63,2022-01-31,,,,,,,,,,,,,,,,,,,,,,,,,,,,,,,,,,,,
2326,4162,1,,1,1,,,,,,Insurance Expenses,10E200240,Insurance Expenses,,,,81000,0,E,E,10A100020,Ordinary Deposits,20,ABC Bank Head Office,Subaccount,81000,0,O,O,020,Tokyo Branch,Department,000,Common Department,Department,,,,,,,,
2327,,,,,,66,2022-01-31,,,,,,,,,,,,,,,,,,,,,,,,,,,,,,,,,,,,
2327,4163,1,,1,1,,,,,,lease fee,10E200730,Land and Building Rent,,,,209850,19077,S,S,10A100020,Ordinary Deposits,20,ABC Bank Head Office,Subaccount,209850,0,O,O,020,Tokyo Branch,Department,000,Common Department,Department,,,,,,,,
2328,,,,,,67,2022-01-31,,,,,,,,,,,,,,,,,,,,,,,,,,,,,,,,,,,,
2328,4164,1,,1,1,,,,,,Membership fee Payment,10E201140,Membership Fees,,,,30000,0,O,O,10A100020,Cash,1,Cash,Subaccount,30000,0,O,O,020,Tokyo Branch,Department,000,Common Department,Department,,,,,,,,
2329,,,,,,74,2022-01-31,,,,,,,,,,,,,,,,,,,,,,,,,,,,,,,,,,,,
2329,4165,1,,1,1,,,,,,Insurance Expenses,10E200240,Insurance Expenses,,,,62000,0,E,E,10A100020,Ordinary Deposits,30,GHI Bank Nagoya Branch,Subaccount,62000,0,O,O,030,Nagoya Branch,Department,000,Common Department,Department,,,,,,,,
2330,,,,,,75,2022-01-31,,,,,,,,,,,,,,,,,,,,,,,,,,,,,,,,,,,,
2330,4166,1,,1,1,,,,,,Insurance Premium Payment,10E200240,Insurance Expenses,,,,57000,0,E,E,10A100020,Ordinary Deposits,50,MNO Bank Kitakyushu Branch,Subaccount,57000,0,O,O,050,Kyushu Sales Office,Department,000,Common Department,Department,,,,,,,,
2331,,,,,,77,2022-01-31,,,,,,,,,,,,,,,,,,,,,,,,,,,,,,,,,,,,
2331,4167,,,1,,,,,,,Supplies expense department allocation,,,,,,,,,,10E200200,Supplies Expenses,,,,275968,0,O,O,,,,000,Common Department,Department,,,,,,,,
2331,4168,1,,,,,,,,,,10E200200,Supplies Expenses,,,,30356,0,O,O,,,,,,,,,,010,Sapporo Sales Office,Department,,,,,,,,,,,
2331,4169,1,,,,,,,,,,10E200200,Supplies Expenses,,,,132467,0,O,O,,,,,,,,,,020,Tokyo Branch,Department,,,,,,,,,,,
2331,4170,1,,,,,,,,,,10E200200,Supplies Expenses,,,,27596,0,O,O,,,,,,,,,,030,Nagoya Branch,Department,,,,,,,,,,,
2331,4171,1,,,,,,,,,,10E200200,Supplies Expenses,,,,66232,0,O,O,,,,,,,,,,040,Osaka Branch,Department,,,,,,,,,,,
2331,4172,1,,,,,,,,,,10E200200,Supplies Expenses,,,,19317,0,O,O,,,,,,,,,,050,Kyushu Sales Office,Department,,,,,,,,,,,
2331,4173,1,,1,,,,,,,Freight Expenses,10E200870,Freight Expenses,,,,219670,19970,S,S,10B100630,Accounts Payable Other,,,,219670,0,O,O,030,Nagoya Branch,Department,000,Common Department,Department,,,,,,,,
2332,,,,,,99,2022-01-31,,,,,,,,,,,,,,,,,,,,,,,,,,,,,,,,,,,,
2332,4174,1,,1,,,,,,,Freight Expenses,10E200870,Freight Expenses,,,,1426410,129673,S,S,10B100630,Accounts Payable Other,,,,1426410,0,O,O,040,Osaka Branch,Department,000,Common Department,Department,,,,,,,,
2333,,,,,,105,2022-01-31,,,,,,,,,,,,,,,,,,,,,,,,,,,,,,,,,,,,
2333,4175,1,1,1,1,,,,,,Insurance Premium Withheld portion,10B100690,Deposits Received,1,Insurance Expenses,Subaccount,1580448,0,O,O,10A100020,Ordinary Deposits,20,ABC Bank Head Office,Subaccount,3171952,0,O,O,000,Common Department,Department,000,Common Department,Department,,,,,,,,
2333,4176,1,,,,,,,,,Insurance Premium Employer contribution,10E200540,Statutory Welfare Expenses,,,,120411,0,E,E,,,,,,,,,,020,Tokyo Branch,Department,,,,,,,,,,,
2333,4177,1,,,,,,,,,Insurance Premium Employer contribution,10E200540,Statutory Welfare Expenses,,,,560376,0,E,E,,,,,,,,,,020,Tokyo Branch,Department,,,,,,,,,,,
2333,4178,1,,,,,,,,,Insurance Premium Employer contribution,10E200540,Statutory Welfare Expenses,,,,238593,0,E,E,,,,,,,,,,010,Sapporo Sales Office,Department,,,,,,,,,,,
2333,4179,1,,,,,,,,,Insurance Premium Employer contribution,10E200540,Statutory Welfare Expenses,,,,225063,0,E,E,,,,,,,,,,030,Nagoya Branch,Department,,,,,,,,,,,
2333,4180,1,,,,,,,,,Insurance Premium Employer contribution,10E200540,Statutory Welfare Expenses,,,,273633,0,E,E,,,,,,,,,,040,Osaka Branch,Department,,,,,,,,,,,
2333,4181,1,,,,,,,,,Insurance Premium Employer contribution,10E200540,Statutory Welfare Expenses,,,,162372,0,E,E,,,,,,,,,,050,Kyushu Sales Office,Department,,,,,,,,,,,
2333,4182,1,,,,,,,,,Child allowance contribution Employer contribution,10E200540,Statutory Welfare Expenses,,,,11056,0,E,E,,,,,,,,,,020,Tokyo Branch,Department,,,,,,,,,,,
2334,,,,,,112,2022-01-31,,,,,,,,,,,,,,,,,,,,,,,,,,,,,,,,,,,,
2334,4183,1,1,1,,,,,,,1/1-1/31 periodSales,10A100090,Accounts Receivable,5,Anonymized Partner 030,Subaccount,1625694,0,O,O,10D100100,Gross Sales,,,,1625694,147790,S,S,000,Common Department,Department,010,Sapporo Sales Office,Department,,,,,,,,
2334,4184,1,1,1,,,,,,,1/1-1/31 periodSales,10A100090,Accounts Receivable,14,Anonymized Partner 066,Subaccount,2366508,0,O,O,10D100100,Gross Sales,,,,2366508,215137,S,S,000,Common Department,Department,010,Sapporo Sales Office,Department,,,,,,,,
2334,4185,1,1,1,,,,,,,1/1-1/31 periodSales,10A100090,Accounts Receivable,25,Anonymized Partner 033,Subaccount,4782758,0,O,O,10D100100,Gross Sales,,,,4782758,434796,S,S,000,Common Department,Department,010,Sapporo Sales Office,Department,,,,,,,,
2335,,,,,,113,2022-01-31,,,,,,,,,,,,,,,,,,,,,,,,,,,,,,,,,,,,
2335,4186,1,1,1,,,,,,,1/1-1/31 periodSales,10A100090,Accounts Receivable,30,Anonymized Partner 052,Subaccount,2291872,0,O,O,10D100100,Gross Sales,,,,2291872,208352,S,S,000,Common Department,Department,020,Tokyo Branch,Department,,,,,,,,
2335,4187,1,1,1,,,,,,,1/1-1/31 periodSales,10A100090,Accounts Receivable,2,Anonymized Partner 057,Subaccount,17480828,0,O,O,10D100100,Gross Sales,,,,17480828,1589166,S,S,000,Common Department,Department,020,Tokyo Branch,Department,,,,,,,,
2335,4188,1,1,1,,,,,,,1/1-1/31 periodSales,10A100090,Accounts Receivable,11,Anonymized Partner 058,Subaccount,1325236,0,O,O,10D100100,Gross Sales,,,,1325236,120476,S,S,000,Common Department,Department,020,Tokyo Branch,Department,,,,,,,,
2335,4189,1,1,1,,,,,,,1/1-1/31 periodSales,10A100090,Accounts Receivable,12,Anonymized Partner 065,Subaccount,11583188,0,O,O,10D100100,Gross Sales,,,,11583188,1053017,S,S,000,Common Department,Department,020,Tokyo Branch,Department,,,,,,,,
2335,4190,1,1,1,,,,,,,1/1-1/31 periodSales,10A100090,Accounts Receivable,14,Anonymized Partner 066,Subaccount,3579712,0,O,O,10D100100,Gross Sales,,,,3579712,325428,S,S,000,Common Department,Department,020,Tokyo Branch,Department,,,,,,,,
2335,4191,1,1,1,,,,,,,1/1-1/31 periodSales,10A100090,Accounts Receivable,26,Anonymized Partner 082,Subaccount,1442475,0,O,O,10D100100,Gross Sales,,,,1442475,131134,S,S,000,Common Department,Department,020,Tokyo Branch,Department,,,,,,,,
2335,4192,1,1,1,,,,,,,1/1-1/31 periodSales,10A100090,Accounts Receivable,13,Anonymized Partner 023,Subaccount,1280304,0,O,O,10D100100,Gross Sales,,,,1280304,116391,S,S,000,Common Department,Department,020,Tokyo Branch,Department,,,,,,,,
2335,4193,1,1,1,,,,,,,1/1-1/31 periodSales,10A100090,Accounts Receivable,10,Anonymized Partner 012,Subaccount,357664,0,O,O,10D100100,Gross Sales,,,,357664,32514,S,S,000,Common Department,Department,020,Tokyo Branch,Department,,,,,,,,
2335,4194,1,1,1,,,,,,,1/1-1/31 periodSales,10A100090,Accounts Receivable,24,Anonymized Partner 081,Subaccount,536040,0,O,O,10D100100,Gross Sales,,,,536040,48730,S,S,000,Common Department,Department,020,Tokyo Branch,Department,,,,,,,,
2336,,,,,,114,2022-01-31,,,,,,,,,,,,,,,,,,,,,,,,,,,,,,,,,,,,
2336,4195,1,1,1,,,,,,,1/1-1/31 periodSales,10A100090,Accounts Receivable,6,Anonymized Partner 061,Subaccount,1298020,0,O,O,10D100100,Gross Sales,,,,1298020,118001,S,S,000,Common Department,Department,030,Nagoya Branch,Department,,,,,,,,
2336,4196,1,1,1,,,,,,,1/1-1/31 periodSales,10A100090,Accounts Receivable,7,Anonymized Partner 042,Subaccount,1734092,0,O,O,10D100100,Gross Sales,,,,1734092,157644,S,S,000,Common Department,Department,030,Nagoya Branch,Department,,,,,,,,
2336,4197,1,1,1,,,,,,,1/1-1/31 periodSales,10A100090,Accounts Receivable,19,Anonymized Partner 045,Subaccount,664590,0,O,O,10D100100,Gross Sales,,,,664590,60417,S,S,000,Common Department,Department,030,Nagoya Branch,Department,,,,,,,,
2336,4198,1,1,1,,,,,,,1/1-1/31 periodSales,10A100090,Accounts Receivable,21,Anonymized Partner 014,Subaccount,526938,0,O,O,10D100100,Gross Sales,,,,526938,47903,S,S,000,Common Department,Department,030,Nagoya Branch,Department,,,,,,,,
2336,4199,1,1,1,,,,,,,1/1-1/31 periodSales,10A100090,Accounts Receivable,27,Anonymized Partner 025,Subaccount,1918584,0,O,O,10D100100,Gross Sales,,,,1918584,174416,S,S,000,Common Department,Department,030,Nagoya Branch,Department,,,,,,,,
2336,4200,1,1,1,,,,,,,1/1-1/31 periodSales,10A100090,Accounts Receivable,14,Anonymized Partner 066,Subaccount,2765300,0,O,O,10D100100,Gross Sales,,,,2765300,251390,S,S,000,Common Department,Department,030,Nagoya Branch,Department,,,,,,,,
2337,,,,,,115,2022-01-31,,,,,,,,,,,,,,,,,,,,,,,,,,,,,,,,,,,,
2337,4201,1,1,1,,,,,,,1/1-1/31 periodSales,10A100090,Accounts Receivable,4,Anonymized Partner 032,Subaccount,1025820,0,O,O,10D100100,Gross Sales,,,,1025820,93256,S,S,000,Common Department,Department,040,Osaka Branch,Department,,,,,,,,
2337,4202,1,1,1,,,,,,,1/1-1/31 periodSales,10A100090,Accounts Receivable,9,Anonymized Partner 026,Subaccount,1668144,0,O,O,10D100100,Gross Sales,,,,1668144,151649,S,S,000,Common Department,Department,040,Osaka Branch,Department,,,,,,,,
2337,4203,1,1,1,,,,,,,1/1-1/31 periodSales,10A100090,Accounts Receivable,14,Anonymized Partner 066,Subaccount,5786774,0,O,O,10D100100,Gross Sales,,,,5786774,526070,S,S,000,Common Department,Department,040,Osaka Branch,Department,,,,,,,,
2337,4204,1,1,1,,,,,,,1/1-1/31 periodSales,10A100090,Accounts Receivable,20,Anonymized Partner 079,Subaccount,2217906,0,O,O,10D100100,Gross Sales,,,,2217906,201627,S,S,000,Common Department,Department,040,Osaka Branch,Department,,,,,,,,
2337,4205,1,1,1,,,,,,,1/1-1/31 periodSales,10A100090,Accounts Receivable,23,Anonymized Partner 056,Subaccount,3999128,0,O,O,10D100100,Gross Sales,,,,3999128,363557,S,S,000,Common Department,Department,040,Osaka Branch,Department,,,,,,,,
2337,4206,1,1,1,,,,,,,1/1-1/31 periodSales,10A100090,Accounts Receivable,28,Anonymized Partner 072,Subaccount,8918449,0,O,O,10D100100,Gross Sales,,,,8918449,810768,S,S,000,Common Department,Department,040,Osaka Branch,Department,,,,,,,,
2337,4207,1,1,1,,,,,,,1/1-1/31 periodSales,10A100090,Accounts Receivable,8,Anonymized Partner 073,Subaccount,1241068,0,O,O,10D100100,Gross Sales,,,,1241068,112824,S,S,000,Common Department,Department,040,Osaka Branch,Department,,,,,,,,
2337,4208,1,1,1,,,,,,,1/1-1/31 periodSales,10A100090,Accounts Receivable,3,Anonymized Partner 085,Subaccount,4318710,0,O,O,10D100100,Gross Sales,,,,4318710,392610,S,S,000,Common Department,Department,040,Osaka Branch,Department,,,,,,,,
2338,,,,,,116,2022-01-31,,,,,,,,,,,,,,,,,,,,,,,,,,,,,,,,,,,,
2338,4209,1,1,1,,,,,,,1/1-1/31 periodSales,10A100090,Accounts Receivable,1,Anonymized Partner 068,Subaccount,1438024,0,O,O,10D100100,Gross Sales,,,,1438024,130729,S,S,000,Common Department,Department,050,Kyushu Sales Office,Department,,,,,,,,
2338,4210,1,1,1,,,,,,,1/1-1/31 periodSales,10A100090,Accounts Receivable,22,Anonymized Partner 070,Subaccount,1508744,0,O,O,10D100100,Gross Sales,,,,1508744,137158,S,S,000,Common Department,Department,050,Kyushu Sales Office,Department,,,,,,,,
2338,4211,1,1,1,,,,,,,1/1-1/31 periodSales,10A100090,Accounts Receivable,14,Anonymized Partner 066,Subaccount,1431596,0,O,O,10D100100,Gross Sales,,,,1431596,130145,S,S,000,Common Department,Department,050,Kyushu Sales Office,Department,,,,,,,,
2338,4212,1,1,1,,,,,,,1/1-1/31 periodSales,10A100090,Accounts Receivable,29,Anonymized Partner 049,Subaccount,362450,0,O,O,10D100100,Gross Sales,,,,362450,32950,S,S,000,Common Department,Department,050,Kyushu Sales Office,Department,,,,,,,,
2339,,,,,,117,2022-01-31,,,,,,,,,,,,,,,,,,,,,,,,,,,,,,,,,,,,
2339,4213,1,1,1,1,,,,,,Voucher No. 426 dated 1/31 Anonymized Partner 032,10A100020,Ordinary Deposits,40,JKL Bank Umeda Branch,Subaccount,1434244,0,O,O,10A100090,Accounts Receivable,4,Anonymized Partner 032,Subaccount,1434244,0,O,O,000,Common Department,Department,000,Common Department,Department,,,,,,,,
2339,4214,1,,1,1,,,,,,Voucher No. 426 dated 1/31 Anonymized Partner 032,10E200690,Service Fees,,,,840,76,S,S,10A100090,Accounts Receivable,4,Anonymized Partner 032,Subaccount,840,0,O,O,040,Osaka Branch,Department,000,Common Department,Department,,,,,,,,
2340,,,,,,118,2022-01-31,,,,,,,,,,,,,,,,,,,,,,,,,,,,,,,,,,,,
2340,4215,1,1,1,1,,,,,,Voucher No. 427 dated 1/31 Anonymized Partner 030,10A100020,Ordinary Deposits,10,DEF Bank Station Branch,Subaccount,1584332,0,O,O,10A100090,Accounts Receivable,5,Anonymized Partner 030,Subaccount,1584332,0,O,O,000,Common Department,Department,000,Common Department,Department,,,,,,,,
2340,4216,1,,1,1,,,,,,Voucher No. 427 dated 1/31 Anonymized Partner 030,10E200690,Service Fees,,,,840,76,S,S,10A100090,Accounts Receivable,5,Anonymized Partner 030,Subaccount,840,0,O,O,010,Sapporo Sales Office,Department,000,Common Department,Department,,,,,,,,
2341,,,,,,119,2022-01-31,,,,,,,,,,,,,,,,,,,,,,,,,,,,,,,,,,,,
2341,4217,1,1,1,1,,,,,,Voucher No. 428 dated 1/31 Anonymized Partner 012,10A100020,Cash,1,Cash,Subaccount,458172,0,O,O,10A100090,Accounts Receivable,10,Anonymized Partner 012,Subaccount,458172,0,O,O,000,Common Department,Department,000,Common Department,Department,,,,,,,,
2342,,,,,,120,2022-01-31,,,,,,,,,,,,,,,,,,,,,,,,,,,,,,,,,,,,
2342,4218,1,,1,1,,,,,,Voucher No. 429 dated 1/31 Anonymized Partner 065 | Sales voucher=20211231-122;Note number=R20220131-120-12,10A100060,Notes Receivable,,,,17510543,0,O,O,10A100090,Accounts Receivable,12,Anonymized Partner 065,Subaccount,17510543,0,O,O,000,Common Department,Department,000,Common Department,Department,,,,,,,,
2343,,,,,,121,2022-01-31,,,,,,,,,,,,,,,,,,,,,,,,,,,,,,,,,,,,
2343,4219,1,1,1,1,,,,,,Voucher No. 430 dated 1/31 Anonymized Partner 081,10A100020,Ordinary Deposits,20,ABC Bank Head Office,Subaccount,600094,0,O,O,10A100090,Accounts Receivable,24,Anonymized Partner 081,Subaccount,600094,0,O,O,000,Common Department,Department,000,Common Department,Department,,,,,,,,
2343,4220,1,,1,1,,,,,,Voucher No. 430 dated 1/31 Anonymized Partner 081,10E200690,Service Fees,,,,630,57,S,S,10A100090,Accounts Receivable,24,Anonymized Partner 081,Subaccount,630,0,O,O,020,Tokyo Branch,Department,000,Common Department,Department,,,,,,,,
2344,,,,,,122,2022-01-31,,,,,,,,,,,,,,,,,,,,,,,,,,,,,,,,,,,,
2344,4221,1,1,1,1,,,,,,Voucher No. 431 dated 1/31 Anonymized Partner 049,10A100020,Ordinary Deposits,50,MNO Bank Kitakyushu Branch,Subaccount,1633466,0,O,O,10A100090,Accounts Receivable,29,Anonymized Partner 049,Subaccount,1633466,0,O,O,000,Common Department,Department,000,Common Department,Department,,,,,,,,
2344,4222,1,,1,1,,,,,,Voucher No. 431 dated 1/31 Anonymized Partner 049,10E200690,Service Fees,,,,210,19,S,S,10A100090,Accounts Receivable,29,Anonymized Partner 049,Subaccount,210,0,O,O,050,Kyushu Sales Office,Department,000,Common Department,Department,,,,,,,,
2345,,,,,,123,2022-01-31,,,,,,,,,,,,,,,,,,,,,,,,,,,,,,,,,,,,
2345,4223,1,,1,1,,,,,,1/1-1/31 period Purchases,10E100130,Merchandise Purchases,,,,77112,7010,S,S,10B100040,Accounts Payable,8,Anonymized Partner 063,Subaccount,77112,0,O,O,010,Sapporo Sales Office,Department,000,Common Department,Department,,,,,,,,
2345,4224,1,,1,1,,,,,,1/1-1/31 period Purchases,10E100130,Merchandise Purchases,,,,17942,1631,S,S,10B100040,Accounts Payable,2,Anonymized Partner 046,Subaccount,17942,0,O,O,010,Sapporo Sales Office,Department,000,Common Department,Department,,,,,,,,
2346,,,,,,124,2022-01-31,,,,,,,,,,,,,,,,,,,,,,,,,,,,,,,,,,,,
2346,4225,1,,1,1,,,,,,1/1-1/31 period Purchases,10E100130,Merchandise Purchases,,,,4344303,394936,S,S,10B100040,Accounts Payable,14,Anonymized Partner 011,Subaccount,4344303,0,O,O,020,Tokyo Branch,Department,000,Common Department,Department,,,,,,,,
2346,4226,1,,1,1,,,,,,1/1-1/31 period Purchases,10E100130,Merchandise Purchases,,,,4775976,434179,S,S,10B100040,Accounts Payable,3,Anonymized Partner 085,Subaccount,4775976,0,O,O,020,Tokyo Branch,Department,000,Common Department,Department,,,,,,,,
2346,4227,1,,1,1,,,,,,1/1-1/31 period Purchases,10E100130,Merchandise Purchases,,,,1909347,173577,S,S,10B100040,Accounts Payable,13,Anonymized Partner 027,Subaccount,1909347,0,O,O,020,Tokyo Branch,Department,000,Common Department,Department,,,,,,,,
2346,4228,1,,1,1,,,,,,1/1-1/31 period Purchases,10E100130,Merchandise Purchases,,,,8427411,766128,S,S,10B100040,Accounts Payable,1,Anonymized Partner 043,Subaccount,8427411,0,O,O,020,Tokyo Branch,Department,000,Common Department,Department,,,,,,,,
2346,4229,1,,1,1,,,,,,1/1-1/31 period Purchases,10E100130,Merchandise Purchases,,,,6049943,549994,S,S,10B100040,Accounts Payable,11,Anonymized Partner 067,Subaccount,6049943,0,O,O,020,Tokyo Branch,Department,000,Common Department,Department,,,,,,,,
2346,4230,1,,1,1,,,,,,1/1-1/31 period Purchases,10E100130,Merchandise Purchases,,,,1072048,97458,S,S,10B100040,Accounts Payable,2,Anonymized Partner 046,Subaccount,1072048,0,O,O,020,Tokyo Branch,Department,000,Common Department,Department,,,,,,,,
2346,4231,1,,1,1,,,,,,1/1-1/31 period Purchases,10E100130,Merchandise Purchases,,,,128520,11683,S,S,10B100040,Accounts Payable,8,Anonymized Partner 063,Subaccount,128520,0,O,O,020,Tokyo Branch,Department,000,Common Department,Department,,,,,,,,
2346,4232,1,,1,1,,,,,,1/1-1/31 period Purchases,10E100130,Merchandise Purchases,,,,517154,47014,S,S,10B100040,Accounts Payable,12,Anonymized Partner 059,Subaccount,517154,0,O,O,020,Tokyo Branch,Department,000,Common Department,Department,,,,,,,,
2347,,,,,,125,2022-01-31,,,,,,,,,,,,,,,,,,,,,,,,,,,,,,,,,,,,
2347,4233,1,,1,1,,,,,,1/1-1/31 period Purchases,10E100130,Merchandise Purchases,,,,2620813,238255,S,S,10B100040,Accounts Payable,9,Anonymized Partner 029,Subaccount,2620813,0,O,O,030,Nagoya Branch,Department,000,Common Department,Department,,,,,,,,
2347,4234,1,,1,1,,,,,,1/1-1/31 period Purchases,10E100130,Merchandise Purchases,,,,1692895,153899,S,S,10B100040,Accounts Payable,15,Anonymized Partner 074,Subaccount,1692895,0,O,O,030,Nagoya Branch,Department,000,Common Department,Department,,,,,,,,
2347,4235,1,,1,1,,,,,,1/1-1/31 period Purchases,10E100130,Merchandise Purchases,,,,5256041,477821,S,S,10B100040,Accounts Payable,7,Anonymized Partner 048,Subaccount,5256041,0,O,O,030,Nagoya Branch,Department,000,Common Department,Department,,,,,,,,
2347,4236,1,,1,1,,,,,,1/1-1/31 period Purchases,10E100130,Merchandise Purchases,,,,77112,7010,S,S,10B100040,Accounts Payable,8,Anonymized Partner 063,Subaccount,77112,0,O,O,030,Nagoya Branch,Department,000,Common Department,Department,,,,,,,,
2348,,,,,,126,2022-01-31,,,,,,,,,,,,,,,,,,,,,,,,,,,,,,,,,,,,
2348,4237,1,,1,1,,,,,,1/1-1/31 period Purchases,10E100130,Merchandise Purchases,,,,5649316,513574,S,S,10B100040,Accounts Payable,5,Anonymized Partner 010,Subaccount,5649316,0,O,O,040,Osaka Branch,Department,000,Common Department,Department,,,,,,,,
2348,4238,1,,1,1,,,,,,1/1-1/31 period Purchases,10E100130,Merchandise Purchases,,,,1466688,133335,S,S,10B100040,Accounts Payable,4,Anonymized Partner 047,Subaccount,1466688,0,O,O,040,Osaka Branch,Department,000,Common Department,Department,,,,,,,,
2348,4239,1,,1,1,,,,,,1/1-1/31 period Purchases,10E100130,Merchandise Purchases,,,,4760408,432764,S,S,10B100040,Accounts Payable,10,Anonymized Partner 009,Subaccount,4760408,0,O,O,040,Osaka Branch,Department,000,Common Department,Department,,,,,,,,
2348,4240,1,,1,1,,,,,,1/1-1/31 period Purchases,10E100130,Merchandise Purchases,,,,5017707,456155,S,S,10B100040,Accounts Payable,6,Anonymized Partner 054,Subaccount,5017707,0,O,O,040,Osaka Branch,Department,000,Common Department,Department,,,,,,,,
2348,4241,1,,1,1,,,,,,1/1-1/31 period Purchases,10E100130,Merchandise Purchases,,,,269134,24466,S,S,10B100040,Accounts Payable,2,Anonymized Partner 046,Subaccount,269134,0,O,O,040,Osaka Branch,Department,000,Common Department,Department,,,,,,,,
2348,4242,1,,1,1,,,,,,1/1-1/31 period Purchases,10E100130,Merchandise Purchases,,,,123379,11216,S,S,10B100040,Accounts Payable,8,Anonymized Partner 063,Subaccount,123379,0,O,O,040,Osaka Branch,Department,000,Common Department,Department,,,,,,,,
2349,,,,,,127,2022-01-31,,,,,,,,,,,,,,,,,,,,,,,,,,,,,,,,,,,,
2349,4243,1,,1,1,,,,,,1/1-1/31 period Purchases,10E100130,Merchandise Purchases,,,,17942,1631,S,S,10B100040,Accounts Payable,2,Anonymized Partner 046,Subaccount,17942,0,O,O,050,Kyushu Sales Office,Department,000,Common Department,Department,,,,,,,,
2349,4244,1,,1,1,,,,,,1/1-1/31 period Purchases,10E100130,Merchandise Purchases,,,,25704,2336,S,S,10B100040,Accounts Payable,8,Anonymized Partner 063,Subaccount,25704,0,O,O,050,Kyushu Sales Office,Department,000,Common Department,Department,,,,,,,,
2350,,,,,,128,2022-01-31,,,,,,,,,,,,,,,,,,,,,,,,,,,,,,,,,,,,
2350,4245,1,1,1,1,,,,,,Voucher No. 324 dated 1/31 Anonymized Partner 046,10B100040,Accounts Payable,2,Anonymized Partner 046,Subaccount,1897392,0,O,O,10A100020,Ordinary Deposits,20,ABC Bank Head Office,Subaccount,1897392,0,O,O,000,Common Department,Department,000,Common Department,Department,,,,,,,,
2351,,,,,,129,2022-01-31,,,,,,,,,,,,,,,,,,,,,,,,,,,,,,,,,,,,
2351,4246,1,1,1,,,,,,,Voucher No. 325 dated 1/31 Anonymized Partner 010,10B100040,Accounts Payable,5,Anonymized Partner 010,Subaccount,6301802,0,O,O,10B100030,Notes Payable,,,,6301802,0,O,O,000,Common Department,Department,000,Common Department,Department,,,,,,,,
2351,4247,1,1,1,1,,,,,,Funds transfer,10A100020,Ordinary Deposits,20,ABC Bank Head Office,Subaccount,12000000,0,O,O,10A100020,Checking Deposits,1,ABC Bank,Subaccount,12000000,0,O,O,000,Common Department,Department,000,Common Department,Department,,,,,,,,
2352,,,,,,130,2022-01-31,,,,,,,,,,,,,,,,,,,,,,,,,,,,,,,,,,,,
2352,4248,1,1,1,1,,,,,,Voucher No. 326 dated 1/31 Anonymized Partner 048,10B100040,Accounts Payable,7,Anonymized Partner 048,Subaccount,6922413,0,O,O,10A100020,Ordinary Deposits,20,ABC Bank Head Office,Subaccount,6922413,0,O,O,000,Common Department,Department,000,Common Department,Department,,,,,,,,
2353,,,,,,131,2022-01-31,,,,,,,,,,,,,,,,,,,,,,,,,,,,,,,,,,,,
2353,4249,1,1,1,,,,,,,Voucher No. 327 dated 1/31 Anonymized Partner 029,10B100040,Accounts Payable,9,Anonymized Partner 029,Subaccount,2897127,0,O,O,10B100030,Notes Payable,,,,2897127,0,O,O,000,Common Department,Department,000,Common Department,Department,,,,,,,,
2354,,,,,,132,2022-01-31,,,,,,,,,,,,,,,,,,,,,,,,,,,,,,,,,,,,
2354,4250,1,1,1,,,,,,,Voucher No. 328 dated 1/31 Anonymized Partner 009,10B100040,Accounts Payable,10,Anonymized Partner 009,Subaccount,5798593,0,O,O,10B100030,Notes Payable,,,,5798593,0,O,O,000,Common Department,Department,000,Common Department,Department,,,,,,,,
2355,,,,,,133,2022-01-31,,,,,,,,,,,,,,,,,,,,,,,,,,,,,,,,,,,,
2355,4251,1,1,1,1,,,,,,Voucher No. 329 dated 1/31 Anonymized Partner 059,10B100040,Accounts Payable,12,Anonymized Partner 059,Subaccount,658954,0,O,O,10A100020,Ordinary Deposits,20,ABC Bank Head Office,Subaccount,658954,0,O,O,000,Common Department,Department,000,Common Department,Department,,,,,,,,
2356,,,,,,134,2022-01-31,,,,,,,,,,,,,,,,,,,,,,,,,,,,,,,,,,,,
2356,4252,1,1,1,1,,,,,,Voucher No. 330 dated 1/31 Anonymized Partner 027,10B100040,Accounts Payable,13,Anonymized Partner 027,Subaccount,1802651,0,O,O,10A100020,Ordinary Deposits,20,ABC Bank Head Office,Subaccount,1802651,0,O,O,000,Common Department,Department,000,Common Department,Department,,,,,,,,
2357,,,,,,135,2022-01-31,,,,,,,,,,,,,,,,,,,,,,,,,,,,,,,,,,,,
2357,4253,1,1,1,1,,,,,,Voucher No. 331 dated 1/31 Anonymized Partner 011,10B100040,Accounts Payable,14,Anonymized Partner 011,Subaccount,4570569,0,O,O,10A100020,Ordinary Deposits,20,ABC Bank Head Office,Subaccount,4570569,0,O,O,000,Common Department,Department,000,Common Department,Department,,,,,,,,
2358,,,,,,136,2022-01-31,,,,,,,,,,,,,,,,,,,,,,,,,,,,,,,,,,,,
2358,4254,1,1,1,1,,,,,,Voucher No. 332 dated 1/31 Anonymized Partner 074,10B100040,Accounts Payable,15,Anonymized Partner 074,Subaccount,1840617,0,O,O,10A100020,Ordinary Deposits,20,ABC Bank Head Office,Subaccount,1840617,0,O,O,000,Common Department,Department,000,Common Department,Department,,,,,,,,
2359,,,,,,137,2022-01-31,,,,,,,,,,,,,,,,,,,,,,,,,,,,,,,,,,,,
2359,4255,1,,1,1,,,,,,month 12 payment,10B100630,Accounts Payable Other,,,,12199043,0,O,O,10A100020,Ordinary Deposits,20,ABC Bank Head Office,Subaccount,12199043,0,O,O,000,Common Department,Department,000,Common Department,Department,,,,,,,,
2360,,,,,,138,2022-01-31,,,,,,,,,,,,,,,,,,,,,,,,,,,,,,,,,,,,
2360,4256,1,1,1,,,,,,,Note maturity Anonymized Partner 057 | Note number=R20211025-105-2;Receipt amount corrected to settlement amount,10A100020,Checking Deposits,1,ABC Bank,Subaccount,16028828,0,O,O,10A100060,Notes Receivable,,,,16028828,0,O,O,000,Common Department,Department,000,Common Department,Department,,,,,,,,
2361,,,,,,139,2022-01-31,,,,,,,,,,,,,,,,,,,,,,,,,,,,,,,,,,,,
2361,4257,1,,1,1,,,,,,Note due date settlement Anonymized Partner 010,10B100030,Notes Payable,,,,3730512,0,O,O,10A100020,Checking Deposits,1,ABC Bank,Subaccount,3730512,0,O,O,000,Common Department,Department,000,Common Department,Department,,,,,,,,
2361,4258,1,,1,1,,,,,,Note due date settlement Anonymized Partner 029,10B100030,Notes Payable,,,,1819272,0,O,O,10A100020,Checking Deposits,1,ABC Bank,Subaccount,1819272,0,O,O,000,Common Department,Department,000,Common Department,Department,,,,,,,,
2361,4259,1,,1,1,,,,,,Note due date settlement Anonymized Partner 009,10B100030,Notes Payable,,,,3051222,0,O,O,10A100020,Checking Deposits,1,ABC Bank,Subaccount,3051222,0,O,O,000,Common Department,Department,000,Common Department,Department,,,,,,,,
2362,,,,,,141,2022-01-31,,,,,,,,,,,,,,,,,,,,,,,,,,,,,,,,,,,,
2362,4260,1,,1,1,,,,,,Anonymized Railway Company A expense,10E201230,Travel and Transportation Expenses,,,,10500,954,S,S,10A100020,Cash,1,Cash,Subaccount,10500,0,O,O,040,Osaka Branch,Department,000,Common Department,Department,,,,,,,,
2363,,,,,,142,2022-01-31,,,,,,,,,,,,,,,,,,,,,,,,,,,,,,,,,,,,
2363,4261,1,1,1,,,,,,,Note maturity Anonymized Partner 065 | Note number=R20211130-119-12;Receipt amount corrected to settlement amount,10A100020,Checking Deposits,1,ABC Bank,Subaccount,10808171,0,O,O,10A100060,Notes Receivable,,,,10808171,0,O,O,000,Common Department,Department,000,Common Department,Department,,,,,,,,
2364,,,,,,145,2022-01-31,,,,,,,,,,,,,,,,,,,,,,,,,,,,,,,,,,,,
2364,4262,1,1,1,,,,,,,Loan repayment received,10A100020,Ordinary Deposits,20,ABC Bank Head Office,Subaccount,40000,0,O,O,10A100610,Short-term Loans Receivable,,,,90000,0,O,O,000,Common Department,Department,000,Common Department,Department,,,,,,,,
2364,4263,1,1,,,,,,,,Loan repayment received,10A100020,Ordinary Deposits,20,ABC Bank Head Office,Subaccount,50000,0,O,O,,,,,,,,,,000,Common Department,Department,,,,,,,,,,,
2364,4264,1,,1,,,,,,,Freight Expenses,10E200870,Freight Expenses,,,,169580,15416,S,S,10B100630,Accounts Payable Other,,,,169580,0,O,O,050,Kyushu Sales Office,Department,000,Common Department,Department,,,,,,,,
2365,,,,,,146,2022-01-31,,,,,,,,,,,,,,,,,,,,,,,,,,,,,,,,,,,,
2365,4265,1,1,1,1,,,,,,Installment savings,10A100020,Installment Savings,4,Installment Savings,Subaccount,500000,0,O,O,10A100020,Ordinary Deposits,20,ABC Bank Head Office,Subaccount,865000,0,O,O,000,Common Department,Department,000,Common Department,Department,,,,,,,,
2365,4266,1,1,,,,,,,,New installment savings,10A100020,Installment Savings,4,Installment Savings,Subaccount,240000,0,O,O,,,,,,,,,,000,Common Department,Department,,,,,,,,,,,
2365,4267,1,,,,,,,,,Insurance Reserve Deposits,10A230570,Insurance Reserve Deposits,,,,125000,0,O,O,,,,,,,,,,000,Common Department,Department,,,,,,,,,,,
2366,,,,,,147,2022-01-31,,,,,,,,,,,,,,,,,,,,,,,,,,,,,,,,,,,,
2366,4268,1,,1,1,,,,,,Loan repayment,10B100790,Short-term Borrowings,,,,653500,0,O,O,10A100020,Checking Deposits,1,ABC Bank,Subaccount,686175,0,O,O,000,Common Department,Department,000,Common Department,Department,,,,,,,,
2366,4269,1,,,,,,,,,Interest,10E300020,Interest Expense,,,,32675,0,E,E,,,,,,,,,,020,Tokyo Branch,Department,,,,,,,,,,,
2367,,,,,,164,2022-01-31,,,,,,,,,,,,,,,,,,,,,,,,,,,,,,,,,,,,
2367,4270,1,,1,1,,,,,,office supplies,10E201110,Office Supplies Expenses,,,,1307,118,S,S,10A100020,Cash,1,Cash,Subaccount,1307,0,O,O,050,Kyushu Sales Office,Department,000,Common Department,Department,,,,,,,,
2368,,,,,,990010,2022-01-31,,,,,,,,,,,,,,,,,,,,,,,,,,,,,,,,,,,,
2368,4271,1,,1,,,,,,,Sample definition: Semiannual bonus accrual allocated evenly 202201 Department010,10E200130,Bonuses,,,,110000,0,O,O,10B100320,Provision for Bonuses,,,,110000,0,O,O,010,Sapporo Sales Office,Department,010,Sapporo Sales Office,Department,,,,,,,,
2368,4272,1,,1,,,,,,,Sample definition: Semiannual bonus accrual allocated evenly 202201 Department020,10E200130,Bonuses,,,,261667,0,O,O,10B100320,Provision for Bonuses,,,,261667,0,O,O,020,Tokyo Branch,Department,020,Tokyo Branch,Department,,,,,,,,
2368,4273,1,,1,,,,,,,Sample definition: Semiannual bonus accrual allocated evenly 202201 Department030,10E200130,Bonuses,,,,102667,0,O,O,10B100320,Provision for Bonuses,,,,102667,0,O,O,030,Nagoya Branch,Department,030,Nagoya Branch,Department,,,,,,,,
2368,4274,1,,1,,,,,,,Sample definition: Semiannual bonus accrual allocated evenly 202201 Department040,10E200130,Bonuses,,,,120333,0,O,O,10B100320,Provision for Bonuses,,,,120333,0,O,O,040,Osaka Branch,Department,040,Osaka Branch,Department,,,,,,,,
2368,4275,1,,1,,,,,,,Sample definition: Semiannual bonus accrual allocated evenly 202201 Department050,10E200130,Bonuses,,,,79000,0,O,O,10B100320,Provision for Bonuses,,,,79000,0,O,O,050,Kyushu Sales Office,Department,050,Kyushu Sales Office,Department,,,,,,,,
