JP07a,JP08a,BS04fb,JP05a,BS04fc,JP05b,JP07a_GL03_01,JP07a_GL03_03,GL05c_01,GE23c_01,GE09eR_01,JP08a_GL04_03,JP06e_GE24_01,JP06e_GE24_02,JP05a_01,JP05a_02,JP05a_03,GE05ku_01,GE05kw_01,JP02j_BS09_01,JP02j_BS09_02,JP06f_GE24_01,JP06f_GE24_02,JP05b_01,JP05b_02,JP05b_03,GE05kz_01,GE05kB_01,JP02k_BS09_01,JP02k_BS09_02,BS04fb_01,BS04fb_02,BS04fb_03,BS04fc_01,BS04fc_02,BS04fc_03,Data_Scope,Document_ID,Document_Type,Document_Number,Related_Document_ID,Related_Document_Type,Related_Document_Number,Settlement_Scheduled_Month
2599,,,,,,66,2022-03-01,,,,,,,,,,,,,,,,,,,,,,,,,,,,,,,,,,,,
2599,4692,1,,1,1,,,,,,tissues and others,10E201270,Miscellaneous Expenses,,,,4298,390,S,S,10A100020,Cash,1,Cash,Subaccount,4298,0,O,O,010,Sapporo Sales Office,Department,000,Common Department,Department,,,,,,,,
2600,,,,,,164,2022-03-02,,,,,,,,,,,,,,,,,,,,,,,,,,,,,,,,,,,,
2600,4693,1,,1,1,,,,,,office supplies,10E201110,Office Supplies Expenses,,,,7350,668,S,S,10A100020,Cash,1,Cash,Subaccount,7350,0,O,O,050,Kyushu Sales Office,Department,000,Common Department,Department,,,,,,,,
2601,,,,,,19,2022-03-03,,,,,,,,,,,,,,,,,,,,,,,,,,,,,,,,,,,,
2601,4694,1,,1,1,,,,,,Travel expense,10E201230,Travel and Transportation Expenses,,,,38400,3490,S,S,10A100020,Cash,1,Cash,Subaccount,38400,0,O,O,010,Sapporo Sales Office,Department,000,Common Department,Department,,,,,,,,
2602,,,,,,41,2022-03-03,,,,,,,,,,,,,,,,,,,,,,,,,,,,,,,,,,,,
2602,4695,1,,1,1,,,,,,Wedding reception fee,10E200150,Entertainment Expenses,,,,14286,1298,S,S,10A100020,Cash,1,Cash,Subaccount,23810,0,O,O,020,Tokyo Branch,Department,000,Common Department,Department,,,,,,,,
2602,4696,1,,,,,,,,,Gift money,10E200150,Entertainment Expenses,,,,9524,865,S,S,,,,,,,,,,020,Tokyo Branch,Department,,,,,,,,,,,
2603,,,,,,56,2022-03-03,,,,,,,,,,,,,,,,,,,,,,,,,,,,,,,,,,,,
2603,4697,1,,1,1,,,,,,Travel expense,10E201230,Travel and Transportation Expenses,,,,42640,3876,S,S,10A100020,Cash,1,Cash,Subaccount,42640,0,O,O,020,Tokyo Branch,Department,000,Common Department,Department,,,,,,,,
2604,,,,,,134,2022-03-03,,,,,,,,,,,,,,,,,,,,,,,,,,,,,,,,,,,,
2604,4698,1,,1,,,,,,,Paper,10E201110,Office Supplies Expenses,,,,31500,2863,S,S,10B100630,Accounts Payable Other,,,,31500,0,O,O,020,Tokyo Branch,Department,000,Common Department,Department,,,,,,,,
2605,,,,,,142,2022-03-03,,,,,,,,,,,,,,,,,,,,,,,,,,,,,,,,,,,,
2605,4699,1,,1,1,,,,,,Expressway toll,10E201120,Vehicle Expenses,,,,220,20,S,S,10A100020,Cash,1,Cash,Subaccount,22725,0,O,O,040,Osaka Branch,Department,000,Common Department,Department,,,,,,,,
2605,4700,1,,,,,,,,,Gasoline,10E201120,Vehicle Expenses,,,,3338,303,S,S,,,,,,,,,,040,Osaka Branch,Department,,,,,,,,,,,
2605,4701,1,,,,,,,,,Expressway toll,10E201120,Vehicle Expenses,,,,5228,475,S,S,,,,,,,,,,040,Osaka Branch,Department,,,,,,,,,,,
2605,4702,1,,,,,,,,,Expressway toll,10E201120,Vehicle Expenses,,,,2461,223,S,S,,,,,,,,,,040,Osaka Branch,Department,,,,,,,,,,,
2605,4703,1,,,,,,,,,Expressway toll,10E201120,Vehicle Expenses,,,,3373,306,S,S,,,,,,,,,,040,Osaka Branch,Department,,,,,,,,,,,
2605,4704,1,,,,,,,,,Expressway toll,10E201120,Vehicle Expenses,,,,8105,736,S,S,,,,,,,,,,040,Osaka Branch,Department,,,,,,,,,,,
2606,,,,,,42,2022-03-05,,,,,,,,,,,,,,,,,,,,,,,,,,,,,,,,,,,,
2606,4705,1,,1,1,,,,,,Meal expense Anonymized Store 030 2 people,10E200150,Entertainment Expenses,,,,4510,410,S,S,10A100020,Cash,1,Cash,Subaccount,4510,0,O,O,020,Tokyo Branch,Department,000,Common Department,Department,,,,,,,,
2607,,,,,,43,2022-03-05,,,,,,,,,,,,,,,,,,,,,,,,,,,,,,,,,,,,
2607,4706,1,,1,1,,,,,,Gift expense Anonymized Store 058,10E200150,Entertainment Expenses,,,,7630,693,S,S,10A100020,Cash,1,Cash,Subaccount,7630,0,O,O,020,Tokyo Branch,Department,000,Common Department,Department,,,,,,,,
2608,,,,,,58,2022-03-05,,,,,,,,,,,,,,,,,,,,,,,,,,,,,,,,,,,,
2608,4707,1,,1,1,,,,,,Travel expense,10E201230,Travel and Transportation Expenses,,,,69800,6345,S,S,10A100020,Cash,1,Cash,Subaccount,69800,0,O,O,020,Tokyo Branch,Department,000,Common Department,Department,,,,,,,,
2609,,,,,,84,2022-03-05,,,,,,,,,,,,,,,,,,,,,,,,,,,,,,,,,,,,
2609,4708,1,1,1,1,,,,,,Voucher No. 458 dated 3/5 Anonymized Partner 070,10A100020,Ordinary Deposits,50,MNO Bank Kitakyushu Branch,Subaccount,1055696,0,O,O,10A100090,Accounts Receivable,22,Anonymized Partner 070,Subaccount,1055696,0,O,O,000,Common Department,Department,000,Common Department,Department,,,,,,,,
2609,4709,1,,1,1,,,,,,Voucher No. 458 dated 3/5 Anonymized Partner 070,10E200690,Service Fees,,,,472,42,S,S,10A100090,Accounts Receivable,22,Anonymized Partner 070,Subaccount,472,0,O,O,050,Kyushu Sales Office,Department,000,Common Department,Department,,,,,,,,
2610,,,,,,85,2022-03-05,,,,,,,,,,,,,,,,,,,,,,,,,,,,,,,,,,,,
2610,4710,1,1,1,1,,,,,,Voucher No. 459 dated 3/5 Anonymized Partner 082,10A100020,Ordinary Deposits,20,ABC Bank Head Office,Subaccount,1096160,0,O,O,10A100090,Accounts Receivable,26,Anonymized Partner 082,Subaccount,1096160,0,O,O,000,Common Department,Department,000,Common Department,Department,,,,,,,,
2610,4711,1,,1,1,,,,,,Voucher No. 459 dated 3/5 Anonymized Partner 082,10E200690,Service Fees,,,,472,42,S,S,10A100090,Accounts Receivable,26,Anonymized Partner 082,Subaccount,472,0,O,O,020,Tokyo Branch,Department,000,Common Department,Department,,,,,,,,
2611,,,,,,86,2022-03-05,,,,,,,,,,,,,,,,,,,,,,,,,,,,,,,,,,,,
2611,4712,1,1,1,1,,,,,,Voucher No. 460 dated 3/5 Anonymized Partner 025,10A100020,Ordinary Deposits,30,GHI Bank Nagoya Branch,Subaccount,919584,0,O,O,10A100090,Accounts Receivable,27,Anonymized Partner 025,Subaccount,919584,0,O,O,000,Common Department,Department,000,Common Department,Department,,,,,,,,
2612,,,,,,133,2022-03-05,,,,,,,,,,,,,,,,,,,,,,,,,,,,,,,,,,,,
2612,4713,1,,1,1,,,,,,Tax accountant fee,10E200600,Professional Fees,,,,139710,12700,S,S,10A100020,Ordinary Deposits,20,ABC Bank Head Office,Subaccount,139710,0,O,O,020,Tokyo Branch,Department,000,Common Department,Department,,,,,,,,
2613,,,,,,7,2022-03-06,,,,,,,,,,,,,,,,,,,,,,,,,,,,,,,,,,,,
2613,4714,1,,1,1,,,,,,Meal expense Anonymized Store 068 7 people,10E200150,Entertainment Expenses,,,,21840,1985,S,S,10A100020,Cash,1,Cash,Subaccount,21840,0,O,O,010,Sapporo Sales Office,Department,000,Common Department,Department,,,,,,,,
2614,,,,,,22,2022-03-06,,,,,,,,,,,,,,,,,,,,,,,,,,,,,,,,,,,,
2614,4715,1,,1,1,,,,,,Travel expense,10E201230,Travel and Transportation Expenses,,,,32900,2990,S,S,10A100020,Cash,1,Cash,Subaccount,32900,0,O,O,010,Sapporo Sales Office,Department,000,Common Department,Department,,,,,,,,
2615,,,,,,110,2022-03-06,,,,,,,,,,,,,,,,,,,,,,,,,,,,,,,,,,,,
2615,4716,1,,1,1,,,,,,taxi expense,10E201230,Travel and Transportation Expenses,,,,2290,208,S,S,10A100020,Cash,1,Cash,Subaccount,2290,0,O,O,040,Osaka Branch,Department,000,Common Department,Department,,,,,,,,
2616,,,,,,147,2022-03-06,,,,,,,,,,,,,,,,,,,,,,,,,,,,,,,,,,,,
2616,4717,1,,1,,,,,,,Gasoline,10E201120,Vehicle Expenses,,,,6334,575,S,S,10B100630,Accounts Payable Other,,,,6334,0,O,O,050,Kyushu Sales Office,Department,000,Common Department,Department,,,,,,,,
2617,,,,,,10,2022-03-07,,,,,,,,,,,,,,,,,,,,,,,,,,,,,,,,,,,,
2617,4718,1,,1,1,,,,,,Parking fee,10E201120,Vehicle Expenses,,,,300,27,S,S,10A100020,Cash,1,Cash,Subaccount,300,0,O,O,010,Sapporo Sales Office,Department,000,Common Department,Department,,,,,,,,
2618,,,,,,69,2022-03-07,,,,,,,,,,,,,,,,,,,,,,,,,,,,,,,,,,,,
2618,4719,1,,1,1,,,,,,toilet paper expense,10E201270,Miscellaneous Expenses,,,,1398,127,S,S,10A100020,Cash,1,Cash,Subaccount,1398,0,O,O,020,Tokyo Branch,Department,000,Common Department,Department,,,,,,,,
2619,,,,,,77,2022-03-07,,,,,,,,,,,,,,,,,,,,,,,,,,,,,,,,,,,,
2619,4720,1,,1,1,,,,,,Travel expense,10E201230,Travel and Transportation Expenses,,,,35000,3181,S,S,10A100020,Cash,1,Cash,Subaccount,35000,0,O,O,030,Nagoya Branch,Department,000,Common Department,Department,,,,,,,,
2620,,,,,,78,2022-03-07,,,,,,,,,,,,,,,,,,,,,,,,,,,,,,,,,,,,
2620,4721,1,,1,1,,,,,,Anonymized Railway Company A expense,10E201230,Travel and Transportation Expenses,,,,7500,681,S,S,10A100020,Cash,1,Cash,Subaccount,7500,0,O,O,030,Nagoya Branch,Department,000,Common Department,Department,,,,,,,,
2621,,,,,,79,2022-03-07,,,,,,,,,,,,,,,,,,,,,,,,,,,,,,,,,,,,
2621,4722,1,,1,1,,,,,,taxi expense,10E201230,Travel and Transportation Expenses,,,,2300,209,S,S,10A100020,Cash,1,Cash,Subaccount,2300,0,O,O,030,Nagoya Branch,Department,000,Common Department,Department,,,,,,,,
2622,,,,,,102,2022-03-07,,,,,,,,,,,,,,,,,,,,,,,,,,,,,,,,,,,,
2622,4723,1,,1,1,,,,,,Gift expense Anonymized Store 089,10E200150,Entertainment Expenses,,,,2100,190,S,S,10A100020,Cash,1,Cash,Subaccount,2100,0,O,O,040,Osaka Branch,Department,000,Common Department,Department,,,,,,,,
2623,,,,,,161,2022-03-07,,,,,,,,,,,,,,,,,,,,,,,,,,,,,,,,,,,,
2623,4724,1,,1,1,,,,,,Travel expense,10E201230,Travel and Transportation Expenses,,,,5530,502,S,S,10A100020,Cash,1,Cash,Subaccount,5530,0,O,O,050,Kyushu Sales Office,Department,000,Common Department,Department,,,,,,,,
2624,,,,,,50,2022-03-08,,,,,,,,,,,,,,,,,,,,,,,,,,,,,,,,,,,,
2624,4725,1,,1,1,,,,,,Expressway toll,10E201120,Vehicle Expenses,,,,1200,109,S,S,10A100020,Cash,1,Cash,Subaccount,1200,0,O,O,020,Tokyo Branch,Department,000,Common Department,Department,,,,,,,,
2625,,,,,,151,2022-03-08,,,,,,,,,,,,,,,,,,,,,,,,,,,,,,,,,,,,
2625,4726,1,,1,1,,,,,,golf play expense,10E200150,Entertainment Expenses,,,,8400,763,S,S,10A100020,Cash,1,Cash,Subaccount,8400,0,O,O,040,Osaka Branch,Department,000,Common Department,Department,,,,,,,,
2626,,,,,,20,2022-03-09,,,,,,,,,,,,,,,,,,,,,,,,,,,,,,,,,,,,
2626,4727,1,,1,1,,,,,,Travel expense,10E201230,Travel and Transportation Expenses,,,,51200,4654,S,S,10A100020,Cash,1,Cash,Subaccount,51200,0,O,O,010,Sapporo Sales Office,Department,000,Common Department,Department,,,,,,,,
2627,,,,,,11,2022-03-10,,,,,,,,,,,,,,,,,,,,,,,,,,,,,,,,,,,,
2627,4728,1,,1,1,,,,,,Gasoline,10E201120,Vehicle Expenses,,,,4632,421,S,S,10A100020,Cash,1,Cash,Subaccount,4632,0,O,O,010,Sapporo Sales Office,Department,000,Common Department,Department,,,,,,,,
2628,,,,,,33,2022-03-10,,,,,,,,,,,,,,,,,,,,,,,,,,,,,,,,,,,,
2628,4729,1,,1,1,,,,,,Rent payment,10E200720,Rent Expenses,,,,320000,29090,S,S,10A100020,Ordinary Deposits,10,DEF Bank Station Branch,Subaccount,320000,0,O,O,010,Sapporo Sales Office,Department,000,Common Department,Department,,,,,,,,
2628,4730,1,,1,1,,,,,,Telephone expense,10E200180,Communication Expenses,,,,142365,12942,S,S,10A100020,Ordinary Deposits,10,DEF Bank Station Branch,Subaccount,142365,0,O,O,010,Sapporo Sales Office,Department,000,Common Department,Department,,,,,,,,
2629,,,,,,57,2022-03-10,,,,,,,,,,,,,,,,,,,,,,,,,,,,,,,,,,,,
2629,4731,1,,1,1,,,,,,Anonymized Railway Company A expense,10E201230,Travel and Transportation Expenses,,,,101000,9181,S,S,10A100020,Cash,1,Cash,Subaccount,101000,0,O,O,020,Tokyo Branch,Department,000,Common Department,Department,,,,,,,,
2630,,,,,,61,2022-03-10,,,,,,,,,,,,,,,,,,,,,,,,,,,,,,,,,,,,
2630,4732,1,1,1,1,,,,,,Withholding Tax payment,10B100690,Deposits Received,3,Withholding Tax,Subaccount,246932,0,O,O,10A100020,Ordinary Deposits,20,ABC Bank Head Office,Subaccount,696432,0,O,O,000,Common Department,Department,000,Common Department,Department,,,,,,,,
2630,4733,1,1,,,,,,,,Resident Tax payment,10B100690,Deposits Received,2,Resident Tax,Subaccount,449500,0,O,O,,,,,,,,,,000,Common Department,Department,,,,,,,,,,,
2631,,,,,,63,2022-03-10,,,,,,,,,,,,,,,,,,,,,,,,,,,,,,,,,,,,
2631,4734,1,,1,1,,,,,,Rent payment,10E200720,Rent Expenses,,,,1260000,114545,S,S,10A100020,Ordinary Deposits,20,ABC Bank Head Office,Subaccount,1260000,0,O,O,020,Tokyo Branch,Department,000,Common Department,Department,,,,,,,,
2632,,,,,,64,2022-03-10,,,,,,,,,,,,,,,,,,,,,,,,,,,,,,,,,,,,
2632,4735,1,,1,1,,,,,,Rent payment,10E200720,Rent Expenses,,,,840000,76363,S,S,10A100020,Ordinary Deposits,40,JKL Bank Umeda Branch,Subaccount,840000,0,O,O,040,Osaka Branch,Department,000,Common Department,Department,,,,,,,,
2633,,,,,,65,2022-03-10,,,,,,,,,,,,,,,,,,,,,,,,,,,,,,,,,,,,
2633,4736,1,,1,,,,,,,Wired service fee,10E201270,Miscellaneous Expenses,,,,5000,454,S,S,10B100630,Accounts Payable Other,,,,39286,0,O,O,010,Sapporo Sales Office,Department,000,Common Department,Department,,,,,,,,
2633,4737,1,,,,,,,,,Security fee,10E201270,Miscellaneous Expenses,,,,34286,3116,S,S,,,,,,,,,,010,Sapporo Sales Office,Department,,,,,,,,,,,
2634,,,,,,76,2022-03-10,,,,,,,,,,,,,,,,,,,,,,,,,,,,,,,,,,,,
2634,4738,1,,1,,,,,,,Employee late-night meal,10E200140,Employee Welfare Expenses,,,,75460,6860,S,S,10B100630,Accounts Payable Other,,,,75460,0,O,O,020,Tokyo Branch,Department,000,Common Department,Department,,,,,,,,
2635,,,,,,78,2022-03-10,,,,,,,,,,,,,,,,,,,,,,,,,,,,,,,,,,,,
2635,4739,1,,1,1,,,,,,Gasoline,10E201120,Vehicle Expenses,,,,5623,511,S,S,10A100020,Cash,1,Cash,Subaccount,7338,0,O,O,050,Kyushu Sales Office,Department,000,Common Department,Department,,,,,,,,
2635,4740,1,,,,,,,,,Expressway toll,10E201120,Vehicle Expenses,,,,1715,155,S,S,,,,,,,,,,050,Kyushu Sales Office,Department,,,,,,,,,,,
2636,,,,,,87,2022-03-10,,,,,,,,,,,,,,,,,,,,,,,,,,,,,,,,,,,,
2636,4741,1,1,1,1,,,,,,Voucher No. 461 dated 3/10 Anonymized Partner 085,10B100040,Accounts Payable,3,Anonymized Partner 085,Subaccount,828232,0,O,O,10A100090,Accounts Receivable,3,Anonymized Partner 085,Subaccount,828232,0,O,O,000,Common Department,Department,000,Common Department,Department,,,,,,,,
2637,,,,,,88,2022-03-10,,,,,,,,,,,,,,,,,,,,,,,,,,,,,,,,,,,,
2637,4742,1,1,1,1,,,,,,Voucher No. 462 dated 3/10 Anonymized Partner 066 Tokyo Head Office,10A100020,Ordinary Deposits,20,ABC Bank Head Office,Subaccount,7958128,0,O,O,10A100090,Accounts Receivable,14,Anonymized Partner 066,Subaccount,7958128,0,O,O,000,Common Department,Department,000,Common Department,Department,,,,,,,,
2637,4743,1,,1,1,,,,,,Voucher No. 462 dated 3/10 Anonymized Partner 066 Tokyo Head Office,10E200690,Service Fees,,,,735,66,S,S,10A100090,Accounts Receivable,14,Anonymized Partner 066,Subaccount,735,0,O,O,020,Tokyo Branch,Department,000,Common Department,Department,,,,,,,,
2638,,,,,,89,2022-03-10,,,,,,,,,,,,,,,,,,,,,,,,,,,,,,,,,,,,
2638,4744,1,1,1,1,,,,,,Voucher No. 463 dated 3/10 Anonymized Partner 045,10A100020,Ordinary Deposits,30,GHI Bank Nagoya Branch,Subaccount,351715,0,O,O,10A100090,Accounts Receivable,19,Anonymized Partner 045,Subaccount,351715,0,O,O,000,Common Department,Department,000,Common Department,Department,,,,,,,,
2638,4745,1,,1,1,,,,,,Voucher No. 463 dated 3/10 Anonymized Partner 045,10E200690,Service Fees,,,,735,66,S,S,10A100090,Accounts Receivable,19,Anonymized Partner 045,Subaccount,735,0,O,O,030,Nagoya Branch,Department,000,Common Department,Department,,,,,,,,
2639,,,,,,90,2022-03-10,,,,,,,,,,,,,,,,,,,,,,,,,,,,,,,,,,,,
2639,4746,1,,1,1,,,,,,Voucher No. 464 dated 3/10 Anonymized Partner 072 | Sales voucher=20220228-114;Note number=R20220310-90-28,10A100060,Notes Receivable,,,,6175852,0,O,O,10A100090,Accounts Receivable,28,Anonymized Partner 072,Subaccount,6175852,0,O,O,000,Common Department,Department,000,Common Department,Department,,,,,,,,
2640,,,,,,91,2022-03-10,,,,,,,,,,,,,,,,,,,,,,,,,,,,,,,,,,,,
2640,4747,1,1,1,,,,,,,Voucher No. 348 dated 3/10 Anonymized Partner 085,10B100040,Accounts Payable,3,Anonymized Partner 085,Subaccount,2898021,0,O,O,10B100030,Notes Payable,,,,2898021,0,O,O,000,Common Department,Department,000,Common Department,Department,,,,,,,,
2641,,,,,,92,2022-03-10,,,,,,,,,,,,,,,,,,,,,,,,,,,,,,,,,,,,
2641,4748,1,1,1,1,,,,,,Voucher No. 349 dated 3/10 Anonymized Partner 063,10B100040,Accounts Payable,8,Anonymized Partner 063,Subaccount,431827,0,O,O,10A100020,Ordinary Deposits,20,ABC Bank Head Office,Subaccount,431827,0,O,O,000,Common Department,Department,000,Common Department,Department,,,,,,,,
2642,,,,,,129,2022-03-10,,,,,,,,,,,,,,,,,,,,,,,,,,,,,,,,,,,,
2642,4749,1,,1,1,,,,,,Rent payment,10E200720,Rent Expenses,,,,399000,36272,S,S,10A100020,Ordinary Deposits,30,GHI Bank Nagoya Branch,Subaccount,399000,0,O,O,030,Nagoya Branch,Department,000,Common Department,Department,,,,,,,,
2643,,,,,,136,2022-03-10,,,,,,,,,,,,,,,,,,,,,,,,,,,,,,,,,,,,
2643,4750,1,,1,1,,,,,,Note due date settlement Anonymized Partner 085,10B100030,Notes Payable,,,,2823907,0,O,O,10A100020,Checking Deposits,1,ABC Bank,Subaccount,2823907,0,O,O,000,Common Department,Department,000,Common Department,Department,,,,,,,,
2644,,,,,,143,2022-03-10,,,,,,,,,,,,,,,,,,,,,,,,,,,,,,,,,,,,
2644,4751,1,,1,1,,,,,,Inspection service fee,10E201120,Vehicle Expenses,,,,12500,1136,S,S,10A100020,Cash,1,Cash,Subaccount,12500,0,O,O,040,Osaka Branch,Department,000,Common Department,Department,,,,,,,,
2645,,,,,,150,2022-03-10,,,,,,,,,,,,,,,,,,,,,,,,,,,,,,,,,,,,
2645,4752,1,,1,1,,,,,,golf play expense,10E200150,Entertainment Expenses,,,,8400,763,S,S,10A100020,Cash,1,Cash,Subaccount,8400,0,O,O,050,Kyushu Sales Office,Department,000,Common Department,Department,,,,,,,,
2646,,,,,,162,2022-03-10,,,,,,,,,,,,,,,,,,,,,,,,,,,,,,,,,,,,
2646,4753,1,,1,1,,,,,,Meeting Meal expense,10E201130,Meeting Expenses,,,,24995,2272,S,S,10A100020,Cash,1,Cash,Subaccount,24995,0,O,O,020,Tokyo Branch,Department,000,Common Department,Department,,,,,,,,
2647,,,,,,167,2022-03-10,,,,,,,,,,,,,,,,,,,,,,,,,,,,,,,,,,,,
2647,4754,1,,1,1,,,,,,Rent payment,10E200720,Rent Expenses,,,,630000,57272,S,S,10A100020,Ordinary Deposits,50,MNO Bank Kitakyushu Branch,Subaccount,630000,0,O,O,050,Kyushu Sales Office,Department,000,Common Department,Department,,,,,,,,
2647,4755,1,,1,1,,,,,,Telephone expense,10E200180,Communication Expenses,,,,175229,15929,S,S,10A100020,Ordinary Deposits,50,MNO Bank Kitakyushu Branch,Subaccount,175229,0,O,O,050,Kyushu Sales Office,Department,000,Common Department,Department,,,,,,,,
2648,,,,,,168,2022-03-10,,,,,,,,,,,,,,,,,,,,,,,,,,,,,,,,,,,,
2648,4756,1,,1,,,,,,,Wired service fee,10E201270,Miscellaneous Expenses,,,,6000,545,S,S,10B100630,Accounts Payable Other,,,,48858,0,O,O,050,Kyushu Sales Office,Department,000,Common Department,Department,,,,,,,,
2648,4757,1,,,,,,,,,Security fee,10E201270,Miscellaneous Expenses,,,,42858,3896,S,S,,,,,,,,,,050,Kyushu Sales Office,Department,,,,,,,,,,,
2649,,,,,,85,2022-03-11,,,,,,,,,,,,,,,,,,,,,,,,,,,,,,,,,,,,
2649,4758,1,,1,1,,,,,,Telephone expense,10E200180,Communication Expenses,,,,56347,5122,S,S,10A100020,Ordinary Deposits,30,GHI Bank Nagoya Branch,Subaccount,56347,0,O,O,030,Nagoya Branch,Department,000,Common Department,Department,,,,,,,,
2650,,,,,,112,2022-03-11,,,,,,,,,,,,,,,,,,,,,,,,,,,,,,,,,,,,
2650,4759,1,,1,1,,,,,,Telephone expense,10E200180,Communication Expenses,,,,268243,24385,S,S,10A100020,Ordinary Deposits,40,JKL Bank Umeda Branch,Subaccount,268243,0,O,O,040,Osaka Branch,Department,000,Common Department,Department,,,,,,,,
2651,,,,,,68,2022-03-12,,,,,,,,,,,,,,,,,,,,,,,,,,,,,,,,,,,,
2651,4760,1,,1,1,,,,,,Battery expense,10E201270,Miscellaneous Expenses,,,,630,57,S,S,10A100020,Cash,1,Cash,Subaccount,630,0,O,O,040,Osaka Branch,Department,000,Common Department,Department,,,,,,,,
2652,,,,,,73,2022-03-12,,,,,,,,,,,,,,,,,,,,,,,,,,,,,,,,,,,,
2652,4761,1,,1,1,,,,,,Meal expense Anonymized Store 080 2 people,10E200150,Entertainment Expenses,,,,9750,886,S,S,10A100020,Cash,1,Cash,Subaccount,9750,0,O,O,020,Tokyo Branch,Department,000,Common Department,Department,,,,,,,,
2653,,,,,,86,2022-03-12,,,,,,,,,,,,,,,,,,,,,,,,,,,,,,,,,,,,
2653,4762,1,,1,1,,,,,,Postage stamps,10E200180,Communication Expenses,,,,8000,727,S,S,10A100020,Cash,1,Cash,Subaccount,8000,0,O,O,030,Nagoya Branch,Department,000,Common Department,Department,,,,,,,,
2654,,,,,,21,2022-03-13,,,,,,,,,,,,,,,,,,,,,,,,,,,,,,,,,,,,
2654,4763,1,,1,1,,,,,,Anonymized Railway Company A expense,10E201230,Travel and Transportation Expenses,,,,89505,8136,S,S,10A100020,Cash,1,Cash,Subaccount,89505,0,O,O,010,Sapporo Sales Office,Department,000,Common Department,Department,,,,,,,,
2655,,,,,,144,2022-03-13,,,,,,,,,,,,,,,,,,,,,,,,,,,,,,,,,,,,
2655,4764,1,,1,1,,,,,,Gasoline,10E201120,Vehicle Expenses,,,,2382,216,S,S,10A100020,Cash,1,Cash,Subaccount,17531,0,O,O,040,Osaka Branch,Department,000,Common Department,Department,,,,,,,,
2655,4765,1,,,,,,,,,Gasoline,10E201120,Vehicle Expenses,,,,7487,680,S,S,,,,,,,,,,040,Osaka Branch,Department,,,,,,,,,,,
2655,4766,1,,,,,,,,,Expressway toll,10E201120,Vehicle Expenses,,,,7662,696,S,S,,,,,,,,,,040,Osaka Branch,Department,,,,,,,,,,,
2656,,,,,,158,2022-03-13,,,,,,,,,,,,,,,,,,,,,,,,,,,,,,,,,,,,
2656,4767,1,,1,1,,,,,,Air ticket,10E201230,Travel and Transportation Expenses,,,,57000,5181,S,S,10A100020,Cash,1,Cash,Subaccount,57000,0,O,O,040,Osaka Branch,Department,000,Common Department,Department,,,,,,,,
2657,,,,,,17,2022-03-14,,,,,,,,,,,,,,,,,,,,,,,,,,,,,,,,,,,,
2657,4768,1,,1,1,,,,,,Windshield washer fluid,10E201120,Vehicle Expenses,,,,368,33,S,S,10A100020,Cash,1,Cash,Subaccount,368,0,O,O,010,Sapporo Sales Office,Department,000,Common Department,Department,,,,,,,,
2658,,,,,,46,2022-03-14,,,,,,,,,,,,,,,,,,,,,,,,,,,,,,,,,,,,
2658,4769,1,,1,1,,,,,,Gasoline,10E201120,Vehicle Expenses,,,,2341,212,S,S,10A100020,Cash,1,Cash,Subaccount,11988,0,O,O,020,Tokyo Branch,Department,000,Common Department,Department,,,,,,,,
2658,4770,1,,,,,,,,,Gasoline,10E201120,Vehicle Expenses,,,,4767,433,S,S,,,,,,,,,,020,Tokyo Branch,Department,,,,,,,,,,,
2658,4771,1,,,,,,,,,Gasoline,10E201120,Vehicle Expenses,,,,4880,443,S,S,,,,,,,,,,020,Tokyo Branch,Department,,,,,,,,,,,
2659,,,,,,51,2022-03-14,,,,,,,,,,,,,,,,,,,,,,,,,,,,,,,,,,,,
2659,4772,1,,1,1,,,,,,Expressway toll,10E201120,Vehicle Expenses,,,,1505,136,S,S,10A100020,Cash,1,Cash,Subaccount,7176,0,O,O,020,Tokyo Branch,Department,000,Common Department,Department,,,,,,,,
2659,4773,1,,,,,,,,,Expressway toll,10E201120,Vehicle Expenses,,,,620,56,S,S,,,,,,,,,,020,Tokyo Branch,Department,,,,,,,,,,,
2659,4774,1,,,,,,,,,Expressway toll,10E201120,Vehicle Expenses,,,,810,73,S,S,,,,,,,,,,020,Tokyo Branch,Department,,,,,,,,,,,
2659,4775,1,,,,,,,,,Expressway toll,10E201120,Vehicle Expenses,,,,1096,99,S,S,,,,,,,,,,020,Tokyo Branch,Department,,,,,,,,,,,
2659,4776,1,,,,,,,,,Expressway toll,10E201120,Vehicle Expenses,,,,1096,99,S,S,,,,,,,,,,020,Tokyo Branch,Department,,,,,,,,,,,
2659,4777,1,,,,,,,,,Expressway toll,10E201120,Vehicle Expenses,,,,1096,99,S,S,,,,,,,,,,020,Tokyo Branch,Department,,,,,,,,,,,
2659,4778,1,,,,,,,,,Expressway toll,10E201120,Vehicle Expenses,,,,953,86,S,S,,,,,,,,,,020,Tokyo Branch,Department,,,,,,,,,,,
2660,,,,,,61,2022-03-14,,,,,,,,,,,,,,,,,,,,,,,,,,,,,,,,,,,,
2660,4779,1,,1,1,,,,,,Telephone expense,10E200180,Communication Expenses,,,,134697,12245,S,S,10A100020,Ordinary Deposits,20,ABC Bank Head Office,Subaccount,134697,0,O,O,020,Tokyo Branch,Department,000,Common Department,Department,,,,,,,,
2661,,,,,,82,2022-03-14,,,,,,,,,,,,,,,,,,,,,,,,,,,,,,,,,,,,
2661,4780,1,,1,,,,,,,Gasoline,10E201120,Vehicle Expenses,,,,31405,2855,S,S,10B100630,Accounts Payable Other,,,,31405,0,O,O,030,Nagoya Branch,Department,000,Common Department,Department,,,,,,,,
2662,,,,,,4,2022-03-15,,,,,,,,,,,,,,,,,,,,,,,,,,,,,,,,,,,,
2662,4781,1,,1,,,,,,,Advertising expense,10E200050,Advertising Expenses,,,,31500,2863,S,S,10B100630,Accounts Payable Other,,,,31500,0,O,O,010,Sapporo Sales Office,Department,000,Common Department,Department,,,,,,,,
2663,,,,,,59,2022-03-15,,,,,,,,,,,,,,,,,,,,,,,,,,,,,,,,,,,,
2663,4782,1,,1,1,,,,,,Travel expense,10E201230,Travel and Transportation Expenses,,,,42858,3896,S,S,10A100020,Cash,1,Cash,Subaccount,73335,0,O,O,020,Tokyo Branch,Department,000,Common Department,Department,,,,,,,,
2663,4783,1,,,,,,,,,Anonymized Railway Company A expense,10E201230,Travel and Transportation Expenses,,,,30477,2770,S,S,,,,,,,,,,020,Tokyo Branch,Department,,,,,,,,,,,
2664,,,,,,74,2022-03-15,,,,,,,,,,,,,,,,,,,,,,,,,,,,,,,,,,,,
2664,4784,1,,1,1,,,,,,Meal expense Anonymized Store 013,10E200150,Entertainment Expenses,,,,21650,1968,S,S,10A100020,Cash,1,Cash,Subaccount,21650,0,O,O,020,Tokyo Branch,Department,000,Common Department,Department,,,,,,,,
2665,,,,,,82,2022-03-15,,,,,,,,,,,,,,,,,,,,,,,,,,,,,,,,,,,,
2665,4785,1,,1,1,,,,,,Month 3 Payroll Other 0060 Part-time Staff,10E200520,Temporary Wages,,,,268960,0,O,O,10A100020,Cash,1,Cash,Subaccount,258617,0,O,O,020,Tokyo Branch,Department,000,Common Department,Department,,,,,,,,
2665,4786,,,1,1,,,,,,Month 3 Payroll Other 0060 Part-time Staff,,,,,,,,,,10B100690,Deposits Received,3,Withholding Tax,Subaccount,630,0,O,O,,,,000,Common Department,Department,,,,,,,,
2665,4787,,,1,1,,,,,,Month 3 Payroll Other 0060 Part-time Staff,,,,,,,,,,10B100690,Deposits Received,9,Other,Subaccount,9713,0,O,O,,,,000,Common Department,Department,,,,,,,,
2666,,,,,,93,2022-03-15,,,,,,,,,,,,,,,,,,,,,,,,,,,,,,,,,,,,
2666,4788,1,1,1,1,,,,,,Voucher No. 465 dated 3/15 Anonymized Partner 068,10A100020,Ordinary Deposits,50,MNO Bank Kitakyushu Branch,Subaccount,1608004,0,O,O,10A100090,Accounts Receivable,1,Anonymized Partner 068,Subaccount,1608004,0,O,O,000,Common Department,Department,000,Common Department,Department,,,,,,,,
2666,4789,1,,1,1,,,,,,Voucher No. 465 dated 3/15 Anonymized Partner 068,10E200690,Service Fees,,,,840,76,S,S,10A100090,Accounts Receivable,1,Anonymized Partner 068,Subaccount,840,0,O,O,050,Kyushu Sales Office,Department,000,Common Department,Department,,,,,,,,
2667,,,,,,94,2022-03-15,,,,,,,,,,,,,,,,,,,,,,,,,,,,,,,,,,,,
2667,4790,1,1,1,1,,,,,,Voucher No. 466 dated 3/15 Anonymized Partner 061,10A100020,Ordinary Deposits,30,GHI Bank Nagoya Branch,Subaccount,1032910,0,O,O,10A100090,Accounts Receivable,6,Anonymized Partner 061,Subaccount,1032910,0,O,O,000,Common Department,Department,000,Common Department,Department,,,,,,,,
2667,4791,1,,1,1,,,,,,Voucher No. 466 dated 3/15 Anonymized Partner 061,10E200690,Service Fees,,,,840,76,S,S,10A100090,Accounts Receivable,6,Anonymized Partner 061,Subaccount,840,0,O,O,030,Nagoya Branch,Department,000,Common Department,Department,,,,,,,,
2668,,,,,,95,2022-03-15,,,,,,,,,,,,,,,,,,,,,,,,,,,,,,,,,,,,
2668,4792,1,1,1,1,,,,,,Voucher No. 467 dated 3/15 Anonymized Partner 073,10A100020,Ordinary Deposits,40,JKL Bank Umeda Branch,Subaccount,648960,0,O,O,10A100090,Accounts Receivable,8,Anonymized Partner 073,Subaccount,648960,0,O,O,000,Common Department,Department,000,Common Department,Department,,,,,,,,
2668,4793,1,,1,1,,,,,,Voucher No. 467 dated 3/15 Anonymized Partner 073,10E200690,Service Fees,,,,840,76,S,S,10A100090,Accounts Receivable,8,Anonymized Partner 073,Subaccount,840,0,O,O,040,Osaka Branch,Department,000,Common Department,Department,,,,,,,,
2669,,,,,,96,2022-03-15,,,,,,,,,,,,,,,,,,,,,,,,,,,,,,,,,,,,
2669,4794,1,1,1,1,,,,,,Voucher No. 468 dated 3/15 Anonymized Partner 026,10A100020,Ordinary Deposits,40,JKL Bank Umeda Branch,Subaccount,1712320,0,O,O,10A100090,Accounts Receivable,9,Anonymized Partner 026,Subaccount,1712320,0,O,O,000,Common Department,Department,000,Common Department,Department,,,,,,,,
2669,4795,1,,1,1,,,,,,Voucher No. 468 dated 3/15 Anonymized Partner 026,10E200690,Service Fees,,,,840,76,S,S,10A100090,Accounts Receivable,9,Anonymized Partner 026,Subaccount,840,0,O,O,040,Osaka Branch,Department,000,Common Department,Department,,,,,,,,
2670,,,,,,97,2022-03-15,,,,,,,,,,,,,,,,,,,,,,,,,,,,,,,,,,,,
2670,4796,1,1,1,1,,,,,,Voucher No. 469 dated 3/15 Anonymized Partner 023,10A100020,Ordinary Deposits,20,ABC Bank Head Office,Subaccount,1024020,0,O,O,10A100090,Accounts Receivable,13,Anonymized Partner 023,Subaccount,1024020,0,O,O,000,Common Department,Department,000,Common Department,Department,,,,,,,,
2671,,,,,,98,2022-03-15,,,,,,,,,,,,,,,,,,,,,,,,,,,,,,,,,,,,
2671,4797,1,1,1,1,,,,,,Voucher No. 470 dated 3/15 Anonymized Partner 079,10A100020,Ordinary Deposits,40,JKL Bank Umeda Branch,Subaccount,793799,0,O,O,10A100090,Accounts Receivable,20,Anonymized Partner 079,Subaccount,793799,0,O,O,000,Common Department,Department,000,Common Department,Department,,,,,,,,
2671,4798,1,,1,1,,,,,,Voucher No. 470 dated 3/15 Anonymized Partner 079,10E200690,Service Fees,,,,315,28,S,S,10A100090,Accounts Receivable,20,Anonymized Partner 079,Subaccount,315,0,O,O,040,Osaka Branch,Department,000,Common Department,Department,,,,,,,,
2672,,,,,,99,2022-03-15,,,,,,,,,,,,,,,,,,,,,,,,,,,,,,,,,,,,
2672,4799,1,1,1,1,,,,,,Voucher No. 350 dated 3/15 Anonymized Partner 043,10B100040,Accounts Payable,1,Anonymized Partner 043,Subaccount,8427411,0,O,O,10A100020,Ordinary Deposits,20,ABC Bank Head Office,Subaccount,8427411,0,O,O,000,Common Department,Department,000,Common Department,Department,,,,,,,,
2673,,,,,,130,2022-03-15,,,,,,,,,,,,,,,,,,,,,,,,,,,,,,,,,,,,
2673,4800,1,,1,1,,,,,,Membership fee,10E201140,Membership Fees,,,,24000,0,O,O,10A100020,Ordinary Deposits,40,JKL Bank Umeda Branch,Subaccount,24000,0,O,O,040,Osaka Branch,Department,000,Common Department,Department,,,,,,,,
2674,,,,,,103,2022-03-16,,,,,,,,,,,,,,,,,,,,,,,,,,,,,,,,,,,,
2674,4801,1,,1,1,,,,,,Meal expense Anonymized Store 056 2 people,10E200150,Entertainment Expenses,,,,5680,516,S,S,10A100020,Cash,1,Cash,Subaccount,5680,0,O,O,040,Osaka Branch,Department,000,Common Department,Department,,,,,,,,
2675,,,,,,117,2022-03-16,,,,,,,,,,,,,,,,,,,,,,,,,,,,,,,,,,,,
2675,4802,1,,1,1,,,,,,Membership fee,10E201140,Membership Fees,,,,20000,0,O,O,10A100020,Cash,1,Cash,Subaccount,20000,0,O,O,040,Osaka Branch,Department,000,Common Department,Department,,,,,,,,
2676,,,,,,136,2022-03-16,,,,,,,,,,,,,,,,,,,,,,,,,,,,,,,,,,,,
2676,4803,1,,1,1,,,,,,Anonymized Cleaning Company A expense,10E201270,Miscellaneous Expenses,,,,16500,1500,S,S,10A100020,Cash,1,Cash,Subaccount,16500,0,O,O,040,Osaka Branch,Department,000,Common Department,Department,,,,,,,,
2677,,,,,,148,2022-03-16,,,,,,,,,,,,,,,,,,,,,,,,,,,,,,,,,,,,
2677,4804,1,,1,1,,,,,,Gasoline,10E201120,Vehicle Expenses,,,,5584,507,S,S,10A100020,Cash,1,Cash,Subaccount,5584,0,O,O,050,Kyushu Sales Office,Department,000,Common Department,Department,,,,,,,,
2678,,,,,,149,2022-03-16,,,,,,,,,,,,,,,,,,,,,,,,,,,,,,,,,,,,
2678,4805,1,,1,1,,,,,,Gift expense Anonymized Store 058,10E200150,Entertainment Expenses,,,,3496,317,S,S,10A100020,Cash,1,Cash,Subaccount,5820,0,O,O,030,Nagoya Branch,Department,000,Common Department,Department,,,,,,,,
2678,4806,1,,,,,,,,,Cof fee expense and others 2 people,10E200150,Entertainment Expenses,,,,2324,211,S,S,,,,,,,,,,030,Nagoya Branch,Department,,,,,,,,,,,
2679,,,,,,23,2022-03-17,,,,,,,,,,,,,,,,,,,,,,,,,,,,,,,,,,,,
2679,4807,1,,1,1,,,,,,Travel expense,10E201230,Travel and Transportation Expenses,,,,54096,4917,S,S,10A100020,Cash,1,Cash,Subaccount,151049,0,O,O,010,Sapporo Sales Office,Department,000,Common Department,Department,,,,,,,,
2679,4808,1,,,,,,,,,Travel expense,10E201230,Travel and Transportation Expenses,,,,40000,3636,S,S,,,,,,,,,,010,Sapporo Sales Office,Department,,,,,,,,,,,
2679,4809,1,,,,,,,,,Travel expense,10E201230,Travel and Transportation Expenses,,,,56953,5177,S,S,,,,,,,,,,010,Sapporo Sales Office,Department,,,,,,,,,,,
2680,,,,,,47,2022-03-17,,,,,,,,,,,,,,,,,,,,,,,,,,,,,,,,,,,,
2680,4810,1,,1,1,,,,,,Gasoline,10E201120,Vehicle Expenses,,,,2540,230,S,S,10A100020,Cash,1,Cash,Subaccount,2540,0,O,O,020,Tokyo Branch,Department,000,Common Department,Department,,,,,,,,
2681,,,,,,52,2022-03-17,,,,,,,,,,,,,,,,,,,,,,,,,,,,,,,,,,,,
2681,4811,1,,1,1,,,,,,Expressway toll,10E201120,Vehicle Expenses,,,,1096,99,S,S,10A100020,Cash,1,Cash,Subaccount,3621,0,O,O,020,Tokyo Branch,Department,000,Common Department,Department,,,,,,,,
2681,4812,1,,,,,,,,,Expressway toll,10E201120,Vehicle Expenses,,,,1096,99,S,S,,,,,,,,,,020,Tokyo Branch,Department,,,,,,,,,,,
2681,4813,1,,,,,,,,,Expressway toll,10E201120,Vehicle Expenses,,,,1429,129,S,S,,,,,,,,,,020,Tokyo Branch,Department,,,,,,,,,,,
2682,,,,,,94,2022-03-17,,,,,,,,,,,,,,,,,,,,,,,,,,,,,,,,,,,,
2682,4814,1,,1,1,,,,,,toilet paper and others,10E201270,Miscellaneous Expenses,,,,3128,284,S,S,10A100020,Cash,1,Cash,Subaccount,3128,0,O,O,030,Nagoya Branch,Department,000,Common Department,Department,,,,,,,,
2683,,,,,,152,2022-03-18,,,,,,,,,,,,,,,,,,,,,,,,,,,,,,,,,,,,
2683,4815,1,,1,1,,,,,,Meal expense Anonymized Store 033 2 people,10E200150,Entertainment Expenses,,,,9450,859,S,S,10A100020,Cash,1,Cash,Subaccount,9450,0,O,O,050,Kyushu Sales Office,Department,000,Common Department,Department,,,,,,,,
2684,,,,,,153,2022-03-18,,,,,,,,,,,,,,,,,,,,,,,,,,,,,,,,,,,,
2684,4816,1,,1,1,,,,,,Condolence gift,10E200150,Entertainment Expenses,,,,10000,909,S,S,10A100020,Cash,1,Cash,Subaccount,10000,0,O,O,030,Nagoya Branch,Department,000,Common Department,Department,,,,,,,,
2685,,,,,,8,2022-03-19,,,,,,,,,,,,,,,,,,,,,,,,,,,,,,,,,,,,
2685,4817,1,,1,1,,,,,,Regular meeting fee,10E200150,Entertainment Expenses,,,,20000,1818,S,S,10A100020,Cash,1,Cash,Subaccount,20000,0,O,O,010,Sapporo Sales Office,Department,000,Common Department,Department,,,,,,,,
2686,,,,,,71,2022-03-19,,,,,,,,,,,,,,,,,,,,,,,,,,,,,,,,,,,,
2686,4818,1,,1,1,,,,,,golf play expense 2 people,10E200150,Entertainment Expenses,,,,28000,2545,S,S,10A100020,Cash,1,Cash,Subaccount,28000,0,O,O,020,Tokyo Branch,Department,000,Common Department,Department,,,,,,,,
2687,,,,,,80,2022-03-19,,,,,,,,,,,,,,,,,,,,,,,,,,,,,,,,,,,,
2687,4819,1,,1,1,,,,,,Travel expense,10E201230,Travel and Transportation Expenses,,,,12000,1090,S,S,10A100020,Cash,1,Cash,Subaccount,12000,0,O,O,030,Nagoya Branch,Department,000,Common Department,Department,,,,,,,,
2688,,,,,,160,2022-03-19,,,,,,,,,,,,,,,,,,,,,,,,,,,,,,,,,,,,
2688,4820,1,,1,1,,,,,,Business travel expense,10E201230,Travel and Transportation Expenses,,,,59700,5427,S,S,10A100020,Cash,1,Cash,Subaccount,59700,0,O,O,020,Tokyo Branch,Department,000,Common Department,Department,,,,,,,,
2689,,,,,,1,2022-03-20,,,,,,,,,,,,,,,,,,,,,,,,,,,,,,,,,,,,
2689,4821,1,,1,1,,,,,,"Overtime meal, reduced tax rate",10E200140,Employee Welfare Expenses,,,,21600,1600,AA,AA,10A100020,Cash,1,Cash,Subaccount,21600,0,O,O,000,Common Department,Department,000,Common Department,Department,,,,,,,,
2690,,,,,,31,2022-03-20,,,,,,,,,,,,,,,,,,,,,,,,,,,,,,,,,,,,
2690,4822,1,,1,,,,,,,Copying expense expense,10E201110,Office Supplies Expenses,,,,3504,318,S,S,10B100630,Accounts Payable Other,,,,3504,0,O,O,010,Sapporo Sales Office,Department,000,Common Department,Department,,,,,,,,
2691,,,,,,45,2022-03-20,,,,,,,,,,,,,,,,,,,,,,,,,,,,,,,,,,,,
2691,4823,1,,1,1,,,,,,Cof fee expense 2 people,10E200150,Entertainment Expenses,,,,1260,114,S,S,10A100020,Cash,1,Cash,Subaccount,1260,0,O,O,020,Tokyo Branch,Department,000,Common Department,Department,,,,,,,,
2692,,,,,,48,2022-03-20,,,,,,,,,,,,,,,,,,,,,,,,,,,,,,,,,,,,
2692,4824,1,,1,1,,,,,,Gasoline,10E201120,Vehicle Expenses,,,,4303,391,S,S,10A100020,Cash,1,Cash,Subaccount,4303,0,O,O,020,Tokyo Branch,Department,000,Common Department,Department,,,,,,,,
2693,,,,,,53,2022-03-20,,,,,,,,,,,,,,,,,,,,,,,,,,,,,,,,,,,,
2693,4825,1,,1,1,,,,,,Expressway toll,10E201120,Vehicle Expenses,,,,381,34,S,S,10A100020,Cash,1,Cash,Subaccount,2381,0,O,O,020,Tokyo Branch,Department,000,Common Department,Department,,,,,,,,
2693,4826,1,,,,,,,,,Expressway toll,10E201120,Vehicle Expenses,,,,1000,90,S,S,,,,,,,,,,020,Tokyo Branch,Department,,,,,,,,,,,
2693,4827,1,,,,,,,,,Expressway toll,10E201120,Vehicle Expenses,,,,1000,90,S,S,,,,,,,,,,020,Tokyo Branch,Department,,,,,,,,,,,
2694,,,,,,67,2022-03-20,,,,,,,,,,,,,,,,,,,,,,,,,,,,,,,,,,,,
2694,4828,1,,1,,,,,,,Wired service fee,10E201270,Miscellaneous Expenses,,,,5000,454,S,S,10B100630,Accounts Payable Other,,,,5000,0,O,O,030,Nagoya Branch,Department,000,Common Department,Department,,,,,,,,
2695,,,,,,69,2022-03-20,,,,,,,,,,,,,,,,,,,,,,,,,,,,,,,,,,,,
2695,4829,1,,1,,,,,,,Copy counter charge,10E201110,Office Supplies Expenses,,,,6300,572,S,S,10B100630,Accounts Payable Other,,,,6300,0,O,O,050,Kyushu Sales Office,Department,000,Common Department,Department,,,,,,,,
2696,,,,,,71,2022-03-20,,,,,,,,,,,,,,,,,,,,,,,,,,,,,,,,,,,,
2696,4830,1,,1,,,,,,,office supplies,10E201110,Office Supplies Expenses,,,,3453,313,S,S,10B100630,Accounts Payable Other,,,,41556,0,O,O,020,Tokyo Branch,Department,000,Common Department,Department,,,,,,,,
2696,4831,1,,,,,,,,,Copy counter charge,10E201110,Office Supplies Expenses,,,,38103,3463,S,S,,,,,,,,,,020,Tokyo Branch,Department,,,,,,,,,,,
2697,,,,,,73,2022-03-20,,,,,,,,,,,,,,,,,,,,,,,,,,,,,,,,,,,,
2697,4832,1,,1,,,,,,,files and related supplies,10E200200,Supplies Expenses,,,,39271,3570,S,S,10B100630,Accounts Payable Other,,,,347843,0,O,O,000,Common Department,Department,000,Common Department,Department,,,,,,,,
2697,4833,1,,,,,,,,,Drinking water,10E200200,Supplies Expenses,,,,243810,22164,S,S,,,,,,,,,,000,Common Department,Department,,,,,,,,,,,
2697,4834,1,,,,,,,,,Business card expense,10E200200,Supplies Expenses,,,,64762,5887,S,S,,,,,,,,,,000,Common Department,Department,,,,,,,,,,,
2698,,,,,,79,2022-03-20,,,,,,,,,,,,,,,,,,,,,,,,,,,,,,,,,,,,
2698,4835,1,,1,1,,,,,,Prize expense,10E200140,Employee Welfare Expenses,,,,98513,8955,S,S,10A100020,Cash,1,Cash,Subaccount,98513,0,O,O,030,Nagoya Branch,Department,000,Common Department,Department,,,,,,,,
2699,,,,,,97,2022-03-20,,,,,,,,,,,,,,,,,,,,,,,,,,,,,,,,,,,,
2699,4836,1,,1,,,,,,,Copying expense expense,10E201110,Office Supplies Expenses,,,,41123,3738,S,S,10B100630,Accounts Payable Other,,,,41123,0,O,O,030,Nagoya Branch,Department,000,Common Department,Department,,,,,,,,
2700,,,,,,98,2022-03-20,,,,,,,,,,,,,,,,,,,,,,,,,,,,,,,,,,,,
2700,4837,1,,1,,,,,,,office supplies,10E201110,Office Supplies Expenses,,,,6475,588,S,S,10B100630,Accounts Payable Other,,,,6475,0,O,O,030,Nagoya Branch,Department,000,Common Department,Department,,,,,,,,
2701,,,,,,100,2022-03-20,,,,,,,,,,,,,,,,,,,,,,,,,,,,,,,,,,,,
2701,4838,1,1,1,1,,,,,,Voucher No. 471 dated 3/20 Anonymized Partner 058,10A100020,Cash,1,Cash,Subaccount,806985,0,O,O,10A100090,Accounts Receivable,11,Anonymized Partner 058,Subaccount,806985,0,O,O,000,Common Department,Department,000,Common Department,Department,,,,,,,,
2702,,,,,,101,2022-03-20,,,,,,,,,,,,,,,,,,,,,,,,,,,,,,,,,,,,
2702,4839,1,,1,,,,,,,Advertising fee,10E200050,Advertising Expenses,,,,52500,4772,S,S,10B100630,Accounts Payable Other,,,,52500,0,O,O,040,Osaka Branch,Department,000,Common Department,Department,,,,,,,,
2702,4840,1,1,1,1,,,,,,Voucher No. 472 dated 3/20 Anonymized Partner 014,10A100020,Ordinary Deposits,30,GHI Bank Nagoya Branch,Subaccount,482394,0,O,O,10A100090,Accounts Receivable,21,Anonymized Partner 014,Subaccount,482394,0,O,O,000,Common Department,Department,000,Common Department,Department,,,,,,,,
2702,4841,1,,1,1,,,,,,Voucher No. 472 dated 3/20 Anonymized Partner 014,10E200690,Service Fees,,,,472,42,S,S,10A100090,Accounts Receivable,21,Anonymized Partner 014,Subaccount,472,0,O,O,030,Nagoya Branch,Department,000,Common Department,Department,,,,,,,,
2703,,,,,,102,2022-03-20,,,,,,,,,,,,,,,,,,,,,,,,,,,,,,,,,,,,
2703,4842,1,1,1,1,,,,,,Voucher No. 473 dated 3/20 Anonymized Partner 052,10A100020,Ordinary Deposits,20,ABC Bank Head Office,Subaccount,1424485,0,O,O,10A100090,Accounts Receivable,30,Anonymized Partner 052,Subaccount,1424485,0,O,O,000,Common Department,Department,000,Common Department,Department,,,,,,,,
2703,4843,1,,1,1,,,,,,Voucher No. 473 dated 3/20 Anonymized Partner 052,10E200690,Service Fees,,,,735,66,S,S,10A100090,Accounts Receivable,30,Anonymized Partner 052,Subaccount,735,0,O,O,020,Tokyo Branch,Department,000,Common Department,Department,,,,,,,,
2704,,,,,,103,2022-03-20,,,,,,,,,,,,,,,,,,,,,,,,,,,,,,,,,,,,
2704,4844,1,1,1,1,,,,,,Voucher No. 351 dated 3/20 Anonymized Partner 047,10B100040,Accounts Payable,4,Anonymized Partner 047,Subaccount,1046118,0,O,O,10A100020,Checking Deposits,1,ABC Bank,Subaccount,1046118,0,O,O,000,Common Department,Department,000,Common Department,Department,,,,,,,,
2705,,,,,,104,2022-03-20,,,,,,,,,,,,,,,,,,,,,,,,,,,,,,,,,,,,
2705,4845,1,1,1,1,,,,,,Voucher No. 352 dated 3/20 Anonymized Partner 054,10B100040,Accounts Payable,6,Anonymized Partner 054,Subaccount,5017707,0,O,O,10A100020,Ordinary Deposits,20,ABC Bank Head Office,Subaccount,5017707,0,O,O,000,Common Department,Department,000,Common Department,Department,,,,,,,,
2706,,,,,,105,2022-03-20,,,,,,,,,,,,,,,,,,,,,,,,,,,,,,,,,,,,
2706,4846,1,1,1,1,,,,,,Voucher No. 353 dated 3/20 Anonymized Partner 067,10B100040,Accounts Payable,11,Anonymized Partner 067,Subaccount,3661476,0,O,O,10A100020,Ordinary Deposits,20,ABC Bank Head Office,Subaccount,3661476,0,O,O,000,Common Department,Department,000,Common Department,Department,,,,,,,,
2707,,,,,,109,2022-03-20,,,,,,,,,,,,,,,,,,,,,,,,,,,,,,,,,,,,
2707,4847,1,,1,,,,,,,Gasoline,10E201120,Vehicle Expenses,,,,78987,7180,S,S,10B100630,Accounts Payable Other,,,,78987,0,O,O,040,Osaka Branch,Department,000,Common Department,Department,,,,,,,,
2708,,,,,,118,2022-03-20,,,,,,,,,,,,,,,,,,,,,,,,,,,,,,,,,,,,
2708,4848,1,,1,,,,,,,Copying expense expense,10E201110,Office Supplies Expenses,,,,8499,772,S,S,10B100630,Accounts Payable Other,,,,8499,0,O,O,040,Osaka Branch,Department,000,Common Department,Department,,,,,,,,
2709,,,,,,135,2022-03-20,,,,,,,,,,,,,,,,,,,,,,,,,,,,,,,,,,,,
2709,4849,1,,1,,,,,,,office supplies,10E201110,Office Supplies Expenses,,,,2713,246,S,S,10B100630,Accounts Payable Other,,,,2713,0,O,O,040,Osaka Branch,Department,000,Common Department,Department,,,,,,,,
2710,,,,,,139,2022-03-20,,,,,,,,,,,,,,,,,,,,,,,,,,,,,,,,,,,,
2710,4850,1,1,1,,,,,,,Note maturity Anonymized Partner 057 | Note number=R20211225-117-2;Receipt amount corrected to settlement amount,10A100020,Checking Deposits,1,ABC Bank,Subaccount,17254140,0,O,O,10A100060,Notes Receivable,,,,17254140,0,O,O,000,Common Department,Department,000,Common Department,Department,,,,,,,,
2711,,,,,,140,2022-03-20,,,,,,,,,,,,,,,,,,,,,,,,,,,,,,,,,,,,
2711,4851,1,1,1,,,,,,,Note maturity Anonymized Partner 072 | Note number=R20220110-92-28;Receipt amount corrected to settlement amount,10A100020,Checking Deposits,1,ABC Bank,Subaccount,11930631,0,O,O,10A100060,Notes Receivable,,,,11930631,0,O,O,000,Common Department,Department,000,Common Department,Department,,,,,,,,
2712,,,,,,141,2022-03-20,,,,,,,,,,,,,,,,,,,,,,,,,,,,,,,,,,,,
2712,4852,1,,1,1,,,,,,Anonymized Railway Company A expense,10E201230,Travel and Transportation Expenses,,,,53000,4818,S,S,10A100020,Cash,1,Cash,Subaccount,53000,0,O,O,040,Osaka Branch,Department,000,Common Department,Department,,,,,,,,
2713,,,,,,147,2022-03-20,,,,,,,,,,,,,,,,,,,,,,,,,,,,,,,,,,,,
2713,4853,1,1,1,1,,,,,,Funds transfer,10A100020,Ordinary Deposits,20,ABC Bank Head Office,Subaccount,10000000,0,O,O,10A100020,Checking Deposits,1,ABC Bank,Subaccount,10000000,0,O,O,000,Common Department,Department,000,Common Department,Department,,,,,,,,
2714,,,,,,156,2022-03-20,,,,,,,,,,,,,,,,,,,,,,,,,,,,,,,,,,,,
2714,4854,1,,1,1,,,,,,Business travel expense,10E201230,Travel and Transportation Expenses,,,,16000,1454,S,S,10A100020,Cash,1,Cash,Subaccount,16000,0,O,O,050,Kyushu Sales Office,Department,000,Common Department,Department,,,,,,,,
2715,,,,,,159,2022-03-20,,,,,,,,,,,,,,,,,,,,,,,,,,,,,,,,,,,,
2715,4855,1,,1,1,,,,,,taxi expense,10E201230,Travel and Transportation Expenses,,,,8800,800,S,S,10A100020,Cash,1,Cash,Subaccount,8800,0,O,O,050,Kyushu Sales Office,Department,000,Common Department,Department,,,,,,,,
2716,,,,,,165,2022-03-20,,,,,,,,,,,,,,,,,,,,,,,,,,,,,,,,,,,,
2716,4856,1,,1,1,,,,,,Social gathering fee,10E201270,Miscellaneous Expenses,,,,10000,909,S,S,10A100020,Cash,1,Cash,Subaccount,10000,0,O,O,050,Kyushu Sales Office,Department,000,Common Department,Department,,,,,,,,
2717,,,,,,6,2022-03-21,,,,,,,,,,,,,,,,,,,,,,,,,,,,,,,,,,,,
2717,4857,1,,1,1,,,,,,Advertising fee,10E200050,Advertising Expenses,,,,5000,454,S,S,10A100020,Cash,1,Cash,Subaccount,5000,0,O,O,010,Sapporo Sales Office,Department,000,Common Department,Department,,,,,,,,
2718,,,,,,25,2022-03-21,,,,,,,,,,,,,,,,,,,,,,,,,,,,,,,,,,,,
2718,4858,1,,1,1,,,,,,Travel expense,10E201230,Travel and Transportation Expenses,,,,56000,5090,S,S,10A100020,Cash,1,Cash,Subaccount,56000,0,O,O,010,Sapporo Sales Office,Department,000,Common Department,Department,,,,,,,,
2719,,,,,,34,2022-03-21,,,,,,,,,,,,,,,,,,,,,,,,,,,,,,,,,,,,
2719,4859,1,,1,1,,,,,,Electricity expense,10E201040,Utilities Expenses,,,,107190,9744,S,S,10A100020,Ordinary Deposits,10,DEF Bank Station Branch,Subaccount,112918,0,O,O,010,Sapporo Sales Office,Department,000,Common Department,Department,,,,,,,,
2719,4860,1,,,,,,,,,Water expense,10E201040,Utilities Expenses,,,,5728,520,S,S,,,,,,,,,,010,Sapporo Sales Office,Department,,,,,,,,,,,
2720,,,,,,64,2022-03-21,,,,,,,,,,,,,,,,,,,,,,,,,,,,,,,,,,,,
2720,4861,1,,1,1,,,,,,Electricity expense,10E201040,Utilities Expenses,,,,216041,19640,S,S,10A100020,Ordinary Deposits,20,ABC Bank Head Office,Subaccount,224320,0,O,O,020,Tokyo Branch,Department,000,Common Department,Department,,,,,,,,
2720,4862,1,,,,,,,,,Water expense,10E201040,Utilities Expenses,,,,8279,752,S,S,,,,,,,,,,020,Tokyo Branch,Department,,,,,,,,,,,
2721,,,,,,89,2022-03-21,,,,,,,,,,,,,,,,,,,,,,,,,,,,,,,,,,,,
2721,4863,1,,1,1,,,,,,Electricity expense,10E201040,Utilities Expenses,,,,96107,8737,S,S,10A100020,Ordinary Deposits,30,GHI Bank Nagoya Branch,Subaccount,106621,0,O,O,030,Nagoya Branch,Department,000,Common Department,Department,,,,,,,,
2721,4864,1,,,,,,,,,Water expense,10E201040,Utilities Expenses,,,,4959,450,S,S,,,,,,,,,,030,Nagoya Branch,Department,,,,,,,,,,,
2721,4865,1,,,,,,,,,Gas expense,10E201040,Utilities Expenses,,,,5555,505,S,S,,,,,,,,,,030,Nagoya Branch,Department,,,,,,,,,,,
2722,,,,,,132,2022-03-21,,,,,,,,,,,,,,,,,,,,,,,,,,,,,,,,,,,,
2722,4866,1,,1,1,,,,,,Electricity expense,10E201040,Utilities Expenses,,,,114985,10453,S,S,10A100020,Ordinary Deposits,40,JKL Bank Umeda Branch,Subaccount,121264,0,O,O,040,Osaka Branch,Department,000,Common Department,Department,,,,,,,,
2722,4867,1,,,,,,,,,Water expense,10E201040,Utilities Expenses,,,,6279,570,S,S,,,,,,,,,,040,Osaka Branch,Department,,,,,,,,,,,
2723,,,,,,163,2022-03-21,,,,,,,,,,,,,,,,,,,,,,,,,,,,,,,,,,,,
2723,4868,1,,1,1,,,,,,Membership fee,10E201140,Membership Fees,,,,18000,0,O,O,10A100020,Cash,1,Cash,Subaccount,18000,0,O,O,050,Kyushu Sales Office,Department,000,Common Department,Department,,,,,,,,
2724,,,,,,169,2022-03-21,,,,,,,,,,,,,,,,,,,,,,,,,,,,,,,,,,,,
2724,4869,1,,1,1,,,,,,Electricity expense,10E201040,Utilities Expenses,,,,122137,11103,S,S,10A100020,Ordinary Deposits,50,MNO Bank Kitakyushu Branch,Subaccount,128473,0,O,O,050,Kyushu Sales Office,Department,000,Common Department,Department,,,,,,,,
2724,4870,1,,,,,,,,,Water expense,10E201040,Utilities Expenses,,,,6336,576,S,S,,,,,,,,,,050,Kyushu Sales Office,Department,,,,,,,,,,,
2725,,,,,,3,2022-03-22,,,,,,,,,,,,,,,,,,,,,,,,,,,,,,,,,,,,
2725,4871,1,,1,,,,,,,Lodging expense,10E200140,Employee Welfare Expenses,,,,32185,2925,S,S,10B100630,Accounts Payable Other,,,,32185,0,O,O,010,Sapporo Sales Office,Department,000,Common Department,Department,,,,,,,,
2726,,,,,,24,2022-03-22,,,,,,,,,,,,,,,,,,,,,,,,,,,,,,,,,,,,
2726,4872,1,,1,1,,,,,,Anonymized Railway Company A multi-ride ticket,10E201230,Travel and Transportation Expenses,,,,92000,8363,S,S,10A100020,Cash,1,Cash,Subaccount,92000,0,O,O,010,Sapporo Sales Office,Department,000,Common Department,Department,,,,,,,,
2727,,,,,,74,2022-03-22,,,,,,,,,,,,,,,,,,,,,,,,,,,,,,,,,,,,
2727,4873,1,,1,1,,,,,,Gasoline,10E201120,Vehicle Expenses,,,,6771,615,S,S,10A100020,Cash,1,Cash,Subaccount,11914,0,O,O,050,Kyushu Sales Office,Department,000,Common Department,Department,,,,,,,,
2727,4874,1,,,,,,,,,Expressway toll,10E201120,Vehicle Expenses,,,,5143,467,S,S,,,,,,,,,,050,Kyushu Sales Office,Department,,,,,,,,,,,
2728,,,,,,90,2022-03-22,,,,,,,,,,,,,,,,,,,,,,,,,,,,,,,,,,,,
2728,4875,1,,1,1,,,,,,Anonymized Cleaning Company A expense,10E201270,Miscellaneous Expenses,,,,9500,863,S,S,10A100020,Cash,1,Cash,Subaccount,9500,0,O,O,030,Nagoya Branch,Department,000,Common Department,Department,,,,,,,,
2729,,,,,,95,2022-03-22,,,,,,,,,,,,,,,,,,,,,,,,,,,,,,,,,,,,
2729,4876,1,,1,,,,,,,Cleaning fee,10E201270,Miscellaneous Expenses,,,,71675,6515,S,S,10B100630,Accounts Payable Other,,,,71675,0,O,O,030,Nagoya Branch,Department,000,Common Department,Department,,,,,,,,
2730,,,,,,107,2022-03-22,,,,,,,,,,,,,,,,,,,,,,,,,,,,,,,,,,,,
2730,4877,1,,1,1,,,,,,Get-well gift,10E200150,Entertainment Expenses,,,,10000,909,S,S,10A100020,Cash,1,Cash,Subaccount,10000,0,O,O,040,Osaka Branch,Department,000,Common Department,Department,,,,,,,,
2731,,,,,,157,2022-03-22,,,,,,,,,,,,,,,,,,,,,,,,,,,,,,,,,,,,
2731,4878,1,,1,1,,,,,,Airfare,10E201230,Travel and Transportation Expenses,,,,39800,3618,S,S,10A100020,Ordinary Deposits,50,MNO Bank Kitakyushu Branch,Subaccount,39800,0,O,O,050,Kyushu Sales Office,Department,000,Common Department,Department,,,,,,,,
2732,,,,,,166,2022-03-22,,,,,,,,,,,,,,,,,,,,,,,,,,,,,,,,,,,,
2732,4879,1,,1,1,,,,,,Anonymized Cleaning Company A expense,10E201270,Miscellaneous Expenses,,,,1890,171,S,S,10A100020,Cash,1,Cash,Subaccount,1890,0,O,O,050,Kyushu Sales Office,Department,000,Common Department,Department,,,,,,,,
2733,,,,,,12,2022-03-23,,,,,,,,,,,,,,,,,,,,,,,,,,,,,,,,,,,,
2733,4880,1,,1,1,,,,,,Gasoline,10E201120,Vehicle Expenses,,,,3298,299,S,S,10A100020,Cash,1,Cash,Subaccount,4060,0,O,O,010,Sapporo Sales Office,Department,000,Common Department,Department,,,,,,,,
2733,4881,1,,,,,,,,,Parking fee,10E201120,Vehicle Expenses,,,,762,69,S,S,,,,,,,,,,010,Sapporo Sales Office,Department,,,,,,,,,,,
2734,,,,,,28,2022-03-23,,,,,,,,,,,,,,,,,,,,,,,,,,,,,,,,,,,,
2734,4882,1,,1,,,,,,,taxi expense,10E201230,Travel and Transportation Expenses,,,,2420,220,S,S,10B100630,Accounts Payable Other,,,,2420,0,O,O,010,Sapporo Sales Office,Department,000,Common Department,Department,,,,,,,,
2735,,,,,,54,2022-03-23,,,,,,,,,,,,,,,,,,,,,,,,,,,,,,,,,,,,
2735,4883,1,,1,1,,,,,,Expressway toll,10E201120,Vehicle Expenses,,,,1810,164,S,S,10A100020,Cash,1,Cash,Subaccount,4382,0,O,O,020,Tokyo Branch,Department,000,Common Department,Department,,,,,,,,
2735,4884,1,,,,,,,,,Expressway toll,10E201120,Vehicle Expenses,,,,2572,233,S,S,,,,,,,,,,020,Tokyo Branch,Department,,,,,,,,,,,
2736,,,,,,75,2022-03-23,,,,,,,,,,,,,,,,,,,,,,,,,,,,,,,,,,,,
2736,4885,1,,1,1,,,,,,Gasoline,10E201120,Vehicle Expenses,,,,5970,542,S,S,10A100020,Cash,1,Cash,Subaccount,5970,0,O,O,050,Kyushu Sales Office,Department,000,Common Department,Department,,,,,,,,
2737,,,,,,83,2022-03-23,,,,,,,,,,,,,,,,,,,,,,,,,,,,,,,,,,,,
2737,4886,1,,1,1,,,,,,Month 3 Payroll Other 0001 Executive,10E200090,Directors' Compensation,,,,1720000,0,O,O,10A100020,Ordinary Deposits,20,ABC Bank Head Office,Subaccount,1124255,0,O,O,020,Tokyo Branch,Department,000,Common Department,Department,,,,,,,,
2737,4887,,,1,1,,,,,,Month 3 Payroll Other 0001 Executive,,,,,,,,,,10B100690,Deposits Received,1,Insurance Expenses,Subaccount,120411,0,O,O,,,,000,Common Department,Department,,,,,,,,
2737,4888,,,1,1,,,,,,Month 3 Payroll Other 0001 Executive,,,,,,,,,,10B100690,Deposits Received,2,Resident Tax,Subaccount,171200,0,O,O,,,,000,Common Department,Department,,,,,,,,
2737,4889,,,1,1,,,,,,Month 3 Payroll Other 0001 Executive,,,,,,,,,,10B100690,Deposits Received,3,Withholding Tax,Subaccount,164442,0,O,O,,,,000,Common Department,Department,,,,,,,,
2737,4890,,,1,1,,,,,,Month 3 Payroll Other 0001 Executive,,,,,,,,,,10B100690,Deposits Received,4,Savings and Insurance,Subaccount,133972,0,O,O,,,,000,Common Department,Department,,,,,,,,
2737,4891,,,1,1,,,,,,Month 3 Payroll Other 0001 Executive,,,,,,,,,,10B100690,Deposits Received,9,Other,Subaccount,5720,0,O,O,,,,000,Common Department,Department,,,,,,,,
2737,4892,1,,1,1,,,,,,Month 3 Payroll Other 0020 Sales Department,10E200370,Salaries and Allowances,,,,1949138,0,O,O,10A100020,Ordinary Deposits,20,ABC Bank Head Office,Subaccount,1461754,0,O,O,020,Tokyo Branch,Department,000,Common Department,Department,,,,,,,,
2737,4893,,,1,1,,,,,,Month 3 Payroll Other 0020 Sales Department,,,,,,,,,,10B100690,Deposits Received,1,Insurance Expenses,Subaccount,236045,0,O,O,,,,000,Common Department,Department,,,,,,,,
2737,4894,,,1,1,,,,,,Month 3 Payroll Other 0020 Sales Department,,,,,,,,,,10B100690,Deposits Received,2,Resident Tax,Subaccount,104300,0,O,O,,,,000,Common Department,Department,,,,,,,,
2737,4895,,,1,1,,,,,,Month 3 Payroll Other 0020 Sales Department,,,,,,,,,,10B100690,Deposits Received,3,Withholding Tax,Subaccount,35440,0,O,O,,,,000,Common Department,Department,,,,,,,,
2737,4896,,,1,1,,,,,,Month 3 Payroll Other 0020 Sales Department,,,,,,,,,,10B100690,Deposits Received,4,Savings and Insurance,Subaccount,43305,0,O,O,,,,000,Common Department,Department,,,,,,,,
2737,4897,,,1,1,,,,,,Month 3 Payroll Other 0020 Sales Department,,,,,,,,,,10B100690,Deposits Received,9,Other,Subaccount,68294,0,O,O,,,,000,Common Department,Department,,,,,,,,
2737,4898,1,,1,1,,,,,,Month 3 Payroll Other 1000 Sapporo Sales Office,10E200370,Salaries and Allowances,,,,859000,0,O,O,10A100020,Ordinary Deposits,20,ABC Bank Head Office,Subaccount,607264,0,O,O,010,Sapporo Sales Office,Department,000,Common Department,Department,,,,,,,,
2737,4899,,,1,1,,,,,,Month 3 Payroll Other 1000 Sapporo Sales Office,,,,,,,,,,10B100690,Deposits Received,1,Insurance Expenses,Subaccount,103424,0,O,O,,,,000,Common Department,Department,,,,,,,,
2737,4900,,,1,1,,,,,,Month 3 Payroll Other 1000 Sapporo Sales Office,,,,,,,,,,10B100690,Deposits Received,2,Resident Tax,Subaccount,46300,0,O,O,,,,000,Common Department,Department,,,,,,,,
2737,4901,,,1,1,,,,,,Month 3 Payroll Other 1000 Sapporo Sales Office,,,,,,,,,,10B100690,Deposits Received,3,Withholding Tax,Subaccount,13610,0,O,O,,,,000,Common Department,Department,,,,,,,,
2737,4902,,,1,1,,,,,,Month 3 Payroll Other 1000 Sapporo Sales Office,,,,,,,,,,10B100690,Deposits Received,4,Savings and Insurance,Subaccount,50648,0,O,O,,,,000,Common Department,Department,,,,,,,,
2737,4903,,,1,1,,,,,,Month 3 Payroll Other 1000 Sapporo Sales Office,,,,,,,,,,10B100690,Deposits Received,9,Other,Subaccount,37754,0,O,O,,,,000,Common Department,Department,,,,,,,,
2737,4904,1,,1,1,,,,,,Month 3 Payroll Other 3000 Nagoya Sales Office,10E200370,Salaries and Allowances,,,,774901,0,O,O,10A100020,Ordinary Deposits,20,ABC Bank Head Office,Subaccount,551332,0,O,O,030,Nagoya Branch,Department,000,Common Department,Department,,,,,,,,
2737,4905,,,1,1,,,,,,Month 3 Payroll Other 3000 Nagoya Sales Office,,,,,,,,,,10B100690,Deposits Received,1,Insurance Expenses,Subaccount,96352,0,O,O,,,,000,Common Department,Department,,,,,,,,
2737,4906,,,1,1,,,,,,Month 3 Payroll Other 3000 Nagoya Sales Office,,,,,,,,,,10B100690,Deposits Received,2,Resident Tax,Subaccount,42600,0,O,O,,,,000,Common Department,Department,,,,,,,,
2737,4907,,,1,1,,,,,,Month 3 Payroll Other 3000 Nagoya Sales Office,,,,,,,,,,10B100690,Deposits Received,3,Withholding Tax,Subaccount,7710,0,O,O,,,,000,Common Department,Department,,,,,,,,
2737,4908,,,1,1,,,,,,Month 3 Payroll Other 3000 Nagoya Sales Office,,,,,,,,,,10B100690,Deposits Received,4,Savings and Insurance,Subaccount,40759,0,O,O,,,,000,Common Department,Department,,,,,,,,
2737,4909,,,1,1,,,,,,Month 3 Payroll Other 3000 Nagoya Sales Office,,,,,,,,,,10B100690,Deposits Received,9,Other,Subaccount,36148,0,O,O,,,,000,Common Department,Department,,,,,,,,
2737,4910,1,,1,1,,,,,,Month 3 Payroll Other 4000 Osaka Branch,10E200370,Salaries and Allowances,,,,992100,0,O,O,10A100020,Ordinary Deposits,20,ABC Bank Head Office,Subaccount,769991,0,O,O,040,Osaka Branch,Department,000,Common Department,Department,,,,,,,,
2737,4911,,,1,1,,,,,,Month 3 Payroll Other 4000 Osaka Branch,,,,,,,,,,10B100690,Deposits Received,1,Insurance Expenses,Subaccount,119477,0,O,O,,,,000,Common Department,Department,,,,,,,,
2737,4912,,,1,1,,,,,,Month 3 Payroll Other 4000 Osaka Branch,,,,,,,,,,10B100690,Deposits Received,2,Resident Tax,Subaccount,53400,0,O,O,,,,000,Common Department,Department,,,,,,,,
2737,4913,,,1,1,,,,,,Month 3 Payroll Other 4000 Osaka Branch,,,,,,,,,,10B100690,Deposits Received,3,Withholding Tax,Subaccount,16710,0,O,O,,,,000,Common Department,Department,,,,,,,,
2737,4914,,,1,1,,,,,,Month 3 Payroll Other 4000 Osaka Branch,,,,,,,,,,10B100690,Deposits Received,4,Savings and Insurance,Subaccount,13570,0,O,O,,,,000,Common Department,Department,,,,,,,,
2737,4915,,,1,1,,,,,,Month 3 Payroll Other 4000 Osaka Branch,,,,,,,,,,10B100690,Deposits Received,9,Other,Subaccount,18952,0,O,O,,,,000,Common Department,Department,,,,,,,,
2737,4916,1,,1,1,,,,,,Month 3 Payroll Other 5000 Kyushu Sales Office,10E200370,Salaries and Allowances,,,,600964,0,O,O,10A100020,Ordinary Deposits,20,ABC Bank Head Office,Subaccount,458531,0,O,O,050,Kyushu Sales Office,Department,000,Common Department,Department,,,,,,,,
2737,4917,,,1,1,,,,,,Month 3 Payroll Other 5000 Kyushu Sales Office,,,,,,,,,,10B100690,Deposits Received,1,Insurance Expenses,Subaccount,67268,0,O,O,,,,000,Common Department,Department,,,,,,,,
2737,4918,,,1,1,,,,,,Month 3 Payroll Other 5000 Kyushu Sales Office,,,,,,,,,,10B100690,Deposits Received,2,Resident Tax,Subaccount,31700,0,O,O,,,,000,Common Department,Department,,,,,,,,
2737,4919,,,1,1,,,,,,Month 3 Payroll Other 5000 Kyushu Sales Office,,,,,,,,,,10B100690,Deposits Received,3,Withholding Tax,Subaccount,8520,0,O,O,,,,000,Common Department,Department,,,,,,,,
2737,4920,,,1,1,,,,,,Month 3 Payroll Other 5000 Kyushu Sales Office,,,,,,,,,,10B100690,Deposits Received,4,Savings and Insurance,Subaccount,18540,0,O,O,,,,000,Common Department,Department,,,,,,,,
2737,4921,,,1,1,,,,,,Month 3 Payroll Other 5000 Kyushu Sales Office,,,,,,,,,,10B100690,Deposits Received,9,Other,Subaccount,16405,0,O,O,,,,000,Common Department,Department,,,,,,,,
2738,,,,,,140,2022-03-23,,,,,,,,,,,,,,,,,,,,,,,,,,,,,,,,,,,,
2738,4922,1,,1,1,,,,,,Travel expense,10E201230,Travel and Transportation Expenses,,,,12300,1118,S,S,10A100020,Cash,1,Cash,Subaccount,12300,0,O,O,040,Osaka Branch,Department,000,Common Department,Department,,,,,,,,
2739,,,,,,26,2022-03-24,,,,,,,,,,,,,,,,,,,,,,,,,,,,,,,,,,,,
2739,4923,1,,1,1,,,,,,Travel expense,10E201230,Travel and Transportation Expenses,,,,31000,2818,S,S,10A100020,Cash,1,Cash,Subaccount,31000,0,O,O,010,Sapporo Sales Office,Department,000,Common Department,Department,,,,,,,,
2740,,,,,,29,2022-03-24,,,,,,,,,,,,,,,,,,,,,,,,,,,,,,,,,,,,
2740,4924,1,,1,1,,,,,,Mobile phone expense,10E200180,Communication Expenses,,,,79684,7244,S,S,10A100020,Ordinary Deposits,10,DEF Bank Station Branch,Subaccount,79684,0,O,O,010,Sapporo Sales Office,Department,000,Common Department,Department,,,,,,,,
2741,,,,,,60,2022-03-24,,,,,,,,,,,,,,,,,,,,,,,,,,,,,,,,,,,,
2741,4925,1,,1,,,,,,,Tea expense,10E200140,Employee Welfare Expenses,,,,20500,1863,S,S,10B100630,Accounts Payable Other,,,,20500,0,O,O,050,Kyushu Sales Office,Department,000,Common Department,Department,,,,,,,,
2742,,,,,,81,2022-03-24,,,,,,,,,,,,,,,,,,,,,,,,,,,,,,,,,,,,
2742,4926,1,,1,,,,,,,Tea expense,10E200140,Employee Welfare Expenses,,,,45800,4163,S,S,10B100630,Accounts Payable Other,,,,45800,0,O,O,030,Nagoya Branch,Department,000,Common Department,Department,,,,,,,,
2743,,,,,,108,2022-03-24,,,,,,,,,,,,,,,,,,,,,,,,,,,,,,,,,,,,
2743,4927,1,,1,1,,,,,,Meal expense,10E200150,Entertainment Expenses,,,,1360,123,S,S,10A100020,Cash,1,Cash,Subaccount,1360,0,O,O,040,Osaka Branch,Department,000,Common Department,Department,,,,,,,,
2744,,,,,,146,2022-03-24,,,,,,,,,,,,,,,,,,,,,,,,,,,,,,,,,,,,
2744,4928,1,,1,,,,,,,Outsourcing fee,10E200020,Sales Commissions,,,,168000,15272,S,S,10B100630,Accounts Payable Other,,,,168000,0,O,O,050,Kyushu Sales Office,Department,000,Common Department,Department,,,,,,,,
2745,,,,,,154,2022-03-24,,,,,,,,,,,,,,,,,,,,,,,,,,,,,,,,,,,,
2745,4929,1,,1,,,,,,,Flowers wedding,10E200150,Entertainment Expenses,,,,12000,1090,S,S,10B100630,Accounts Payable Other,,,,22000,0,O,O,050,Kyushu Sales Office,Department,000,Common Department,Department,,,,,,,,
2745,4930,1,,,,,,,,,Wedding reception fee,10E200150,Entertainment Expenses,,,,10000,909,S,S,,,,,,,,,,050,Kyushu Sales Office,Department,,,,,,,,,,,
2746,,,,,,172,2022-03-24,,,,,,,,,,,,,,,,,,,,,,,,,,,,,,,,,,,,
2746,4931,1,,1,,,,,,,Outsourcing fee payment,10E200020,Sales Commissions,,,,189000,17181,S,S,10B100630,Accounts Payable Other,,,,189000,0,O,O,010,Sapporo Sales Office,Department,000,Common Department,Department,,,,,,,,
2747,,,,,,78,2022-03-25,,,,,,,,,,,,,,,,,,,,,,,,,,,,,,,,,,,,
2747,4932,1,,1,,,,,,,Outsourcing fee payment,10E200020,Sales Commissions,,,,189000,17181,S,S,10B100630,Accounts Payable Other,,,,189000,0,O,O,030,Nagoya Branch,Department,000,Common Department,Department,,,,,,,,
2748,,,,,,106,2022-03-25,,,,,,,,,,,,,,,,,,,,,,,,,,,,,,,,,,,,
2748,4933,1,,1,1,,,,,,Voucher No. 474 dated 3/25 Anonymized Partner 057 | Sales voucher=20220228-112;Note number=R20220325-106-2,10A100060,Notes Receivable,,,,13269523,0,O,O,10A100090,Accounts Receivable,2,Anonymized Partner 057,Subaccount,13269523,0,O,O,000,Common Department,Department,000,Common Department,Department,,,,,,,,
2749,,,,,,107,2022-03-25,,,,,,,,,,,,,,,,,,,,,,,,,,,,,,,,,,,,
2749,4934,1,1,1,1,,,,,,Voucher No. 475 dated 3/25 Anonymized Partner 042,10A100020,Ordinary Deposits,30,GHI Bank Nagoya Branch,Subaccount,1323237,0,O,O,10A100090,Accounts Receivable,7,Anonymized Partner 042,Subaccount,1323237,0,O,O,000,Common Department,Department,000,Common Department,Department,,,,,,,,
2749,4935,1,,1,1,,,,,,Voucher No. 475 dated 3/25 Anonymized Partner 042,10E200690,Service Fees,,,,735,66,S,S,10A100090,Accounts Receivable,7,Anonymized Partner 042,Subaccount,735,0,O,O,030,Nagoya Branch,Department,000,Common Department,Department,,,,,,,,
2750,,,,,,108,2022-03-25,,,,,,,,,,,,,,,,,,,,,,,,,,,,,,,,,,,,
2750,4936,1,1,1,1,,,,,,Voucher No. 476 dated 3/25 Anonymized Partner 056,10A100020,Ordinary Deposits,40,JKL Bank Umeda Branch,Subaccount,533514,0,O,O,10A100090,Accounts Receivable,23,Anonymized Partner 056,Subaccount,533514,0,O,O,000,Common Department,Department,000,Common Department,Department,,,,,,,,
2750,4937,1,,1,1,,,,,,Voucher No. 476 dated 3/25 Anonymized Partner 056,10E200690,Service Fees,,,,630,57,S,S,10A100090,Accounts Receivable,23,Anonymized Partner 056,Subaccount,630,0,O,O,040,Osaka Branch,Department,000,Common Department,Department,,,,,,,,
2751,,,,,,109,2022-03-25,,,,,,,,,,,,,,,,,,,,,,,,,,,,,,,,,,,,
2751,4938,1,1,1,1,,,,,,Voucher No. 477 dated 3/25 Anonymized Partner 033,10A100020,Ordinary Deposits,10,DEF Bank Station Branch,Subaccount,3740456,0,O,O,10A100090,Accounts Receivable,25,Anonymized Partner 033,Subaccount,3740456,0,O,O,000,Common Department,Department,000,Common Department,Department,,,,,,,,
2751,4939,1,,1,1,,,,,,Voucher No. 477 dated 3/25 Anonymized Partner 033,10E200690,Service Fees,,,,840,76,S,S,10A100090,Accounts Receivable,25,Anonymized Partner 033,Subaccount,840,0,O,O,010,Sapporo Sales Office,Department,000,Common Department,Department,,,,,,,,
2752,,,,,,111,2022-03-25,,,,,,,,,,,,,,,,,,,,,,,,,,,,,,,,,,,,
2752,4940,1,,1,,,,,,,taxi expense,10E201230,Travel and Transportation Expenses,,,,16890,1535,S,S,10B100630,Accounts Payable Other,,,,16890,0,O,O,040,Osaka Branch,Department,000,Common Department,Department,,,,,,,,
2753,,,,,,120,2022-03-25,,,,,,,,,,,,,,,,,,,,,,,,,,,,,,,,,,,,
2753,4941,1,,1,,,,,,,Outsourcing fee,10E200020,Sales Commissions,,,,945000,85909,S,S,10B100630,Accounts Payable Other,,,,945000,0,O,O,040,Osaka Branch,Department,000,Common Department,Department,,,,,,,,
2754,,,,,,121,2022-03-25,,,,,,,,,,,,,,,,,,,,,,,,,,,,,,,,,,,,
2754,4942,1,,1,1,,,,,,Tea expense,10E200140,Employee Welfare Expenses,,,,16500,1500,S,S,10A100020,Cash,1,Cash,Subaccount,16500,0,O,O,040,Osaka Branch,Department,000,Common Department,Department,,,,,,,,
2755,,,,,,131,2022-03-25,,,,,,,,,,,,,,,,,,,,,,,,,,,,,,,,,,,,
2755,4943,1,,1,1,,,,,,Membership fee,10E201140,Membership Fees,,,,24000,0,O,O,10A100020,Ordinary Deposits,40,JKL Bank Umeda Branch,Subaccount,24000,0,O,O,040,Osaka Branch,Department,000,Common Department,Department,,,,,,,,
2756,,,,,,138,2022-03-25,,,,,,,,,,,,,,,,,,,,,,,,,,,,,,,,,,,,
2756,4944,1,,1,1,,,,,,Expressway toll,10E201120,Vehicle Expenses,,,,4351,395,S,S,10A100020,Cash,1,Cash,Subaccount,24769,0,O,O,040,Osaka Branch,Department,000,Common Department,Department,,,,,,,,
2756,4945,1,,,,,,,,,Gasoline,10E201120,Vehicle Expenses,,,,3408,309,S,S,,,,,,,,,,040,Osaka Branch,Department,,,,,,,,,,,
2756,4946,1,,,,,,,,,Expressway toll,10E201120,Vehicle Expenses,,,,5686,516,S,S,,,,,,,,,,040,Osaka Branch,Department,,,,,,,,,,,
2756,4947,1,,,,,,,,,Expressway toll,10E201120,Vehicle Expenses,,,,4287,389,S,S,,,,,,,,,,040,Osaka Branch,Department,,,,,,,,,,,
2756,4948,1,,,,,,,,,Expressway toll,10E201120,Vehicle Expenses,,,,2569,233,S,S,,,,,,,,,,040,Osaka Branch,Department,,,,,,,,,,,
2756,4949,1,,,,,,,,,Expressway toll,10E201120,Vehicle Expenses,,,,1096,99,S,S,,,,,,,,,,040,Osaka Branch,Department,,,,,,,,,,,
2756,4950,1,,,,,,,,,Parking fee,10E201120,Vehicle Expenses,,,,3372,306,S,S,,,,,,,,,,040,Osaka Branch,Department,,,,,,,,,,,
2757,,,,,,173,2022-03-25,,,,,,,,,,,,,,,,,,,,,,,,,,,,,,,,,,,,
2757,4951,1,,1,1,,,,,,Revenue stamp expense,10E200210,Taxes and Dues,,,,24000,0,O,O,10A100020,Cash,1,Cash,Subaccount,24000,0,O,O,050,Kyushu Sales Office,Department,000,Common Department,Department,,,,,,,,
2758,,,,,,35,2022-03-26,,,,,,,,,,,,,,,,,,,,,,,,,,,,,,,,,,,,
2758,4952,1,,1,1,,,,,,Newspaper expense,10E201160,Books and Publications,,,,3925,356,S,S,10A100020,Cash,1,Cash,Subaccount,3925,0,O,O,010,Sapporo Sales Office,Department,000,Common Department,Department,,,,,,,,
2759,,,,,,37,2022-03-26,,,,,,,,,,,,,,,,,,,,,,,,,,,,,,,,,,,,
2759,4953,1,,1,,,,,,,Outsourcing fee,10E200020,Sales Commissions,,,,1532000,139272,S,S,10B100630,Accounts Payable Other,,,,1532000,0,O,O,020,Tokyo Branch,Department,000,Common Department,Department,,,,,,,,
2760,,,,,,38,2022-03-26,,,,,,,,,,,,,,,,,,,,,,,,,,,,,,,,,,,,
2760,4954,1,,1,,,,,,,Lodging expense,10E200140,Employee Welfare Expenses,,,,48164,4378,S,S,10B100630,Accounts Payable Other,,,,48164,0,O,O,020,Tokyo Branch,Department,000,Common Department,Department,,,,,,,,
2761,,,,,,62,2022-03-26,,,,,,,,,,,,,,,,,,,,,,,,,,,,,,,,,,,,
2761,4955,1,,1,1,,,,,,Mobile phone expense,10E200180,Communication Expenses,,,,99545,9049,S,S,10A100020,Ordinary Deposits,20,ABC Bank Head Office,Subaccount,99545,0,O,O,020,Tokyo Branch,Department,000,Common Department,Department,,,,,,,,
2762,,,,,,75,2022-03-26,,,,,,,,,,,,,,,,,,,,,,,,,,,,,,,,,,,,
2762,4956,1,,1,1,,,,,,Cof fee expense 2 people,10E200150,Entertainment Expenses,,,,1260,114,S,S,10A100020,Cash,1,Cash,Subaccount,1260,0,O,O,020,Tokyo Branch,Department,000,Common Department,Department,,,,,,,,
2763,,,,,,76,2022-03-26,,,,,,,,,,,,,,,,,,,,,,,,,,,,,,,,,,,,
2763,4957,1,,1,1,,,,,,Gasoline,10E201120,Vehicle Expenses,,,,4961,451,S,S,10A100020,Cash,1,Cash,Subaccount,5533,0,O,O,050,Kyushu Sales Office,Department,000,Common Department,Department,,,,,,,,
2763,4958,1,,,,,,,,,Parking fee,10E201120,Vehicle Expenses,,,,572,52,S,S,,,,,,,,,,050,Kyushu Sales Office,Department,,,,,,,,,,,
2764,,,,,,88,2022-03-26,,,,,,,,,,,,,,,,,,,,,,,,,,,,,,,,,,,,
2764,4959,1,,1,1,,,,,,Newspaper expense,10E201160,Books and Publications,,,,3568,324,S,S,10A100020,Cash,1,Cash,Subaccount,3568,0,O,O,030,Nagoya Branch,Department,000,Common Department,Department,,,,,,,,
2765,,,,,,105,2022-03-26,,,,,,,,,,,,,,,,,,,,,,,,,,,,,,,,,,,,
2765,4960,1,,1,1,,,,,,Meal expense Anonymized Store 075 4 people,10E200150,Entertainment Expenses,,,,11862,1078,S,S,10A100020,Cash,1,Cash,Subaccount,36948,0,O,O,040,Osaka Branch,Department,000,Common Department,Department,,,,,,,,
2765,4961,1,,,,,,,,,Meal expense Anonymized Store 022,10E200150,Entertainment Expenses,,,,25086,2280,S,S,,,,,,,,,,040,Osaka Branch,Department,,,,,,,,,,,
2766,,,,,,113,2022-03-26,,,,,,,,,,,,,,,,,,,,,,,,,,,,,,,,,,,,
2766,4962,1,,1,1,,,,,,Mobile phone expense,10E200180,Communication Expenses,,,,110473,10043,S,S,10A100020,Ordinary Deposits,40,JKL Bank Umeda Branch,Subaccount,110473,0,O,O,040,Osaka Branch,Department,000,Common Department,Department,,,,,,,,
2767,,,,,,139,2022-03-26,,,,,,,,,,,,,,,,,,,,,,,,,,,,,,,,,,,,
2767,4963,1,,1,,,,,,,Employee late-night meal,10E200140,Employee Welfare Expenses,,,,65048,5913,S,S,10B100630,Accounts Payable Other,,,,65048,0,O,O,040,Osaka Branch,Department,000,Common Department,Department,,,,,,,,
2768,,,,,,171,2022-03-26,,,,,,,,,,,,,,,,,,,,,,,,,,,,,,,,,,,,
2768,4964,1,,1,1,,,,,,Mobile phone expense,10E200180,Communication Expenses,,,,57089,5189,S,S,10A100020,Ordinary Deposits,50,MNO Bank Kitakyushu Branch,Subaccount,57089,0,O,O,050,Kyushu Sales Office,Department,000,Common Department,Department,,,,,,,,
2769,,,,,,14,2022-03-27,,,,,,,,,,,,,,,,,,,,,,,,,,,,,,,,,,,,
2769,4965,1,,1,1,,,,,,Gasoline,10E201120,Vehicle Expenses,,,,3000,272,S,S,10A100020,Cash,1,Cash,Subaccount,3000,0,O,O,010,Sapporo Sales Office,Department,000,Common Department,Department,,,,,,,,
2770,,,,,,30,2022-03-27,,,,,,,,,,,,,,,,,,,,,,,,,,,,,,,,,,,,
2770,4966,1,,1,1,,,,,,Insurance Premium payment,10E200240,Insurance Expenses,,,,54320,0,E,E,10A100020,Ordinary Deposits,10,DEF Bank Station Branch,Subaccount,54320,0,O,O,010,Sapporo Sales Office,Department,000,Common Department,Department,,,,,,,,
2771,,,,,,32,2022-03-27,,,,,,,,,,,,,,,,,,,,,,,,,,,,,,,,,,,,
2771,4967,1,,1,,,,,,,office supplies expense,10E201110,Office Supplies Expenses,,,,3098,281,S,S,10B100630,Accounts Payable Other,,,,3098,0,O,O,010,Sapporo Sales Office,Department,000,Common Department,Department,,,,,,,,
2772,,,,,,60,2022-03-27,,,,,,,,,,,,,,,,,,,,,,,,,,,,,,,,,,,,
2772,4968,1,,1,1,,,,,,Travel expense,10E201230,Travel and Transportation Expenses,,,,11200,1018,S,S,10A100020,Cash,1,Cash,Subaccount,11200,0,O,O,020,Tokyo Branch,Department,000,Common Department,Department,,,,,,,,
2773,,,,,,72,2022-03-27,,,,,,,,,,,,,,,,,,,,,,,,,,,,,,,,,,,,
2773,4969,1,,1,1,,,,,,Newspaper expense,10E201160,Books and Publications,,,,2864,260,S,S,10A100020,Cash,1,Cash,Subaccount,9078,0,O,O,020,Tokyo Branch,Department,000,Common Department,Department,,,,,,,,
2773,4970,1,,,,,,,,,Newspaper expense,10E201160,Books and Publications,,,,2815,255,S,S,,,,,,,,,,020,Tokyo Branch,Department,,,,,,,,,,,
2773,4971,1,,,,,,,,,Newspaper expense,10E201160,Books and Publications,,,,3399,309,S,S,,,,,,,,,,020,Tokyo Branch,Department,,,,,,,,,,,
2774,,,,,,87,2022-03-27,,,,,,,,,,,,,,,,,,,,,,,,,,,,,,,,,,,,
2774,4972,1,,1,1,,,,,,Mobile phone expense,10E200180,Communication Expenses,,,,41558,3778,S,S,10A100020,Ordinary Deposits,30,GHI Bank Nagoya Branch,Subaccount,41558,0,O,O,030,Nagoya Branch,Department,000,Common Department,Department,,,,,,,,
2775,,,,,,114,2022-03-27,,,,,,,,,,,,,,,,,,,,,,,,,,,,,,,,,,,,
2775,4973,1,,1,1,,,,,,Newspaper expense,10E201160,Books and Publications,,,,2540,230,S,S,10A100020,Cash,1,Cash,Subaccount,5404,0,O,O,040,Osaka Branch,Department,000,Common Department,Department,,,,,,,,
2775,4974,1,,,,,,,,,Newspaper expense,10E201160,Books and Publications,,,,2864,260,S,S,,,,,,,,,,040,Osaka Branch,Department,,,,,,,,,,,
2776,,,,,,9,2022-03-28,,,,,,,,,,,,,,,,,,,,,,,,,,,,,,,,,,,,
2776,4975,1,,1,1,,,,,,Gift expense Anonymized Partner 042,10E200150,Entertainment Expenses,,,,5250,477,S,S,10A100020,Cash,1,Cash,Subaccount,5250,0,O,O,010,Sapporo Sales Office,Department,000,Common Department,Department,,,,,,,,
2777,,,,,,39,2022-03-28,,,,,,,,,,,,,,,,,,,,,,,,,,,,,,,,,,,,
2777,4976,1,,1,1,,,,,,Membership fee,10E200140,Employee Welfare Expenses,,,,9000,818,S,S,10A100020,Cash,1,Cash,Subaccount,9000,0,O,O,020,Tokyo Branch,Department,000,Common Department,Department,,,,,,,,
2778,,,,,,81,2022-03-28,,,,,,,,,,,,,,,,,,,,,,,,,,,,,,,,,,,,
2778,4977,1,,1,1,,,,,,Anonymized Railway Company A expense,10E201230,Travel and Transportation Expenses,,,,9800,890,S,S,10A100020,Cash,1,Cash,Subaccount,9800,0,O,O,030,Nagoya Branch,Department,000,Common Department,Department,,,,,,,,
2779,,,,,,137,2022-03-28,,,,,,,,,,,,,,,,,,,,,,,,,,,,,,,,,,,,
2779,4978,1,,1,,,,,,,Wired service fee,10E201270,Miscellaneous Expenses,,,,6000,545,S,S,10B100630,Accounts Payable Other,,,,48858,0,O,O,040,Osaka Branch,Department,000,Common Department,Department,,,,,,,,
2779,4979,1,,,,,,,,,Security fee,10E201270,Miscellaneous Expenses,,,,42858,3896,S,S,,,,,,,,,,040,Osaka Branch,Department,,,,,,,,,,,
2779,4980,1,,1,1,,,,,,Expressway toll,10E201120,Vehicle Expenses,,,,42652,3877,S,S,10A100020,Ordinary Deposits,40,JKL Bank Umeda Branch,Subaccount,42652,0,O,O,040,Osaka Branch,Department,000,Common Department,Department,,,,,,,,
2779,4981,1,,1,,,,,,,Cleaning fee,10E201270,Miscellaneous Expenses,,,,58100,5281,S,S,10B100630,Accounts Payable Other,,,,58100,0,O,O,040,Osaka Branch,Department,000,Common Department,Department,,,,,,,,
2780,,,,,,170,2022-03-28,,,,,,,,,,,,,,,,,,,,,,,,,,,,,,,,,,,,
2780,4982,1,,1,1,,,,,,Newspaper expense,10E201160,Books and Publications,,,,3007,273,S,S,10A100020,Cash,1,Cash,Subaccount,3007,0,O,O,050,Kyushu Sales Office,Department,000,Common Department,Department,,,,,,,,
2781,,,,,,27,2022-03-29,,,,,,,,,,,,,,,,,,,,,,,,,,,,,,,,,,,,
2781,4983,1,,1,1,,,,,,Travel expense,10E201230,Travel and Transportation Expenses,,,,44324,4029,S,S,10A100020,Cash,1,Cash,Subaccount,131182,0,O,O,010,Sapporo Sales Office,Department,000,Common Department,Department,,,,,,,,
2781,4984,1,,,,,,,,,Travel expense,10E201230,Travel and Transportation Expenses,,,,56000,5090,S,S,,,,,,,,,,010,Sapporo Sales Office,Department,,,,,,,,,,,
2781,4985,1,,,,,,,,,Travel expense,10E201230,Travel and Transportation Expenses,,,,30858,2805,S,S,,,,,,,,,,010,Sapporo Sales Office,Department,,,,,,,,,,,
2782,,,,,,83,2022-03-29,,,,,,,,,,,,,,,,,,,,,,,,,,,,,,,,,,,,
2782,4986,1,,1,1,,,,,,Vehicle management expense,10E201120,Vehicle Expenses,,,,51500,4681,S,S,10A100020,Cash,1,Cash,Subaccount,51500,0,O,O,030,Nagoya Branch,Department,000,Common Department,Department,,,,,,,,
2783,,,,,,144,2022-03-30,,,,,,,,,,,,,,,,,,,,,,,,,,,,,,,,,,,,
2783,4987,1,1,1,1,,,,,,Funds transfer,10A100020,Ordinary Deposits,20,ABC Bank Head Office,Subaccount,4000000,0,O,O,10A100020,Ordinary Deposits,30,GHI Bank Nagoya Branch,Subaccount,4000000,0,O,O,000,Common Department,Department,000,Common Department,Department,,,,,,,,
2784,,,,,,148,2022-03-30,,,,,,,,,,,,,,,,,,,,,,,,,,,,,,,,,,,,
2784,4988,1,1,1,1,,,,,,Funds transfer,10A100020,Ordinary Deposits,20,ABC Bank Head Office,Subaccount,16000000,0,O,O,10A100020,Checking Deposits,1,ABC Bank,Subaccount,16000000,0,O,O,000,Common Department,Department,000,Common Department,Department,,,,,,,,
2785,,,,,,155,2022-03-30,,,,,,,,,,,,,,,,,,,,,,,,,,,,,,,,,,,,
2785,4989,1,,1,1,,,,,,Gasoline,10E201120,Vehicle Expenses,,,,6801,618,S,S,10A100020,Cash,1,Cash,Subaccount,7944,0,O,O,050,Kyushu Sales Office,Department,000,Common Department,Department,,,,,,,,
2785,4990,1,,,,,,,,,Expressway toll,10E201120,Vehicle Expenses,,,,1143,103,S,S,,,,,,,,,,050,Kyushu Sales Office,Department,,,,,,,,,,,
2786,,,,,,1,2022-03-31,,,,,,,,,,,,,,,,,,,,,,,,,,,,,,,,,,,,
2786,4991,1,,1,,,,,,,Freight Anonymized Carrier B,10E200870,Freight Expenses,,,,244210,22200,S,S,10B100630,Accounts Payable Other,,,,244210,0,O,O,010,Sapporo Sales Office,Department,000,Common Department,Department,,,,,,,,
2787,,,,,,5,2022-03-31,,,,,,,,,,,,,,,,,,,,,,,,,,,,,,,,,,,,
2787,4992,1,,1,1,,,,,,Advertising expense,10E200050,Advertising Expenses,,,,52500,4772,S,S,10A100020,Ordinary Deposits,10,DEF Bank Station Branch,Subaccount,52500,0,O,O,010,Sapporo Sales Office,Department,000,Common Department,Department,,,,,,,,
2788,,,,,,13,2022-03-31,,,,,,,,,,,,,,,,,,,,,,,,,,,,,,,,,,,,
2788,4993,1,,1,1,,,,,,Gasoline,10E201120,Vehicle Expenses,,,,10000,909,S,S,10A100020,Cash,1,Cash,Subaccount,10000,0,O,O,010,Sapporo Sales Office,Department,000,Common Department,Department,,,,,,,,
2789,,,,,,15,2022-03-31,,,,,,,,,,,,,,,,,,,,,,,,,,,,,,,,,,,,
2789,4994,1,,1,1,,,,,,Car wash expense,10E201120,Vehicle Expenses,,,,3000,272,S,S,10A100020,Cash,1,Cash,Subaccount,3000,0,O,O,010,Sapporo Sales Office,Department,000,Common Department,Department,,,,,,,,
2790,,,,,,36,2022-03-31,,,,,,,,,,,,,,,,,,,,,,,,,,,,,,,,,,,,
2790,4995,1,,1,,,,,,,Freight Anonymized Carrier A,10E200870,Freight Expenses,,,,1376962,125178,S,S,10B100630,Accounts Payable Other,,,,2169801,0,O,O,020,Tokyo Branch,Department,000,Common Department,Department,,,,,,,,
2790,4996,1,,,,,,,,,Freight Anonymized Carrier B,10E200870,Freight Expenses,,,,792839,72076,S,S,,,,,,,,,,020,Tokyo Branch,Department,,,,,,,,,,,
2791,,,,,,40,2022-03-31,,,,,,,,,,,,,,,,,,,,,,,,,,,,,,,,,,,,
2791,4997,1,,1,,,,,,,Advertising placement,10E200050,Advertising Expenses,,,,50000,4545,S,S,10B100630,Accounts Payable Other,,,,50000,0,O,O,020,Tokyo Branch,Department,000,Common Department,Department,,,,,,,,
2792,,,,,,49,2022-03-31,,,,,,,,,,,,,,,,,,,,,,,,,,,,,,,,,,,,
2792,4998,1,,1,,,,,,,Gasoline,10E201120,Vehicle Expenses,,,,163470,14860,S,S,10B100630,Accounts Payable Other,,,,163470,0,O,O,020,Tokyo Branch,Department,000,Common Department,Department,,,,,,,,
2792,4999,1,,1,1,,,,,,Gasoline,10E201120,Vehicle Expenses,,,,2626,238,S,S,10A100020,Cash,1,Cash,Subaccount,8355,0,O,O,020,Tokyo Branch,Department,000,Common Department,Department,,,,,,,,
2792,5000,1,,,,,,,,,Gasoline,10E201120,Vehicle Expenses,,,,5729,520,S,S,,,,,,,,,,020,Tokyo Branch,Department,,,,,,,,,,,
2793,,,,,,55,2022-03-31,,,,,,,,,,,,,,,,,,,,,,,,,,,,,,,,,,,,
2793,5001,1,,1,1,,,,,,Vehicle management expense,10E201120,Vehicle Expenses,,,,23810,2164,S,S,10A100020,Cash,1,Cash,Subaccount,58144,0,O,O,020,Tokyo Branch,Department,000,Common Department,Department,,,,,,,,
2793,5002,1,,,,,,,,,Vehicle management expense,10E201120,Vehicle Expenses,,,,26667,2424,S,S,,,,,,,,,,020,Tokyo Branch,Department,,,,,,,,,,,
2793,5003,1,,,,,,,,,Expressway toll,10E201120,Vehicle Expenses,,,,7667,697,S,S,,,,,,,,,,020,Tokyo Branch,Department,,,,,,,,,,,
2794,,,,,,62,2022-03-31,,,,,,,,,,,,,,,,,,,,,,,,,,,,,,,,,,,,
2794,5004,1,,1,1,,,,,,Workers' compensation insurance payment,10E200540,Statutory Welfare Expenses,,,,403840,0,E,E,10A100020,Ordinary Deposits,20,ABC Bank Head Office,Subaccount,1507602,0,O,O,020,Tokyo Branch,Department,000,Common Department,Department,,,,,,,,
2794,5005,1,,,,,,,,,"Employment Insurance Premium, Employer Contribution",10E200540,Statutory Welfare Expenses,,,,662257,0,E,E,,,,,,,,,,020,Tokyo Branch,Department,,,,,,,,,,,
2794,5006,1,1,,,,,,,,Employment Insurance Premium,10B100690,Deposits Received,9,Other,Subaccount,441505,0,O,O,,,,,,,,,,000,Common Department,Department,,,,,,,,,,,
2795,,,,,,63,2022-03-31,,,,,,,,,,,,,,,,,,,,,,,,,,,,,,,,,,,,
2795,5007,1,,1,1,,,,,,Insurance Expenses,10E200240,Insurance Expenses,,,,81000,0,E,E,10A100020,Ordinary Deposits,20,ABC Bank Head Office,Subaccount,81000,0,O,O,020,Tokyo Branch,Department,000,Common Department,Department,,,,,,,,
2796,,,,,,66,2022-03-31,,,,,,,,,,,,,,,,,,,,,,,,,,,,,,,,,,,,
2796,5008,1,,1,1,,,,,,lease fee,10E200730,Land and Building Rent,,,,209850,19077,S,S,10A100020,Ordinary Deposits,20,ABC Bank Head Office,Subaccount,209850,0,O,O,020,Tokyo Branch,Department,000,Common Department,Department,,,,,,,,
2797,,,,,,67,2022-03-31,,,,,,,,,,,,,,,,,,,,,,,,,,,,,,,,,,,,
2797,5009,1,,1,1,,,,,,Membership fee Payment,10E201140,Membership Fees,,,,30000,0,O,O,10A100020,Cash,1,Cash,Subaccount,30000,0,O,O,020,Tokyo Branch,Department,000,Common Department,Department,,,,,,,,
2798,,,,,,70,2022-03-31,,,,,,,,,,,,,,,,,,,,,,,,,,,,,,,,,,,,
2798,5010,1,,1,,,,,,,Wired service fee,10E201270,Miscellaneous Expenses,,,,6000,545,S,S,10B100630,Accounts Payable Other,,,,58381,0,O,O,020,Tokyo Branch,Department,000,Common Department,Department,,,,,,,,
2798,5011,1,,,,,,,,,Security fee,10E201270,Miscellaneous Expenses,,,,52381,4761,S,S,,,,,,,,,,020,Tokyo Branch,Department,,,,,,,,,,,
2798,5012,1,,1,1,,,,,,Expressway toll,10E201120,Vehicle Expenses,,,,73315,6665,S,S,10A100020,Ordinary Deposits,20,ABC Bank Head Office,Subaccount,73315,0,O,O,020,Tokyo Branch,Department,000,Common Department,Department,,,,,,,,
2798,5013,1,,1,,,,,,,Cleaning fee,10E201270,Miscellaneous Expenses,,,,73500,6681,S,S,10B100630,Accounts Payable Other,,,,73500,0,O,O,020,Tokyo Branch,Department,000,Common Department,Department,,,,,,,,
2798,5014,1,,1,1,,,,,,Insurance Expenses,10E200240,Insurance Expenses,,,,62000,0,E,E,10A100020,Ordinary Deposits,30,GHI Bank Nagoya Branch,Subaccount,62000,0,O,O,030,Nagoya Branch,Department,000,Common Department,Department,,,,,,,,
2799,,,,,,72,2022-03-31,,,,,,,,,,,,,,,,,,,,,,,,,,,,,,,,,,,,
2799,5015,1,,1,1,,,,,,Insurance Premium Payment,10E200240,Insurance Expenses,,,,57000,0,E,E,10A100020,Ordinary Deposits,50,MNO Bank Kitakyushu Branch,Subaccount,57000,0,O,O,050,Kyushu Sales Office,Department,000,Common Department,Department,,,,,,,,
2800,,,,,,77,2022-03-31,,,,,,,,,,,,,,,,,,,,,,,,,,,,,,,,,,,,
2800,5016,1,,1,,,,,,,Freight Expenses,10E200870,Freight Expenses,,,,202600,18418,S,S,10B100630,Accounts Payable Other,,,,202600,0,O,O,030,Nagoya Branch,Department,000,Common Department,Department,,,,,,,,
2801,,,,,,79,2022-03-31,,,,,,,,,,,,,,,,,,,,,,,,,,,,,,,,,,,,
2801,5017,,,1,,,,,,,Supplies expense department allocation,,,,,,,,,,10E200200,Supplies Expenses,,,,347843,0,O,O,,,,000,Common Department,Department,,,,,,,,
2801,5018,1,,,,,,,,,,10E200200,Supplies Expenses,,,,38262,0,O,O,,,,,,,,,,010,Sapporo Sales Office,Department,,,,,,,,,,,
2801,5019,1,,,,,,,,,,10E200200,Supplies Expenses,,,,166966,0,O,O,,,,,,,,,,020,Tokyo Branch,Department,,,,,,,,,,,
2801,5020,1,,,,,,,,,,10E200200,Supplies Expenses,,,,34784,0,O,O,,,,,,,,,,030,Nagoya Branch,Department,,,,,,,,,,,
2801,5021,1,,,,,,,,,,10E200200,Supplies Expenses,,,,83482,0,O,O,,,,,,,,,,040,Osaka Branch,Department,,,,,,,,,,,
2801,5022,1,,,,,,,,,,10E200200,Supplies Expenses,,,,24349,0,O,O,,,,,,,,,,050,Kyushu Sales Office,Department,,,,,,,,,,,
2802,,,,,,93,2022-03-31,,,,,,,,,,,,,,,,,,,,,,,,,,,,,,,,,,,,
2802,5023,1,,1,,,,,,,Repair expense,10E201000,Repairs and Maintenance,,,,17850,1622,S,S,10B100630,Accounts Payable Other,,,,17850,0,O,O,040,Osaka Branch,Department,000,Common Department,Department,,,,,,,,
2802,5024,1,1,1,1,,,,,,Insurance Premium Withheld portion,10B100690,Deposits Received,1,Insurance Expenses,Subaccount,742977,0,O,O,10A100020,Ordinary Deposits,20,ABC Bank Head Office,Subaccount,1497010,0,O,O,000,Common Department,Department,000,Common Department,Department,,,,,,,,
2802,5025,1,,,,,,,,,Insurance Premium Employer contribution,10E200540,Statutory Welfare Expenses,,,,120411,0,E,E,,,,,,,,,,020,Tokyo Branch,Department,,,,,,,,,,,
2802,5026,1,,,,,,,,,Insurance Premium Employer contribution,10E200540,Statutory Welfare Expenses,,,,236045,0,E,E,,,,,,,,,,020,Tokyo Branch,Department,,,,,,,,,,,
2802,5027,1,,,,,,,,,Insurance Premium Employer contribution,10E200540,Statutory Welfare Expenses,,,,103424,0,E,E,,,,,,,,,,010,Sapporo Sales Office,Department,,,,,,,,,,,
2802,5028,1,,,,,,,,,Insurance Premium Employer contribution,10E200540,Statutory Welfare Expenses,,,,96352,0,E,E,,,,,,,,,,030,Nagoya Branch,Department,,,,,,,,,,,
2802,5029,1,,,,,,,,,Insurance Premium Employer contribution,10E200540,Statutory Welfare Expenses,,,,119477,0,E,E,,,,,,,,,,040,Osaka Branch,Department,,,,,,,,,,,
2802,5030,1,,,,,,,,,Insurance Premium Employer contribution,10E200540,Statutory Welfare Expenses,,,,67268,0,E,E,,,,,,,,,,050,Kyushu Sales Office,Department,,,,,,,,,,,
2802,5031,1,,,,,,,,,Child allowance contribution Employer contribution,10E200540,Statutory Welfare Expenses,,,,11056,0,E,E,,,,,,,,,,020,Tokyo Branch,Department,,,,,,,,,,,
2803,,,,,,96,2022-03-31,,,,,,,,,,,,,,,,,,,,,,,,,,,,,,,,,,,,
2803,5032,1,,1,1,,,,,,Security fee,10E201270,Miscellaneous Expenses,,,,22470,2042,S,S,10A100020,Ordinary Deposits,30,GHI Bank Nagoya Branch,Subaccount,22470,0,O,O,030,Nagoya Branch,Department,000,Common Department,Department,,,,,,,,
2804,,,,,,99,2022-03-31,,,,,,,,,,,,,,,,,,,,,,,,,,,,,,,,,,,,
2804,5033,1,,1,,,,,,,Freight Expenses,10E200870,Freight Expenses,,,,977410,88855,S,S,10B100630,Accounts Payable Other,,,,977410,0,O,O,040,Osaka Branch,Department,000,Common Department,Department,,,,,,,,
2805,,,,,,100,2022-03-31,,,,,,,,,,,,,,,,,,,,,,,,,,,,,,,,,,,,
2805,5034,1,,1,1,,,,,,Membership fee,10E200140,Employee Welfare Expenses,,,,6000,545,S,S,10A100020,Cash,1,Cash,Subaccount,6000,0,O,O,040,Osaka Branch,Department,000,Common Department,Department,,,,,,,,
2806,,,,,,110,2022-03-31,,,,,,,,,,,,,,,,,,,,,,,,,,,,,,,,,,,,
2806,5035,1,1,1,,,,,,,3/1-3/31 periodSales,10A100090,Accounts Receivable,14,Anonymized Partner 066,Subaccount,2360032,0,O,O,10D100100,Gross Sales,,,,2360032,214548,S,S,000,Common Department,Department,010,Sapporo Sales Office,Department,,,,,,,,
2806,5036,1,1,1,,,,,,,3/1-3/31 periodSales,10A100090,Accounts Receivable,25,Anonymized Partner 033,Subaccount,2708884,0,O,O,10D100100,Gross Sales,,,,2708884,246262,S,S,000,Common Department,Department,010,Sapporo Sales Office,Department,,,,,,,,
2806,5037,1,1,1,,,,,,,3/1-3/31 periodSales,10A100090,Accounts Receivable,5,Anonymized Partner 030,Subaccount,1825556,0,O,O,10D100100,Gross Sales,,,,1825556,165959,S,S,000,Common Department,Department,010,Sapporo Sales Office,Department,,,,,,,,
2807,,,,,,111,2022-03-31,,,,,,,,,,,,,,,,,,,,,,,,,,,,,,,,,,,,
2807,5038,1,1,1,,,,,,,3/1-3/31 periodSales,10A100090,Accounts Receivable,30,Anonymized Partner 052,Subaccount,2358524,0,O,O,10D100100,Gross Sales,,,,2358524,214411,S,S,000,Common Department,Department,020,Tokyo Branch,Department,,,,,,,,
2807,5039,1,1,1,,,,,,,3/1-3/31 periodSales,10A100090,Accounts Receivable,2,Anonymized Partner 057,Subaccount,8251179,0,O,O,10D100100,Gross Sales,,,,8251179,750107,S,S,000,Common Department,Department,020,Tokyo Branch,Department,,,,,,,,
2807,5040,1,1,1,,,,,,,3/1-3/31 periodSales,10A100090,Accounts Receivable,24,Anonymized Partner 081,Subaccount,3907856,0,O,O,10D100100,Gross Sales,,,,3907856,355259,S,S,000,Common Department,Department,020,Tokyo Branch,Department,,,,,,,,
2807,5041,1,1,1,,,,,,,3/1-3/31 periodSales,10A100090,Accounts Receivable,10,Anonymized Partner 012,Subaccount,1407648,0,O,O,10D100100,Gross Sales,,,,1407648,127968,S,S,000,Common Department,Department,020,Tokyo Branch,Department,,,,,,,,
2807,5042,1,1,1,,,,,,,3/1-3/31 periodSales,10A100090,Accounts Receivable,26,Anonymized Partner 082,Subaccount,2699820,0,O,O,10D100100,Gross Sales,,,,2699820,245438,S,S,000,Common Department,Department,020,Tokyo Branch,Department,,,,,,,,
2807,5043,1,1,1,,,,,,,3/1-3/31 periodSales,10A100090,Accounts Receivable,12,Anonymized Partner 065,Subaccount,2901201,0,O,O,10D100100,Gross Sales,,,,2901201,263745,S,S,000,Common Department,Department,020,Tokyo Branch,Department,,,,,,,,
2807,5044,1,1,1,,,,,,,3/1-3/31 periodSales,10A100090,Accounts Receivable,11,Anonymized Partner 058,Subaccount,1581860,0,O,O,10D100100,Gross Sales,,,,1581860,143805,S,S,000,Common Department,Department,020,Tokyo Branch,Department,,,,,,,,
2807,5045,1,1,1,,,,,,,3/1-3/31 periodSales,10A100090,Accounts Receivable,13,Anonymized Partner 023,Subaccount,2940652,0,O,O,10D100100,Gross Sales,,,,2940652,267332,S,S,000,Common Department,Department,020,Tokyo Branch,Department,,,,,,,,
2807,5046,1,1,1,,,,,,,3/1-3/31 periodSales,10A100090,Accounts Receivable,14,Anonymized Partner 066,Subaccount,1690176,0,O,O,10D100100,Gross Sales,,,,1690176,153652,S,S,000,Common Department,Department,020,Tokyo Branch,Department,,,,,,,,
2808,,,,,,112,2022-03-31,,,,,,,,,,,,,,,,,,,,,,,,,,,,,,,,,,,,
2808,5047,1,1,1,,,,,,,3/1-3/31 periodSales,10A100090,Accounts Receivable,19,Anonymized Partner 045,Subaccount,2097864,0,O,O,10D100100,Gross Sales,,,,2097864,190714,S,S,000,Common Department,Department,030,Nagoya Branch,Department,,,,,,,,
2808,5048,1,1,1,,,,,,,3/1-3/31 periodSales,10A100090,Accounts Receivable,21,Anonymized Partner 014,Subaccount,1433744,0,O,O,10D100100,Gross Sales,,,,1433744,130340,S,S,000,Common Department,Department,030,Nagoya Branch,Department,,,,,,,,
2808,5049,1,1,1,,,,,,,3/1-3/31 periodSales,10A100090,Accounts Receivable,27,Anonymized Partner 025,Subaccount,1331520,0,O,O,10D100100,Gross Sales,,,,1331520,121047,S,S,000,Common Department,Department,030,Nagoya Branch,Department,,,,,,,,
2808,5050,1,1,1,,,,,,,3/1-3/31 periodSales,10A100090,Accounts Receivable,6,Anonymized Partner 061,Subaccount,871860,0,O,O,10D100100,Gross Sales,,,,871860,79260,S,S,000,Common Department,Department,030,Nagoya Branch,Department,,,,,,,,
2808,5051,1,1,1,,,,,,,3/1-3/31 periodSales,10A100090,Accounts Receivable,7,Anonymized Partner 042,Subaccount,758914,0,O,O,10D100100,Gross Sales,,,,758914,68992,S,S,000,Common Department,Department,030,Nagoya Branch,Department,,,,,,,,
2808,5052,1,1,1,,,,,,,3/1-3/31 periodSales,10A100090,Accounts Receivable,14,Anonymized Partner 066,Subaccount,2055400,0,O,O,10D100100,Gross Sales,,,,2055400,186854,S,S,000,Common Department,Department,030,Nagoya Branch,Department,,,,,,,,
2809,,,,,,113,2022-03-31,,,,,,,,,,,,,,,,,,,,,,,,,,,,,,,,,,,,
2809,5053,1,1,1,,,,,,,3/1-3/31 periodSales,10A100090,Accounts Receivable,4,Anonymized Partner 032,Subaccount,3647192,0,O,O,10D100100,Gross Sales,,,,3647192,331562,S,S,000,Common Department,Department,040,Osaka Branch,Department,,,,,,,,
2809,5054,1,1,1,,,,,,,3/1-3/31 periodSales,10A100090,Accounts Receivable,9,Anonymized Partner 026,Subaccount,3304738,0,O,O,10D100100,Gross Sales,,,,3304738,300430,S,S,000,Common Department,Department,040,Osaka Branch,Department,,,,,,,,
2809,5055,1,1,1,,,,,,,3/1-3/31 periodSales,10A100090,Accounts Receivable,20,Anonymized Partner 079,Subaccount,1403080,0,O,O,10D100100,Gross Sales,,,,1403080,127552,S,S,000,Common Department,Department,040,Osaka Branch,Department,,,,,,,,
2809,5056,1,1,1,,,,,,,3/1-3/31 periodSales,10A100090,Accounts Receivable,28,Anonymized Partner 072,Subaccount,4383630,0,O,O,10D100100,Gross Sales,,,,4383630,398511,S,S,000,Common Department,Department,040,Osaka Branch,Department,,,,,,,,
2809,5057,1,1,1,,,,,,,3/1-3/31 periodSales,10A100090,Accounts Receivable,14,Anonymized Partner 066,Subaccount,3056284,0,O,O,10D100100,Gross Sales,,,,3056284,277844,S,S,000,Common Department,Department,040,Osaka Branch,Department,,,,,,,,
2809,5058,1,1,1,,,,,,,3/1-3/31 periodSales,10A100090,Accounts Receivable,3,Anonymized Partner 085,Subaccount,919254,0,O,O,10D100100,Gross Sales,,,,919254,83568,S,S,000,Common Department,Department,040,Osaka Branch,Department,,,,,,,,
2809,5059,1,1,1,,,,,,,3/1-3/31 periodSales,10A100090,Accounts Receivable,8,Anonymized Partner 073,Subaccount,754741,0,O,O,10D100100,Gross Sales,,,,754741,68612,S,S,000,Common Department,Department,040,Osaka Branch,Department,,,,,,,,
2809,5060,1,1,1,,,,,,,3/1-3/31 periodSales,10A100090,Accounts Receivable,23,Anonymized Partner 056,Subaccount,1008640,0,O,O,10D100100,Gross Sales,,,,1008640,91694,S,S,000,Common Department,Department,040,Osaka Branch,Department,,,,,,,,
2810,,,,,,114,2022-03-31,,,,,,,,,,,,,,,,,,,,,,,,,,,,,,,,,,,,
2810,5061,1,1,1,,,,,,,3/1-3/31 periodSales,10A100090,Accounts Receivable,1,Anonymized Partner 068,Subaccount,5724549,0,O,O,10D100100,Gross Sales,,,,5724549,520413,S,S,000,Common Department,Department,050,Kyushu Sales Office,Department,,,,,,,,
2810,5062,1,1,1,,,,,,,3/1-3/31 periodSales,10A100090,Accounts Receivable,14,Anonymized Partner 066,Subaccount,2722880,0,O,O,10D100100,Gross Sales,,,,2722880,247534,S,S,000,Common Department,Department,050,Kyushu Sales Office,Department,,,,,,,,
2810,5063,1,1,1,,,,,,,3/1-3/31 periodSales,10A100090,Accounts Receivable,22,Anonymized Partner 070,Subaccount,2617248,0,O,O,10D100100,Gross Sales,,,,2617248,237931,S,S,000,Common Department,Department,050,Kyushu Sales Office,Department,,,,,,,,
2810,5064,1,1,1,,,,,,,3/1-3/31 periodSales,10A100090,Accounts Receivable,29,Anonymized Partner 049,Subaccount,1721354,0,O,O,10D100100,Gross Sales,,,,1721354,156486,S,S,000,Common Department,Department,050,Kyushu Sales Office,Department,,,,,,,,
2811,,,,,,115,2022-03-31,,,,,,,,,,,,,,,,,,,,,,,,,,,,,,,,,,,,
2811,5065,1,1,1,1,,,,,,Voucher No. 478 dated 3/31 Anonymized Partner 032,10A100020,Ordinary Deposits,40,JKL Bank Umeda Branch,Subaccount,1289400,0,O,O,10A100090,Accounts Receivable,4,Anonymized Partner 032,Subaccount,1289400,0,O,O,000,Common Department,Department,000,Common Department,Department,,,,,,,,
2811,5066,1,,1,1,,,,,,Voucher No. 478 dated 3/31 Anonymized Partner 032,10E200690,Service Fees,,,,840,76,S,S,10A100090,Accounts Receivable,4,Anonymized Partner 032,Subaccount,840,0,O,O,040,Osaka Branch,Department,000,Common Department,Department,,,,,,,,
2811,5067,1,,1,1,,,,,,Insurance Expenses,10E200240,Insurance Expenses,,,,64500,0,E,E,10A100020,Ordinary Deposits,40,JKL Bank Umeda Branch,Subaccount,64500,0,O,O,040,Osaka Branch,Department,000,Common Department,Department,,,,,,,,
2812,,,,,,116,2022-03-31,,,,,,,,,,,,,,,,,,,,,,,,,,,,,,,,,,,,
2812,5068,1,1,1,1,,,,,,Voucher No. 479 dated 3/31 Anonymized Partner 030,10A100020,Ordinary Deposits,10,DEF Bank Station Branch,Subaccount,1393258,0,O,O,10A100090,Accounts Receivable,5,Anonymized Partner 030,Subaccount,1393258,0,O,O,000,Common Department,Department,000,Common Department,Department,,,,,,,,
2812,5069,1,,1,1,,,,,,Voucher No. 479 dated 3/31 Anonymized Partner 030,10E200690,Service Fees,,,,840,76,S,S,10A100090,Accounts Receivable,5,Anonymized Partner 030,Subaccount,840,0,O,O,010,Sapporo Sales Office,Department,000,Common Department,Department,,,,,,,,
2812,5070,1,,1,1,,,,,,lease fee,10E200730,Land and Building Rent,,,,84000,7636,S,S,10A100020,Ordinary Deposits,40,JKL Bank Umeda Branch,Subaccount,84000,0,O,O,040,Osaka Branch,Department,000,Common Department,Department,,,,,,,,
2813,,,,,,117,2022-03-31,,,,,,,,,,,,,,,,,,,,,,,,,,,,,,,,,,,,
2813,5071,1,1,1,1,,,,,,Voucher No. 480 dated 3/31 Anonymized Partner 012,10A100020,Cash,1,Cash,Subaccount,140000,0,O,O,10A100090,Accounts Receivable,10,Anonymized Partner 012,Subaccount,140000,0,O,O,000,Common Department,Department,000,Common Department,Department,,,,,,,,
2814,,,,,,118,2022-03-31,,,,,,,,,,,,,,,,,,,,,,,,,,,,,,,,,,,,
2814,5072,1,,1,1,,,,,,Voucher No. 481 dated 3/31 Anonymized Partner 065 | Sales voucher=20220228-112;Note number=R20220331-118-12,10A100060,Notes Receivable,,,,7423367,0,O,O,10A100090,Accounts Receivable,12,Anonymized Partner 065,Subaccount,7423367,0,O,O,000,Common Department,Department,000,Common Department,Department,,,,,,,,
2815,,,,,,119,2022-03-31,,,,,,,,,,,,,,,,,,,,,,,,,,,,,,,,,,,,
2815,5073,1,1,1,1,,,,,,Voucher No. 482 dated 3/31 Anonymized Partner 081,10A100020,Ordinary Deposits,20,ABC Bank Head Office,Subaccount,225990,0,O,O,10A100090,Accounts Receivable,24,Anonymized Partner 081,Subaccount,225990,0,O,O,000,Common Department,Department,000,Common Department,Department,,,,,,,,
2815,5074,1,,1,1,,,,,,Voucher No. 482 dated 3/31 Anonymized Partner 081,10E200690,Service Fees,,,,630,57,S,S,10A100090,Accounts Receivable,24,Anonymized Partner 081,Subaccount,630,0,O,O,020,Tokyo Branch,Department,000,Common Department,Department,,,,,,,,
2816,,,,,,120,2022-03-31,,,,,,,,,,,,,,,,,,,,,,,,,,,,,,,,,,,,
2816,5075,1,1,1,1,,,,,,Voucher No. 483 dated 3/31 Anonymized Partner 049,10A100020,Ordinary Deposits,50,MNO Bank Kitakyushu Branch,Subaccount,485810,0,O,O,10A100090,Accounts Receivable,29,Anonymized Partner 049,Subaccount,485810,0,O,O,000,Common Department,Department,000,Common Department,Department,,,,,,,,
2816,5076,1,,1,1,,,,,,Voucher No. 483 dated 3/31 Anonymized Partner 049,10E200690,Service Fees,,,,210,19,S,S,10A100090,Accounts Receivable,29,Anonymized Partner 049,Subaccount,210,0,O,O,050,Kyushu Sales Office,Department,000,Common Department,Department,,,,,,,,
2817,,,,,,121,2022-03-31,,,,,,,,,,,,,,,,,,,,,,,,,,,,,,,,,,,,
2817,5077,1,,1,1,,,,,,3/1-3/31 period Purchases,10E100130,Merchandise Purchases,,,,102816,9346,S,S,10B100040,Accounts Payable,8,Anonymized Partner 063,Subaccount,102816,0,O,O,010,Sapporo Sales Office,Department,000,Common Department,Department,,,,,,,,
2817,5078,1,,1,1,,,,,,3/1-3/31 period Purchases,10E100130,Merchandise Purchases,,,,161481,14680,S,S,10B100040,Accounts Payable,2,Anonymized Partner 046,Subaccount,161481,0,O,O,010,Sapporo Sales Office,Department,000,Common Department,Department,,,,,,,,
2818,,,,,,122,2022-03-31,,,,,,,,,,,,,,,,,,,,,,,,,,,,,,,,,,,,
2818,5079,1,,1,1,,,,,,3/1-3/31 period Purchases,10E100130,Merchandise Purchases,,,,1604983,145907,S,S,10B100040,Accounts Payable,13,Anonymized Partner 027,Subaccount,1604983,0,O,O,020,Tokyo Branch,Department,000,Common Department,Department,,,,,,,,
2818,5080,1,,1,1,,,,,,3/1-3/31 period Purchases,10E100130,Merchandise Purchases,,,,708722,64429,S,S,10B100040,Accounts Payable,2,Anonymized Partner 046,Subaccount,708722,0,O,O,020,Tokyo Branch,Department,000,Common Department,Department,,,,,,,,
2818,5081,1,,1,1,,,,,,3/1-3/31 period Purchases,10E100130,Merchandise Purchases,,,,3306604,300600,S,S,10B100040,Accounts Payable,14,Anonymized Partner 011,Subaccount,3306604,0,O,O,020,Tokyo Branch,Department,000,Common Department,Department,,,,,,,,
2818,5082,1,,1,1,,,,,,3/1-3/31 period Purchases,10E100130,Merchandise Purchases,,,,3861324,351029,S,S,10B100040,Accounts Payable,3,Anonymized Partner 085,Subaccount,3861324,0,O,O,020,Tokyo Branch,Department,000,Common Department,Department,,,,,,,,
2818,5083,1,,1,1,,,,,,3/1-3/31 period Purchases,10E100130,Merchandise Purchases,,,,7758109,705282,S,S,10B100040,Accounts Payable,1,Anonymized Partner 043,Subaccount,7758109,0,O,O,020,Tokyo Branch,Department,000,Common Department,Department,,,,,,,,
2818,5084,1,,1,1,,,,,,3/1-3/31 period Purchases,10E100130,Merchandise Purchases,,,,5736237,521476,S,S,10B100040,Accounts Payable,11,Anonymized Partner 067,Subaccount,5736237,0,O,O,020,Tokyo Branch,Department,000,Common Department,Department,,,,,,,,
2818,5085,1,,1,1,,,,,,3/1-3/31 period Purchases,10E100130,Merchandise Purchases,,,,371183,33743,S,S,10B100040,Accounts Payable,12,Anonymized Partner 059,Subaccount,371183,0,O,O,020,Tokyo Branch,Department,000,Common Department,Department,,,,,,,,
2818,5086,1,,1,1,,,,,,3/1-3/31 period Purchases,10E100130,Merchandise Purchases,,,,46267,4206,S,S,10B100040,Accounts Payable,8,Anonymized Partner 063,Subaccount,46267,0,O,O,020,Tokyo Branch,Department,000,Common Department,Department,,,,,,,,
2819,,,,,,123,2022-03-31,,,,,,,,,,,,,,,,,,,,,,,,,,,,,,,,,,,,
2819,5087,1,,1,1,,,,,,3/1-3/31 period Purchases,10E100130,Merchandise Purchases,,,,2437314,221574,S,S,10B100040,Accounts Payable,9,Anonymized Partner 029,Subaccount,2437314,0,O,O,030,Nagoya Branch,Department,000,Common Department,Department,,,,,,,,
2819,5088,1,,1,1,,,,,,3/1-3/31 period Purchases,10E100130,Merchandise Purchases,,,,1591695,144699,S,S,10B100040,Accounts Payable,15,Anonymized Partner 074,Subaccount,1591695,0,O,O,030,Nagoya Branch,Department,000,Common Department,Department,,,,,,,,
2819,5089,1,,1,1,,,,,,3/1-3/31 period Purchases,10E100130,Merchandise Purchases,,,,4231805,384709,S,S,10B100040,Accounts Payable,7,Anonymized Partner 048,Subaccount,4231805,0,O,O,030,Nagoya Branch,Department,000,Common Department,Department,,,,,,,,
2819,5090,1,,1,1,,,,,,3/1-3/31 period Purchases,10E100130,Merchandise Purchases,,,,102816,9346,S,S,10B100040,Accounts Payable,8,Anonymized Partner 063,Subaccount,102816,0,O,O,030,Nagoya Branch,Department,000,Common Department,Department,,,,,,,,
2819,5091,1,,1,1,,,,,,3/1-3/31 period Purchases,10E100130,Merchandise Purchases,,,,320719,29156,S,S,10B100040,Accounts Payable,2,Anonymized Partner 046,Subaccount,320719,0,O,O,030,Nagoya Branch,Department,000,Common Department,Department,,,,,,,,
2820,,,,,,124,2022-03-31,,,,,,,,,,,,,,,,,,,,,,,,,,,,,,,,,,,,
2820,5092,1,,1,1,,,,,,3/1-3/31 period Purchases,10E100130,Merchandise Purchases,,,,4615320,419574,S,S,10B100040,Accounts Payable,6,Anonymized Partner 054,Subaccount,4615320,0,O,O,040,Osaka Branch,Department,000,Common Department,Department,,,,,,,,
2820,5093,1,,1,1,,,,,,3/1-3/31 period Purchases,10E100130,Merchandise Purchases,,,,4402685,400244,S,S,10B100040,Accounts Payable,5,Anonymized Partner 010,Subaccount,4402685,0,O,O,040,Osaka Branch,Department,000,Common Department,Department,,,,,,,,
2820,5094,1,,1,1,,,,,,3/1-3/31 period Purchases,10E100130,Merchandise Purchases,,,,1057191,96108,S,S,10B100040,Accounts Payable,4,Anonymized Partner 047,Subaccount,1057191,0,O,O,040,Osaka Branch,Department,000,Common Department,Department,,,,,,,,
2820,5095,1,,1,1,,,,,,3/1-3/31 period Purchases,10E100130,Merchandise Purchases,,,,154224,14020,S,S,10B100040,Accounts Payable,8,Anonymized Partner 063,Subaccount,154224,0,O,O,040,Osaka Branch,Department,000,Common Department,Department,,,,,,,,
2820,5096,1,,1,1,,,,,,3/1-3/31 period Purchases,10E100130,Merchandise Purchases,,,,3725251,338659,S,S,10B100040,Accounts Payable,10,Anonymized Partner 009,Subaccount,3725251,0,O,O,040,Osaka Branch,Department,000,Common Department,Department,,,,,,,,
2820,5097,1,,1,1,,,,,,3/1-3/31 period Purchases,10E100130,Merchandise Purchases,,,,619008,56273,S,S,10B100040,Accounts Payable,2,Anonymized Partner 046,Subaccount,619008,0,O,O,040,Osaka Branch,Department,000,Common Department,Department,,,,,,,,
2820,5098,1,1,1,,,,,,,3/1-3/31 period Purchases,10B100040,Accounts Payable,10,Anonymized Partner 009,Subaccount,42840,0,O,O,10E100120,Purchase Discounts and Returns,,,,42840,3894,S,S,000,Common Department,Department,040,Osaka Branch,Department,,,,,,,,
2821,,,,,,125,2022-03-31,,,,,,,,,,,,,,,,,,,,,,,,,,,,,,,,,,,,
2821,5099,1,,1,1,,,,,,3/1-3/31 period Purchases,10E100130,Merchandise Purchases,,,,217551,19777,S,S,10B100040,Accounts Payable,2,Anonymized Partner 046,Subaccount,217551,0,O,O,050,Kyushu Sales Office,Department,000,Common Department,Department,,,,,,,,
2821,5100,1,,1,1,,,,,,3/1-3/31 period Purchases,10E100130,Merchandise Purchases,,,,102816,9346,S,S,10B100040,Accounts Payable,8,Anonymized Partner 063,Subaccount,102816,0,O,O,050,Kyushu Sales Office,Department,000,Common Department,Department,,,,,,,,
2822,,,,,,126,2022-03-31,,,,,,,,,,,,,,,,,,,,,,,,,,,,,,,,,,,,
2822,5101,1,1,1,1,,,,,,Voucher No. 354 dated 3/31 Anonymized Partner 046,10B100040,Accounts Payable,2,Anonymized Partner 046,Subaccount,1586888,0,O,O,10A100020,Ordinary Deposits,20,ABC Bank Head Office,Subaccount,1586888,0,O,O,000,Common Department,Department,000,Common Department,Department,,,,,,,,
2823,,,,,,127,2022-03-31,,,,,,,,,,,,,,,,,,,,,,,,,,,,,,,,,,,,
2823,5102,1,1,1,,,,,,,Voucher No. 355 dated 3/31 Anonymized Partner 010,10B100040,Accounts Payable,5,Anonymized Partner 010,Subaccount,4236496,0,O,O,10B100030,Notes Payable,,,,4236496,0,O,O,000,Common Department,Department,000,Common Department,Department,,,,,,,,
2824,,,,,,128,2022-03-31,,,,,,,,,,,,,,,,,,,,,,,,,,,,,,,,,,,,
2824,5103,1,1,1,1,,,,,,Voucher No. 356 dated 3/31 Anonymized Partner 048,10B100040,Accounts Payable,7,Anonymized Partner 048,Subaccount,3221820,0,O,O,10A100020,Ordinary Deposits,20,ABC Bank Head Office,Subaccount,3221820,0,O,O,000,Common Department,Department,000,Common Department,Department,,,,,,,,
2825,,,,,,129,2022-03-31,,,,,,,,,,,,,,,,,,,,,,,,,,,,,,,,,,,,
2825,5104,1,1,1,,,,,,,Voucher No. 357 dated 3/31 Anonymized Partner 029,10B100040,Accounts Payable,9,Anonymized Partner 029,Subaccount,2042022,0,O,O,10B100030,Notes Payable,,,,2042022,0,O,O,000,Common Department,Department,000,Common Department,Department,,,,,,,,
2826,,,,,,130,2022-03-31,,,,,,,,,,,,,,,,,,,,,,,,,,,,,,,,,,,,
2826,5105,1,1,1,1,,,,,,Voucher No. 358 dated 3/31 Anonymized Partner 009,10B100040,Accounts Payable,10,Anonymized Partner 009,Subaccount,2656388,0,O,O,10A100020,Ordinary Deposits,20,ABC Bank Head Office,Subaccount,2656388,0,O,O,000,Common Department,Department,000,Common Department,Department,,,,,,,,
2827,,,,,,131,2022-03-31,,,,,,,,,,,,,,,,,,,,,,,,,,,,,,,,,,,,
2827,5106,1,1,1,1,,,,,,Voucher No. 359 dated 3/31 Anonymized Partner 059,10B100040,Accounts Payable,12,Anonymized Partner 059,Subaccount,255528,0,O,O,10A100020,Ordinary Deposits,20,ABC Bank Head Office,Subaccount,255528,0,O,O,000,Common Department,Department,000,Common Department,Department,,,,,,,,
2828,,,,,,132,2022-03-31,,,,,,,,,,,,,,,,,,,,,,,,,,,,,,,,,,,,
2828,5107,1,1,1,1,,,,,,Voucher No. 360 dated 3/31 Anonymized Partner 027,10B100040,Accounts Payable,13,Anonymized Partner 027,Subaccount,1909347,0,O,O,10A100020,Ordinary Deposits,20,ABC Bank Head Office,Subaccount,1909347,0,O,O,000,Common Department,Department,000,Common Department,Department,,,,,,,,
2829,,,,,,133,2022-03-31,,,,,,,,,,,,,,,,,,,,,,,,,,,,,,,,,,,,
2829,5108,1,1,1,1,,,,,,Voucher No. 361 dated 3/31 Anonymized Partner 011,10B100040,Accounts Payable,14,Anonymized Partner 011,Subaccount,3385746,0,O,O,10A100020,Ordinary Deposits,20,ABC Bank Head Office,Subaccount,3385746,0,O,O,000,Common Department,Department,000,Common Department,Department,,,,,,,,
2830,,,,,,134,2022-03-31,,,,,,,,,,,,,,,,,,,,,,,,,,,,,,,,,,,,
2830,5109,1,1,1,1,,,,,,Voucher No. 362 dated 3/31 Anonymized Partner 074,10B100040,Accounts Payable,15,Anonymized Partner 074,Subaccount,1144940,0,O,O,10A100020,Ordinary Deposits,20,ABC Bank Head Office,Subaccount,1144940,0,O,O,000,Common Department,Department,000,Common Department,Department,,,,,,,,
2831,,,,,,135,2022-03-31,,,,,,,,,,,,,,,,,,,,,,,,,,,,,,,,,,,,
2831,5110,1,,1,1,,,,,,month 2 payment,10B100630,Accounts Payable Other,,,,6887180,0,O,O,10A100020,Ordinary Deposits,20,ABC Bank Head Office,Subaccount,6887180,0,O,O,000,Common Department,Department,000,Common Department,Department,,,,,,,,
2832,,,,,,137,2022-03-31,,,,,,,,,,,,,,,,,,,,,,,,,,,,,,,,,,,,
2832,5111,1,,1,1,,,,,,Note due date settlement Anonymized Partner 010,10B100030,Notes Payable,,,,4897778,0,O,O,10A100020,Checking Deposits,1,ABC Bank,Subaccount,4897778,0,O,O,000,Common Department,Department,000,Common Department,Department,,,,,,,,
2832,5112,1,,1,1,,,,,,Note due date settlement Anonymized Partner 029,10B100030,Notes Payable,,,,2224739,0,O,O,10A100020,Checking Deposits,1,ABC Bank,Subaccount,2224739,0,O,O,000,Common Department,Department,000,Common Department,Department,,,,,,,,
2832,5113,1,,1,1,,,,,,Note due date settlement Anonymized Partner 009,10B100030,Notes Payable,,,,3791833,0,O,O,10A100020,Checking Deposits,1,ABC Bank,Subaccount,3791833,0,O,O,000,Common Department,Department,000,Common Department,Department,,,,,,,,
2833,,,,,,138,2022-03-31,,,,,,,,,,,,,,,,,,,,,,,,,,,,,,,,,,,,
2833,5114,1,,1,,,,,,,Ending inventory(Sapporo),10A100280,Merchandise,,,,63025546,0,O,O,10E100140,Ending Merchandise Inventory,,,,7889283,0,O,O,000,Common Department,Department,010,Sapporo Sales Office,Department,,,,,,,,
2833,5115,,,1,,,,,,,Ending inventory(Tokyo),,,,,,,,,,10E100140,Ending Merchandise Inventory,,,,32429735,0,O,O,,,,020,Tokyo Branch,Department,,,,,,,,
2833,5116,,,1,,,,,,,Ending inventory(Nagoya),,,,,,,,,,10E100140,Ending Merchandise Inventory,,,,6035795,0,O,O,,,,030,Nagoya Branch,Department,,,,,,,,
2833,5117,,,1,,,,,,,Ending inventory(Osaka),,,,,,,,,,10E100140,Ending Merchandise Inventory,,,,12830339,0,O,O,,,,040,Osaka Branch,Department,,,,,,,,
2833,5118,,,1,,,,,,,Ending inventory(Kyushu),,,,,,,,,,10E100140,Ending Merchandise Inventory,,,,3840394,0,O,O,,,,050,Kyushu Sales Office,Department,,,,,,,,
2834,,,,,,141,2022-03-31,,,,,,,,,,,,,,,,,,,,,,,,,,,,,,,,,,,,
2834,5119,1,1,1,,,,,,,Note maturity Anonymized Partner 065 | Note number=R20220131-120-12;Receipt amount corrected to settlement amount,10A100020,Checking Deposits,1,ABC Bank,Subaccount,17510543,0,O,O,10A100060,Notes Receivable,,,,17510543,0,O,O,000,Common Department,Department,000,Common Department,Department,,,,,,,,
2835,,,,,,143,2022-03-31,,,,,,,,,,,,,,,,,,,,,,,,,,,,,,,,,,,,
2835,5120,1,1,1,1,,,,,,Funds transfer,10A100020,Checking Deposits,1,ABC Bank,Subaccount,14000000,0,O,O,10A100020,Ordinary Deposits,10,DEF Bank Station Branch,Subaccount,5000000,0,O,O,000,Common Department,Department,000,Common Department,Department,,,,,,,,
2835,5121,,,1,1,,,,,,Funds transfer,,,,,,,,,,10A100020,Ordinary Deposits,40,JKL Bank Umeda Branch,Subaccount,6000000,0,O,O,,,,000,Common Department,Department,,,,,,,,
2835,5122,,,1,1,,,,,,,,,,,,,,,,10A100020,Ordinary Deposits,50,MNO Bank Kitakyushu Branch,Subaccount,3000000,0,O,O,,,,000,Common Department,Department,,,,,,,,
2836,,,,,,145,2022-03-31,,,,,,,,,,,,,,,,,,,,,,,,,,,,,,,,,,,,
2836,5123,1,,1,,,,,,,Freight Expenses,10E200870,Freight Expenses,,,,635600,57781,S,S,10B100630,Accounts Payable Other,,,,635600,0,O,O,050,Kyushu Sales Office,Department,000,Common Department,Department,,,,,,,,
2837,,,,,,146,2022-03-31,,,,,,,,,,,,,,,,,,,,,,,,,,,,,,,,,,,,
2837,5124,1,1,1,,,,,,,Loan repayment received,10A100020,Ordinary Deposits,20,ABC Bank Head Office,Subaccount,40000,0,O,O,10A100610,Short-term Loans Receivable,,,,90000,0,O,O,000,Common Department,Department,000,Common Department,Department,,,,,,,,
2837,5125,1,1,,,,,,,,Loan repayment received,10A100020,Ordinary Deposits,20,ABC Bank Head Office,Subaccount,50000,0,O,O,,,,,,,,,,000,Common Department,Department,,,,,,,,,,,
2838,,,,,,149,2022-03-31,,,,,,,,,,,,,,,,,,,,,,,,,,,,,,,,,,,,
2838,5126,1,,1,,,,,,,Depreciation Expenses,10E200220,Depreciation Expenses,,,,164000,0,O,O,10A210130,Structures,,,,164000,0,O,O,020,Tokyo Branch,Department,000,Common Department,Department,,,,,,,,
2838,5127,1,,1,,,,,,,Depreciation Expenses,10E200220,Depreciation Expenses,,,,955962,0,O,O,10A210410,"Tools, Furniture and Fixtures",,,,955962,0,O,O,020,Tokyo Branch,Department,000,Common Department,Department,,,,,,,,
2839,,,,,,150,2022-03-31,,,,,,,,,,,,,,,,,,,,,,,,,,,,,,,,,,,,
2839,5128,1,1,1,1,,,,,,Installment savings,10A100020,Installment Savings,4,Installment Savings,Subaccount,500000,0,O,O,10A100020,Ordinary Deposits,20,ABC Bank Head Office,Subaccount,865000,0,O,O,000,Common Department,Department,000,Common Department,Department,,,,,,,,
2839,5129,1,1,,,,,,,,New installment savings,10A100020,Installment Savings,4,Installment Savings,Subaccount,240000,0,O,O,,,,,,,,,,000,Common Department,Department,,,,,,,,,,,
2839,5130,1,,,,,,,,,Insurance Reserve Deposits,10A230570,Insurance Reserve Deposits,,,,125000,0,O,O,,,,,,,,,,000,Common Department,Department,,,,,,,,,,,
2840,,,,,,151,2022-03-31,,,,,,,,,,,,,,,,,,,,,,,,,,,,,,,,,,,,
2840,5131,1,,1,1,,,,,,Loan repayment,10B100790,Short-term Borrowings,,,,653500,0,O,O,10A100020,Checking Deposits,1,ABC Bank,Subaccount,686175,0,O,O,000,Common Department,Department,000,Common Department,Department,,,,,,,,
2840,5132,1,,,,,,,,,Interest,10E300020,Interest Expense,,,,32675,0,E,E,,,,,,,,,,020,Tokyo Branch,Department,,,,,,,,,,,
2841,,,,,,152,2022-03-31,,,,,,,,,,,,,,,,,,,,,,,,,,,,,,,,,,,,
2841,5133,1,,1,1,,,,,,Long-term loan repayment,10B200080,Long-term Borrowings,,,,7000000,0,O,O,10A100020,Checking Deposits,1,ABC Bank,Subaccount,7490000,0,O,O,000,Common Department,Department,000,Common Department,Department,,,,,,,,
2841,5134,1,,,,,,,,,Long-term loan interest,10E300020,Interest Expense,,,,490000,0,E,E,,,,,,,,,,000,Common Department,Department,,,,,,,,,,,
2842,,,,,,153,2022-03-31,,,,,,,,,,,,,,,,,,,,,,,,,,,,,,,,,,,,
2842,5135,1,1,1,1,,,,,,New Time Deposit,10A100020,Time Deposits,5,Time Deposits,Subaccount,18000000,0,O,O,10A100020,Checking Deposits,1,ABC Bank,Subaccount,18000000,0,O,O,000,Common Department,Department,000,Common Department,Department,,,,,,,,
2843,,,,,,301,2022-03-31,,,,,,,,,,,,,,,,,,,,,,,,,,,,,,,,,,,,
2843,5136,1,,1,,,,,,,Inventory transfer(Sapporo),10E100100,Beginning Merchandise Inventory,,,,7858401,0,O,O,10A100280,Merchandise,,,,63013226,0,O,O,010,Sapporo Sales Office,Department,000,Common Department,Department,,,,,,,,
2843,5137,1,,,,,,,,,Inventory transfer(Tokyo),10E100100,Beginning Merchandise Inventory,,,,31348594,0,O,O,,,,,,,,,,020,Tokyo Branch,Department,,,,,,,,,,,
2843,5138,1,,,,,,,,,Inventory transfer(Nagoya),10E100100,Beginning Merchandise Inventory,,,,5606387,0,O,O,,,,,,,,,,030,Nagoya Branch,Department,,,,,,,,,,,
2843,5139,1,,,,,,,,,Inventory transfer(Osaka),10E100100,Beginning Merchandise Inventory,,,,13493680,0,O,O,,,,,,,,,,040,Osaka Branch,Department,,,,,,,,,,,
2843,5140,1,,,,,,,,,Inventory transfer(Kyushu),10E100100,Beginning Merchandise Inventory,,,,4706164,0,O,O,,,,,,,,,,050,Kyushu Sales Office,Department,,,,,,,,,,,
2844,,,,,,990012,2022-03-31,,,,,,,,,,,,,,,,,,,,,,,,,,,,,,,,,,,,
2844,5141,1,,1,,,,,,,Sample definition: Semiannual bonus accrual allocated evenly 202203 Department010,10E200130,Bonuses,,,,110000,0,O,O,10B100320,Provision for Bonuses,,,,110000,0,O,O,010,Sapporo Sales Office,Department,010,Sapporo Sales Office,Department,,,,,,,,
2844,5142,1,,1,,,,,,,Sample definition: Semiannual bonus accrual allocated evenly 202203 Department020,10E200130,Bonuses,,,,261667,0,O,O,10B100320,Provision for Bonuses,,,,261667,0,O,O,020,Tokyo Branch,Department,020,Tokyo Branch,Department,,,,,,,,
2844,5143,1,,1,,,,,,,Sample definition: Semiannual bonus accrual allocated evenly 202203 Department030,10E200130,Bonuses,,,,102667,0,O,O,10B100320,Provision for Bonuses,,,,102667,0,O,O,030,Nagoya Branch,Department,030,Nagoya Branch,Department,,,,,,,,
2844,5144,1,,1,,,,,,,Sample definition: Semiannual bonus accrual allocated evenly 202203 Department040,10E200130,Bonuses,,,,120333,0,O,O,10B100320,Provision for Bonuses,,,,120333,0,O,O,040,Osaka Branch,Department,040,Osaka Branch,Department,,,,,,,,
2844,5145,1,,1,,,,,,,Sample definition: Semiannual bonus accrual allocated evenly 202203 Department050,10E200130,Bonuses,,,,79000,0,O,O,10B100320,Provision for Bonuses,,,,79000,0,O,O,050,Kyushu Sales Office,Department,050,Kyushu Sales Office,Department,,,,,,,,
2845,,,,,,990001,2022-03-31,,,,,,,,,,,,,,,,,,,,,,,,,,,,,,,,,,,,
2845,5146,,,,1,,,,,,Sample assumption: Additional borrowingJPY 23343150×annual3.5％、full year、fiscal year-end payment,10E300020,Interest Expense,,,,817010,0,O,O,10A100020,Ordinary Deposits,3,Ordinary Deposits,Subaccount,817010,0,O,O,,,,,,,,,,,,,,
2846,,,,,,990002,2022-03-31,,,,,,,,,,,,,,,,,,,,,,,,,,,,,,,,,,,,
2846,5147,,,,,,,,,,"Estimated current-year consumption tax: tax-inclusive accounting, source tax fields aggregated, general taxation and full deduction of eligible input tax assumed",10E200210,Taxes and Dues,,,,13556343,0,O,O,10B100660,Accrued Consumption Taxes,,,,13556343,0,O,O,,,,,,,,,,,,,,
2847,,,,,,990003,2022-03-31,,,,,,,,,,,,,,,,,,,,,,,,,,,,,,,,,,,,
2847,5148,,,,,,,,,,Sample estimate of corporate taxes: profit before tax multiplied by 30%; not a statutory rate or filed tax amount,10F100070,"Corporate, Inhabitant and Enterprise Taxes",,,,5004173,0,JP_CORPORATE_TAXES_COMBINED,JP_CORPORATE_TAXES_COMBINED,10B100640,Accrued Corporate Taxes,,,,5004173,0,O,O,,,,,,,,,,,,,,
